# X:$14A800  X_14A800_cos8k_full  (8192 words)
# m18 phaser LFO quadrature COS (read at $144ED6/$145078: x:(r0+$14a800),b)
# 3 bytes/word big-endian signed 24-bit fraction = word/2^23
#  idx | hex     signed24   fraction(24-bit)
     0 | 7FFFFF   8388607   +0.9999999
     1 | 7FFFFD   8388605   +0.9999996
     2 | 7FFFF5   8388597   +0.9999987
     3 | 7FFFE9   8388585   +0.9999973
     4 | 7FFFD8   8388568   +0.9999952
     5 | 7FFFC1   8388545   +0.9999925
     6 | 7FFFA6   8388518   +0.9999893
     7 | 7FFF86   8388486   +0.9999855
     8 | 7FFF61   8388449   +0.9999810
     9 | 7FFF37   8388407   +0.9999760
    10 | 7FFF08   8388360   +0.9999704
    11 | 7FFED4   8388308   +0.9999642
    12 | 7FFE9C   8388252   +0.9999576
    13 | 7FFE5E   8388190   +0.9999502
    14 | 7FFE1B   8388123   +0.9999422
    15 | 7FFDD4   8388052   +0.9999337
    16 | 7FFD87   8387975   +0.9999245
    17 | 7FFD36   8387894   +0.9999149
    18 | 7FFCE0   8387808   +0.9999046
    19 | 7FFC84   8387716   +0.9998937
    20 | 7FFC24   8387620   +0.9998822
    21 | 7FFBBF   8387519   +0.9998702
    22 | 7FFB55   8387413   +0.9998575
    23 | 7FFAE6   8387302   +0.9998443
    24 | 7FFA72   8387186   +0.9998305
    25 | 7FF9F9   8387065   +0.9998161
    26 | 7FF97B   8386939   +0.9998010
    27 | 7FF8F8   8386808   +0.9997854
    28 | 7FF871   8386673   +0.9997693
    29 | 7FF7E4   8386532   +0.9997525
    30 | 7FF752   8386386   +0.9997351
    31 | 7FF6BC   8386236   +0.9997172
    32 | 7FF621   8386081   +0.9996988
    33 | 7FF580   8385920   +0.9996796
    34 | 7FF4DB   8385755   +0.9996599
    35 | 7FF431   8385585   +0.9996396
    36 | 7FF381   8385409   +0.9996186
    37 | 7FF2CD   8385229   +0.9995972
    38 | 7FF214   8385044   +0.9995751
    39 | 7FF156   8384854   +0.9995525
    40 | 7FF093   8384659   +0.9995292
    41 | 7FEFCC   8384460   +0.9995055
    42 | 7FEEFF   8384255   +0.9994811
    43 | 7FEE2D   8384045   +0.9994560
    44 | 7FED57   8383831   +0.9994305
    45 | 7FEC7B   8383611   +0.9994043
    46 | 7FEB9B   8383387   +0.9993776
    47 | 7FEAB5   8383157   +0.9993502
    48 | 7FE9CB   8382923   +0.9993223
    49 | 7FE8DB   8382683   +0.9992937
    50 | 7FE7E7   8382439   +0.9992646
    51 | 7FE6EE   8382190   +0.9992349
    52 | 7FE5F0   8381936   +0.9992046
    53 | 7FE4ED   8381677   +0.9991738
    54 | 7FE3E5   8381413   +0.9991423
    55 | 7FE2D8   8381144   +0.9991102
    56 | 7FE1C6   8380870   +0.9990776
    57 | 7FE0B0   8380592   +0.9990444
    58 | 7FDF94   8380308   +0.9990106
    59 | 7FDE73   8380019   +0.9989761
    60 | 7FDD4E   8379726   +0.9989412
    61 | 7FDC23   8379427   +0.9989055
    62 | 7FDAF4   8379124   +0.9988694
    63 | 7FD9C0   8378816   +0.9988327
    64 | 7FD887   8378503   +0.9987954
    65 | 7FD748   8378184   +0.9987574
    66 | 7FD605   8377861   +0.9987189
    67 | 7FD4BD   8377533   +0.9986798
    68 | 7FD370   8377200   +0.9986401
    69 | 7FD21E   8376862   +0.9985998
    70 | 7FD0C8   8376520   +0.9985590
    71 | 7FCF6C   8376172   +0.9985175
    72 | 7FCE0B   8375819   +0.9984754
    73 | 7FCCA6   8375462   +0.9984329
    74 | 7FCB3B   8375099   +0.9983896
    75 | 7FC9CC   8374732   +0.9983459
    76 | 7FC857   8374359   +0.9983014
    77 | 7FC6DE   8373982   +0.9982564
    78 | 7FC560   8373600   +0.9982109
    79 | 7FC3DD   8373213   +0.9981648
    80 | 7FC255   8372821   +0.9981180
    81 | 7FC0C8   8372424   +0.9980707
    82 | 7FBF36   8372022   +0.9980228
    83 | 7FBD9F   8371615   +0.9979743
    84 | 7FBC03   8371203   +0.9979252
    85 | 7FBA62   8370786   +0.9978755
    86 | 7FB8BD   8370365   +0.9978253
    87 | 7FB712   8369938   +0.9977744
    88 | 7FB563   8369507   +0.9977230
    89 | 7FB3AE   8369070   +0.9976709
    90 | 7FB1F5   8368629   +0.9976183
    91 | 7FB037   8368183   +0.9975652
    92 | 7FAE74   8367732   +0.9975114
    93 | 7FACAB   8367275   +0.9974569
    94 | 7FAADE   8366814   +0.9974020
    95 | 7FA90D   8366349   +0.9973465
    96 | 7FA736   8365878   +0.9972904
    97 | 7FA55A   8365402   +0.9972336
    98 | 7FA379   8364921   +0.9971763
    99 | 7FA194   8364436   +0.9971185
   100 | 7F9FA9   8363945   +0.9970599
   101 | 7F9DBA   8363450   +0.9970009
   102 | 7F9BC5   8362949   +0.9969412
   103 | 7F99CC   8362444   +0.9968810
   104 | 7F97CE   8361934   +0.9968202
   105 | 7F95CB   8361419   +0.9967588
   106 | 7F93C3   8360899   +0.9966968
   107 | 7F91B6   8360374   +0.9966342
   108 | 7F8FA4   8359844   +0.9965711
   109 | 7F8D8D   8359309   +0.9965073
   110 | 7F8B71   8358769   +0.9964429
   111 | 7F8951   8358225   +0.9963781
   112 | 7F872B   8357675   +0.9963125
   113 | 7F8500   8357120   +0.9962463
   114 | 7F82D1   8356561   +0.9961797
   115 | 7F809D   8355997   +0.9961125
   116 | 7F7E64   8355428   +0.9960446
   117 | 7F7C25   8354853   +0.9959761
   118 | 7F79E2   8354274   +0.9959071
   119 | 7F779A   8353690   +0.9958375
   120 | 7F754E   8353102   +0.9957674
   121 | 7F72FC   8352508   +0.9956965
   122 | 7F70A5   8351909   +0.9956251
   123 | 7F6E49   8351305   +0.9955531
   124 | 7F6BE9   8350697   +0.9954807
   125 | 7F6983   8350083   +0.9954075
   126 | 7F6719   8349465   +0.9953338
   127 | 7F64AA   8348842   +0.9952595
   128 | 7F6236   8348214   +0.9951847
   129 | 7F5FBC   8347580   +0.9951091
   130 | 7F5D3E   8346942   +0.9950330
   131 | 7F5ABC   8346300   +0.9949565
   132 | 7F5834   8345652   +0.9948792
   133 | 7F55A7   8344999   +0.9948014
   134 | 7F5315   8344341   +0.9947230
   135 | 7F507F   8343679   +0.9946440
   136 | 7F4DE3   8343011   +0.9945644
   137 | 7F4B43   8342339   +0.9944843
   138 | 7F489E   8341662   +0.9944036
   139 | 7F45F3   8340979   +0.9943222
   140 | 7F4344   8340292   +0.9942403
   141 | 7F4090   8339600   +0.9941578
   142 | 7F3DD7   8338903   +0.9940747
   143 | 7F3B1A   8338202   +0.9939911
   144 | 7F3857   8337495   +0.9939069
   145 | 7F358F   8336783   +0.9938220
   146 | 7F32C3   8336067   +0.9937366
   147 | 7F2FF1   8335345   +0.9936506
   148 | 7F2D1B   8334619   +0.9935640
   149 | 7F2A40   8333888   +0.9934769
   150 | 7F2760   8333152   +0.9933891
   151 | 7F247B   8332411   +0.9933008
   152 | 7F2191   8331665   +0.9932119
   153 | 7F1EA2   8330914   +0.9931223
   154 | 7F1BAE   8330158   +0.9930322
   155 | 7F18B5   8329397   +0.9929415
   156 | 7F15B8   8328632   +0.9928503
   157 | 7F12B5   8327861   +0.9927584
   158 | 7F0FAE   8327086   +0.9926660
   159 | 7F0CA2   8326306   +0.9925730
   160 | 7F0991   8325521   +0.9924794
   161 | 7F067B   8324731   +0.9923853
   162 | 7F0360   8323936   +0.9922905
   163 | 7F0040   8323136   +0.9921951
   164 | 7EFD1B   8322331   +0.9920992
   165 | 7EF9F2   8321522   +0.9920027
   166 | 7EF6C3   8320707   +0.9919056
   167 | 7EF390   8319888   +0.9918079
   168 | 7EF057   8319063   +0.9917096
   169 | 7EED1A   8318234   +0.9916108
   170 | 7EE9D8   8317400   +0.9915113
   171 | 7EE691   8316561   +0.9914113
   172 | 7EE345   8315717   +0.9913107
   173 | 7EDFF4   8314868   +0.9912095
   174 | 7EDC9F   8314015   +0.9911078
   175 | 7ED944   8313156   +0.9910054
   176 | 7ED5E5   8312293   +0.9909025
   177 | 7ED280   8311424   +0.9907990
   178 | 7ECF17   8310551   +0.9906949
   179 | 7ECBA9   8309673   +0.9905902
   180 | 7EC836   8308790   +0.9904850
   181 | 7EC4BE   8307902   +0.9903791
   182 | 7EC141   8307009   +0.9902726
   183 | 7EBDC0   8306112   +0.9901657
   184 | 7EBA39   8305209   +0.9900581
   185 | 7EB6AE   8304302   +0.9899499
   186 | 7EB31D   8303389   +0.9898411
   187 | 7EAF88   8302472   +0.9897318
   188 | 7EABEE   8301550   +0.9896219
   189 | 7EA84F   8300623   +0.9895114
   190 | 7EA4AB   8299691   +0.9894003
   191 | 7EA103   8298755   +0.9892887
   192 | 7E9D55   8297813   +0.9891764
   193 | 7E99A2   8296866   +0.9890635
   194 | 7E95EB   8295915   +0.9889501
   195 | 7E922F   8294959   +0.9888362
   196 | 7E8E6E   8293998   +0.9887216
   197 | 7E8AA8   8293032   +0.9886065
   198 | 7E86DD   8292061   +0.9884907
   199 | 7E830D   8291085   +0.9883744
   200 | 7E7F38   8290104   +0.9882574
   201 | 7E7B5F   8289119   +0.9881400
   202 | 7E7780   8288128   +0.9880219
   203 | 7E739D   8287133   +0.9879032
   204 | 7E6FB5   8286133   +0.9877840
   205 | 7E6BC8   8285128   +0.9876642
   206 | 7E67D6   8284118   +0.9875438
   207 | 7E63DF   8283103   +0.9874228
   208 | 7E5FE4   8282084   +0.9873013
   209 | 7E5BE3   8281059   +0.9871792
   210 | 7E57DE   8280030   +0.9870565
   211 | 7E53D3   8278995   +0.9869331
   212 | 7E4FC4   8277956   +0.9868093
   213 | 7E4BB0   8276912   +0.9866848
   214 | 7E4797   8275863   +0.9865597
   215 | 7E437A   8274810   +0.9864342
   216 | 7E3F57   8273751   +0.9863080
   217 | 7E3B30   8272688   +0.9861813
   218 | 7E3703   8271619   +0.9860538
   219 | 7E32D2   8270546   +0.9859259
   220 | 7E2E9C   8269468   +0.9857974
   221 | 7E2A61   8268385   +0.9856683
   222 | 7E2621   8267297   +0.9855386
   223 | 7E21DC   8266204   +0.9854083
   224 | 7E1D93   8265107   +0.9852775
   225 | 7E1945   8264005   +0.9851462
   226 | 7E14F1   8262897   +0.9850141
   227 | 7E1099   8261785   +0.9848815
   228 | 7E0C3C   8260668   +0.9847484
   229 | 7E07DA   8259546   +0.9846146
   230 | 7E0374   8258420   +0.9844804
   231 | 7DFF08   8257288   +0.9843454
   232 | 7DFA98   8256152   +0.9842100
   233 | 7DF622   8255010   +0.9840739
   234 | 7DF1A8   8253864   +0.9839373
   235 | 7DED29   8252713   +0.9838001
   236 | 7DE8A5   8251557   +0.9836622
   237 | 7DE41D   8250397   +0.9835240
   238 | 7DDF8F   8249231   +0.9833850
   239 | 7DDAFD   8248061   +0.9832455
   240 | 7DD666   8246886   +0.9831054
   241 | 7DD1C9   8245705   +0.9829646
   242 | 7DCD29   8244521   +0.9828235
   243 | 7DC883   8243331   +0.9826816
   244 | 7DC3D8   8242136   +0.9825392
   245 | 7DBF29   8240937   +0.9823962
   246 | 7DBA74   8239732   +0.9822526
   247 | 7DB5BB   8238523   +0.9821085
   248 | 7DB0FD   8237309   +0.9819638
   249 | 7DAC3A   8236090   +0.9818184
   250 | 7DA772   8234866   +0.9816725
   251 | 7DA2A6   8233638   +0.9815261
   252 | 7D9DD4   8232404   +0.9813790
   253 | 7D98FE   8231166   +0.9812315
   254 | 7D9423   8229923   +0.9810833
   255 | 7D8F43   8228675   +0.9809345
   256 | 7D8A5E   8227422   +0.9807851
   257 | 7D8575   8226165   +0.9806353
   258 | 7D8086   8224902   +0.9804847
   259 | 7D7B93   8223635   +0.9803337
   260 | 7D769B   8222363   +0.9801821
   261 | 7D719E   8221086   +0.9800298
   262 | 7D6C9C   8219804   +0.9798770
   263 | 7D6795   8218517   +0.9797236
   264 | 7D628A   8217226   +0.9795697
   265 | 7D5D79   8215929   +0.9794151
   266 | 7D5864   8214628   +0.9792600
   267 | 7D534A   8213322   +0.9791043
   268 | 7D4E2C   8212012   +0.9789481
   269 | 7D4908   8210696   +0.9787912
   270 | 7D43DF   8209375   +0.9786338
   271 | 7D3EB2   8208050   +0.9784758
   272 | 7D3980   8206720   +0.9783173
   273 | 7D3449   8205385   +0.9781581
   274 | 7D2F0D   8204045   +0.9779984
   275 | 7D29CD   8202701   +0.9778382
   276 | 7D2487   8201351   +0.9776772
   277 | 7D1F3D   8199997   +0.9775158
   278 | 7D19EE   8198638   +0.9773538
   279 | 7D149A   8197274   +0.9771912
   280 | 7D0F41   8195905   +0.9770280
   281 | 7D09E4   8194532   +0.9768643
   282 | 7D0481   8193153   +0.9766999
   283 | 7CFF1A   8191770   +0.9765351
   284 | 7CF9AE   8190382   +0.9763696
   285 | 7CF43D   8188989   +0.9762036
   286 | 7CEEC7   8187591   +0.9760369
   287 | 7CE94D   8186189   +0.9758698
   288 | 7CE3CE   8184782   +0.9757020
   289 | 7CDE4A   8183370   +0.9755337
   290 | 7CD8C1   8181953   +0.9753648
   291 | 7CD333   8180531   +0.9751953
   292 | 7CCDA0   8179104   +0.9750252
   293 | 7CC809   8177673   +0.9748546
   294 | 7CC26D   8176237   +0.9746834
   295 | 7CBCCC   8174796   +0.9745116
   296 | 7CB726   8173350   +0.9743392
   297 | 7CB17C   8171900   +0.9741664
   298 | 7CABCC   8170444   +0.9739928
   299 | 7CA618   8168984   +0.9738188
   300 | 7CA05F   8167519   +0.9736441
   301 | 7C9AA1   8166049   +0.9734689
   302 | 7C94DF   8164575   +0.9732932
   303 | 7C8F17   8163095   +0.9731168
   304 | 7C894B   8161611   +0.9729398
   305 | 7C837A   8160122   +0.9727623
   306 | 7C7DA4   8158628   +0.9725842
   307 | 7C77C9   8157129   +0.9724056
   308 | 7C71EA   8155626   +0.9722264
   309 | 7C6C06   8154118   +0.9720466
   310 | 7C661D   8152605   +0.9718663
   311 | 7C602F   8151087   +0.9716853
   312 | 7C5A3C   8149564   +0.9715037
   313 | 7C5445   8148037   +0.9713217
   314 | 7C4E49   8146505   +0.9711391
   315 | 7C4848   8144968   +0.9709558
   316 | 7C4242   8143426   +0.9707720
   317 | 7C3C37   8141879   +0.9705876
   318 | 7C3628   8140328   +0.9704027
   319 | 7C3014   8138772   +0.9702172
   320 | 7C29FB   8137211   +0.9700311
   321 | 7C23DD   8135645   +0.9698445
   322 | 7C1DBB   8134075   +0.9696573
   323 | 7C1793   8132499   +0.9694694
   324 | 7C1167   8130919   +0.9692811
   325 | 7C0B36   8129334   +0.9690921
   326 | 7C0501   8127745   +0.9689027
   327 | 7BFEC6   8126150   +0.9687126
   328 | 7BF887   8124551   +0.9685220
   329 | 7BF243   8122947   +0.9683307
   330 | 7BEBFA   8121338   +0.9681389
   331 | 7BE5AD   8119725   +0.9679466
   332 | 7BDF5B   8118107   +0.9677538
   333 | 7BD904   8116484   +0.9675603
   334 | 7BD2A8   8114856   +0.9673662
   335 | 7BCC47   8113223   +0.9671715
   336 | 7BC5E2   8111586   +0.9669764
   337 | 7BBF77   8109943   +0.9667805
   338 | 7BB908   8108296   +0.9665842
   339 | 7BB295   8106645   +0.9663874
   340 | 7BAC1C   8104988   +0.9661899
   341 | 7BA59F   8103327   +0.9659919
   342 | 7B9F1D   8101661   +0.9657933
   343 | 7B9896   8099990   +0.9655941
   344 | 7B920B   8098315   +0.9653944
   345 | 7B8B7A   8096634   +0.9651940
   346 | 7B84E5   8094949   +0.9649931
   347 | 7B7E4B   8093259   +0.9647917
   348 | 7B77AD   8091565   +0.9645897
   349 | 7B7109   8089865   +0.9643871
   350 | 7B6A61   8088161   +0.9641839
   351 | 7B63B4   8086452   +0.9639802
   352 | 7B5D03   8084739   +0.9637760
   353 | 7B564C   8083020   +0.9635711
   354 | 7B4F91   8081297   +0.9633657
   355 | 7B48D1   8079569   +0.9631597
   356 | 7B420D   8077837   +0.9629532
   357 | 7B3B43   8076099   +0.9627460
   358 | 7B3475   8074357   +0.9625384
   359 | 7B2DA2   8072610   +0.9623301
   360 | 7B26CA   8070858   +0.9621212
   361 | 7B1FEE   8069102   +0.9619119
   362 | 7B190D   8067341   +0.9617020
   363 | 7B1227   8065575   +0.9614915
   364 | 7B0B3C   8063804   +0.9612803
   365 | 7B044D   8062029   +0.9610687
   366 | 7AFD59   8060249   +0.9608566
   367 | 7AF660   8058464   +0.9606438
   368 | 7AEF62   8056674   +0.9604304
   369 | 7AE860   8054880   +0.9602165
   370 | 7AE159   8053081   +0.9600021
   371 | 7ADA4D   8051277   +0.9597870
   372 | 7AD33C   8049468   +0.9595714
   373 | 7ACC27   8047655   +0.9593552
   374 | 7AC50D   8045837   +0.9591385
   375 | 7ABDEE   8044014   +0.9589212
   376 | 7AB6CB   8042187   +0.9587034
   377 | 7AAFA2   8040354   +0.9584849
   378 | 7AA875   8038517   +0.9582659
   379 | 7AA144   8036676   +0.9580464
   380 | 7A9A0D   8034829   +0.9578263
   381 | 7A92D2   8032978   +0.9576056
   382 | 7A8B92   8031122   +0.9573843
   383 | 7A844E   8029262   +0.9571626
   384 | 7A7D04   8027396   +0.9569402
   385 | 7A75B6   8025526   +0.9567173
   386 | 7A6E64   8023652   +0.9564939
   387 | 7A670C   8021772   +0.9562697
   388 | 7A5FB0   8019888   +0.9560452
   389 | 7A584F   8017999   +0.9558200
   390 | 7A50E9   8016105   +0.9555942
   391 | 7A497F   8014207   +0.9553679
   392 | 7A4210   8012304   +0.9551411
   393 | 7A3A9C   8010396   +0.9549136
   394 | 7A3324   8008484   +0.9546857
   395 | 7A2BA6   8006566   +0.9544570
   396 | 7A2424   8004644   +0.9542279
   397 | 7A1C9E   8002718   +0.9539983
   398 | 7A1513   8000787   +0.9537681
   399 | 7A0D82   7998850   +0.9535372
   400 | 7A05EE   7996910   +0.9533060
   401 | 79FE54   7994964   +0.9530740
   402 | 79F6B6   7993014   +0.9528415
   403 | 79EF13   7991059   +0.9526085
   404 | 79E76C   7989100   +0.9523749
   405 | 79DFBF   7987135   +0.9521407
   406 | 79D80E   7985166   +0.9519060
   407 | 79D059   7983193   +0.9516708
   408 | 79C89E   7981214   +0.9514349
   409 | 79C0DF   7979231   +0.9511985
   410 | 79B91C   7977244   +0.9509616
   411 | 79B153   7975251   +0.9507240
   412 | 79A986   7973254   +0.9504859
   413 | 79A1B4   7971252   +0.9502473
   414 | 7999DE   7969246   +0.9500082
   415 | 799203   7967235   +0.9497684
   416 | 798A23   7965219   +0.9495281
   417 | 79823E   7963198   +0.9492872
   418 | 797A55   7961173   +0.9490458
   419 | 797267   7959143   +0.9488038
   420 | 796A74   7957108   +0.9485612
   421 | 79627D   7955069   +0.9483181
   422 | 795A81   7953025   +0.9480745
   423 | 795280   7950976   +0.9478302
   424 | 794A7B   7948923   +0.9475855
   425 | 794271   7946865   +0.9473401
   426 | 793A62   7944802   +0.9470942
   427 | 79324F   7942735   +0.9468478
   428 | 792A37   7940663   +0.9466008
   429 | 79221A   7938586   +0.9463532
   430 | 7919F9   7936505   +0.9461051
   431 | 7911D3   7934419   +0.9458565
   432 | 7909A8   7932328   +0.9456072
   433 | 790179   7930233   +0.9453574
   434 | 78F945   7928133   +0.9451071
   435 | 78F10C   7926028   +0.9448562
   436 | 78E8CF   7923919   +0.9446048
   437 | 78E08D   7921805   +0.9443527
   438 | 78D846   7919686   +0.9441001
   439 | 78CFFB   7917563   +0.9438471
   440 | 78C7AB   7915435   +0.9435934
   441 | 78BF56   7913302   +0.9433391
   442 | 78B6FD   7911165   +0.9430844
   443 | 78AE9F   7909023   +0.9428290
   444 | 78A63C   7906876   +0.9425731
   445 | 789DD5   7904725   +0.9423167
   446 | 789569   7902569   +0.9420596
   447 | 788CF8   7900408   +0.9418020
   448 | 788483   7898243   +0.9415439
   449 | 787C09   7896073   +0.9412853
   450 | 78738B   7893899   +0.9410261
   451 | 786B08   7891720   +0.9407663
   452 | 786280   7889536   +0.9405060
   453 | 7859F3   7887347   +0.9402450
   454 | 785162   7885154   +0.9399836
   455 | 7848CD   7882957   +0.9397217
   456 | 784032   7880754   +0.9394591
   457 | 783793   7878547   +0.9391960
   458 | 782EF0   7876336   +0.9389324
   459 | 782647   7874119   +0.9386681
   460 | 781D9A   7871898   +0.9384034
   461 | 7814E9   7869673   +0.9381381
   462 | 780C33   7867443   +0.9378723
   463 | 780378   7865208   +0.9376059
   464 | 77FAB9   7862969   +0.9373389
   465 | 77F1F5   7860725   +0.9370714
   466 | 77E92C   7858476   +0.9368033
   467 | 77E05F   7856223   +0.9365348
   468 | 77D78D   7853965   +0.9362656
   469 | 77CEB6   7851702   +0.9359958
   470 | 77C5DB   7849435   +0.9357256
   471 | 77BCFB   7847163   +0.9354547
   472 | 77B417   7844887   +0.9351834
   473 | 77AB2E   7842606   +0.9349115
   474 | 77A240   7840320   +0.9346390
   475 | 77994E   7838030   +0.9343660
   476 | 779057   7835735   +0.9340924
   477 | 77875C   7833436   +0.9338183
   478 | 777E5C   7831132   +0.9335437
   479 | 777557   7828823   +0.9332684
   480 | 776C4E   7826510   +0.9329927
   481 | 776340   7824192   +0.9327164
   482 | 775A2E   7821870   +0.9324396
   483 | 775117   7819543   +0.9321622
   484 | 7747FB   7817211   +0.9318842
   485 | 773EDB   7814875   +0.9316057
   486 | 7735B6   7812534   +0.9313266
   487 | 772C8C   7810188   +0.9310470
   488 | 77235E   7807838   +0.9307668
   489 | 771A2C   7805484   +0.9304862
   490 | 7710F4   7803124   +0.9302049
   491 | 7707B9   7800761   +0.9299232
   492 | 76FE78   7798392   +0.9296408
   493 | 76F533   7796019   +0.9293579
   494 | 76EBEA   7793642   +0.9290745
   495 | 76E29B   7791259   +0.9287905
   496 | 76D949   7788873   +0.9285060
   497 | 76CFF1   7786481   +0.9282209
   498 | 76C695   7784085   +0.9279352
   499 | 76BD35   7781685   +0.9276491
   500 | 76B3D0   7779280   +0.9273624
   501 | 76AA66   7776870   +0.9270751
   502 | 76A0F8   7774456   +0.9267874
   503 | 769785   7772037   +0.9264990
   504 | 768E0E   7769614   +0.9262102
   505 | 768492   7767186   +0.9259207
   506 | 767B11   7764753   +0.9256307
   507 | 76718C   7762316   +0.9253402
   508 | 766803   7759875   +0.9250492
   509 | 765E74   7757428   +0.9247575
   510 | 7654E2   7754978   +0.9244654
   511 | 764B4A   7752522   +0.9241726
   512 | 7641AE   7750062   +0.9238794
   513 | 76380E   7747598   +0.9235857
   514 | 762E69   7745129   +0.9232913
   515 | 7624BF   7742655   +0.9229964
   516 | 761B11   7740177   +0.9227010
   517 | 76115E   7737694   +0.9224050
   518 | 7607A7   7735207   +0.9221085
   519 | 75FDEB   7732715   +0.9218115
   520 | 75F42B   7730219   +0.9215139
   521 | 75EA66   7727718   +0.9212158
   522 | 75E09D   7725213   +0.9209172
   523 | 75D6CF   7722703   +0.9206179
   524 | 75CCFC   7720188   +0.9203181
   525 | 75C325   7717669   +0.9200178
   526 | 75B94A   7715146   +0.9197171
   527 | 75AF6A   7712618   +0.9194157
   528 | 75A585   7710085   +0.9191138
   529 | 759B9C   7707548   +0.9188113
   530 | 7591AE   7705006   +0.9185083
   531 | 7587BC   7702460   +0.9182048
   532 | 757DC5   7699909   +0.9179007
   533 | 7573CA   7697354   +0.9175961
   534 | 7569CA   7694794   +0.9172909
   535 | 755FC5   7692229   +0.9169852
   536 | 7555BC   7689660   +0.9166789
   537 | 754BAF   7687087   +0.9163722
   538 | 75419D   7684509   +0.9160649
   539 | 753787   7681927   +0.9157571
   540 | 752D6C   7679340   +0.9154487
   541 | 75234C   7676748   +0.9151397
   542 | 751928   7674152   +0.9148302
   543 | 750EFF   7671551   +0.9145201
   544 | 7504D2   7668946   +0.9142096
   545 | 74FAA1   7666337   +0.9138986
   546 | 74F06B   7663723   +0.9135870
   547 | 74E630   7661104   +0.9132748
   548 | 74DBF1   7658481   +0.9129621
   549 | 74D1AD   7655853   +0.9126488
   550 | 74C765   7653221   +0.9123350
   551 | 74BD19   7650585   +0.9120208
   552 | 74B2C8   7647944   +0.9117060
   553 | 74A872   7645298   +0.9113905
   554 | 749E18   7642648   +0.9110746
   555 | 7493B9   7639993   +0.9107581
   556 | 748956   7637334   +0.9104412
   557 | 747EEF   7634671   +0.9101237
   558 | 747483   7632003   +0.9098057
   559 | 746A12   7629330   +0.9094870
   560 | 745F9D   7626653   +0.9091679
   561 | 745523   7623971   +0.9088482
   562 | 744AA5   7621285   +0.9085280
   563 | 744023   7618595   +0.9082073
   564 | 74359C   7615900   +0.9078860
   565 | 742B10   7613200   +0.9075642
   566 | 742080   7610496   +0.9072418
   567 | 7415EC   7607788   +0.9069190
   568 | 740B53   7605075   +0.9065956
   569 | 7400B6   7602358   +0.9062717
   570 | 73F614   7599636   +0.9059472
   571 | 73EB6E   7596910   +0.9056222
   572 | 73E0C3   7594179   +0.9052967
   573 | 73D613   7591443   +0.9049705
   574 | 73CB60   7588704   +0.9046440
   575 | 73C0A8   7585960   +0.9043169
   576 | 73B5EB   7583211   +0.9039892
   577 | 73AB2A   7580458   +0.9036610
   578 | 73A064   7577700   +0.9033322
   579 | 73959A   7574938   +0.9030030
   580 | 738ACC   7572172   +0.9026732
   581 | 737FF9   7569401   +0.9023429
   582 | 737521   7566625   +0.9020120
   583 | 736A46   7563846   +0.9016807
   584 | 735F65   7561061   +0.9013487
   585 | 735481   7558273   +0.9010164
   586 | 734997   7555479   +0.9006833
   587 | 733EAA   7552682   +0.9003499
   588 | 7333B8   7549880   +0.9000158
   589 | 7328C1   7547073   +0.8996812
   590 | 731DC6   7544262   +0.8993461
   591 | 7312C7   7541447   +0.8990105
   592 | 7307C3   7538627   +0.8986744
   593 | 72FCBB   7535803   +0.8983377
   594 | 72F1AE   7532974   +0.8980005
   595 | 72E69D   7530141   +0.8976628
   596 | 72DB87   7527303   +0.8973244
   597 | 72D06D   7524461   +0.8969857
   598 | 72C54F   7521615   +0.8966464
   599 | 72BA2C   7518764   +0.8963065
   600 | 72AF05   7515909   +0.8959662
   601 | 72A3D9   7513049   +0.8956252
   602 | 7298A9   7510185   +0.8952838
   603 | 728D74   7507316   +0.8949418
   604 | 72823C   7504444   +0.8945994
   605 | 7276FE   7501566   +0.8942564
   606 | 726BBC   7498684   +0.8939128
   607 | 726076   7495798   +0.8935688
   608 | 72552C   7492908   +0.8932242
   609 | 7249DD   7490013   +0.8928791
   610 | 723E89   7487113   +0.8925334
   611 | 723331   7484209   +0.8921872
   612 | 7227D5   7481301   +0.8918406
   613 | 721C75   7478389   +0.8914934
   614 | 721110   7475472   +0.8911457
   615 | 7205A6   7472550   +0.8907974
   616 | 71FA38   7469624   +0.8904486
   617 | 71EEC6   7466694   +0.8900993
   618 | 71E350   7463760   +0.8897495
   619 | 71D7D5   7460821   +0.8893992
   620 | 71CC55   7457877   +0.8890482
   621 | 71C0D2   7454930   +0.8886969
   622 | 71B549   7451977   +0.8883449
   623 | 71A9BD   7449021   +0.8879925
   624 | 719E2C   7446060   +0.8876395
   625 | 719297   7443095   +0.8872861
   626 | 7186FD   7440125   +0.8869320
   627 | 717B5F   7437151   +0.8865775
   628 | 716FBD   7434173   +0.8862225
   629 | 716416   7431190   +0.8858669
   630 | 71586B   7428203   +0.8855108
   631 | 714CBB   7425211   +0.8851541
   632 | 714107   7422215   +0.8847970
   633 | 71354F   7419215   +0.8844393
   634 | 712992   7416210   +0.8840811
   635 | 711DD1   7413201   +0.8837224
   636 | 71120C   7410188   +0.8833632
   637 | 710642   7407170   +0.8830035
   638 | 70FA74   7404148   +0.8826432
   639 | 70EEA2   7401122   +0.8822825
   640 | 70E2CB   7398091   +0.8819212
   641 | 70D6F0   7395056   +0.8815594
   642 | 70CB10   7392016   +0.8811970
   643 | 70BF2C   7388972   +0.8808341
   644 | 70B344   7385924   +0.8804708
   645 | 70A758   7382872   +0.8801069
   646 | 709B67   7379815   +0.8797425
   647 | 708F72   7376754   +0.8793776
   648 | 708378   7373688   +0.8790121
   649 | 70777A   7370618   +0.8786461
   650 | 706B78   7367544   +0.8782797
   651 | 705F71   7364465   +0.8779126
   652 | 705367   7361383   +0.8775452
   653 | 704757   7358295   +0.8771771
   654 | 703B44   7355204   +0.8768086
   655 | 702F2C   7352108   +0.8764396
   656 | 702310   7349008   +0.8760700
   657 | 7016EF   7345903   +0.8756999
   658 | 700ACA   7342794   +0.8753293
   659 | 6FFEA1   7339681   +0.8749582
   660 | 6FF274   7336564   +0.8745866
   661 | 6FE642   7333442   +0.8742144
   662 | 6FDA0C   7330316   +0.8738418
   663 | 6FCDD1   7327185   +0.8734685
   664 | 6FC193   7324051   +0.8730949
   665 | 6FB550   7320912   +0.8727207
   666 | 6FA908   7317768   +0.8723459
   667 | 6F9CBD   7314621   +0.8719708
   668 | 6F906D   7311469   +0.8715950
   669 | 6F8418   7308312   +0.8712187
   670 | 6F77C0   7305152   +0.8708420
   671 | 6F6B63   7301987   +0.8704647
   672 | 6F5F02   7298818   +0.8700869
   673 | 6F529C   7295644   +0.8697085
   674 | 6F4633   7292467   +0.8693298
   675 | 6F39C5   7289285   +0.8689505
   676 | 6F2D52   7286098   +0.8685706
   677 | 6F20DC   7282908   +0.8681903
   678 | 6F1461   7279713   +0.8678094
   679 | 6F07E2   7276514   +0.8674281
   680 | 6EFB5E   7273310   +0.8670461
   681 | 6EEED6   7270102   +0.8666637
   682 | 6EE24A   7266890   +0.8662808
   683 | 6ED5BA   7263674   +0.8658974
   684 | 6EC926   7260454   +0.8655136
   685 | 6EBC8D   7257229   +0.8651291
   686 | 6EAFF0   7254000   +0.8647442
   687 | 6EA34E   7250766   +0.8643587
   688 | 6E96A9   7247529   +0.8639728
   689 | 6E89FF   7244287   +0.8635863
   690 | 6E7D51   7241041   +0.8631994
   691 | 6E709E   7237790   +0.8628118
   692 | 6E63E8   7234536   +0.8624239
   693 | 6E572D   7231277   +0.8620354
   694 | 6E4A6E   7228014   +0.8616464
   695 | 6E3DAA   7224746   +0.8612568
   696 | 6E30E2   7221474   +0.8608668
   697 | 6E2417   7218199   +0.8604764
   698 | 6E1746   7214918   +0.8600852
   699 | 6E0A72   7211634   +0.8596938
   700 | 6DFD99   7208345   +0.8593017
   701 | 6DF0BC   7205052   +0.8589091
   702 | 6DE3DB   7201755   +0.8585161
   703 | 6DD6F6   7198454   +0.8581226
   704 | 6DCA0C   7195148   +0.8577285
   705 | 6DBD1E   7191838   +0.8573339
   706 | 6DB02C   7188524   +0.8569388
   707 | 6DA336   7185206   +0.8565433
   708 | 6D963B   7181883   +0.8561472
   709 | 6D893D   7178557   +0.8557507
   710 | 6D7C3A   7175226   +0.8553536
   711 | 6D6F33   7171891   +0.8549560
   712 | 6D6227   7168551   +0.8545579
   713 | 6D5517   7165207   +0.8541592
   714 | 6D4804   7161860   +0.8537602
   715 | 6D3AEC   7158508   +0.8533607
   716 | 6D2DCF   7155151   +0.8529605
   717 | 6D20AF   7151791   +0.8525599
   718 | 6D138A   7148426   +0.8521588
   719 | 6D0661   7145057   +0.8517572
   720 | 6CF934   7141684   +0.8513551
   721 | 6CEC03   7138307   +0.8509525
   722 | 6CDECD   7134925   +0.8505493
   723 | 6CD194   7131540   +0.8501458
   724 | 6CC456   7128150   +0.8497417
   725 | 6CB714   7124756   +0.8493371
   726 | 6CA9CD   7121357   +0.8489319
   727 | 6C9C83   7117955   +0.8485264
   728 | 6C8F34   7114548   +0.8481202
   729 | 6C81E1   7111137   +0.8477136
   730 | 6C748A   7107722   +0.8473065
   731 | 6C672F   7104303   +0.8468989
   732 | 6C59D0   7100880   +0.8464909
   733 | 6C4C6C   7097452   +0.8460822
   734 | 6C3F05   7094021   +0.8456732
   735 | 6C3199   7090585   +0.8452636
   736 | 6C2429   7087145   +0.8448535
   737 | 6C16B4   7083700   +0.8444428
   738 | 6C093C   7080252   +0.8440318
   739 | 6BFBBF   7076799   +0.8436202
   740 | 6BEE3F   7073343   +0.8432082
   741 | 6BE0BA   7069882   +0.8427956
   742 | 6BD331   7066417   +0.8423826
   743 | 6BC5A3   7062947   +0.8419689
   744 | 6BB812   7059474   +0.8415549
   745 | 6BAA7C   7055996   +0.8411403
   746 | 6B9CE3   7052515   +0.8407253
   747 | 6B8F45   7049029   +0.8403097
   748 | 6B81A3   7045539   +0.8398937
   749 | 6B73FD   7042045   +0.8394772
   750 | 6B6653   7038547   +0.8390602
   751 | 6B58A4   7035044   +0.8386426
   752 | 6B4AF2   7031538   +0.8382246
   753 | 6B3D3B   7028027   +0.8378061
   754 | 6B2F80   7024512   +0.8373871
   755 | 6B21C1   7020993   +0.8369676
   756 | 6B13FE   7017470   +0.8365476
   757 | 6B0637   7013943   +0.8361272
   758 | 6AF86C   7010412   +0.8357062
   759 | 6AEA9C   7006876   +0.8352847
   760 | 6ADCC9   7003337   +0.8348628
   761 | 6ACEF1   6999793   +0.8344404
   762 | 6AC115   6996245   +0.8340174
   763 | 6AB335   6992693   +0.8335940
   764 | 6AA551   6989137   +0.8331701
   765 | 6A9769   6985577   +0.8327457
   766 | 6A897D   6982013   +0.8323208
   767 | 6A7B8C   6978444   +0.8318954
   768 | 6A6D98   6974872   +0.8314695
   769 | 6A5F9F   6971295   +0.8310431
   770 | 6A51A3   6967715   +0.8306164
   771 | 6A43A2   6964130   +0.8301890
   772 | 6A359D   6960541   +0.8297611
   773 | 6A2794   6956948   +0.8293328
   774 | 6A1987   6953351   +0.8289040
   775 | 6A0B76   6949750   +0.8284748
   776 | 69FD60   6946144   +0.8280449
   777 | 69EF47   6942535   +0.8276147
   778 | 69E12A   6938922   +0.8271840
   779 | 69D308   6935304   +0.8267527
   780 | 69C4E3   6931683   +0.8263210
   781 | 69B6B9   6928057   +0.8258888
   782 | 69A88B   6924427   +0.8254560
   783 | 699A59   6920793   +0.8250228
   784 | 698C24   6917156   +0.8245893
   785 | 697DEA   6913514   +0.8241551
   786 | 696FAC   6909868   +0.8237205
   787 | 69616A   6906218   +0.8232853
   788 | 695323   6902563   +0.8228496
   789 | 6944D9   6898905   +0.8224136
   790 | 69368B   6895243   +0.8219770
   791 | 692839   6891577   +0.8215400
   792 | 6919E2   6887906   +0.8211024
   793 | 690B88   6884232   +0.8206644
   794 | 68FD29   6880553   +0.8202258
   795 | 68EEC7   6876871   +0.8197869
   796 | 68E060   6873184   +0.8193474
   797 | 68D1F6   6869494   +0.8189075
   798 | 68C387   6865799   +0.8184670
   799 | 68B514   6862100   +0.8180261
   800 | 68A69E   6858398   +0.8175848
   801 | 689823   6854691   +0.8171428
   802 | 6889A4   6850980   +0.8167005
   803 | 687B21   6847265   +0.8162576
   804 | 686C9A   6843546   +0.8158143
   805 | 685E10   6839824   +0.8153706
   806 | 684F81   6836097   +0.8149263
   807 | 6840EE   6832366   +0.8144815
   808 | 683257   6828631   +0.8140363
   809 | 6823BC   6824892   +0.8135905
   810 | 68151D   6821149   +0.8131443
   811 | 68067A   6817402   +0.8126976
   812 | 67F7D3   6813651   +0.8122505
   813 | 67E928   6809896   +0.8118029
   814 | 67DA79   6806137   +0.8113548
   815 | 67CBC6   6802374   +0.8109062
   816 | 67BD0F   6798607   +0.8104571
   817 | 67AE54   6794836   +0.8100076
   818 | 679F95   6791061   +0.8095576
   819 | 6790D2   6787282   +0.8091071
   820 | 67820B   6783499   +0.8086561
   821 | 677340   6779712   +0.8082047
   822 | 676471   6775921   +0.8077527
   823 | 67559E   6772126   +0.8073003
   824 | 6746C7   6768327   +0.8068475
   825 | 6737EC   6764524   +0.8063941
   826 | 67290D   6760717   +0.8059403
   827 | 671A2A   6756906   +0.8054860
   828 | 670B43   6753091   +0.8050312
   829 | 66FC59   6749273   +0.8045760
   830 | 66ED6A   6745450   +0.8041203
   831 | 66DE77   6741623   +0.8036641
   832 | 66CF80   6737792   +0.8032074
   833 | 66C086   6733958   +0.8027503
   834 | 66B187   6730119   +0.8022927
   835 | 66A284   6726276   +0.8018346
   836 | 66937E   6722430   +0.8013761
   837 | 668473   6718579   +0.8009170
   838 | 667565   6714725   +0.8004576
   839 | 666652   6710866   +0.7999976
   840 | 66573C   6707004   +0.7995372
   841 | 664822   6703138   +0.7990763
   842 | 663903   6699267   +0.7986149
   843 | 6629E1   6695393   +0.7981530
   844 | 661ABB   6691515   +0.7976907
   845 | 660B91   6687633   +0.7972280
   846 | 65FC63   6683747   +0.7967647
   847 | 65ED31   6679857   +0.7963010
   848 | 65DDFB   6675963   +0.7958368
   849 | 65CEC1   6672065   +0.7953721
   850 | 65BF83   6668163   +0.7949070
   851 | 65B042   6664258   +0.7944415
   852 | 65A0FC   6660348   +0.7939754
   853 | 6591B3   6656435   +0.7935089
   854 | 658265   6652517   +0.7930418
   855 | 657314   6648596   +0.7925744
   856 | 6563BF   6644671   +0.7921065
   857 | 655466   6640742   +0.7916381
   858 | 654509   6636809   +0.7911693
   859 | 6535A8   6632872   +0.7907000
   860 | 652643   6628931   +0.7902302
   861 | 6516DA   6624986   +0.7897599
   862 | 65076D   6621037   +0.7892891
   863 | 64F7FD   6617085   +0.7888180
   864 | 64E888   6613128   +0.7883463
   865 | 64D910   6609168   +0.7878742
   866 | 64C994   6605204   +0.7874017
   867 | 64BA14   6601236   +0.7869287
   868 | 64AA90   6597264   +0.7864552
   869 | 649B08   6593288   +0.7859812
   870 | 648B7C   6589308   +0.7855067
   871 | 647BEC   6585324   +0.7850318
   872 | 646C59   6581337   +0.7845565
   873 | 645CC2   6577346   +0.7840807
   874 | 644D26   6573350   +0.7836044
   875 | 643D87   6569351   +0.7831277
   876 | 642DE4   6565348   +0.7826505
   877 | 641E3D   6561341   +0.7821728
   878 | 640E93   6557331   +0.7816948
   879 | 63FEE4   6553316   +0.7812161
   880 | 63EF32   6549298   +0.7807372
   881 | 63DF7C   6545276   +0.7802577
   882 | 63CFC1   6541249   +0.7797776
   883 | 63C003   6537219   +0.7792972
   884 | 63B042   6533186   +0.7788165
   885 | 63A07C   6529148   +0.7783351
   886 | 6390B3   6525107   +0.7778534
   887 | 6380E5   6521061   +0.7773710
   888 | 637114   6517012   +0.7768884
   889 | 63613F   6512959   +0.7764052
   890 | 635166   6508902   +0.7759216
   891 | 63418A   6504842   +0.7754376
   892 | 6331A9   6500777   +0.7749530
   893 | 6321C5   6496709   +0.7744681
   894 | 6311DD   6492637   +0.7739826
   895 | 6301F1   6488561   +0.7734967
   896 | 62F201   6484481   +0.7730104
   897 | 62E20D   6480397   +0.7725235
   898 | 62D216   6476310   +0.7720363
   899 | 62C21B   6472219   +0.7715486
   900 | 62B21C   6468124   +0.7710605
   901 | 62A219   6464025   +0.7705718
   902 | 629212   6459922   +0.7700827
   903 | 628208   6455816   +0.7695932
   904 | 6271FA   6451706   +0.7691033
   905 | 6261E8   6447592   +0.7686129
   906 | 6251D2   6443474   +0.7681220
   907 | 6241B8   6439352   +0.7676306
   908 | 62319B   6435227   +0.7671388
   909 | 62217A   6431098   +0.7666466
   910 | 621155   6426965   +0.7661539
   911 | 62012C   6422828   +0.7656608
   912 | 61F0FF   6418687   +0.7651671
   913 | 61E0CF   6414543   +0.7646731
   914 | 61D09B   6410395   +0.7641786
   915 | 61C063   6406243   +0.7636837
   916 | 61B028   6402088   +0.7631884
   917 | 619FE8   6397928   +0.7626925
   918 | 618FA5   6393765   +0.7621962
   919 | 617F5E   6389598   +0.7616994
   920 | 616F14   6385428   +0.7612023
   921 | 615EC5   6381253   +0.7607046
   922 | 614E73   6377075   +0.7602066
   923 | 613E1D   6372893   +0.7597080
   924 | 612DC4   6368708   +0.7592092
   925 | 611D66   6364518   +0.7587097
   926 | 610D05   6360325   +0.7582098
   927 | 60FCA0   6356128   +0.7577095
   928 | 60EC37   6351927   +0.7572087
   929 | 60DBCB   6347723   +0.7567075
   930 | 60CB5B   6343515   +0.7562059
   931 | 60BAE7   6339303   +0.7557038
   932 | 60AA70   6335088   +0.7552013
   933 | 6099F4   6330868   +0.7546983
   934 | 608975   6326645   +0.7541949
   935 | 6078F3   6322419   +0.7536911
   936 | 60686C   6318188   +0.7531867
   937 | 6057E2   6313954   +0.7526820
   938 | 604754   6309716   +0.7521768
   939 | 6036C2   6305474   +0.7516711
   940 | 60262D   6301229   +0.7511650
   941 | 601594   6296980   +0.7506585
   942 | 6004F7   6292727   +0.7501515
   943 | 5FF457   6288471   +0.7496442
   944 | 5FE3B3   6284211   +0.7491363
   945 | 5FD30B   6279947   +0.7486280
   946 | 5FC25F   6275679   +0.7481192
   947 | 5FB1B0   6271408   +0.7476101
   948 | 5FA0FD   6267133   +0.7471005
   949 | 5F9047   6262855   +0.7465905
   950 | 5F7F8D   6258573   +0.7460800
   951 | 5F6ECF   6254287   +0.7455691
   952 | 5F5E0D   6249997   +0.7450577
   953 | 5F4D48   6245704   +0.7445459
   954 | 5F3C7F   6241407   +0.7440337
   955 | 5F2BB2   6237106   +0.7435210
   956 | 5F1AE2   6232802   +0.7430079
   957 | 5F0A0E   6228494   +0.7424943
   958 | 5EF936   6224182   +0.7419803
   959 | 5EE85B   6219867   +0.7414659
   960 | 5ED77C   6215548   +0.7409511
   961 | 5EC699   6211225   +0.7404357
   962 | 5EB5B3   6206899   +0.7399200
   963 | 5EA4C9   6202569   +0.7394038
   964 | 5E93DB   6198235   +0.7388872
   965 | 5E82EA   6193898   +0.7383702
   966 | 5E71F5   6189557   +0.7378527
   967 | 5E60FD   6185213   +0.7373348
   968 | 5E5001   6180865   +0.7368165
   969 | 5E3F01   6176513   +0.7362977
   970 | 5E2DFD   6172157   +0.7357785
   971 | 5E1CF6   6167798   +0.7352588
   972 | 5E0BEC   6163436   +0.7347388
   973 | 5DFADD   6159069   +0.7342182
   974 | 5DE9CB   6154699   +0.7336973
   975 | 5DD8B6   6150326   +0.7331760
   976 | 5DC79D   6145949   +0.7326542
   977 | 5DB680   6141568   +0.7321320
   978 | 5DA560   6137184   +0.7316093
   979 | 5D943C   6132796   +0.7310863
   980 | 5D8314   6128404   +0.7305627
   981 | 5D71E9   6124009   +0.7300388
   982 | 5D60BA   6119610   +0.7295144
   983 | 5D4F88   6115208   +0.7289896
   984 | 5D3E51   6110801   +0.7284642
   985 | 5D2D18   6106392   +0.7279387
   986 | 5D1BDB   6101979   +0.7274126
   987 | 5D0A9A   6097562   +0.7268860
   988 | 5CF955   6093141   +0.7263590
   989 | 5CE80E   6088718   +0.7258317
   990 | 5CD6C2   6084290   +0.7253039
   991 | 5CC573   6079859   +0.7247757
   992 | 5CB420   6075424   +0.7242470
   993 | 5CA2CA   6070986   +0.7237179
   994 | 5C9170   6066544   +0.7231884
   995 | 5C8013   6062099   +0.7226585
   996 | 5C6EB2   6057650   +0.7221282
   997 | 5C5D4D   6053197   +0.7215973
   998 | 5C4BE5   6048741   +0.7210661
   999 | 5C3A79   6044281   +0.7205344
  1000 | 5C290A   6039818   +0.7200024
  1001 | 5C1797   6035351   +0.7194699
  1002 | 5C0621   6030881   +0.7189370
  1003 | 5BF4A7   6026407   +0.7184037
  1004 | 5BE32A   6021930   +0.7178700
  1005 | 5BD1A9   6017449   +0.7173358
  1006 | 5BC024   6012964   +0.7168012
  1007 | 5BAE9C   6008476   +0.7162662
  1008 | 5B9D11   6003985   +0.7157308
  1009 | 5B8B82   5999490   +0.7151949
  1010 | 5B79EF   5994991   +0.7146586
  1011 | 5B6859   5990489   +0.7141219
  1012 | 5B56BF   5985983   +0.7135848
  1013 | 5B4522   5981474   +0.7130473
  1014 | 5B3381   5976961   +0.7125093
  1015 | 5B21DD   5972445   +0.7119709
  1016 | 5B1035   5967925   +0.7114321
  1017 | 5AFE8A   5963402   +0.7108929
  1018 | 5AECDB   5958875   +0.7103533
  1019 | 5ADB29   5954345   +0.7098132
  1020 | 5AC973   5949811   +0.7092727
  1021 | 5AB7BA   5945274   +0.7087319
  1022 | 5AA5FD   5940733   +0.7081906
  1023 | 5A943D   5936189   +0.7076489
  1024 | 5A8279   5931641   +0.7071067
  1025 | 5A70B2   5927090   +0.7065642
  1026 | 5A5EE7   5922535   +0.7060212
  1027 | 5A4D19   5917977   +0.7054778
  1028 | 5A3B47   5913415   +0.7049340
  1029 | 5A2972   5908850   +0.7043898
  1030 | 5A1799   5904281   +0.7038451
  1031 | 5A05BD   5899709   +0.7033001
  1032 | 59F3DD   5895133   +0.7027546
  1033 | 59E1FA   5890554   +0.7022088
  1034 | 59D014   5885972   +0.7016625
  1035 | 59BE2A   5881386   +0.7011158
  1036 | 59AC3C   5876796   +0.7005687
  1037 | 599A4B   5872203   +0.7000211
  1038 | 598857   5867607   +0.6994733
  1039 | 59765F   5863007   +0.6989249
  1040 | 596464   5858404   +0.6983762
  1041 | 595265   5853797   +0.6978270
  1042 | 594063   5849187   +0.6972774
  1043 | 592E5D   5844573   +0.6967274
  1044 | 591C54   5839956   +0.6961770
  1045 | 590A48   5835336   +0.6956263
  1046 | 58F838   5830712   +0.6950750
  1047 | 58E625   5826085   +0.6945235
  1048 | 58D40E   5821454   +0.6939714
  1049 | 58C1F4   5816820   +0.6934190
  1050 | 58AFD6   5812182   +0.6928661
  1051 | 589DB5   5807541   +0.6923128
  1052 | 588B91   5802897   +0.6917592
  1053 | 587969   5798249   +0.6912051
  1054 | 58673D   5793597   +0.6906506
  1055 | 58550F   5788943   +0.6900958
  1056 | 5842DD   5784285   +0.6895405
  1057 | 5830A7   5779623   +0.6889848
  1058 | 581E6E   5774958   +0.6884286
  1059 | 580C32   5770290   +0.6878722
  1060 | 57F9F2   5765618   +0.6873152
  1061 | 57E7AF   5760943   +0.6867579
  1062 | 57D569   5756265   +0.6862003
  1063 | 57C31F   5751583   +0.6856421
  1064 | 57B0D2   5746898   +0.6850836
  1065 | 579E81   5742209   +0.6845247
  1066 | 578C2D   5737517   +0.6839653
  1067 | 5779D6   5732822   +0.6834056
  1068 | 57677B   5728123   +0.6828455
  1069 | 57551D   5723421   +0.6822850
  1070 | 5742BB   5718715   +0.6817240
  1071 | 573056   5714006   +0.6811626
  1072 | 571DEE   5709294   +0.6806009
  1073 | 570B83   5704579   +0.6800388
  1074 | 56F914   5699860   +0.6794763
  1075 | 56E6A2   5695138   +0.6789134
  1076 | 56D42C   5690412   +0.6783500
  1077 | 56C1B3   5685683   +0.6777862
  1078 | 56AF37   5680951   +0.6772221
  1079 | 569CB7   5676215   +0.6766576
  1080 | 568A34   5671476   +0.6760926
  1081 | 5677AE   5666734   +0.6755273
  1082 | 566524   5661988   +0.6749616
  1083 | 565297   5657239   +0.6743954
  1084 | 564007   5652487   +0.6738290
  1085 | 562D73   5647731   +0.6732620
  1086 | 561ADC   5642972   +0.6726947
  1087 | 560842   5638210   +0.6721270
  1088 | 55F5A4   5633444   +0.6715589
  1089 | 55E303   5628675   +0.6709903
  1090 | 55D05F   5623903   +0.6704215
  1091 | 55BDB7   5619127   +0.6698521
  1092 | 55AB0D   5614349   +0.6692826
  1093 | 55985E   5609566   +0.6687124
  1094 | 5585AD   5604781   +0.6681420
  1095 | 5572F8   5599992   +0.6675711
  1096 | 556040   5595200   +0.6669998
  1097 | 554D85   5590405   +0.6664282
  1098 | 553AC6   5585606   +0.6658561
  1099 | 552804   5580804   +0.6652837
  1100 | 55153F   5575999   +0.6647109
  1101 | 550277   5571191   +0.6641377
  1102 | 54EFAB   5566379   +0.6635641
  1103 | 54DCDC   5561564   +0.6629901
  1104 | 54CA0A   5556746   +0.6624157
  1105 | 54B734   5551924   +0.6618409
  1106 | 54A45B   5547099   +0.6612657
  1107 | 54917F   5542271   +0.6606902
  1108 | 547EA0   5537440   +0.6601143
  1109 | 546BBD   5532605   +0.6595379
  1110 | 5458D7   5527767   +0.6589612
  1111 | 5445EE   5522926   +0.6583841
  1112 | 543302   5518082   +0.6578066
  1113 | 542012   5513234   +0.6572287
  1114 | 540D1F   5508383   +0.6566504
  1115 | 53FA29   5503529   +0.6560718
  1116 | 53E730   5498672   +0.6554928
  1117 | 53D433   5493811   +0.6549133
  1118 | 53C134   5488948   +0.6543336
  1119 | 53AE31   5484081   +0.6537534
  1120 | 539B2A   5479210   +0.6531727
  1121 | 538821   5474337   +0.6525918
  1122 | 537514   5469460   +0.6520104
  1123 | 536204   5464580   +0.6514287
  1124 | 534EF1   5459697   +0.6508466
  1125 | 533BDB   5454811   +0.6502641
  1126 | 5328C1   5449921   +0.6496812
  1127 | 5315A4   5445028   +0.6490979
  1128 | 530284   5440132   +0.6485143
  1129 | 52EF61   5435233   +0.6479303
  1130 | 52DC3B   5430331   +0.6473459
  1131 | 52C911   5425425   +0.6467611
  1132 | 52B5E5   5420517   +0.6461760
  1133 | 52A2B5   5415605   +0.6455904
  1134 | 528F82   5410690   +0.6450045
  1135 | 527C4B   5405771   +0.6444181
  1136 | 526912   5400850   +0.6438315
  1137 | 5255D5   5395925   +0.6432444
  1138 | 524295   5390997   +0.6426569
  1139 | 522F52   5386066   +0.6420691
  1140 | 521C0C   5381132   +0.6414809
  1141 | 5208C3   5376195   +0.6408924
  1142 | 51F576   5371254   +0.6403034
  1143 | 51E227   5366311   +0.6397141
  1144 | 51CED4   5361364   +0.6391244
  1145 | 51BB7E   5356414   +0.6385343
  1146 | 51A825   5351461   +0.6379439
  1147 | 5194C8   5346504   +0.6373529
  1148 | 518169   5341545   +0.6367618
  1149 | 516E06   5336582   +0.6361701
  1150 | 515AA1   5331617   +0.6355783
  1151 | 514738   5326648   +0.6349859
  1152 | 5133CC   5321676   +0.6343932
  1153 | 51205D   5316701   +0.6338001
  1154 | 510CEB   5311723   +0.6332067
  1155 | 50F975   5306741   +0.6326128
  1156 | 50E5FD   5301757   +0.6320187
  1157 | 50D281   5296769   +0.6314241
  1158 | 50BF02   5291778   +0.6308291
  1159 | 50AB81   5286785   +0.6302339
  1160 | 5097FC   5281788   +0.6296382
  1161 | 508474   5276788   +0.6290421
  1162 | 5070E9   5271785   +0.6284457
  1163 | 505D5A   5266778   +0.6278489
  1164 | 5049C9   5261769   +0.6272517
  1165 | 503635   5256757   +0.6266543
  1166 | 50229D   5251741   +0.6260563
  1167 | 500F02   5246722   +0.6254580
  1168 | 4FFB65   5241701   +0.6248595
  1169 | 4FE7C4   5236676   +0.6242604
  1170 | 4FD420   5231648   +0.6236610
  1171 | 4FC079   5226617   +0.6230613
  1172 | 4FACCF   5221583   +0.6224612
  1173 | 4F9922   5216546   +0.6218607
  1174 | 4F8572   5211506   +0.6212599
  1175 | 4F71BF   5206463   +0.6206588
  1176 | 4F5E08   5201416   +0.6200571
  1177 | 4F4A4F   5196367   +0.6194552
  1178 | 4F3693   5191315   +0.6188530
  1179 | 4F22D3   5186259   +0.6182503
  1180 | 4F0F11   5181201   +0.6176473
  1181 | 4EFB4B   5176139   +0.6170439
  1182 | 4EE782   5171074   +0.6164401
  1183 | 4ED3B7   5166007   +0.6158360
  1184 | 4EBFE8   5160936   +0.6152315
  1185 | 4EAC16   5155862   +0.6146266
  1186 | 4E9842   5150786   +0.6140215
  1187 | 4E846A   5145706   +0.6134160
  1188 | 4E708F   5140623   +0.6128100
  1189 | 4E5CB1   5135537   +0.6122037
  1190 | 4E48D0   5130448   +0.6115971
  1191 | 4E34EC   5125356   +0.6109900
  1192 | 4E2105   5120261   +0.6103827
  1193 | 4E0D1C   5115164   +0.6097751
  1194 | 4DF92F   5110063   +0.6091670
  1195 | 4DE53F   5104959   +0.6085585
  1196 | 4DD14C   5099852   +0.6079497
  1197 | 4DBD56   5094742   +0.6073406
  1198 | 4DA95D   5089629   +0.6067311
  1199 | 4D9561   5084513   +0.6061212
  1200 | 4D8162   5079394   +0.6055110
  1201 | 4D6D60   5074272   +0.6049004
  1202 | 4D595B   5069147   +0.6042894
  1203 | 4D4554   5064020   +0.6036782
  1204 | 4D3149   5058889   +0.6030666
  1205 | 4D1D3B   5053755   +0.6024545
  1206 | 4D092A   5048618   +0.6018422
  1207 | 4CF516   5043478   +0.6012294
  1208 | 4CE100   5038336   +0.6006165
  1209 | 4CCCE6   5033190   +0.6000030
  1210 | 4CB8C9   5028041   +0.5993892
  1211 | 4CA4AA   5022890   +0.5987751
  1212 | 4C9087   5017735   +0.5981606
  1213 | 4C7C62   5012578   +0.5975459
  1214 | 4C6839   5007417   +0.5969306
  1215 | 4C540E   5002254   +0.5963151
  1216 | 4C3FDF   4997087   +0.5956992
  1217 | 4C2BAE   4991918   +0.5950830
  1218 | 4C177A   4986746   +0.5944664
  1219 | 4C0343   4981571   +0.5938495
  1220 | 4BEF09   4976393   +0.5932323
  1221 | 4BDACC   4971212   +0.5926147
  1222 | 4BC68C   4966028   +0.5919967
  1223 | 4BB249   4960841   +0.5913783
  1224 | 4B9E03   4955651   +0.5907596
  1225 | 4B89BA   4950458   +0.5901406
  1226 | 4B756F   4945263   +0.5895213
  1227 | 4B6120   4940064   +0.5889015
  1228 | 4B4CCF   4934863   +0.5882815
  1229 | 4B387A   4929658   +0.5876610
  1230 | 4B2423   4924451   +0.5870403
  1231 | 4B0FC9   4919241   +0.5864192
  1232 | 4AFB6C   4914028   +0.5857978
  1233 | 4AE70C   4908812   +0.5851760
  1234 | 4AD2A9   4903593   +0.5845538
  1235 | 4ABE44   4898372   +0.5839314
  1236 | 4AA9DB   4893147   +0.5833086
  1237 | 4A9570   4887920   +0.5826855
  1238 | 4A8101   4882689   +0.5820619
  1239 | 4A6C90   4877456   +0.5814381
  1240 | 4A581C   4872220   +0.5808139
  1241 | 4A43A5   4866981   +0.5801893
  1242 | 4A2F2B   4861739   +0.5795645
  1243 | 4A1AAF   4856495   +0.5789393
  1244 | 4A062F   4851247   +0.5783137
  1245 | 49F1AD   4845997   +0.5776879
  1246 | 49DD28   4840744   +0.5770617
  1247 | 49C8A0   4835488   +0.5764351
  1248 | 49B415   4830229   +0.5758082
  1249 | 499F87   4824967   +0.5751809
  1250 | 498AF6   4819702   +0.5745533
  1251 | 497663   4814435   +0.5739254
  1252 | 4961CD   4809165   +0.5732971
  1253 | 494D34   4803892   +0.5726686
  1254 | 493898   4798616   +0.5720396
  1255 | 4923F9   4793337   +0.5714103
  1256 | 490F57   4788055   +0.5707806
  1257 | 48FAB3   4782771   +0.5701507
  1258 | 48E60C   4777484   +0.5695205
  1259 | 48D162   4772194   +0.5688899
  1260 | 48BCB5   4766901   +0.5682589
  1261 | 48A805   4761605   +0.5676275
  1262 | 489353   4756307   +0.5669960
  1263 | 487E9E   4751006   +0.5663640
  1264 | 4869E6   4745702   +0.5657318
  1265 | 48552B   4740395   +0.5650991
  1266 | 48406D   4735085   +0.5644661
  1267 | 482BAD   4729773   +0.5638329
  1268 | 4816EA   4724458   +0.5631993
  1269 | 480224   4719140   +0.5625653
  1270 | 47ED5B   4713819   +0.5619310
  1271 | 47D890   4708496   +0.5612965
  1272 | 47C3C2   4703170   +0.5606616
  1273 | 47AEF1   4697841   +0.5600263
  1274 | 479A1D   4692509   +0.5593907
  1275 | 478546   4687174   +0.5587547
  1276 | 47706D   4681837   +0.5581185
  1277 | 475B91   4676497   +0.5574819
  1278 | 4746B2   4671154   +0.5568449
  1279 | 4731D1   4665809   +0.5562078
  1280 | 471CEC   4660460   +0.5555701
  1281 | 470805   4655109   +0.5549322
  1282 | 46F31C   4649756   +0.5542941
  1283 | 46DE2F   4644399   +0.5536555
  1284 | 46C940   4639040   +0.5530167
  1285 | 46B44E   4633678   +0.5523775
  1286 | 469F59   4628313   +0.5517379
  1287 | 468A62   4622946   +0.5510981
  1288 | 467568   4617576   +0.5504580
  1289 | 46606B   4612203   +0.5498174
  1290 | 464B6B   4606827   +0.5491766
  1291 | 463669   4601449   +0.5485355
  1292 | 462164   4596068   +0.5478940
  1293 | 460C5C   4590684   +0.5472522
  1294 | 45F752   4585298   +0.5466101
  1295 | 45E245   4579909   +0.5459677
  1296 | 45CD35   4574517   +0.5453249
  1297 | 45B823   4569123   +0.5446819
  1298 | 45A30D   4563725   +0.5440384
  1299 | 458DF6   4558326   +0.5433948
  1300 | 4578DB   4552923   +0.5427507
  1301 | 4563BE   4547518   +0.5421064
  1302 | 454E9E   4542110   +0.5414617
  1303 | 45397B   4536699   +0.5408167
  1304 | 452456   4531286   +0.5401714
  1305 | 450F2E   4525870   +0.5395257
  1306 | 44FA04   4520452   +0.5388799
  1307 | 44E4D7   4515031   +0.5382336
  1308 | 44CFA7   4509607   +0.5375870
  1309 | 44BA74   4504180   +0.5369401
  1310 | 44A53F   4498751   +0.5362929
  1311 | 449007   4493319   +0.5356454
  1312 | 447ACD   4487885   +0.5349976
  1313 | 446590   4482448   +0.5343494
  1314 | 445050   4477008   +0.5337009
  1315 | 443B0E   4471566   +0.5330522
  1316 | 4425C9   4466121   +0.5324031
  1317 | 441081   4460673   +0.5317537
  1318 | 43FB37   4455223   +0.5311040
  1319 | 43E5EA   4449770   +0.5304539
  1320 | 43D09A   4444314   +0.5298035
  1321 | 43BB48   4438856   +0.5291529
  1322 | 43A5F4   4433396   +0.5285020
  1323 | 43909C   4427932   +0.5278506
  1324 | 437B42   4422466   +0.5271990
  1325 | 4365E6   4416998   +0.5265472
  1326 | 435087   4411527   +0.5258950
  1327 | 433B25   4406053   +0.5252424
  1328 | 4325C1   4400577   +0.5245897
  1329 | 43105A   4395098   +0.5239365
  1330 | 42FAF0   4389616   +0.5232830
  1331 | 42E584   4384132   +0.5226293
  1332 | 42D016   4378646   +0.5219753
  1333 | 42BAA4   4373156   +0.5213208
  1334 | 42A531   4367665   +0.5206662
  1335 | 428FBA   4362170   +0.5200112
  1336 | 427A41   4356673   +0.5193559
  1337 | 4264C6   4351174   +0.5187004
  1338 | 424F48   4345672   +0.5180445
  1339 | 4239C7   4340167   +0.5173882
  1340 | 422444   4334660   +0.5167317
  1341 | 420EBE   4329150   +0.5160749
  1342 | 41F936   4323638   +0.5154178
  1343 | 41E3AB   4318123   +0.5147604
  1344 | 41CE1E   4312606   +0.5141027
  1345 | 41B88E   4307086   +0.5134447
  1346 | 41A2FC   4301564   +0.5127864
  1347 | 418D67   4296039   +0.5121278
  1348 | 4177CF   4290511   +0.5114688
  1349 | 416235   4284981   +0.5108095
  1350 | 414C99   4279449   +0.5101501
  1351 | 4136FA   4273914   +0.5094903
  1352 | 412158   4268376   +0.5088301
  1353 | 410BB4   4262836   +0.5081697
  1354 | 40F60D   4257293   +0.5075089
  1355 | 40E064   4251748   +0.5068479
  1356 | 40CAB9   4246201   +0.5061866
  1357 | 40B50B   4240651   +0.5055250
  1358 | 409F5A   4235098   +0.5048630
  1359 | 4089A7   4229543   +0.5042008
  1360 | 4073F2   4223986   +0.5035384
  1361 | 405E3A   4218426   +0.5028756
  1362 | 40487F   4212863   +0.5022124
  1363 | 4032C2   4207298   +0.5015490
  1364 | 401D03   4201731   +0.5008854
  1365 | 400741   4196161   +0.5002214
  1366 | 3FF17C   4190588   +0.4995570
  1367 | 3FDBB5   4185013   +0.4988924
  1368 | 3FC5EC   4179436   +0.4982276
  1369 | 3FB020   4173856   +0.4975624
  1370 | 3F9A52   4168274   +0.4968970
  1371 | 3F8481   4162689   +0.4962312
  1372 | 3F6EAE   4157102   +0.4955652
  1373 | 3F58D9   4151513   +0.4948989
  1374 | 3F4301   4145921   +0.4942323
  1375 | 3F2D26   4140326   +0.4935653
  1376 | 3F1749   4134729   +0.4928981
  1377 | 3F016A   4129130   +0.4922307
  1378 | 3EEB88   4123528   +0.4915628
  1379 | 3ED5A4   4117924   +0.4908948
  1380 | 3EBFBD   4112317   +0.4902264
  1381 | 3EA9D4   4106708   +0.4895577
  1382 | 3E93E9   4101097   +0.4888889
  1383 | 3E7DFB   4095483   +0.4882196
  1384 | 3E680B   4089867   +0.4875501
  1385 | 3E5218   4084248   +0.4868803
  1386 | 3E3C23   4078627   +0.4862102
  1387 | 3E262B   4073003   +0.4855398
  1388 | 3E1032   4067378   +0.4848692
  1389 | 3DFA35   4061749   +0.4841982
  1390 | 3DE437   4056119   +0.4835271
  1391 | 3DCE36   4050486   +0.4828556
  1392 | 3DB832   4044850   +0.4821837
  1393 | 3DA22C   4039212   +0.4815116
  1394 | 3D8C24   4033572   +0.4808393
  1395 | 3D761A   4027930   +0.4801667
  1396 | 3D600D   4022285   +0.4794937
  1397 | 3D49FD   4016637   +0.4788204
  1398 | 3D33EC   4010988   +0.4781470
  1399 | 3D1DD8   4005336   +0.4774733
  1400 | 3D07C1   3999681   +0.4767991
  1401 | 3CF1A9   3994025   +0.4761249
  1402 | 3CDB8E   3988366   +0.4754503
  1403 | 3CC570   3982704   +0.4747753
  1404 | 3CAF50   3977040   +0.4741001
  1405 | 3C992E   3971374   +0.4734247
  1406 | 3C830A   3965706   +0.4727490
  1407 | 3C6CE3   3960035   +0.4720730
  1408 | 3C56BA   3954362   +0.4713967
  1409 | 3C408F   3948687   +0.4707202
  1410 | 3C2A61   3943009   +0.4700433
  1411 | 3C1431   3937329   +0.4693662
  1412 | 3BFDFE   3931646   +0.4686887
  1413 | 3BE7CA   3925962   +0.4680111
  1414 | 3BD193   3920275   +0.4673332
  1415 | 3BBB59   3914585   +0.4666549
  1416 | 3BA51E   3908894   +0.4659765
  1417 | 3B8EE0   3903200   +0.4652977
  1418 | 3B78A0   3897504   +0.4646187
  1419 | 3B625D   3891805   +0.4639393
  1420 | 3B4C18   3886104   +0.4632597
  1421 | 3B35D1   3880401   +0.4625798
  1422 | 3B1F88   3874696   +0.4618998
  1423 | 3B093C   3868988   +0.4612193
  1424 | 3AF2EE   3863278   +0.4605386
  1425 | 3ADC9E   3857566   +0.4598577
  1426 | 3AC64C   3851852   +0.4591765
  1427 | 3AAFF7   3846135   +0.4584950
  1428 | 3A99A0   3840416   +0.4578133
  1429 | 3A8347   3834695   +0.4571313
  1430 | 3A6CEB   3828971   +0.4564489
  1431 | 3A568D   3823245   +0.4557663
  1432 | 3A402D   3817517   +0.4550835
  1433 | 3A29CB   3811787   +0.4544004
  1434 | 3A1367   3806055   +0.4537171
  1435 | 39FD00   3800320   +0.4530334
  1436 | 39E697   3794583   +0.4523495
  1437 | 39D02C   3788844   +0.4516654
  1438 | 39B9BE   3783102   +0.4509809
  1439 | 39A34F   3777359   +0.4502963
  1440 | 398CDD   3771613   +0.4496113
  1441 | 397669   3765865   +0.4489261
  1442 | 395FF2   3760114   +0.4482405
  1443 | 39497A   3754362   +0.4475548
  1444 | 3932FF   3748607   +0.4468688
  1445 | 391C82   3742850   +0.4461825
  1446 | 390603   3737091   +0.4454960
  1447 | 38EF82   3731330   +0.4448092
  1448 | 38D8FE   3725566   +0.4441221
  1449 | 38C278   3719800   +0.4434347
  1450 | 38ABF0   3714032   +0.4427471
  1451 | 389566   3708262   +0.4420593
  1452 | 387EDA   3702490   +0.4413712
  1453 | 38684C   3696716   +0.4406829
  1454 | 3851BB   3690939   +0.4399942
  1455 | 383B28   3685160   +0.4393053
  1456 | 382493   3679379   +0.4386162
  1457 | 380DFC   3673596   +0.4379268
  1458 | 37F763   3667811   +0.4372371
  1459 | 37E0C7   3662023   +0.4365472
  1460 | 37CA2A   3656234   +0.4358571
  1461 | 37B38A   3650442   +0.4351666
  1462 | 379CE8   3644648   +0.4344759
  1463 | 378644   3638852   +0.4337850
  1464 | 376F9E   3633054   +0.4330938
  1465 | 3758F6   3627254   +0.4324024
  1466 | 37424B   3621451   +0.4317106
  1467 | 372B9E   3615646   +0.4310186
  1468 | 3714F0   3609840   +0.4303265
  1469 | 36FE3F   3604031   +0.4296340
  1470 | 36E78C   3598220   +0.4289412
  1471 | 36D0D7   3592407   +0.4282483
  1472 | 36BA20   3586592   +0.4275551
  1473 | 36A366   3580774   +0.4268615
  1474 | 368CAB   3574955   +0.4261678
  1475 | 3675ED   3569133   +0.4254738
  1476 | 365F2E   3563310   +0.4247797
  1477 | 36486C   3557484   +0.4240851
  1478 | 3631A8   3551656   +0.4233904
  1479 | 361AE2   3545826   +0.4226954
  1480 | 36041A   3539994   +0.4220002
  1481 | 35ED50   3534160   +0.4213047
  1482 | 35D684   3528324   +0.4206090
  1483 | 35BFB6   3522486   +0.4199131
  1484 | 35A8E6   3516646   +0.4192169
  1485 | 359213   3510803   +0.4185203
  1486 | 357B3F   3504959   +0.4178237
  1487 | 356468   3499112   +0.4171267
  1488 | 354D90   3493264   +0.4164295
  1489 | 3536B5   3487413   +0.4157320
  1490 | 351FD9   3481561   +0.4150344
  1491 | 3508FA   3475706   +0.4143364
  1492 | 34F219   3469849   +0.4136382
  1493 | 34DB36   3463990   +0.4129398
  1494 | 34C452   3458130   +0.4122412
  1495 | 34AD6B   3452267   +0.4115423
  1496 | 349682   3446402   +0.4108431
  1497 | 347F97   3440535   +0.4101437
  1498 | 3468AA   3434666   +0.4094441
  1499 | 3451BB   3428795   +0.4087442
  1500 | 343ACA   3422922   +0.4080441
  1501 | 3423D7   3417047   +0.4073437
  1502 | 340CE2   3411170   +0.4066432
  1503 | 33F5EB   3405291   +0.4059423
  1504 | 33DEF2   3399410   +0.4052413
  1505 | 33C7F7   3393527   +0.4045399
  1506 | 33B0FA   3387642   +0.4038384
  1507 | 3399FB   3381755   +0.4031366
  1508 | 3382FA   3375866   +0.4024346
  1509 | 336BF7   3369975   +0.4017323
  1510 | 3354F2   3364082   +0.4010298
  1511 | 333DEB   3358187   +0.4003271
  1512 | 3326E2   3352290   +0.3996241
  1513 | 330FD7   3346391   +0.3989209
  1514 | 32F8CB   3340491   +0.3982176
  1515 | 32E1BC   3334588   +0.3975139
  1516 | 32CAAB   3328683   +0.3968099
  1517 | 32B398   3322776   +0.3961058
  1518 | 329C84   3316868   +0.3954015
  1519 | 32856D   3310957   +0.3946968
  1520 | 326E54   3305044   +0.3939919
  1521 | 32573A   3299130   +0.3932869
  1522 | 32401D   3293213   +0.3925816
  1523 | 3228FF   3287295   +0.3918761
  1524 | 3211DF   3281375   +0.3911704
  1525 | 31FABC   3275452   +0.3904643
  1526 | 31E398   3269528   +0.3897581
  1527 | 31CC72   3263602   +0.3890517
  1528 | 31B54A   3257674   +0.3883450
  1529 | 319E20   3251744   +0.3876381
  1530 | 3186F4   3245812   +0.3869309
  1531 | 316FC6   3239878   +0.3862236
  1532 | 315897   3233943   +0.3855160
  1533 | 314165   3228005   +0.3848082
  1534 | 312A32   3222066   +0.3841002
  1535 | 3112FC   3216124   +0.3833919
  1536 | 30FBC5   3210181   +0.3826834
  1537 | 30E48C   3204236   +0.3819747
  1538 | 30CD51   3198289   +0.3812658
  1539 | 30B614   3192340   +0.3805566
  1540 | 309ED5   3186389   +0.3798472
  1541 | 308794   3180436   +0.3791375
  1542 | 307052   3174482   +0.3784277
  1543 | 30590D   3168525   +0.3777176
  1544 | 3041C7   3162567   +0.3770074
  1545 | 302A7F   3156607   +0.3762969
  1546 | 301335   3150645   +0.3755862
  1547 | 2FFBE9   3144681   +0.3748752
  1548 | 2FE49B   3138715   +0.3741640
  1549 | 2FCD4C   3132748   +0.3734527
  1550 | 2FB5FA   3126778   +0.3727410
  1551 | 2F9EA7   3120807   +0.3720292
  1552 | 2F8752   3114834   +0.3713171
  1553 | 2F6FFB   3108859   +0.3706049
  1554 | 2F58A2   3102882   +0.3698924
  1555 | 2F4148   3096904   +0.3691797
  1556 | 2F29EB   3090923   +0.3684667
  1557 | 2F128D   3084941   +0.3677536
  1558 | 2EFB2D   3078957   +0.3670403
  1559 | 2EE3CB   3072971   +0.3663267
  1560 | 2ECC68   3066984   +0.3656130
  1561 | 2EB502   3060994   +0.3648989
  1562 | 2E9D9B   3055003   +0.3641847
  1563 | 2E8632   3049010   +0.3634703
  1564 | 2E6EC7   3043015   +0.3627557
  1565 | 2E575B   3037019   +0.3620409
  1566 | 2E3FEC   3031020   +0.3613257
  1567 | 2E287C   3025020   +0.3606105
  1568 | 2E110A   3019018   +0.3598950
  1569 | 2DF996   3013014   +0.3591793
  1570 | 2DE221   3007009   +0.3584634
  1571 | 2DCAA9   3001001   +0.3577472
  1572 | 2DB330   2994992   +0.3570309
  1573 | 2D9BB6   2988982   +0.3563144
  1574 | 2D8439   2982969   +0.3555976
  1575 | 2D6CBB   2976955   +0.3548807
  1576 | 2D553B   2970939   +0.3541635
  1577 | 2D3DB9   2964921   +0.3534461
  1578 | 2D2635   2958901   +0.3527285
  1579 | 2D0EB0   2952880   +0.3520107
  1580 | 2CF729   2946857   +0.3512927
  1581 | 2CDFA0   2940832   +0.3505745
  1582 | 2CC816   2934806   +0.3498561
  1583 | 2CB089   2928777   +0.3491374
  1584 | 2C98FB   2922747   +0.3484186
  1585 | 2C816C   2916716   +0.3476996
  1586 | 2C69DA   2910682   +0.3469803
  1587 | 2C5247   2904647   +0.3462609
  1588 | 2C3AB2   2898610   +0.3455412
  1589 | 2C231C   2892572   +0.3448215
  1590 | 2C0B84   2886532   +0.3441014
  1591 | 2BF3EA   2880490   +0.3433812
  1592 | 2BDC4E   2874446   +0.3426607
  1593 | 2BC4B1   2868401   +0.3419400
  1594 | 2BAD12   2862354   +0.3412192
  1595 | 2B9571   2856305   +0.3404981
  1596 | 2B7DCF   2850255   +0.3397769
  1597 | 2B662B   2844203   +0.3390554
  1598 | 2B4E85   2838149   +0.3383337
  1599 | 2B36DE   2832094   +0.3376119
  1600 | 2B1F35   2826037   +0.3368899
  1601 | 2B078A   2819978   +0.3361676
  1602 | 2AEFDE   2813918   +0.3354452
  1603 | 2AD82F   2807855   +0.3347224
  1604 | 2AC080   2801792   +0.3339996
  1605 | 2AA8CE   2795726   +0.3332765
  1606 | 2A911C   2789660   +0.3325534
  1607 | 2A7967   2783591   +0.3318299
  1608 | 2A61B1   2777521   +0.3311063
  1609 | 2A49F9   2771449   +0.3303825
  1610 | 2A323F   2765375   +0.3296584
  1611 | 2A1A84   2759300   +0.3289342
  1612 | 2A02C7   2753223   +0.3282098
  1613 | 29EB09   2747145   +0.3274852
  1614 | 29D349   2741065   +0.3267604
  1615 | 29BB87   2734983   +0.3260354
  1616 | 29A3C4   2728900   +0.3253102
  1617 | 298BFF   2722815   +0.3245848
  1618 | 297439   2716729   +0.3238593
  1619 | 295C71   2710641   +0.3231336
  1620 | 2944A7   2704551   +0.3224076
  1621 | 292CDC   2698460   +0.3216815
  1622 | 29150F   2692367   +0.3209552
  1623 | 28FD41   2686273   +0.3202287
  1624 | 28E571   2680177   +0.3195020
  1625 | 28CD9F   2674079   +0.3187751
  1626 | 28B5CC   2667980   +0.3180480
  1627 | 289DF8   2661880   +0.3173208
  1628 | 288621   2655777   +0.3165933
  1629 | 286E4A   2649674   +0.3158658
  1630 | 285670   2643568   +0.3151379
  1631 | 283E95   2637461   +0.3144099
  1632 | 2826B9   2631353   +0.3136817
  1633 | 280EDB   2625243   +0.3129534
  1634 | 27F6FB   2619131   +0.3122247
  1635 | 27DF1A   2613018   +0.3114960
  1636 | 27C738   2606904   +0.3107672
  1637 | 27AF53   2600787   +0.3100380
  1638 | 27976E   2594670   +0.3093088
  1639 | 277F86   2588550   +0.3085792
  1640 | 27679E   2582430   +0.3078496
  1641 | 274FB3   2576307   +0.3071197
  1642 | 2737C8   2570184   +0.3063898
  1643 | 271FDA   2564058   +0.3056595
  1644 | 2707EB   2557931   +0.3049291
  1645 | 26EFFB   2551803   +0.3041986
  1646 | 26D809   2545673   +0.3034679
  1647 | 26C016   2539542   +0.3027370
  1648 | 26A821   2533409   +0.3020059
  1649 | 26902B   2527275   +0.3012747
  1650 | 267833   2521139   +0.3005432
  1651 | 26603A   2515002   +0.2998116
  1652 | 26483F   2508863   +0.2990798
  1653 | 263043   2502723   +0.2983478
  1654 | 261845   2496581   +0.2976156
  1655 | 260046   2490438   +0.2968833
  1656 | 25E845   2484293   +0.2961508
  1657 | 25D043   2478147   +0.2954181
  1658 | 25B840   2472000   +0.2946854
  1659 | 25A03B   2465851   +0.2939523
  1660 | 258834   2459700   +0.2932191
  1661 | 25702C   2453548   +0.2924857
  1662 | 255823   2447395   +0.2917522
  1663 | 254018   2441240   +0.2910185
  1664 | 25280C   2435084   +0.2902846
  1665 | 250FFE   2428926   +0.2895505
  1666 | 24F7EF   2422767   +0.2888163
  1667 | 24DFDF   2416607   +0.2880820
  1668 | 24C7CD   2410445   +0.2873474
  1669 | 24AFBA   2404282   +0.2866127
  1670 | 2497A5   2398117   +0.2858778
  1671 | 247F8F   2391951   +0.2851428
  1672 | 246777   2385783   +0.2844075
  1673 | 244F5E   2379614   +0.2836721
  1674 | 243744   2373444   +0.2829366
  1675 | 241F28   2367272   +0.2822008
  1676 | 24070B   2361099   +0.2814649
  1677 | 23EEEC   2354924   +0.2807288
  1678 | 23D6CC   2348748   +0.2799926
  1679 | 23BEAB   2342571   +0.2792562
  1680 | 23A688   2336392   +0.2785196
  1681 | 238E64   2330212   +0.2777829
  1682 | 23763F   2324031   +0.2770461
  1683 | 235E18   2317848   +0.2763090
  1684 | 2345F0   2311664   +0.2755718
  1685 | 232DC6   2305478   +0.2748344
  1686 | 23159B   2299291   +0.2740968
  1687 | 22FD6F   2293103   +0.2733592
  1688 | 22E541   2286913   +0.2726213
  1689 | 22CD12   2280722   +0.2718832
  1690 | 22B4E2   2274530   +0.2711451
  1691 | 229CB1   2268337   +0.2704068
  1692 | 22847E   2262142   +0.2696683
  1693 | 226C49   2255945   +0.2689296
  1694 | 225414   2249748   +0.2681909
  1695 | 223BDD   2243549   +0.2674519
  1696 | 2223A5   2237349   +0.2667128
  1697 | 220B6B   2231147   +0.2659734
  1698 | 21F330   2224944   +0.2652340
  1699 | 21DAF4   2218740   +0.2644944
  1700 | 21C2B6   2212534   +0.2637546
  1701 | 21AA78   2206328   +0.2630148
  1702 | 219237   2200119   +0.2622746
  1703 | 2179F6   2193910   +0.2615345
  1704 | 2161B3   2187699   +0.2607940
  1705 | 21496F   2181487   +0.2600535
  1706 | 21312A   2175274   +0.2593129
  1707 | 2118E4   2169060   +0.2585721
  1708 | 21009C   2162844   +0.2578311
  1709 | 20E853   2156627   +0.2570900
  1710 | 20D008   2150408   +0.2563486
  1711 | 20B7BD   2144189   +0.2556072
  1712 | 209F70   2137968   +0.2548656
  1713 | 208722   2131746   +0.2541239
  1714 | 206ED2   2125522   +0.2533820
  1715 | 205682   2119298   +0.2526400
  1716 | 203E30   2113072   +0.2518978
  1717 | 2025DD   2106845   +0.2511555
  1718 | 200D88   2100616   +0.2504129
  1719 | 1FF533   2094387   +0.2496704
  1720 | 1FDCDC   2088156   +0.2489276
  1721 | 1FC484   2081924   +0.2481847
  1722 | 1FAC2A   2075690   +0.2474415
  1723 | 1F93D0   2069456   +0.2466984
  1724 | 1F7B74   2063220   +0.2459550
  1725 | 1F6317   2056983   +0.2452115
  1726 | 1F4AB9   2050745   +0.2444679
  1727 | 1F325A   2044506   +0.2437241
  1728 | 1F19F9   2038265   +0.2429801
  1729 | 1F0197   2032023   +0.2422360
  1730 | 1EE935   2025781   +0.2414919
  1731 | 1ED0D0   2019536   +0.2407475
  1732 | 1EB86B   2013291   +0.2400030
  1733 | 1EA005   2007045   +0.2392584
  1734 | 1E879D   2000797   +0.2385136
  1735 | 1E6F34   1994548   +0.2377687
  1736 | 1E56CA   1988298   +0.2370236
  1737 | 1E3E5F   1982047   +0.2362784
  1738 | 1E25F2   1975794   +0.2355330
  1739 | 1E0D85   1969541   +0.2347876
  1740 | 1DF516   1963286   +0.2340419
  1741 | 1DDCA6   1957030   +0.2332962
  1742 | 1DC435   1950773   +0.2325503
  1743 | 1DABC3   1944515   +0.2318043
  1744 | 1D9350   1938256   +0.2310581
  1745 | 1D7ADB   1931995   +0.2303118
  1746 | 1D6266   1925734   +0.2295654
  1747 | 1D49EF   1919471   +0.2288188
  1748 | 1D3177   1913207   +0.2280720
  1749 | 1D18FE   1906942   +0.2273252
  1750 | 1D0084   1900676   +0.2265782
  1751 | 1CE809   1894409   +0.2258312
  1752 | 1CCF8C   1888140   +0.2250838
  1753 | 1CB70F   1881871   +0.2243365
  1754 | 1C9E90   1875600   +0.2235889
  1755 | 1C8611   1869329   +0.2228414
  1756 | 1C6D90   1863056   +0.2220936
  1757 | 1C550E   1856782   +0.2213457
  1758 | 1C3C8B   1850507   +0.2205976
  1759 | 1C2407   1844231   +0.2198495
  1760 | 1C0B82   1837954   +0.2191012
  1761 | 1BF2FC   1831676   +0.2183528
  1762 | 1BDA75   1825397   +0.2176043
  1763 | 1BC1EC   1819116   +0.2168555
  1764 | 1BA963   1812835   +0.2161068
  1765 | 1B90D9   1806553   +0.2153579
  1766 | 1B784D   1800269   +0.2146088
  1767 | 1B5FC0   1793984   +0.2138596
  1768 | 1B4733   1787699   +0.2131103
  1769 | 1B2EA4   1781412   +0.2123609
  1770 | 1B1614   1775124   +0.2116113
  1771 | 1AFD83   1768835   +0.2108616
  1772 | 1AE4F2   1762546   +0.2101119
  1773 | 1ACC5F   1756255   +0.2093619
  1774 | 1AB3CB   1749963   +0.2086118
  1775 | 1A9B36   1743670   +0.2078617
  1776 | 1A82A0   1737376   +0.2071114
  1777 | 1A6A09   1731081   +0.2063609
  1778 | 1A5171   1724785   +0.2056104
  1779 | 1A38D8   1718488   +0.2048597
  1780 | 1A203E   1712190   +0.2041090
  1781 | 1A07A3   1705891   +0.2033581
  1782 | 19EF07   1699591   +0.2026070
  1783 | 19D66A   1693290   +0.2018559
  1784 | 19BDCC   1686988   +0.2011046
  1785 | 19A52D   1680685   +0.2003533
  1786 | 198C8D   1674381   +0.1996018
  1787 | 1973EC   1668076   +0.1988502
  1788 | 195B4A   1661770   +0.1980984
  1789 | 1942A7   1655463   +0.1973466
  1790 | 192A03   1649155   +0.1965946
  1791 | 19115E   1642846   +0.1958425
  1792 | 18F8B8   1636536   +0.1950903
  1793 | 18E011   1630225   +0.1943380
  1794 | 18C769   1623913   +0.1935855
  1795 | 18AEC1   1617601   +0.1928331
  1796 | 189617   1611287   +0.1920804
  1797 | 187D6C   1604972   +0.1913276
  1798 | 1864C1   1598657   +0.1905748
  1799 | 184C14   1592340   +0.1898217
  1800 | 183367   1586023   +0.1890687
  1801 | 181AB8   1579704   +0.1883154
  1802 | 180209   1573385   +0.1875621
  1803 | 17E959   1567065   +0.1868087
  1804 | 17D0A8   1560744   +0.1860552
  1805 | 17B7F5   1554421   +0.1853014
  1806 | 179F42   1548098   +0.1845477
  1807 | 17868F   1541775   +0.1837939
  1808 | 176DDA   1535450   +0.1830399
  1809 | 175524   1529124   +0.1822858
  1810 | 173C6D   1522797   +0.1815315
  1811 | 1723B6   1516470   +0.1807773
  1812 | 170AFD   1510141   +0.1800228
  1813 | 16F244   1503812   +0.1792684
  1814 | 16D98A   1497482   +0.1785138
  1815 | 16C0CF   1491151   +0.1777591
  1816 | 16A813   1484819   +0.1770042
  1817 | 168F56   1478486   +0.1762493
  1818 | 167698   1472152   +0.1754942
  1819 | 165DDA   1465818   +0.1747391
  1820 | 16451A   1459482   +0.1739838
  1821 | 162C5A   1453146   +0.1732285
  1822 | 161399   1446809   +0.1724731
  1823 | 15FAD7   1440471   +0.1717175
  1824 | 15E214   1434132   +0.1709619
  1825 | 15C950   1427792   +0.1702061
  1826 | 15B08C   1421452   +0.1694503
  1827 | 1597C7   1415111   +0.1686944
  1828 | 157F00   1408768   +0.1679382
  1829 | 156639   1402425   +0.1671821
  1830 | 154D71   1396081   +0.1664258
  1831 | 1534A9   1389737   +0.1656696
  1832 | 151BDF   1383391   +0.1649131
  1833 | 150315   1377045   +0.1641566
  1834 | 14EA4A   1370698   +0.1633999
  1835 | 14D17E   1364350   +0.1626432
  1836 | 14B8B1   1358001   +0.1618863
  1837 | 149FE4   1351652   +0.1611295
  1838 | 148716   1345302   +0.1603725
  1839 | 146E46   1338950   +0.1596153
  1840 | 145577   1332599   +0.1588582
  1841 | 143CA6   1326246   +0.1581008
  1842 | 1423D4   1319892   +0.1573434
  1843 | 140B02   1313538   +0.1565859
  1844 | 13F22F   1307183   +0.1558284
  1845 | 13D95B   1300827   +0.1550707
  1846 | 13C087   1294471   +0.1543130
  1847 | 13A7B2   1288114   +0.1535552
  1848 | 138EDC   1281756   +0.1527972
  1849 | 137605   1275397   +0.1520392
  1850 | 135D2D   1269037   +0.1512810
  1851 | 134455   1262677   +0.1505228
  1852 | 132B7C   1256316   +0.1497645
  1853 | 1312A2   1249954   +0.1490061
  1854 | 12F9C8   1243592   +0.1482477
  1855 | 12E0EC   1237228   +0.1474891
  1856 | 12C810   1230864   +0.1467304
  1857 | 12AF34   1224500   +0.1459718
  1858 | 129656   1218134   +0.1452129
  1859 | 127D78   1211768   +0.1444540
  1860 | 126499   1205401   +0.1436950
  1861 | 124BBA   1199034   +0.1429360
  1862 | 1232D9   1192665   +0.1421767
  1863 | 1219F8   1186296   +0.1414175
  1864 | 120117   1179927   +0.1406583
  1865 | 11E834   1173556   +0.1398988
  1866 | 11CF51   1167185   +0.1391393
  1867 | 11B66E   1160814   +0.1383798
  1868 | 119D89   1154441   +0.1376201
  1869 | 1184A4   1148068   +0.1368604
  1870 | 116BBE   1141694   +0.1361005
  1871 | 1152D8   1135320   +0.1353407
  1872 | 1139F1   1128945   +0.1345807
  1873 | 112109   1122569   +0.1338207
  1874 | 110820   1116192   +0.1330605
  1875 | 10EF37   1109815   +0.1323003
  1876 | 10D64E   1103438   +0.1315401
  1877 | 10BD63   1097059   +0.1307796
  1878 | 10A478   1090680   +0.1300192
  1879 | 108B8C   1084300   +0.1292586
  1880 | 1072A0   1077920   +0.1284981
  1881 | 1059B3   1071539   +0.1277374
  1882 | 1040C6   1065158   +0.1269767
  1883 | 1027D7   1058775   +0.1262158
  1884 | 100EE9   1052393   +0.1254550
  1885 | 0FF5F9   1046009   +0.1246940
  1886 | 0FDD09   1039625   +0.1239330
  1887 | 0FC418   1033240   +0.1231718
  1888 | 0FAB27   1026855   +0.1224107
  1889 | 0F9235   1020469   +0.1216494
  1890 | 0F7943   1014083   +0.1208881
  1891 | 0F6050   1007696   +0.1201267
  1892 | 0F475C   1001308   +0.1193652
  1893 | 0F2E68    994920   +0.1186037
  1894 | 0F1573    988531   +0.1178421
  1895 | 0EFC7D    982141   +0.1170803
  1896 | 0EE387    975751   +0.1163186
  1897 | 0ECA91    969361   +0.1155568
  1898 | 0EB19A    962970   +0.1147950
  1899 | 0E98A2    956578   +0.1140330
  1900 | 0E7FAA    950186   +0.1132710
  1901 | 0E66B1    943793   +0.1125089
  1902 | 0E4DB7    937399   +0.1117467
  1903 | 0E34BD    931005   +0.1109844
  1904 | 0E1BC3    924611   +0.1102222
  1905 | 0E02C8    918216   +0.1094599
  1906 | 0DE9CC    911820   +0.1086974
  1907 | 0DD0D0    905424   +0.1079350
  1908 | 0DB7D3    899027   +0.1071724
  1909 | 0D9ED6    892630   +0.1064098
  1910 | 0D85D8    886232   +0.1056471
  1911 | 0D6CDA    879834   +0.1048844
  1912 | 0D53DB    873435   +0.1041216
  1913 | 0D3ADC    867036   +0.1033587
  1914 | 0D21DC    860636   +0.1025958
  1915 | 0D08DC    854236   +0.1018329
  1916 | 0CEFDB    847835   +0.1010698
  1917 | 0CD6DA    841434   +0.1003067
  1918 | 0CBDD8    835032   +0.0995436
  1919 | 0CA4D6    828630   +0.0987804
  1920 | 0C8BD3    822227   +0.0980171
  1921 | 0C72D0    815824   +0.0972538
  1922 | 0C59CC    809420   +0.0964904
  1923 | 0C40C8    803016   +0.0957270
  1924 | 0C27C3    796611   +0.0949634
  1925 | 0C0EBE    790206   +0.0941999
  1926 | 0BF5B9    783801   +0.0934364
  1927 | 0BDCB3    777395   +0.0926727
  1928 | 0BC3AC    770988   +0.0919089
  1929 | 0BAAA5    764581   +0.0911452
  1930 | 0B919E    758174   +0.0903814
  1931 | 0B7896    751766   +0.0896175
  1932 | 0B5F8E    745358   +0.0888536
  1933 | 0B4685    738949   +0.0880896
  1934 | 0B2D7C    732540   +0.0873256
  1935 | 0B1472    726130   +0.0865614
  1936 | 0AFB68    719720   +0.0857973
  1937 | 0AE25D    713309   +0.0850331
  1938 | 0AC953    706899   +0.0842689
  1939 | 0AB047    700487   +0.0835046
  1940 | 0A973C    694076   +0.0827403
  1941 | 0A7E2F    687663   +0.0819758
  1942 | 0A6523    681251   +0.0812114
  1943 | 0A4C16    674838   +0.0804470
  1944 | 0A3309    668425   +0.0796825
  1945 | 0A19FB    662011   +0.0789179
  1946 | 0A00ED    655597   +0.0781533
  1947 | 09E7DE    649182   +0.0773885
  1948 | 09CECF    642767   +0.0766238
  1949 | 09B5C0    636352   +0.0758591
  1950 | 099CB1    629937   +0.0750943
  1951 | 0983A1    623521   +0.0743295
  1952 | 096A90    617104   +0.0735645
  1953 | 09517F    610687   +0.0727996
  1954 | 09386E    604270   +0.0720346
  1955 | 091F5D    597853   +0.0712696
  1956 | 09064B    591435   +0.0705045
  1957 | 08ED39    585017   +0.0697395
  1958 | 08D427    578599   +0.0689744
  1959 | 08BB14    572180   +0.0682092
  1960 | 08A201    565761   +0.0674440
  1961 | 0888ED    559341   +0.0666786
  1962 | 086FD9    552921   +0.0659133
  1963 | 0856C5    546501   +0.0651480
  1964 | 083DB1    540081   +0.0643827
  1965 | 08249C    533660   +0.0636172
  1966 | 080B87    527239   +0.0628518
  1967 | 07F271    520817   +0.0620862
  1968 | 07D95C    514396   +0.0613208
  1969 | 07C046    507974   +0.0605552
  1970 | 07A72F    501551   +0.0597895
  1971 | 078E19    495129   +0.0590240
  1972 | 077502    488706   +0.0582583
  1973 | 075BEA    482282   +0.0574925
  1974 | 0742D3    475859   +0.0567268
  1975 | 0729BB    469435   +0.0559610
  1976 | 0710A3    463011   +0.0551952
  1977 | 06F78B    456587   +0.0544294
  1978 | 06DE72    450162   +0.0536635
  1979 | 06C559    443737   +0.0528976
  1980 | 06AC40    437312   +0.0521317
  1981 | 069327    430887   +0.0513657
  1982 | 067A0D    424461   +0.0505997
  1983 | 0660F4    418036   +0.0498338
  1984 | 0647D9    411609   +0.0490676
  1985 | 062EBF    405183   +0.0483016
  1986 | 0615A4    398756   +0.0475354
  1987 | 05FC8A    392330   +0.0467694
  1988 | 05E36F    385903   +0.0460032
  1989 | 05CA53    379475   +0.0452369
  1990 | 05B138    373048   +0.0444708
  1991 | 05981C    366620   +0.0437045
  1992 | 057F00    360192   +0.0429382
  1993 | 0565E4    353764   +0.0421720
  1994 | 054CC8    347336   +0.0414057
  1995 | 0533AB    340907   +0.0406393
  1996 | 051A8E    334478   +0.0398729
  1997 | 050171    328049   +0.0391065
  1998 | 04E854    321620   +0.0383401
  1999 | 04CF37    315191   +0.0375737
  2000 | 04B619    308761   +0.0368072
  2001 | 049CFC    302332   +0.0360408
  2002 | 0483DE    295902   +0.0352743
  2003 | 046AC0    289472   +0.0345078
  2004 | 0451A1    283041   +0.0337411
  2005 | 043883    276611   +0.0329746
  2006 | 041F64    270180   +0.0322080
  2007 | 040646    263750   +0.0314415
  2008 | 03ED27    257319   +0.0306748
  2009 | 03D408    250888   +0.0299082
  2010 | 03BAE9    244457   +0.0291415
  2011 | 03A1C9    238025   +0.0283748
  2012 | 0388AA    231594   +0.0276082
  2013 | 036F8A    225162   +0.0268414
  2014 | 03566B    218731   +0.0260748
  2015 | 033D4B    212299   +0.0253080
  2016 | 03242B    205867   +0.0245413
  2017 | 030B0B    199435   +0.0237745
  2018 | 02F1EA    193002   +0.0230076
  2019 | 02D8CA    186570   +0.0222409
  2020 | 02BFAA    180138   +0.0214741
  2021 | 02A689    173705   +0.0207072
  2022 | 028D68    167272   +0.0199404
  2023 | 027448    160840   +0.0191736
  2024 | 025B27    154407   +0.0184067
  2025 | 024206    147974   +0.0176399
  2026 | 0228E5    141541   +0.0168730
  2027 | 020FC4    135108   +0.0161061
  2028 | 01F6A3    128675   +0.0153393
  2029 | 01DD81    122241   +0.0145723
  2030 | 01C460    115808   +0.0138054
  2031 | 01AB3F    109375   +0.0130385
  2032 | 01921D    102941   +0.0122715
  2033 | 0178FC     96508   +0.0115047
  2034 | 015FDA     90074   +0.0107377
  2035 | 0146B8     83640   +0.0099707
  2036 | 012D97     77207   +0.0092038
  2037 | 011475     70773   +0.0084368
  2038 | 00FB53     64339   +0.0076698
  2039 | 00E231     57905   +0.0069028
  2040 | 00C910     51472   +0.0061359
  2041 | 00AFEE     45038   +0.0053689
  2042 | 0096CC     38604   +0.0046020
  2043 | 007DAA     32170   +0.0038350
  2044 | 006488     25736   +0.0030680
  2045 | 004B66     19302   +0.0023010
  2046 | 003244     12868   +0.0015340
  2047 | 001922      6434   +0.0007670
  2048 | 000000         0   +0.0000000
  2049 | FFE6DE     -6434   -0.0007670
  2050 | FFCDBC    -12868   -0.0015340
  2051 | FFB49A    -19302   -0.0023010
  2052 | FF9B78    -25736   -0.0030680
  2053 | FF8256    -32170   -0.0038350
  2054 | FF6934    -38604   -0.0046020
  2055 | FF5012    -45038   -0.0053689
  2056 | FF36F0    -51472   -0.0061359
  2057 | FF1DCF    -57905   -0.0069028
  2058 | FF04AD    -64339   -0.0076698
  2059 | FEEB8B    -70773   -0.0084368
  2060 | FED269    -77207   -0.0092038
  2061 | FEB948    -83640   -0.0099707
  2062 | FEA026    -90074   -0.0107377
  2063 | FE8704    -96508   -0.0115047
  2064 | FE6DE3   -102941   -0.0122715
  2065 | FE54C1   -109375   -0.0130385
  2066 | FE3BA0   -115808   -0.0138054
  2067 | FE227F   -122241   -0.0145723
  2068 | FE095D   -128675   -0.0153393
  2069 | FDF03C   -135108   -0.0161061
  2070 | FDD71B   -141541   -0.0168730
  2071 | FDBDFA   -147974   -0.0176399
  2072 | FDA4D9   -154407   -0.0184067
  2073 | FD8BB8   -160840   -0.0191736
  2074 | FD7298   -167272   -0.0199404
  2075 | FD5977   -173705   -0.0207072
  2076 | FD4056   -180138   -0.0214741
  2077 | FD2736   -186570   -0.0222409
  2078 | FD0E16   -193002   -0.0230076
  2079 | FCF4F5   -199435   -0.0237745
  2080 | FCDBD5   -205867   -0.0245413
  2081 | FCC2B5   -212299   -0.0253080
  2082 | FCA995   -218731   -0.0260748
  2083 | FC9076   -225162   -0.0268414
  2084 | FC7756   -231594   -0.0276082
  2085 | FC5E37   -238025   -0.0283748
  2086 | FC4517   -244457   -0.0291415
  2087 | FC2BF8   -250888   -0.0299082
  2088 | FC12D9   -257319   -0.0306748
  2089 | FBF9BA   -263750   -0.0314415
  2090 | FBE09C   -270180   -0.0322080
  2091 | FBC77D   -276611   -0.0329746
  2092 | FBAE5F   -283041   -0.0337411
  2093 | FB9540   -289472   -0.0345078
  2094 | FB7C22   -295902   -0.0352743
  2095 | FB6304   -302332   -0.0360408
  2096 | FB49E7   -308761   -0.0368072
  2097 | FB30C9   -315191   -0.0375737
  2098 | FB17AC   -321620   -0.0383401
  2099 | FAFE8F   -328049   -0.0391065
  2100 | FAE572   -334478   -0.0398729
  2101 | FACC55   -340907   -0.0406393
  2102 | FAB338   -347336   -0.0414057
  2103 | FA9A1C   -353764   -0.0421720
  2104 | FA8100   -360192   -0.0429382
  2105 | FA67E4   -366620   -0.0437045
  2106 | FA4EC8   -373048   -0.0444708
  2107 | FA35AD   -379475   -0.0452369
  2108 | FA1C91   -385903   -0.0460032
  2109 | FA0376   -392330   -0.0467694
  2110 | F9EA5C   -398756   -0.0475354
  2111 | F9D141   -405183   -0.0483016
  2112 | F9B827   -411609   -0.0490676
  2113 | F99F0C   -418036   -0.0498338
  2114 | F985F3   -424461   -0.0505997
  2115 | F96CD9   -430887   -0.0513657
  2116 | F953C0   -437312   -0.0521317
  2117 | F93AA7   -443737   -0.0528976
  2118 | F9218E   -450162   -0.0536635
  2119 | F90875   -456587   -0.0544294
  2120 | F8EF5D   -463011   -0.0551952
  2121 | F8D645   -469435   -0.0559610
  2122 | F8BD2D   -475859   -0.0567268
  2123 | F8A416   -482282   -0.0574925
  2124 | F88AFE   -488706   -0.0582583
  2125 | F871E7   -495129   -0.0590240
  2126 | F858D1   -501551   -0.0597895
  2127 | F83FBA   -507974   -0.0605552
  2128 | F826A4   -514396   -0.0613208
  2129 | F80D8F   -520817   -0.0620862
  2130 | F7F479   -527239   -0.0628518
  2131 | F7DB64   -533660   -0.0636172
  2132 | F7C24F   -540081   -0.0643827
  2133 | F7A93B   -546501   -0.0651480
  2134 | F79027   -552921   -0.0659133
  2135 | F77713   -559341   -0.0666786
  2136 | F75DFF   -565761   -0.0674440
  2137 | F744EC   -572180   -0.0682092
  2138 | F72BD9   -578599   -0.0689744
  2139 | F712C7   -585017   -0.0697395
  2140 | F6F9B5   -591435   -0.0705045
  2141 | F6E0A3   -597853   -0.0712696
  2142 | F6C792   -604270   -0.0720346
  2143 | F6AE81   -610687   -0.0727996
  2144 | F69570   -617104   -0.0735645
  2145 | F67C5F   -623521   -0.0743295
  2146 | F6634F   -629937   -0.0750943
  2147 | F64A40   -636352   -0.0758591
  2148 | F63131   -642767   -0.0766238
  2149 | F61822   -649182   -0.0773885
  2150 | F5FF13   -655597   -0.0781533
  2151 | F5E605   -662011   -0.0789179
  2152 | F5CCF7   -668425   -0.0796825
  2153 | F5B3EA   -674838   -0.0804470
  2154 | F59ADD   -681251   -0.0812114
  2155 | F581D1   -687663   -0.0819758
  2156 | F568C4   -694076   -0.0827403
  2157 | F54FB9   -700487   -0.0835046
  2158 | F536AD   -706899   -0.0842689
  2159 | F51DA3   -713309   -0.0850331
  2160 | F50498   -719720   -0.0857973
  2161 | F4EB8E   -726130   -0.0865614
  2162 | F4D284   -732540   -0.0873256
  2163 | F4B97B   -738949   -0.0880896
  2164 | F4A072   -745358   -0.0888536
  2165 | F4876A   -751766   -0.0896175
  2166 | F46E62   -758174   -0.0903814
  2167 | F4555B   -764581   -0.0911452
  2168 | F43C54   -770988   -0.0919089
  2169 | F4234D   -777395   -0.0926727
  2170 | F40A47   -783801   -0.0934364
  2171 | F3F142   -790206   -0.0941999
  2172 | F3D83D   -796611   -0.0949634
  2173 | F3BF38   -803016   -0.0957270
  2174 | F3A634   -809420   -0.0964904
  2175 | F38D30   -815824   -0.0972538
  2176 | F3742D   -822227   -0.0980171
  2177 | F35B2A   -828630   -0.0987804
  2178 | F34228   -835032   -0.0995436
  2179 | F32926   -841434   -0.1003067
  2180 | F31025   -847835   -0.1010698
  2181 | F2F724   -854236   -0.1018329
  2182 | F2DE24   -860636   -0.1025958
  2183 | F2C524   -867036   -0.1033587
  2184 | F2AC25   -873435   -0.1041216
  2185 | F29326   -879834   -0.1048844
  2186 | F27A28   -886232   -0.1056471
  2187 | F2612A   -892630   -0.1064098
  2188 | F2482D   -899027   -0.1071724
  2189 | F22F30   -905424   -0.1079350
  2190 | F21634   -911820   -0.1086974
  2191 | F1FD38   -918216   -0.1094599
  2192 | F1E43D   -924611   -0.1102222
  2193 | F1CB43   -931005   -0.1109844
  2194 | F1B249   -937399   -0.1117467
  2195 | F1994F   -943793   -0.1125089
  2196 | F18056   -950186   -0.1132710
  2197 | F1675E   -956578   -0.1140330
  2198 | F14E66   -962970   -0.1147950
  2199 | F1356F   -969361   -0.1155568
  2200 | F11C79   -975751   -0.1163186
  2201 | F10383   -982141   -0.1170803
  2202 | F0EA8D   -988531   -0.1178421
  2203 | F0D198   -994920   -0.1186037
  2204 | F0B8A4  -1001308   -0.1193652
  2205 | F09FB0  -1007696   -0.1201267
  2206 | F086BD  -1014083   -0.1208881
  2207 | F06DCB  -1020469   -0.1216494
  2208 | F054D9  -1026855   -0.1224107
  2209 | F03BE8  -1033240   -0.1231718
  2210 | F022F7  -1039625   -0.1239330
  2211 | F00A07  -1046009   -0.1246940
  2212 | EFF117  -1052393   -0.1254550
  2213 | EFD829  -1058775   -0.1262158
  2214 | EFBF3A  -1065158   -0.1269767
  2215 | EFA64D  -1071539   -0.1277374
  2216 | EF8D60  -1077920   -0.1284981
  2217 | EF7474  -1084300   -0.1292586
  2218 | EF5B88  -1090680   -0.1300192
  2219 | EF429D  -1097059   -0.1307796
  2220 | EF29B2  -1103438   -0.1315401
  2221 | EF10C9  -1109815   -0.1323003
  2222 | EEF7E0  -1116192   -0.1330605
  2223 | EEDEF7  -1122569   -0.1338207
  2224 | EEC60F  -1128945   -0.1345807
  2225 | EEAD28  -1135320   -0.1353407
  2226 | EE9442  -1141694   -0.1361005
  2227 | EE7B5C  -1148068   -0.1368604
  2228 | EE6277  -1154441   -0.1376201
  2229 | EE4992  -1160814   -0.1383798
  2230 | EE30AF  -1167185   -0.1391393
  2231 | EE17CC  -1173556   -0.1398988
  2232 | EDFEE9  -1179927   -0.1406583
  2233 | EDE608  -1186296   -0.1414175
  2234 | EDCD27  -1192665   -0.1421767
  2235 | EDB446  -1199034   -0.1429360
  2236 | ED9B67  -1205401   -0.1436950
  2237 | ED8288  -1211768   -0.1444540
  2238 | ED69AA  -1218134   -0.1452129
  2239 | ED50CC  -1224500   -0.1459718
  2240 | ED37F0  -1230864   -0.1467304
  2241 | ED1F14  -1237228   -0.1474891
  2242 | ED0638  -1243592   -0.1482477
  2243 | ECED5E  -1249954   -0.1490061
  2244 | ECD484  -1256316   -0.1497645
  2245 | ECBBAB  -1262677   -0.1505228
  2246 | ECA2D3  -1269037   -0.1512810
  2247 | EC89FB  -1275397   -0.1520392
  2248 | EC7124  -1281756   -0.1527972
  2249 | EC584E  -1288114   -0.1535552
  2250 | EC3F79  -1294471   -0.1543130
  2251 | EC26A5  -1300827   -0.1550707
  2252 | EC0DD1  -1307183   -0.1558284
  2253 | EBF4FE  -1313538   -0.1565859
  2254 | EBDC2C  -1319892   -0.1573434
  2255 | EBC35A  -1326246   -0.1581008
  2256 | EBAA89  -1332599   -0.1588582
  2257 | EB91BA  -1338950   -0.1596153
  2258 | EB78EA  -1345302   -0.1603725
  2259 | EB601C  -1351652   -0.1611295
  2260 | EB474F  -1358001   -0.1618863
  2261 | EB2E82  -1364350   -0.1626432
  2262 | EB15B6  -1370698   -0.1633999
  2263 | EAFCEB  -1377045   -0.1641566
  2264 | EAE421  -1383391   -0.1649131
  2265 | EACB57  -1389737   -0.1656696
  2266 | EAB28F  -1396081   -0.1664258
  2267 | EA99C7  -1402425   -0.1671821
  2268 | EA8100  -1408768   -0.1679382
  2269 | EA6839  -1415111   -0.1686944
  2270 | EA4F74  -1421452   -0.1694503
  2271 | EA36B0  -1427792   -0.1702061
  2272 | EA1DEC  -1434132   -0.1709619
  2273 | EA0529  -1440471   -0.1717175
  2274 | E9EC67  -1446809   -0.1724731
  2275 | E9D3A6  -1453146   -0.1732285
  2276 | E9BAE6  -1459482   -0.1739838
  2277 | E9A226  -1465818   -0.1747391
  2278 | E98968  -1472152   -0.1754942
  2279 | E970AA  -1478486   -0.1762493
  2280 | E957ED  -1484819   -0.1770042
  2281 | E93F31  -1491151   -0.1777591
  2282 | E92676  -1497482   -0.1785138
  2283 | E90DBC  -1503812   -0.1792684
  2284 | E8F503  -1510141   -0.1800228
  2285 | E8DC4A  -1516470   -0.1807773
  2286 | E8C393  -1522797   -0.1815315
  2287 | E8AADC  -1529124   -0.1822858
  2288 | E89226  -1535450   -0.1830399
  2289 | E87971  -1541775   -0.1837939
  2290 | E860BE  -1548098   -0.1845477
  2291 | E8480B  -1554421   -0.1853014
  2292 | E82F58  -1560744   -0.1860552
  2293 | E816A7  -1567065   -0.1868087
  2294 | E7FDF7  -1573385   -0.1875621
  2295 | E7E548  -1579704   -0.1883154
  2296 | E7CC99  -1586023   -0.1890687
  2297 | E7B3EC  -1592340   -0.1898217
  2298 | E79B3F  -1598657   -0.1905748
  2299 | E78294  -1604972   -0.1913276
  2300 | E769E9  -1611287   -0.1920804
  2301 | E7513F  -1617601   -0.1928331
  2302 | E73897  -1623913   -0.1935855
  2303 | E71FEF  -1630225   -0.1943380
  2304 | E70748  -1636536   -0.1950903
  2305 | E6EEA2  -1642846   -0.1958425
  2306 | E6D5FD  -1649155   -0.1965946
  2307 | E6BD59  -1655463   -0.1973466
  2308 | E6A4B6  -1661770   -0.1980984
  2309 | E68C14  -1668076   -0.1988502
  2310 | E67373  -1674381   -0.1996018
  2311 | E65AD3  -1680685   -0.2003533
  2312 | E64234  -1686988   -0.2011046
  2313 | E62996  -1693290   -0.2018559
  2314 | E610F9  -1699591   -0.2026070
  2315 | E5F85D  -1705891   -0.2033581
  2316 | E5DFC2  -1712190   -0.2041090
  2317 | E5C728  -1718488   -0.2048597
  2318 | E5AE8F  -1724785   -0.2056104
  2319 | E595F7  -1731081   -0.2063609
  2320 | E57D60  -1737376   -0.2071114
  2321 | E564CA  -1743670   -0.2078617
  2322 | E54C35  -1749963   -0.2086118
  2323 | E533A1  -1756255   -0.2093619
  2324 | E51B0E  -1762546   -0.2101119
  2325 | E5027D  -1768835   -0.2108616
  2326 | E4E9EC  -1775124   -0.2116113
  2327 | E4D15C  -1781412   -0.2123609
  2328 | E4B8CD  -1787699   -0.2131103
  2329 | E4A040  -1793984   -0.2138596
  2330 | E487B3  -1800269   -0.2146088
  2331 | E46F27  -1806553   -0.2153579
  2332 | E4569D  -1812835   -0.2161068
  2333 | E43E14  -1819116   -0.2168555
  2334 | E4258B  -1825397   -0.2176043
  2335 | E40D04  -1831676   -0.2183528
  2336 | E3F47E  -1837954   -0.2191012
  2337 | E3DBF9  -1844231   -0.2198495
  2338 | E3C375  -1850507   -0.2205976
  2339 | E3AAF2  -1856782   -0.2213457
  2340 | E39270  -1863056   -0.2220936
  2341 | E379EF  -1869329   -0.2228414
  2342 | E36170  -1875600   -0.2235889
  2343 | E348F1  -1881871   -0.2243365
  2344 | E33074  -1888140   -0.2250838
  2345 | E317F7  -1894409   -0.2258312
  2346 | E2FF7C  -1900676   -0.2265782
  2347 | E2E702  -1906942   -0.2273252
  2348 | E2CE89  -1913207   -0.2280720
  2349 | E2B611  -1919471   -0.2288188
  2350 | E29D9A  -1925734   -0.2295654
  2351 | E28525  -1931995   -0.2303118
  2352 | E26CB0  -1938256   -0.2310581
  2353 | E2543D  -1944515   -0.2318043
  2354 | E23BCB  -1950773   -0.2325503
  2355 | E2235A  -1957030   -0.2332962
  2356 | E20AEA  -1963286   -0.2340419
  2357 | E1F27B  -1969541   -0.2347876
  2358 | E1DA0E  -1975794   -0.2355330
  2359 | E1C1A1  -1982047   -0.2362784
  2360 | E1A936  -1988298   -0.2370236
  2361 | E190CC  -1994548   -0.2377687
  2362 | E17863  -2000797   -0.2385136
  2363 | E15FFB  -2007045   -0.2392584
  2364 | E14795  -2013291   -0.2400030
  2365 | E12F30  -2019536   -0.2407475
  2366 | E116CB  -2025781   -0.2414919
  2367 | E0FE69  -2032023   -0.2422360
  2368 | E0E607  -2038265   -0.2429801
  2369 | E0CDA6  -2044506   -0.2437241
  2370 | E0B547  -2050745   -0.2444679
  2371 | E09CE9  -2056983   -0.2452115
  2372 | E0848C  -2063220   -0.2459550
  2373 | E06C30  -2069456   -0.2466984
  2374 | E053D6  -2075690   -0.2474415
  2375 | E03B7C  -2081924   -0.2481847
  2376 | E02324  -2088156   -0.2489276
  2377 | E00ACD  -2094387   -0.2496704
  2378 | DFF278  -2100616   -0.2504129
  2379 | DFDA23  -2106845   -0.2511555
  2380 | DFC1D0  -2113072   -0.2518978
  2381 | DFA97E  -2119298   -0.2526400
  2382 | DF912E  -2125522   -0.2533820
  2383 | DF78DE  -2131746   -0.2541239
  2384 | DF6090  -2137968   -0.2548656
  2385 | DF4843  -2144189   -0.2556072
  2386 | DF2FF8  -2150408   -0.2563486
  2387 | DF17AD  -2156627   -0.2570900
  2388 | DEFF64  -2162844   -0.2578311
  2389 | DEE71C  -2169060   -0.2585721
  2390 | DECED6  -2175274   -0.2593129
  2391 | DEB691  -2181487   -0.2600535
  2392 | DE9E4D  -2187699   -0.2607940
  2393 | DE860A  -2193910   -0.2615345
  2394 | DE6DC9  -2200119   -0.2622746
  2395 | DE5588  -2206328   -0.2630148
  2396 | DE3D4A  -2212534   -0.2637546
  2397 | DE250C  -2218740   -0.2644944
  2398 | DE0CD0  -2224944   -0.2652340
  2399 | DDF495  -2231147   -0.2659734
  2400 | DDDC5B  -2237349   -0.2667128
  2401 | DDC423  -2243549   -0.2674519
  2402 | DDABEC  -2249748   -0.2681909
  2403 | DD93B7  -2255945   -0.2689296
  2404 | DD7B82  -2262142   -0.2696683
  2405 | DD634F  -2268337   -0.2704068
  2406 | DD4B1E  -2274530   -0.2711451
  2407 | DD32EE  -2280722   -0.2718832
  2408 | DD1ABF  -2286913   -0.2726213
  2409 | DD0291  -2293103   -0.2733592
  2410 | DCEA65  -2299291   -0.2740968
  2411 | DCD23A  -2305478   -0.2748344
  2412 | DCBA10  -2311664   -0.2755718
  2413 | DCA1E8  -2317848   -0.2763090
  2414 | DC89C1  -2324031   -0.2770461
  2415 | DC719C  -2330212   -0.2777829
  2416 | DC5978  -2336392   -0.2785196
  2417 | DC4155  -2342571   -0.2792562
  2418 | DC2934  -2348748   -0.2799926
  2419 | DC1114  -2354924   -0.2807288
  2420 | DBF8F5  -2361099   -0.2814649
  2421 | DBE0D8  -2367272   -0.2822008
  2422 | DBC8BC  -2373444   -0.2829366
  2423 | DBB0A2  -2379614   -0.2836721
  2424 | DB9889  -2385783   -0.2844075
  2425 | DB8071  -2391951   -0.2851428
  2426 | DB685B  -2398117   -0.2858778
  2427 | DB5046  -2404282   -0.2866127
  2428 | DB3833  -2410445   -0.2873474
  2429 | DB2021  -2416607   -0.2880820
  2430 | DB0811  -2422767   -0.2888163
  2431 | DAF002  -2428926   -0.2895505
  2432 | DAD7F4  -2435084   -0.2902846
  2433 | DABFE8  -2441240   -0.2910185
  2434 | DAA7DD  -2447395   -0.2917522
  2435 | DA8FD4  -2453548   -0.2924857
  2436 | DA77CC  -2459700   -0.2932191
  2437 | DA5FC5  -2465851   -0.2939523
  2438 | DA47C0  -2472000   -0.2946854
  2439 | DA2FBD  -2478147   -0.2954181
  2440 | DA17BB  -2484293   -0.2961508
  2441 | D9FFBA  -2490438   -0.2968833
  2442 | D9E7BB  -2496581   -0.2976156
  2443 | D9CFBD  -2502723   -0.2983478
  2444 | D9B7C1  -2508863   -0.2990798
  2445 | D99FC6  -2515002   -0.2998116
  2446 | D987CD  -2521139   -0.3005432
  2447 | D96FD5  -2527275   -0.3012747
  2448 | D957DF  -2533409   -0.3020059
  2449 | D93FEA  -2539542   -0.3027370
  2450 | D927F7  -2545673   -0.3034679
  2451 | D91005  -2551803   -0.3041986
  2452 | D8F815  -2557931   -0.3049291
  2453 | D8E026  -2564058   -0.3056595
  2454 | D8C838  -2570184   -0.3063898
  2455 | D8B04D  -2576307   -0.3071197
  2456 | D89862  -2582430   -0.3078496
  2457 | D8807A  -2588550   -0.3085792
  2458 | D86892  -2594670   -0.3093088
  2459 | D850AD  -2600787   -0.3100380
  2460 | D838C8  -2606904   -0.3107672
  2461 | D820E6  -2613018   -0.3114960
  2462 | D80905  -2619131   -0.3122247
  2463 | D7F125  -2625243   -0.3129534
  2464 | D7D947  -2631353   -0.3136817
  2465 | D7C16B  -2637461   -0.3144099
  2466 | D7A990  -2643568   -0.3151379
  2467 | D791B6  -2649674   -0.3158658
  2468 | D779DF  -2655777   -0.3165933
  2469 | D76208  -2661880   -0.3173208
  2470 | D74A34  -2667980   -0.3180480
  2471 | D73261  -2674079   -0.3187751
  2472 | D71A8F  -2680177   -0.3195020
  2473 | D702BF  -2686273   -0.3202287
  2474 | D6EAF1  -2692367   -0.3209552
  2475 | D6D324  -2698460   -0.3216815
  2476 | D6BB59  -2704551   -0.3224076
  2477 | D6A38F  -2710641   -0.3231336
  2478 | D68BC7  -2716729   -0.3238593
  2479 | D67401  -2722815   -0.3245848
  2480 | D65C3C  -2728900   -0.3253102
  2481 | D64479  -2734983   -0.3260354
  2482 | D62CB7  -2741065   -0.3267604
  2483 | D614F7  -2747145   -0.3274852
  2484 | D5FD39  -2753223   -0.3282098
  2485 | D5E57C  -2759300   -0.3289342
  2486 | D5CDC1  -2765375   -0.3296584
  2487 | D5B607  -2771449   -0.3303825
  2488 | D59E4F  -2777521   -0.3311063
  2489 | D58699  -2783591   -0.3318299
  2490 | D56EE4  -2789660   -0.3325534
  2491 | D55732  -2795726   -0.3332765
  2492 | D53F80  -2801792   -0.3339996
  2493 | D527D1  -2807855   -0.3347224
  2494 | D51022  -2813918   -0.3354452
  2495 | D4F876  -2819978   -0.3361676
  2496 | D4E0CB  -2826037   -0.3368899
  2497 | D4C922  -2832094   -0.3376119
  2498 | D4B17B  -2838149   -0.3383337
  2499 | D499D5  -2844203   -0.3390554
  2500 | D48231  -2850255   -0.3397769
  2501 | D46A8F  -2856305   -0.3404981
  2502 | D452EE  -2862354   -0.3412192
  2503 | D43B4F  -2868401   -0.3419400
  2504 | D423B2  -2874446   -0.3426607
  2505 | D40C16  -2880490   -0.3433812
  2506 | D3F47C  -2886532   -0.3441014
  2507 | D3DCE4  -2892572   -0.3448215
  2508 | D3C54E  -2898610   -0.3455412
  2509 | D3ADB9  -2904647   -0.3462609
  2510 | D39626  -2910682   -0.3469803
  2511 | D37E94  -2916716   -0.3476996
  2512 | D36705  -2922747   -0.3484186
  2513 | D34F77  -2928777   -0.3491374
  2514 | D337EA  -2934806   -0.3498561
  2515 | D32060  -2940832   -0.3505745
  2516 | D308D7  -2946857   -0.3512927
  2517 | D2F150  -2952880   -0.3520107
  2518 | D2D9CB  -2958901   -0.3527285
  2519 | D2C247  -2964921   -0.3534461
  2520 | D2AAC5  -2970939   -0.3541635
  2521 | D29345  -2976955   -0.3548807
  2522 | D27BC7  -2982969   -0.3555976
  2523 | D2644A  -2988982   -0.3563144
  2524 | D24CD0  -2994992   -0.3570309
  2525 | D23557  -3001001   -0.3577472
  2526 | D21DDF  -3007009   -0.3584634
  2527 | D2066A  -3013014   -0.3591793
  2528 | D1EEF6  -3019018   -0.3598950
  2529 | D1D784  -3025020   -0.3606105
  2530 | D1C014  -3031020   -0.3613257
  2531 | D1A8A5  -3037019   -0.3620409
  2532 | D19139  -3043015   -0.3627557
  2533 | D179CE  -3049010   -0.3634703
  2534 | D16265  -3055003   -0.3641847
  2535 | D14AFE  -3060994   -0.3648989
  2536 | D13398  -3066984   -0.3656130
  2537 | D11C35  -3072971   -0.3663267
  2538 | D104D3  -3078957   -0.3670403
  2539 | D0ED73  -3084941   -0.3677536
  2540 | D0D615  -3090923   -0.3684667
  2541 | D0BEB8  -3096904   -0.3691797
  2542 | D0A75E  -3102882   -0.3698924
  2543 | D09005  -3108859   -0.3706049
  2544 | D078AE  -3114834   -0.3713171
  2545 | D06159  -3120807   -0.3720292
  2546 | D04A06  -3126778   -0.3727410
  2547 | D032B4  -3132748   -0.3734527
  2548 | D01B65  -3138715   -0.3741640
  2549 | D00417  -3144681   -0.3748752
  2550 | CFECCB  -3150645   -0.3755862
  2551 | CFD581  -3156607   -0.3762969
  2552 | CFBE39  -3162567   -0.3770074
  2553 | CFA6F3  -3168525   -0.3777176
  2554 | CF8FAE  -3174482   -0.3784277
  2555 | CF786C  -3180436   -0.3791375
  2556 | CF612B  -3186389   -0.3798472
  2557 | CF49EC  -3192340   -0.3805566
  2558 | CF32AF  -3198289   -0.3812658
  2559 | CF1B74  -3204236   -0.3819747
  2560 | CF043B  -3210181   -0.3826834
  2561 | CEED04  -3216124   -0.3833919
  2562 | CED5CE  -3222066   -0.3841002
  2563 | CEBE9B  -3228005   -0.3848082
  2564 | CEA769  -3233943   -0.3855160
  2565 | CE903A  -3239878   -0.3862236
  2566 | CE790C  -3245812   -0.3869309
  2567 | CE61E0  -3251744   -0.3876381
  2568 | CE4AB6  -3257674   -0.3883450
  2569 | CE338E  -3263602   -0.3890517
  2570 | CE1C68  -3269528   -0.3897581
  2571 | CE0544  -3275452   -0.3904643
  2572 | CDEE21  -3281375   -0.3911704
  2573 | CDD701  -3287295   -0.3918761
  2574 | CDBFE3  -3293213   -0.3925816
  2575 | CDA8C6  -3299130   -0.3932869
  2576 | CD91AC  -3305044   -0.3939919
  2577 | CD7A93  -3310957   -0.3946968
  2578 | CD637C  -3316868   -0.3954015
  2579 | CD4C68  -3322776   -0.3961058
  2580 | CD3555  -3328683   -0.3968099
  2581 | CD1E44  -3334588   -0.3975139
  2582 | CD0735  -3340491   -0.3982176
  2583 | CCF029  -3346391   -0.3989209
  2584 | CCD91E  -3352290   -0.3996241
  2585 | CCC215  -3358187   -0.4003271
  2586 | CCAB0E  -3364082   -0.4010298
  2587 | CC9409  -3369975   -0.4017323
  2588 | CC7D06  -3375866   -0.4024346
  2589 | CC6605  -3381755   -0.4031366
  2590 | CC4F06  -3387642   -0.4038384
  2591 | CC3809  -3393527   -0.4045399
  2592 | CC210E  -3399410   -0.4052413
  2593 | CC0A15  -3405291   -0.4059423
  2594 | CBF31E  -3411170   -0.4066432
  2595 | CBDC29  -3417047   -0.4073437
  2596 | CBC536  -3422922   -0.4080441
  2597 | CBAE45  -3428795   -0.4087442
  2598 | CB9756  -3434666   -0.4094441
  2599 | CB8069  -3440535   -0.4101437
  2600 | CB697E  -3446402   -0.4108431
  2601 | CB5295  -3452267   -0.4115423
  2602 | CB3BAE  -3458130   -0.4122412
  2603 | CB24CA  -3463990   -0.4129398
  2604 | CB0DE7  -3469849   -0.4136382
  2605 | CAF706  -3475706   -0.4143364
  2606 | CAE027  -3481561   -0.4150344
  2607 | CAC94B  -3487413   -0.4157320
  2608 | CAB270  -3493264   -0.4164295
  2609 | CA9B98  -3499112   -0.4171267
  2610 | CA84C1  -3504959   -0.4178237
  2611 | CA6DED  -3510803   -0.4185203
  2612 | CA571A  -3516646   -0.4192169
  2613 | CA404A  -3522486   -0.4199131
  2614 | CA297C  -3528324   -0.4206090
  2615 | CA12B0  -3534160   -0.4213047
  2616 | C9FBE6  -3539994   -0.4220002
  2617 | C9E51E  -3545826   -0.4226954
  2618 | C9CE58  -3551656   -0.4233904
  2619 | C9B794  -3557484   -0.4240851
  2620 | C9A0D2  -3563310   -0.4247797
  2621 | C98A13  -3569133   -0.4254738
  2622 | C97355  -3574955   -0.4261678
  2623 | C95C9A  -3580774   -0.4268615
  2624 | C945E0  -3586592   -0.4275551
  2625 | C92F29  -3592407   -0.4282483
  2626 | C91874  -3598220   -0.4289412
  2627 | C901C1  -3604031   -0.4296340
  2628 | C8EB10  -3609840   -0.4303265
  2629 | C8D462  -3615646   -0.4310186
  2630 | C8BDB5  -3621451   -0.4317106
  2631 | C8A70A  -3627254   -0.4324024
  2632 | C89062  -3633054   -0.4330938
  2633 | C879BC  -3638852   -0.4337850
  2634 | C86318  -3644648   -0.4344759
  2635 | C84C76  -3650442   -0.4351666
  2636 | C835D6  -3656234   -0.4358571
  2637 | C81F39  -3662023   -0.4365472
  2638 | C8089D  -3667811   -0.4372371
  2639 | C7F204  -3673596   -0.4379268
  2640 | C7DB6D  -3679379   -0.4386162
  2641 | C7C4D8  -3685160   -0.4393053
  2642 | C7AE45  -3690939   -0.4399942
  2643 | C797B4  -3696716   -0.4406829
  2644 | C78126  -3702490   -0.4413712
  2645 | C76A9A  -3708262   -0.4420593
  2646 | C75410  -3714032   -0.4427471
  2647 | C73D88  -3719800   -0.4434347
  2648 | C72702  -3725566   -0.4441221
  2649 | C7107E  -3731330   -0.4448092
  2650 | C6F9FD  -3737091   -0.4454960
  2651 | C6E37E  -3742850   -0.4461825
  2652 | C6CD01  -3748607   -0.4468688
  2653 | C6B686  -3754362   -0.4475548
  2654 | C6A00E  -3760114   -0.4482405
  2655 | C68997  -3765865   -0.4489261
  2656 | C67323  -3771613   -0.4496113
  2657 | C65CB1  -3777359   -0.4502963
  2658 | C64642  -3783102   -0.4509809
  2659 | C62FD4  -3788844   -0.4516654
  2660 | C61969  -3794583   -0.4523495
  2661 | C60300  -3800320   -0.4530334
  2662 | C5EC99  -3806055   -0.4537171
  2663 | C5D635  -3811787   -0.4544004
  2664 | C5BFD3  -3817517   -0.4550835
  2665 | C5A973  -3823245   -0.4557663
  2666 | C59315  -3828971   -0.4564489
  2667 | C57CB9  -3834695   -0.4571313
  2668 | C56660  -3840416   -0.4578133
  2669 | C55009  -3846135   -0.4584950
  2670 | C539B4  -3851852   -0.4591765
  2671 | C52362  -3857566   -0.4598577
  2672 | C50D12  -3863278   -0.4605386
  2673 | C4F6C4  -3868988   -0.4612193
  2674 | C4E078  -3874696   -0.4618998
  2675 | C4CA2F  -3880401   -0.4625798
  2676 | C4B3E8  -3886104   -0.4632597
  2677 | C49DA3  -3891805   -0.4639393
  2678 | C48760  -3897504   -0.4646187
  2679 | C47120  -3903200   -0.4652977
  2680 | C45AE2  -3908894   -0.4659765
  2681 | C444A7  -3914585   -0.4666549
  2682 | C42E6D  -3920275   -0.4673332
  2683 | C41836  -3925962   -0.4680111
  2684 | C40202  -3931646   -0.4686887
  2685 | C3EBCF  -3937329   -0.4693662
  2686 | C3D59F  -3943009   -0.4700433
  2687 | C3BF71  -3948687   -0.4707202
  2688 | C3A946  -3954362   -0.4713967
  2689 | C3931D  -3960035   -0.4720730
  2690 | C37CF6  -3965706   -0.4727490
  2691 | C366D2  -3971374   -0.4734247
  2692 | C350B0  -3977040   -0.4741001
  2693 | C33A90  -3982704   -0.4747753
  2694 | C32472  -3988366   -0.4754503
  2695 | C30E57  -3994025   -0.4761249
  2696 | C2F83F  -3999681   -0.4767991
  2697 | C2E228  -4005336   -0.4774733
  2698 | C2CC14  -4010988   -0.4781470
  2699 | C2B603  -4016637   -0.4788204
  2700 | C29FF3  -4022285   -0.4794937
  2701 | C289E6  -4027930   -0.4801667
  2702 | C273DC  -4033572   -0.4808393
  2703 | C25DD4  -4039212   -0.4815116
  2704 | C247CE  -4044850   -0.4821837
  2705 | C231CA  -4050486   -0.4828556
  2706 | C21BC9  -4056119   -0.4835271
  2707 | C205CB  -4061749   -0.4841982
  2708 | C1EFCE  -4067378   -0.4848692
  2709 | C1D9D5  -4073003   -0.4855398
  2710 | C1C3DD  -4078627   -0.4862102
  2711 | C1ADE8  -4084248   -0.4868803
  2712 | C197F5  -4089867   -0.4875501
  2713 | C18205  -4095483   -0.4882196
  2714 | C16C17  -4101097   -0.4888889
  2715 | C1562C  -4106708   -0.4895577
  2716 | C14043  -4112317   -0.4902264
  2717 | C12A5C  -4117924   -0.4908948
  2718 | C11478  -4123528   -0.4915628
  2719 | C0FE96  -4129130   -0.4922307
  2720 | C0E8B7  -4134729   -0.4928981
  2721 | C0D2DA  -4140326   -0.4935653
  2722 | C0BCFF  -4145921   -0.4942323
  2723 | C0A727  -4151513   -0.4948989
  2724 | C09152  -4157102   -0.4955652
  2725 | C07B7F  -4162689   -0.4962312
  2726 | C065AE  -4168274   -0.4968970
  2727 | C04FE0  -4173856   -0.4975624
  2728 | C03A14  -4179436   -0.4982276
  2729 | C0244B  -4185013   -0.4988924
  2730 | C00E84  -4190588   -0.4995570
  2731 | BFF8BF  -4196161   -0.5002214
  2732 | BFE2FD  -4201731   -0.5008854
  2733 | BFCD3E  -4207298   -0.5015490
  2734 | BFB781  -4212863   -0.5022124
  2735 | BFA1C6  -4218426   -0.5028756
  2736 | BF8C0E  -4223986   -0.5035384
  2737 | BF7659  -4229543   -0.5042008
  2738 | BF60A6  -4235098   -0.5048630
  2739 | BF4AF5  -4240651   -0.5055250
  2740 | BF3547  -4246201   -0.5061866
  2741 | BF1F9C  -4251748   -0.5068479
  2742 | BF09F3  -4257293   -0.5075089
  2743 | BEF44C  -4262836   -0.5081697
  2744 | BEDEA8  -4268376   -0.5088301
  2745 | BEC906  -4273914   -0.5094903
  2746 | BEB367  -4279449   -0.5101501
  2747 | BE9DCB  -4284981   -0.5108095
  2748 | BE8831  -4290511   -0.5114688
  2749 | BE7299  -4296039   -0.5121278
  2750 | BE5D04  -4301564   -0.5127864
  2751 | BE4772  -4307086   -0.5134447
  2752 | BE31E2  -4312606   -0.5141027
  2753 | BE1C55  -4318123   -0.5147604
  2754 | BE06CA  -4323638   -0.5154178
  2755 | BDF142  -4329150   -0.5160749
  2756 | BDDBBC  -4334660   -0.5167317
  2757 | BDC639  -4340167   -0.5173882
  2758 | BDB0B8  -4345672   -0.5180445
  2759 | BD9B3A  -4351174   -0.5187004
  2760 | BD85BF  -4356673   -0.5193559
  2761 | BD7046  -4362170   -0.5200112
  2762 | BD5ACF  -4367665   -0.5206662
  2763 | BD455C  -4373156   -0.5213208
  2764 | BD2FEA  -4378646   -0.5219753
  2765 | BD1A7C  -4384132   -0.5226293
  2766 | BD0510  -4389616   -0.5232830
  2767 | BCEFA6  -4395098   -0.5239365
  2768 | BCDA3F  -4400577   -0.5245897
  2769 | BCC4DB  -4406053   -0.5252424
  2770 | BCAF79  -4411527   -0.5258950
  2771 | BC9A1A  -4416998   -0.5265472
  2772 | BC84BE  -4422466   -0.5271990
  2773 | BC6F64  -4427932   -0.5278506
  2774 | BC5A0C  -4433396   -0.5285020
  2775 | BC44B8  -4438856   -0.5291529
  2776 | BC2F66  -4444314   -0.5298035
  2777 | BC1A16  -4449770   -0.5304539
  2778 | BC04C9  -4455223   -0.5311040
  2779 | BBEF7F  -4460673   -0.5317537
  2780 | BBDA37  -4466121   -0.5324031
  2781 | BBC4F2  -4471566   -0.5330522
  2782 | BBAFB0  -4477008   -0.5337009
  2783 | BB9A70  -4482448   -0.5343494
  2784 | BB8533  -4487885   -0.5349976
  2785 | BB6FF9  -4493319   -0.5356454
  2786 | BB5AC1  -4498751   -0.5362929
  2787 | BB458C  -4504180   -0.5369401
  2788 | BB3059  -4509607   -0.5375870
  2789 | BB1B29  -4515031   -0.5382336
  2790 | BB05FC  -4520452   -0.5388799
  2791 | BAF0D2  -4525870   -0.5395257
  2792 | BADBAA  -4531286   -0.5401714
  2793 | BAC685  -4536699   -0.5408167
  2794 | BAB162  -4542110   -0.5414617
  2795 | BA9C42  -4547518   -0.5421064
  2796 | BA8725  -4552923   -0.5427507
  2797 | BA720A  -4558326   -0.5433948
  2798 | BA5CF3  -4563725   -0.5440384
  2799 | BA47DD  -4569123   -0.5446819
  2800 | BA32CB  -4574517   -0.5453249
  2801 | BA1DBB  -4579909   -0.5459677
  2802 | BA08AE  -4585298   -0.5466101
  2803 | B9F3A4  -4590684   -0.5472522
  2804 | B9DE9C  -4596068   -0.5478940
  2805 | B9C997  -4601449   -0.5485355
  2806 | B9B495  -4606827   -0.5491766
  2807 | B99F95  -4612203   -0.5498174
  2808 | B98A98  -4617576   -0.5504580
  2809 | B9759E  -4622946   -0.5510981
  2810 | B960A7  -4628313   -0.5517379
  2811 | B94BB2  -4633678   -0.5523775
  2812 | B936C0  -4639040   -0.5530167
  2813 | B921D1  -4644399   -0.5536555
  2814 | B90CE4  -4649756   -0.5542941
  2815 | B8F7FB  -4655109   -0.5549322
  2816 | B8E314  -4660460   -0.5555701
  2817 | B8CE2F  -4665809   -0.5562078
  2818 | B8B94E  -4671154   -0.5568449
  2819 | B8A46F  -4676497   -0.5574819
  2820 | B88F93  -4681837   -0.5581185
  2821 | B87ABA  -4687174   -0.5587547
  2822 | B865E3  -4692509   -0.5593907
  2823 | B8510F  -4697841   -0.5600263
  2824 | B83C3E  -4703170   -0.5606616
  2825 | B82770  -4708496   -0.5612965
  2826 | B812A5  -4713819   -0.5619310
  2827 | B7FDDC  -4719140   -0.5625653
  2828 | B7E916  -4724458   -0.5631993
  2829 | B7D453  -4729773   -0.5638329
  2830 | B7BF93  -4735085   -0.5644661
  2831 | B7AAD5  -4740395   -0.5650991
  2832 | B7961A  -4745702   -0.5657318
  2833 | B78162  -4751006   -0.5663640
  2834 | B76CAD  -4756307   -0.5669960
  2835 | B757FB  -4761605   -0.5676275
  2836 | B7434B  -4766901   -0.5682589
  2837 | B72E9E  -4772194   -0.5688899
  2838 | B719F4  -4777484   -0.5695205
  2839 | B7054D  -4782771   -0.5701507
  2840 | B6F0A9  -4788055   -0.5707806
  2841 | B6DC07  -4793337   -0.5714103
  2842 | B6C768  -4798616   -0.5720396
  2843 | B6B2CC  -4803892   -0.5726686
  2844 | B69E33  -4809165   -0.5732971
  2845 | B6899D  -4814435   -0.5739254
  2846 | B6750A  -4819702   -0.5745533
  2847 | B66079  -4824967   -0.5751809
  2848 | B64BEB  -4830229   -0.5758082
  2849 | B63760  -4835488   -0.5764351
  2850 | B622D8  -4840744   -0.5770617
  2851 | B60E53  -4845997   -0.5776879
  2852 | B5F9D1  -4851247   -0.5783137
  2853 | B5E551  -4856495   -0.5789393
  2854 | B5D0D5  -4861739   -0.5795645
  2855 | B5BC5B  -4866981   -0.5801893
  2856 | B5A7E4  -4872220   -0.5808139
  2857 | B59370  -4877456   -0.5814381
  2858 | B57EFF  -4882689   -0.5820619
  2859 | B56A90  -4887920   -0.5826855
  2860 | B55625  -4893147   -0.5833086
  2861 | B541BC  -4898372   -0.5839314
  2862 | B52D57  -4903593   -0.5845538
  2863 | B518F4  -4908812   -0.5851760
  2864 | B50494  -4914028   -0.5857978
  2865 | B4F037  -4919241   -0.5864192
  2866 | B4DBDD  -4924451   -0.5870403
  2867 | B4C786  -4929658   -0.5876610
  2868 | B4B331  -4934863   -0.5882815
  2869 | B49EE0  -4940064   -0.5889015
  2870 | B48A91  -4945263   -0.5895213
  2871 | B47646  -4950458   -0.5901406
  2872 | B461FD  -4955651   -0.5907596
  2873 | B44DB7  -4960841   -0.5913783
  2874 | B43974  -4966028   -0.5919967
  2875 | B42534  -4971212   -0.5926147
  2876 | B410F7  -4976393   -0.5932323
  2877 | B3FCBD  -4981571   -0.5938495
  2878 | B3E886  -4986746   -0.5944664
  2879 | B3D452  -4991918   -0.5950830
  2880 | B3C021  -4997087   -0.5956992
  2881 | B3ABF2  -5002254   -0.5963151
  2882 | B397C7  -5007417   -0.5969306
  2883 | B3839E  -5012578   -0.5975459
  2884 | B36F79  -5017735   -0.5981606
  2885 | B35B56  -5022890   -0.5987751
  2886 | B34737  -5028041   -0.5993892
  2887 | B3331A  -5033190   -0.6000030
  2888 | B31F00  -5038336   -0.6006165
  2889 | B30AEA  -5043478   -0.6012294
  2890 | B2F6D6  -5048618   -0.6018422
  2891 | B2E2C5  -5053755   -0.6024545
  2892 | B2CEB7  -5058889   -0.6030666
  2893 | B2BAAC  -5064020   -0.6036782
  2894 | B2A6A5  -5069147   -0.6042894
  2895 | B292A0  -5074272   -0.6049004
  2896 | B27E9E  -5079394   -0.6055110
  2897 | B26A9F  -5084513   -0.6061212
  2898 | B256A3  -5089629   -0.6067311
  2899 | B242AA  -5094742   -0.6073406
  2900 | B22EB4  -5099852   -0.6079497
  2901 | B21AC1  -5104959   -0.6085585
  2902 | B206D1  -5110063   -0.6091670
  2903 | B1F2E4  -5115164   -0.6097751
  2904 | B1DEFB  -5120261   -0.6103827
  2905 | B1CB14  -5125356   -0.6109900
  2906 | B1B730  -5130448   -0.6115971
  2907 | B1A34F  -5135537   -0.6122037
  2908 | B18F71  -5140623   -0.6128100
  2909 | B17B96  -5145706   -0.6134160
  2910 | B167BE  -5150786   -0.6140215
  2911 | B153EA  -5155862   -0.6146266
  2912 | B14018  -5160936   -0.6152315
  2913 | B12C49  -5166007   -0.6158360
  2914 | B1187E  -5171074   -0.6164401
  2915 | B104B5  -5176139   -0.6170439
  2916 | B0F0EF  -5181201   -0.6176473
  2917 | B0DD2D  -5186259   -0.6182503
  2918 | B0C96D  -5191315   -0.6188530
  2919 | B0B5B1  -5196367   -0.6194552
  2920 | B0A1F8  -5201416   -0.6200571
  2921 | B08E41  -5206463   -0.6206588
  2922 | B07A8E  -5211506   -0.6212599
  2923 | B066DE  -5216546   -0.6218607
  2924 | B05331  -5221583   -0.6224612
  2925 | B03F87  -5226617   -0.6230613
  2926 | B02BE0  -5231648   -0.6236610
  2927 | B0183C  -5236676   -0.6242604
  2928 | B0049B  -5241701   -0.6248595
  2929 | AFF0FE  -5246722   -0.6254580
  2930 | AFDD63  -5251741   -0.6260563
  2931 | AFC9CB  -5256757   -0.6266543
  2932 | AFB637  -5261769   -0.6272517
  2933 | AFA2A6  -5266778   -0.6278489
  2934 | AF8F17  -5271785   -0.6284457
  2935 | AF7B8C  -5276788   -0.6290421
  2936 | AF6804  -5281788   -0.6296382
  2937 | AF547F  -5286785   -0.6302339
  2938 | AF40FE  -5291778   -0.6308291
  2939 | AF2D7F  -5296769   -0.6314241
  2940 | AF1A03  -5301757   -0.6320187
  2941 | AF068B  -5306741   -0.6326128
  2942 | AEF315  -5311723   -0.6332067
  2943 | AEDFA3  -5316701   -0.6338001
  2944 | AECC34  -5321676   -0.6343932
  2945 | AEB8C8  -5326648   -0.6349859
  2946 | AEA55F  -5331617   -0.6355783
  2947 | AE91FA  -5336582   -0.6361701
  2948 | AE7E97  -5341545   -0.6367618
  2949 | AE6B38  -5346504   -0.6373529
  2950 | AE57DB  -5351461   -0.6379439
  2951 | AE4482  -5356414   -0.6385343
  2952 | AE312C  -5361364   -0.6391244
  2953 | AE1DD9  -5366311   -0.6397141
  2954 | AE0A8A  -5371254   -0.6403034
  2955 | ADF73D  -5376195   -0.6408924
  2956 | ADE3F4  -5381132   -0.6414809
  2957 | ADD0AE  -5386066   -0.6420691
  2958 | ADBD6B  -5390997   -0.6426569
  2959 | ADAA2B  -5395925   -0.6432444
  2960 | AD96EE  -5400850   -0.6438315
  2961 | AD83B5  -5405771   -0.6444181
  2962 | AD707E  -5410690   -0.6450045
  2963 | AD5D4B  -5415605   -0.6455904
  2964 | AD4A1B  -5420517   -0.6461760
  2965 | AD36EF  -5425425   -0.6467611
  2966 | AD23C5  -5430331   -0.6473459
  2967 | AD109F  -5435233   -0.6479303
  2968 | ACFD7C  -5440132   -0.6485143
  2969 | ACEA5C  -5445028   -0.6490979
  2970 | ACD73F  -5449921   -0.6496812
  2971 | ACC425  -5454811   -0.6502641
  2972 | ACB10F  -5459697   -0.6508466
  2973 | AC9DFC  -5464580   -0.6514287
  2974 | AC8AEC  -5469460   -0.6520104
  2975 | AC77DF  -5474337   -0.6525918
  2976 | AC64D6  -5479210   -0.6531727
  2977 | AC51CF  -5484081   -0.6537534
  2978 | AC3ECC  -5488948   -0.6543336
  2979 | AC2BCD  -5493811   -0.6549133
  2980 | AC18D0  -5498672   -0.6554928
  2981 | AC05D7  -5503529   -0.6560718
  2982 | ABF2E1  -5508383   -0.6566504
  2983 | ABDFEE  -5513234   -0.6572287
  2984 | ABCCFE  -5518082   -0.6578066
  2985 | ABBA12  -5522926   -0.6583841
  2986 | ABA729  -5527767   -0.6589612
  2987 | AB9443  -5532605   -0.6595379
  2988 | AB8160  -5537440   -0.6601143
  2989 | AB6E81  -5542271   -0.6606902
  2990 | AB5BA5  -5547099   -0.6612657
  2991 | AB48CC  -5551924   -0.6618409
  2992 | AB35F6  -5556746   -0.6624157
  2993 | AB2324  -5561564   -0.6629901
  2994 | AB1055  -5566379   -0.6635641
  2995 | AAFD89  -5571191   -0.6641377
  2996 | AAEAC1  -5575999   -0.6647109
  2997 | AAD7FC  -5580804   -0.6652837
  2998 | AAC53A  -5585606   -0.6658561
  2999 | AAB27B  -5590405   -0.6664282
  3000 | AA9FC0  -5595200   -0.6669998
  3001 | AA8D08  -5599992   -0.6675711
  3002 | AA7A53  -5604781   -0.6681420
  3003 | AA67A2  -5609566   -0.6687124
  3004 | AA54F3  -5614349   -0.6692826
  3005 | AA4249  -5619127   -0.6698521
  3006 | AA2FA1  -5623903   -0.6704215
  3007 | AA1CFD  -5628675   -0.6709903
  3008 | AA0A5C  -5633444   -0.6715589
  3009 | A9F7BE  -5638210   -0.6721270
  3010 | A9E524  -5642972   -0.6726947
  3011 | A9D28D  -5647731   -0.6732620
  3012 | A9BFF9  -5652487   -0.6738290
  3013 | A9AD69  -5657239   -0.6743954
  3014 | A99ADC  -5661988   -0.6749616
  3015 | A98852  -5666734   -0.6755273
  3016 | A975CC  -5671476   -0.6760926
  3017 | A96349  -5676215   -0.6766576
  3018 | A950C9  -5680951   -0.6772221
  3019 | A93E4D  -5685683   -0.6777862
  3020 | A92BD4  -5690412   -0.6783500
  3021 | A9195E  -5695138   -0.6789134
  3022 | A906EC  -5699860   -0.6794763
  3023 | A8F47D  -5704579   -0.6800388
  3024 | A8E212  -5709294   -0.6806009
  3025 | A8CFAA  -5714006   -0.6811626
  3026 | A8BD45  -5718715   -0.6817240
  3027 | A8AAE3  -5723421   -0.6822850
  3028 | A89885  -5728123   -0.6828455
  3029 | A8862A  -5732822   -0.6834056
  3030 | A873D3  -5737517   -0.6839653
  3031 | A8617F  -5742209   -0.6845247
  3032 | A84F2E  -5746898   -0.6850836
  3033 | A83CE1  -5751583   -0.6856421
  3034 | A82A97  -5756265   -0.6862003
  3035 | A81851  -5760943   -0.6867579
  3036 | A8060E  -5765618   -0.6873152
  3037 | A7F3CE  -5770290   -0.6878722
  3038 | A7E192  -5774958   -0.6884286
  3039 | A7CF59  -5779623   -0.6889848
  3040 | A7BD23  -5784285   -0.6895405
  3041 | A7AAF1  -5788943   -0.6900958
  3042 | A798C3  -5793597   -0.6906506
  3043 | A78697  -5798249   -0.6912051
  3044 | A7746F  -5802897   -0.6917592
  3045 | A7624B  -5807541   -0.6923128
  3046 | A7502A  -5812182   -0.6928661
  3047 | A73E0C  -5816820   -0.6934190
  3048 | A72BF2  -5821454   -0.6939714
  3049 | A719DB  -5826085   -0.6945235
  3050 | A707C8  -5830712   -0.6950750
  3051 | A6F5B8  -5835336   -0.6956263
  3052 | A6E3AC  -5839956   -0.6961770
  3053 | A6D1A3  -5844573   -0.6967274
  3054 | A6BF9D  -5849187   -0.6972774
  3055 | A6AD9B  -5853797   -0.6978270
  3056 | A69B9C  -5858404   -0.6983762
  3057 | A689A1  -5863007   -0.6989249
  3058 | A677A9  -5867607   -0.6994733
  3059 | A665B5  -5872203   -0.7000211
  3060 | A653C4  -5876796   -0.7005687
  3061 | A641D6  -5881386   -0.7011158
  3062 | A62FEC  -5885972   -0.7016625
  3063 | A61E06  -5890554   -0.7022088
  3064 | A60C23  -5895133   -0.7027546
  3065 | A5FA43  -5899709   -0.7033001
  3066 | A5E867  -5904281   -0.7038451
  3067 | A5D68E  -5908850   -0.7043898
  3068 | A5C4B9  -5913415   -0.7049340
  3069 | A5B2E7  -5917977   -0.7054778
  3070 | A5A119  -5922535   -0.7060212
  3071 | A58F4E  -5927090   -0.7065642
  3072 | A57D87  -5931641   -0.7071067
  3073 | A56BC3  -5936189   -0.7076489
  3074 | A55A03  -5940733   -0.7081906
  3075 | A54846  -5945274   -0.7087319
  3076 | A5368D  -5949811   -0.7092727
  3077 | A524D7  -5954345   -0.7098132
  3078 | A51325  -5958875   -0.7103533
  3079 | A50176  -5963402   -0.7108929
  3080 | A4EFCB  -5967925   -0.7114321
  3081 | A4DE23  -5972445   -0.7119709
  3082 | A4CC7F  -5976961   -0.7125093
  3083 | A4BADE  -5981474   -0.7130473
  3084 | A4A941  -5985983   -0.7135848
  3085 | A497A7  -5990489   -0.7141219
  3086 | A48611  -5994991   -0.7146586
  3087 | A4747E  -5999490   -0.7151949
  3088 | A462EF  -6003985   -0.7157308
  3089 | A45164  -6008476   -0.7162662
  3090 | A43FDC  -6012964   -0.7168012
  3091 | A42E57  -6017449   -0.7173358
  3092 | A41CD6  -6021930   -0.7178700
  3093 | A40B59  -6026407   -0.7184037
  3094 | A3F9DF  -6030881   -0.7189370
  3095 | A3E869  -6035351   -0.7194699
  3096 | A3D6F6  -6039818   -0.7200024
  3097 | A3C587  -6044281   -0.7205344
  3098 | A3B41B  -6048741   -0.7210661
  3099 | A3A2B3  -6053197   -0.7215973
  3100 | A3914E  -6057650   -0.7221282
  3101 | A37FED  -6062099   -0.7226585
  3102 | A36E90  -6066544   -0.7231884
  3103 | A35D36  -6070986   -0.7237179
  3104 | A34BE0  -6075424   -0.7242470
  3105 | A33A8D  -6079859   -0.7247757
  3106 | A3293E  -6084290   -0.7253039
  3107 | A317F2  -6088718   -0.7258317
  3108 | A306AB  -6093141   -0.7263590
  3109 | A2F566  -6097562   -0.7268860
  3110 | A2E425  -6101979   -0.7274126
  3111 | A2D2E8  -6106392   -0.7279387
  3112 | A2C1AF  -6110801   -0.7284642
  3113 | A2B078  -6115208   -0.7289896
  3114 | A29F46  -6119610   -0.7295144
  3115 | A28E17  -6124009   -0.7300388
  3116 | A27CEC  -6128404   -0.7305627
  3117 | A26BC4  -6132796   -0.7310863
  3118 | A25AA0  -6137184   -0.7316093
  3119 | A24980  -6141568   -0.7321320
  3120 | A23863  -6145949   -0.7326542
  3121 | A2274A  -6150326   -0.7331760
  3122 | A21635  -6154699   -0.7336973
  3123 | A20523  -6159069   -0.7342182
  3124 | A1F414  -6163436   -0.7347388
  3125 | A1E30A  -6167798   -0.7352588
  3126 | A1D203  -6172157   -0.7357785
  3127 | A1C0FF  -6176513   -0.7362977
  3128 | A1AFFF  -6180865   -0.7368165
  3129 | A19F03  -6185213   -0.7373348
  3130 | A18E0B  -6189557   -0.7378527
  3131 | A17D16  -6193898   -0.7383702
  3132 | A16C25  -6198235   -0.7388872
  3133 | A15B37  -6202569   -0.7394038
  3134 | A14A4D  -6206899   -0.7399200
  3135 | A13967  -6211225   -0.7404357
  3136 | A12884  -6215548   -0.7409511
  3137 | A117A5  -6219867   -0.7414659
  3138 | A106CA  -6224182   -0.7419803
  3139 | A0F5F2  -6228494   -0.7424943
  3140 | A0E51E  -6232802   -0.7430079
  3141 | A0D44E  -6237106   -0.7435210
  3142 | A0C381  -6241407   -0.7440337
  3143 | A0B2B8  -6245704   -0.7445459
  3144 | A0A1F3  -6249997   -0.7450577
  3145 | A09131  -6254287   -0.7455691
  3146 | A08073  -6258573   -0.7460800
  3147 | A06FB9  -6262855   -0.7465905
  3148 | A05F03  -6267133   -0.7471005
  3149 | A04E50  -6271408   -0.7476101
  3150 | A03DA1  -6275679   -0.7481192
  3151 | A02CF5  -6279947   -0.7486280
  3152 | A01C4D  -6284211   -0.7491363
  3153 | A00BA9  -6288471   -0.7496442
  3154 | 9FFB09  -6292727   -0.7501515
  3155 | 9FEA6C  -6296980   -0.7506585
  3156 | 9FD9D3  -6301229   -0.7511650
  3157 | 9FC93E  -6305474   -0.7516711
  3158 | 9FB8AC  -6309716   -0.7521768
  3159 | 9FA81E  -6313954   -0.7526820
  3160 | 9F9794  -6318188   -0.7531867
  3161 | 9F870D  -6322419   -0.7536911
  3162 | 9F768B  -6326645   -0.7541949
  3163 | 9F660C  -6330868   -0.7546983
  3164 | 9F5590  -6335088   -0.7552013
  3165 | 9F4519  -6339303   -0.7557038
  3166 | 9F34A5  -6343515   -0.7562059
  3167 | 9F2435  -6347723   -0.7567075
  3168 | 9F13C9  -6351927   -0.7572087
  3169 | 9F0360  -6356128   -0.7577095
  3170 | 9EF2FB  -6360325   -0.7582098
  3171 | 9EE29A  -6364518   -0.7587097
  3172 | 9ED23C  -6368708   -0.7592092
  3173 | 9EC1E3  -6372893   -0.7597080
  3174 | 9EB18D  -6377075   -0.7602066
  3175 | 9EA13B  -6381253   -0.7607046
  3176 | 9E90EC  -6385428   -0.7612023
  3177 | 9E80A2  -6389598   -0.7616994
  3178 | 9E705B  -6393765   -0.7621962
  3179 | 9E6018  -6397928   -0.7626925
  3180 | 9E4FD8  -6402088   -0.7631884
  3181 | 9E3F9D  -6406243   -0.7636837
  3182 | 9E2F65  -6410395   -0.7641786
  3183 | 9E1F31  -6414543   -0.7646731
  3184 | 9E0F01  -6418687   -0.7651671
  3185 | 9DFED4  -6422828   -0.7656608
  3186 | 9DEEAB  -6426965   -0.7661539
  3187 | 9DDE86  -6431098   -0.7666466
  3188 | 9DCE65  -6435227   -0.7671388
  3189 | 9DBE48  -6439352   -0.7676306
  3190 | 9DAE2E  -6443474   -0.7681220
  3191 | 9D9E18  -6447592   -0.7686129
  3192 | 9D8E06  -6451706   -0.7691033
  3193 | 9D7DF8  -6455816   -0.7695932
  3194 | 9D6DEE  -6459922   -0.7700827
  3195 | 9D5DE7  -6464025   -0.7705718
  3196 | 9D4DE4  -6468124   -0.7710605
  3197 | 9D3DE5  -6472219   -0.7715486
  3198 | 9D2DEA  -6476310   -0.7720363
  3199 | 9D1DF3  -6480397   -0.7725235
  3200 | 9D0DFF  -6484481   -0.7730104
  3201 | 9CFE0F  -6488561   -0.7734967
  3202 | 9CEE23  -6492637   -0.7739826
  3203 | 9CDE3B  -6496709   -0.7744681
  3204 | 9CCE57  -6500777   -0.7749530
  3205 | 9CBE76  -6504842   -0.7754376
  3206 | 9CAE9A  -6508902   -0.7759216
  3207 | 9C9EC1  -6512959   -0.7764052
  3208 | 9C8EEC  -6517012   -0.7768884
  3209 | 9C7F1B  -6521061   -0.7773710
  3210 | 9C6F4D  -6525107   -0.7778534
  3211 | 9C5F84  -6529148   -0.7783351
  3212 | 9C4FBE  -6533186   -0.7788165
  3213 | 9C3FFD  -6537219   -0.7792972
  3214 | 9C303F  -6541249   -0.7797776
  3215 | 9C2084  -6545276   -0.7802577
  3216 | 9C10CE  -6549298   -0.7807372
  3217 | 9C011C  -6553316   -0.7812161
  3218 | 9BF16D  -6557331   -0.7816948
  3219 | 9BE1C3  -6561341   -0.7821728
  3220 | 9BD21C  -6565348   -0.7826505
  3221 | 9BC279  -6569351   -0.7831277
  3222 | 9BB2DA  -6573350   -0.7836044
  3223 | 9BA33E  -6577346   -0.7840807
  3224 | 9B93A7  -6581337   -0.7845565
  3225 | 9B8414  -6585324   -0.7850318
  3226 | 9B7484  -6589308   -0.7855067
  3227 | 9B64F8  -6593288   -0.7859812
  3228 | 9B5570  -6597264   -0.7864552
  3229 | 9B45EC  -6601236   -0.7869287
  3230 | 9B366C  -6605204   -0.7874017
  3231 | 9B26F0  -6609168   -0.7878742
  3232 | 9B1778  -6613128   -0.7883463
  3233 | 9B0803  -6617085   -0.7888180
  3234 | 9AF893  -6621037   -0.7892891
  3235 | 9AE926  -6624986   -0.7897599
  3236 | 9AD9BD  -6628931   -0.7902302
  3237 | 9ACA58  -6632872   -0.7907000
  3238 | 9ABAF7  -6636809   -0.7911693
  3239 | 9AAB9A  -6640742   -0.7916381
  3240 | 9A9C41  -6644671   -0.7921065
  3241 | 9A8CEC  -6648596   -0.7925744
  3242 | 9A7D9B  -6652517   -0.7930418
  3243 | 9A6E4D  -6656435   -0.7935089
  3244 | 9A5F04  -6660348   -0.7939754
  3245 | 9A4FBE  -6664258   -0.7944415
  3246 | 9A407D  -6668163   -0.7949070
  3247 | 9A313F  -6672065   -0.7953721
  3248 | 9A2205  -6675963   -0.7958368
  3249 | 9A12CF  -6679857   -0.7963010
  3250 | 9A039D  -6683747   -0.7967647
  3251 | 99F46F  -6687633   -0.7972280
  3252 | 99E545  -6691515   -0.7976907
  3253 | 99D61F  -6695393   -0.7981530
  3254 | 99C6FD  -6699267   -0.7986149
  3255 | 99B7DE  -6703138   -0.7990763
  3256 | 99A8C4  -6707004   -0.7995372
  3257 | 9999AE  -6710866   -0.7999976
  3258 | 998A9B  -6714725   -0.8004576
  3259 | 997B8D  -6718579   -0.8009170
  3260 | 996C82  -6722430   -0.8013761
  3261 | 995D7C  -6726276   -0.8018346
  3262 | 994E79  -6730119   -0.8022927
  3263 | 993F7A  -6733958   -0.8027503
  3264 | 993080  -6737792   -0.8032074
  3265 | 992189  -6741623   -0.8036641
  3266 | 991296  -6745450   -0.8041203
  3267 | 9903A7  -6749273   -0.8045760
  3268 | 98F4BD  -6753091   -0.8050312
  3269 | 98E5D6  -6756906   -0.8054860
  3270 | 98D6F3  -6760717   -0.8059403
  3271 | 98C814  -6764524   -0.8063941
  3272 | 98B939  -6768327   -0.8068475
  3273 | 98AA62  -6772126   -0.8073003
  3274 | 989B8F  -6775921   -0.8077527
  3275 | 988CC0  -6779712   -0.8082047
  3276 | 987DF5  -6783499   -0.8086561
  3277 | 986F2E  -6787282   -0.8091071
  3278 | 98606B  -6791061   -0.8095576
  3279 | 9851AC  -6794836   -0.8100076
  3280 | 9842F1  -6798607   -0.8104571
  3281 | 98343A  -6802374   -0.8109062
  3282 | 982587  -6806137   -0.8113548
  3283 | 9816D8  -6809896   -0.8118029
  3284 | 98082D  -6813651   -0.8122505
  3285 | 97F986  -6817402   -0.8126976
  3286 | 97EAE3  -6821149   -0.8131443
  3287 | 97DC44  -6824892   -0.8135905
  3288 | 97CDA9  -6828631   -0.8140363
  3289 | 97BF12  -6832366   -0.8144815
  3290 | 97B07F  -6836097   -0.8149263
  3291 | 97A1F0  -6839824   -0.8153706
  3292 | 979366  -6843546   -0.8158143
  3293 | 9784DF  -6847265   -0.8162576
  3294 | 97765C  -6850980   -0.8167005
  3295 | 9767DD  -6854691   -0.8171428
  3296 | 975962  -6858398   -0.8175848
  3297 | 974AEC  -6862100   -0.8180261
  3298 | 973C79  -6865799   -0.8184670
  3299 | 972E0A  -6869494   -0.8189075
  3300 | 971FA0  -6873184   -0.8193474
  3301 | 971139  -6876871   -0.8197869
  3302 | 9702D7  -6880553   -0.8202258
  3303 | 96F478  -6884232   -0.8206644
  3304 | 96E61E  -6887906   -0.8211024
  3305 | 96D7C7  -6891577   -0.8215400
  3306 | 96C975  -6895243   -0.8219770
  3307 | 96BB27  -6898905   -0.8224136
  3308 | 96ACDD  -6902563   -0.8228496
  3309 | 969E96  -6906218   -0.8232853
  3310 | 969054  -6909868   -0.8237205
  3311 | 968216  -6913514   -0.8241551
  3312 | 9673DC  -6917156   -0.8245893
  3313 | 9665A7  -6920793   -0.8250228
  3314 | 965775  -6924427   -0.8254560
  3315 | 964947  -6928057   -0.8258888
  3316 | 963B1D  -6931683   -0.8263210
  3317 | 962CF8  -6935304   -0.8267527
  3318 | 961ED6  -6938922   -0.8271840
  3319 | 9610B9  -6942535   -0.8276147
  3320 | 9602A0  -6946144   -0.8280449
  3321 | 95F48A  -6949750   -0.8284748
  3322 | 95E679  -6953351   -0.8289040
  3323 | 95D86C  -6956948   -0.8293328
  3324 | 95CA63  -6960541   -0.8297611
  3325 | 95BC5E  -6964130   -0.8301890
  3326 | 95AE5D  -6967715   -0.8306164
  3327 | 95A061  -6971295   -0.8310431
  3328 | 959268  -6974872   -0.8314695
  3329 | 958474  -6978444   -0.8318954
  3330 | 957683  -6982013   -0.8323208
  3331 | 956897  -6985577   -0.8327457
  3332 | 955AAF  -6989137   -0.8331701
  3333 | 954CCB  -6992693   -0.8335940
  3334 | 953EEB  -6996245   -0.8340174
  3335 | 95310F  -6999793   -0.8344404
  3336 | 952337  -7003337   -0.8348628
  3337 | 951564  -7006876   -0.8352847
  3338 | 950794  -7010412   -0.8357062
  3339 | 94F9C9  -7013943   -0.8361272
  3340 | 94EC02  -7017470   -0.8365476
  3341 | 94DE3F  -7020993   -0.8369676
  3342 | 94D080  -7024512   -0.8373871
  3343 | 94C2C5  -7028027   -0.8378061
  3344 | 94B50E  -7031538   -0.8382246
  3345 | 94A75C  -7035044   -0.8386426
  3346 | 9499AD  -7038547   -0.8390602
  3347 | 948C03  -7042045   -0.8394772
  3348 | 947E5D  -7045539   -0.8398937
  3349 | 9470BB  -7049029   -0.8403097
  3350 | 94631D  -7052515   -0.8407253
  3351 | 945584  -7055996   -0.8411403
  3352 | 9447EE  -7059474   -0.8415549
  3353 | 943A5D  -7062947   -0.8419689
  3354 | 942CCF  -7066417   -0.8423826
  3355 | 941F46  -7069882   -0.8427956
  3356 | 9411C1  -7073343   -0.8432082
  3357 | 940441  -7076799   -0.8436202
  3358 | 93F6C4  -7080252   -0.8440318
  3359 | 93E94C  -7083700   -0.8444428
  3360 | 93DBD7  -7087145   -0.8448535
  3361 | 93CE67  -7090585   -0.8452636
  3362 | 93C0FB  -7094021   -0.8456732
  3363 | 93B394  -7097452   -0.8460822
  3364 | 93A630  -7100880   -0.8464909
  3365 | 9398D1  -7104303   -0.8468989
  3366 | 938B76  -7107722   -0.8473065
  3367 | 937E1F  -7111137   -0.8477136
  3368 | 9370CC  -7114548   -0.8481202
  3369 | 93637D  -7117955   -0.8485264
  3370 | 935633  -7121357   -0.8489319
  3371 | 9348EC  -7124756   -0.8493371
  3372 | 933BAA  -7128150   -0.8497417
  3373 | 932E6C  -7131540   -0.8501458
  3374 | 932133  -7134925   -0.8505493
  3375 | 9313FD  -7138307   -0.8509525
  3376 | 9306CC  -7141684   -0.8513551
  3377 | 92F99F  -7145057   -0.8517572
  3378 | 92EC76  -7148426   -0.8521588
  3379 | 92DF51  -7151791   -0.8525599
  3380 | 92D231  -7155151   -0.8529605
  3381 | 92C514  -7158508   -0.8533607
  3382 | 92B7FC  -7161860   -0.8537602
  3383 | 92AAE9  -7165207   -0.8541592
  3384 | 929DD9  -7168551   -0.8545579
  3385 | 9290CD  -7171891   -0.8549560
  3386 | 9283C6  -7175226   -0.8553536
  3387 | 9276C3  -7178557   -0.8557507
  3388 | 9269C5  -7181883   -0.8561472
  3389 | 925CCA  -7185206   -0.8565433
  3390 | 924FD4  -7188524   -0.8569388
  3391 | 9242E2  -7191838   -0.8573339
  3392 | 9235F4  -7195148   -0.8577285
  3393 | 92290A  -7198454   -0.8581226
  3394 | 921C25  -7201755   -0.8585161
  3395 | 920F44  -7205052   -0.8589091
  3396 | 920267  -7208345   -0.8593017
  3397 | 91F58E  -7211634   -0.8596938
  3398 | 91E8BA  -7214918   -0.8600852
  3399 | 91DBE9  -7218199   -0.8604764
  3400 | 91CF1E  -7221474   -0.8608668
  3401 | 91C256  -7224746   -0.8612568
  3402 | 91B592  -7228014   -0.8616464
  3403 | 91A8D3  -7231277   -0.8620354
  3404 | 919C18  -7234536   -0.8624239
  3405 | 918F62  -7237790   -0.8628118
  3406 | 9182AF  -7241041   -0.8631994
  3407 | 917601  -7244287   -0.8635863
  3408 | 916957  -7247529   -0.8639728
  3409 | 915CB2  -7250766   -0.8643587
  3410 | 915010  -7254000   -0.8647442
  3411 | 914373  -7257229   -0.8651291
  3412 | 9136DA  -7260454   -0.8655136
  3413 | 912A46  -7263674   -0.8658974
  3414 | 911DB6  -7266890   -0.8662808
  3415 | 91112A  -7270102   -0.8666637
  3416 | 9104A2  -7273310   -0.8670461
  3417 | 90F81E  -7276514   -0.8674281
  3418 | 90EB9F  -7279713   -0.8678094
  3419 | 90DF24  -7282908   -0.8681903
  3420 | 90D2AE  -7286098   -0.8685706
  3421 | 90C63B  -7289285   -0.8689505
  3422 | 90B9CD  -7292467   -0.8693298
  3423 | 90AD64  -7295644   -0.8697085
  3424 | 90A0FE  -7298818   -0.8700869
  3425 | 90949D  -7301987   -0.8704647
  3426 | 908840  -7305152   -0.8708420
  3427 | 907BE8  -7308312   -0.8712187
  3428 | 906F93  -7311469   -0.8715950
  3429 | 906343  -7314621   -0.8719708
  3430 | 9056F8  -7317768   -0.8723459
  3431 | 904AB0  -7320912   -0.8727207
  3432 | 903E6D  -7324051   -0.8730949
  3433 | 90322F  -7327185   -0.8734685
  3434 | 9025F4  -7330316   -0.8738418
  3435 | 9019BE  -7333442   -0.8742144
  3436 | 900D8C  -7336564   -0.8745866
  3437 | 90015F  -7339681   -0.8749582
  3438 | 8FF536  -7342794   -0.8753293
  3439 | 8FE911  -7345903   -0.8756999
  3440 | 8FDCF0  -7349008   -0.8760700
  3441 | 8FD0D4  -7352108   -0.8764396
  3442 | 8FC4BC  -7355204   -0.8768086
  3443 | 8FB8A9  -7358295   -0.8771771
  3444 | 8FAC99  -7361383   -0.8775452
  3445 | 8FA08F  -7364465   -0.8779126
  3446 | 8F9488  -7367544   -0.8782797
  3447 | 8F8886  -7370618   -0.8786461
  3448 | 8F7C88  -7373688   -0.8790121
  3449 | 8F708E  -7376754   -0.8793776
  3450 | 8F6499  -7379815   -0.8797425
  3451 | 8F58A8  -7382872   -0.8801069
  3452 | 8F4CBC  -7385924   -0.8804708
  3453 | 8F40D4  -7388972   -0.8808341
  3454 | 8F34F0  -7392016   -0.8811970
  3455 | 8F2910  -7395056   -0.8815594
  3456 | 8F1D35  -7398091   -0.8819212
  3457 | 8F115E  -7401122   -0.8822825
  3458 | 8F058C  -7404148   -0.8826432
  3459 | 8EF9BE  -7407170   -0.8830035
  3460 | 8EEDF4  -7410188   -0.8833632
  3461 | 8EE22F  -7413201   -0.8837224
  3462 | 8ED66E  -7416210   -0.8840811
  3463 | 8ECAB1  -7419215   -0.8844393
  3464 | 8EBEF9  -7422215   -0.8847970
  3465 | 8EB345  -7425211   -0.8851541
  3466 | 8EA795  -7428203   -0.8855108
  3467 | 8E9BEA  -7431190   -0.8858669
  3468 | 8E9043  -7434173   -0.8862225
  3469 | 8E84A1  -7437151   -0.8865775
  3470 | 8E7903  -7440125   -0.8869320
  3471 | 8E6D69  -7443095   -0.8872861
  3472 | 8E61D4  -7446060   -0.8876395
  3473 | 8E5643  -7449021   -0.8879925
  3474 | 8E4AB7  -7451977   -0.8883449
  3475 | 8E3F2E  -7454930   -0.8886969
  3476 | 8E33AB  -7457877   -0.8890482
  3477 | 8E282B  -7460821   -0.8893992
  3478 | 8E1CB0  -7463760   -0.8897495
  3479 | 8E113A  -7466694   -0.8900993
  3480 | 8E05C8  -7469624   -0.8904486
  3481 | 8DFA5A  -7472550   -0.8907974
  3482 | 8DEEF0  -7475472   -0.8911457
  3483 | 8DE38B  -7478389   -0.8914934
  3484 | 8DD82B  -7481301   -0.8918406
  3485 | 8DCCCF  -7484209   -0.8921872
  3486 | 8DC177  -7487113   -0.8925334
  3487 | 8DB623  -7490013   -0.8928791
  3488 | 8DAAD4  -7492908   -0.8932242
  3489 | 8D9F8A  -7495798   -0.8935688
  3490 | 8D9444  -7498684   -0.8939128
  3491 | 8D8902  -7501566   -0.8942564
  3492 | 8D7DC4  -7504444   -0.8945994
  3493 | 8D728C  -7507316   -0.8949418
  3494 | 8D6757  -7510185   -0.8952838
  3495 | 8D5C27  -7513049   -0.8956252
  3496 | 8D50FB  -7515909   -0.8959662
  3497 | 8D45D4  -7518764   -0.8963065
  3498 | 8D3AB1  -7521615   -0.8966464
  3499 | 8D2F93  -7524461   -0.8969857
  3500 | 8D2479  -7527303   -0.8973244
  3501 | 8D1963  -7530141   -0.8976628
  3502 | 8D0E52  -7532974   -0.8980005
  3503 | 8D0345  -7535803   -0.8983377
  3504 | 8CF83D  -7538627   -0.8986744
  3505 | 8CED39  -7541447   -0.8990105
  3506 | 8CE23A  -7544262   -0.8993461
  3507 | 8CD73F  -7547073   -0.8996812
  3508 | 8CCC48  -7549880   -0.9000158
  3509 | 8CC156  -7552682   -0.9003499
  3510 | 8CB669  -7555479   -0.9006833
  3511 | 8CAB7F  -7558273   -0.9010164
  3512 | 8CA09B  -7561061   -0.9013487
  3513 | 8C95BA  -7563846   -0.9016807
  3514 | 8C8ADF  -7566625   -0.9020120
  3515 | 8C8007  -7569401   -0.9023429
  3516 | 8C7534  -7572172   -0.9026732
  3517 | 8C6A66  -7574938   -0.9030030
  3518 | 8C5F9C  -7577700   -0.9033322
  3519 | 8C54D6  -7580458   -0.9036610
  3520 | 8C4A15  -7583211   -0.9039892
  3521 | 8C3F58  -7585960   -0.9043169
  3522 | 8C34A0  -7588704   -0.9046440
  3523 | 8C29ED  -7591443   -0.9049705
  3524 | 8C1F3D  -7594179   -0.9052967
  3525 | 8C1492  -7596910   -0.9056222
  3526 | 8C09EC  -7599636   -0.9059472
  3527 | 8BFF4A  -7602358   -0.9062717
  3528 | 8BF4AD  -7605075   -0.9065956
  3529 | 8BEA14  -7607788   -0.9069190
  3530 | 8BDF80  -7610496   -0.9072418
  3531 | 8BD4F0  -7613200   -0.9075642
  3532 | 8BCA64  -7615900   -0.9078860
  3533 | 8BBFDD  -7618595   -0.9082073
  3534 | 8BB55B  -7621285   -0.9085280
  3535 | 8BAADD  -7623971   -0.9088482
  3536 | 8BA063  -7626653   -0.9091679
  3537 | 8B95EE  -7629330   -0.9094870
  3538 | 8B8B7D  -7632003   -0.9098057
  3539 | 8B8111  -7634671   -0.9101237
  3540 | 8B76AA  -7637334   -0.9104412
  3541 | 8B6C47  -7639993   -0.9107581
  3542 | 8B61E8  -7642648   -0.9110746
  3543 | 8B578E  -7645298   -0.9113905
  3544 | 8B4D38  -7647944   -0.9117060
  3545 | 8B42E7  -7650585   -0.9120208
  3546 | 8B389B  -7653221   -0.9123350
  3547 | 8B2E53  -7655853   -0.9126488
  3548 | 8B240F  -7658481   -0.9129621
  3549 | 8B19D0  -7661104   -0.9132748
  3550 | 8B0F95  -7663723   -0.9135870
  3551 | 8B055F  -7666337   -0.9138986
  3552 | 8AFB2E  -7668946   -0.9142096
  3553 | 8AF101  -7671551   -0.9145201
  3554 | 8AE6D8  -7674152   -0.9148302
  3555 | 8ADCB4  -7676748   -0.9151397
  3556 | 8AD294  -7679340   -0.9154487
  3557 | 8AC879  -7681927   -0.9157571
  3558 | 8ABE63  -7684509   -0.9160649
  3559 | 8AB451  -7687087   -0.9163722
  3560 | 8AAA44  -7689660   -0.9166789
  3561 | 8AA03B  -7692229   -0.9169852
  3562 | 8A9636  -7694794   -0.9172909
  3563 | 8A8C36  -7697354   -0.9175961
  3564 | 8A823B  -7699909   -0.9179007
  3565 | 8A7844  -7702460   -0.9182048
  3566 | 8A6E52  -7705006   -0.9185083
  3567 | 8A6464  -7707548   -0.9188113
  3568 | 8A5A7B  -7710085   -0.9191138
  3569 | 8A5096  -7712618   -0.9194157
  3570 | 8A46B6  -7715146   -0.9197171
  3571 | 8A3CDB  -7717669   -0.9200178
  3572 | 8A3304  -7720188   -0.9203181
  3573 | 8A2931  -7722703   -0.9206179
  3574 | 8A1F63  -7725213   -0.9209172
  3575 | 8A159A  -7727718   -0.9212158
  3576 | 8A0BD5  -7730219   -0.9215139
  3577 | 8A0215  -7732715   -0.9218115
  3578 | 89F859  -7735207   -0.9221085
  3579 | 89EEA2  -7737694   -0.9224050
  3580 | 89E4EF  -7740177   -0.9227010
  3581 | 89DB41  -7742655   -0.9229964
  3582 | 89D197  -7745129   -0.9232913
  3583 | 89C7F2  -7747598   -0.9235857
  3584 | 89BE52  -7750062   -0.9238794
  3585 | 89B4B6  -7752522   -0.9241726
  3586 | 89AB1E  -7754978   -0.9244654
  3587 | 89A18C  -7757428   -0.9247575
  3588 | 8997FD  -7759875   -0.9250492
  3589 | 898E74  -7762316   -0.9253402
  3590 | 8984EF  -7764753   -0.9256307
  3591 | 897B6E  -7767186   -0.9259207
  3592 | 8971F2  -7769614   -0.9262102
  3593 | 89687B  -7772037   -0.9264990
  3594 | 895F08  -7774456   -0.9267874
  3595 | 89559A  -7776870   -0.9270751
  3596 | 894C30  -7779280   -0.9273624
  3597 | 8942CB  -7781685   -0.9276491
  3598 | 89396B  -7784085   -0.9279352
  3599 | 89300F  -7786481   -0.9282209
  3600 | 8926B7  -7788873   -0.9285060
  3601 | 891D65  -7791259   -0.9287905
  3602 | 891416  -7793642   -0.9290745
  3603 | 890ACD  -7796019   -0.9293579
  3604 | 890188  -7798392   -0.9296408
  3605 | 88F847  -7800761   -0.9299232
  3606 | 88EF0C  -7803124   -0.9302049
  3607 | 88E5D4  -7805484   -0.9304862
  3608 | 88DCA2  -7807838   -0.9307668
  3609 | 88D374  -7810188   -0.9310470
  3610 | 88CA4A  -7812534   -0.9313266
  3611 | 88C125  -7814875   -0.9316057
  3612 | 88B805  -7817211   -0.9318842
  3613 | 88AEE9  -7819543   -0.9321622
  3614 | 88A5D2  -7821870   -0.9324396
  3615 | 889CC0  -7824192   -0.9327164
  3616 | 8893B2  -7826510   -0.9329927
  3617 | 888AA9  -7828823   -0.9332684
  3618 | 8881A4  -7831132   -0.9335437
  3619 | 8878A4  -7833436   -0.9338183
  3620 | 886FA9  -7835735   -0.9340924
  3621 | 8866B2  -7838030   -0.9343660
  3622 | 885DC0  -7840320   -0.9346390
  3623 | 8854D2  -7842606   -0.9349115
  3624 | 884BE9  -7844887   -0.9351834
  3625 | 884305  -7847163   -0.9354547
  3626 | 883A25  -7849435   -0.9357256
  3627 | 88314A  -7851702   -0.9359958
  3628 | 882873  -7853965   -0.9362656
  3629 | 881FA1  -7856223   -0.9365348
  3630 | 8816D4  -7858476   -0.9368033
  3631 | 880E0B  -7860725   -0.9370714
  3632 | 880547  -7862969   -0.9373389
  3633 | 87FC88  -7865208   -0.9376059
  3634 | 87F3CD  -7867443   -0.9378723
  3635 | 87EB17  -7869673   -0.9381381
  3636 | 87E266  -7871898   -0.9384034
  3637 | 87D9B9  -7874119   -0.9386681
  3638 | 87D110  -7876336   -0.9389324
  3639 | 87C86D  -7878547   -0.9391960
  3640 | 87BFCE  -7880754   -0.9394591
  3641 | 87B733  -7882957   -0.9397217
  3642 | 87AE9E  -7885154   -0.9399836
  3643 | 87A60D  -7887347   -0.9402450
  3644 | 879D80  -7889536   -0.9405060
  3645 | 8794F8  -7891720   -0.9407663
  3646 | 878C75  -7893899   -0.9410261
  3647 | 8783F7  -7896073   -0.9412853
  3648 | 877B7D  -7898243   -0.9415439
  3649 | 877308  -7900408   -0.9418020
  3650 | 876A97  -7902569   -0.9420596
  3651 | 87622B  -7904725   -0.9423167
  3652 | 8759C4  -7906876   -0.9425731
  3653 | 875161  -7909023   -0.9428290
  3654 | 874903  -7911165   -0.9430844
  3655 | 8740AA  -7913302   -0.9433391
  3656 | 873855  -7915435   -0.9435934
  3657 | 873005  -7917563   -0.9438471
  3658 | 8727BA  -7919686   -0.9441001
  3659 | 871F73  -7921805   -0.9443527
  3660 | 871731  -7923919   -0.9446048
  3661 | 870EF4  -7926028   -0.9448562
  3662 | 8706BB  -7928133   -0.9451071
  3663 | 86FE87  -7930233   -0.9453574
  3664 | 86F658  -7932328   -0.9456072
  3665 | 86EE2D  -7934419   -0.9458565
  3666 | 86E607  -7936505   -0.9461051
  3667 | 86DDE6  -7938586   -0.9463532
  3668 | 86D5C9  -7940663   -0.9466008
  3669 | 86CDB1  -7942735   -0.9468478
  3670 | 86C59E  -7944802   -0.9470942
  3671 | 86BD8F  -7946865   -0.9473401
  3672 | 86B585  -7948923   -0.9475855
  3673 | 86AD80  -7950976   -0.9478302
  3674 | 86A57F  -7953025   -0.9480745
  3675 | 869D83  -7955069   -0.9483181
  3676 | 86958C  -7957108   -0.9485612
  3677 | 868D99  -7959143   -0.9488038
  3678 | 8685AB  -7961173   -0.9490458
  3679 | 867DC2  -7963198   -0.9492872
  3680 | 8675DD  -7965219   -0.9495281
  3681 | 866DFD  -7967235   -0.9497684
  3682 | 866622  -7969246   -0.9500082
  3683 | 865E4C  -7971252   -0.9502473
  3684 | 86567A  -7973254   -0.9504859
  3685 | 864EAD  -7975251   -0.9507240
  3686 | 8646E4  -7977244   -0.9509616
  3687 | 863F21  -7979231   -0.9511985
  3688 | 863762  -7981214   -0.9514349
  3689 | 862FA7  -7983193   -0.9516708
  3690 | 8627F2  -7985166   -0.9519060
  3691 | 862041  -7987135   -0.9521407
  3692 | 861894  -7989100   -0.9523749
  3693 | 8610ED  -7991059   -0.9526085
  3694 | 86094A  -7993014   -0.9528415
  3695 | 8601AC  -7994964   -0.9530740
  3696 | 85FA12  -7996910   -0.9533060
  3697 | 85F27E  -7998850   -0.9535372
  3698 | 85EAED  -8000787   -0.9537681
  3699 | 85E362  -8002718   -0.9539983
  3700 | 85DBDC  -8004644   -0.9542279
  3701 | 85D45A  -8006566   -0.9544570
  3702 | 85CCDC  -8008484   -0.9546857
  3703 | 85C564  -8010396   -0.9549136
  3704 | 85BDF0  -8012304   -0.9551411
  3705 | 85B681  -8014207   -0.9553679
  3706 | 85AF17  -8016105   -0.9555942
  3707 | 85A7B1  -8017999   -0.9558200
  3708 | 85A050  -8019888   -0.9560452
  3709 | 8598F4  -8021772   -0.9562697
  3710 | 85919C  -8023652   -0.9564939
  3711 | 858A4A  -8025526   -0.9567173
  3712 | 8582FC  -8027396   -0.9569402
  3713 | 857BB2  -8029262   -0.9571626
  3714 | 85746E  -8031122   -0.9573843
  3715 | 856D2E  -8032978   -0.9576056
  3716 | 8565F3  -8034829   -0.9578263
  3717 | 855EBC  -8036676   -0.9580464
  3718 | 85578B  -8038517   -0.9582659
  3719 | 85505E  -8040354   -0.9584849
  3720 | 854935  -8042187   -0.9587034
  3721 | 854212  -8044014   -0.9589212
  3722 | 853AF3  -8045837   -0.9591385
  3723 | 8533D9  -8047655   -0.9593552
  3724 | 852CC4  -8049468   -0.9595714
  3725 | 8525B3  -8051277   -0.9597870
  3726 | 851EA7  -8053081   -0.9600021
  3727 | 8517A0  -8054880   -0.9602165
  3728 | 85109E  -8056674   -0.9604304
  3729 | 8509A0  -8058464   -0.9606438
  3730 | 8502A7  -8060249   -0.9608566
  3731 | 84FBB3  -8062029   -0.9610687
  3732 | 84F4C4  -8063804   -0.9612803
  3733 | 84EDD9  -8065575   -0.9614915
  3734 | 84E6F3  -8067341   -0.9617020
  3735 | 84E012  -8069102   -0.9619119
  3736 | 84D936  -8070858   -0.9621212
  3737 | 84D25E  -8072610   -0.9623301
  3738 | 84CB8B  -8074357   -0.9625384
  3739 | 84C4BD  -8076099   -0.9627460
  3740 | 84BDF3  -8077837   -0.9629532
  3741 | 84B72F  -8079569   -0.9631597
  3742 | 84B06F  -8081297   -0.9633657
  3743 | 84A9B4  -8083020   -0.9635711
  3744 | 84A2FD  -8084739   -0.9637760
  3745 | 849C4C  -8086452   -0.9639802
  3746 | 84959F  -8088161   -0.9641839
  3747 | 848EF7  -8089865   -0.9643871
  3748 | 848853  -8091565   -0.9645897
  3749 | 8481B5  -8093259   -0.9647917
  3750 | 847B1B  -8094949   -0.9649931
  3751 | 847486  -8096634   -0.9651940
  3752 | 846DF5  -8098315   -0.9653944
  3753 | 84676A  -8099990   -0.9655941
  3754 | 8460E3  -8101661   -0.9657933
  3755 | 845A61  -8103327   -0.9659919
  3756 | 8453E4  -8104988   -0.9661899
  3757 | 844D6B  -8106645   -0.9663874
  3758 | 8446F8  -8108296   -0.9665842
  3759 | 844089  -8109943   -0.9667805
  3760 | 843A1E  -8111586   -0.9669764
  3761 | 8433B9  -8113223   -0.9671715
  3762 | 842D58  -8114856   -0.9673662
  3763 | 8426FC  -8116484   -0.9675603
  3764 | 8420A5  -8118107   -0.9677538
  3765 | 841A53  -8119725   -0.9679466
  3766 | 841406  -8121338   -0.9681389
  3767 | 840DBD  -8122947   -0.9683307
  3768 | 840779  -8124551   -0.9685220
  3769 | 84013A  -8126150   -0.9687126
  3770 | 83FAFF  -8127745   -0.9689027
  3771 | 83F4CA  -8129334   -0.9690921
  3772 | 83EE99  -8130919   -0.9692811
  3773 | 83E86D  -8132499   -0.9694694
  3774 | 83E245  -8134075   -0.9696573
  3775 | 83DC23  -8135645   -0.9698445
  3776 | 83D605  -8137211   -0.9700311
  3777 | 83CFEC  -8138772   -0.9702172
  3778 | 83C9D8  -8140328   -0.9704027
  3779 | 83C3C9  -8141879   -0.9705876
  3780 | 83BDBE  -8143426   -0.9707720
  3781 | 83B7B8  -8144968   -0.9709558
  3782 | 83B1B7  -8146505   -0.9711391
  3783 | 83ABBB  -8148037   -0.9713217
  3784 | 83A5C4  -8149564   -0.9715037
  3785 | 839FD1  -8151087   -0.9716853
  3786 | 8399E3  -8152605   -0.9718663
  3787 | 8393FA  -8154118   -0.9720466
  3788 | 838E16  -8155626   -0.9722264
  3789 | 838837  -8157129   -0.9724056
  3790 | 83825C  -8158628   -0.9725842
  3791 | 837C86  -8160122   -0.9727623
  3792 | 8376B5  -8161611   -0.9729398
  3793 | 8370E9  -8163095   -0.9731168
  3794 | 836B21  -8164575   -0.9732932
  3795 | 83655F  -8166049   -0.9734689
  3796 | 835FA1  -8167519   -0.9736441
  3797 | 8359E8  -8168984   -0.9738188
  3798 | 835434  -8170444   -0.9739928
  3799 | 834E84  -8171900   -0.9741664
  3800 | 8348DA  -8173350   -0.9743392
  3801 | 834334  -8174796   -0.9745116
  3802 | 833D93  -8176237   -0.9746834
  3803 | 8337F7  -8177673   -0.9748546
  3804 | 833260  -8179104   -0.9750252
  3805 | 832CCD  -8180531   -0.9751953
  3806 | 83273F  -8181953   -0.9753648
  3807 | 8321B6  -8183370   -0.9755337
  3808 | 831C32  -8184782   -0.9757020
  3809 | 8316B3  -8186189   -0.9758698
  3810 | 831139  -8187591   -0.9760369
  3811 | 830BC3  -8188989   -0.9762036
  3812 | 830652  -8190382   -0.9763696
  3813 | 8300E6  -8191770   -0.9765351
  3814 | 82FB7F  -8193153   -0.9766999
  3815 | 82F61C  -8194532   -0.9768643
  3816 | 82F0BF  -8195905   -0.9770280
  3817 | 82EB66  -8197274   -0.9771912
  3818 | 82E612  -8198638   -0.9773538
  3819 | 82E0C3  -8199997   -0.9775158
  3820 | 82DB79  -8201351   -0.9776772
  3821 | 82D633  -8202701   -0.9778382
  3822 | 82D0F3  -8204045   -0.9779984
  3823 | 82CBB7  -8205385   -0.9781581
  3824 | 82C680  -8206720   -0.9783173
  3825 | 82C14E  -8208050   -0.9784758
  3826 | 82BC21  -8209375   -0.9786338
  3827 | 82B6F8  -8210696   -0.9787912
  3828 | 82B1D4  -8212012   -0.9789481
  3829 | 82ACB6  -8213322   -0.9791043
  3830 | 82A79C  -8214628   -0.9792600
  3831 | 82A287  -8215929   -0.9794151
  3832 | 829D76  -8217226   -0.9795697
  3833 | 82986B  -8218517   -0.9797236
  3834 | 829364  -8219804   -0.9798770
  3835 | 828E62  -8221086   -0.9800298
  3836 | 828965  -8222363   -0.9801821
  3837 | 82846D  -8223635   -0.9803337
  3838 | 827F7A  -8224902   -0.9804847
  3839 | 827A8B  -8226165   -0.9806353
  3840 | 8275A2  -8227422   -0.9807851
  3841 | 8270BD  -8228675   -0.9809345
  3842 | 826BDD  -8229923   -0.9810833
  3843 | 826702  -8231166   -0.9812315
  3844 | 82622C  -8232404   -0.9813790
  3845 | 825D5A  -8233638   -0.9815261
  3846 | 82588E  -8234866   -0.9816725
  3847 | 8253C6  -8236090   -0.9818184
  3848 | 824F03  -8237309   -0.9819638
  3849 | 824A45  -8238523   -0.9821085
  3850 | 82458C  -8239732   -0.9822526
  3851 | 8240D7  -8240937   -0.9823962
  3852 | 823C28  -8242136   -0.9825392
  3853 | 82377D  -8243331   -0.9826816
  3854 | 8232D7  -8244521   -0.9828235
  3855 | 822E37  -8245705   -0.9829646
  3856 | 82299A  -8246886   -0.9831054
  3857 | 822503  -8248061   -0.9832455
  3858 | 822071  -8249231   -0.9833850
  3859 | 821BE3  -8250397   -0.9835240
  3860 | 82175B  -8251557   -0.9836622
  3861 | 8212D7  -8252713   -0.9838001
  3862 | 820E58  -8253864   -0.9839373
  3863 | 8209DE  -8255010   -0.9840739
  3864 | 820568  -8256152   -0.9842100
  3865 | 8200F8  -8257288   -0.9843454
  3866 | 81FC8C  -8258420   -0.9844804
  3867 | 81F826  -8259546   -0.9846146
  3868 | 81F3C4  -8260668   -0.9847484
  3869 | 81EF67  -8261785   -0.9848815
  3870 | 81EB0F  -8262897   -0.9850141
  3871 | 81E6BB  -8264005   -0.9851462
  3872 | 81E26D  -8265107   -0.9852775
  3873 | 81DE24  -8266204   -0.9854083
  3874 | 81D9DF  -8267297   -0.9855386
  3875 | 81D59F  -8268385   -0.9856683
  3876 | 81D164  -8269468   -0.9857974
  3877 | 81CD2E  -8270546   -0.9859259
  3878 | 81C8FD  -8271619   -0.9860538
  3879 | 81C4D0  -8272688   -0.9861813
  3880 | 81C0A9  -8273751   -0.9863080
  3881 | 81BC86  -8274810   -0.9864342
  3882 | 81B869  -8275863   -0.9865597
  3883 | 81B450  -8276912   -0.9866848
  3884 | 81B03C  -8277956   -0.9868093
  3885 | 81AC2D  -8278995   -0.9869331
  3886 | 81A822  -8280030   -0.9870565
  3887 | 81A41D  -8281059   -0.9871792
  3888 | 81A01C  -8282084   -0.9873013
  3889 | 819C21  -8283103   -0.9874228
  3890 | 81982A  -8284118   -0.9875438
  3891 | 819438  -8285128   -0.9876642
  3892 | 81904B  -8286133   -0.9877840
  3893 | 818C63  -8287133   -0.9879032
  3894 | 818880  -8288128   -0.9880219
  3895 | 8184A1  -8289119   -0.9881400
  3896 | 8180C8  -8290104   -0.9882574
  3897 | 817CF3  -8291085   -0.9883744
  3898 | 817923  -8292061   -0.9884907
  3899 | 817558  -8293032   -0.9886065
  3900 | 817192  -8293998   -0.9887216
  3901 | 816DD1  -8294959   -0.9888362
  3902 | 816A15  -8295915   -0.9889501
  3903 | 81665E  -8296866   -0.9890635
  3904 | 8162AB  -8297813   -0.9891764
  3905 | 815EFD  -8298755   -0.9892887
  3906 | 815B55  -8299691   -0.9894003
  3907 | 8157B1  -8300623   -0.9895114
  3908 | 815412  -8301550   -0.9896219
  3909 | 815078  -8302472   -0.9897318
  3910 | 814CE3  -8303389   -0.9898411
  3911 | 814952  -8304302   -0.9899499
  3912 | 8145C7  -8305209   -0.9900581
  3913 | 814240  -8306112   -0.9901657
  3914 | 813EBF  -8307009   -0.9902726
  3915 | 813B42  -8307902   -0.9903791
  3916 | 8137CA  -8308790   -0.9904850
  3917 | 813457  -8309673   -0.9905902
  3918 | 8130E9  -8310551   -0.9906949
  3919 | 812D80  -8311424   -0.9907990
  3920 | 812A1B  -8312293   -0.9909025
  3921 | 8126BC  -8313156   -0.9910054
  3922 | 812361  -8314015   -0.9911078
  3923 | 81200C  -8314868   -0.9912095
  3924 | 811CBB  -8315717   -0.9913107
  3925 | 81196F  -8316561   -0.9914113
  3926 | 811628  -8317400   -0.9915113
  3927 | 8112E6  -8318234   -0.9916108
  3928 | 810FA9  -8319063   -0.9917096
  3929 | 810C70  -8319888   -0.9918079
  3930 | 81093D  -8320707   -0.9919056
  3931 | 81060E  -8321522   -0.9920027
  3932 | 8102E5  -8322331   -0.9920992
  3933 | 80FFC0  -8323136   -0.9921951
  3934 | 80FCA0  -8323936   -0.9922905
  3935 | 80F985  -8324731   -0.9923853
  3936 | 80F66F  -8325521   -0.9924794
  3937 | 80F35E  -8326306   -0.9925730
  3938 | 80F052  -8327086   -0.9926660
  3939 | 80ED4B  -8327861   -0.9927584
  3940 | 80EA48  -8328632   -0.9928503
  3941 | 80E74B  -8329397   -0.9929415
  3942 | 80E452  -8330158   -0.9930322
  3943 | 80E15E  -8330914   -0.9931223
  3944 | 80DE6F  -8331665   -0.9932119
  3945 | 80DB85  -8332411   -0.9933008
  3946 | 80D8A0  -8333152   -0.9933891
  3947 | 80D5C0  -8333888   -0.9934769
  3948 | 80D2E5  -8334619   -0.9935640
  3949 | 80D00F  -8335345   -0.9936506
  3950 | 80CD3D  -8336067   -0.9937366
  3951 | 80CA71  -8336783   -0.9938220
  3952 | 80C7A9  -8337495   -0.9939069
  3953 | 80C4E6  -8338202   -0.9939911
  3954 | 80C229  -8338903   -0.9940747
  3955 | 80BF70  -8339600   -0.9941578
  3956 | 80BCBC  -8340292   -0.9942403
  3957 | 80BA0D  -8340979   -0.9943222
  3958 | 80B762  -8341662   -0.9944036
  3959 | 80B4BD  -8342339   -0.9944843
  3960 | 80B21D  -8343011   -0.9945644
  3961 | 80AF81  -8343679   -0.9946440
  3962 | 80ACEB  -8344341   -0.9947230
  3963 | 80AA59  -8344999   -0.9948014
  3964 | 80A7CC  -8345652   -0.9948792
  3965 | 80A544  -8346300   -0.9949565
  3966 | 80A2C2  -8346942   -0.9950330
  3967 | 80A044  -8347580   -0.9951091
  3968 | 809DCA  -8348214   -0.9951847
  3969 | 809B56  -8348842   -0.9952595
  3970 | 8098E7  -8349465   -0.9953338
  3971 | 80967D  -8350083   -0.9954075
  3972 | 809417  -8350697   -0.9954807
  3973 | 8091B7  -8351305   -0.9955531
  3974 | 808F5B  -8351909   -0.9956251
  3975 | 808D04  -8352508   -0.9956965
  3976 | 808AB2  -8353102   -0.9957674
  3977 | 808866  -8353690   -0.9958375
  3978 | 80861E  -8354274   -0.9959071
  3979 | 8083DB  -8354853   -0.9959761
  3980 | 80819C  -8355428   -0.9960446
  3981 | 807F63  -8355997   -0.9961125
  3982 | 807D2F  -8356561   -0.9961797
  3983 | 807B00  -8357120   -0.9962463
  3984 | 8078D5  -8357675   -0.9963125
  3985 | 8076AF  -8358225   -0.9963781
  3986 | 80748F  -8358769   -0.9964429
  3987 | 807273  -8359309   -0.9965073
  3988 | 80705C  -8359844   -0.9965711
  3989 | 806E4A  -8360374   -0.9966342
  3990 | 806C3D  -8360899   -0.9966968
  3991 | 806A35  -8361419   -0.9967588
  3992 | 806832  -8361934   -0.9968202
  3993 | 806634  -8362444   -0.9968810
  3994 | 80643B  -8362949   -0.9969412
  3995 | 806246  -8363450   -0.9970009
  3996 | 806057  -8363945   -0.9970599
  3997 | 805E6C  -8364436   -0.9971185
  3998 | 805C87  -8364921   -0.9971763
  3999 | 805AA6  -8365402   -0.9972336
  4000 | 8058CA  -8365878   -0.9972904
  4001 | 8056F3  -8366349   -0.9973465
  4002 | 805522  -8366814   -0.9974020
  4003 | 805355  -8367275   -0.9974569
  4004 | 80518C  -8367732   -0.9975114
  4005 | 804FC9  -8368183   -0.9975652
  4006 | 804E0B  -8368629   -0.9976183
  4007 | 804C52  -8369070   -0.9976709
  4008 | 804A9D  -8369507   -0.9977230
  4009 | 8048EE  -8369938   -0.9977744
  4010 | 804743  -8370365   -0.9978253
  4011 | 80459E  -8370786   -0.9978755
  4012 | 8043FD  -8371203   -0.9979252
  4013 | 804261  -8371615   -0.9979743
  4014 | 8040CA  -8372022   -0.9980228
  4015 | 803F38  -8372424   -0.9980707
  4016 | 803DAB  -8372821   -0.9981180
  4017 | 803C23  -8373213   -0.9981648
  4018 | 803AA0  -8373600   -0.9982109
  4019 | 803922  -8373982   -0.9982564
  4020 | 8037A9  -8374359   -0.9983014
  4021 | 803634  -8374732   -0.9983459
  4022 | 8034C5  -8375099   -0.9983896
  4023 | 80335A  -8375462   -0.9984329
  4024 | 8031F5  -8375819   -0.9984754
  4025 | 803094  -8376172   -0.9985175
  4026 | 802F38  -8376520   -0.9985590
  4027 | 802DE2  -8376862   -0.9985998
  4028 | 802C90  -8377200   -0.9986401
  4029 | 802B43  -8377533   -0.9986798
  4030 | 8029FB  -8377861   -0.9987189
  4031 | 8028B8  -8378184   -0.9987574
  4032 | 802779  -8378503   -0.9987954
  4033 | 802640  -8378816   -0.9988327
  4034 | 80250C  -8379124   -0.9988694
  4035 | 8023DD  -8379427   -0.9989055
  4036 | 8022B2  -8379726   -0.9989412
  4037 | 80218D  -8380019   -0.9989761
  4038 | 80206C  -8380308   -0.9990106
  4039 | 801F50  -8380592   -0.9990444
  4040 | 801E3A  -8380870   -0.9990776
  4041 | 801D28  -8381144   -0.9991102
  4042 | 801C1B  -8381413   -0.9991423
  4043 | 801B13  -8381677   -0.9991738
  4044 | 801A10  -8381936   -0.9992046
  4045 | 801912  -8382190   -0.9992349
  4046 | 801819  -8382439   -0.9992646
  4047 | 801725  -8382683   -0.9992937
  4048 | 801635  -8382923   -0.9993223
  4049 | 80154B  -8383157   -0.9993502
  4050 | 801465  -8383387   -0.9993776
  4051 | 801385  -8383611   -0.9994043
  4052 | 8012A9  -8383831   -0.9994305
  4053 | 8011D3  -8384045   -0.9994560
  4054 | 801101  -8384255   -0.9994811
  4055 | 801034  -8384460   -0.9995055
  4056 | 800F6D  -8384659   -0.9995292
  4057 | 800EAA  -8384854   -0.9995525
  4058 | 800DEC  -8385044   -0.9995751
  4059 | 800D33  -8385229   -0.9995972
  4060 | 800C7F  -8385409   -0.9996186
  4061 | 800BCF  -8385585   -0.9996396
  4062 | 800B25  -8385755   -0.9996599
  4063 | 800A80  -8385920   -0.9996796
  4064 | 8009DF  -8386081   -0.9996988
  4065 | 800944  -8386236   -0.9997172
  4066 | 8008AE  -8386386   -0.9997351
  4067 | 80081C  -8386532   -0.9997525
  4068 | 80078F  -8386673   -0.9997693
  4069 | 800708  -8386808   -0.9997854
  4070 | 800685  -8386939   -0.9998010
  4071 | 800607  -8387065   -0.9998161
  4072 | 80058E  -8387186   -0.9998305
  4073 | 80051A  -8387302   -0.9998443
  4074 | 8004AB  -8387413   -0.9998575
  4075 | 800441  -8387519   -0.9998702
  4076 | 8003DC  -8387620   -0.9998822
  4077 | 80037C  -8387716   -0.9998937
  4078 | 800320  -8387808   -0.9999046
  4079 | 8002CA  -8387894   -0.9999149
  4080 | 800279  -8387975   -0.9999245
  4081 | 80022C  -8388052   -0.9999337
  4082 | 8001E5  -8388123   -0.9999422
  4083 | 8001A2  -8388190   -0.9999502
  4084 | 800164  -8388252   -0.9999576
  4085 | 80012C  -8388308   -0.9999642
  4086 | 8000F8  -8388360   -0.9999704
  4087 | 8000C9  -8388407   -0.9999760
  4088 | 80009F  -8388449   -0.9999810
  4089 | 80007A  -8388486   -0.9999855
  4090 | 80005A  -8388518   -0.9999893
  4091 | 80003F  -8388545   -0.9999925
  4092 | 800028  -8388568   -0.9999952
  4093 | 800017  -8388585   -0.9999973
  4094 | 80000B  -8388597   -0.9999987
  4095 | 800003  -8388605   -0.9999996
  4096 | 800001  -8388607   -0.9999999
  4097 | 800003  -8388605   -0.9999996
  4098 | 80000B  -8388597   -0.9999987
  4099 | 800017  -8388585   -0.9999973
  4100 | 800028  -8388568   -0.9999952
  4101 | 80003F  -8388545   -0.9999925
  4102 | 80005A  -8388518   -0.9999893
  4103 | 80007A  -8388486   -0.9999855
  4104 | 80009F  -8388449   -0.9999810
  4105 | 8000C9  -8388407   -0.9999760
  4106 | 8000F8  -8388360   -0.9999704
  4107 | 80012C  -8388308   -0.9999642
  4108 | 800164  -8388252   -0.9999576
  4109 | 8001A2  -8388190   -0.9999502
  4110 | 8001E5  -8388123   -0.9999422
  4111 | 80022C  -8388052   -0.9999337
  4112 | 800279  -8387975   -0.9999245
  4113 | 8002CA  -8387894   -0.9999149
  4114 | 800320  -8387808   -0.9999046
  4115 | 80037C  -8387716   -0.9998937
  4116 | 8003DC  -8387620   -0.9998822
  4117 | 800441  -8387519   -0.9998702
  4118 | 8004AB  -8387413   -0.9998575
  4119 | 80051A  -8387302   -0.9998443
  4120 | 80058E  -8387186   -0.9998305
  4121 | 800607  -8387065   -0.9998161
  4122 | 800685  -8386939   -0.9998010
  4123 | 800708  -8386808   -0.9997854
  4124 | 80078F  -8386673   -0.9997693
  4125 | 80081C  -8386532   -0.9997525
  4126 | 8008AE  -8386386   -0.9997351
  4127 | 800944  -8386236   -0.9997172
  4128 | 8009DF  -8386081   -0.9996988
  4129 | 800A80  -8385920   -0.9996796
  4130 | 800B25  -8385755   -0.9996599
  4131 | 800BCF  -8385585   -0.9996396
  4132 | 800C7F  -8385409   -0.9996186
  4133 | 800D33  -8385229   -0.9995972
  4134 | 800DEC  -8385044   -0.9995751
  4135 | 800EAA  -8384854   -0.9995525
  4136 | 800F6D  -8384659   -0.9995292
  4137 | 801034  -8384460   -0.9995055
  4138 | 801101  -8384255   -0.9994811
  4139 | 8011D3  -8384045   -0.9994560
  4140 | 8012A9  -8383831   -0.9994305
  4141 | 801385  -8383611   -0.9994043
  4142 | 801465  -8383387   -0.9993776
  4143 | 80154B  -8383157   -0.9993502
  4144 | 801635  -8382923   -0.9993223
  4145 | 801725  -8382683   -0.9992937
  4146 | 801819  -8382439   -0.9992646
  4147 | 801912  -8382190   -0.9992349
  4148 | 801A10  -8381936   -0.9992046
  4149 | 801B13  -8381677   -0.9991738
  4150 | 801C1B  -8381413   -0.9991423
  4151 | 801D28  -8381144   -0.9991102
  4152 | 801E3A  -8380870   -0.9990776
  4153 | 801F50  -8380592   -0.9990444
  4154 | 80206C  -8380308   -0.9990106
  4155 | 80218D  -8380019   -0.9989761
  4156 | 8022B2  -8379726   -0.9989412
  4157 | 8023DD  -8379427   -0.9989055
  4158 | 80250C  -8379124   -0.9988694
  4159 | 802640  -8378816   -0.9988327
  4160 | 802779  -8378503   -0.9987954
  4161 | 8028B8  -8378184   -0.9987574
  4162 | 8029FB  -8377861   -0.9987189
  4163 | 802B43  -8377533   -0.9986798
  4164 | 802C90  -8377200   -0.9986401
  4165 | 802DE2  -8376862   -0.9985998
  4166 | 802F38  -8376520   -0.9985590
  4167 | 803094  -8376172   -0.9985175
  4168 | 8031F5  -8375819   -0.9984754
  4169 | 80335A  -8375462   -0.9984329
  4170 | 8034C5  -8375099   -0.9983896
  4171 | 803634  -8374732   -0.9983459
  4172 | 8037A9  -8374359   -0.9983014
  4173 | 803922  -8373982   -0.9982564
  4174 | 803AA0  -8373600   -0.9982109
  4175 | 803C23  -8373213   -0.9981648
  4176 | 803DAB  -8372821   -0.9981180
  4177 | 803F38  -8372424   -0.9980707
  4178 | 8040CA  -8372022   -0.9980228
  4179 | 804261  -8371615   -0.9979743
  4180 | 8043FD  -8371203   -0.9979252
  4181 | 80459E  -8370786   -0.9978755
  4182 | 804743  -8370365   -0.9978253
  4183 | 8048EE  -8369938   -0.9977744
  4184 | 804A9D  -8369507   -0.9977230
  4185 | 804C52  -8369070   -0.9976709
  4186 | 804E0B  -8368629   -0.9976183
  4187 | 804FC9  -8368183   -0.9975652
  4188 | 80518C  -8367732   -0.9975114
  4189 | 805355  -8367275   -0.9974569
  4190 | 805522  -8366814   -0.9974020
  4191 | 8056F3  -8366349   -0.9973465
  4192 | 8058CA  -8365878   -0.9972904
  4193 | 805AA6  -8365402   -0.9972336
  4194 | 805C87  -8364921   -0.9971763
  4195 | 805E6C  -8364436   -0.9971185
  4196 | 806057  -8363945   -0.9970599
  4197 | 806246  -8363450   -0.9970009
  4198 | 80643B  -8362949   -0.9969412
  4199 | 806634  -8362444   -0.9968810
  4200 | 806832  -8361934   -0.9968202
  4201 | 806A35  -8361419   -0.9967588
  4202 | 806C3D  -8360899   -0.9966968
  4203 | 806E4A  -8360374   -0.9966342
  4204 | 80705C  -8359844   -0.9965711
  4205 | 807273  -8359309   -0.9965073
  4206 | 80748F  -8358769   -0.9964429
  4207 | 8076AF  -8358225   -0.9963781
  4208 | 8078D5  -8357675   -0.9963125
  4209 | 807B00  -8357120   -0.9962463
  4210 | 807D2F  -8356561   -0.9961797
  4211 | 807F63  -8355997   -0.9961125
  4212 | 80819C  -8355428   -0.9960446
  4213 | 8083DB  -8354853   -0.9959761
  4214 | 80861E  -8354274   -0.9959071
  4215 | 808866  -8353690   -0.9958375
  4216 | 808AB2  -8353102   -0.9957674
  4217 | 808D04  -8352508   -0.9956965
  4218 | 808F5B  -8351909   -0.9956251
  4219 | 8091B7  -8351305   -0.9955531
  4220 | 809417  -8350697   -0.9954807
  4221 | 80967D  -8350083   -0.9954075
  4222 | 8098E7  -8349465   -0.9953338
  4223 | 809B56  -8348842   -0.9952595
  4224 | 809DCA  -8348214   -0.9951847
  4225 | 80A044  -8347580   -0.9951091
  4226 | 80A2C2  -8346942   -0.9950330
  4227 | 80A544  -8346300   -0.9949565
  4228 | 80A7CC  -8345652   -0.9948792
  4229 | 80AA59  -8344999   -0.9948014
  4230 | 80ACEB  -8344341   -0.9947230
  4231 | 80AF81  -8343679   -0.9946440
  4232 | 80B21D  -8343011   -0.9945644
  4233 | 80B4BD  -8342339   -0.9944843
  4234 | 80B762  -8341662   -0.9944036
  4235 | 80BA0D  -8340979   -0.9943222
  4236 | 80BCBC  -8340292   -0.9942403
  4237 | 80BF70  -8339600   -0.9941578
  4238 | 80C229  -8338903   -0.9940747
  4239 | 80C4E6  -8338202   -0.9939911
  4240 | 80C7A9  -8337495   -0.9939069
  4241 | 80CA71  -8336783   -0.9938220
  4242 | 80CD3D  -8336067   -0.9937366
  4243 | 80D00F  -8335345   -0.9936506
  4244 | 80D2E5  -8334619   -0.9935640
  4245 | 80D5C0  -8333888   -0.9934769
  4246 | 80D8A0  -8333152   -0.9933891
  4247 | 80DB85  -8332411   -0.9933008
  4248 | 80DE6F  -8331665   -0.9932119
  4249 | 80E15E  -8330914   -0.9931223
  4250 | 80E452  -8330158   -0.9930322
  4251 | 80E74B  -8329397   -0.9929415
  4252 | 80EA48  -8328632   -0.9928503
  4253 | 80ED4B  -8327861   -0.9927584
  4254 | 80F052  -8327086   -0.9926660
  4255 | 80F35E  -8326306   -0.9925730
  4256 | 80F66F  -8325521   -0.9924794
  4257 | 80F985  -8324731   -0.9923853
  4258 | 80FCA0  -8323936   -0.9922905
  4259 | 80FFC0  -8323136   -0.9921951
  4260 | 8102E5  -8322331   -0.9920992
  4261 | 81060E  -8321522   -0.9920027
  4262 | 81093D  -8320707   -0.9919056
  4263 | 810C70  -8319888   -0.9918079
  4264 | 810FA9  -8319063   -0.9917096
  4265 | 8112E6  -8318234   -0.9916108
  4266 | 811628  -8317400   -0.9915113
  4267 | 81196F  -8316561   -0.9914113
  4268 | 811CBB  -8315717   -0.9913107
  4269 | 81200C  -8314868   -0.9912095
  4270 | 812361  -8314015   -0.9911078
  4271 | 8126BC  -8313156   -0.9910054
  4272 | 812A1B  -8312293   -0.9909025
  4273 | 812D80  -8311424   -0.9907990
  4274 | 8130E9  -8310551   -0.9906949
  4275 | 813457  -8309673   -0.9905902
  4276 | 8137CA  -8308790   -0.9904850
  4277 | 813B42  -8307902   -0.9903791
  4278 | 813EBF  -8307009   -0.9902726
  4279 | 814240  -8306112   -0.9901657
  4280 | 8145C7  -8305209   -0.9900581
  4281 | 814952  -8304302   -0.9899499
  4282 | 814CE3  -8303389   -0.9898411
  4283 | 815078  -8302472   -0.9897318
  4284 | 815412  -8301550   -0.9896219
  4285 | 8157B1  -8300623   -0.9895114
  4286 | 815B55  -8299691   -0.9894003
  4287 | 815EFD  -8298755   -0.9892887
  4288 | 8162AB  -8297813   -0.9891764
  4289 | 81665E  -8296866   -0.9890635
  4290 | 816A15  -8295915   -0.9889501
  4291 | 816DD1  -8294959   -0.9888362
  4292 | 817192  -8293998   -0.9887216
  4293 | 817558  -8293032   -0.9886065
  4294 | 817923  -8292061   -0.9884907
  4295 | 817CF3  -8291085   -0.9883744
  4296 | 8180C8  -8290104   -0.9882574
  4297 | 8184A1  -8289119   -0.9881400
  4298 | 818880  -8288128   -0.9880219
  4299 | 818C63  -8287133   -0.9879032
  4300 | 81904B  -8286133   -0.9877840
  4301 | 819438  -8285128   -0.9876642
  4302 | 81982A  -8284118   -0.9875438
  4303 | 819C21  -8283103   -0.9874228
  4304 | 81A01C  -8282084   -0.9873013
  4305 | 81A41D  -8281059   -0.9871792
  4306 | 81A822  -8280030   -0.9870565
  4307 | 81AC2D  -8278995   -0.9869331
  4308 | 81B03C  -8277956   -0.9868093
  4309 | 81B450  -8276912   -0.9866848
  4310 | 81B869  -8275863   -0.9865597
  4311 | 81BC86  -8274810   -0.9864342
  4312 | 81C0A9  -8273751   -0.9863080
  4313 | 81C4D0  -8272688   -0.9861813
  4314 | 81C8FD  -8271619   -0.9860538
  4315 | 81CD2E  -8270546   -0.9859259
  4316 | 81D164  -8269468   -0.9857974
  4317 | 81D59F  -8268385   -0.9856683
  4318 | 81D9DF  -8267297   -0.9855386
  4319 | 81DE24  -8266204   -0.9854083
  4320 | 81E26D  -8265107   -0.9852775
  4321 | 81E6BB  -8264005   -0.9851462
  4322 | 81EB0F  -8262897   -0.9850141
  4323 | 81EF67  -8261785   -0.9848815
  4324 | 81F3C4  -8260668   -0.9847484
  4325 | 81F826  -8259546   -0.9846146
  4326 | 81FC8C  -8258420   -0.9844804
  4327 | 8200F8  -8257288   -0.9843454
  4328 | 820568  -8256152   -0.9842100
  4329 | 8209DE  -8255010   -0.9840739
  4330 | 820E58  -8253864   -0.9839373
  4331 | 8212D7  -8252713   -0.9838001
  4332 | 82175B  -8251557   -0.9836622
  4333 | 821BE3  -8250397   -0.9835240
  4334 | 822071  -8249231   -0.9833850
  4335 | 822503  -8248061   -0.9832455
  4336 | 82299A  -8246886   -0.9831054
  4337 | 822E37  -8245705   -0.9829646
  4338 | 8232D7  -8244521   -0.9828235
  4339 | 82377D  -8243331   -0.9826816
  4340 | 823C28  -8242136   -0.9825392
  4341 | 8240D7  -8240937   -0.9823962
  4342 | 82458C  -8239732   -0.9822526
  4343 | 824A45  -8238523   -0.9821085
  4344 | 824F03  -8237309   -0.9819638
  4345 | 8253C6  -8236090   -0.9818184
  4346 | 82588E  -8234866   -0.9816725
  4347 | 825D5A  -8233638   -0.9815261
  4348 | 82622C  -8232404   -0.9813790
  4349 | 826702  -8231166   -0.9812315
  4350 | 826BDD  -8229923   -0.9810833
  4351 | 8270BD  -8228675   -0.9809345
  4352 | 8275A2  -8227422   -0.9807851
  4353 | 827A8B  -8226165   -0.9806353
  4354 | 827F7A  -8224902   -0.9804847
  4355 | 82846D  -8223635   -0.9803337
  4356 | 828965  -8222363   -0.9801821
  4357 | 828E62  -8221086   -0.9800298
  4358 | 829364  -8219804   -0.9798770
  4359 | 82986B  -8218517   -0.9797236
  4360 | 829D76  -8217226   -0.9795697
  4361 | 82A287  -8215929   -0.9794151
  4362 | 82A79C  -8214628   -0.9792600
  4363 | 82ACB6  -8213322   -0.9791043
  4364 | 82B1D4  -8212012   -0.9789481
  4365 | 82B6F8  -8210696   -0.9787912
  4366 | 82BC21  -8209375   -0.9786338
  4367 | 82C14E  -8208050   -0.9784758
  4368 | 82C680  -8206720   -0.9783173
  4369 | 82CBB7  -8205385   -0.9781581
  4370 | 82D0F3  -8204045   -0.9779984
  4371 | 82D633  -8202701   -0.9778382
  4372 | 82DB79  -8201351   -0.9776772
  4373 | 82E0C3  -8199997   -0.9775158
  4374 | 82E612  -8198638   -0.9773538
  4375 | 82EB66  -8197274   -0.9771912
  4376 | 82F0BF  -8195905   -0.9770280
  4377 | 82F61C  -8194532   -0.9768643
  4378 | 82FB7F  -8193153   -0.9766999
  4379 | 8300E6  -8191770   -0.9765351
  4380 | 830652  -8190382   -0.9763696
  4381 | 830BC3  -8188989   -0.9762036
  4382 | 831139  -8187591   -0.9760369
  4383 | 8316B3  -8186189   -0.9758698
  4384 | 831C32  -8184782   -0.9757020
  4385 | 8321B6  -8183370   -0.9755337
  4386 | 83273F  -8181953   -0.9753648
  4387 | 832CCD  -8180531   -0.9751953
  4388 | 833260  -8179104   -0.9750252
  4389 | 8337F7  -8177673   -0.9748546
  4390 | 833D93  -8176237   -0.9746834
  4391 | 834334  -8174796   -0.9745116
  4392 | 8348DA  -8173350   -0.9743392
  4393 | 834E84  -8171900   -0.9741664
  4394 | 835434  -8170444   -0.9739928
  4395 | 8359E8  -8168984   -0.9738188
  4396 | 835FA1  -8167519   -0.9736441
  4397 | 83655F  -8166049   -0.9734689
  4398 | 836B21  -8164575   -0.9732932
  4399 | 8370E9  -8163095   -0.9731168
  4400 | 8376B5  -8161611   -0.9729398
  4401 | 837C86  -8160122   -0.9727623
  4402 | 83825C  -8158628   -0.9725842
  4403 | 838837  -8157129   -0.9724056
  4404 | 838E16  -8155626   -0.9722264
  4405 | 8393FA  -8154118   -0.9720466
  4406 | 8399E3  -8152605   -0.9718663
  4407 | 839FD1  -8151087   -0.9716853
  4408 | 83A5C4  -8149564   -0.9715037
  4409 | 83ABBB  -8148037   -0.9713217
  4410 | 83B1B7  -8146505   -0.9711391
  4411 | 83B7B8  -8144968   -0.9709558
  4412 | 83BDBE  -8143426   -0.9707720
  4413 | 83C3C9  -8141879   -0.9705876
  4414 | 83C9D8  -8140328   -0.9704027
  4415 | 83CFEC  -8138772   -0.9702172
  4416 | 83D605  -8137211   -0.9700311
  4417 | 83DC23  -8135645   -0.9698445
  4418 | 83E245  -8134075   -0.9696573
  4419 | 83E86D  -8132499   -0.9694694
  4420 | 83EE99  -8130919   -0.9692811
  4421 | 83F4CA  -8129334   -0.9690921
  4422 | 83FAFF  -8127745   -0.9689027
  4423 | 84013A  -8126150   -0.9687126
  4424 | 840779  -8124551   -0.9685220
  4425 | 840DBD  -8122947   -0.9683307
  4426 | 841406  -8121338   -0.9681389
  4427 | 841A53  -8119725   -0.9679466
  4428 | 8420A5  -8118107   -0.9677538
  4429 | 8426FC  -8116484   -0.9675603
  4430 | 842D58  -8114856   -0.9673662
  4431 | 8433B9  -8113223   -0.9671715
  4432 | 843A1E  -8111586   -0.9669764
  4433 | 844089  -8109943   -0.9667805
  4434 | 8446F8  -8108296   -0.9665842
  4435 | 844D6B  -8106645   -0.9663874
  4436 | 8453E4  -8104988   -0.9661899
  4437 | 845A61  -8103327   -0.9659919
  4438 | 8460E3  -8101661   -0.9657933
  4439 | 84676A  -8099990   -0.9655941
  4440 | 846DF5  -8098315   -0.9653944
  4441 | 847486  -8096634   -0.9651940
  4442 | 847B1B  -8094949   -0.9649931
  4443 | 8481B5  -8093259   -0.9647917
  4444 | 848853  -8091565   -0.9645897
  4445 | 848EF7  -8089865   -0.9643871
  4446 | 84959F  -8088161   -0.9641839
  4447 | 849C4C  -8086452   -0.9639802
  4448 | 84A2FD  -8084739   -0.9637760
  4449 | 84A9B4  -8083020   -0.9635711
  4450 | 84B06F  -8081297   -0.9633657
  4451 | 84B72F  -8079569   -0.9631597
  4452 | 84BDF3  -8077837   -0.9629532
  4453 | 84C4BD  -8076099   -0.9627460
  4454 | 84CB8B  -8074357   -0.9625384
  4455 | 84D25E  -8072610   -0.9623301
  4456 | 84D936  -8070858   -0.9621212
  4457 | 84E012  -8069102   -0.9619119
  4458 | 84E6F3  -8067341   -0.9617020
  4459 | 84EDD9  -8065575   -0.9614915
  4460 | 84F4C4  -8063804   -0.9612803
  4461 | 84FBB3  -8062029   -0.9610687
  4462 | 8502A7  -8060249   -0.9608566
  4463 | 8509A0  -8058464   -0.9606438
  4464 | 85109E  -8056674   -0.9604304
  4465 | 8517A0  -8054880   -0.9602165
  4466 | 851EA7  -8053081   -0.9600021
  4467 | 8525B3  -8051277   -0.9597870
  4468 | 852CC4  -8049468   -0.9595714
  4469 | 8533D9  -8047655   -0.9593552
  4470 | 853AF3  -8045837   -0.9591385
  4471 | 854212  -8044014   -0.9589212
  4472 | 854935  -8042187   -0.9587034
  4473 | 85505E  -8040354   -0.9584849
  4474 | 85578B  -8038517   -0.9582659
  4475 | 855EBC  -8036676   -0.9580464
  4476 | 8565F3  -8034829   -0.9578263
  4477 | 856D2E  -8032978   -0.9576056
  4478 | 85746E  -8031122   -0.9573843
  4479 | 857BB2  -8029262   -0.9571626
  4480 | 8582FC  -8027396   -0.9569402
  4481 | 858A4A  -8025526   -0.9567173
  4482 | 85919C  -8023652   -0.9564939
  4483 | 8598F4  -8021772   -0.9562697
  4484 | 85A050  -8019888   -0.9560452
  4485 | 85A7B1  -8017999   -0.9558200
  4486 | 85AF17  -8016105   -0.9555942
  4487 | 85B681  -8014207   -0.9553679
  4488 | 85BDF0  -8012304   -0.9551411
  4489 | 85C564  -8010396   -0.9549136
  4490 | 85CCDC  -8008484   -0.9546857
  4491 | 85D45A  -8006566   -0.9544570
  4492 | 85DBDC  -8004644   -0.9542279
  4493 | 85E362  -8002718   -0.9539983
  4494 | 85EAED  -8000787   -0.9537681
  4495 | 85F27E  -7998850   -0.9535372
  4496 | 85FA12  -7996910   -0.9533060
  4497 | 8601AC  -7994964   -0.9530740
  4498 | 86094A  -7993014   -0.9528415
  4499 | 8610ED  -7991059   -0.9526085
  4500 | 861894  -7989100   -0.9523749
  4501 | 862041  -7987135   -0.9521407
  4502 | 8627F2  -7985166   -0.9519060
  4503 | 862FA7  -7983193   -0.9516708
  4504 | 863762  -7981214   -0.9514349
  4505 | 863F21  -7979231   -0.9511985
  4506 | 8646E4  -7977244   -0.9509616
  4507 | 864EAD  -7975251   -0.9507240
  4508 | 86567A  -7973254   -0.9504859
  4509 | 865E4C  -7971252   -0.9502473
  4510 | 866622  -7969246   -0.9500082
  4511 | 866DFD  -7967235   -0.9497684
  4512 | 8675DD  -7965219   -0.9495281
  4513 | 867DC2  -7963198   -0.9492872
  4514 | 8685AB  -7961173   -0.9490458
  4515 | 868D99  -7959143   -0.9488038
  4516 | 86958C  -7957108   -0.9485612
  4517 | 869D83  -7955069   -0.9483181
  4518 | 86A57F  -7953025   -0.9480745
  4519 | 86AD80  -7950976   -0.9478302
  4520 | 86B585  -7948923   -0.9475855
  4521 | 86BD8F  -7946865   -0.9473401
  4522 | 86C59E  -7944802   -0.9470942
  4523 | 86CDB1  -7942735   -0.9468478
  4524 | 86D5C9  -7940663   -0.9466008
  4525 | 86DDE6  -7938586   -0.9463532
  4526 | 86E607  -7936505   -0.9461051
  4527 | 86EE2D  -7934419   -0.9458565
  4528 | 86F658  -7932328   -0.9456072
  4529 | 86FE87  -7930233   -0.9453574
  4530 | 8706BB  -7928133   -0.9451071
  4531 | 870EF4  -7926028   -0.9448562
  4532 | 871731  -7923919   -0.9446048
  4533 | 871F73  -7921805   -0.9443527
  4534 | 8727BA  -7919686   -0.9441001
  4535 | 873005  -7917563   -0.9438471
  4536 | 873855  -7915435   -0.9435934
  4537 | 8740AA  -7913302   -0.9433391
  4538 | 874903  -7911165   -0.9430844
  4539 | 875161  -7909023   -0.9428290
  4540 | 8759C4  -7906876   -0.9425731
  4541 | 87622B  -7904725   -0.9423167
  4542 | 876A97  -7902569   -0.9420596
  4543 | 877308  -7900408   -0.9418020
  4544 | 877B7D  -7898243   -0.9415439
  4545 | 8783F7  -7896073   -0.9412853
  4546 | 878C75  -7893899   -0.9410261
  4547 | 8794F8  -7891720   -0.9407663
  4548 | 879D80  -7889536   -0.9405060
  4549 | 87A60D  -7887347   -0.9402450
  4550 | 87AE9E  -7885154   -0.9399836
  4551 | 87B733  -7882957   -0.9397217
  4552 | 87BFCE  -7880754   -0.9394591
  4553 | 87C86D  -7878547   -0.9391960
  4554 | 87D110  -7876336   -0.9389324
  4555 | 87D9B9  -7874119   -0.9386681
  4556 | 87E266  -7871898   -0.9384034
  4557 | 87EB17  -7869673   -0.9381381
  4558 | 87F3CD  -7867443   -0.9378723
  4559 | 87FC88  -7865208   -0.9376059
  4560 | 880547  -7862969   -0.9373389
  4561 | 880E0B  -7860725   -0.9370714
  4562 | 8816D4  -7858476   -0.9368033
  4563 | 881FA1  -7856223   -0.9365348
  4564 | 882873  -7853965   -0.9362656
  4565 | 88314A  -7851702   -0.9359958
  4566 | 883A25  -7849435   -0.9357256
  4567 | 884305  -7847163   -0.9354547
  4568 | 884BE9  -7844887   -0.9351834
  4569 | 8854D2  -7842606   -0.9349115
  4570 | 885DC0  -7840320   -0.9346390
  4571 | 8866B2  -7838030   -0.9343660
  4572 | 886FA9  -7835735   -0.9340924
  4573 | 8878A4  -7833436   -0.9338183
  4574 | 8881A4  -7831132   -0.9335437
  4575 | 888AA9  -7828823   -0.9332684
  4576 | 8893B2  -7826510   -0.9329927
  4577 | 889CC0  -7824192   -0.9327164
  4578 | 88A5D2  -7821870   -0.9324396
  4579 | 88AEE9  -7819543   -0.9321622
  4580 | 88B805  -7817211   -0.9318842
  4581 | 88C125  -7814875   -0.9316057
  4582 | 88CA4A  -7812534   -0.9313266
  4583 | 88D374  -7810188   -0.9310470
  4584 | 88DCA2  -7807838   -0.9307668
  4585 | 88E5D4  -7805484   -0.9304862
  4586 | 88EF0C  -7803124   -0.9302049
  4587 | 88F847  -7800761   -0.9299232
  4588 | 890188  -7798392   -0.9296408
  4589 | 890ACD  -7796019   -0.9293579
  4590 | 891416  -7793642   -0.9290745
  4591 | 891D65  -7791259   -0.9287905
  4592 | 8926B7  -7788873   -0.9285060
  4593 | 89300F  -7786481   -0.9282209
  4594 | 89396B  -7784085   -0.9279352
  4595 | 8942CB  -7781685   -0.9276491
  4596 | 894C30  -7779280   -0.9273624
  4597 | 89559A  -7776870   -0.9270751
  4598 | 895F08  -7774456   -0.9267874
  4599 | 89687B  -7772037   -0.9264990
  4600 | 8971F2  -7769614   -0.9262102
  4601 | 897B6E  -7767186   -0.9259207
  4602 | 8984EF  -7764753   -0.9256307
  4603 | 898E74  -7762316   -0.9253402
  4604 | 8997FD  -7759875   -0.9250492
  4605 | 89A18C  -7757428   -0.9247575
  4606 | 89AB1E  -7754978   -0.9244654
  4607 | 89B4B6  -7752522   -0.9241726
  4608 | 89BE52  -7750062   -0.9238794
  4609 | 89C7F2  -7747598   -0.9235857
  4610 | 89D197  -7745129   -0.9232913
  4611 | 89DB41  -7742655   -0.9229964
  4612 | 89E4EF  -7740177   -0.9227010
  4613 | 89EEA2  -7737694   -0.9224050
  4614 | 89F859  -7735207   -0.9221085
  4615 | 8A0215  -7732715   -0.9218115
  4616 | 8A0BD5  -7730219   -0.9215139
  4617 | 8A159A  -7727718   -0.9212158
  4618 | 8A1F63  -7725213   -0.9209172
  4619 | 8A2931  -7722703   -0.9206179
  4620 | 8A3304  -7720188   -0.9203181
  4621 | 8A3CDB  -7717669   -0.9200178
  4622 | 8A46B6  -7715146   -0.9197171
  4623 | 8A5096  -7712618   -0.9194157
  4624 | 8A5A7B  -7710085   -0.9191138
  4625 | 8A6464  -7707548   -0.9188113
  4626 | 8A6E52  -7705006   -0.9185083
  4627 | 8A7844  -7702460   -0.9182048
  4628 | 8A823B  -7699909   -0.9179007
  4629 | 8A8C36  -7697354   -0.9175961
  4630 | 8A9636  -7694794   -0.9172909
  4631 | 8AA03B  -7692229   -0.9169852
  4632 | 8AAA44  -7689660   -0.9166789
  4633 | 8AB451  -7687087   -0.9163722
  4634 | 8ABE63  -7684509   -0.9160649
  4635 | 8AC879  -7681927   -0.9157571
  4636 | 8AD294  -7679340   -0.9154487
  4637 | 8ADCB4  -7676748   -0.9151397
  4638 | 8AE6D8  -7674152   -0.9148302
  4639 | 8AF101  -7671551   -0.9145201
  4640 | 8AFB2E  -7668946   -0.9142096
  4641 | 8B055F  -7666337   -0.9138986
  4642 | 8B0F95  -7663723   -0.9135870
  4643 | 8B19D0  -7661104   -0.9132748
  4644 | 8B240F  -7658481   -0.9129621
  4645 | 8B2E53  -7655853   -0.9126488
  4646 | 8B389B  -7653221   -0.9123350
  4647 | 8B42E7  -7650585   -0.9120208
  4648 | 8B4D38  -7647944   -0.9117060
  4649 | 8B578E  -7645298   -0.9113905
  4650 | 8B61E8  -7642648   -0.9110746
  4651 | 8B6C47  -7639993   -0.9107581
  4652 | 8B76AA  -7637334   -0.9104412
  4653 | 8B8111  -7634671   -0.9101237
  4654 | 8B8B7D  -7632003   -0.9098057
  4655 | 8B95EE  -7629330   -0.9094870
  4656 | 8BA063  -7626653   -0.9091679
  4657 | 8BAADD  -7623971   -0.9088482
  4658 | 8BB55B  -7621285   -0.9085280
  4659 | 8BBFDD  -7618595   -0.9082073
  4660 | 8BCA64  -7615900   -0.9078860
  4661 | 8BD4F0  -7613200   -0.9075642
  4662 | 8BDF80  -7610496   -0.9072418
  4663 | 8BEA14  -7607788   -0.9069190
  4664 | 8BF4AD  -7605075   -0.9065956
  4665 | 8BFF4A  -7602358   -0.9062717
  4666 | 8C09EC  -7599636   -0.9059472
  4667 | 8C1492  -7596910   -0.9056222
  4668 | 8C1F3D  -7594179   -0.9052967
  4669 | 8C29ED  -7591443   -0.9049705
  4670 | 8C34A0  -7588704   -0.9046440
  4671 | 8C3F58  -7585960   -0.9043169
  4672 | 8C4A15  -7583211   -0.9039892
  4673 | 8C54D6  -7580458   -0.9036610
  4674 | 8C5F9C  -7577700   -0.9033322
  4675 | 8C6A66  -7574938   -0.9030030
  4676 | 8C7534  -7572172   -0.9026732
  4677 | 8C8007  -7569401   -0.9023429
  4678 | 8C8ADF  -7566625   -0.9020120
  4679 | 8C95BA  -7563846   -0.9016807
  4680 | 8CA09B  -7561061   -0.9013487
  4681 | 8CAB7F  -7558273   -0.9010164
  4682 | 8CB669  -7555479   -0.9006833
  4683 | 8CC156  -7552682   -0.9003499
  4684 | 8CCC48  -7549880   -0.9000158
  4685 | 8CD73F  -7547073   -0.8996812
  4686 | 8CE23A  -7544262   -0.8993461
  4687 | 8CED39  -7541447   -0.8990105
  4688 | 8CF83D  -7538627   -0.8986744
  4689 | 8D0345  -7535803   -0.8983377
  4690 | 8D0E52  -7532974   -0.8980005
  4691 | 8D1963  -7530141   -0.8976628
  4692 | 8D2479  -7527303   -0.8973244
  4693 | 8D2F93  -7524461   -0.8969857
  4694 | 8D3AB1  -7521615   -0.8966464
  4695 | 8D45D4  -7518764   -0.8963065
  4696 | 8D50FB  -7515909   -0.8959662
  4697 | 8D5C27  -7513049   -0.8956252
  4698 | 8D6757  -7510185   -0.8952838
  4699 | 8D728C  -7507316   -0.8949418
  4700 | 8D7DC4  -7504444   -0.8945994
  4701 | 8D8902  -7501566   -0.8942564
  4702 | 8D9444  -7498684   -0.8939128
  4703 | 8D9F8A  -7495798   -0.8935688
  4704 | 8DAAD4  -7492908   -0.8932242
  4705 | 8DB623  -7490013   -0.8928791
  4706 | 8DC177  -7487113   -0.8925334
  4707 | 8DCCCF  -7484209   -0.8921872
  4708 | 8DD82B  -7481301   -0.8918406
  4709 | 8DE38B  -7478389   -0.8914934
  4710 | 8DEEF0  -7475472   -0.8911457
  4711 | 8DFA5A  -7472550   -0.8907974
  4712 | 8E05C8  -7469624   -0.8904486
  4713 | 8E113A  -7466694   -0.8900993
  4714 | 8E1CB0  -7463760   -0.8897495
  4715 | 8E282B  -7460821   -0.8893992
  4716 | 8E33AB  -7457877   -0.8890482
  4717 | 8E3F2E  -7454930   -0.8886969
  4718 | 8E4AB7  -7451977   -0.8883449
  4719 | 8E5643  -7449021   -0.8879925
  4720 | 8E61D4  -7446060   -0.8876395
  4721 | 8E6D69  -7443095   -0.8872861
  4722 | 8E7903  -7440125   -0.8869320
  4723 | 8E84A1  -7437151   -0.8865775
  4724 | 8E9043  -7434173   -0.8862225
  4725 | 8E9BEA  -7431190   -0.8858669
  4726 | 8EA795  -7428203   -0.8855108
  4727 | 8EB345  -7425211   -0.8851541
  4728 | 8EBEF9  -7422215   -0.8847970
  4729 | 8ECAB1  -7419215   -0.8844393
  4730 | 8ED66E  -7416210   -0.8840811
  4731 | 8EE22F  -7413201   -0.8837224
  4732 | 8EEDF4  -7410188   -0.8833632
  4733 | 8EF9BE  -7407170   -0.8830035
  4734 | 8F058C  -7404148   -0.8826432
  4735 | 8F115E  -7401122   -0.8822825
  4736 | 8F1D35  -7398091   -0.8819212
  4737 | 8F2910  -7395056   -0.8815594
  4738 | 8F34F0  -7392016   -0.8811970
  4739 | 8F40D4  -7388972   -0.8808341
  4740 | 8F4CBC  -7385924   -0.8804708
  4741 | 8F58A8  -7382872   -0.8801069
  4742 | 8F6499  -7379815   -0.8797425
  4743 | 8F708E  -7376754   -0.8793776
  4744 | 8F7C88  -7373688   -0.8790121
  4745 | 8F8886  -7370618   -0.8786461
  4746 | 8F9488  -7367544   -0.8782797
  4747 | 8FA08F  -7364465   -0.8779126
  4748 | 8FAC99  -7361383   -0.8775452
  4749 | 8FB8A9  -7358295   -0.8771771
  4750 | 8FC4BC  -7355204   -0.8768086
  4751 | 8FD0D4  -7352108   -0.8764396
  4752 | 8FDCF0  -7349008   -0.8760700
  4753 | 8FE911  -7345903   -0.8756999
  4754 | 8FF536  -7342794   -0.8753293
  4755 | 90015F  -7339681   -0.8749582
  4756 | 900D8C  -7336564   -0.8745866
  4757 | 9019BE  -7333442   -0.8742144
  4758 | 9025F4  -7330316   -0.8738418
  4759 | 90322F  -7327185   -0.8734685
  4760 | 903E6D  -7324051   -0.8730949
  4761 | 904AB0  -7320912   -0.8727207
  4762 | 9056F8  -7317768   -0.8723459
  4763 | 906343  -7314621   -0.8719708
  4764 | 906F93  -7311469   -0.8715950
  4765 | 907BE8  -7308312   -0.8712187
  4766 | 908840  -7305152   -0.8708420
  4767 | 90949D  -7301987   -0.8704647
  4768 | 90A0FE  -7298818   -0.8700869
  4769 | 90AD64  -7295644   -0.8697085
  4770 | 90B9CD  -7292467   -0.8693298
  4771 | 90C63B  -7289285   -0.8689505
  4772 | 90D2AE  -7286098   -0.8685706
  4773 | 90DF24  -7282908   -0.8681903
  4774 | 90EB9F  -7279713   -0.8678094
  4775 | 90F81E  -7276514   -0.8674281
  4776 | 9104A2  -7273310   -0.8670461
  4777 | 91112A  -7270102   -0.8666637
  4778 | 911DB6  -7266890   -0.8662808
  4779 | 912A46  -7263674   -0.8658974
  4780 | 9136DA  -7260454   -0.8655136
  4781 | 914373  -7257229   -0.8651291
  4782 | 915010  -7254000   -0.8647442
  4783 | 915CB2  -7250766   -0.8643587
  4784 | 916957  -7247529   -0.8639728
  4785 | 917601  -7244287   -0.8635863
  4786 | 9182AF  -7241041   -0.8631994
  4787 | 918F62  -7237790   -0.8628118
  4788 | 919C18  -7234536   -0.8624239
  4789 | 91A8D3  -7231277   -0.8620354
  4790 | 91B592  -7228014   -0.8616464
  4791 | 91C256  -7224746   -0.8612568
  4792 | 91CF1E  -7221474   -0.8608668
  4793 | 91DBE9  -7218199   -0.8604764
  4794 | 91E8BA  -7214918   -0.8600852
  4795 | 91F58E  -7211634   -0.8596938
  4796 | 920267  -7208345   -0.8593017
  4797 | 920F44  -7205052   -0.8589091
  4798 | 921C25  -7201755   -0.8585161
  4799 | 92290A  -7198454   -0.8581226
  4800 | 9235F4  -7195148   -0.8577285
  4801 | 9242E2  -7191838   -0.8573339
  4802 | 924FD4  -7188524   -0.8569388
  4803 | 925CCA  -7185206   -0.8565433
  4804 | 9269C5  -7181883   -0.8561472
  4805 | 9276C3  -7178557   -0.8557507
  4806 | 9283C6  -7175226   -0.8553536
  4807 | 9290CD  -7171891   -0.8549560
  4808 | 929DD9  -7168551   -0.8545579
  4809 | 92AAE9  -7165207   -0.8541592
  4810 | 92B7FC  -7161860   -0.8537602
  4811 | 92C514  -7158508   -0.8533607
  4812 | 92D231  -7155151   -0.8529605
  4813 | 92DF51  -7151791   -0.8525599
  4814 | 92EC76  -7148426   -0.8521588
  4815 | 92F99F  -7145057   -0.8517572
  4816 | 9306CC  -7141684   -0.8513551
  4817 | 9313FD  -7138307   -0.8509525
  4818 | 932133  -7134925   -0.8505493
  4819 | 932E6C  -7131540   -0.8501458
  4820 | 933BAA  -7128150   -0.8497417
  4821 | 9348EC  -7124756   -0.8493371
  4822 | 935633  -7121357   -0.8489319
  4823 | 93637D  -7117955   -0.8485264
  4824 | 9370CC  -7114548   -0.8481202
  4825 | 937E1F  -7111137   -0.8477136
  4826 | 938B76  -7107722   -0.8473065
  4827 | 9398D1  -7104303   -0.8468989
  4828 | 93A630  -7100880   -0.8464909
  4829 | 93B394  -7097452   -0.8460822
  4830 | 93C0FB  -7094021   -0.8456732
  4831 | 93CE67  -7090585   -0.8452636
  4832 | 93DBD7  -7087145   -0.8448535
  4833 | 93E94C  -7083700   -0.8444428
  4834 | 93F6C4  -7080252   -0.8440318
  4835 | 940441  -7076799   -0.8436202
  4836 | 9411C1  -7073343   -0.8432082
  4837 | 941F46  -7069882   -0.8427956
  4838 | 942CCF  -7066417   -0.8423826
  4839 | 943A5D  -7062947   -0.8419689
  4840 | 9447EE  -7059474   -0.8415549
  4841 | 945584  -7055996   -0.8411403
  4842 | 94631D  -7052515   -0.8407253
  4843 | 9470BB  -7049029   -0.8403097
  4844 | 947E5D  -7045539   -0.8398937
  4845 | 948C03  -7042045   -0.8394772
  4846 | 9499AD  -7038547   -0.8390602
  4847 | 94A75C  -7035044   -0.8386426
  4848 | 94B50E  -7031538   -0.8382246
  4849 | 94C2C5  -7028027   -0.8378061
  4850 | 94D080  -7024512   -0.8373871
  4851 | 94DE3F  -7020993   -0.8369676
  4852 | 94EC02  -7017470   -0.8365476
  4853 | 94F9C9  -7013943   -0.8361272
  4854 | 950794  -7010412   -0.8357062
  4855 | 951564  -7006876   -0.8352847
  4856 | 952337  -7003337   -0.8348628
  4857 | 95310F  -6999793   -0.8344404
  4858 | 953EEB  -6996245   -0.8340174
  4859 | 954CCB  -6992693   -0.8335940
  4860 | 955AAF  -6989137   -0.8331701
  4861 | 956897  -6985577   -0.8327457
  4862 | 957683  -6982013   -0.8323208
  4863 | 958474  -6978444   -0.8318954
  4864 | 959268  -6974872   -0.8314695
  4865 | 95A061  -6971295   -0.8310431
  4866 | 95AE5D  -6967715   -0.8306164
  4867 | 95BC5E  -6964130   -0.8301890
  4868 | 95CA63  -6960541   -0.8297611
  4869 | 95D86C  -6956948   -0.8293328
  4870 | 95E679  -6953351   -0.8289040
  4871 | 95F48A  -6949750   -0.8284748
  4872 | 9602A0  -6946144   -0.8280449
  4873 | 9610B9  -6942535   -0.8276147
  4874 | 961ED6  -6938922   -0.8271840
  4875 | 962CF8  -6935304   -0.8267527
  4876 | 963B1D  -6931683   -0.8263210
  4877 | 964947  -6928057   -0.8258888
  4878 | 965775  -6924427   -0.8254560
  4879 | 9665A7  -6920793   -0.8250228
  4880 | 9673DC  -6917156   -0.8245893
  4881 | 968216  -6913514   -0.8241551
  4882 | 969054  -6909868   -0.8237205
  4883 | 969E96  -6906218   -0.8232853
  4884 | 96ACDD  -6902563   -0.8228496
  4885 | 96BB27  -6898905   -0.8224136
  4886 | 96C975  -6895243   -0.8219770
  4887 | 96D7C7  -6891577   -0.8215400
  4888 | 96E61E  -6887906   -0.8211024
  4889 | 96F478  -6884232   -0.8206644
  4890 | 9702D7  -6880553   -0.8202258
  4891 | 971139  -6876871   -0.8197869
  4892 | 971FA0  -6873184   -0.8193474
  4893 | 972E0A  -6869494   -0.8189075
  4894 | 973C79  -6865799   -0.8184670
  4895 | 974AEC  -6862100   -0.8180261
  4896 | 975962  -6858398   -0.8175848
  4897 | 9767DD  -6854691   -0.8171428
  4898 | 97765C  -6850980   -0.8167005
  4899 | 9784DF  -6847265   -0.8162576
  4900 | 979366  -6843546   -0.8158143
  4901 | 97A1F0  -6839824   -0.8153706
  4902 | 97B07F  -6836097   -0.8149263
  4903 | 97BF12  -6832366   -0.8144815
  4904 | 97CDA9  -6828631   -0.8140363
  4905 | 97DC44  -6824892   -0.8135905
  4906 | 97EAE3  -6821149   -0.8131443
  4907 | 97F986  -6817402   -0.8126976
  4908 | 98082D  -6813651   -0.8122505
  4909 | 9816D8  -6809896   -0.8118029
  4910 | 982587  -6806137   -0.8113548
  4911 | 98343A  -6802374   -0.8109062
  4912 | 9842F1  -6798607   -0.8104571
  4913 | 9851AC  -6794836   -0.8100076
  4914 | 98606B  -6791061   -0.8095576
  4915 | 986F2E  -6787282   -0.8091071
  4916 | 987DF5  -6783499   -0.8086561
  4917 | 988CC0  -6779712   -0.8082047
  4918 | 989B8F  -6775921   -0.8077527
  4919 | 98AA62  -6772126   -0.8073003
  4920 | 98B939  -6768327   -0.8068475
  4921 | 98C814  -6764524   -0.8063941
  4922 | 98D6F3  -6760717   -0.8059403
  4923 | 98E5D6  -6756906   -0.8054860
  4924 | 98F4BD  -6753091   -0.8050312
  4925 | 9903A7  -6749273   -0.8045760
  4926 | 991296  -6745450   -0.8041203
  4927 | 992189  -6741623   -0.8036641
  4928 | 993080  -6737792   -0.8032074
  4929 | 993F7A  -6733958   -0.8027503
  4930 | 994E79  -6730119   -0.8022927
  4931 | 995D7C  -6726276   -0.8018346
  4932 | 996C82  -6722430   -0.8013761
  4933 | 997B8D  -6718579   -0.8009170
  4934 | 998A9B  -6714725   -0.8004576
  4935 | 9999AE  -6710866   -0.7999976
  4936 | 99A8C4  -6707004   -0.7995372
  4937 | 99B7DE  -6703138   -0.7990763
  4938 | 99C6FD  -6699267   -0.7986149
  4939 | 99D61F  -6695393   -0.7981530
  4940 | 99E545  -6691515   -0.7976907
  4941 | 99F46F  -6687633   -0.7972280
  4942 | 9A039D  -6683747   -0.7967647
  4943 | 9A12CF  -6679857   -0.7963010
  4944 | 9A2205  -6675963   -0.7958368
  4945 | 9A313F  -6672065   -0.7953721
  4946 | 9A407D  -6668163   -0.7949070
  4947 | 9A4FBE  -6664258   -0.7944415
  4948 | 9A5F04  -6660348   -0.7939754
  4949 | 9A6E4D  -6656435   -0.7935089
  4950 | 9A7D9B  -6652517   -0.7930418
  4951 | 9A8CEC  -6648596   -0.7925744
  4952 | 9A9C41  -6644671   -0.7921065
  4953 | 9AAB9A  -6640742   -0.7916381
  4954 | 9ABAF7  -6636809   -0.7911693
  4955 | 9ACA58  -6632872   -0.7907000
  4956 | 9AD9BD  -6628931   -0.7902302
  4957 | 9AE926  -6624986   -0.7897599
  4958 | 9AF893  -6621037   -0.7892891
  4959 | 9B0803  -6617085   -0.7888180
  4960 | 9B1778  -6613128   -0.7883463
  4961 | 9B26F0  -6609168   -0.7878742
  4962 | 9B366C  -6605204   -0.7874017
  4963 | 9B45EC  -6601236   -0.7869287
  4964 | 9B5570  -6597264   -0.7864552
  4965 | 9B64F8  -6593288   -0.7859812
  4966 | 9B7484  -6589308   -0.7855067
  4967 | 9B8414  -6585324   -0.7850318
  4968 | 9B93A7  -6581337   -0.7845565
  4969 | 9BA33E  -6577346   -0.7840807
  4970 | 9BB2DA  -6573350   -0.7836044
  4971 | 9BC279  -6569351   -0.7831277
  4972 | 9BD21C  -6565348   -0.7826505
  4973 | 9BE1C3  -6561341   -0.7821728
  4974 | 9BF16D  -6557331   -0.7816948
  4975 | 9C011C  -6553316   -0.7812161
  4976 | 9C10CE  -6549298   -0.7807372
  4977 | 9C2084  -6545276   -0.7802577
  4978 | 9C303F  -6541249   -0.7797776
  4979 | 9C3FFD  -6537219   -0.7792972
  4980 | 9C4FBE  -6533186   -0.7788165
  4981 | 9C5F84  -6529148   -0.7783351
  4982 | 9C6F4D  -6525107   -0.7778534
  4983 | 9C7F1B  -6521061   -0.7773710
  4984 | 9C8EEC  -6517012   -0.7768884
  4985 | 9C9EC1  -6512959   -0.7764052
  4986 | 9CAE9A  -6508902   -0.7759216
  4987 | 9CBE76  -6504842   -0.7754376
  4988 | 9CCE57  -6500777   -0.7749530
  4989 | 9CDE3B  -6496709   -0.7744681
  4990 | 9CEE23  -6492637   -0.7739826
  4991 | 9CFE0F  -6488561   -0.7734967
  4992 | 9D0DFF  -6484481   -0.7730104
  4993 | 9D1DF3  -6480397   -0.7725235
  4994 | 9D2DEA  -6476310   -0.7720363
  4995 | 9D3DE5  -6472219   -0.7715486
  4996 | 9D4DE4  -6468124   -0.7710605
  4997 | 9D5DE7  -6464025   -0.7705718
  4998 | 9D6DEE  -6459922   -0.7700827
  4999 | 9D7DF8  -6455816   -0.7695932
  5000 | 9D8E06  -6451706   -0.7691033
  5001 | 9D9E18  -6447592   -0.7686129
  5002 | 9DAE2E  -6443474   -0.7681220
  5003 | 9DBE48  -6439352   -0.7676306
  5004 | 9DCE65  -6435227   -0.7671388
  5005 | 9DDE86  -6431098   -0.7666466
  5006 | 9DEEAB  -6426965   -0.7661539
  5007 | 9DFED4  -6422828   -0.7656608
  5008 | 9E0F01  -6418687   -0.7651671
  5009 | 9E1F31  -6414543   -0.7646731
  5010 | 9E2F65  -6410395   -0.7641786
  5011 | 9E3F9D  -6406243   -0.7636837
  5012 | 9E4FD8  -6402088   -0.7631884
  5013 | 9E6018  -6397928   -0.7626925
  5014 | 9E705B  -6393765   -0.7621962
  5015 | 9E80A2  -6389598   -0.7616994
  5016 | 9E90EC  -6385428   -0.7612023
  5017 | 9EA13B  -6381253   -0.7607046
  5018 | 9EB18D  -6377075   -0.7602066
  5019 | 9EC1E3  -6372893   -0.7597080
  5020 | 9ED23C  -6368708   -0.7592092
  5021 | 9EE29A  -6364518   -0.7587097
  5022 | 9EF2FB  -6360325   -0.7582098
  5023 | 9F0360  -6356128   -0.7577095
  5024 | 9F13C9  -6351927   -0.7572087
  5025 | 9F2435  -6347723   -0.7567075
  5026 | 9F34A5  -6343515   -0.7562059
  5027 | 9F4519  -6339303   -0.7557038
  5028 | 9F5590  -6335088   -0.7552013
  5029 | 9F660C  -6330868   -0.7546983
  5030 | 9F768B  -6326645   -0.7541949
  5031 | 9F870D  -6322419   -0.7536911
  5032 | 9F9794  -6318188   -0.7531867
  5033 | 9FA81E  -6313954   -0.7526820
  5034 | 9FB8AC  -6309716   -0.7521768
  5035 | 9FC93E  -6305474   -0.7516711
  5036 | 9FD9D3  -6301229   -0.7511650
  5037 | 9FEA6C  -6296980   -0.7506585
  5038 | 9FFB09  -6292727   -0.7501515
  5039 | A00BA9  -6288471   -0.7496442
  5040 | A01C4D  -6284211   -0.7491363
  5041 | A02CF5  -6279947   -0.7486280
  5042 | A03DA1  -6275679   -0.7481192
  5043 | A04E50  -6271408   -0.7476101
  5044 | A05F03  -6267133   -0.7471005
  5045 | A06FB9  -6262855   -0.7465905
  5046 | A08073  -6258573   -0.7460800
  5047 | A09131  -6254287   -0.7455691
  5048 | A0A1F3  -6249997   -0.7450577
  5049 | A0B2B8  -6245704   -0.7445459
  5050 | A0C381  -6241407   -0.7440337
  5051 | A0D44E  -6237106   -0.7435210
  5052 | A0E51E  -6232802   -0.7430079
  5053 | A0F5F2  -6228494   -0.7424943
  5054 | A106CA  -6224182   -0.7419803
  5055 | A117A5  -6219867   -0.7414659
  5056 | A12884  -6215548   -0.7409511
  5057 | A13967  -6211225   -0.7404357
  5058 | A14A4D  -6206899   -0.7399200
  5059 | A15B37  -6202569   -0.7394038
  5060 | A16C25  -6198235   -0.7388872
  5061 | A17D16  -6193898   -0.7383702
  5062 | A18E0B  -6189557   -0.7378527
  5063 | A19F03  -6185213   -0.7373348
  5064 | A1AFFF  -6180865   -0.7368165
  5065 | A1C0FF  -6176513   -0.7362977
  5066 | A1D203  -6172157   -0.7357785
  5067 | A1E30A  -6167798   -0.7352588
  5068 | A1F414  -6163436   -0.7347388
  5069 | A20523  -6159069   -0.7342182
  5070 | A21635  -6154699   -0.7336973
  5071 | A2274A  -6150326   -0.7331760
  5072 | A23863  -6145949   -0.7326542
  5073 | A24980  -6141568   -0.7321320
  5074 | A25AA0  -6137184   -0.7316093
  5075 | A26BC4  -6132796   -0.7310863
  5076 | A27CEC  -6128404   -0.7305627
  5077 | A28E17  -6124009   -0.7300388
  5078 | A29F46  -6119610   -0.7295144
  5079 | A2B078  -6115208   -0.7289896
  5080 | A2C1AF  -6110801   -0.7284642
  5081 | A2D2E8  -6106392   -0.7279387
  5082 | A2E425  -6101979   -0.7274126
  5083 | A2F566  -6097562   -0.7268860
  5084 | A306AB  -6093141   -0.7263590
  5085 | A317F2  -6088718   -0.7258317
  5086 | A3293E  -6084290   -0.7253039
  5087 | A33A8D  -6079859   -0.7247757
  5088 | A34BE0  -6075424   -0.7242470
  5089 | A35D36  -6070986   -0.7237179
  5090 | A36E90  -6066544   -0.7231884
  5091 | A37FED  -6062099   -0.7226585
  5092 | A3914E  -6057650   -0.7221282
  5093 | A3A2B3  -6053197   -0.7215973
  5094 | A3B41B  -6048741   -0.7210661
  5095 | A3C587  -6044281   -0.7205344
  5096 | A3D6F6  -6039818   -0.7200024
  5097 | A3E869  -6035351   -0.7194699
  5098 | A3F9DF  -6030881   -0.7189370
  5099 | A40B59  -6026407   -0.7184037
  5100 | A41CD6  -6021930   -0.7178700
  5101 | A42E57  -6017449   -0.7173358
  5102 | A43FDC  -6012964   -0.7168012
  5103 | A45164  -6008476   -0.7162662
  5104 | A462EF  -6003985   -0.7157308
  5105 | A4747E  -5999490   -0.7151949
  5106 | A48611  -5994991   -0.7146586
  5107 | A497A7  -5990489   -0.7141219
  5108 | A4A941  -5985983   -0.7135848
  5109 | A4BADE  -5981474   -0.7130473
  5110 | A4CC7F  -5976961   -0.7125093
  5111 | A4DE23  -5972445   -0.7119709
  5112 | A4EFCB  -5967925   -0.7114321
  5113 | A50176  -5963402   -0.7108929
  5114 | A51325  -5958875   -0.7103533
  5115 | A524D7  -5954345   -0.7098132
  5116 | A5368D  -5949811   -0.7092727
  5117 | A54846  -5945274   -0.7087319
  5118 | A55A03  -5940733   -0.7081906
  5119 | A56BC3  -5936189   -0.7076489
  5120 | A57D87  -5931641   -0.7071067
  5121 | A58F4E  -5927090   -0.7065642
  5122 | A5A119  -5922535   -0.7060212
  5123 | A5B2E7  -5917977   -0.7054778
  5124 | A5C4B9  -5913415   -0.7049340
  5125 | A5D68E  -5908850   -0.7043898
  5126 | A5E867  -5904281   -0.7038451
  5127 | A5FA43  -5899709   -0.7033001
  5128 | A60C23  -5895133   -0.7027546
  5129 | A61E06  -5890554   -0.7022088
  5130 | A62FEC  -5885972   -0.7016625
  5131 | A641D6  -5881386   -0.7011158
  5132 | A653C4  -5876796   -0.7005687
  5133 | A665B5  -5872203   -0.7000211
  5134 | A677A9  -5867607   -0.6994733
  5135 | A689A1  -5863007   -0.6989249
  5136 | A69B9C  -5858404   -0.6983762
  5137 | A6AD9B  -5853797   -0.6978270
  5138 | A6BF9D  -5849187   -0.6972774
  5139 | A6D1A3  -5844573   -0.6967274
  5140 | A6E3AC  -5839956   -0.6961770
  5141 | A6F5B8  -5835336   -0.6956263
  5142 | A707C8  -5830712   -0.6950750
  5143 | A719DB  -5826085   -0.6945235
  5144 | A72BF2  -5821454   -0.6939714
  5145 | A73E0C  -5816820   -0.6934190
  5146 | A7502A  -5812182   -0.6928661
  5147 | A7624B  -5807541   -0.6923128
  5148 | A7746F  -5802897   -0.6917592
  5149 | A78697  -5798249   -0.6912051
  5150 | A798C3  -5793597   -0.6906506
  5151 | A7AAF1  -5788943   -0.6900958
  5152 | A7BD23  -5784285   -0.6895405
  5153 | A7CF59  -5779623   -0.6889848
  5154 | A7E192  -5774958   -0.6884286
  5155 | A7F3CE  -5770290   -0.6878722
  5156 | A8060E  -5765618   -0.6873152
  5157 | A81851  -5760943   -0.6867579
  5158 | A82A97  -5756265   -0.6862003
  5159 | A83CE1  -5751583   -0.6856421
  5160 | A84F2E  -5746898   -0.6850836
  5161 | A8617F  -5742209   -0.6845247
  5162 | A873D3  -5737517   -0.6839653
  5163 | A8862A  -5732822   -0.6834056
  5164 | A89885  -5728123   -0.6828455
  5165 | A8AAE3  -5723421   -0.6822850
  5166 | A8BD45  -5718715   -0.6817240
  5167 | A8CFAA  -5714006   -0.6811626
  5168 | A8E212  -5709294   -0.6806009
  5169 | A8F47D  -5704579   -0.6800388
  5170 | A906EC  -5699860   -0.6794763
  5171 | A9195E  -5695138   -0.6789134
  5172 | A92BD4  -5690412   -0.6783500
  5173 | A93E4D  -5685683   -0.6777862
  5174 | A950C9  -5680951   -0.6772221
  5175 | A96349  -5676215   -0.6766576
  5176 | A975CC  -5671476   -0.6760926
  5177 | A98852  -5666734   -0.6755273
  5178 | A99ADC  -5661988   -0.6749616
  5179 | A9AD69  -5657239   -0.6743954
  5180 | A9BFF9  -5652487   -0.6738290
  5181 | A9D28D  -5647731   -0.6732620
  5182 | A9E524  -5642972   -0.6726947
  5183 | A9F7BE  -5638210   -0.6721270
  5184 | AA0A5C  -5633444   -0.6715589
  5185 | AA1CFD  -5628675   -0.6709903
  5186 | AA2FA1  -5623903   -0.6704215
  5187 | AA4249  -5619127   -0.6698521
  5188 | AA54F3  -5614349   -0.6692826
  5189 | AA67A2  -5609566   -0.6687124
  5190 | AA7A53  -5604781   -0.6681420
  5191 | AA8D08  -5599992   -0.6675711
  5192 | AA9FC0  -5595200   -0.6669998
  5193 | AAB27B  -5590405   -0.6664282
  5194 | AAC53A  -5585606   -0.6658561
  5195 | AAD7FC  -5580804   -0.6652837
  5196 | AAEAC1  -5575999   -0.6647109
  5197 | AAFD89  -5571191   -0.6641377
  5198 | AB1055  -5566379   -0.6635641
  5199 | AB2324  -5561564   -0.6629901
  5200 | AB35F6  -5556746   -0.6624157
  5201 | AB48CC  -5551924   -0.6618409
  5202 | AB5BA5  -5547099   -0.6612657
  5203 | AB6E81  -5542271   -0.6606902
  5204 | AB8160  -5537440   -0.6601143
  5205 | AB9443  -5532605   -0.6595379
  5206 | ABA729  -5527767   -0.6589612
  5207 | ABBA12  -5522926   -0.6583841
  5208 | ABCCFE  -5518082   -0.6578066
  5209 | ABDFEE  -5513234   -0.6572287
  5210 | ABF2E1  -5508383   -0.6566504
  5211 | AC05D7  -5503529   -0.6560718
  5212 | AC18D0  -5498672   -0.6554928
  5213 | AC2BCD  -5493811   -0.6549133
  5214 | AC3ECC  -5488948   -0.6543336
  5215 | AC51CF  -5484081   -0.6537534
  5216 | AC64D6  -5479210   -0.6531727
  5217 | AC77DF  -5474337   -0.6525918
  5218 | AC8AEC  -5469460   -0.6520104
  5219 | AC9DFC  -5464580   -0.6514287
  5220 | ACB10F  -5459697   -0.6508466
  5221 | ACC425  -5454811   -0.6502641
  5222 | ACD73F  -5449921   -0.6496812
  5223 | ACEA5C  -5445028   -0.6490979
  5224 | ACFD7C  -5440132   -0.6485143
  5225 | AD109F  -5435233   -0.6479303
  5226 | AD23C5  -5430331   -0.6473459
  5227 | AD36EF  -5425425   -0.6467611
  5228 | AD4A1B  -5420517   -0.6461760
  5229 | AD5D4B  -5415605   -0.6455904
  5230 | AD707E  -5410690   -0.6450045
  5231 | AD83B5  -5405771   -0.6444181
  5232 | AD96EE  -5400850   -0.6438315
  5233 | ADAA2B  -5395925   -0.6432444
  5234 | ADBD6B  -5390997   -0.6426569
  5235 | ADD0AE  -5386066   -0.6420691
  5236 | ADE3F4  -5381132   -0.6414809
  5237 | ADF73D  -5376195   -0.6408924
  5238 | AE0A8A  -5371254   -0.6403034
  5239 | AE1DD9  -5366311   -0.6397141
  5240 | AE312C  -5361364   -0.6391244
  5241 | AE4482  -5356414   -0.6385343
  5242 | AE57DB  -5351461   -0.6379439
  5243 | AE6B38  -5346504   -0.6373529
  5244 | AE7E97  -5341545   -0.6367618
  5245 | AE91FA  -5336582   -0.6361701
  5246 | AEA55F  -5331617   -0.6355783
  5247 | AEB8C8  -5326648   -0.6349859
  5248 | AECC34  -5321676   -0.6343932
  5249 | AEDFA3  -5316701   -0.6338001
  5250 | AEF315  -5311723   -0.6332067
  5251 | AF068B  -5306741   -0.6326128
  5252 | AF1A03  -5301757   -0.6320187
  5253 | AF2D7F  -5296769   -0.6314241
  5254 | AF40FE  -5291778   -0.6308291
  5255 | AF547F  -5286785   -0.6302339
  5256 | AF6804  -5281788   -0.6296382
  5257 | AF7B8C  -5276788   -0.6290421
  5258 | AF8F17  -5271785   -0.6284457
  5259 | AFA2A6  -5266778   -0.6278489
  5260 | AFB637  -5261769   -0.6272517
  5261 | AFC9CB  -5256757   -0.6266543
  5262 | AFDD63  -5251741   -0.6260563
  5263 | AFF0FE  -5246722   -0.6254580
  5264 | B0049B  -5241701   -0.6248595
  5265 | B0183C  -5236676   -0.6242604
  5266 | B02BE0  -5231648   -0.6236610
  5267 | B03F87  -5226617   -0.6230613
  5268 | B05331  -5221583   -0.6224612
  5269 | B066DE  -5216546   -0.6218607
  5270 | B07A8E  -5211506   -0.6212599
  5271 | B08E41  -5206463   -0.6206588
  5272 | B0A1F8  -5201416   -0.6200571
  5273 | B0B5B1  -5196367   -0.6194552
  5274 | B0C96D  -5191315   -0.6188530
  5275 | B0DD2D  -5186259   -0.6182503
  5276 | B0F0EF  -5181201   -0.6176473
  5277 | B104B5  -5176139   -0.6170439
  5278 | B1187E  -5171074   -0.6164401
  5279 | B12C49  -5166007   -0.6158360
  5280 | B14018  -5160936   -0.6152315
  5281 | B153EA  -5155862   -0.6146266
  5282 | B167BE  -5150786   -0.6140215
  5283 | B17B96  -5145706   -0.6134160
  5284 | B18F71  -5140623   -0.6128100
  5285 | B1A34F  -5135537   -0.6122037
  5286 | B1B730  -5130448   -0.6115971
  5287 | B1CB14  -5125356   -0.6109900
  5288 | B1DEFB  -5120261   -0.6103827
  5289 | B1F2E4  -5115164   -0.6097751
  5290 | B206D1  -5110063   -0.6091670
  5291 | B21AC1  -5104959   -0.6085585
  5292 | B22EB4  -5099852   -0.6079497
  5293 | B242AA  -5094742   -0.6073406
  5294 | B256A3  -5089629   -0.6067311
  5295 | B26A9F  -5084513   -0.6061212
  5296 | B27E9E  -5079394   -0.6055110
  5297 | B292A0  -5074272   -0.6049004
  5298 | B2A6A5  -5069147   -0.6042894
  5299 | B2BAAC  -5064020   -0.6036782
  5300 | B2CEB7  -5058889   -0.6030666
  5301 | B2E2C5  -5053755   -0.6024545
  5302 | B2F6D6  -5048618   -0.6018422
  5303 | B30AEA  -5043478   -0.6012294
  5304 | B31F00  -5038336   -0.6006165
  5305 | B3331A  -5033190   -0.6000030
  5306 | B34737  -5028041   -0.5993892
  5307 | B35B56  -5022890   -0.5987751
  5308 | B36F79  -5017735   -0.5981606
  5309 | B3839E  -5012578   -0.5975459
  5310 | B397C7  -5007417   -0.5969306
  5311 | B3ABF2  -5002254   -0.5963151
  5312 | B3C021  -4997087   -0.5956992
  5313 | B3D452  -4991918   -0.5950830
  5314 | B3E886  -4986746   -0.5944664
  5315 | B3FCBD  -4981571   -0.5938495
  5316 | B410F7  -4976393   -0.5932323
  5317 | B42534  -4971212   -0.5926147
  5318 | B43974  -4966028   -0.5919967
  5319 | B44DB7  -4960841   -0.5913783
  5320 | B461FD  -4955651   -0.5907596
  5321 | B47646  -4950458   -0.5901406
  5322 | B48A91  -4945263   -0.5895213
  5323 | B49EE0  -4940064   -0.5889015
  5324 | B4B331  -4934863   -0.5882815
  5325 | B4C786  -4929658   -0.5876610
  5326 | B4DBDD  -4924451   -0.5870403
  5327 | B4F037  -4919241   -0.5864192
  5328 | B50494  -4914028   -0.5857978
  5329 | B518F4  -4908812   -0.5851760
  5330 | B52D57  -4903593   -0.5845538
  5331 | B541BC  -4898372   -0.5839314
  5332 | B55625  -4893147   -0.5833086
  5333 | B56A90  -4887920   -0.5826855
  5334 | B57EFF  -4882689   -0.5820619
  5335 | B59370  -4877456   -0.5814381
  5336 | B5A7E4  -4872220   -0.5808139
  5337 | B5BC5B  -4866981   -0.5801893
  5338 | B5D0D5  -4861739   -0.5795645
  5339 | B5E551  -4856495   -0.5789393
  5340 | B5F9D1  -4851247   -0.5783137
  5341 | B60E53  -4845997   -0.5776879
  5342 | B622D8  -4840744   -0.5770617
  5343 | B63760  -4835488   -0.5764351
  5344 | B64BEB  -4830229   -0.5758082
  5345 | B66079  -4824967   -0.5751809
  5346 | B6750A  -4819702   -0.5745533
  5347 | B6899D  -4814435   -0.5739254
  5348 | B69E33  -4809165   -0.5732971
  5349 | B6B2CC  -4803892   -0.5726686
  5350 | B6C768  -4798616   -0.5720396
  5351 | B6DC07  -4793337   -0.5714103
  5352 | B6F0A9  -4788055   -0.5707806
  5353 | B7054D  -4782771   -0.5701507
  5354 | B719F4  -4777484   -0.5695205
  5355 | B72E9E  -4772194   -0.5688899
  5356 | B7434B  -4766901   -0.5682589
  5357 | B757FB  -4761605   -0.5676275
  5358 | B76CAD  -4756307   -0.5669960
  5359 | B78162  -4751006   -0.5663640
  5360 | B7961A  -4745702   -0.5657318
  5361 | B7AAD5  -4740395   -0.5650991
  5362 | B7BF93  -4735085   -0.5644661
  5363 | B7D453  -4729773   -0.5638329
  5364 | B7E916  -4724458   -0.5631993
  5365 | B7FDDC  -4719140   -0.5625653
  5366 | B812A5  -4713819   -0.5619310
  5367 | B82770  -4708496   -0.5612965
  5368 | B83C3E  -4703170   -0.5606616
  5369 | B8510F  -4697841   -0.5600263
  5370 | B865E3  -4692509   -0.5593907
  5371 | B87ABA  -4687174   -0.5587547
  5372 | B88F93  -4681837   -0.5581185
  5373 | B8A46F  -4676497   -0.5574819
  5374 | B8B94E  -4671154   -0.5568449
  5375 | B8CE2F  -4665809   -0.5562078
  5376 | B8E314  -4660460   -0.5555701
  5377 | B8F7FB  -4655109   -0.5549322
  5378 | B90CE4  -4649756   -0.5542941
  5379 | B921D1  -4644399   -0.5536555
  5380 | B936C0  -4639040   -0.5530167
  5381 | B94BB2  -4633678   -0.5523775
  5382 | B960A7  -4628313   -0.5517379
  5383 | B9759E  -4622946   -0.5510981
  5384 | B98A98  -4617576   -0.5504580
  5385 | B99F95  -4612203   -0.5498174
  5386 | B9B495  -4606827   -0.5491766
  5387 | B9C997  -4601449   -0.5485355
  5388 | B9DE9C  -4596068   -0.5478940
  5389 | B9F3A4  -4590684   -0.5472522
  5390 | BA08AE  -4585298   -0.5466101
  5391 | BA1DBB  -4579909   -0.5459677
  5392 | BA32CB  -4574517   -0.5453249
  5393 | BA47DD  -4569123   -0.5446819
  5394 | BA5CF3  -4563725   -0.5440384
  5395 | BA720A  -4558326   -0.5433948
  5396 | BA8725  -4552923   -0.5427507
  5397 | BA9C42  -4547518   -0.5421064
  5398 | BAB162  -4542110   -0.5414617
  5399 | BAC685  -4536699   -0.5408167
  5400 | BADBAA  -4531286   -0.5401714
  5401 | BAF0D2  -4525870   -0.5395257
  5402 | BB05FC  -4520452   -0.5388799
  5403 | BB1B29  -4515031   -0.5382336
  5404 | BB3059  -4509607   -0.5375870
  5405 | BB458C  -4504180   -0.5369401
  5406 | BB5AC1  -4498751   -0.5362929
  5407 | BB6FF9  -4493319   -0.5356454
  5408 | BB8533  -4487885   -0.5349976
  5409 | BB9A70  -4482448   -0.5343494
  5410 | BBAFB0  -4477008   -0.5337009
  5411 | BBC4F2  -4471566   -0.5330522
  5412 | BBDA37  -4466121   -0.5324031
  5413 | BBEF7F  -4460673   -0.5317537
  5414 | BC04C9  -4455223   -0.5311040
  5415 | BC1A16  -4449770   -0.5304539
  5416 | BC2F66  -4444314   -0.5298035
  5417 | BC44B8  -4438856   -0.5291529
  5418 | BC5A0C  -4433396   -0.5285020
  5419 | BC6F64  -4427932   -0.5278506
  5420 | BC84BE  -4422466   -0.5271990
  5421 | BC9A1A  -4416998   -0.5265472
  5422 | BCAF79  -4411527   -0.5258950
  5423 | BCC4DB  -4406053   -0.5252424
  5424 | BCDA3F  -4400577   -0.5245897
  5425 | BCEFA6  -4395098   -0.5239365
  5426 | BD0510  -4389616   -0.5232830
  5427 | BD1A7C  -4384132   -0.5226293
  5428 | BD2FEA  -4378646   -0.5219753
  5429 | BD455C  -4373156   -0.5213208
  5430 | BD5ACF  -4367665   -0.5206662
  5431 | BD7046  -4362170   -0.5200112
  5432 | BD85BF  -4356673   -0.5193559
  5433 | BD9B3A  -4351174   -0.5187004
  5434 | BDB0B8  -4345672   -0.5180445
  5435 | BDC639  -4340167   -0.5173882
  5436 | BDDBBC  -4334660   -0.5167317
  5437 | BDF142  -4329150   -0.5160749
  5438 | BE06CA  -4323638   -0.5154178
  5439 | BE1C55  -4318123   -0.5147604
  5440 | BE31E2  -4312606   -0.5141027
  5441 | BE4772  -4307086   -0.5134447
  5442 | BE5D04  -4301564   -0.5127864
  5443 | BE7299  -4296039   -0.5121278
  5444 | BE8831  -4290511   -0.5114688
  5445 | BE9DCB  -4284981   -0.5108095
  5446 | BEB367  -4279449   -0.5101501
  5447 | BEC906  -4273914   -0.5094903
  5448 | BEDEA8  -4268376   -0.5088301
  5449 | BEF44C  -4262836   -0.5081697
  5450 | BF09F3  -4257293   -0.5075089
  5451 | BF1F9C  -4251748   -0.5068479
  5452 | BF3547  -4246201   -0.5061866
  5453 | BF4AF5  -4240651   -0.5055250
  5454 | BF60A6  -4235098   -0.5048630
  5455 | BF7659  -4229543   -0.5042008
  5456 | BF8C0E  -4223986   -0.5035384
  5457 | BFA1C6  -4218426   -0.5028756
  5458 | BFB781  -4212863   -0.5022124
  5459 | BFCD3E  -4207298   -0.5015490
  5460 | BFE2FD  -4201731   -0.5008854
  5461 | BFF8BF  -4196161   -0.5002214
  5462 | C00E84  -4190588   -0.4995570
  5463 | C0244B  -4185013   -0.4988924
  5464 | C03A14  -4179436   -0.4982276
  5465 | C04FE0  -4173856   -0.4975624
  5466 | C065AE  -4168274   -0.4968970
  5467 | C07B7F  -4162689   -0.4962312
  5468 | C09152  -4157102   -0.4955652
  5469 | C0A727  -4151513   -0.4948989
  5470 | C0BCFF  -4145921   -0.4942323
  5471 | C0D2DA  -4140326   -0.4935653
  5472 | C0E8B7  -4134729   -0.4928981
  5473 | C0FE96  -4129130   -0.4922307
  5474 | C11478  -4123528   -0.4915628
  5475 | C12A5C  -4117924   -0.4908948
  5476 | C14043  -4112317   -0.4902264
  5477 | C1562C  -4106708   -0.4895577
  5478 | C16C17  -4101097   -0.4888889
  5479 | C18205  -4095483   -0.4882196
  5480 | C197F5  -4089867   -0.4875501
  5481 | C1ADE8  -4084248   -0.4868803
  5482 | C1C3DD  -4078627   -0.4862102
  5483 | C1D9D5  -4073003   -0.4855398
  5484 | C1EFCE  -4067378   -0.4848692
  5485 | C205CB  -4061749   -0.4841982
  5486 | C21BC9  -4056119   -0.4835271
  5487 | C231CA  -4050486   -0.4828556
  5488 | C247CE  -4044850   -0.4821837
  5489 | C25DD4  -4039212   -0.4815116
  5490 | C273DC  -4033572   -0.4808393
  5491 | C289E6  -4027930   -0.4801667
  5492 | C29FF3  -4022285   -0.4794937
  5493 | C2B603  -4016637   -0.4788204
  5494 | C2CC14  -4010988   -0.4781470
  5495 | C2E228  -4005336   -0.4774733
  5496 | C2F83F  -3999681   -0.4767991
  5497 | C30E57  -3994025   -0.4761249
  5498 | C32472  -3988366   -0.4754503
  5499 | C33A90  -3982704   -0.4747753
  5500 | C350B0  -3977040   -0.4741001
  5501 | C366D2  -3971374   -0.4734247
  5502 | C37CF6  -3965706   -0.4727490
  5503 | C3931D  -3960035   -0.4720730
  5504 | C3A946  -3954362   -0.4713967
  5505 | C3BF71  -3948687   -0.4707202
  5506 | C3D59F  -3943009   -0.4700433
  5507 | C3EBCF  -3937329   -0.4693662
  5508 | C40202  -3931646   -0.4686887
  5509 | C41836  -3925962   -0.4680111
  5510 | C42E6D  -3920275   -0.4673332
  5511 | C444A7  -3914585   -0.4666549
  5512 | C45AE2  -3908894   -0.4659765
  5513 | C47120  -3903200   -0.4652977
  5514 | C48760  -3897504   -0.4646187
  5515 | C49DA3  -3891805   -0.4639393
  5516 | C4B3E8  -3886104   -0.4632597
  5517 | C4CA2F  -3880401   -0.4625798
  5518 | C4E078  -3874696   -0.4618998
  5519 | C4F6C4  -3868988   -0.4612193
  5520 | C50D12  -3863278   -0.4605386
  5521 | C52362  -3857566   -0.4598577
  5522 | C539B4  -3851852   -0.4591765
  5523 | C55009  -3846135   -0.4584950
  5524 | C56660  -3840416   -0.4578133
  5525 | C57CB9  -3834695   -0.4571313
  5526 | C59315  -3828971   -0.4564489
  5527 | C5A973  -3823245   -0.4557663
  5528 | C5BFD3  -3817517   -0.4550835
  5529 | C5D635  -3811787   -0.4544004
  5530 | C5EC99  -3806055   -0.4537171
  5531 | C60300  -3800320   -0.4530334
  5532 | C61969  -3794583   -0.4523495
  5533 | C62FD4  -3788844   -0.4516654
  5534 | C64642  -3783102   -0.4509809
  5535 | C65CB1  -3777359   -0.4502963
  5536 | C67323  -3771613   -0.4496113
  5537 | C68997  -3765865   -0.4489261
  5538 | C6A00E  -3760114   -0.4482405
  5539 | C6B686  -3754362   -0.4475548
  5540 | C6CD01  -3748607   -0.4468688
  5541 | C6E37E  -3742850   -0.4461825
  5542 | C6F9FD  -3737091   -0.4454960
  5543 | C7107E  -3731330   -0.4448092
  5544 | C72702  -3725566   -0.4441221
  5545 | C73D88  -3719800   -0.4434347
  5546 | C75410  -3714032   -0.4427471
  5547 | C76A9A  -3708262   -0.4420593
  5548 | C78126  -3702490   -0.4413712
  5549 | C797B4  -3696716   -0.4406829
  5550 | C7AE45  -3690939   -0.4399942
  5551 | C7C4D8  -3685160   -0.4393053
  5552 | C7DB6D  -3679379   -0.4386162
  5553 | C7F204  -3673596   -0.4379268
  5554 | C8089D  -3667811   -0.4372371
  5555 | C81F39  -3662023   -0.4365472
  5556 | C835D6  -3656234   -0.4358571
  5557 | C84C76  -3650442   -0.4351666
  5558 | C86318  -3644648   -0.4344759
  5559 | C879BC  -3638852   -0.4337850
  5560 | C89062  -3633054   -0.4330938
  5561 | C8A70A  -3627254   -0.4324024
  5562 | C8BDB5  -3621451   -0.4317106
  5563 | C8D462  -3615646   -0.4310186
  5564 | C8EB10  -3609840   -0.4303265
  5565 | C901C1  -3604031   -0.4296340
  5566 | C91874  -3598220   -0.4289412
  5567 | C92F29  -3592407   -0.4282483
  5568 | C945E0  -3586592   -0.4275551
  5569 | C95C9A  -3580774   -0.4268615
  5570 | C97355  -3574955   -0.4261678
  5571 | C98A13  -3569133   -0.4254738
  5572 | C9A0D2  -3563310   -0.4247797
  5573 | C9B794  -3557484   -0.4240851
  5574 | C9CE58  -3551656   -0.4233904
  5575 | C9E51E  -3545826   -0.4226954
  5576 | C9FBE6  -3539994   -0.4220002
  5577 | CA12B0  -3534160   -0.4213047
  5578 | CA297C  -3528324   -0.4206090
  5579 | CA404A  -3522486   -0.4199131
  5580 | CA571A  -3516646   -0.4192169
  5581 | CA6DED  -3510803   -0.4185203
  5582 | CA84C1  -3504959   -0.4178237
  5583 | CA9B98  -3499112   -0.4171267
  5584 | CAB270  -3493264   -0.4164295
  5585 | CAC94B  -3487413   -0.4157320
  5586 | CAE027  -3481561   -0.4150344
  5587 | CAF706  -3475706   -0.4143364
  5588 | CB0DE7  -3469849   -0.4136382
  5589 | CB24CA  -3463990   -0.4129398
  5590 | CB3BAE  -3458130   -0.4122412
  5591 | CB5295  -3452267   -0.4115423
  5592 | CB697E  -3446402   -0.4108431
  5593 | CB8069  -3440535   -0.4101437
  5594 | CB9756  -3434666   -0.4094441
  5595 | CBAE45  -3428795   -0.4087442
  5596 | CBC536  -3422922   -0.4080441
  5597 | CBDC29  -3417047   -0.4073437
  5598 | CBF31E  -3411170   -0.4066432
  5599 | CC0A15  -3405291   -0.4059423
  5600 | CC210E  -3399410   -0.4052413
  5601 | CC3809  -3393527   -0.4045399
  5602 | CC4F06  -3387642   -0.4038384
  5603 | CC6605  -3381755   -0.4031366
  5604 | CC7D06  -3375866   -0.4024346
  5605 | CC9409  -3369975   -0.4017323
  5606 | CCAB0E  -3364082   -0.4010298
  5607 | CCC215  -3358187   -0.4003271
  5608 | CCD91E  -3352290   -0.3996241
  5609 | CCF029  -3346391   -0.3989209
  5610 | CD0735  -3340491   -0.3982176
  5611 | CD1E44  -3334588   -0.3975139
  5612 | CD3555  -3328683   -0.3968099
  5613 | CD4C68  -3322776   -0.3961058
  5614 | CD637C  -3316868   -0.3954015
  5615 | CD7A93  -3310957   -0.3946968
  5616 | CD91AC  -3305044   -0.3939919
  5617 | CDA8C6  -3299130   -0.3932869
  5618 | CDBFE3  -3293213   -0.3925816
  5619 | CDD701  -3287295   -0.3918761
  5620 | CDEE21  -3281375   -0.3911704
  5621 | CE0544  -3275452   -0.3904643
  5622 | CE1C68  -3269528   -0.3897581
  5623 | CE338E  -3263602   -0.3890517
  5624 | CE4AB6  -3257674   -0.3883450
  5625 | CE61E0  -3251744   -0.3876381
  5626 | CE790C  -3245812   -0.3869309
  5627 | CE903A  -3239878   -0.3862236
  5628 | CEA769  -3233943   -0.3855160
  5629 | CEBE9B  -3228005   -0.3848082
  5630 | CED5CE  -3222066   -0.3841002
  5631 | CEED04  -3216124   -0.3833919
  5632 | CF043B  -3210181   -0.3826834
  5633 | CF1B74  -3204236   -0.3819747
  5634 | CF32AF  -3198289   -0.3812658
  5635 | CF49EC  -3192340   -0.3805566
  5636 | CF612B  -3186389   -0.3798472
  5637 | CF786C  -3180436   -0.3791375
  5638 | CF8FAE  -3174482   -0.3784277
  5639 | CFA6F3  -3168525   -0.3777176
  5640 | CFBE39  -3162567   -0.3770074
  5641 | CFD581  -3156607   -0.3762969
  5642 | CFECCB  -3150645   -0.3755862
  5643 | D00417  -3144681   -0.3748752
  5644 | D01B65  -3138715   -0.3741640
  5645 | D032B4  -3132748   -0.3734527
  5646 | D04A06  -3126778   -0.3727410
  5647 | D06159  -3120807   -0.3720292
  5648 | D078AE  -3114834   -0.3713171
  5649 | D09005  -3108859   -0.3706049
  5650 | D0A75E  -3102882   -0.3698924
  5651 | D0BEB8  -3096904   -0.3691797
  5652 | D0D615  -3090923   -0.3684667
  5653 | D0ED73  -3084941   -0.3677536
  5654 | D104D3  -3078957   -0.3670403
  5655 | D11C35  -3072971   -0.3663267
  5656 | D13398  -3066984   -0.3656130
  5657 | D14AFE  -3060994   -0.3648989
  5658 | D16265  -3055003   -0.3641847
  5659 | D179CE  -3049010   -0.3634703
  5660 | D19139  -3043015   -0.3627557
  5661 | D1A8A5  -3037019   -0.3620409
  5662 | D1C014  -3031020   -0.3613257
  5663 | D1D784  -3025020   -0.3606105
  5664 | D1EEF6  -3019018   -0.3598950
  5665 | D2066A  -3013014   -0.3591793
  5666 | D21DDF  -3007009   -0.3584634
  5667 | D23557  -3001001   -0.3577472
  5668 | D24CD0  -2994992   -0.3570309
  5669 | D2644A  -2988982   -0.3563144
  5670 | D27BC7  -2982969   -0.3555976
  5671 | D29345  -2976955   -0.3548807
  5672 | D2AAC5  -2970939   -0.3541635
  5673 | D2C247  -2964921   -0.3534461
  5674 | D2D9CB  -2958901   -0.3527285
  5675 | D2F150  -2952880   -0.3520107
  5676 | D308D7  -2946857   -0.3512927
  5677 | D32060  -2940832   -0.3505745
  5678 | D337EA  -2934806   -0.3498561
  5679 | D34F77  -2928777   -0.3491374
  5680 | D36705  -2922747   -0.3484186
  5681 | D37E94  -2916716   -0.3476996
  5682 | D39626  -2910682   -0.3469803
  5683 | D3ADB9  -2904647   -0.3462609
  5684 | D3C54E  -2898610   -0.3455412
  5685 | D3DCE4  -2892572   -0.3448215
  5686 | D3F47C  -2886532   -0.3441014
  5687 | D40C16  -2880490   -0.3433812
  5688 | D423B2  -2874446   -0.3426607
  5689 | D43B4F  -2868401   -0.3419400
  5690 | D452EE  -2862354   -0.3412192
  5691 | D46A8F  -2856305   -0.3404981
  5692 | D48231  -2850255   -0.3397769
  5693 | D499D5  -2844203   -0.3390554
  5694 | D4B17B  -2838149   -0.3383337
  5695 | D4C922  -2832094   -0.3376119
  5696 | D4E0CB  -2826037   -0.3368899
  5697 | D4F876  -2819978   -0.3361676
  5698 | D51022  -2813918   -0.3354452
  5699 | D527D1  -2807855   -0.3347224
  5700 | D53F80  -2801792   -0.3339996
  5701 | D55732  -2795726   -0.3332765
  5702 | D56EE4  -2789660   -0.3325534
  5703 | D58699  -2783591   -0.3318299
  5704 | D59E4F  -2777521   -0.3311063
  5705 | D5B607  -2771449   -0.3303825
  5706 | D5CDC1  -2765375   -0.3296584
  5707 | D5E57C  -2759300   -0.3289342
  5708 | D5FD39  -2753223   -0.3282098
  5709 | D614F7  -2747145   -0.3274852
  5710 | D62CB7  -2741065   -0.3267604
  5711 | D64479  -2734983   -0.3260354
  5712 | D65C3C  -2728900   -0.3253102
  5713 | D67401  -2722815   -0.3245848
  5714 | D68BC7  -2716729   -0.3238593
  5715 | D6A38F  -2710641   -0.3231336
  5716 | D6BB59  -2704551   -0.3224076
  5717 | D6D324  -2698460   -0.3216815
  5718 | D6EAF1  -2692367   -0.3209552
  5719 | D702BF  -2686273   -0.3202287
  5720 | D71A8F  -2680177   -0.3195020
  5721 | D73261  -2674079   -0.3187751
  5722 | D74A34  -2667980   -0.3180480
  5723 | D76208  -2661880   -0.3173208
  5724 | D779DF  -2655777   -0.3165933
  5725 | D791B6  -2649674   -0.3158658
  5726 | D7A990  -2643568   -0.3151379
  5727 | D7C16B  -2637461   -0.3144099
  5728 | D7D947  -2631353   -0.3136817
  5729 | D7F125  -2625243   -0.3129534
  5730 | D80905  -2619131   -0.3122247
  5731 | D820E6  -2613018   -0.3114960
  5732 | D838C8  -2606904   -0.3107672
  5733 | D850AD  -2600787   -0.3100380
  5734 | D86892  -2594670   -0.3093088
  5735 | D8807A  -2588550   -0.3085792
  5736 | D89862  -2582430   -0.3078496
  5737 | D8B04D  -2576307   -0.3071197
  5738 | D8C838  -2570184   -0.3063898
  5739 | D8E026  -2564058   -0.3056595
  5740 | D8F815  -2557931   -0.3049291
  5741 | D91005  -2551803   -0.3041986
  5742 | D927F7  -2545673   -0.3034679
  5743 | D93FEA  -2539542   -0.3027370
  5744 | D957DF  -2533409   -0.3020059
  5745 | D96FD5  -2527275   -0.3012747
  5746 | D987CD  -2521139   -0.3005432
  5747 | D99FC6  -2515002   -0.2998116
  5748 | D9B7C1  -2508863   -0.2990798
  5749 | D9CFBD  -2502723   -0.2983478
  5750 | D9E7BB  -2496581   -0.2976156
  5751 | D9FFBA  -2490438   -0.2968833
  5752 | DA17BB  -2484293   -0.2961508
  5753 | DA2FBD  -2478147   -0.2954181
  5754 | DA47C0  -2472000   -0.2946854
  5755 | DA5FC5  -2465851   -0.2939523
  5756 | DA77CC  -2459700   -0.2932191
  5757 | DA8FD4  -2453548   -0.2924857
  5758 | DAA7DD  -2447395   -0.2917522
  5759 | DABFE8  -2441240   -0.2910185
  5760 | DAD7F4  -2435084   -0.2902846
  5761 | DAF002  -2428926   -0.2895505
  5762 | DB0811  -2422767   -0.2888163
  5763 | DB2021  -2416607   -0.2880820
  5764 | DB3833  -2410445   -0.2873474
  5765 | DB5046  -2404282   -0.2866127
  5766 | DB685B  -2398117   -0.2858778
  5767 | DB8071  -2391951   -0.2851428
  5768 | DB9889  -2385783   -0.2844075
  5769 | DBB0A2  -2379614   -0.2836721
  5770 | DBC8BC  -2373444   -0.2829366
  5771 | DBE0D8  -2367272   -0.2822008
  5772 | DBF8F5  -2361099   -0.2814649
  5773 | DC1114  -2354924   -0.2807288
  5774 | DC2934  -2348748   -0.2799926
  5775 | DC4155  -2342571   -0.2792562
  5776 | DC5978  -2336392   -0.2785196
  5777 | DC719C  -2330212   -0.2777829
  5778 | DC89C1  -2324031   -0.2770461
  5779 | DCA1E8  -2317848   -0.2763090
  5780 | DCBA10  -2311664   -0.2755718
  5781 | DCD23A  -2305478   -0.2748344
  5782 | DCEA65  -2299291   -0.2740968
  5783 | DD0291  -2293103   -0.2733592
  5784 | DD1ABF  -2286913   -0.2726213
  5785 | DD32EE  -2280722   -0.2718832
  5786 | DD4B1E  -2274530   -0.2711451
  5787 | DD634F  -2268337   -0.2704068
  5788 | DD7B82  -2262142   -0.2696683
  5789 | DD93B7  -2255945   -0.2689296
  5790 | DDABEC  -2249748   -0.2681909
  5791 | DDC423  -2243549   -0.2674519
  5792 | DDDC5B  -2237349   -0.2667128
  5793 | DDF495  -2231147   -0.2659734
  5794 | DE0CD0  -2224944   -0.2652340
  5795 | DE250C  -2218740   -0.2644944
  5796 | DE3D4A  -2212534   -0.2637546
  5797 | DE5588  -2206328   -0.2630148
  5798 | DE6DC9  -2200119   -0.2622746
  5799 | DE860A  -2193910   -0.2615345
  5800 | DE9E4D  -2187699   -0.2607940
  5801 | DEB691  -2181487   -0.2600535
  5802 | DECED6  -2175274   -0.2593129
  5803 | DEE71C  -2169060   -0.2585721
  5804 | DEFF64  -2162844   -0.2578311
  5805 | DF17AD  -2156627   -0.2570900
  5806 | DF2FF8  -2150408   -0.2563486
  5807 | DF4843  -2144189   -0.2556072
  5808 | DF6090  -2137968   -0.2548656
  5809 | DF78DE  -2131746   -0.2541239
  5810 | DF912E  -2125522   -0.2533820
  5811 | DFA97E  -2119298   -0.2526400
  5812 | DFC1D0  -2113072   -0.2518978
  5813 | DFDA23  -2106845   -0.2511555
  5814 | DFF278  -2100616   -0.2504129
  5815 | E00ACD  -2094387   -0.2496704
  5816 | E02324  -2088156   -0.2489276
  5817 | E03B7C  -2081924   -0.2481847
  5818 | E053D6  -2075690   -0.2474415
  5819 | E06C30  -2069456   -0.2466984
  5820 | E0848C  -2063220   -0.2459550
  5821 | E09CE9  -2056983   -0.2452115
  5822 | E0B547  -2050745   -0.2444679
  5823 | E0CDA6  -2044506   -0.2437241
  5824 | E0E607  -2038265   -0.2429801
  5825 | E0FE69  -2032023   -0.2422360
  5826 | E116CB  -2025781   -0.2414919
  5827 | E12F30  -2019536   -0.2407475
  5828 | E14795  -2013291   -0.2400030
  5829 | E15FFB  -2007045   -0.2392584
  5830 | E17863  -2000797   -0.2385136
  5831 | E190CC  -1994548   -0.2377687
  5832 | E1A936  -1988298   -0.2370236
  5833 | E1C1A1  -1982047   -0.2362784
  5834 | E1DA0E  -1975794   -0.2355330
  5835 | E1F27B  -1969541   -0.2347876
  5836 | E20AEA  -1963286   -0.2340419
  5837 | E2235A  -1957030   -0.2332962
  5838 | E23BCB  -1950773   -0.2325503
  5839 | E2543D  -1944515   -0.2318043
  5840 | E26CB0  -1938256   -0.2310581
  5841 | E28525  -1931995   -0.2303118
  5842 | E29D9A  -1925734   -0.2295654
  5843 | E2B611  -1919471   -0.2288188
  5844 | E2CE89  -1913207   -0.2280720
  5845 | E2E702  -1906942   -0.2273252
  5846 | E2FF7C  -1900676   -0.2265782
  5847 | E317F7  -1894409   -0.2258312
  5848 | E33074  -1888140   -0.2250838
  5849 | E348F1  -1881871   -0.2243365
  5850 | E36170  -1875600   -0.2235889
  5851 | E379EF  -1869329   -0.2228414
  5852 | E39270  -1863056   -0.2220936
  5853 | E3AAF2  -1856782   -0.2213457
  5854 | E3C375  -1850507   -0.2205976
  5855 | E3DBF9  -1844231   -0.2198495
  5856 | E3F47E  -1837954   -0.2191012
  5857 | E40D04  -1831676   -0.2183528
  5858 | E4258B  -1825397   -0.2176043
  5859 | E43E14  -1819116   -0.2168555
  5860 | E4569D  -1812835   -0.2161068
  5861 | E46F27  -1806553   -0.2153579
  5862 | E487B3  -1800269   -0.2146088
  5863 | E4A040  -1793984   -0.2138596
  5864 | E4B8CD  -1787699   -0.2131103
  5865 | E4D15C  -1781412   -0.2123609
  5866 | E4E9EC  -1775124   -0.2116113
  5867 | E5027D  -1768835   -0.2108616
  5868 | E51B0E  -1762546   -0.2101119
  5869 | E533A1  -1756255   -0.2093619
  5870 | E54C35  -1749963   -0.2086118
  5871 | E564CA  -1743670   -0.2078617
  5872 | E57D60  -1737376   -0.2071114
  5873 | E595F7  -1731081   -0.2063609
  5874 | E5AE8F  -1724785   -0.2056104
  5875 | E5C728  -1718488   -0.2048597
  5876 | E5DFC2  -1712190   -0.2041090
  5877 | E5F85D  -1705891   -0.2033581
  5878 | E610F9  -1699591   -0.2026070
  5879 | E62996  -1693290   -0.2018559
  5880 | E64234  -1686988   -0.2011046
  5881 | E65AD3  -1680685   -0.2003533
  5882 | E67373  -1674381   -0.1996018
  5883 | E68C14  -1668076   -0.1988502
  5884 | E6A4B6  -1661770   -0.1980984
  5885 | E6BD59  -1655463   -0.1973466
  5886 | E6D5FD  -1649155   -0.1965946
  5887 | E6EEA2  -1642846   -0.1958425
  5888 | E70748  -1636536   -0.1950903
  5889 | E71FEF  -1630225   -0.1943380
  5890 | E73897  -1623913   -0.1935855
  5891 | E7513F  -1617601   -0.1928331
  5892 | E769E9  -1611287   -0.1920804
  5893 | E78294  -1604972   -0.1913276
  5894 | E79B3F  -1598657   -0.1905748
  5895 | E7B3EC  -1592340   -0.1898217
  5896 | E7CC99  -1586023   -0.1890687
  5897 | E7E548  -1579704   -0.1883154
  5898 | E7FDF7  -1573385   -0.1875621
  5899 | E816A7  -1567065   -0.1868087
  5900 | E82F58  -1560744   -0.1860552
  5901 | E8480B  -1554421   -0.1853014
  5902 | E860BE  -1548098   -0.1845477
  5903 | E87971  -1541775   -0.1837939
  5904 | E89226  -1535450   -0.1830399
  5905 | E8AADC  -1529124   -0.1822858
  5906 | E8C393  -1522797   -0.1815315
  5907 | E8DC4A  -1516470   -0.1807773
  5908 | E8F503  -1510141   -0.1800228
  5909 | E90DBC  -1503812   -0.1792684
  5910 | E92676  -1497482   -0.1785138
  5911 | E93F31  -1491151   -0.1777591
  5912 | E957ED  -1484819   -0.1770042
  5913 | E970AA  -1478486   -0.1762493
  5914 | E98968  -1472152   -0.1754942
  5915 | E9A226  -1465818   -0.1747391
  5916 | E9BAE6  -1459482   -0.1739838
  5917 | E9D3A6  -1453146   -0.1732285
  5918 | E9EC67  -1446809   -0.1724731
  5919 | EA0529  -1440471   -0.1717175
  5920 | EA1DEC  -1434132   -0.1709619
  5921 | EA36B0  -1427792   -0.1702061
  5922 | EA4F74  -1421452   -0.1694503
  5923 | EA6839  -1415111   -0.1686944
  5924 | EA8100  -1408768   -0.1679382
  5925 | EA99C7  -1402425   -0.1671821
  5926 | EAB28F  -1396081   -0.1664258
  5927 | EACB57  -1389737   -0.1656696
  5928 | EAE421  -1383391   -0.1649131
  5929 | EAFCEB  -1377045   -0.1641566
  5930 | EB15B6  -1370698   -0.1633999
  5931 | EB2E82  -1364350   -0.1626432
  5932 | EB474F  -1358001   -0.1618863
  5933 | EB601C  -1351652   -0.1611295
  5934 | EB78EA  -1345302   -0.1603725
  5935 | EB91BA  -1338950   -0.1596153
  5936 | EBAA89  -1332599   -0.1588582
  5937 | EBC35A  -1326246   -0.1581008
  5938 | EBDC2C  -1319892   -0.1573434
  5939 | EBF4FE  -1313538   -0.1565859
  5940 | EC0DD1  -1307183   -0.1558284
  5941 | EC26A5  -1300827   -0.1550707
  5942 | EC3F79  -1294471   -0.1543130
  5943 | EC584E  -1288114   -0.1535552
  5944 | EC7124  -1281756   -0.1527972
  5945 | EC89FB  -1275397   -0.1520392
  5946 | ECA2D3  -1269037   -0.1512810
  5947 | ECBBAB  -1262677   -0.1505228
  5948 | ECD484  -1256316   -0.1497645
  5949 | ECED5E  -1249954   -0.1490061
  5950 | ED0638  -1243592   -0.1482477
  5951 | ED1F14  -1237228   -0.1474891
  5952 | ED37F0  -1230864   -0.1467304
  5953 | ED50CC  -1224500   -0.1459718
  5954 | ED69AA  -1218134   -0.1452129
  5955 | ED8288  -1211768   -0.1444540
  5956 | ED9B67  -1205401   -0.1436950
  5957 | EDB446  -1199034   -0.1429360
  5958 | EDCD27  -1192665   -0.1421767
  5959 | EDE608  -1186296   -0.1414175
  5960 | EDFEE9  -1179927   -0.1406583
  5961 | EE17CC  -1173556   -0.1398988
  5962 | EE30AF  -1167185   -0.1391393
  5963 | EE4992  -1160814   -0.1383798
  5964 | EE6277  -1154441   -0.1376201
  5965 | EE7B5C  -1148068   -0.1368604
  5966 | EE9442  -1141694   -0.1361005
  5967 | EEAD28  -1135320   -0.1353407
  5968 | EEC60F  -1128945   -0.1345807
  5969 | EEDEF7  -1122569   -0.1338207
  5970 | EEF7E0  -1116192   -0.1330605
  5971 | EF10C9  -1109815   -0.1323003
  5972 | EF29B2  -1103438   -0.1315401
  5973 | EF429D  -1097059   -0.1307796
  5974 | EF5B88  -1090680   -0.1300192
  5975 | EF7474  -1084300   -0.1292586
  5976 | EF8D60  -1077920   -0.1284981
  5977 | EFA64D  -1071539   -0.1277374
  5978 | EFBF3A  -1065158   -0.1269767
  5979 | EFD829  -1058775   -0.1262158
  5980 | EFF117  -1052393   -0.1254550
  5981 | F00A07  -1046009   -0.1246940
  5982 | F022F7  -1039625   -0.1239330
  5983 | F03BE8  -1033240   -0.1231718
  5984 | F054D9  -1026855   -0.1224107
  5985 | F06DCB  -1020469   -0.1216494
  5986 | F086BD  -1014083   -0.1208881
  5987 | F09FB0  -1007696   -0.1201267
  5988 | F0B8A4  -1001308   -0.1193652
  5989 | F0D198   -994920   -0.1186037
  5990 | F0EA8D   -988531   -0.1178421
  5991 | F10383   -982141   -0.1170803
  5992 | F11C79   -975751   -0.1163186
  5993 | F1356F   -969361   -0.1155568
  5994 | F14E66   -962970   -0.1147950
  5995 | F1675E   -956578   -0.1140330
  5996 | F18056   -950186   -0.1132710
  5997 | F1994F   -943793   -0.1125089
  5998 | F1B249   -937399   -0.1117467
  5999 | F1CB43   -931005   -0.1109844
  6000 | F1E43D   -924611   -0.1102222
  6001 | F1FD38   -918216   -0.1094599
  6002 | F21634   -911820   -0.1086974
  6003 | F22F30   -905424   -0.1079350
  6004 | F2482D   -899027   -0.1071724
  6005 | F2612A   -892630   -0.1064098
  6006 | F27A28   -886232   -0.1056471
  6007 | F29326   -879834   -0.1048844
  6008 | F2AC25   -873435   -0.1041216
  6009 | F2C524   -867036   -0.1033587
  6010 | F2DE24   -860636   -0.1025958
  6011 | F2F724   -854236   -0.1018329
  6012 | F31025   -847835   -0.1010698
  6013 | F32926   -841434   -0.1003067
  6014 | F34228   -835032   -0.0995436
  6015 | F35B2A   -828630   -0.0987804
  6016 | F3742D   -822227   -0.0980171
  6017 | F38D30   -815824   -0.0972538
  6018 | F3A634   -809420   -0.0964904
  6019 | F3BF38   -803016   -0.0957270
  6020 | F3D83D   -796611   -0.0949634
  6021 | F3F142   -790206   -0.0941999
  6022 | F40A47   -783801   -0.0934364
  6023 | F4234D   -777395   -0.0926727
  6024 | F43C54   -770988   -0.0919089
  6025 | F4555B   -764581   -0.0911452
  6026 | F46E62   -758174   -0.0903814
  6027 | F4876A   -751766   -0.0896175
  6028 | F4A072   -745358   -0.0888536
  6029 | F4B97B   -738949   -0.0880896
  6030 | F4D284   -732540   -0.0873256
  6031 | F4EB8E   -726130   -0.0865614
  6032 | F50498   -719720   -0.0857973
  6033 | F51DA3   -713309   -0.0850331
  6034 | F536AD   -706899   -0.0842689
  6035 | F54FB9   -700487   -0.0835046
  6036 | F568C4   -694076   -0.0827403
  6037 | F581D1   -687663   -0.0819758
  6038 | F59ADD   -681251   -0.0812114
  6039 | F5B3EA   -674838   -0.0804470
  6040 | F5CCF7   -668425   -0.0796825
  6041 | F5E605   -662011   -0.0789179
  6042 | F5FF13   -655597   -0.0781533
  6043 | F61822   -649182   -0.0773885
  6044 | F63131   -642767   -0.0766238
  6045 | F64A40   -636352   -0.0758591
  6046 | F6634F   -629937   -0.0750943
  6047 | F67C5F   -623521   -0.0743295
  6048 | F69570   -617104   -0.0735645
  6049 | F6AE81   -610687   -0.0727996
  6050 | F6C792   -604270   -0.0720346
  6051 | F6E0A3   -597853   -0.0712696
  6052 | F6F9B5   -591435   -0.0705045
  6053 | F712C7   -585017   -0.0697395
  6054 | F72BD9   -578599   -0.0689744
  6055 | F744EC   -572180   -0.0682092
  6056 | F75DFF   -565761   -0.0674440
  6057 | F77713   -559341   -0.0666786
  6058 | F79027   -552921   -0.0659133
  6059 | F7A93B   -546501   -0.0651480
  6060 | F7C24F   -540081   -0.0643827
  6061 | F7DB64   -533660   -0.0636172
  6062 | F7F479   -527239   -0.0628518
  6063 | F80D8F   -520817   -0.0620862
  6064 | F826A4   -514396   -0.0613208
  6065 | F83FBA   -507974   -0.0605552
  6066 | F858D1   -501551   -0.0597895
  6067 | F871E7   -495129   -0.0590240
  6068 | F88AFE   -488706   -0.0582583
  6069 | F8A416   -482282   -0.0574925
  6070 | F8BD2D   -475859   -0.0567268
  6071 | F8D645   -469435   -0.0559610
  6072 | F8EF5D   -463011   -0.0551952
  6073 | F90875   -456587   -0.0544294
  6074 | F9218E   -450162   -0.0536635
  6075 | F93AA7   -443737   -0.0528976
  6076 | F953C0   -437312   -0.0521317
  6077 | F96CD9   -430887   -0.0513657
  6078 | F985F3   -424461   -0.0505997
  6079 | F99F0C   -418036   -0.0498338
  6080 | F9B827   -411609   -0.0490676
  6081 | F9D141   -405183   -0.0483016
  6082 | F9EA5C   -398756   -0.0475354
  6083 | FA0376   -392330   -0.0467694
  6084 | FA1C91   -385903   -0.0460032
  6085 | FA35AD   -379475   -0.0452369
  6086 | FA4EC8   -373048   -0.0444708
  6087 | FA67E4   -366620   -0.0437045
  6088 | FA8100   -360192   -0.0429382
  6089 | FA9A1C   -353764   -0.0421720
  6090 | FAB338   -347336   -0.0414057
  6091 | FACC55   -340907   -0.0406393
  6092 | FAE572   -334478   -0.0398729
  6093 | FAFE8F   -328049   -0.0391065
  6094 | FB17AC   -321620   -0.0383401
  6095 | FB30C9   -315191   -0.0375737
  6096 | FB49E7   -308761   -0.0368072
  6097 | FB6304   -302332   -0.0360408
  6098 | FB7C22   -295902   -0.0352743
  6099 | FB9540   -289472   -0.0345078
  6100 | FBAE5F   -283041   -0.0337411
  6101 | FBC77D   -276611   -0.0329746
  6102 | FBE09C   -270180   -0.0322080
  6103 | FBF9BA   -263750   -0.0314415
  6104 | FC12D9   -257319   -0.0306748
  6105 | FC2BF8   -250888   -0.0299082
  6106 | FC4517   -244457   -0.0291415
  6107 | FC5E37   -238025   -0.0283748
  6108 | FC7756   -231594   -0.0276082
  6109 | FC9076   -225162   -0.0268414
  6110 | FCA995   -218731   -0.0260748
  6111 | FCC2B5   -212299   -0.0253080
  6112 | FCDBD5   -205867   -0.0245413
  6113 | FCF4F5   -199435   -0.0237745
  6114 | FD0E16   -193002   -0.0230076
  6115 | FD2736   -186570   -0.0222409
  6116 | FD4056   -180138   -0.0214741
  6117 | FD5977   -173705   -0.0207072
  6118 | FD7298   -167272   -0.0199404
  6119 | FD8BB8   -160840   -0.0191736
  6120 | FDA4D9   -154407   -0.0184067
  6121 | FDBDFA   -147974   -0.0176399
  6122 | FDD71B   -141541   -0.0168730
  6123 | FDF03C   -135108   -0.0161061
  6124 | FE095D   -128675   -0.0153393
  6125 | FE227F   -122241   -0.0145723
  6126 | FE3BA0   -115808   -0.0138054
  6127 | FE54C1   -109375   -0.0130385
  6128 | FE6DE3   -102941   -0.0122715
  6129 | FE8704    -96508   -0.0115047
  6130 | FEA026    -90074   -0.0107377
  6131 | FEB948    -83640   -0.0099707
  6132 | FED269    -77207   -0.0092038
  6133 | FEEB8B    -70773   -0.0084368
  6134 | FF04AD    -64339   -0.0076698
  6135 | FF1DCF    -57905   -0.0069028
  6136 | FF36F0    -51472   -0.0061359
  6137 | FF5012    -45038   -0.0053689
  6138 | FF6934    -38604   -0.0046020
  6139 | FF8256    -32170   -0.0038350
  6140 | FF9B78    -25736   -0.0030680
  6141 | FFB49A    -19302   -0.0023010
  6142 | FFCDBC    -12868   -0.0015340
  6143 | FFE6DE     -6434   -0.0007670
  6144 | 000000         0   +0.0000000
  6145 | 001922      6434   +0.0007670
  6146 | 003244     12868   +0.0015340
  6147 | 004B66     19302   +0.0023010
  6148 | 006488     25736   +0.0030680
  6149 | 007DAA     32170   +0.0038350
  6150 | 0096CC     38604   +0.0046020
  6151 | 00AFEE     45038   +0.0053689
  6152 | 00C910     51472   +0.0061359
  6153 | 00E231     57905   +0.0069028
  6154 | 00FB53     64339   +0.0076698
  6155 | 011475     70773   +0.0084368
  6156 | 012D97     77207   +0.0092038
  6157 | 0146B8     83640   +0.0099707
  6158 | 015FDA     90074   +0.0107377
  6159 | 0178FC     96508   +0.0115047
  6160 | 01921D    102941   +0.0122715
  6161 | 01AB3F    109375   +0.0130385
  6162 | 01C460    115808   +0.0138054
  6163 | 01DD81    122241   +0.0145723
  6164 | 01F6A3    128675   +0.0153393
  6165 | 020FC4    135108   +0.0161061
  6166 | 0228E5    141541   +0.0168730
  6167 | 024206    147974   +0.0176399
  6168 | 025B27    154407   +0.0184067
  6169 | 027448    160840   +0.0191736
  6170 | 028D68    167272   +0.0199404
  6171 | 02A689    173705   +0.0207072
  6172 | 02BFAA    180138   +0.0214741
  6173 | 02D8CA    186570   +0.0222409
  6174 | 02F1EA    193002   +0.0230076
  6175 | 030B0B    199435   +0.0237745
  6176 | 03242B    205867   +0.0245413
  6177 | 033D4B    212299   +0.0253080
  6178 | 03566B    218731   +0.0260748
  6179 | 036F8A    225162   +0.0268414
  6180 | 0388AA    231594   +0.0276082
  6181 | 03A1C9    238025   +0.0283748
  6182 | 03BAE9    244457   +0.0291415
  6183 | 03D408    250888   +0.0299082
  6184 | 03ED27    257319   +0.0306748
  6185 | 040646    263750   +0.0314415
  6186 | 041F64    270180   +0.0322080
  6187 | 043883    276611   +0.0329746
  6188 | 0451A1    283041   +0.0337411
  6189 | 046AC0    289472   +0.0345078
  6190 | 0483DE    295902   +0.0352743
  6191 | 049CFC    302332   +0.0360408
  6192 | 04B619    308761   +0.0368072
  6193 | 04CF37    315191   +0.0375737
  6194 | 04E854    321620   +0.0383401
  6195 | 050171    328049   +0.0391065
  6196 | 051A8E    334478   +0.0398729
  6197 | 0533AB    340907   +0.0406393
  6198 | 054CC8    347336   +0.0414057
  6199 | 0565E4    353764   +0.0421720
  6200 | 057F00    360192   +0.0429382
  6201 | 05981C    366620   +0.0437045
  6202 | 05B138    373048   +0.0444708
  6203 | 05CA53    379475   +0.0452369
  6204 | 05E36F    385903   +0.0460032
  6205 | 05FC8A    392330   +0.0467694
  6206 | 0615A4    398756   +0.0475354
  6207 | 062EBF    405183   +0.0483016
  6208 | 0647D9    411609   +0.0490676
  6209 | 0660F4    418036   +0.0498338
  6210 | 067A0D    424461   +0.0505997
  6211 | 069327    430887   +0.0513657
  6212 | 06AC40    437312   +0.0521317
  6213 | 06C559    443737   +0.0528976
  6214 | 06DE72    450162   +0.0536635
  6215 | 06F78B    456587   +0.0544294
  6216 | 0710A3    463011   +0.0551952
  6217 | 0729BB    469435   +0.0559610
  6218 | 0742D3    475859   +0.0567268
  6219 | 075BEA    482282   +0.0574925
  6220 | 077502    488706   +0.0582583
  6221 | 078E19    495129   +0.0590240
  6222 | 07A72F    501551   +0.0597895
  6223 | 07C046    507974   +0.0605552
  6224 | 07D95C    514396   +0.0613208
  6225 | 07F271    520817   +0.0620862
  6226 | 080B87    527239   +0.0628518
  6227 | 08249C    533660   +0.0636172
  6228 | 083DB1    540081   +0.0643827
  6229 | 0856C5    546501   +0.0651480
  6230 | 086FD9    552921   +0.0659133
  6231 | 0888ED    559341   +0.0666786
  6232 | 08A201    565761   +0.0674440
  6233 | 08BB14    572180   +0.0682092
  6234 | 08D427    578599   +0.0689744
  6235 | 08ED39    585017   +0.0697395
  6236 | 09064B    591435   +0.0705045
  6237 | 091F5D    597853   +0.0712696
  6238 | 09386E    604270   +0.0720346
  6239 | 09517F    610687   +0.0727996
  6240 | 096A90    617104   +0.0735645
  6241 | 0983A1    623521   +0.0743295
  6242 | 099CB1    629937   +0.0750943
  6243 | 09B5C0    636352   +0.0758591
  6244 | 09CECF    642767   +0.0766238
  6245 | 09E7DE    649182   +0.0773885
  6246 | 0A00ED    655597   +0.0781533
  6247 | 0A19FB    662011   +0.0789179
  6248 | 0A3309    668425   +0.0796825
  6249 | 0A4C16    674838   +0.0804470
  6250 | 0A6523    681251   +0.0812114
  6251 | 0A7E2F    687663   +0.0819758
  6252 | 0A973C    694076   +0.0827403
  6253 | 0AB047    700487   +0.0835046
  6254 | 0AC953    706899   +0.0842689
  6255 | 0AE25D    713309   +0.0850331
  6256 | 0AFB68    719720   +0.0857973
  6257 | 0B1472    726130   +0.0865614
  6258 | 0B2D7C    732540   +0.0873256
  6259 | 0B4685    738949   +0.0880896
  6260 | 0B5F8E    745358   +0.0888536
  6261 | 0B7896    751766   +0.0896175
  6262 | 0B919E    758174   +0.0903814
  6263 | 0BAAA5    764581   +0.0911452
  6264 | 0BC3AC    770988   +0.0919089
  6265 | 0BDCB3    777395   +0.0926727
  6266 | 0BF5B9    783801   +0.0934364
  6267 | 0C0EBE    790206   +0.0941999
  6268 | 0C27C3    796611   +0.0949634
  6269 | 0C40C8    803016   +0.0957270
  6270 | 0C59CC    809420   +0.0964904
  6271 | 0C72D0    815824   +0.0972538
  6272 | 0C8BD3    822227   +0.0980171
  6273 | 0CA4D6    828630   +0.0987804
  6274 | 0CBDD8    835032   +0.0995436
  6275 | 0CD6DA    841434   +0.1003067
  6276 | 0CEFDB    847835   +0.1010698
  6277 | 0D08DC    854236   +0.1018329
  6278 | 0D21DC    860636   +0.1025958
  6279 | 0D3ADC    867036   +0.1033587
  6280 | 0D53DB    873435   +0.1041216
  6281 | 0D6CDA    879834   +0.1048844
  6282 | 0D85D8    886232   +0.1056471
  6283 | 0D9ED6    892630   +0.1064098
  6284 | 0DB7D3    899027   +0.1071724
  6285 | 0DD0D0    905424   +0.1079350
  6286 | 0DE9CC    911820   +0.1086974
  6287 | 0E02C8    918216   +0.1094599
  6288 | 0E1BC3    924611   +0.1102222
  6289 | 0E34BD    931005   +0.1109844
  6290 | 0E4DB7    937399   +0.1117467
  6291 | 0E66B1    943793   +0.1125089
  6292 | 0E7FAA    950186   +0.1132710
  6293 | 0E98A2    956578   +0.1140330
  6294 | 0EB19A    962970   +0.1147950
  6295 | 0ECA91    969361   +0.1155568
  6296 | 0EE387    975751   +0.1163186
  6297 | 0EFC7D    982141   +0.1170803
  6298 | 0F1573    988531   +0.1178421
  6299 | 0F2E68    994920   +0.1186037
  6300 | 0F475C   1001308   +0.1193652
  6301 | 0F6050   1007696   +0.1201267
  6302 | 0F7943   1014083   +0.1208881
  6303 | 0F9235   1020469   +0.1216494
  6304 | 0FAB27   1026855   +0.1224107
  6305 | 0FC418   1033240   +0.1231718
  6306 | 0FDD09   1039625   +0.1239330
  6307 | 0FF5F9   1046009   +0.1246940
  6308 | 100EE9   1052393   +0.1254550
  6309 | 1027D7   1058775   +0.1262158
  6310 | 1040C6   1065158   +0.1269767
  6311 | 1059B3   1071539   +0.1277374
  6312 | 1072A0   1077920   +0.1284981
  6313 | 108B8C   1084300   +0.1292586
  6314 | 10A478   1090680   +0.1300192
  6315 | 10BD63   1097059   +0.1307796
  6316 | 10D64E   1103438   +0.1315401
  6317 | 10EF37   1109815   +0.1323003
  6318 | 110820   1116192   +0.1330605
  6319 | 112109   1122569   +0.1338207
  6320 | 1139F1   1128945   +0.1345807
  6321 | 1152D8   1135320   +0.1353407
  6322 | 116BBE   1141694   +0.1361005
  6323 | 1184A4   1148068   +0.1368604
  6324 | 119D89   1154441   +0.1376201
  6325 | 11B66E   1160814   +0.1383798
  6326 | 11CF51   1167185   +0.1391393
  6327 | 11E834   1173556   +0.1398988
  6328 | 120117   1179927   +0.1406583
  6329 | 1219F8   1186296   +0.1414175
  6330 | 1232D9   1192665   +0.1421767
  6331 | 124BBA   1199034   +0.1429360
  6332 | 126499   1205401   +0.1436950
  6333 | 127D78   1211768   +0.1444540
  6334 | 129656   1218134   +0.1452129
  6335 | 12AF34   1224500   +0.1459718
  6336 | 12C810   1230864   +0.1467304
  6337 | 12E0EC   1237228   +0.1474891
  6338 | 12F9C8   1243592   +0.1482477
  6339 | 1312A2   1249954   +0.1490061
  6340 | 132B7C   1256316   +0.1497645
  6341 | 134455   1262677   +0.1505228
  6342 | 135D2D   1269037   +0.1512810
  6343 | 137605   1275397   +0.1520392
  6344 | 138EDC   1281756   +0.1527972
  6345 | 13A7B2   1288114   +0.1535552
  6346 | 13C087   1294471   +0.1543130
  6347 | 13D95B   1300827   +0.1550707
  6348 | 13F22F   1307183   +0.1558284
  6349 | 140B02   1313538   +0.1565859
  6350 | 1423D4   1319892   +0.1573434
  6351 | 143CA6   1326246   +0.1581008
  6352 | 145577   1332599   +0.1588582
  6353 | 146E46   1338950   +0.1596153
  6354 | 148716   1345302   +0.1603725
  6355 | 149FE4   1351652   +0.1611295
  6356 | 14B8B1   1358001   +0.1618863
  6357 | 14D17E   1364350   +0.1626432
  6358 | 14EA4A   1370698   +0.1633999
  6359 | 150315   1377045   +0.1641566
  6360 | 151BDF   1383391   +0.1649131
  6361 | 1534A9   1389737   +0.1656696
  6362 | 154D71   1396081   +0.1664258
  6363 | 156639   1402425   +0.1671821
  6364 | 157F00   1408768   +0.1679382
  6365 | 1597C7   1415111   +0.1686944
  6366 | 15B08C   1421452   +0.1694503
  6367 | 15C950   1427792   +0.1702061
  6368 | 15E214   1434132   +0.1709619
  6369 | 15FAD7   1440471   +0.1717175
  6370 | 161399   1446809   +0.1724731
  6371 | 162C5A   1453146   +0.1732285
  6372 | 16451A   1459482   +0.1739838
  6373 | 165DDA   1465818   +0.1747391
  6374 | 167698   1472152   +0.1754942
  6375 | 168F56   1478486   +0.1762493
  6376 | 16A813   1484819   +0.1770042
  6377 | 16C0CF   1491151   +0.1777591
  6378 | 16D98A   1497482   +0.1785138
  6379 | 16F244   1503812   +0.1792684
  6380 | 170AFD   1510141   +0.1800228
  6381 | 1723B6   1516470   +0.1807773
  6382 | 173C6D   1522797   +0.1815315
  6383 | 175524   1529124   +0.1822858
  6384 | 176DDA   1535450   +0.1830399
  6385 | 17868F   1541775   +0.1837939
  6386 | 179F42   1548098   +0.1845477
  6387 | 17B7F5   1554421   +0.1853014
  6388 | 17D0A8   1560744   +0.1860552
  6389 | 17E959   1567065   +0.1868087
  6390 | 180209   1573385   +0.1875621
  6391 | 181AB8   1579704   +0.1883154
  6392 | 183367   1586023   +0.1890687
  6393 | 184C14   1592340   +0.1898217
  6394 | 1864C1   1598657   +0.1905748
  6395 | 187D6C   1604972   +0.1913276
  6396 | 189617   1611287   +0.1920804
  6397 | 18AEC1   1617601   +0.1928331
  6398 | 18C769   1623913   +0.1935855
  6399 | 18E011   1630225   +0.1943380
  6400 | 18F8B8   1636536   +0.1950903
  6401 | 19115E   1642846   +0.1958425
  6402 | 192A03   1649155   +0.1965946
  6403 | 1942A7   1655463   +0.1973466
  6404 | 195B4A   1661770   +0.1980984
  6405 | 1973EC   1668076   +0.1988502
  6406 | 198C8D   1674381   +0.1996018
  6407 | 19A52D   1680685   +0.2003533
  6408 | 19BDCC   1686988   +0.2011046
  6409 | 19D66A   1693290   +0.2018559
  6410 | 19EF07   1699591   +0.2026070
  6411 | 1A07A3   1705891   +0.2033581
  6412 | 1A203E   1712190   +0.2041090
  6413 | 1A38D8   1718488   +0.2048597
  6414 | 1A5171   1724785   +0.2056104
  6415 | 1A6A09   1731081   +0.2063609
  6416 | 1A82A0   1737376   +0.2071114
  6417 | 1A9B36   1743670   +0.2078617
  6418 | 1AB3CB   1749963   +0.2086118
  6419 | 1ACC5F   1756255   +0.2093619
  6420 | 1AE4F2   1762546   +0.2101119
  6421 | 1AFD83   1768835   +0.2108616
  6422 | 1B1614   1775124   +0.2116113
  6423 | 1B2EA4   1781412   +0.2123609
  6424 | 1B4733   1787699   +0.2131103
  6425 | 1B5FC0   1793984   +0.2138596
  6426 | 1B784D   1800269   +0.2146088
  6427 | 1B90D9   1806553   +0.2153579
  6428 | 1BA963   1812835   +0.2161068
  6429 | 1BC1EC   1819116   +0.2168555
  6430 | 1BDA75   1825397   +0.2176043
  6431 | 1BF2FC   1831676   +0.2183528
  6432 | 1C0B82   1837954   +0.2191012
  6433 | 1C2407   1844231   +0.2198495
  6434 | 1C3C8B   1850507   +0.2205976
  6435 | 1C550E   1856782   +0.2213457
  6436 | 1C6D90   1863056   +0.2220936
  6437 | 1C8611   1869329   +0.2228414
  6438 | 1C9E90   1875600   +0.2235889
  6439 | 1CB70F   1881871   +0.2243365
  6440 | 1CCF8C   1888140   +0.2250838
  6441 | 1CE809   1894409   +0.2258312
  6442 | 1D0084   1900676   +0.2265782
  6443 | 1D18FE   1906942   +0.2273252
  6444 | 1D3177   1913207   +0.2280720
  6445 | 1D49EF   1919471   +0.2288188
  6446 | 1D6266   1925734   +0.2295654
  6447 | 1D7ADB   1931995   +0.2303118
  6448 | 1D9350   1938256   +0.2310581
  6449 | 1DABC3   1944515   +0.2318043
  6450 | 1DC435   1950773   +0.2325503
  6451 | 1DDCA6   1957030   +0.2332962
  6452 | 1DF516   1963286   +0.2340419
  6453 | 1E0D85   1969541   +0.2347876
  6454 | 1E25F2   1975794   +0.2355330
  6455 | 1E3E5F   1982047   +0.2362784
  6456 | 1E56CA   1988298   +0.2370236
  6457 | 1E6F34   1994548   +0.2377687
  6458 | 1E879D   2000797   +0.2385136
  6459 | 1EA005   2007045   +0.2392584
  6460 | 1EB86B   2013291   +0.2400030
  6461 | 1ED0D0   2019536   +0.2407475
  6462 | 1EE935   2025781   +0.2414919
  6463 | 1F0197   2032023   +0.2422360
  6464 | 1F19F9   2038265   +0.2429801
  6465 | 1F325A   2044506   +0.2437241
  6466 | 1F4AB9   2050745   +0.2444679
  6467 | 1F6317   2056983   +0.2452115
  6468 | 1F7B74   2063220   +0.2459550
  6469 | 1F93D0   2069456   +0.2466984
  6470 | 1FAC2A   2075690   +0.2474415
  6471 | 1FC484   2081924   +0.2481847
  6472 | 1FDCDC   2088156   +0.2489276
  6473 | 1FF533   2094387   +0.2496704
  6474 | 200D88   2100616   +0.2504129
  6475 | 2025DD   2106845   +0.2511555
  6476 | 203E30   2113072   +0.2518978
  6477 | 205682   2119298   +0.2526400
  6478 | 206ED2   2125522   +0.2533820
  6479 | 208722   2131746   +0.2541239
  6480 | 209F70   2137968   +0.2548656
  6481 | 20B7BD   2144189   +0.2556072
  6482 | 20D008   2150408   +0.2563486
  6483 | 20E853   2156627   +0.2570900
  6484 | 21009C   2162844   +0.2578311
  6485 | 2118E4   2169060   +0.2585721
  6486 | 21312A   2175274   +0.2593129
  6487 | 21496F   2181487   +0.2600535
  6488 | 2161B3   2187699   +0.2607940
  6489 | 2179F6   2193910   +0.2615345
  6490 | 219237   2200119   +0.2622746
  6491 | 21AA78   2206328   +0.2630148
  6492 | 21C2B6   2212534   +0.2637546
  6493 | 21DAF4   2218740   +0.2644944
  6494 | 21F330   2224944   +0.2652340
  6495 | 220B6B   2231147   +0.2659734
  6496 | 2223A5   2237349   +0.2667128
  6497 | 223BDD   2243549   +0.2674519
  6498 | 225414   2249748   +0.2681909
  6499 | 226C49   2255945   +0.2689296
  6500 | 22847E   2262142   +0.2696683
  6501 | 229CB1   2268337   +0.2704068
  6502 | 22B4E2   2274530   +0.2711451
  6503 | 22CD12   2280722   +0.2718832
  6504 | 22E541   2286913   +0.2726213
  6505 | 22FD6F   2293103   +0.2733592
  6506 | 23159B   2299291   +0.2740968
  6507 | 232DC6   2305478   +0.2748344
  6508 | 2345F0   2311664   +0.2755718
  6509 | 235E18   2317848   +0.2763090
  6510 | 23763F   2324031   +0.2770461
  6511 | 238E64   2330212   +0.2777829
  6512 | 23A688   2336392   +0.2785196
  6513 | 23BEAB   2342571   +0.2792562
  6514 | 23D6CC   2348748   +0.2799926
  6515 | 23EEEC   2354924   +0.2807288
  6516 | 24070B   2361099   +0.2814649
  6517 | 241F28   2367272   +0.2822008
  6518 | 243744   2373444   +0.2829366
  6519 | 244F5E   2379614   +0.2836721
  6520 | 246777   2385783   +0.2844075
  6521 | 247F8F   2391951   +0.2851428
  6522 | 2497A5   2398117   +0.2858778
  6523 | 24AFBA   2404282   +0.2866127
  6524 | 24C7CD   2410445   +0.2873474
  6525 | 24DFDF   2416607   +0.2880820
  6526 | 24F7EF   2422767   +0.2888163
  6527 | 250FFE   2428926   +0.2895505
  6528 | 25280C   2435084   +0.2902846
  6529 | 254018   2441240   +0.2910185
  6530 | 255823   2447395   +0.2917522
  6531 | 25702C   2453548   +0.2924857
  6532 | 258834   2459700   +0.2932191
  6533 | 25A03B   2465851   +0.2939523
  6534 | 25B840   2472000   +0.2946854
  6535 | 25D043   2478147   +0.2954181
  6536 | 25E845   2484293   +0.2961508
  6537 | 260046   2490438   +0.2968833
  6538 | 261845   2496581   +0.2976156
  6539 | 263043   2502723   +0.2983478
  6540 | 26483F   2508863   +0.2990798
  6541 | 26603A   2515002   +0.2998116
  6542 | 267833   2521139   +0.3005432
  6543 | 26902B   2527275   +0.3012747
  6544 | 26A821   2533409   +0.3020059
  6545 | 26C016   2539542   +0.3027370
  6546 | 26D809   2545673   +0.3034679
  6547 | 26EFFB   2551803   +0.3041986
  6548 | 2707EB   2557931   +0.3049291
  6549 | 271FDA   2564058   +0.3056595
  6550 | 2737C8   2570184   +0.3063898
  6551 | 274FB3   2576307   +0.3071197
  6552 | 27679E   2582430   +0.3078496
  6553 | 277F86   2588550   +0.3085792
  6554 | 27976E   2594670   +0.3093088
  6555 | 27AF53   2600787   +0.3100380
  6556 | 27C738   2606904   +0.3107672
  6557 | 27DF1A   2613018   +0.3114960
  6558 | 27F6FB   2619131   +0.3122247
  6559 | 280EDB   2625243   +0.3129534
  6560 | 2826B9   2631353   +0.3136817
  6561 | 283E95   2637461   +0.3144099
  6562 | 285670   2643568   +0.3151379
  6563 | 286E4A   2649674   +0.3158658
  6564 | 288621   2655777   +0.3165933
  6565 | 289DF8   2661880   +0.3173208
  6566 | 28B5CC   2667980   +0.3180480
  6567 | 28CD9F   2674079   +0.3187751
  6568 | 28E571   2680177   +0.3195020
  6569 | 28FD41   2686273   +0.3202287
  6570 | 29150F   2692367   +0.3209552
  6571 | 292CDC   2698460   +0.3216815
  6572 | 2944A7   2704551   +0.3224076
  6573 | 295C71   2710641   +0.3231336
  6574 | 297439   2716729   +0.3238593
  6575 | 298BFF   2722815   +0.3245848
  6576 | 29A3C4   2728900   +0.3253102
  6577 | 29BB87   2734983   +0.3260354
  6578 | 29D349   2741065   +0.3267604
  6579 | 29EB09   2747145   +0.3274852
  6580 | 2A02C7   2753223   +0.3282098
  6581 | 2A1A84   2759300   +0.3289342
  6582 | 2A323F   2765375   +0.3296584
  6583 | 2A49F9   2771449   +0.3303825
  6584 | 2A61B1   2777521   +0.3311063
  6585 | 2A7967   2783591   +0.3318299
  6586 | 2A911C   2789660   +0.3325534
  6587 | 2AA8CE   2795726   +0.3332765
  6588 | 2AC080   2801792   +0.3339996
  6589 | 2AD82F   2807855   +0.3347224
  6590 | 2AEFDE   2813918   +0.3354452
  6591 | 2B078A   2819978   +0.3361676
  6592 | 2B1F35   2826037   +0.3368899
  6593 | 2B36DE   2832094   +0.3376119
  6594 | 2B4E85   2838149   +0.3383337
  6595 | 2B662B   2844203   +0.3390554
  6596 | 2B7DCF   2850255   +0.3397769
  6597 | 2B9571   2856305   +0.3404981
  6598 | 2BAD12   2862354   +0.3412192
  6599 | 2BC4B1   2868401   +0.3419400
  6600 | 2BDC4E   2874446   +0.3426607
  6601 | 2BF3EA   2880490   +0.3433812
  6602 | 2C0B84   2886532   +0.3441014
  6603 | 2C231C   2892572   +0.3448215
  6604 | 2C3AB2   2898610   +0.3455412
  6605 | 2C5247   2904647   +0.3462609
  6606 | 2C69DA   2910682   +0.3469803
  6607 | 2C816C   2916716   +0.3476996
  6608 | 2C98FB   2922747   +0.3484186
  6609 | 2CB089   2928777   +0.3491374
  6610 | 2CC816   2934806   +0.3498561
  6611 | 2CDFA0   2940832   +0.3505745
  6612 | 2CF729   2946857   +0.3512927
  6613 | 2D0EB0   2952880   +0.3520107
  6614 | 2D2635   2958901   +0.3527285
  6615 | 2D3DB9   2964921   +0.3534461
  6616 | 2D553B   2970939   +0.3541635
  6617 | 2D6CBB   2976955   +0.3548807
  6618 | 2D8439   2982969   +0.3555976
  6619 | 2D9BB6   2988982   +0.3563144
  6620 | 2DB330   2994992   +0.3570309
  6621 | 2DCAA9   3001001   +0.3577472
  6622 | 2DE221   3007009   +0.3584634
  6623 | 2DF996   3013014   +0.3591793
  6624 | 2E110A   3019018   +0.3598950
  6625 | 2E287C   3025020   +0.3606105
  6626 | 2E3FEC   3031020   +0.3613257
  6627 | 2E575B   3037019   +0.3620409
  6628 | 2E6EC7   3043015   +0.3627557
  6629 | 2E8632   3049010   +0.3634703
  6630 | 2E9D9B   3055003   +0.3641847
  6631 | 2EB502   3060994   +0.3648989
  6632 | 2ECC68   3066984   +0.3656130
  6633 | 2EE3CB   3072971   +0.3663267
  6634 | 2EFB2D   3078957   +0.3670403
  6635 | 2F128D   3084941   +0.3677536
  6636 | 2F29EB   3090923   +0.3684667
  6637 | 2F4148   3096904   +0.3691797
  6638 | 2F58A2   3102882   +0.3698924
  6639 | 2F6FFB   3108859   +0.3706049
  6640 | 2F8752   3114834   +0.3713171
  6641 | 2F9EA7   3120807   +0.3720292
  6642 | 2FB5FA   3126778   +0.3727410
  6643 | 2FCD4C   3132748   +0.3734527
  6644 | 2FE49B   3138715   +0.3741640
  6645 | 2FFBE9   3144681   +0.3748752
  6646 | 301335   3150645   +0.3755862
  6647 | 302A7F   3156607   +0.3762969
  6648 | 3041C7   3162567   +0.3770074
  6649 | 30590D   3168525   +0.3777176
  6650 | 307052   3174482   +0.3784277
  6651 | 308794   3180436   +0.3791375
  6652 | 309ED5   3186389   +0.3798472
  6653 | 30B614   3192340   +0.3805566
  6654 | 30CD51   3198289   +0.3812658
  6655 | 30E48C   3204236   +0.3819747
  6656 | 30FBC5   3210181   +0.3826834
  6657 | 3112FC   3216124   +0.3833919
  6658 | 312A32   3222066   +0.3841002
  6659 | 314165   3228005   +0.3848082
  6660 | 315897   3233943   +0.3855160
  6661 | 316FC6   3239878   +0.3862236
  6662 | 3186F4   3245812   +0.3869309
  6663 | 319E20   3251744   +0.3876381
  6664 | 31B54A   3257674   +0.3883450
  6665 | 31CC72   3263602   +0.3890517
  6666 | 31E398   3269528   +0.3897581
  6667 | 31FABC   3275452   +0.3904643
  6668 | 3211DF   3281375   +0.3911704
  6669 | 3228FF   3287295   +0.3918761
  6670 | 32401D   3293213   +0.3925816
  6671 | 32573A   3299130   +0.3932869
  6672 | 326E54   3305044   +0.3939919
  6673 | 32856D   3310957   +0.3946968
  6674 | 329C84   3316868   +0.3954015
  6675 | 32B398   3322776   +0.3961058
  6676 | 32CAAB   3328683   +0.3968099
  6677 | 32E1BC   3334588   +0.3975139
  6678 | 32F8CB   3340491   +0.3982176
  6679 | 330FD7   3346391   +0.3989209
  6680 | 3326E2   3352290   +0.3996241
  6681 | 333DEB   3358187   +0.4003271
  6682 | 3354F2   3364082   +0.4010298
  6683 | 336BF7   3369975   +0.4017323
  6684 | 3382FA   3375866   +0.4024346
  6685 | 3399FB   3381755   +0.4031366
  6686 | 33B0FA   3387642   +0.4038384
  6687 | 33C7F7   3393527   +0.4045399
  6688 | 33DEF2   3399410   +0.4052413
  6689 | 33F5EB   3405291   +0.4059423
  6690 | 340CE2   3411170   +0.4066432
  6691 | 3423D7   3417047   +0.4073437
  6692 | 343ACA   3422922   +0.4080441
  6693 | 3451BB   3428795   +0.4087442
  6694 | 3468AA   3434666   +0.4094441
  6695 | 347F97   3440535   +0.4101437
  6696 | 349682   3446402   +0.4108431
  6697 | 34AD6B   3452267   +0.4115423
  6698 | 34C452   3458130   +0.4122412
  6699 | 34DB36   3463990   +0.4129398
  6700 | 34F219   3469849   +0.4136382
  6701 | 3508FA   3475706   +0.4143364
  6702 | 351FD9   3481561   +0.4150344
  6703 | 3536B5   3487413   +0.4157320
  6704 | 354D90   3493264   +0.4164295
  6705 | 356468   3499112   +0.4171267
  6706 | 357B3F   3504959   +0.4178237
  6707 | 359213   3510803   +0.4185203
  6708 | 35A8E6   3516646   +0.4192169
  6709 | 35BFB6   3522486   +0.4199131
  6710 | 35D684   3528324   +0.4206090
  6711 | 35ED50   3534160   +0.4213047
  6712 | 36041A   3539994   +0.4220002
  6713 | 361AE2   3545826   +0.4226954
  6714 | 3631A8   3551656   +0.4233904
  6715 | 36486C   3557484   +0.4240851
  6716 | 365F2E   3563310   +0.4247797
  6717 | 3675ED   3569133   +0.4254738
  6718 | 368CAB   3574955   +0.4261678
  6719 | 36A366   3580774   +0.4268615
  6720 | 36BA20   3586592   +0.4275551
  6721 | 36D0D7   3592407   +0.4282483
  6722 | 36E78C   3598220   +0.4289412
  6723 | 36FE3F   3604031   +0.4296340
  6724 | 3714F0   3609840   +0.4303265
  6725 | 372B9E   3615646   +0.4310186
  6726 | 37424B   3621451   +0.4317106
  6727 | 3758F6   3627254   +0.4324024
  6728 | 376F9E   3633054   +0.4330938
  6729 | 378644   3638852   +0.4337850
  6730 | 379CE8   3644648   +0.4344759
  6731 | 37B38A   3650442   +0.4351666
  6732 | 37CA2A   3656234   +0.4358571
  6733 | 37E0C7   3662023   +0.4365472
  6734 | 37F763   3667811   +0.4372371
  6735 | 380DFC   3673596   +0.4379268
  6736 | 382493   3679379   +0.4386162
  6737 | 383B28   3685160   +0.4393053
  6738 | 3851BB   3690939   +0.4399942
  6739 | 38684C   3696716   +0.4406829
  6740 | 387EDA   3702490   +0.4413712
  6741 | 389566   3708262   +0.4420593
  6742 | 38ABF0   3714032   +0.4427471
  6743 | 38C278   3719800   +0.4434347
  6744 | 38D8FE   3725566   +0.4441221
  6745 | 38EF82   3731330   +0.4448092
  6746 | 390603   3737091   +0.4454960
  6747 | 391C82   3742850   +0.4461825
  6748 | 3932FF   3748607   +0.4468688
  6749 | 39497A   3754362   +0.4475548
  6750 | 395FF2   3760114   +0.4482405
  6751 | 397669   3765865   +0.4489261
  6752 | 398CDD   3771613   +0.4496113
  6753 | 39A34F   3777359   +0.4502963
  6754 | 39B9BE   3783102   +0.4509809
  6755 | 39D02C   3788844   +0.4516654
  6756 | 39E697   3794583   +0.4523495
  6757 | 39FD00   3800320   +0.4530334
  6758 | 3A1367   3806055   +0.4537171
  6759 | 3A29CB   3811787   +0.4544004
  6760 | 3A402D   3817517   +0.4550835
  6761 | 3A568D   3823245   +0.4557663
  6762 | 3A6CEB   3828971   +0.4564489
  6763 | 3A8347   3834695   +0.4571313
  6764 | 3A99A0   3840416   +0.4578133
  6765 | 3AAFF7   3846135   +0.4584950
  6766 | 3AC64C   3851852   +0.4591765
  6767 | 3ADC9E   3857566   +0.4598577
  6768 | 3AF2EE   3863278   +0.4605386
  6769 | 3B093C   3868988   +0.4612193
  6770 | 3B1F88   3874696   +0.4618998
  6771 | 3B35D1   3880401   +0.4625798
  6772 | 3B4C18   3886104   +0.4632597
  6773 | 3B625D   3891805   +0.4639393
  6774 | 3B78A0   3897504   +0.4646187
  6775 | 3B8EE0   3903200   +0.4652977
  6776 | 3BA51E   3908894   +0.4659765
  6777 | 3BBB59   3914585   +0.4666549
  6778 | 3BD193   3920275   +0.4673332
  6779 | 3BE7CA   3925962   +0.4680111
  6780 | 3BFDFE   3931646   +0.4686887
  6781 | 3C1431   3937329   +0.4693662
  6782 | 3C2A61   3943009   +0.4700433
  6783 | 3C408F   3948687   +0.4707202
  6784 | 3C56BA   3954362   +0.4713967
  6785 | 3C6CE3   3960035   +0.4720730
  6786 | 3C830A   3965706   +0.4727490
  6787 | 3C992E   3971374   +0.4734247
  6788 | 3CAF50   3977040   +0.4741001
  6789 | 3CC570   3982704   +0.4747753
  6790 | 3CDB8E   3988366   +0.4754503
  6791 | 3CF1A9   3994025   +0.4761249
  6792 | 3D07C1   3999681   +0.4767991
  6793 | 3D1DD8   4005336   +0.4774733
  6794 | 3D33EC   4010988   +0.4781470
  6795 | 3D49FD   4016637   +0.4788204
  6796 | 3D600D   4022285   +0.4794937
  6797 | 3D761A   4027930   +0.4801667
  6798 | 3D8C24   4033572   +0.4808393
  6799 | 3DA22C   4039212   +0.4815116
  6800 | 3DB832   4044850   +0.4821837
  6801 | 3DCE36   4050486   +0.4828556
  6802 | 3DE437   4056119   +0.4835271
  6803 | 3DFA35   4061749   +0.4841982
  6804 | 3E1032   4067378   +0.4848692
  6805 | 3E262B   4073003   +0.4855398
  6806 | 3E3C23   4078627   +0.4862102
  6807 | 3E5218   4084248   +0.4868803
  6808 | 3E680B   4089867   +0.4875501
  6809 | 3E7DFB   4095483   +0.4882196
  6810 | 3E93E9   4101097   +0.4888889
  6811 | 3EA9D4   4106708   +0.4895577
  6812 | 3EBFBD   4112317   +0.4902264
  6813 | 3ED5A4   4117924   +0.4908948
  6814 | 3EEB88   4123528   +0.4915628
  6815 | 3F016A   4129130   +0.4922307
  6816 | 3F1749   4134729   +0.4928981
  6817 | 3F2D26   4140326   +0.4935653
  6818 | 3F4301   4145921   +0.4942323
  6819 | 3F58D9   4151513   +0.4948989
  6820 | 3F6EAE   4157102   +0.4955652
  6821 | 3F8481   4162689   +0.4962312
  6822 | 3F9A52   4168274   +0.4968970
  6823 | 3FB020   4173856   +0.4975624
  6824 | 3FC5EC   4179436   +0.4982276
  6825 | 3FDBB5   4185013   +0.4988924
  6826 | 3FF17C   4190588   +0.4995570
  6827 | 400741   4196161   +0.5002214
  6828 | 401D03   4201731   +0.5008854
  6829 | 4032C2   4207298   +0.5015490
  6830 | 40487F   4212863   +0.5022124
  6831 | 405E3A   4218426   +0.5028756
  6832 | 4073F2   4223986   +0.5035384
  6833 | 4089A7   4229543   +0.5042008
  6834 | 409F5A   4235098   +0.5048630
  6835 | 40B50B   4240651   +0.5055250
  6836 | 40CAB9   4246201   +0.5061866
  6837 | 40E064   4251748   +0.5068479
  6838 | 40F60D   4257293   +0.5075089
  6839 | 410BB4   4262836   +0.5081697
  6840 | 412158   4268376   +0.5088301
  6841 | 4136FA   4273914   +0.5094903
  6842 | 414C99   4279449   +0.5101501
  6843 | 416235   4284981   +0.5108095
  6844 | 4177CF   4290511   +0.5114688
  6845 | 418D67   4296039   +0.5121278
  6846 | 41A2FC   4301564   +0.5127864
  6847 | 41B88E   4307086   +0.5134447
  6848 | 41CE1E   4312606   +0.5141027
  6849 | 41E3AB   4318123   +0.5147604
  6850 | 41F936   4323638   +0.5154178
  6851 | 420EBE   4329150   +0.5160749
  6852 | 422444   4334660   +0.5167317
  6853 | 4239C7   4340167   +0.5173882
  6854 | 424F48   4345672   +0.5180445
  6855 | 4264C6   4351174   +0.5187004
  6856 | 427A41   4356673   +0.5193559
  6857 | 428FBA   4362170   +0.5200112
  6858 | 42A531   4367665   +0.5206662
  6859 | 42BAA4   4373156   +0.5213208
  6860 | 42D016   4378646   +0.5219753
  6861 | 42E584   4384132   +0.5226293
  6862 | 42FAF0   4389616   +0.5232830
  6863 | 43105A   4395098   +0.5239365
  6864 | 4325C1   4400577   +0.5245897
  6865 | 433B25   4406053   +0.5252424
  6866 | 435087   4411527   +0.5258950
  6867 | 4365E6   4416998   +0.5265472
  6868 | 437B42   4422466   +0.5271990
  6869 | 43909C   4427932   +0.5278506
  6870 | 43A5F4   4433396   +0.5285020
  6871 | 43BB48   4438856   +0.5291529
  6872 | 43D09A   4444314   +0.5298035
  6873 | 43E5EA   4449770   +0.5304539
  6874 | 43FB37   4455223   +0.5311040
  6875 | 441081   4460673   +0.5317537
  6876 | 4425C9   4466121   +0.5324031
  6877 | 443B0E   4471566   +0.5330522
  6878 | 445050   4477008   +0.5337009
  6879 | 446590   4482448   +0.5343494
  6880 | 447ACD   4487885   +0.5349976
  6881 | 449007   4493319   +0.5356454
  6882 | 44A53F   4498751   +0.5362929
  6883 | 44BA74   4504180   +0.5369401
  6884 | 44CFA7   4509607   +0.5375870
  6885 | 44E4D7   4515031   +0.5382336
  6886 | 44FA04   4520452   +0.5388799
  6887 | 450F2E   4525870   +0.5395257
  6888 | 452456   4531286   +0.5401714
  6889 | 45397B   4536699   +0.5408167
  6890 | 454E9E   4542110   +0.5414617
  6891 | 4563BE   4547518   +0.5421064
  6892 | 4578DB   4552923   +0.5427507
  6893 | 458DF6   4558326   +0.5433948
  6894 | 45A30D   4563725   +0.5440384
  6895 | 45B823   4569123   +0.5446819
  6896 | 45CD35   4574517   +0.5453249
  6897 | 45E245   4579909   +0.5459677
  6898 | 45F752   4585298   +0.5466101
  6899 | 460C5C   4590684   +0.5472522
  6900 | 462164   4596068   +0.5478940
  6901 | 463669   4601449   +0.5485355
  6902 | 464B6B   4606827   +0.5491766
  6903 | 46606B   4612203   +0.5498174
  6904 | 467568   4617576   +0.5504580
  6905 | 468A62   4622946   +0.5510981
  6906 | 469F59   4628313   +0.5517379
  6907 | 46B44E   4633678   +0.5523775
  6908 | 46C940   4639040   +0.5530167
  6909 | 46DE2F   4644399   +0.5536555
  6910 | 46F31C   4649756   +0.5542941
  6911 | 470805   4655109   +0.5549322
  6912 | 471CEC   4660460   +0.5555701
  6913 | 4731D1   4665809   +0.5562078
  6914 | 4746B2   4671154   +0.5568449
  6915 | 475B91   4676497   +0.5574819
  6916 | 47706D   4681837   +0.5581185
  6917 | 478546   4687174   +0.5587547
  6918 | 479A1D   4692509   +0.5593907
  6919 | 47AEF1   4697841   +0.5600263
  6920 | 47C3C2   4703170   +0.5606616
  6921 | 47D890   4708496   +0.5612965
  6922 | 47ED5B   4713819   +0.5619310
  6923 | 480224   4719140   +0.5625653
  6924 | 4816EA   4724458   +0.5631993
  6925 | 482BAD   4729773   +0.5638329
  6926 | 48406D   4735085   +0.5644661
  6927 | 48552B   4740395   +0.5650991
  6928 | 4869E6   4745702   +0.5657318
  6929 | 487E9E   4751006   +0.5663640
  6930 | 489353   4756307   +0.5669960
  6931 | 48A805   4761605   +0.5676275
  6932 | 48BCB5   4766901   +0.5682589
  6933 | 48D162   4772194   +0.5688899
  6934 | 48E60C   4777484   +0.5695205
  6935 | 48FAB3   4782771   +0.5701507
  6936 | 490F57   4788055   +0.5707806
  6937 | 4923F9   4793337   +0.5714103
  6938 | 493898   4798616   +0.5720396
  6939 | 494D34   4803892   +0.5726686
  6940 | 4961CD   4809165   +0.5732971
  6941 | 497663   4814435   +0.5739254
  6942 | 498AF6   4819702   +0.5745533
  6943 | 499F87   4824967   +0.5751809
  6944 | 49B415   4830229   +0.5758082
  6945 | 49C8A0   4835488   +0.5764351
  6946 | 49DD28   4840744   +0.5770617
  6947 | 49F1AD   4845997   +0.5776879
  6948 | 4A062F   4851247   +0.5783137
  6949 | 4A1AAF   4856495   +0.5789393
  6950 | 4A2F2B   4861739   +0.5795645
  6951 | 4A43A5   4866981   +0.5801893
  6952 | 4A581C   4872220   +0.5808139
  6953 | 4A6C90   4877456   +0.5814381
  6954 | 4A8101   4882689   +0.5820619
  6955 | 4A9570   4887920   +0.5826855
  6956 | 4AA9DB   4893147   +0.5833086
  6957 | 4ABE44   4898372   +0.5839314
  6958 | 4AD2A9   4903593   +0.5845538
  6959 | 4AE70C   4908812   +0.5851760
  6960 | 4AFB6C   4914028   +0.5857978
  6961 | 4B0FC9   4919241   +0.5864192
  6962 | 4B2423   4924451   +0.5870403
  6963 | 4B387A   4929658   +0.5876610
  6964 | 4B4CCF   4934863   +0.5882815
  6965 | 4B6120   4940064   +0.5889015
  6966 | 4B756F   4945263   +0.5895213
  6967 | 4B89BA   4950458   +0.5901406
  6968 | 4B9E03   4955651   +0.5907596
  6969 | 4BB249   4960841   +0.5913783
  6970 | 4BC68C   4966028   +0.5919967
  6971 | 4BDACC   4971212   +0.5926147
  6972 | 4BEF09   4976393   +0.5932323
  6973 | 4C0343   4981571   +0.5938495
  6974 | 4C177A   4986746   +0.5944664
  6975 | 4C2BAE   4991918   +0.5950830
  6976 | 4C3FDF   4997087   +0.5956992
  6977 | 4C540E   5002254   +0.5963151
  6978 | 4C6839   5007417   +0.5969306
  6979 | 4C7C62   5012578   +0.5975459
  6980 | 4C9087   5017735   +0.5981606
  6981 | 4CA4AA   5022890   +0.5987751
  6982 | 4CB8C9   5028041   +0.5993892
  6983 | 4CCCE6   5033190   +0.6000030
  6984 | 4CE100   5038336   +0.6006165
  6985 | 4CF516   5043478   +0.6012294
  6986 | 4D092A   5048618   +0.6018422
  6987 | 4D1D3B   5053755   +0.6024545
  6988 | 4D3149   5058889   +0.6030666
  6989 | 4D4554   5064020   +0.6036782
  6990 | 4D595B   5069147   +0.6042894
  6991 | 4D6D60   5074272   +0.6049004
  6992 | 4D8162   5079394   +0.6055110
  6993 | 4D9561   5084513   +0.6061212
  6994 | 4DA95D   5089629   +0.6067311
  6995 | 4DBD56   5094742   +0.6073406
  6996 | 4DD14C   5099852   +0.6079497
  6997 | 4DE53F   5104959   +0.6085585
  6998 | 4DF92F   5110063   +0.6091670
  6999 | 4E0D1C   5115164   +0.6097751
  7000 | 4E2105   5120261   +0.6103827
  7001 | 4E34EC   5125356   +0.6109900
  7002 | 4E48D0   5130448   +0.6115971
  7003 | 4E5CB1   5135537   +0.6122037
  7004 | 4E708F   5140623   +0.6128100
  7005 | 4E846A   5145706   +0.6134160
  7006 | 4E9842   5150786   +0.6140215
  7007 | 4EAC16   5155862   +0.6146266
  7008 | 4EBFE8   5160936   +0.6152315
  7009 | 4ED3B7   5166007   +0.6158360
  7010 | 4EE782   5171074   +0.6164401
  7011 | 4EFB4B   5176139   +0.6170439
  7012 | 4F0F11   5181201   +0.6176473
  7013 | 4F22D3   5186259   +0.6182503
  7014 | 4F3693   5191315   +0.6188530
  7015 | 4F4A4F   5196367   +0.6194552
  7016 | 4F5E08   5201416   +0.6200571
  7017 | 4F71BF   5206463   +0.6206588
  7018 | 4F8572   5211506   +0.6212599
  7019 | 4F9922   5216546   +0.6218607
  7020 | 4FACCF   5221583   +0.6224612
  7021 | 4FC079   5226617   +0.6230613
  7022 | 4FD420   5231648   +0.6236610
  7023 | 4FE7C4   5236676   +0.6242604
  7024 | 4FFB65   5241701   +0.6248595
  7025 | 500F02   5246722   +0.6254580
  7026 | 50229D   5251741   +0.6260563
  7027 | 503635   5256757   +0.6266543
  7028 | 5049C9   5261769   +0.6272517
  7029 | 505D5A   5266778   +0.6278489
  7030 | 5070E9   5271785   +0.6284457
  7031 | 508474   5276788   +0.6290421
  7032 | 5097FC   5281788   +0.6296382
  7033 | 50AB81   5286785   +0.6302339
  7034 | 50BF02   5291778   +0.6308291
  7035 | 50D281   5296769   +0.6314241
  7036 | 50E5FD   5301757   +0.6320187
  7037 | 50F975   5306741   +0.6326128
  7038 | 510CEB   5311723   +0.6332067
  7039 | 51205D   5316701   +0.6338001
  7040 | 5133CC   5321676   +0.6343932
  7041 | 514738   5326648   +0.6349859
  7042 | 515AA1   5331617   +0.6355783
  7043 | 516E06   5336582   +0.6361701
  7044 | 518169   5341545   +0.6367618
  7045 | 5194C8   5346504   +0.6373529
  7046 | 51A825   5351461   +0.6379439
  7047 | 51BB7E   5356414   +0.6385343
  7048 | 51CED4   5361364   +0.6391244
  7049 | 51E227   5366311   +0.6397141
  7050 | 51F576   5371254   +0.6403034
  7051 | 5208C3   5376195   +0.6408924
  7052 | 521C0C   5381132   +0.6414809
  7053 | 522F52   5386066   +0.6420691
  7054 | 524295   5390997   +0.6426569
  7055 | 5255D5   5395925   +0.6432444
  7056 | 526912   5400850   +0.6438315
  7057 | 527C4B   5405771   +0.6444181
  7058 | 528F82   5410690   +0.6450045
  7059 | 52A2B5   5415605   +0.6455904
  7060 | 52B5E5   5420517   +0.6461760
  7061 | 52C911   5425425   +0.6467611
  7062 | 52DC3B   5430331   +0.6473459
  7063 | 52EF61   5435233   +0.6479303
  7064 | 530284   5440132   +0.6485143
  7065 | 5315A4   5445028   +0.6490979
  7066 | 5328C1   5449921   +0.6496812
  7067 | 533BDB   5454811   +0.6502641
  7068 | 534EF1   5459697   +0.6508466
  7069 | 536204   5464580   +0.6514287
  7070 | 537514   5469460   +0.6520104
  7071 | 538821   5474337   +0.6525918
  7072 | 539B2A   5479210   +0.6531727
  7073 | 53AE31   5484081   +0.6537534
  7074 | 53C134   5488948   +0.6543336
  7075 | 53D433   5493811   +0.6549133
  7076 | 53E730   5498672   +0.6554928
  7077 | 53FA29   5503529   +0.6560718
  7078 | 540D1F   5508383   +0.6566504
  7079 | 542012   5513234   +0.6572287
  7080 | 543302   5518082   +0.6578066
  7081 | 5445EE   5522926   +0.6583841
  7082 | 5458D7   5527767   +0.6589612
  7083 | 546BBD   5532605   +0.6595379
  7084 | 547EA0   5537440   +0.6601143
  7085 | 54917F   5542271   +0.6606902
  7086 | 54A45B   5547099   +0.6612657
  7087 | 54B734   5551924   +0.6618409
  7088 | 54CA0A   5556746   +0.6624157
  7089 | 54DCDC   5561564   +0.6629901
  7090 | 54EFAB   5566379   +0.6635641
  7091 | 550277   5571191   +0.6641377
  7092 | 55153F   5575999   +0.6647109
  7093 | 552804   5580804   +0.6652837
  7094 | 553AC6   5585606   +0.6658561
  7095 | 554D85   5590405   +0.6664282
  7096 | 556040   5595200   +0.6669998
  7097 | 5572F8   5599992   +0.6675711
  7098 | 5585AD   5604781   +0.6681420
  7099 | 55985E   5609566   +0.6687124
  7100 | 55AB0D   5614349   +0.6692826
  7101 | 55BDB7   5619127   +0.6698521
  7102 | 55D05F   5623903   +0.6704215
  7103 | 55E303   5628675   +0.6709903
  7104 | 55F5A4   5633444   +0.6715589
  7105 | 560842   5638210   +0.6721270
  7106 | 561ADC   5642972   +0.6726947
  7107 | 562D73   5647731   +0.6732620
  7108 | 564007   5652487   +0.6738290
  7109 | 565297   5657239   +0.6743954
  7110 | 566524   5661988   +0.6749616
  7111 | 5677AE   5666734   +0.6755273
  7112 | 568A34   5671476   +0.6760926
  7113 | 569CB7   5676215   +0.6766576
  7114 | 56AF37   5680951   +0.6772221
  7115 | 56C1B3   5685683   +0.6777862
  7116 | 56D42C   5690412   +0.6783500
  7117 | 56E6A2   5695138   +0.6789134
  7118 | 56F914   5699860   +0.6794763
  7119 | 570B83   5704579   +0.6800388
  7120 | 571DEE   5709294   +0.6806009
  7121 | 573056   5714006   +0.6811626
  7122 | 5742BB   5718715   +0.6817240
  7123 | 57551D   5723421   +0.6822850
  7124 | 57677B   5728123   +0.6828455
  7125 | 5779D6   5732822   +0.6834056
  7126 | 578C2D   5737517   +0.6839653
  7127 | 579E81   5742209   +0.6845247
  7128 | 57B0D2   5746898   +0.6850836
  7129 | 57C31F   5751583   +0.6856421
  7130 | 57D569   5756265   +0.6862003
  7131 | 57E7AF   5760943   +0.6867579
  7132 | 57F9F2   5765618   +0.6873152
  7133 | 580C32   5770290   +0.6878722
  7134 | 581E6E   5774958   +0.6884286
  7135 | 5830A7   5779623   +0.6889848
  7136 | 5842DD   5784285   +0.6895405
  7137 | 58550F   5788943   +0.6900958
  7138 | 58673D   5793597   +0.6906506
  7139 | 587969   5798249   +0.6912051
  7140 | 588B91   5802897   +0.6917592
  7141 | 589DB5   5807541   +0.6923128
  7142 | 58AFD6   5812182   +0.6928661
  7143 | 58C1F4   5816820   +0.6934190
  7144 | 58D40E   5821454   +0.6939714
  7145 | 58E625   5826085   +0.6945235
  7146 | 58F838   5830712   +0.6950750
  7147 | 590A48   5835336   +0.6956263
  7148 | 591C54   5839956   +0.6961770
  7149 | 592E5D   5844573   +0.6967274
  7150 | 594063   5849187   +0.6972774
  7151 | 595265   5853797   +0.6978270
  7152 | 596464   5858404   +0.6983762
  7153 | 59765F   5863007   +0.6989249
  7154 | 598857   5867607   +0.6994733
  7155 | 599A4B   5872203   +0.7000211
  7156 | 59AC3C   5876796   +0.7005687
  7157 | 59BE2A   5881386   +0.7011158
  7158 | 59D014   5885972   +0.7016625
  7159 | 59E1FA   5890554   +0.7022088
  7160 | 59F3DD   5895133   +0.7027546
  7161 | 5A05BD   5899709   +0.7033001
  7162 | 5A1799   5904281   +0.7038451
  7163 | 5A2972   5908850   +0.7043898
  7164 | 5A3B47   5913415   +0.7049340
  7165 | 5A4D19   5917977   +0.7054778
  7166 | 5A5EE7   5922535   +0.7060212
  7167 | 5A70B2   5927090   +0.7065642
  7168 | 5A8279   5931641   +0.7071067
  7169 | 5A943D   5936189   +0.7076489
  7170 | 5AA5FD   5940733   +0.7081906
  7171 | 5AB7BA   5945274   +0.7087319
  7172 | 5AC973   5949811   +0.7092727
  7173 | 5ADB29   5954345   +0.7098132
  7174 | 5AECDB   5958875   +0.7103533
  7175 | 5AFE8A   5963402   +0.7108929
  7176 | 5B1035   5967925   +0.7114321
  7177 | 5B21DD   5972445   +0.7119709
  7178 | 5B3381   5976961   +0.7125093
  7179 | 5B4522   5981474   +0.7130473
  7180 | 5B56BF   5985983   +0.7135848
  7181 | 5B6859   5990489   +0.7141219
  7182 | 5B79EF   5994991   +0.7146586
  7183 | 5B8B82   5999490   +0.7151949
  7184 | 5B9D11   6003985   +0.7157308
  7185 | 5BAE9C   6008476   +0.7162662
  7186 | 5BC024   6012964   +0.7168012
  7187 | 5BD1A9   6017449   +0.7173358
  7188 | 5BE32A   6021930   +0.7178700
  7189 | 5BF4A7   6026407   +0.7184037
  7190 | 5C0621   6030881   +0.7189370
  7191 | 5C1797   6035351   +0.7194699
  7192 | 5C290A   6039818   +0.7200024
  7193 | 5C3A79   6044281   +0.7205344
  7194 | 5C4BE5   6048741   +0.7210661
  7195 | 5C5D4D   6053197   +0.7215973
  7196 | 5C6EB2   6057650   +0.7221282
  7197 | 5C8013   6062099   +0.7226585
  7198 | 5C9170   6066544   +0.7231884
  7199 | 5CA2CA   6070986   +0.7237179
  7200 | 5CB420   6075424   +0.7242470
  7201 | 5CC573   6079859   +0.7247757
  7202 | 5CD6C2   6084290   +0.7253039
  7203 | 5CE80E   6088718   +0.7258317
  7204 | 5CF955   6093141   +0.7263590
  7205 | 5D0A9A   6097562   +0.7268860
  7206 | 5D1BDB   6101979   +0.7274126
  7207 | 5D2D18   6106392   +0.7279387
  7208 | 5D3E51   6110801   +0.7284642
  7209 | 5D4F88   6115208   +0.7289896
  7210 | 5D60BA   6119610   +0.7295144
  7211 | 5D71E9   6124009   +0.7300388
  7212 | 5D8314   6128404   +0.7305627
  7213 | 5D943C   6132796   +0.7310863
  7214 | 5DA560   6137184   +0.7316093
  7215 | 5DB680   6141568   +0.7321320
  7216 | 5DC79D   6145949   +0.7326542
  7217 | 5DD8B6   6150326   +0.7331760
  7218 | 5DE9CB   6154699   +0.7336973
  7219 | 5DFADD   6159069   +0.7342182
  7220 | 5E0BEC   6163436   +0.7347388
  7221 | 5E1CF6   6167798   +0.7352588
  7222 | 5E2DFD   6172157   +0.7357785
  7223 | 5E3F01   6176513   +0.7362977
  7224 | 5E5001   6180865   +0.7368165
  7225 | 5E60FD   6185213   +0.7373348
  7226 | 5E71F5   6189557   +0.7378527
  7227 | 5E82EA   6193898   +0.7383702
  7228 | 5E93DB   6198235   +0.7388872
  7229 | 5EA4C9   6202569   +0.7394038
  7230 | 5EB5B3   6206899   +0.7399200
  7231 | 5EC699   6211225   +0.7404357
  7232 | 5ED77C   6215548   +0.7409511
  7233 | 5EE85B   6219867   +0.7414659
  7234 | 5EF936   6224182   +0.7419803
  7235 | 5F0A0E   6228494   +0.7424943
  7236 | 5F1AE2   6232802   +0.7430079
  7237 | 5F2BB2   6237106   +0.7435210
  7238 | 5F3C7F   6241407   +0.7440337
  7239 | 5F4D48   6245704   +0.7445459
  7240 | 5F5E0D   6249997   +0.7450577
  7241 | 5F6ECF   6254287   +0.7455691
  7242 | 5F7F8D   6258573   +0.7460800
  7243 | 5F9047   6262855   +0.7465905
  7244 | 5FA0FD   6267133   +0.7471005
  7245 | 5FB1B0   6271408   +0.7476101
  7246 | 5FC25F   6275679   +0.7481192
  7247 | 5FD30B   6279947   +0.7486280
  7248 | 5FE3B3   6284211   +0.7491363
  7249 | 5FF457   6288471   +0.7496442
  7250 | 6004F7   6292727   +0.7501515
  7251 | 601594   6296980   +0.7506585
  7252 | 60262D   6301229   +0.7511650
  7253 | 6036C2   6305474   +0.7516711
  7254 | 604754   6309716   +0.7521768
  7255 | 6057E2   6313954   +0.7526820
  7256 | 60686C   6318188   +0.7531867
  7257 | 6078F3   6322419   +0.7536911
  7258 | 608975   6326645   +0.7541949
  7259 | 6099F4   6330868   +0.7546983
  7260 | 60AA70   6335088   +0.7552013
  7261 | 60BAE7   6339303   +0.7557038
  7262 | 60CB5B   6343515   +0.7562059
  7263 | 60DBCB   6347723   +0.7567075
  7264 | 60EC37   6351927   +0.7572087
  7265 | 60FCA0   6356128   +0.7577095
  7266 | 610D05   6360325   +0.7582098
  7267 | 611D66   6364518   +0.7587097
  7268 | 612DC4   6368708   +0.7592092
  7269 | 613E1D   6372893   +0.7597080
  7270 | 614E73   6377075   +0.7602066
  7271 | 615EC5   6381253   +0.7607046
  7272 | 616F14   6385428   +0.7612023
  7273 | 617F5E   6389598   +0.7616994
  7274 | 618FA5   6393765   +0.7621962
  7275 | 619FE8   6397928   +0.7626925
  7276 | 61B028   6402088   +0.7631884
  7277 | 61C063   6406243   +0.7636837
  7278 | 61D09B   6410395   +0.7641786
  7279 | 61E0CF   6414543   +0.7646731
  7280 | 61F0FF   6418687   +0.7651671
  7281 | 62012C   6422828   +0.7656608
  7282 | 621155   6426965   +0.7661539
  7283 | 62217A   6431098   +0.7666466
  7284 | 62319B   6435227   +0.7671388
  7285 | 6241B8   6439352   +0.7676306
  7286 | 6251D2   6443474   +0.7681220
  7287 | 6261E8   6447592   +0.7686129
  7288 | 6271FA   6451706   +0.7691033
  7289 | 628208   6455816   +0.7695932
  7290 | 629212   6459922   +0.7700827
  7291 | 62A219   6464025   +0.7705718
  7292 | 62B21C   6468124   +0.7710605
  7293 | 62C21B   6472219   +0.7715486
  7294 | 62D216   6476310   +0.7720363
  7295 | 62E20D   6480397   +0.7725235
  7296 | 62F201   6484481   +0.7730104
  7297 | 6301F1   6488561   +0.7734967
  7298 | 6311DD   6492637   +0.7739826
  7299 | 6321C5   6496709   +0.7744681
  7300 | 6331A9   6500777   +0.7749530
  7301 | 63418A   6504842   +0.7754376
  7302 | 635166   6508902   +0.7759216
  7303 | 63613F   6512959   +0.7764052
  7304 | 637114   6517012   +0.7768884
  7305 | 6380E5   6521061   +0.7773710
  7306 | 6390B3   6525107   +0.7778534
  7307 | 63A07C   6529148   +0.7783351
  7308 | 63B042   6533186   +0.7788165
  7309 | 63C003   6537219   +0.7792972
  7310 | 63CFC1   6541249   +0.7797776
  7311 | 63DF7C   6545276   +0.7802577
  7312 | 63EF32   6549298   +0.7807372
  7313 | 63FEE4   6553316   +0.7812161
  7314 | 640E93   6557331   +0.7816948
  7315 | 641E3D   6561341   +0.7821728
  7316 | 642DE4   6565348   +0.7826505
  7317 | 643D87   6569351   +0.7831277
  7318 | 644D26   6573350   +0.7836044
  7319 | 645CC2   6577346   +0.7840807
  7320 | 646C59   6581337   +0.7845565
  7321 | 647BEC   6585324   +0.7850318
  7322 | 648B7C   6589308   +0.7855067
  7323 | 649B08   6593288   +0.7859812
  7324 | 64AA90   6597264   +0.7864552
  7325 | 64BA14   6601236   +0.7869287
  7326 | 64C994   6605204   +0.7874017
  7327 | 64D910   6609168   +0.7878742
  7328 | 64E888   6613128   +0.7883463
  7329 | 64F7FD   6617085   +0.7888180
  7330 | 65076D   6621037   +0.7892891
  7331 | 6516DA   6624986   +0.7897599
  7332 | 652643   6628931   +0.7902302
  7333 | 6535A8   6632872   +0.7907000
  7334 | 654509   6636809   +0.7911693
  7335 | 655466   6640742   +0.7916381
  7336 | 6563BF   6644671   +0.7921065
  7337 | 657314   6648596   +0.7925744
  7338 | 658265   6652517   +0.7930418
  7339 | 6591B3   6656435   +0.7935089
  7340 | 65A0FC   6660348   +0.7939754
  7341 | 65B042   6664258   +0.7944415
  7342 | 65BF83   6668163   +0.7949070
  7343 | 65CEC1   6672065   +0.7953721
  7344 | 65DDFB   6675963   +0.7958368
  7345 | 65ED31   6679857   +0.7963010
  7346 | 65FC63   6683747   +0.7967647
  7347 | 660B91   6687633   +0.7972280
  7348 | 661ABB   6691515   +0.7976907
  7349 | 6629E1   6695393   +0.7981530
  7350 | 663903   6699267   +0.7986149
  7351 | 664822   6703138   +0.7990763
  7352 | 66573C   6707004   +0.7995372
  7353 | 666652   6710866   +0.7999976
  7354 | 667565   6714725   +0.8004576
  7355 | 668473   6718579   +0.8009170
  7356 | 66937E   6722430   +0.8013761
  7357 | 66A284   6726276   +0.8018346
  7358 | 66B187   6730119   +0.8022927
  7359 | 66C086   6733958   +0.8027503
  7360 | 66CF80   6737792   +0.8032074
  7361 | 66DE77   6741623   +0.8036641
  7362 | 66ED6A   6745450   +0.8041203
  7363 | 66FC59   6749273   +0.8045760
  7364 | 670B43   6753091   +0.8050312
  7365 | 671A2A   6756906   +0.8054860
  7366 | 67290D   6760717   +0.8059403
  7367 | 6737EC   6764524   +0.8063941
  7368 | 6746C7   6768327   +0.8068475
  7369 | 67559E   6772126   +0.8073003
  7370 | 676471   6775921   +0.8077527
  7371 | 677340   6779712   +0.8082047
  7372 | 67820B   6783499   +0.8086561
  7373 | 6790D2   6787282   +0.8091071
  7374 | 679F95   6791061   +0.8095576
  7375 | 67AE54   6794836   +0.8100076
  7376 | 67BD0F   6798607   +0.8104571
  7377 | 67CBC6   6802374   +0.8109062
  7378 | 67DA79   6806137   +0.8113548
  7379 | 67E928   6809896   +0.8118029
  7380 | 67F7D3   6813651   +0.8122505
  7381 | 68067A   6817402   +0.8126976
  7382 | 68151D   6821149   +0.8131443
  7383 | 6823BC   6824892   +0.8135905
  7384 | 683257   6828631   +0.8140363
  7385 | 6840EE   6832366   +0.8144815
  7386 | 684F81   6836097   +0.8149263
  7387 | 685E10   6839824   +0.8153706
  7388 | 686C9A   6843546   +0.8158143
  7389 | 687B21   6847265   +0.8162576
  7390 | 6889A4   6850980   +0.8167005
  7391 | 689823   6854691   +0.8171428
  7392 | 68A69E   6858398   +0.8175848
  7393 | 68B514   6862100   +0.8180261
  7394 | 68C387   6865799   +0.8184670
  7395 | 68D1F6   6869494   +0.8189075
  7396 | 68E060   6873184   +0.8193474
  7397 | 68EEC7   6876871   +0.8197869
  7398 | 68FD29   6880553   +0.8202258
  7399 | 690B88   6884232   +0.8206644
  7400 | 6919E2   6887906   +0.8211024
  7401 | 692839   6891577   +0.8215400
  7402 | 69368B   6895243   +0.8219770
  7403 | 6944D9   6898905   +0.8224136
  7404 | 695323   6902563   +0.8228496
  7405 | 69616A   6906218   +0.8232853
  7406 | 696FAC   6909868   +0.8237205
  7407 | 697DEA   6913514   +0.8241551
  7408 | 698C24   6917156   +0.8245893
  7409 | 699A59   6920793   +0.8250228
  7410 | 69A88B   6924427   +0.8254560
  7411 | 69B6B9   6928057   +0.8258888
  7412 | 69C4E3   6931683   +0.8263210
  7413 | 69D308   6935304   +0.8267527
  7414 | 69E12A   6938922   +0.8271840
  7415 | 69EF47   6942535   +0.8276147
  7416 | 69FD60   6946144   +0.8280449
  7417 | 6A0B76   6949750   +0.8284748
  7418 | 6A1987   6953351   +0.8289040
  7419 | 6A2794   6956948   +0.8293328
  7420 | 6A359D   6960541   +0.8297611
  7421 | 6A43A2   6964130   +0.8301890
  7422 | 6A51A3   6967715   +0.8306164
  7423 | 6A5F9F   6971295   +0.8310431
  7424 | 6A6D98   6974872   +0.8314695
  7425 | 6A7B8C   6978444   +0.8318954
  7426 | 6A897D   6982013   +0.8323208
  7427 | 6A9769   6985577   +0.8327457
  7428 | 6AA551   6989137   +0.8331701
  7429 | 6AB335   6992693   +0.8335940
  7430 | 6AC115   6996245   +0.8340174
  7431 | 6ACEF1   6999793   +0.8344404
  7432 | 6ADCC9   7003337   +0.8348628
  7433 | 6AEA9C   7006876   +0.8352847
  7434 | 6AF86C   7010412   +0.8357062
  7435 | 6B0637   7013943   +0.8361272
  7436 | 6B13FE   7017470   +0.8365476
  7437 | 6B21C1   7020993   +0.8369676
  7438 | 6B2F80   7024512   +0.8373871
  7439 | 6B3D3B   7028027   +0.8378061
  7440 | 6B4AF2   7031538   +0.8382246
  7441 | 6B58A4   7035044   +0.8386426
  7442 | 6B6653   7038547   +0.8390602
  7443 | 6B73FD   7042045   +0.8394772
  7444 | 6B81A3   7045539   +0.8398937
  7445 | 6B8F45   7049029   +0.8403097
  7446 | 6B9CE3   7052515   +0.8407253
  7447 | 6BAA7C   7055996   +0.8411403
  7448 | 6BB812   7059474   +0.8415549
  7449 | 6BC5A3   7062947   +0.8419689
  7450 | 6BD331   7066417   +0.8423826
  7451 | 6BE0BA   7069882   +0.8427956
  7452 | 6BEE3F   7073343   +0.8432082
  7453 | 6BFBBF   7076799   +0.8436202
  7454 | 6C093C   7080252   +0.8440318
  7455 | 6C16B4   7083700   +0.8444428
  7456 | 6C2429   7087145   +0.8448535
  7457 | 6C3199   7090585   +0.8452636
  7458 | 6C3F05   7094021   +0.8456732
  7459 | 6C4C6C   7097452   +0.8460822
  7460 | 6C59D0   7100880   +0.8464909
  7461 | 6C672F   7104303   +0.8468989
  7462 | 6C748A   7107722   +0.8473065
  7463 | 6C81E1   7111137   +0.8477136
  7464 | 6C8F34   7114548   +0.8481202
  7465 | 6C9C83   7117955   +0.8485264
  7466 | 6CA9CD   7121357   +0.8489319
  7467 | 6CB714   7124756   +0.8493371
  7468 | 6CC456   7128150   +0.8497417
  7469 | 6CD194   7131540   +0.8501458
  7470 | 6CDECD   7134925   +0.8505493
  7471 | 6CEC03   7138307   +0.8509525
  7472 | 6CF934   7141684   +0.8513551
  7473 | 6D0661   7145057   +0.8517572
  7474 | 6D138A   7148426   +0.8521588
  7475 | 6D20AF   7151791   +0.8525599
  7476 | 6D2DCF   7155151   +0.8529605
  7477 | 6D3AEC   7158508   +0.8533607
  7478 | 6D4804   7161860   +0.8537602
  7479 | 6D5517   7165207   +0.8541592
  7480 | 6D6227   7168551   +0.8545579
  7481 | 6D6F33   7171891   +0.8549560
  7482 | 6D7C3A   7175226   +0.8553536
  7483 | 6D893D   7178557   +0.8557507
  7484 | 6D963B   7181883   +0.8561472
  7485 | 6DA336   7185206   +0.8565433
  7486 | 6DB02C   7188524   +0.8569388
  7487 | 6DBD1E   7191838   +0.8573339
  7488 | 6DCA0C   7195148   +0.8577285
  7489 | 6DD6F6   7198454   +0.8581226
  7490 | 6DE3DB   7201755   +0.8585161
  7491 | 6DF0BC   7205052   +0.8589091
  7492 | 6DFD99   7208345   +0.8593017
  7493 | 6E0A72   7211634   +0.8596938
  7494 | 6E1746   7214918   +0.8600852
  7495 | 6E2417   7218199   +0.8604764
  7496 | 6E30E2   7221474   +0.8608668
  7497 | 6E3DAA   7224746   +0.8612568
  7498 | 6E4A6E   7228014   +0.8616464
  7499 | 6E572D   7231277   +0.8620354
  7500 | 6E63E8   7234536   +0.8624239
  7501 | 6E709E   7237790   +0.8628118
  7502 | 6E7D51   7241041   +0.8631994
  7503 | 6E89FF   7244287   +0.8635863
  7504 | 6E96A9   7247529   +0.8639728
  7505 | 6EA34E   7250766   +0.8643587
  7506 | 6EAFF0   7254000   +0.8647442
  7507 | 6EBC8D   7257229   +0.8651291
  7508 | 6EC926   7260454   +0.8655136
  7509 | 6ED5BA   7263674   +0.8658974
  7510 | 6EE24A   7266890   +0.8662808
  7511 | 6EEED6   7270102   +0.8666637
  7512 | 6EFB5E   7273310   +0.8670461
  7513 | 6F07E2   7276514   +0.8674281
  7514 | 6F1461   7279713   +0.8678094
  7515 | 6F20DC   7282908   +0.8681903
  7516 | 6F2D52   7286098   +0.8685706
  7517 | 6F39C5   7289285   +0.8689505
  7518 | 6F4633   7292467   +0.8693298
  7519 | 6F529C   7295644   +0.8697085
  7520 | 6F5F02   7298818   +0.8700869
  7521 | 6F6B63   7301987   +0.8704647
  7522 | 6F77C0   7305152   +0.8708420
  7523 | 6F8418   7308312   +0.8712187
  7524 | 6F906D   7311469   +0.8715950
  7525 | 6F9CBD   7314621   +0.8719708
  7526 | 6FA908   7317768   +0.8723459
  7527 | 6FB550   7320912   +0.8727207
  7528 | 6FC193   7324051   +0.8730949
  7529 | 6FCDD1   7327185   +0.8734685
  7530 | 6FDA0C   7330316   +0.8738418
  7531 | 6FE642   7333442   +0.8742144
  7532 | 6FF274   7336564   +0.8745866
  7533 | 6FFEA1   7339681   +0.8749582
  7534 | 700ACA   7342794   +0.8753293
  7535 | 7016EF   7345903   +0.8756999
  7536 | 702310   7349008   +0.8760700
  7537 | 702F2C   7352108   +0.8764396
  7538 | 703B44   7355204   +0.8768086
  7539 | 704757   7358295   +0.8771771
  7540 | 705367   7361383   +0.8775452
  7541 | 705F71   7364465   +0.8779126
  7542 | 706B78   7367544   +0.8782797
  7543 | 70777A   7370618   +0.8786461
  7544 | 708378   7373688   +0.8790121
  7545 | 708F72   7376754   +0.8793776
  7546 | 709B67   7379815   +0.8797425
  7547 | 70A758   7382872   +0.8801069
  7548 | 70B344   7385924   +0.8804708
  7549 | 70BF2C   7388972   +0.8808341
  7550 | 70CB10   7392016   +0.8811970
  7551 | 70D6F0   7395056   +0.8815594
  7552 | 70E2CB   7398091   +0.8819212
  7553 | 70EEA2   7401122   +0.8822825
  7554 | 70FA74   7404148   +0.8826432
  7555 | 710642   7407170   +0.8830035
  7556 | 71120C   7410188   +0.8833632
  7557 | 711DD1   7413201   +0.8837224
  7558 | 712992   7416210   +0.8840811
  7559 | 71354F   7419215   +0.8844393
  7560 | 714107   7422215   +0.8847970
  7561 | 714CBB   7425211   +0.8851541
  7562 | 71586B   7428203   +0.8855108
  7563 | 716416   7431190   +0.8858669
  7564 | 716FBD   7434173   +0.8862225
  7565 | 717B5F   7437151   +0.8865775
  7566 | 7186FD   7440125   +0.8869320
  7567 | 719297   7443095   +0.8872861
  7568 | 719E2C   7446060   +0.8876395
  7569 | 71A9BD   7449021   +0.8879925
  7570 | 71B549   7451977   +0.8883449
  7571 | 71C0D2   7454930   +0.8886969
  7572 | 71CC55   7457877   +0.8890482
  7573 | 71D7D5   7460821   +0.8893992
  7574 | 71E350   7463760   +0.8897495
  7575 | 71EEC6   7466694   +0.8900993
  7576 | 71FA38   7469624   +0.8904486
  7577 | 7205A6   7472550   +0.8907974
  7578 | 721110   7475472   +0.8911457
  7579 | 721C75   7478389   +0.8914934
  7580 | 7227D5   7481301   +0.8918406
  7581 | 723331   7484209   +0.8921872
  7582 | 723E89   7487113   +0.8925334
  7583 | 7249DD   7490013   +0.8928791
  7584 | 72552C   7492908   +0.8932242
  7585 | 726076   7495798   +0.8935688
  7586 | 726BBC   7498684   +0.8939128
  7587 | 7276FE   7501566   +0.8942564
  7588 | 72823C   7504444   +0.8945994
  7589 | 728D74   7507316   +0.8949418
  7590 | 7298A9   7510185   +0.8952838
  7591 | 72A3D9   7513049   +0.8956252
  7592 | 72AF05   7515909   +0.8959662
  7593 | 72BA2C   7518764   +0.8963065
  7594 | 72C54F   7521615   +0.8966464
  7595 | 72D06D   7524461   +0.8969857
  7596 | 72DB87   7527303   +0.8973244
  7597 | 72E69D   7530141   +0.8976628
  7598 | 72F1AE   7532974   +0.8980005
  7599 | 72FCBB   7535803   +0.8983377
  7600 | 7307C3   7538627   +0.8986744
  7601 | 7312C7   7541447   +0.8990105
  7602 | 731DC6   7544262   +0.8993461
  7603 | 7328C1   7547073   +0.8996812
  7604 | 7333B8   7549880   +0.9000158
  7605 | 733EAA   7552682   +0.9003499
  7606 | 734997   7555479   +0.9006833
  7607 | 735481   7558273   +0.9010164
  7608 | 735F65   7561061   +0.9013487
  7609 | 736A46   7563846   +0.9016807
  7610 | 737521   7566625   +0.9020120
  7611 | 737FF9   7569401   +0.9023429
  7612 | 738ACC   7572172   +0.9026732
  7613 | 73959A   7574938   +0.9030030
  7614 | 73A064   7577700   +0.9033322
  7615 | 73AB2A   7580458   +0.9036610
  7616 | 73B5EB   7583211   +0.9039892
  7617 | 73C0A8   7585960   +0.9043169
  7618 | 73CB60   7588704   +0.9046440
  7619 | 73D613   7591443   +0.9049705
  7620 | 73E0C3   7594179   +0.9052967
  7621 | 73EB6E   7596910   +0.9056222
  7622 | 73F614   7599636   +0.9059472
  7623 | 7400B6   7602358   +0.9062717
  7624 | 740B53   7605075   +0.9065956
  7625 | 7415EC   7607788   +0.9069190
  7626 | 742080   7610496   +0.9072418
  7627 | 742B10   7613200   +0.9075642
  7628 | 74359C   7615900   +0.9078860
  7629 | 744023   7618595   +0.9082073
  7630 | 744AA5   7621285   +0.9085280
  7631 | 745523   7623971   +0.9088482
  7632 | 745F9D   7626653   +0.9091679
  7633 | 746A12   7629330   +0.9094870
  7634 | 747483   7632003   +0.9098057
  7635 | 747EEF   7634671   +0.9101237
  7636 | 748956   7637334   +0.9104412
  7637 | 7493B9   7639993   +0.9107581
  7638 | 749E18   7642648   +0.9110746
  7639 | 74A872   7645298   +0.9113905
  7640 | 74B2C8   7647944   +0.9117060
  7641 | 74BD19   7650585   +0.9120208
  7642 | 74C765   7653221   +0.9123350
  7643 | 74D1AD   7655853   +0.9126488
  7644 | 74DBF1   7658481   +0.9129621
  7645 | 74E630   7661104   +0.9132748
  7646 | 74F06B   7663723   +0.9135870
  7647 | 74FAA1   7666337   +0.9138986
  7648 | 7504D2   7668946   +0.9142096
  7649 | 750EFF   7671551   +0.9145201
  7650 | 751928   7674152   +0.9148302
  7651 | 75234C   7676748   +0.9151397
  7652 | 752D6C   7679340   +0.9154487
  7653 | 753787   7681927   +0.9157571
  7654 | 75419D   7684509   +0.9160649
  7655 | 754BAF   7687087   +0.9163722
  7656 | 7555BC   7689660   +0.9166789
  7657 | 755FC5   7692229   +0.9169852
  7658 | 7569CA   7694794   +0.9172909
  7659 | 7573CA   7697354   +0.9175961
  7660 | 757DC5   7699909   +0.9179007
  7661 | 7587BC   7702460   +0.9182048
  7662 | 7591AE   7705006   +0.9185083
  7663 | 759B9C   7707548   +0.9188113
  7664 | 75A585   7710085   +0.9191138
  7665 | 75AF6A   7712618   +0.9194157
  7666 | 75B94A   7715146   +0.9197171
  7667 | 75C325   7717669   +0.9200178
  7668 | 75CCFC   7720188   +0.9203181
  7669 | 75D6CF   7722703   +0.9206179
  7670 | 75E09D   7725213   +0.9209172
  7671 | 75EA66   7727718   +0.9212158
  7672 | 75F42B   7730219   +0.9215139
  7673 | 75FDEB   7732715   +0.9218115
  7674 | 7607A7   7735207   +0.9221085
  7675 | 76115E   7737694   +0.9224050
  7676 | 761B11   7740177   +0.9227010
  7677 | 7624BF   7742655   +0.9229964
  7678 | 762E69   7745129   +0.9232913
  7679 | 76380E   7747598   +0.9235857
  7680 | 7641AE   7750062   +0.9238794
  7681 | 764B4A   7752522   +0.9241726
  7682 | 7654E2   7754978   +0.9244654
  7683 | 765E74   7757428   +0.9247575
  7684 | 766803   7759875   +0.9250492
  7685 | 76718C   7762316   +0.9253402
  7686 | 767B11   7764753   +0.9256307
  7687 | 768492   7767186   +0.9259207
  7688 | 768E0E   7769614   +0.9262102
  7689 | 769785   7772037   +0.9264990
  7690 | 76A0F8   7774456   +0.9267874
  7691 | 76AA66   7776870   +0.9270751
  7692 | 76B3D0   7779280   +0.9273624
  7693 | 76BD35   7781685   +0.9276491
  7694 | 76C695   7784085   +0.9279352
  7695 | 76CFF1   7786481   +0.9282209
  7696 | 76D949   7788873   +0.9285060
  7697 | 76E29B   7791259   +0.9287905
  7698 | 76EBEA   7793642   +0.9290745
  7699 | 76F533   7796019   +0.9293579
  7700 | 76FE78   7798392   +0.9296408
  7701 | 7707B9   7800761   +0.9299232
  7702 | 7710F4   7803124   +0.9302049
  7703 | 771A2C   7805484   +0.9304862
  7704 | 77235E   7807838   +0.9307668
  7705 | 772C8C   7810188   +0.9310470
  7706 | 7735B6   7812534   +0.9313266
  7707 | 773EDB   7814875   +0.9316057
  7708 | 7747FB   7817211   +0.9318842
  7709 | 775117   7819543   +0.9321622
  7710 | 775A2E   7821870   +0.9324396
  7711 | 776340   7824192   +0.9327164
  7712 | 776C4E   7826510   +0.9329927
  7713 | 777557   7828823   +0.9332684
  7714 | 777E5C   7831132   +0.9335437
  7715 | 77875C   7833436   +0.9338183
  7716 | 779057   7835735   +0.9340924
  7717 | 77994E   7838030   +0.9343660
  7718 | 77A240   7840320   +0.9346390
  7719 | 77AB2E   7842606   +0.9349115
  7720 | 77B417   7844887   +0.9351834
  7721 | 77BCFB   7847163   +0.9354547
  7722 | 77C5DB   7849435   +0.9357256
  7723 | 77CEB6   7851702   +0.9359958
  7724 | 77D78D   7853965   +0.9362656
  7725 | 77E05F   7856223   +0.9365348
  7726 | 77E92C   7858476   +0.9368033
  7727 | 77F1F5   7860725   +0.9370714
  7728 | 77FAB9   7862969   +0.9373389
  7729 | 780378   7865208   +0.9376059
  7730 | 780C33   7867443   +0.9378723
  7731 | 7814E9   7869673   +0.9381381
  7732 | 781D9A   7871898   +0.9384034
  7733 | 782647   7874119   +0.9386681
  7734 | 782EF0   7876336   +0.9389324
  7735 | 783793   7878547   +0.9391960
  7736 | 784032   7880754   +0.9394591
  7737 | 7848CD   7882957   +0.9397217
  7738 | 785162   7885154   +0.9399836
  7739 | 7859F3   7887347   +0.9402450
  7740 | 786280   7889536   +0.9405060
  7741 | 786B08   7891720   +0.9407663
  7742 | 78738B   7893899   +0.9410261
  7743 | 787C09   7896073   +0.9412853
  7744 | 788483   7898243   +0.9415439
  7745 | 788CF8   7900408   +0.9418020
  7746 | 789569   7902569   +0.9420596
  7747 | 789DD5   7904725   +0.9423167
  7748 | 78A63C   7906876   +0.9425731
  7749 | 78AE9F   7909023   +0.9428290
  7750 | 78B6FD   7911165   +0.9430844
  7751 | 78BF56   7913302   +0.9433391
  7752 | 78C7AB   7915435   +0.9435934
  7753 | 78CFFB   7917563   +0.9438471
  7754 | 78D846   7919686   +0.9441001
  7755 | 78E08D   7921805   +0.9443527
  7756 | 78E8CF   7923919   +0.9446048
  7757 | 78F10C   7926028   +0.9448562
  7758 | 78F945   7928133   +0.9451071
  7759 | 790179   7930233   +0.9453574
  7760 | 7909A8   7932328   +0.9456072
  7761 | 7911D3   7934419   +0.9458565
  7762 | 7919F9   7936505   +0.9461051
  7763 | 79221A   7938586   +0.9463532
  7764 | 792A37   7940663   +0.9466008
  7765 | 79324F   7942735   +0.9468478
  7766 | 793A62   7944802   +0.9470942
  7767 | 794271   7946865   +0.9473401
  7768 | 794A7B   7948923   +0.9475855
  7769 | 795280   7950976   +0.9478302
  7770 | 795A81   7953025   +0.9480745
  7771 | 79627D   7955069   +0.9483181
  7772 | 796A74   7957108   +0.9485612
  7773 | 797267   7959143   +0.9488038
  7774 | 797A55   7961173   +0.9490458
  7775 | 79823E   7963198   +0.9492872
  7776 | 798A23   7965219   +0.9495281
  7777 | 799203   7967235   +0.9497684
  7778 | 7999DE   7969246   +0.9500082
  7779 | 79A1B4   7971252   +0.9502473
  7780 | 79A986   7973254   +0.9504859
  7781 | 79B153   7975251   +0.9507240
  7782 | 79B91C   7977244   +0.9509616
  7783 | 79C0DF   7979231   +0.9511985
  7784 | 79C89E   7981214   +0.9514349
  7785 | 79D059   7983193   +0.9516708
  7786 | 79D80E   7985166   +0.9519060
  7787 | 79DFBF   7987135   +0.9521407
  7788 | 79E76C   7989100   +0.9523749
  7789 | 79EF13   7991059   +0.9526085
  7790 | 79F6B6   7993014   +0.9528415
  7791 | 79FE54   7994964   +0.9530740
  7792 | 7A05EE   7996910   +0.9533060
  7793 | 7A0D82   7998850   +0.9535372
  7794 | 7A1513   8000787   +0.9537681
  7795 | 7A1C9E   8002718   +0.9539983
  7796 | 7A2424   8004644   +0.9542279
  7797 | 7A2BA6   8006566   +0.9544570
  7798 | 7A3324   8008484   +0.9546857
  7799 | 7A3A9C   8010396   +0.9549136
  7800 | 7A4210   8012304   +0.9551411
  7801 | 7A497F   8014207   +0.9553679
  7802 | 7A50E9   8016105   +0.9555942
  7803 | 7A584F   8017999   +0.9558200
  7804 | 7A5FB0   8019888   +0.9560452
  7805 | 7A670C   8021772   +0.9562697
  7806 | 7A6E64   8023652   +0.9564939
  7807 | 7A75B6   8025526   +0.9567173
  7808 | 7A7D04   8027396   +0.9569402
  7809 | 7A844E   8029262   +0.9571626
  7810 | 7A8B92   8031122   +0.9573843
  7811 | 7A92D2   8032978   +0.9576056
  7812 | 7A9A0D   8034829   +0.9578263
  7813 | 7AA144   8036676   +0.9580464
  7814 | 7AA875   8038517   +0.9582659
  7815 | 7AAFA2   8040354   +0.9584849
  7816 | 7AB6CB   8042187   +0.9587034
  7817 | 7ABDEE   8044014   +0.9589212
  7818 | 7AC50D   8045837   +0.9591385
  7819 | 7ACC27   8047655   +0.9593552
  7820 | 7AD33C   8049468   +0.9595714
  7821 | 7ADA4D   8051277   +0.9597870
  7822 | 7AE159   8053081   +0.9600021
  7823 | 7AE860   8054880   +0.9602165
  7824 | 7AEF62   8056674   +0.9604304
  7825 | 7AF660   8058464   +0.9606438
  7826 | 7AFD59   8060249   +0.9608566
  7827 | 7B044D   8062029   +0.9610687
  7828 | 7B0B3C   8063804   +0.9612803
  7829 | 7B1227   8065575   +0.9614915
  7830 | 7B190D   8067341   +0.9617020
  7831 | 7B1FEE   8069102   +0.9619119
  7832 | 7B26CA   8070858   +0.9621212
  7833 | 7B2DA2   8072610   +0.9623301
  7834 | 7B3475   8074357   +0.9625384
  7835 | 7B3B43   8076099   +0.9627460
  7836 | 7B420D   8077837   +0.9629532
  7837 | 7B48D1   8079569   +0.9631597
  7838 | 7B4F91   8081297   +0.9633657
  7839 | 7B564C   8083020   +0.9635711
  7840 | 7B5D03   8084739   +0.9637760
  7841 | 7B63B4   8086452   +0.9639802
  7842 | 7B6A61   8088161   +0.9641839
  7843 | 7B7109   8089865   +0.9643871
  7844 | 7B77AD   8091565   +0.9645897
  7845 | 7B7E4B   8093259   +0.9647917
  7846 | 7B84E5   8094949   +0.9649931
  7847 | 7B8B7A   8096634   +0.9651940
  7848 | 7B920B   8098315   +0.9653944
  7849 | 7B9896   8099990   +0.9655941
  7850 | 7B9F1D   8101661   +0.9657933
  7851 | 7BA59F   8103327   +0.9659919
  7852 | 7BAC1C   8104988   +0.9661899
  7853 | 7BB295   8106645   +0.9663874
  7854 | 7BB908   8108296   +0.9665842
  7855 | 7BBF77   8109943   +0.9667805
  7856 | 7BC5E2   8111586   +0.9669764
  7857 | 7BCC47   8113223   +0.9671715
  7858 | 7BD2A8   8114856   +0.9673662
  7859 | 7BD904   8116484   +0.9675603
  7860 | 7BDF5B   8118107   +0.9677538
  7861 | 7BE5AD   8119725   +0.9679466
  7862 | 7BEBFA   8121338   +0.9681389
  7863 | 7BF243   8122947   +0.9683307
  7864 | 7BF887   8124551   +0.9685220
  7865 | 7BFEC6   8126150   +0.9687126
  7866 | 7C0501   8127745   +0.9689027
  7867 | 7C0B36   8129334   +0.9690921
  7868 | 7C1167   8130919   +0.9692811
  7869 | 7C1793   8132499   +0.9694694
  7870 | 7C1DBB   8134075   +0.9696573
  7871 | 7C23DD   8135645   +0.9698445
  7872 | 7C29FB   8137211   +0.9700311
  7873 | 7C3014   8138772   +0.9702172
  7874 | 7C3628   8140328   +0.9704027
  7875 | 7C3C37   8141879   +0.9705876
  7876 | 7C4242   8143426   +0.9707720
  7877 | 7C4848   8144968   +0.9709558
  7878 | 7C4E49   8146505   +0.9711391
  7879 | 7C5445   8148037   +0.9713217
  7880 | 7C5A3C   8149564   +0.9715037
  7881 | 7C602F   8151087   +0.9716853
  7882 | 7C661D   8152605   +0.9718663
  7883 | 7C6C06   8154118   +0.9720466
  7884 | 7C71EA   8155626   +0.9722264
  7885 | 7C77C9   8157129   +0.9724056
  7886 | 7C7DA4   8158628   +0.9725842
  7887 | 7C837A   8160122   +0.9727623
  7888 | 7C894B   8161611   +0.9729398
  7889 | 7C8F17   8163095   +0.9731168
  7890 | 7C94DF   8164575   +0.9732932
  7891 | 7C9AA1   8166049   +0.9734689
  7892 | 7CA05F   8167519   +0.9736441
  7893 | 7CA618   8168984   +0.9738188
  7894 | 7CABCC   8170444   +0.9739928
  7895 | 7CB17C   8171900   +0.9741664
  7896 | 7CB726   8173350   +0.9743392
  7897 | 7CBCCC   8174796   +0.9745116
  7898 | 7CC26D   8176237   +0.9746834
  7899 | 7CC809   8177673   +0.9748546
  7900 | 7CCDA0   8179104   +0.9750252
  7901 | 7CD333   8180531   +0.9751953
  7902 | 7CD8C1   8181953   +0.9753648
  7903 | 7CDE4A   8183370   +0.9755337
  7904 | 7CE3CE   8184782   +0.9757020
  7905 | 7CE94D   8186189   +0.9758698
  7906 | 7CEEC7   8187591   +0.9760369
  7907 | 7CF43D   8188989   +0.9762036
  7908 | 7CF9AE   8190382   +0.9763696
  7909 | 7CFF1A   8191770   +0.9765351
  7910 | 7D0481   8193153   +0.9766999
  7911 | 7D09E4   8194532   +0.9768643
  7912 | 7D0F41   8195905   +0.9770280
  7913 | 7D149A   8197274   +0.9771912
  7914 | 7D19EE   8198638   +0.9773538
  7915 | 7D1F3D   8199997   +0.9775158
  7916 | 7D2487   8201351   +0.9776772
  7917 | 7D29CD   8202701   +0.9778382
  7918 | 7D2F0D   8204045   +0.9779984
  7919 | 7D3449   8205385   +0.9781581
  7920 | 7D3980   8206720   +0.9783173
  7921 | 7D3EB2   8208050   +0.9784758
  7922 | 7D43DF   8209375   +0.9786338
  7923 | 7D4908   8210696   +0.9787912
  7924 | 7D4E2C   8212012   +0.9789481
  7925 | 7D534A   8213322   +0.9791043
  7926 | 7D5864   8214628   +0.9792600
  7927 | 7D5D79   8215929   +0.9794151
  7928 | 7D628A   8217226   +0.9795697
  7929 | 7D6795   8218517   +0.9797236
  7930 | 7D6C9C   8219804   +0.9798770
  7931 | 7D719E   8221086   +0.9800298
  7932 | 7D769B   8222363   +0.9801821
  7933 | 7D7B93   8223635   +0.9803337
  7934 | 7D8086   8224902   +0.9804847
  7935 | 7D8575   8226165   +0.9806353
  7936 | 7D8A5E   8227422   +0.9807851
  7937 | 7D8F43   8228675   +0.9809345
  7938 | 7D9423   8229923   +0.9810833
  7939 | 7D98FE   8231166   +0.9812315
  7940 | 7D9DD4   8232404   +0.9813790
  7941 | 7DA2A6   8233638   +0.9815261
  7942 | 7DA772   8234866   +0.9816725
  7943 | 7DAC3A   8236090   +0.9818184
  7944 | 7DB0FD   8237309   +0.9819638
  7945 | 7DB5BB   8238523   +0.9821085
  7946 | 7DBA74   8239732   +0.9822526
  7947 | 7DBF29   8240937   +0.9823962
  7948 | 7DC3D8   8242136   +0.9825392
  7949 | 7DC883   8243331   +0.9826816
  7950 | 7DCD29   8244521   +0.9828235
  7951 | 7DD1C9   8245705   +0.9829646
  7952 | 7DD666   8246886   +0.9831054
  7953 | 7DDAFD   8248061   +0.9832455
  7954 | 7DDF8F   8249231   +0.9833850
  7955 | 7DE41D   8250397   +0.9835240
  7956 | 7DE8A5   8251557   +0.9836622
  7957 | 7DED29   8252713   +0.9838001
  7958 | 7DF1A8   8253864   +0.9839373
  7959 | 7DF622   8255010   +0.9840739
  7960 | 7DFA98   8256152   +0.9842100
  7961 | 7DFF08   8257288   +0.9843454
  7962 | 7E0374   8258420   +0.9844804
  7963 | 7E07DA   8259546   +0.9846146
  7964 | 7E0C3C   8260668   +0.9847484
  7965 | 7E1099   8261785   +0.9848815
  7966 | 7E14F1   8262897   +0.9850141
  7967 | 7E1945   8264005   +0.9851462
  7968 | 7E1D93   8265107   +0.9852775
  7969 | 7E21DC   8266204   +0.9854083
  7970 | 7E2621   8267297   +0.9855386
  7971 | 7E2A61   8268385   +0.9856683
  7972 | 7E2E9C   8269468   +0.9857974
  7973 | 7E32D2   8270546   +0.9859259
  7974 | 7E3703   8271619   +0.9860538
  7975 | 7E3B30   8272688   +0.9861813
  7976 | 7E3F57   8273751   +0.9863080
  7977 | 7E437A   8274810   +0.9864342
  7978 | 7E4797   8275863   +0.9865597
  7979 | 7E4BB0   8276912   +0.9866848
  7980 | 7E4FC4   8277956   +0.9868093
  7981 | 7E53D3   8278995   +0.9869331
  7982 | 7E57DE   8280030   +0.9870565
  7983 | 7E5BE3   8281059   +0.9871792
  7984 | 7E5FE4   8282084   +0.9873013
  7985 | 7E63DF   8283103   +0.9874228
  7986 | 7E67D6   8284118   +0.9875438
  7987 | 7E6BC8   8285128   +0.9876642
  7988 | 7E6FB5   8286133   +0.9877840
  7989 | 7E739D   8287133   +0.9879032
  7990 | 7E7780   8288128   +0.9880219
  7991 | 7E7B5F   8289119   +0.9881400
  7992 | 7E7F38   8290104   +0.9882574
  7993 | 7E830D   8291085   +0.9883744
  7994 | 7E86DD   8292061   +0.9884907
  7995 | 7E8AA8   8293032   +0.9886065
  7996 | 7E8E6E   8293998   +0.9887216
  7997 | 7E922F   8294959   +0.9888362
  7998 | 7E95EB   8295915   +0.9889501
  7999 | 7E99A2   8296866   +0.9890635
  8000 | 7E9D55   8297813   +0.9891764
  8001 | 7EA103   8298755   +0.9892887
  8002 | 7EA4AB   8299691   +0.9894003
  8003 | 7EA84F   8300623   +0.9895114
  8004 | 7EABEE   8301550   +0.9896219
  8005 | 7EAF88   8302472   +0.9897318
  8006 | 7EB31D   8303389   +0.9898411
  8007 | 7EB6AE   8304302   +0.9899499
  8008 | 7EBA39   8305209   +0.9900581
  8009 | 7EBDC0   8306112   +0.9901657
  8010 | 7EC141   8307009   +0.9902726
  8011 | 7EC4BE   8307902   +0.9903791
  8012 | 7EC836   8308790   +0.9904850
  8013 | 7ECBA9   8309673   +0.9905902
  8014 | 7ECF17   8310551   +0.9906949
  8015 | 7ED280   8311424   +0.9907990
  8016 | 7ED5E5   8312293   +0.9909025
  8017 | 7ED944   8313156   +0.9910054
  8018 | 7EDC9F   8314015   +0.9911078
  8019 | 7EDFF4   8314868   +0.9912095
  8020 | 7EE345   8315717   +0.9913107
  8021 | 7EE691   8316561   +0.9914113
  8022 | 7EE9D8   8317400   +0.9915113
  8023 | 7EED1A   8318234   +0.9916108
  8024 | 7EF057   8319063   +0.9917096
  8025 | 7EF390   8319888   +0.9918079
  8026 | 7EF6C3   8320707   +0.9919056
  8027 | 7EF9F2   8321522   +0.9920027
  8028 | 7EFD1B   8322331   +0.9920992
  8029 | 7F0040   8323136   +0.9921951
  8030 | 7F0360   8323936   +0.9922905
  8031 | 7F067B   8324731   +0.9923853
  8032 | 7F0991   8325521   +0.9924794
  8033 | 7F0CA2   8326306   +0.9925730
  8034 | 7F0FAE   8327086   +0.9926660
  8035 | 7F12B5   8327861   +0.9927584
  8036 | 7F15B8   8328632   +0.9928503
  8037 | 7F18B5   8329397   +0.9929415
  8038 | 7F1BAE   8330158   +0.9930322
  8039 | 7F1EA2   8330914   +0.9931223
  8040 | 7F2191   8331665   +0.9932119
  8041 | 7F247B   8332411   +0.9933008
  8042 | 7F2760   8333152   +0.9933891
  8043 | 7F2A40   8333888   +0.9934769
  8044 | 7F2D1B   8334619   +0.9935640
  8045 | 7F2FF1   8335345   +0.9936506
  8046 | 7F32C3   8336067   +0.9937366
  8047 | 7F358F   8336783   +0.9938220
  8048 | 7F3857   8337495   +0.9939069
  8049 | 7F3B1A   8338202   +0.9939911
  8050 | 7F3DD7   8338903   +0.9940747
  8051 | 7F4090   8339600   +0.9941578
  8052 | 7F4344   8340292   +0.9942403
  8053 | 7F45F3   8340979   +0.9943222
  8054 | 7F489E   8341662   +0.9944036
  8055 | 7F4B43   8342339   +0.9944843
  8056 | 7F4DE3   8343011   +0.9945644
  8057 | 7F507F   8343679   +0.9946440
  8058 | 7F5315   8344341   +0.9947230
  8059 | 7F55A7   8344999   +0.9948014
  8060 | 7F5834   8345652   +0.9948792
  8061 | 7F5ABC   8346300   +0.9949565
  8062 | 7F5D3E   8346942   +0.9950330
  8063 | 7F5FBC   8347580   +0.9951091
  8064 | 7F6236   8348214   +0.9951847
  8065 | 7F64AA   8348842   +0.9952595
  8066 | 7F6719   8349465   +0.9953338
  8067 | 7F6983   8350083   +0.9954075
  8068 | 7F6BE9   8350697   +0.9954807
  8069 | 7F6E49   8351305   +0.9955531
  8070 | 7F70A5   8351909   +0.9956251
  8071 | 7F72FC   8352508   +0.9956965
  8072 | 7F754E   8353102   +0.9957674
  8073 | 7F779A   8353690   +0.9958375
  8074 | 7F79E2   8354274   +0.9959071
  8075 | 7F7C25   8354853   +0.9959761
  8076 | 7F7E64   8355428   +0.9960446
  8077 | 7F809D   8355997   +0.9961125
  8078 | 7F82D1   8356561   +0.9961797
  8079 | 7F8500   8357120   +0.9962463
  8080 | 7F872B   8357675   +0.9963125
  8081 | 7F8951   8358225   +0.9963781
  8082 | 7F8B71   8358769   +0.9964429
  8083 | 7F8D8D   8359309   +0.9965073
  8084 | 7F8FA4   8359844   +0.9965711
  8085 | 7F91B6   8360374   +0.9966342
  8086 | 7F93C3   8360899   +0.9966968
  8087 | 7F95CB   8361419   +0.9967588
  8088 | 7F97CE   8361934   +0.9968202
  8089 | 7F99CC   8362444   +0.9968810
  8090 | 7F9BC5   8362949   +0.9969412
  8091 | 7F9DBA   8363450   +0.9970009
  8092 | 7F9FA9   8363945   +0.9970599
  8093 | 7FA194   8364436   +0.9971185
  8094 | 7FA379   8364921   +0.9971763
  8095 | 7FA55A   8365402   +0.9972336
  8096 | 7FA736   8365878   +0.9972904
  8097 | 7FA90D   8366349   +0.9973465
  8098 | 7FAADE   8366814   +0.9974020
  8099 | 7FACAB   8367275   +0.9974569
  8100 | 7FAE74   8367732   +0.9975114
  8101 | 7FB037   8368183   +0.9975652
  8102 | 7FB1F5   8368629   +0.9976183
  8103 | 7FB3AE   8369070   +0.9976709
  8104 | 7FB563   8369507   +0.9977230
  8105 | 7FB712   8369938   +0.9977744
  8106 | 7FB8BD   8370365   +0.9978253
  8107 | 7FBA62   8370786   +0.9978755
  8108 | 7FBC03   8371203   +0.9979252
  8109 | 7FBD9F   8371615   +0.9979743
  8110 | 7FBF36   8372022   +0.9980228
  8111 | 7FC0C8   8372424   +0.9980707
  8112 | 7FC255   8372821   +0.9981180
  8113 | 7FC3DD   8373213   +0.9981648
  8114 | 7FC560   8373600   +0.9982109
  8115 | 7FC6DE   8373982   +0.9982564
  8116 | 7FC857   8374359   +0.9983014
  8117 | 7FC9CC   8374732   +0.9983459
  8118 | 7FCB3B   8375099   +0.9983896
  8119 | 7FCCA6   8375462   +0.9984329
  8120 | 7FCE0B   8375819   +0.9984754
  8121 | 7FCF6C   8376172   +0.9985175
  8122 | 7FD0C8   8376520   +0.9985590
  8123 | 7FD21E   8376862   +0.9985998
  8124 | 7FD370   8377200   +0.9986401
  8125 | 7FD4BD   8377533   +0.9986798
  8126 | 7FD605   8377861   +0.9987189
  8127 | 7FD748   8378184   +0.9987574
  8128 | 7FD887   8378503   +0.9987954
  8129 | 7FD9C0   8378816   +0.9988327
  8130 | 7FDAF4   8379124   +0.9988694
  8131 | 7FDC23   8379427   +0.9989055
  8132 | 7FDD4E   8379726   +0.9989412
  8133 | 7FDE73   8380019   +0.9989761
  8134 | 7FDF94   8380308   +0.9990106
  8135 | 7FE0B0   8380592   +0.9990444
  8136 | 7FE1C6   8380870   +0.9990776
  8137 | 7FE2D8   8381144   +0.9991102
  8138 | 7FE3E5   8381413   +0.9991423
  8139 | 7FE4ED   8381677   +0.9991738
  8140 | 7FE5F0   8381936   +0.9992046
  8141 | 7FE6EE   8382190   +0.9992349
  8142 | 7FE7E7   8382439   +0.9992646
  8143 | 7FE8DB   8382683   +0.9992937
  8144 | 7FE9CB   8382923   +0.9993223
  8145 | 7FEAB5   8383157   +0.9993502
  8146 | 7FEB9B   8383387   +0.9993776
  8147 | 7FEC7B   8383611   +0.9994043
  8148 | 7FED57   8383831   +0.9994305
  8149 | 7FEE2D   8384045   +0.9994560
  8150 | 7FEEFF   8384255   +0.9994811
  8151 | 7FEFCC   8384460   +0.9995055
  8152 | 7FF093   8384659   +0.9995292
  8153 | 7FF156   8384854   +0.9995525
  8154 | 7FF214   8385044   +0.9995751
  8155 | 7FF2CD   8385229   +0.9995972
  8156 | 7FF381   8385409   +0.9996186
  8157 | 7FF431   8385585   +0.9996396
  8158 | 7FF4DB   8385755   +0.9996599
  8159 | 7FF580   8385920   +0.9996796
  8160 | 7FF621   8386081   +0.9996988
  8161 | 7FF6BC   8386236   +0.9997172
  8162 | 7FF752   8386386   +0.9997351
  8163 | 7FF7E4   8386532   +0.9997525
  8164 | 7FF871   8386673   +0.9997693
  8165 | 7FF8F8   8386808   +0.9997854
  8166 | 7FF97B   8386939   +0.9998010
  8167 | 7FF9F9   8387065   +0.9998161
  8168 | 7FFA72   8387186   +0.9998305
  8169 | 7FFAE6   8387302   +0.9998443
  8170 | 7FFB55   8387413   +0.9998575
  8171 | 7FFBBF   8387519   +0.9998702
  8172 | 7FFC24   8387620   +0.9998822
  8173 | 7FFC84   8387716   +0.9998937
  8174 | 7FFCE0   8387808   +0.9999046
  8175 | 7FFD36   8387894   +0.9999149
  8176 | 7FFD87   8387975   +0.9999245
  8177 | 7FFDD4   8388052   +0.9999337
  8178 | 7FFE1B   8388123   +0.9999422
  8179 | 7FFE5E   8388190   +0.9999502
  8180 | 7FFE9C   8388252   +0.9999576
  8181 | 7FFED4   8388308   +0.9999642
  8182 | 7FFF08   8388360   +0.9999704
  8183 | 7FFF37   8388407   +0.9999760
  8184 | 7FFF61   8388449   +0.9999810
  8185 | 7FFF86   8388486   +0.9999855
  8186 | 7FFFA6   8388518   +0.9999893
  8187 | 7FFFC1   8388545   +0.9999925
  8188 | 7FFFD8   8388568   +0.9999952
  8189 | 7FFFE9   8388585   +0.9999973
  8190 | 7FFFF5   8388597   +0.9999987
  8191 | 7FFFFD   8388605   +0.9999996
