# FM-DYN m10 bit-exact vectors (OS 1.32, dsp_emu.py)
# format: SET <i> A=<pitch>
#         P <8 knob words 0..127>
#         B <32 signed output words>
#         S <state words: y-page(64) X5 Y5 X1E-3F(34)>
SET 0 A=11776
P 64 64 64 64 64 64 64 64
B 853 853 17052 17052 74007 74007 419382 419382 711802 711802 865464 865464 1014797 1014797 451173 451173 156211 156211 -858263 -858263 -755986 -755986 262569 262569 759124 759124 92613 92613 -915595 -915595 -324047 -324047
S 0 0 0 0 4194304 4194304 4194304 4194304 4194304 4194304 4194304 4194304 0 0 0 0 1355378 8388608 12620869 0 1353888 0 0 0 1354235 7612416 1093 12619776 9143879 5155862 1258 12673024 5661928 331573 1498509 15999498 278359 15999498 278359 16077048 16181196 1904455 15413876 2399620 0 8388606 0 0 0 0 0 0 0 0 0 0 0 0 0 0 0 0 0 0 1093 12619776 0 0 0 3415 48904 19305 371553 16701694 854346 823185 1011394 1835816 1932703 1529155 1907914 2151275 1077634 727060 580815 44031 15122752 14998630 15563091 14967399 507677 542599 1257808 1778690 16618358 529313 15091919 14800136 16077048 16181196
B 616552 616552 383996 383996 -791044 -791044 520613 520613 1077839 1077839 -444161 -444161 -769558 -769558 139169 139169 725688 725688 -1147256 -1147256 -124146 -124146 969906 969906 -129786 -129786 -974139 -974139 596736 596736 1080767 1080767
S 0 0 0 0 4194304 4194304 4194304 4194304 4194304 4194304 4194304 4194304 0 0 0 0 1357586 8388608 12620869 0 1356096 0 0 0 1357387 4462592 1093 12619776 4386874 10304997 16775635 14569472 3024075 810520 15944513 1748462 1638026 1748462 1638026 2180326 2142743 1582288 2514125 12683569 0 8388606 0 0 0 0 0 0 0 0 0 0 0 0 0 0 0 0 0 0 1093 12619776 16077048 16181196 924227 1541983 1206101 329883 14835180 15555077 1303588 778865 2138147 2173210 15844819 15932971 15332424 15143779 274650 282026 1650556 1252198 14362626 14602785 16537073 16520777 1941980 1937644 16446820 16588470 15067571 14590305 1215505 1171442 2180326 2142743
B -230917 -230917 -796202 -796202 406380 406380 1106570 1106570 -180498 -180498 -809552 -809552 -22454 -22454 791681 791681 -1045808 -1045808 -306331 -306331 969952 969952 36349 36349 -974087 -974087 326339 326339 1163816 1163816 -4130 -4130
S 0 0 0 0 4194304 4194304 4194304 4194304 4194304 4194304 4194304 4194304 0 0 0 0 1359794 8388608 12620869 0 1358304 0 0 0 1359614 14538752 1093 12619776 6559336 8395803 16775169 12693504 13899789 15073487 14953305 45939 16126379 45939 16126379 16697526 63171 15690797 2755590 13761253 0 8388606 0 0 0 0 0 0 0 0 0 0 0 0 0 0 0 0 0 0 1093 12619776 2180326 2142743 16230316 16400448 15248827 15120800 814888 810635 2340895 2085387 16272666 16559776 15330334 14985890 16682379 5024 1781980 1384746 14513214 14857988 16235945 16093163 1918847 1960961 57082 88314 15042108 14615977 677828 627531 2342284 2312981 16697526 63171
B -802387 -802387 88215 88215 1173497 1173497 -10927 -10927 -796530 -796530 -158245 -158245 850141 850141 -940937 -940937 -555451 -555451 884071 884071 275556 275556 -917021 -917021 -32872 -32872 1165132 1165132 280081 280081 -730985 -730985
S 0 0 0 0 4194304 4194304 4194304 4194304 4194304 4194304 4194304 4194304 0 0 0 0 1353810 8388608 12620869 0 1352320 0 0 0 1352809 10078208 1093 12619776 10784476 7735207 1888 8024064 14756354 15723597 255199 15005510 14734548 15005510 14734548 15456754 15173738 140097 12948904 1325684 0 8388606 0 0 0 0 0 0 0 0 0 0 0 0 0 0 0 0 0 0 1093 12619776 16697526 63171 15278456 15066431 204363 148497 2434508 2259482 16628861 104647 15353352 15014961 16410499 16510954 1866109 1534458 14729546 15061141 15776279 15556352 1733296 1802989 601218 501006 15104712 14781639 16742091 16680855 2328976 2331553 519662 600662 15456754 15173738
B -297196 -297196 1171827 1171827 251560 251560 -747930 -747930 -356543 -356543 896378 896378 -713884 -713884 -883243 -883243 719055 719055 495558 495558 -777030 -777030 -363867 -363867 1093695 1093695 483627 483627 -619571 -619571 -557916 -557916
S 0 0 0 0 4194304 4194304 4194304 4194304 4194304 4194304 4194304 4194304 0 0 0 0 1356018 8388608 12620869 0 1354528 0 0 0 1354537 15271936 1093 12619776 11685030 8377200 2045 3604480 2253037 1290075 2097100 16285281 200578 16285281 200578 15736420 15586348 15568830 13709430 2421999 0 8388606 0 0 0 0 0 0 0 0 0 0 0 0 0 0 0 0 0 0 1093 12619776 15456754 15173738 16237233 16128416 2367969 2319339 409743 596498 15434210 15128504 16024282 16103981 1914389 1671123 15217030 15481867 15156597 14864866 1380752 1495468 1116211 866023 15311843 15134471 16087949 16011016 2161957 2212826 964192 970316 15688816 15387332 15736420 15586348
B 1106866 1106866 440592 440592 -702183 -702183 -483434 -483434 898987 898987 -473694 -473694 -1074547 -1074547 583151 583151 592397 592397 -699231 -699231 -467620 -467620 1068952 1068952 540343 540343 -573588 -573588 -616023 -616023 1084492 1084492
S 0 0 0 0 4194304 4194304 4194304 4194304 4194304 4194304 4194304 4194304 0 0 0 0 1358226 8388608 12620869 0 1356736 0 0 0 1356213 10721280 1093 12619776 7239415 10510083 16775685 15740928 103911 1692386 673845 2042012 2156417 2042012 2156417 2119625 2218345 177654 4246259 13178869 0 8388606 0 0 0 0 0 0 0 0 0 0 0 0 0 0 0 0 0 0 1093 12619776 15736420 15586348 2182639 2244828 820912 941457 15500022 15245679 15789746 15830950 1887739 1708211 15740695 15918961 14772992 14483255 1103508 1229096 1346152 1023438 15422646 15334865 15899070 15784885 2089452 2186357 1100285 1061089 15776554 15483528 15632627 15457716 2119625 2218345
B 453717 453717 -725518 -725518 -481147 -481147 908172 908172 -372575 -372575 -1085289 -1085289 595259 595259 574551 574551 -760774 -760774 -327828 -327828 1139838 1139838 445658 445658 -629376 -629376 -472994 -472994 1133744 1133744 245428 245428
S 0 0 0 0 4194304 4194304 4194304 4194304 4194304 4194304 4194304 4194304 0 0 0 0 1352242 8388608 12620869 0 1358944 0 0 0 1358768 10700800 1093 12619776 3319822 16391313 16777121 13176832 14672800 15710625 14713504 321738 16623422 321738 16623422 434049 547666 318097 3142096 16003739 0 8388606 0 0 0 0 0 0 0 0 0 0 0 0 0 0 0 0 0 0 1093 12619776 2119625 2218345 860171 954699 15434564 15217799 15811248 15818596 1901353 1731337 15966431 16097702 14715471 14497806 1143907 1237130 1288526 1009679 15307857 15203482 16200768 16042353 2220101 2339252 908242 874390 15658831 15378099 15923906 15738551 2247005 2287973 434049 547666
B -819653 -819653 -334979 -334979 940097 940097 -461523 -461523 -954907 -954907 731574 731574 453142 453142 -876416 -876416 4071 4071 1224313 1224313 147217 147217 -743070 -743070 -62653 -62653 1132925 1132925 -265599 -265599 -887542 -887542
S 0 0 0 0 4194304 4194304 4194304 4194304 4194304 4194304 4194304 4194304 0 0 0 0 1354450 8388608 12620869 0 1352960 0 0 0 1353696 4220928 1093 12619776 8725037 5410690 1320 16261120 1786015 15882342 908635 14970928 14933753 14970928 14933753 15076557 14927710 1007615 13475920 2875974 0 8388606 0 0 0 0 0 0 0 0 0 0 0 0 0 0 0 0 0 0 1093 12619776 434049 547666 15235314 15040509 16113631 16100886 1978128 1782261 15797923 15910417 14919799 14815005 1442475 1483824 992080 820490 15119186 14929582 109343 16684157 2385696 2511559 293648 295221 15397706 15184447 16748825 16554997 2321394 2210308 16173062 16318977 15076557 14927710
B 20393 20393 892643 892643 -769714 -769714 -682453 -682453 854502 854502 318206 318206 -920968 -920968 260071 260071 1207753 1207753 -159063 -159063 -755274 -755274 319139 319139 970021 970021 -724334 -724334 -793074 -793074 338518 338518
S 0 0 0 0 4194304 4194304 4194304 4194304 4194304 4194304 4194304 4194304 0 0 0 0 1356658 8388608 12620869 0 1355168 0 0 0 1356538 16721920 1093 12619776 15428739 7923919 1934 9236480 2573870 1971001 511708 1082535 1715877 1082535 1715877 681921 672152 16566453 13869847 2715820 0 8388606 0 0 0 0 0 0 0 0 0 0 0 0 0 0 0 0 0 0 1093 12619776 15076557 14927710 51276 30297 1884882 1685690 15212277 15263301 15417799 15406821 1707175 1710835 681653 591174 15057628 14812934 636135 404150 2350508 2480507 16444974 16473208 15328554 15204785 726740 549817 2062088 1817998 15253652 15403447 15235003 15147133 681921 672152
B 729692 729692 -1007233 -1007233 -532719 -532719 764581 764581 473309 473309 -849516 -849516 50359 50359 1233189 1233189 -88178 -88178 -768482 -768482 300889 300889 962199 962199 -733444 -733444 -804946 -804946 327013 327013 769891 769891
S 0 0 0 0 4194304 4194304 4194304 4194304 4194304 4194304 4194304 4194304 0 0 0 0 1358866 8388608 12620869 0 1357376 0 0 0 1358335 10430464 1093 12619776 8382314 13068954 16776310 11116544 13303400 15877294 14830400 1328439 301066 1328439 301066 1599191 1480376 15366412 2457395 13084032 0 8388606 0 0 0 0 0 0 0 0 0 0 0 0 0 0 0 0 0 0 1093 12619776 681921 672152 1535846 1382922 14778052 14747448 15706418 15717140 1542605 1515721 1000489 892748 15179275 14977094 206427 16772227 2382210 2550546 16617856 16583866 15281386 15199119 717100 486458 2021351 1827447 15265239 15355417 15182232 15152419 680347 627708 1599191 1480376
B -924972 -924972 -749618 -749618 497885 497885 722775 722775 -615875 -615875 -356777 -356777 1209414 1209414 147113 147113 -795935 -795935 153441 153441 1020661 1020661 -571786 -571786 -880985 -880985 195654 195654 889189 889189 -667076 -667076
S 0 0 0 0 4194304 4194304 4194304 4194304 4194304 4194304 4194304 4194304 0 0 0 0 1352882 8388608 12620869 0 1351392 0 0 0 1359329 15636480 1093 12619776 16073523 8140328 1987 6455296 13796190 14681001 15024513 15151441 14941348 15151441 14941348 15494065 15392063 15745035 1029917 1101773 0 8388606 0 0 0 0 0 0 0 0 0 0 0 0 0 0 0 0 0 0 1093 12619776 1599191 1480376 14967841 14886704 15239505 15316456 1049785 941758 1506032 1385071 15606366 15484569 16118988 16008336 2330341 2507315 351062 237393 15212478 15158217 462176 151591 2078084 2004563 15630290 15637001 14998055 15032437 456960 325658 1829984 1726775 15494065 15392063
B -1004317 -1004317 132178 132178 850760 850760 -266707 -266707 -699687 -699687 1094052 1094052 442243 442243 -777865 -777865 -109291 -109291 1076148 1076148 -233795 -233795 -958243 -958243 -44522 -44522 1001911 1001911 -197327 -197327 -1143639 -1143639
S 0 0 0 0 4194304 4194304 4194304 4194304 4194304 4194304 4194304 4194304 0 0 0 0 1355090 8388608 12620869 0 1353600 0 0 0 1352575 8108032 1093 12619776 8567180 1453146 354 12951552 4257382 15147194 16270821 14617169 14759940 14617169 14759940 14345437 14634440 553833 14711603 2372414 0 8388606 0 0 0 0 0 0 0 0 0 0 0 0 0 0 0 0 0 0 1093 12619776 15494065 15392063 14677138 14860026 374088 154627 1735208 1667833 16277139 16210466 15350822 15404864 2149751 2226458 957734 811240 15253792 15189182 16743756 16373515 2104819 2199776 16350952 16268302 14812740 14908723 26743 16572385 2058364 1949281 16425192 16339933 14345437 14634440
B -297058 -297058 794362 794362 171925 171925 -944102 -944102 854853 854853 758025 758025 -684952 -684952 -408557 -408557 1034277 1034277 210086 210086 -951711 -951711 -323245 -323245 985228 985228 327800 327800 -1086887 -1086887 -591720 -591720
S 0 0 0 0 4194304 4194304 4194304 4194304 4194304 4194304 4194304 4194304 0 0 0 0 1357298 8388608 12620869 0 1355808 0 0 0 1354491 1964032 1093 12619776 2713685 5425425 1324 9506816 3173092 596829 1978602 15673837 15946187 15673837 15946187 15785843 15401709 990950 899860 3373745 0 8388606 0 0 0 0 0 0 0 0 0 0 0 0 0 0 0 0 0 0 1093 12619776 14345437 14634440 16348654 16017547 1566618 1610832 363682 324020 14759398 15018626 1779419 1639995 1559629 1472474 15471105 15343522 16138465 15781740 1941420 2195691 491020 349326 14808072 14939518 16287356 15974097 2033007 1907906 673344 637859 14435376 14771508 15785843 15401709
B 597662 597662 512354 512354 -1008928 -1008928 596009 596009 983443 983443 -545272 -545272 -634983 -634983 893951 893951 604514 604514 -844681 -844681 -545988 -545988 834355 834355 687162 687162 -983012 -983012 -713135 -713135 451359 451359
S 0 0 0 0 4194304 4194304 4194304 4194304 4194304 4194304 4194304 4194304 0 0 0 0 1359506 8388608 12620869 0 1349824 0 0 0 1357318 13572096 1093 12619776 7545667 1039625 253 13668352 13100088 1949162 320199 1303189 1941393 1303189 1941393 812205 993234 1207665 2355740 14881197 0 8388606 0 0 0 0 0 0 0 0 0 0 0 0 0 0 0 0 0 0 1093 12619776 15785843 15401709 1120981 1269668 1039639 1009779 14555185 14963537 1381261 1002777 1944290 1989482 15798534 15574811 15637562 15376939 1618543 1957263 1278478 1139578 15028928 15146783 15851500 15518980 1733765 1603655 1353725 1394923 14656168 14966217 15532940 15168952 812205 993234
B 658391 658391 -983676 -983676 460784 460784 1092540 1092540 -432083 -432083 -752521 -752521 739527 739527 866997 866997 -697710 -697710 -680789 -680789 646050 646050 912688 912688 -863427 -863427 -793506 -793506 340388 340388 739958 739958
S 0 0 0 0 4194304 4194304 4194304 4194304 4194304 4194304 4194304 4194304 0 0 0 0 1353522 8388608 12620869 0 1352032 0 0 0 1359801 4573184 1093 12619776 12216190 5737517 1400 12767232 13777592 15008631 14936404 1073739 232970 1073739 232970 1489205 1470630 15630873 14089187 1455622 0 8388606 0 0 0 0 0 0 0 0 0 0 0 0 0 0 0 0 0 0 1093 12619776 812205 993234 1326529 1307038 14594847 15024882 1176148 666989 2116225 2253938 16049434 15776669 15357873 15186477 1289107 1669001 1792504 1675486 15335756 15427839 15574076 15257200 1349673 1234529 1770323 1880431 14915462 15185262 15351852 15028558 589163 772391 1489205 1470630
B -961130 -961130 254518 254518 1173538 1173538 -216688 -216688 -869580 -869580 495012 495012 1134022 1134022 -441702 -441702 -779296 -779296 354706 354706 1111742 1111742 -630542 -630542 -889259 -889259 156838 156838 839342 839342 -867961 -867961
S 0 0 0 0 4194304 4194304 4194304 4194304 4194304 4194304 4194304 4194304 0 0 0 0 1355730 8388608 12620869 0 1354240 0 0 0 1352843 5310464 1093 12619776 10348184 5291778 1291 15736832 2790506 16072016 586646 14678999 14712183 14678999 14712183 14900510 15182081 15831678 13978165 2468088 0 8388606 0 0 0 0 0 0 0 0 0 0 0 0 0 0 0 0 0 0 1093 12619776 1489205 1470630 14671885 15038029 775737 242337 2255082 2439070 16490320 16197362 15067459 15008655 784387 1195662 2303485 2232603 15876590 15911036 15342707 15094544 749305 669521 2125780 2321189 15419394 15612871 15123086 14874313 230638 396717 1675992 1681377 14900510 15182081
ENDSET
SET 1 A=8192
P 0 0 0 0 0 0 0 0
B 594 594 18468 18468 104699 104699 272163 272163 495051 495051 749912 749912 964023 964023 1042836 1042836 873646 873646 404943 404943 -275940 -275940 -879257 -879257 -1008810 -1008810 -444902 -444902 507667 507667 1036412 1036412
S 0 0 0 0 0 0 0 0 0 0 0 0 0 0 0 0 1351680 0 0 0 1351680 0 0 0 1356042 6258688 760 14614528 0 0 0 0 0 1699267 776464 2075622 2021571 2075622 2021571 2073272 2072377 0 0 0 0 8388607 16306569 0 0 0 0 0 0 0 0 0 0 0 0 0 0 0 0 0 760 14614528 0 0 0 2376 34038 39835 210445 208354 542708 545945 989309 990897 1499097 1500553 1927476 1928619 2086553 2084791 1748457 1746129 812323 807451 16226825 16223847 15019582 15017825 14758448 14760744 15886143 15888681 1014326 1016344 2073272 2072377
B 504666 504666 -629172 -629172 -1020615 -1020615 -159530 -159530 887231 887231 861765 861765 -213946 -213946 -1027192 -1027192 -594913 -594913 561393 561393 1034695 1034695 252365 252365 -837263 -837263 -909385 -909385 122346 122346 1005974 1005974
S 0 0 0 0 0 0 0 0 0 0 0 0 0 0 0 0 1351680 0 0 0 1351680 0 0 0 1355814 4161536 760 14614528 0 0 0 0 0 1903633 1103733 2058169 2096306 2058169 2096306 2012163 2011734 0 0 0 0 8388607 16306569 0 0 0 0 0 0 0 0 0 0 0 0 0 0 0 0 0 760 14614528 2073272 2072377 1008741 1009923 15515901 15521843 14738405 14733570 16456559 16459753 1774906 1774021 1723622 1723438 16349267 16349382 14723296 14722368 15586729 15588052 1123095 1122477 2068953 2069827 505377 504083 15102425 15102957 14958694 14958201 244165 245221 2012163 2011734
B 667458 667458 -481313 -481313 -1045850 -1045850 -339967 -339967 778567 778567 951749 951749 -31115 -31115 -976043 -976043 -735724 -735724 398223 398223 1048441 1048441 425438 425438 -714321 -714321 -986495 -986495 -60653 -60653 938896 938896
S 0 0 0 0 0 0 0 0 0 0 0 0 0 0 0 0 1351680 0 0 0 1351680 0 0 0 1355586 2064384 760 14614528 0 0 0 0 0 2027740 1397298 1956684 2074660 1956684 2074660 1877726 1877861 0 0 0 0 8388607 16306569 0 0 0 0 0 0 0 0 0 0 0 0 0 0 0 0 0 760 14614528 2012163 2011734 1334841 1334991 15814994 15814187 14685317 14685717 16097239 16097327 1556850 1557419 1903711 1903288 16715098 16714877 14825301 14824960 15305536 15306003 796315 796578 2096820 2096945 851126 850628 15348689 15348461 14804192 14804261 16655662 16656160 1877726 1877861
B 798140 798140 -311902 -311902 -1043179 -1043179 -507518 -507518 644486 644486 1013798 1013798 151861 151861 -894493 -894493 -854524 -854524 223251 223251 1029882 1029882 585757 585757 -569764 -569764 -1033316 -1033316 -241941 -241941 843269 843269
S 0 0 0 0 0 0 0 0 0 0 0 0 0 0 0 0 1351680 0 0 0 1351680 0 0 0 1355357 16744448 760 14614528 0 0 0 0 0 2089926 1648195 1795449 1989661 1795449 1989661 1686414 1686663 0 0 0 0 8388607 16306569 0 0 0 0 0 0 0 0 0 0 0 0 0 0 0 0 0 760 14614528 1877726 1877861 1596396 1596164 16153640 16153185 14690863 14690855 15762007 15762354 1288788 1289157 2027663 2027529 303926 303520 14988353 14988110 15068036 15068302 446299 446708 2059718 2059812 1171700 1171329 15637866 15637512 14710553 14710618 16293120 16293548 1686414 1686663
B 904345 904345 -132877 -132877 -1008729 -1008729 -659505 -659505 490667 490667 1044938 1044938 330157 330157 -785590 -785590 -947262 -947262 41491 41491 979851 979851 728209 728209 -407826 -407826 -1048567 -1048567 -415855 -415855 721902 721902
S 0 0 0 0 0 0 0 0 0 0 0 0 0 0 0 0 1351680 0 0 0 1351680 0 0 0 1355129 14647296 760 14614528 0 0 0 0 0 2088294 1848762 1579386 1843907 1579386 1843907 1443648 1443961 0 0 0 0 8388607 16306569 0 0 0 0 0 0 0 0 0 0 0 0 0 0 0 0 0 760 14614528 1686414 1686663 1808797 1808585 16511679 16511245 14759815 14759701 15458042 15458373 981141 981527 2089896 2089856 660518 660111 15206181 15205893 14882599 14882787 82768 83197 1959624 1959781 1456576 1456262 15961764 15961367 14680084 14680081 15945309 15945706 1443648 1443961
B 982926 982926 50213 50213 -943485 -943485 -791346 -791346 321859 321859 1044175 1044175 498366 498366 -652695 -652695 -1011077 -1011077 -141535 -141535 899897 899897 848427 848427 -233436 -233436 -1031798 -1031798 -577071 -577071 578492 578492
S 0 0 0 0 0 0 0 0 0 0 0 0 0 0 0 0 1351680 0 0 0 1351680 0 0 0 1354901 12550144 760 14614528 0 0 0 0 0 2022893 1992874 1315096 1641845 1315096 1641845 1156805 1157166 0 0 0 0 8388607 16306569 0 0 0 0 0 0 0 0 0 0 0 0 0 0 0 0 0 760 14614528 1443648 1443961 1965928 1965779 100643 100210 14890341 14890153 15194384 15194666 643512 643925 2088330 2088370 996924 996543 15471997 15471657 14755004 14755120 16493933 16494361 1799684 1799905 1696982 1696727 16310556 16310135 14713660 14713582 15622895 15623255 1156805 1157166
B 1031491 1031491 231771 231771 -849430 -849430 -899022 -899022 143223 143223 1011526 1011526 651357 651357 -499868 -499868 -1044019 -1044019 -320237 -320237 792462 792462 942737 942737 -51918 -51918 -983521 -983521 -720666 -720666 417417 417417
S 0 0 0 0 0 0 0 0 0 0 0 0 0 0 0 0 1351680 0 0 0 1351680 0 0 0 1354673 10452992 760 14614528 0 0 0 0 0 1895720 2076131 1010647 1389647 1010647 1389647 834637 835034 0 0 0 0 8388607 16306569 0 0 0 0 0 0 0 0 0 0 0 0 0 0 0 0 0 760 14614528 1156805 1157166 2063021 2062943 463753 463331 15078484 15078230 14979061 14979284 286232 286660 2022997 2023110 1302884 1302546 15777671 15777290 14689158 14689200 16136537 16136947 1584783 1585066 1885569 1885381 16673597 16673165 14810250 14810100 15335729 15336042 834637 835034
B 1048557 1048557 406251 406251 -729437 -729437 -979245 -979245 -39788 -39788 947990 947990 784458 784458 -331778 -331778 -1045080 -1045080 -489162 -489162 660829 660829 1008259 1008259 131185 131185 -905211 -905211 -842254 -842254 243596 243596
S 0 0 0 0 0 0 0 0 0 0 0 0 0 0 0 0 1351680 0 0 0 1351680 0 0 0 1354445 8355840 760 14614528 0 0 0 0 0 1710659 2095991 675337 1095014 675337 1095014 486984 487403 0 0 0 0 8388607 16306569 0 0 0 0 0 0 0 0 0 0 0 0 0 0 0 0 0 760 14614528 834637 835034 2097116 2097114 812703 812303 15318498 15318188 14818649 14818803 16697425 16697858 1895888 1896072 1569060 1568773 16113866 16113456 14687076 14687039 15798702 15799084 1321490 1321826 2016579 2016460 262586 262157 14966904 14966686 15092580 15092837 486984 487403
B 1033604 1033604 568327 568327 -587170 -587170 -1029566 -1029566 -221583 -221583 855505 855505 893604 893604 -153556 -153556 -1014227 -1014227 -643149 -643149 509016 509016 1042993 1042993 310283 310283 -799259 -799259 -938123 -938123 62337 62337
S 0 0 0 0 0 0 0 0 0 0 0 0 0 0 0 0 1351680 0 0 0 1351680 0 0 0 1354217 6258688 760 14614528 0 0 0 0 0 1473360 2051846 319403 766944 319403 766944 124458 124890 0 0 0 0 8388607 16306569 0 0 0 0 0 0 0 0 0 0 0 0 0 0 0 0 0 760 14614528 486984 487403 2067173 2067246 1136836 1136472 15603057 15602698 14718045 14718126 16333839 16334261 1710885 1711135 1787322 1787096 16470319 16469891 14748817 14748707 15490748 15491090 1017844 1018221 2086009 2085965 620773 620359 15178838 15178559 14900874 14901067 124458 124890
B 987089 987089 713047 713047 -426972 -426972 -1048447 -1048447 -396612 -396612 736896 736896 975463 975463 29355 29355 -952405 -952405 -777496 -777496 341659 341659 1045878 1045878 479905 479905 -668901 -668901 -1005345 -1005345 -120827 -120827
S 0 0 0 0 0 0 0 0 0 0 0 0 0 0 0 0 1351680 0 0 0 1351680 0 0 0 1353989 4161536 760 14614528 0 0 0 0 0 1191071 1945046 16730933 415454 16730933 415454 16535349 16535778 0 0 0 0 8388607 16306569 0 0 0 0 0 0 0 0 0 0 0 0 0 0 0 0 0 760 14614528 124458 124890 1974106 1974252 1426253 1425937 15923469 15923075 14680319 14680326 15983793 15984192 1473639 1473947 1951006 1950847 58927 58496 14872497 14872317 15222081 15222370 683115 683524 2091741 2091771 960002 959618 15439581 15439249 14766465 14766588 16535349 16535778
B 910432 910432 835994 835994 -253737 -253737 -1035312 -1035312 -559530 -559530 595785 595785 1027534 1027534 211369 211369 -861499 -861499 -888102 -888102 163870 163870 1016825 1016825 634872 634872 -518117 -518117 -1041868 -1041868 -300300 -300300
S 0 0 0 0 0 0 0 0 0 0 0 0 0 0 0 0 1351680 0 0 0 1351680 0 0 0 1353761 2064384 760 14614528 0 0 0 0 0 872410 1778851 16366661 51278 16366661 51278 16176410 16176824 0 0 0 0 8388607 16306569 0 0 0 0 0 0 0 0 0 0 0 0 0 0 0 0 0 760 14614528 16535349 16535778 1820758 1820971 1672120 1671858 16269952 16269533 14706626 14706558 15657975 15658339 1191393 1191749 2055113 2055026 422951 422528 15054343 15054095 15000898 15001128 327528 327954 2033597 2033703 1269918 1269573 15741171 15740796 14693456 14693506 16176410 16176824
B 805973 805973 933412 933412 -72753 -72753 -990564 -990564 -705362 -705362 436481 436481 1048229 1048229 386930 386930 -744286 -744286 -971588 -971588 -18924 -18924 956722 956722 770453 770453 -351511 -351511 -1046576 -1046576 -470604 -470604
S 0 0 0 0 0 0 0 0 0 0 0 0 0 0 0 0 1351680 0 0 0 1351680 0 0 0 1353532 16744448 760 14614528 0 0 0 0 0 527109 1558337 16014924 16462752 16014924 16462752 15835816 15836203 0 0 0 0 8388607 16306569 0 0 0 0 0 0 0 0 0 0 0 0 0 0 0 0 0 760 14614528 16176410 16176824 1611808 1612085 1866924 1866727 16631926 16631494 14796161 14796018 15366332 15366653 872766 873160 2096464 2096453 774061 773659 15288797 15288492 14833959 14834122 16739154 16739585 1913356 1913533 1541053 1540761 16074399 16073991 14684079 14684051 15835816 15836203
B 676903 676903 1002328 1002328 110452 110452 -915566 -915566 -829655 -829655 263848 263848 1036914 1036914 550675 550675 -604346 -604346 -1025405 -1025405 -201139 -201139 867404 867404 882507 882507 -174171 -174171 -1019325 -1019325 -626537 -626537
S 0 0 0 0 0 0 0 0 0 0 0 0 0 0 0 0 1351680 0 0 0 1351680 0 0 0 1353304 14647296 760 14614528 0 0 0 0 0 165712 1290236 15686465 16106612 15686465 16106612 15523970 15524317 0 0 0 0 8388607 16306569 0 0 0 0 0 0 0 0 0 0 0 0 0 0 0 0 0 760 14614528 15835816 15836203 1353641 1353972 2004720 2004593 221119 220690 14946190 14945979 15117775 15118039 527488 527907 2073796 2073861 1101535 1101165 15568701 15568350 14726362 14726451 16374726 16375151 1734687 1734930 1765131 1764899 16429087 16428661 14738617 14738516 15523970 15524317
B 527162 527162 1040636 1040636 290284 290284 -812611 -812611 -928613 -928613 83159 83159 993935 993935 697604 697604 -445951 -445951 -1047910 -1047910 -377213 -377213 751599 751599 967612 967612 8487 8487 -960948 -960948 -763337 -763337
S 0 0 0 0 0 0 0 0 0 0 0 0 0 0 0 0 1351680 0 0 0 1351680 0 0 0 1353076 12550144 760 14614528 0 0 0 0 0 16576471 982736 15391315 15770949 15391315 15770949 15250394 15250690 0 0 0 0 8388607 16306569 0 0 0 0 0 0 0 0 0 0 0 0 0 0 0 0 0 760 14614528 15523970 15524317 1054138 1054512 2081299 2081246 580776 580360 15152133 15151858 14919889 14920091 166105 166533 1987802 1987941 1395370 1395046 15885510 15885119 14681390 14681403 16022589 16022992 1503048 1503349 1935309 1935142 17190 16758 14855408 14855233 15250394 15250690
B 361324 361324 1047167 1047167 461252 461252 -684841 -684841 -999215 -999215 -100070 -100070 920606 920606 823230 823230 -273938 -273938 -1038417 -1038417 -541768 -541768 612842 612842 1023171 1023171 190885 190885 -873227 -873227 -876829 -876829
S 0 0 0 0 0 0 0 0 0 0 0 0 0 0 0 0 1351680 0 0 0 1351680 0 0 0 1352848 10452992 760 14614528 0 0 0 0 0 16216144 645227 15138484 15466016 15138484 15466016 15023440 15023677 0 0 0 0 8388607 16306569 0 0 0 0 0 0 0 0 0 0 0 0 0 0 0 0 0 760 14614528 15250394 15250690 722445 722851 2094323 2094345 922699 922310 15407698 15407371 14778721 14778852 16576862 16577291 1841110 1841316 1646594 1646327 16229550 16229132 14700413 14700353 15693496 15693867 1225511 1225860 2046389 2046295 381983 381557 15030883 15030644 15023440 15023677
B 184453 184453 1021720 1021720 618136 618136 -536160 -536160 -1039304 -1039304 -280243 -280243 819164 819164 923718 923718 -93560 -93560 -997213 -997213 -689779 -689779 455372 455372 1047485 1047485 367455 367455 -758841 -758841 -963545 -963545
S 0 0 0 0 0 0 0 0 0 0 0 0 0 0 0 0 1351680 0 0 0 1351680 0 0 0 1352620 8355840 760 14614528 0 0 0 0 0 15872950 288015 14935695 15201120 14935695 15201120 14850041 14850211 0 0 0 0 8388607 16306569 0 0 0 0 0 0 0 0 0 0 0 0 0 0 0 0 0 760 14614528 15023440 15023677 368693 369119 2043393 2043489 1236447 1236098 15705083 15704711 14698579 14698637 16216522 16216938 1638194 1638464 1847539 1847334 16590312 16589882 14782857 14782723 15397496 15397822 910549 910939 2094980 2094960 735112 734708 15259685 15259386 14850041 14850211
ENDSET
SET 2 A=4096
P 127 127 127 127 127 127 127 127
B 297 297 19953 19953 139901 139901 -62185 -62185 141159 141159 1201426 1201426 612298 612298 -61001 -61001 -1006845 -1006845 -625154 -625154 306591 306591 1101588 1101588 55603 55603 -867770 -867770 -1106635 -1106635 -931565 -931565
S 0 0 0 0 8323072 8323072 8323072 8323072 8323072 8323072 8323072 8323072 0 0 0 0 1358242 14666688 13282360 6989704 1359136 16582656 0 0 1358408 7979008 380 7307264 4076053 10140407 16774000 11543104 14908839 14841258 14719202 14802537 14758077 14802537 14758077 14668968 15159206 13517461 3260115 13450098 7633404 7896325 1849181 0 0 0 0 0 0 0 0 0 0 0 0 0 0 0 0 0 380 7307264 0 0 0 1188 17024 62790 84581 475024 27503 16500973 233451 331186 1788716 3016990 1416023 1033169 16593568 16716862 15413299 14113754 15309318 15744500 550716 675649 1555336 2851019 23441 198972 14705829 15377525 14916153 14211742 14668968 15159206
B -1023101 -1023101 -958846 -958846 -890274 -890274 -881376 -881376 -896658 -896658 -891278 -891278 -1027712 -1027712 -911992 -911992 -337600 -337600 1015780 1015780 1077859 1077859 868496 868496 872406 872406 -548808 -548808 -1094256 -1094256 -934024 -934024
S 0 0 0 0 8323072 8323072 8323072 8323072 8323072 8323072 8323072 8323072 0 0 0 0 1351856 3456192 13282360 6989704 1358401 16388096 0 0 1359228 4976640 380 7307264 10326376 8749820 16773326 16695552 2390263 14903391 16007877 14961754 14989521 14961754 14989521 14816072 15002266 12323381 13778044 13849883 7633404 7896325 1849181 0 0 0 0 0 0 0 0 0 0 0 0 0 0 0 0 0 380 7307264 14668968 15159206 14977177 14484854 14870030 14849018 15315032 14678307 15172186 14856745 14803494 15164306 14652229 15337093 14821583 14622003 14685971 15220496 16159221 16044812 2388856 1674267 1981458 2329981 1664035 1809952 1641813 1847811 15047038 16312164 14730456 14446955 14816072 15002266
B -667174 -667174 -566584 -566584 -700591 -700591 382374 382374 1194183 1194183 743352 743352 955892 955892 -72963 -72963 -1036709 -1036709 -724082 -724082 352239 352239 1046573 1046573 670843 670843 805968 805968 234725 234725 -601740 -601740
S 0 0 0 0 8323072 8323072 8323072 8323072 8323072 8323072 8323072 8323072 0 0 0 0 1353661 9022912 13282360 6989704 1349474 16193536 0 0 1356179 2572288 380 7307264 10313688 6605204 3200 6912 16480865 16723542 15523107 15570643 15339138 15570643 15339138 15542213 15605259 2529218 12822302 1144835 7633404 7896325 1849181 0 0 0 0 0 0 0 0 0 0 0 0 0 0 0 0 0 380 7307264 14816072 15002266 15281388 15604351 15724173 15563924 15919159 14832909 365177 1164319 2410690 2366043 1466264 1507146 1580711 2242860 355930 16129434 15085217 14322379 15440190 15217916 1419163 16767010 2006733 2179562 973665 1709708 1263552 1960323 16767192 948927 15542213 15605259
B -381630 -381630 -598768 -598768 -769822 -769822 -325259 -325259 -891044 -891044 -681867 -681867 -483129 -483129 -663530 -663530 483544 483544 1212273 1212273 589678 589678 -245091 -245091 -790324 -790324 -339333 -339333 -662615 -662615 -926438 -926438
S 0 0 0 0 8323072 8323072 8323072 8323072 8323072 8323072 8323072 8323072 0 0 0 0 1355466 14589632 13282360 6989704 1356931 15998976 0 0 1357805 5165056 380 7307264 4058669 9301744 16773594 6439936 14255376 15795833 15283448 15003091 14874712 15003091 14874712 14982784 14865898 1299361 2933384 14376102 7633404 7896325 1849181 0 0 0 0 0 0 0 0 0 0 0 0 0 0 0 0 0 380 7307264 15542213 15605259 16764327 15263586 15838912 15320451 14901405 15573741 15739455 16513942 15002758 14987500 15276727 15550240 15974409 15647508 16079635 14820679 571273 1362904 2385431 2463664 1173419 1185293 15709748 87107 15291191 15101948 16637628 15559472 15596868 15307105 14982784 14865898
B -701528 -701528 -943929 -943929 -732849 -732849 433951 433951 817052 817052 620629 620629 -271828 -271828 -277105 -277105 -174350 -174350 -890517 -890517 -18541 -18541 149211 149211 -146874 -146874 798102 798102 199061 199061 525025 525025
S 0 0 0 0 8323072 8323072 8323072 8323072 8323072 8323072 8323072 8323072 0 0 0 0 1357272 3379136 13282360 6989704 1356196 15804416 0 0 1355397 1417216 380 7307264 7965652 8388545 4063 16265152 14327383 1768263 1837099 1113856 1848710 1113856 1848710 650206 1449895 14223422 2969387 4561076 7633404 7896325 1849181 0 0 0 0 0 0 0 0 0 0 0 0 0 0 0 0 0 380 7307264 14982784 14865898 15612713 15135608 14584852 15193865 15351368 15271669 1567973 167834 1896306 1371904 1642888 839629 16497820 15969303 15788373 16657639 15923567 156250 14953681 15038686 16359939 343113 643586 16730476 338206 15851517 1447637 1744773 16663413 910049 650206 1449895
B 990622 990622 351348 351348 417829 417829 -316989 -316989 -1102312 -1102312 -743148 -743148 298410 298410 1086089 1086089 677508 677508 611491 611491 861450 861450 280735 280735 -53243 -53243 -278154 -278154 -996549 -996549 -1027815 -1027815
S 0 0 0 0 8323072 8323072 8323072 8323072 8323072 8323072 8323072 8323072 0 0 0 0 1359077 8945856 13282360 6989704 1363653 15609856 0 0 1352005 16400384 380 7307264 15666657 15191193 16776447 10484160 3001364 14742815 14948238 14881883 14726671 14881883 14726671 14779071 14664103 15300509 14503561 2229750 7633404 7896325 1849181 0 0 0 0 0 0 0 0 0 0 0 0 0 0 0 0 0 380 7307264 650206 1449895 1931691 2030798 415294 990099 1541800 129518 16429652 15856826 14336976 14808210 15572281 15009560 273611 920029 1809779 2534579 1971663 738370 1544004 901962 2081878 1363925 853457 269483 16488076 76168 15417065 247538 14944187 14624051 14779071 14664103
B -731288 -731288 316451 316451 1012536 1012536 571367 571367 816678 816678 262439 262439 -164318 -164318 282792 282792 -416566 -416566 -552135 -552135 -247047 -247047 -931814 -931814 -464572 -464572 -339710 -339710 -868978 -868978 121286 121286
S 0 0 0 0 8323072 8323072 8323072 8323072 8323072 8323072 8323072 8323072 0 0 0 0 1352690 14512576 13282360 6989704 1354726 15415296 0 0 1353731 6320128 380 7307264 8400542 8266204 4004 11733248 3962613 1353538 2094357 16685744 1758877 16685744 1758877 16421282 841078 1657381 14564218 2466027 7633404 7896325 1849181 0 0 0 0 0 0 0 0 0 0 0 0 0 0 0 0 0 380 7307264 14779071 14664103 15567010 15062273 1231558 34247 1988906 2061239 547259 1738211 1385492 1881222 37400 1012356 16411820 16485341 1157087 16751300 16378777 15509393 15308618 16037275 15805360 16760884 14743119 15084060 15677179 16018968 16311191 15884402 15485445 14593077 16421282 841078
B 1141422 1141422 700780 700780 -275941 -275941 -508502 -508502 327698 327698 -447287 -447287 -855353 -855353 -196999 -196999 -641865 -641865 -293302 -293302 479385 479385 653948 653948 843955 843955 -173405 -173405 -73868 -73868 138158 138158
S 0 0 0 0 8323072 8323072 8323072 8323072 8323072 8323072 8323072 8323072 0 0 0 0 1354496 3302080 13282360 6989704 1353991 15220736 0 0 1357912 7442432 380 7307264 14787544 10527219 16774188 1434432 13846070 15852551 14690576 16518463 16681982 16518463 16681982 16376906 952945 3328843 16337438 12769031 7633404 7896325 1849181 0 0 0 0 0 0 0 0 0 0 0 0 0 0 0 0 0 380 7307264 16421282 841078 2041367 2524322 1362848 1440274 15536433 137022 15926882 15593542 1246410 64385 16170205 15595079 15255036 14877986 16565759 16200678 14905723 16081252 16009360 16371866 1368000 549540 1729886 885907 1967618 1408204 16748457 16112356 16320068 161677 16376906 952945
B -820262 -820262 -968638 -968638 -469926 -469926 -353856 -353856 -24569 -24569 -455541 -455541 156000 156000 1058273 1058273 710475 710475 661532 661532 255750 255750 -1084848 -1084848 -541247 -541247 645021 645021 963474 963474 492167 492167
S 0 0 0 0 8323072 8323072 8323072 8323072 8323072 8323072 8323072 8323072 0 0 0 0 1356301 8868800 13282360 6989704 1353256 15026176 0 0 1355764 6201344 380 7307264 7640290 8314868 4028 4621056 13816728 1265798 1565547 843358 1907312 843358 1907312 1113820 854850 4376529 2714059 2504743 7633404 7896325 1849181 0 0 0 0 0 0 0 0 0 0 0 0 0 0 0 0 0 380 7307264 16376906 952945 15519268 14754118 14528759 15151122 15915739 15758992 16745261 15393748 9713 16669230 15186952 16545319 61621 562381 2359471 1873621 1092264 1749639 1883763 762367 651146 371855 14211639 15003403 16324747 15064697 1092398 1487688 1969329 1884570 1113820 854850
B 709550 709550 -490536 -490536 -1256052 -1256052 -837251 -837251 -1089786 -1089786 -877841 -877841 -980537 -980537 -480030 -480030 756660 756660 1082499 1082499 682604 682604 792749 792749 -512578 -512578 -1219751 -1219751 -733680 -733680 -377279 -377279
S 0 0 0 0 8323072 8323072 8323072 8323072 8323072 8323072 8323072 8323072 0 0 0 0 1358106 14435520 13282360 6989704 1352521 14831616 0 0 1359645 3244032 380 7307264 4817364 12475652 16775132 605952 2256328 16640794 15334674 15835748 55814 15835748 55814 15631599 16413719 14425973 2991420 13710350 7633404 7896325 1849181 0 0 0 0 0 0 0 0 0 0 0 0 0 0 0 0 0 380 7307264 1113820 854850 730449 2107754 16262804 15329484 14224396 14305829 15109748 15095680 14741955 14453333 14984020 15059050 14628611 15003675 15933240 15701072 2071905 954738 2009518 2320481 959712 1770705 1454037 1716961 15219442 16284681 14434457 14240973 15003841 15615874 15631599 16413719
B -135981 -135981 -375392 -375392 754167 754167 1057098 1057098 742609 742609 876339 876339 -175590 -175590 -1141193 -1141193 -658731 -658731 429375 429375 1118938 1118938 846861 846861 871088 871088 -20538 -20538 -557819 -557819 176228 176228
S 0 0 0 0 8323072 8323072 8323072 8323072 8323072 8323072 8323072 8323072 0 0 0 0 1351720 3225024 13282360 6989704 1351786 14637056 0 0 1355901 16388096 380 7307264 10919845 2904647 1407 3427904 2209161 689513 16001135 1199175 16585054 1199175 16585054 1083297 16398833 12491799 13687492 16120223 7633404 7896325 1849181 0 0 0 0 0 0 0 0 0 0 0 0 0 0 0 0 0 380 7307264 15631599 16413719 105862 16127433 16576271 15476593 1130251 1886419 2243439 1984954 1483120 1487316 1424692 2080665 201988 15872871 14731029 14258634 15422477 15497031 1451807 265695 2167452 2308301 1428565 1958882 1532615 1951739 16299249 395818 15643452 15679704 1083297 16398833
B 17542 17542 -105112 -105112 44882 44882 -887083 -887083 -1029567 -1029567 -908414 -908414 -1011601 -1011601 -626268 -626268 264165 264165 827960 827960 326707 326707 -507068 -507068 -137622 -137622 -517434 -517434 -1009345 -1009345 -723473 -723473
S 0 0 0 0 8323072 8323072 8323072 8323072 8323072 8323072 8323072 8323072 0 0 0 0 1353525 8791744 13282360 6989704 1351051 14442496 0 0 1358978 4513792 380 7307264 9792021 6854691 3320 14571328 457025 14744105 15387268 15595224 15566724 15595224 15566724 15579927 15080615 3519416 12811425 912315 7633404 7896325 1849181 0 0 0 0 0 0 0 0 0 0 0 0 0 0 0 0 0 380 7307264 1083297 16398833 441520 16405865 16240195 116573 16282971 673776 15279904 14726199 14614626 14821540 14718489 15202289 14788393 14719635 15020840 16028523 132214 924449 1432158 1879685 158925 1147905 15612667 15913496 486841 15739887 15834133 15650563 14593685 14923367 15579927 15080615
B -715927 -715927 -112240 -112240 1206630 1206630 851753 851753 215593 215593 -725897 -725897 -746186 -746186 -834288 -834288 -672124 -672124 400610 400610 398739 398739 241052 241052 585292 585292 146813 146813 408724 408724 1140866 1140866
S 0 0 0 0 8323072 8323072 8323072 8323072 8323072 8323072 8323072 8323072 0 0 0 0 1355330 14358464 13282360 6989704 1358508 14247936 0 0 1353836 4038656 380 7307264 3272129 13419029 16775589 1186496 14058707 1332805 1739430 2138896 2078839 2138896 2078839 2431125 2132342 1951919 2835049 477908 7633404 7896325 1849181 0 0 0 0 0 0 0 0 0 0 0 0 0 0 0 0 0 380 7307264 15579927 15080615 14826806 15863919 16449330 16656144 2641159 2185363 1628685 1778329 764498 97876 15922052 14728795 14838175 15731516 14871097 15346184 15111273 15754663 499449 1102991 1122713 472244 1022893 16718532 1095449 1245719 16385221 979250 459477 1175419 2431125 2132342
B 744161 744161 939791 939791 459693 459693 -732070 -732070 -1080117 -1080117 -241820 -241820 722459 722459 798888 798888 696736 696736 688009 688009 -493483 -493483 -852717 -852717 -816471 -816471 -1039773 -1039773 -993226 -993226 -699805 -699805
S 0 0 0 0 8323072 8323072 8323072 8323072 8323072 8323072 8323072 8323072 0 0 0 0 1357136 3147968 13282360 6989704 1357773 14053376 0 0 1353448 1740800 380 7307264 8196218 12631295 16775207 7381056 13776482 803745 844251 15608596 15389800 15608596 15389800 15632292 15122920 15805077 2693937 14813051 7633404 7896325 1849181 0 0 0 0 0 0 0 0 0 0 0 0 0 0 0 0 0 380 7307264 2431125 2132342 1171406 1805238 2276909 1482255 865675 973100 14742453 15883702 14639491 14594476 15861883 16725271 906437 1983399 2062597 1132956 1760816 1026128 1791738 960300 16163132 15417369 14688292 15455273 14766103 15522448 14876115 14519226 14791803 14789727 15632292 15122920
B 458939 458939 1155091 1155091 802817 802817 875047 875047 177601 177601 -450797 -450797 -257997 -257997 -437990 -437990 -584460 -584460 107104 107104 -787041 -787041 -1101093 -1101093 -874553 -874553 -746528 -746528 241627 241627 1113702 1113702
S 0 0 0 0 8323072 8323072 8323072 8323072 8323072 8323072 8323072 8323072 0 0 0 0 1358941 8714688 13282360 6989704 1357038 13858816 0 0 1357329 15966208 380 7307264 16538529 9293007 16773590 2534464 3091634 1557648 16661424 2428177 1239356 2428177 1239356 2358547 2096263 16121078 15282128 14217269 7633404 7896325 1849181 0 0 0 0 0 0 0 0 0 0 0 0 0 0 0 0 0 380 7307264 15632292 15122920 1477189 358569 2315594 2304771 1229297 1981971 1516692 1983498 16565024 922597 15847969 15903277 16739051 15783394 16293624 15508851 15207235 16009359 16586034 619598 15407966 14998305 14662073 14487988 14977451 15078771 15705973 14862348 48700 917809 2358547 2096263
B 28601 28601 -1033870 -1033870 -992679 -992679 -804873 -804873 -511716 -511716 919213 919213 1051001 1051001 911950 911950 955935 955935 573107 573107 268168 268168 -748068 -748068 -1113957 -1113957 -707338 -707338 -893993 -893993 212545 212545
S 0 0 0 0 8323072 8323072 8323072 8323072 8323072 8323072 8323072 8323072 0 0 0 0 1352554 14281408 13282360 6989704 1356303 13664256 0 0 1353691 364544 380 7307264 8492659 8233638 3988 15472256 3957164 1437331 2085911 65357 1833460 65357 1833460 16662701 964697 11984031 14561494 2233116 7633404 7896325 1849181 0 0 0 0 0 0 0 0 0 0 0 0 0 0 0 0 0 380 7307264 2358547 2096263 434235 16457387 14231820 15187134 15046416 14537300 14815098 15519843 15752140 15755430 2404376 1272478 1990262 2213744 1677707 1970096 1961548 1862194 730367 1562061 71539 1001133 15339404 15222756 14577943 14520661 15323694 15401388 15326988 14651472 16662701 964697
ENDSET
SET 3 A=16000
P 127 64 64 64 64 64 64 64
B 1160 1160 31618 31618 62241 62241 -163607 -163607 -376493 -376493 81219 81219 959790 959790 557890 557890 -421710 -421710 -865428 -865428 -630407 -630407 477180 477180 485664 485664 -890502 -890502 -375693 -375693 1212073 1212073
S 0 0 0 0 8323072 4194304 4194304 4194304 4194304 4194304 4194304 4194304 0 0 0 0 1354632 16017504 2565019 11647176 1358272 0 0 0 1358050 2221568 1486 1281024 8387739 15052431 16776794 15265792 14293370 805730 15541483 2252694 1771320 2252694 1771320 2612854 2235441 16746454 2952381 14469623 0 8388606 0 0 0 0 0 0 0 0 0 0 0 0 0 0 0 0 0 0 1486 1281024 0 0 0 4640 66388 60084 128394 120572 16418431 16481576 16154247 15894215 63036 261843 1816263 2022898 1363986 867577 16278462 15589133 15136212 14956510 15666816 15365989 593854 1314867 642617 1300041 14965523 15026903 15683700 16367963 2612854 2235441
B -273882 -273882 -642462 -642462 664872 664872 -548178 -548178 -1111803 -1111803 608466 608466 -150393 -150393 102558 102558 1318648 1318648 -477752 -477752 -238145 -238145 295881 295881 -1340475 -1340475 194299 194299 378101 378101 -166945 -166945
S 0 0 0 0 8323072 4194304 4194304 4194304 4194304 4194304 4194304 4194304 0 0 0 0 1359615 2851168 2565019 11647176 1356672 0 0 0 1355915 15267328 1486 1281024 10177869 9352005 16775403 3428352 13574496 1976819 1151117 15245038 1523865 15245038 1523865 15325452 783985 15317123 16066587 13929642 0 8388606 0 0 0 0 0 0 0 0 0 0 0 0 0 0 0 0 0 0 1486 1281024 2612854 2235441 16180188 16278718 15531167 15453420 1362661 1296827 15398926 15962794 14755402 14351820 1222925 1210942 16229361 16723501 996786 16190665 1623082 3651511 16766095 14877330 15349594 475045 890959 292566 14445400 13747134 16606642 947772 1663767 16625855 15325452 783985
B 844242 844242 -494839 -494839 -816976 -816976 644416 644416 -495147 -495147 1018425 1018425 468487 468487 -757445 -757445 462943 462943 -1155290 -1155290 -150253 -150253 896425 896425 -534058 -534058 446592 446592 62937 62937 -1023025 -1023025
S 0 0 0 0 8323072 4194304 4194304 4194304 4194304 4194304 4194304 4194304 0 0 0 0 1356405 6462048 2565019 11647176 1355072 0 0 0 1357145 11261440 1486 1281024 1877538 13190624 16776340 6160384 827973 1270556 1638841 16006465 15208550 16006465 15208550 15487783 13974549 2517207 14757240 12529372 0 8388606 0 0 0 0 0 0 0 0 0 0 0 0 0 0 0 0 0 0 1486 1281024 15325452 783985 1830732 1546239 16077683 15497395 14877985 15408546 2044807 532860 14782748 13882 2634194 1439507 917173 956778 14727053 15797600 1924673 16704315 14200048 14733227 16265510 16687912 1944013 1641688 15316291 16101911 1548487 237881 16102808 926157 15487783 13974549
B 581950 581950 -348071 -348071 233797 233797 1205060 1205060 -392396 -392396 -129203 -129203 339190 339190 -1182121 -1182121 38389 38389 346151 346151 -141474 -141474 1061570 1061570 -1055815 -1055815 -50994 -50994 279651 279651 -763911 -763911
S 0 0 0 0 8323072 4194304 4194304 4194304 4194304 4194304 4194304 4194304 0 0 0 0 1353195 10072928 2565019 11647176 1353472 0 0 0 1353928 13964800 1486 1281024 3678836 1154441 281 14192640 1914810 229134 1301033 14450504 16396489 14450504 16396489 15359652 15139138 16198384 3852699 2566436 0 8388606 0 0 0 0 0 0 0 0 0 0 0 0 0 0 0 0 0 0 1486 1281024 15487783 13974549 1139078 1188725 15040323 344611 1282473 16429932 2174552 2645691 16289473 15695375 16230735 29670 480111 876652 15006309 13819640 15718516 1212258 1870772 16291049 16495027 16493512 1559007 2687274 15027742 14303430 16262157 311085 1072556 46048 15359652 15139138
B 474911 474911 730433 730433 -683933 -683933 574554 574554 -700974 -700974 -1045246 -1045246 604050 604050 -131264 -131264 -263075 -263075 1299622 1299622 125160 125160 -496970 -496970 608347 608347 -580307 -580307 -837844 -837844 606874 606874
S 0 0 0 0 8323072 4194304 4194304 4194304 4194304 4194304 4194304 4194304 0 0 0 0 1358177 13683808 2565019 11647176 1360064 0 0 0 1352684 3773952 1486 1281024 9177249 8939186 16775302 7020544 12970758 15172234 15663248 974813 1290514 974813 1290514 1446334 981162 13484405 12804320 14574173 0 8388606 0 0 0 0 0 0 0 0 0 0 0 0 0 0 0 0 0 0 1486 1281024 15359652 15139138 407754 1491893 2063589 858145 14404519 16414184 2424712 16650721 14663688 16086848 14975439 14398011 849987 1566216 16560110 16469266 101738 15623178 1915585 3282904 760655 16517204 14971484 16595068 2164445 268944 15214664 16018543 15106182 15096874 1446334 981162
B -369004 -369004 631554 631554 1079518 1079518 -769599 -769599 222980 222980 -159864 -159864 -1275351 -1275351 651013 651013 156000 156000 -293325 -293325 993542 993542 -598518 -598518 -340298 -340298 382243 382243 -768493 -768493 591580 591580
S 0 0 0 0 8323072 4194304 4194304 4194304 4194304 4194304 4194304 4194304 0 0 0 0 1354968 517472 2565019 11647176 1350272 0 0 0 1357173 1312256 1486 1281024 8142905 3586592 875 10616832 4006133 1956890 851212 1880694 942915 1880694 942915 1144842 1221479 4519965 2327137 16089006 0 8388606 0 0 0 0 0 0 0 0 0 0 0 0 0 0 0 0 0 0 1486 1281024 1446334 981162 15248648 52553 2203710 322506 1572431 2745643 15509511 14966525 490668 401253 15804694 333068 15091000 13362029 600667 2003388 1062326 16338890 15824803 16556332 1559581 2414589 16395249 14765111 15312080 103947 1732091 16574097 14758527 15721935 1144842 1221479
B 531797 531797 -388204 -388204 535281 535281 -558193 -558193 -901211 -901211 749107 749107 -337260 -337260 451628 451628 534252 534252 -894823 -894823 512242 512242 -765939 -765939 -132879 -132879 1108018 1108018 -504418 -504418 141621 141621
S 0 0 0 0 8323072 4194304 4194304 4194304 4194304 4194304 4194304 4194304 0 0 0 0 1351758 4128352 2565019 11647176 1356864 0 0 0 1357530 13690368 1486 1281024 11710898 4433396 1082 6242304 14352137 321885 15095401 692918 2133754 692918 2133754 678373 16665329 13013805 353036 3577802 0 8388606 0 0 0 0 0 0 0 0 0 0 0 0 0 0 0 0 0 0 1486 1281024 1144842 1221479 1480545 646645 14997150 227253 2184429 16733913 15270343 16051318 15165850 14783739 1387158 1609271 15398685 29494 2042799 16540929 236395 1900616 15174190 14800950 1500943 548027 14406495 16084183 26813 16218887 2142299 2289773 15780575 15756186 678373 16665329
B 120847 120847 -1405157 -1405157 456950 456950 54343 54343 184543 184543 1389525 1389525 -504641 -504641 -292413 -292413 351538 351538 -754495 -754495 50938 50938 601922 601922 -544166 -544166 635512 635512 -1168796 -1168796 -265710 -265710
S 0 0 0 0 8323072 4194304 4194304 4194304 4194304 4194304 4194304 4194304 0 0 0 0 1356740 7739232 2565019 11647176 1355264 0 0 0 1357744 1500672 1486 1281024 16514963 14945540 16776768 13647872 16543292 2063683 587570 16361419 16626532 16361419 16626532 15917446 16574149 1594198 13900932 14189381 0 8388606 0 0 0 0 0 0 0 0 0 0 0 0 0 0 0 0 0 0 1486 1281024 678373 16665329 16348355 912250 14816646 13117160 16725416 1879601 511855 16482733 1082580 16432808 2075431 3482669 16071113 15464755 15715671 16669112 1296414 109740 14902251 15634203 48049 155703 2230305 177383 14450676 149877 1326348 1215702 14943994 13935256 15917446 16574149
B 485157 485157 -410183 -410183 599666 599666 910896 910896 -765093 -765093 395646 395646 -708541 -708541 -957987 -957987 807989 807989 -255131 -255131 232419 232419 853800 853800 -1027049 -1027049 58462 58462 226999 226999 -888742 -888742
S 0 0 0 0 8323072 4194304 4194304 4194304 4194304 4194304 4194304 4194304 0 0 0 0 1353530 11350112 2565019 11647176 1353664 0 0 0 1353931 12502528 1486 1281024 5474250 4520452 1103 10502144 2788948 16605008 1258468 14751148 16439154 14751148 16439154 15406964 14592501 16297690 4121022 2470758 0 8388606 0 0 0 0 0 0 0 0 0 0 0 0 0 0 0 0 0 0 1486 1281024 15917446 16574149 1622840 317790 14943685 192799 1663866 734798 1873356 1770229 15105002 15389061 1527453 55132 14316268 16404003 15557654 14164830 1252558 1979398 16225381 16308527 1289899 16416993 834223 2580979 15182115 14264121 16371422 639643 803551 104445 15406964 14592501
B 516939 516939 608270 608270 -567366 -567366 604795 604795 -196261 -196261 -938607 -938607 509325 509325 -222780 -222780 76474 76474 1211500 1211500 -460844 -460844 -16713 -16713 88328 88328 -1415072 -1415072 366806 366806 309886 309886
S 0 0 0 0 8323072 4194304 4194304 4194304 4194304 4194304 4194304 4194304 0 0 0 0 1358512 14960992 2565019 11647176 1360256 0 0 0 1353997 13628928 1486 1281024 8524275 12749286 16776232 10379264 12672934 15436023 1433759 1129022 15193882 1129022 15193882 1513489 16503273 12526198 13243253 14994133 0 8388606 0 0 0 0 0 0 0 0 0 0 0 0 0 0 0 0 0 0 1486 1281024 15406964 14592501 229672 1838086 1855733 577349 14673996 16610974 2382848 36333 15766964 225209 14936615 14863392 1022900 1014402 15821352 64744 1161551 15921564 1517269 3328733 16428207 15282849 16386049 324318 16695757 434774 14625599 13268547 16737330 1507110 1513489 16503273
B -350455 -350455 1348873 1348873 83643 83643 -542586 -542586 269447 269447 -845908 -845908 50722 50722 1053260 1053260 -482511 -482511 419107 419107 -513092 -513092 -1019134 -1019134 628112 628112 -279616 -279616 600914 600914 994215 994215
S 0 0 0 0 8323072 4194304 4194304 4194304 4194304 4194304 4194304 4194304 0 0 0 0 1355303 1794656 2565019 11647176 1358656 0 0 0 1359399 2852352 1486 1281024 7363192 12805842 16776246 7151616 3595260 16392540 14686613 1002262 593861 1002262 593861 1751724 2225136 3437232 1376054 14863220 0 8388606 0 0 0 0 0 0 0 0 0 0 0 0 0 0 0 0 0 0 1486 1281024 1513489 16503273 15703457 16449157 2427466 2968026 596374 16515417 14913213 16470876 1896232 15958772 14431557 15739244 137846 65044 1998855 2214187 15503329 16121059 1887006 16566640 14840895 16661171 15437990 14039906 1210230 1302220 15088507 570248 2051053 352605 1751724 2225136
B -831736 -831736 143225 143225 72747 72747 -1028619 -1028619 536323 536323 81628 81628 -43786 -43786 947930 947930 -1004973 -1004973 -266222 -266222 410869 410869 -525348 -525348 663816 663816 828208 828208 -742108 -742108 363506 363506
S 0 0 0 0 8323072 4194304 4194304 4194304 4194304 4194304 4194304 4194304 0 0 0 0 1352093 5405536 2565019 11647176 1357056 0 0 0 1358957 12592640 1486 1281024 13576714 11708069 16775978 6967296 15289073 14680074 14752547 1332071 14976225 1332071 14976225 1779779 16451462 15651687 1393511 13627090 0 8388606 0 0 0 0 0 0 0 0 0 0 0 0 0 0 0 0 0 0 1486 1281024 1751724 2225136 15407517 14819972 41957 530945 16667216 400988 15478639 13961320 16745548 2176960 1153465 15950265 16620086 16759202 1300347 2491373 15190547 14343996 15904413 16585131 1362092 281385 15344132 16108910 1522033 1133231 1861319 1451515 14103725 16482275 1779779 16451462
B -1382200 -1382200 8379 8379 651431 651431 -428490 -428490 807000 807000 661479 661479 -962582 -962582 444719 444719 -351963 -351963 -408130 -408130 1107192 1107192 -215293 -215293 -131359 -131359 598635 598635 -909489 -909489 -381047 -381047
S 0 0 0 0 8323072 4194304 4194304 4194304 4194304 4194304 4194304 4194304 0 0 0 0 1357075 9016416 2565019 11647176 1355456 0 0 0 1357834 775680 1486 1281024 14392400 9618708 16775468 5324800 15496760 2095712 277675 16180307 16697461 16180307 16697461 15366845 16663402 1202175 13233557 12899333 0 8388606 0 0 0 0 0 0 0 0 0 0 0 0 0 0 0 0 0 0 1486 1281024 1779779 16451462 13948514 14077119 16491173 319559 1565728 1039999 15254745 16585728 2384759 843242 980041 1665877 14917424 14786682 1226348 552530 14980467 388897 127834 15016862 1789865 2638903 52787 15863259 16260357 16768640 594949 1799594 15877686 14038792 15366845 16663402
B 534788 534788 -564529 -564529 510286 510286 891918 891918 -570107 -570107 249924 249924 -138511 -138511 -1229511 -1229511 419898 419898 92106 92106 -170734 -170734 1388131 1388131 -189597 -189597 -464794 -464794 472472 472472 -1176664 -1176664
S 0 0 0 0 8323072 4194304 4194304 4194304 4194304 4194304 4194304 4194304 0 0 0 0 1353865 12627296 2565019 11647176 1353856 0 0 0 1353698 12682752 1486 1281024 6910080 6949750 1696 12017664 3479890 15564039 482339 13736557 15316306 13736557 15316306 14304793 14542983 682023 4118649 2665134 0 8388606 0 0 0 0 0 0 0 0 0 0 0 0 0 0 0 0 0 0 1486 1281024 15366845 16663402 1999852 139300 14554197 16742121 1495840 545307 1870841 1696834 15578434 15695572 1004386 16772526 15478175 745000 15219288 13417103 284035 1395559 678540 16467100 16451514 16419984 2215566 3336959 329202 15689626 15004737 16690519 1715233 174658 14304793 14542983
B -21995 -21995 701848 701848 -485523 -485523 838134 838134 196785 196785 -811327 -811327 300264 300264 -286444 -286444 -64332 -64332 1058411 1058411 -402623 -402623 156927 156927 -42239 -42239 -1249110 -1249110 580116 580116 130090 130090
S 0 0 0 0 8323072 4194304 4194304 4194304 4194304 4194304 4194304 4194304 0 0 0 0 1358847 16238176 2565019 11647176 1360448 0 0 0 1354197 15992320 1486 1281024 8413406 9194005 16775364 10571776 12644704 15428134 1499459 818723 14995615 818723 14995615 845494 16452084 12964680 13914320 15446045 0 8388606 0 0 0 0 0 0 0 0 0 0 0 0 0 0 0 0 0 0 1486 1281024 14304793 14542983 16353977 335262 1947631 859762 14726439 108687 2519599 832937 98817 688326 15285533 15023591 771997 429059 15263099 368342 984934 15534955 1078570 3155077 16638394 15305549 759903 16645024 15823930 784330 14723443 13834550 672117 1648349 845494 16452084
B -301836 -301836 1185024 1185024 -246888 -246888 -371715 -371715 240113 240113 -1259894 -1259894 487495 487495 641060 641060 -455321 -455321 408587 408587 -153210 -153210 -1049516 -1049516 729443 729443 -369860 -369860 930678 930678 793972 793972
S 0 0 0 0 8323072 4194304 4194304 4194304 4194304 4194304 4194304 4194304 0 0 0 0 1355638 3071840 2565019 11647176 1350656 0 0 0 1351742 3937792 1486 1281024 6099819 924611 225 12333056 2948228 16125020 14729002 749619 505160 749619 505160 1643174 1532715 3493921 334584 16165006 0 8388606 0 0 0 0 0 0 0 0 0 0 0 0 0 0 0 0 0 0 1486 1281024 845494 16452084 16031280 16315808 1915448 2824651 379694 15409973 14990331 300028 1215805 16521863 14460106 14054750 595815 1354165 1512138 1052105 15441215 16291934 1430054 204294 15780332 384046 15188940 14167428 1910823 1006949 14791498 506280 2393507 1329206 1643174 1532715
ENDSET
SET 4 A=2048
P 126 64 64 64 0 64 64 64
B 148 148 4619 4619 63444 63444 375950 375950 714729 714729 753002 753002 852774 852774 631509 631509 779790 779790 967021 967021 878478 878478 995860 995860 1065888 1065888 1028746 1028746 874595 874595 578671 578671
S 0 0 0 0 8257536 4194304 4194304 4194304 0 4194304 4194304 4194304 0 0 0 0 1358108 524288 7193462 1048576 1351680 0 0 0 1355328 13721600 190 3653632 9267120 0 0 0 2899421 1282843 692579 971369 1113001 971369 1113001 1110019 1204666 1043006 14228825 0 0 8388606 0 0 0 0 0 0 0 0 0 0 0 0 0 0 0 0 0 0 190 3653632 0 0 0 594 8513 9965 140818 112960 636852 866948 1214583 1644335 1500032 1511978 1718470 1692627 1140402 1385636 1559346 1559815 1935127 1932959 1690560 1823354 2088824 1894619 2012603 2250952 2174585 1940399 1671891 1826491 1110019 1204666
B 443197 443197 163000 163000 -87514 -87514 -247960 -247960 -1024024 -1024024 -686096 -686096 -683463 -683463 -1165814 -1165814 -686207 -686207 234889 234889 873620 873620 98321 98321 -102045 -102045 683927 683927 1130095 1130095 829913 829913
S 0 0 0 0 8257536 4194304 4194304 4194304 0 4194304 4194304 4194304 0 0 0 0 1353694 524288 7193462 1048576 1351680 0 0 0 1353246 10346496 190 3653632 6385297 0 0 0 3289589 2083989 1933303 1736670 2020736 1736670 2020736 1691641 1628012 1331857 4063691 0 0 8388606 0 0 0 0 0 0 0 0 0 0 0 0 0 0 0 0 0 0 190 3653632 1110019 1204666 1042335 730455 543633 108369 16491539 16712837 16339597 16222995 14666358 14791980 15479854 15330194 15358107 15462475 14478634 14412545 15371927 15437677 530146 409411 1660227 1834256 269991 123295 16539653 16606602 1367777 1367932 2243094 2277288 1691641 1628012
B 1088636 1088636 904575 904575 465627 465627 -414803 -414803 62767 62767 663534 663534 -125052 -125052 -1065220 -1065220 -1080697 -1080697 -808196 -808196 -799478 -799478 -834444 -834444 -306327 -306327 -188671 -188671 -1040033 -1040033 -468105 -468105
S 0 0 0 0 8257536 4194304 4194304 4194304 0 4194304 4194304 4194304 0 0 0 0 1357472 524288 7193462 1048576 1351680 0 0 0 1353294 2158592 190 3653632 11894690 0 0 0 14163268 414000 1572141 15859515 16146243 15859515 16146243 15904184 15777831 16123326 12784325 0 0 8388606 0 0 0 0 0 0 0 0 0 0 0 0 0 0 0 0 0 0 190 3653632 1691641 1628012 2142138 2212407 1841623 1776678 906959 955552 16003696 15891525 40544 210527 1410251 1243886 16485512 16568714 14655910 14637643 14602830 14628817 15192020 15129629 15126465 15230056 15147544 15069114 16140568 16188557 16444135 16355613 14628281 14766020 15904184 15777831
B 541733 541733 1160700 1160700 562550 562550 390072 390072 774693 774693 922603 922603 470899 470899 1113946 1113946 905294 905294 139657 139657 -834410 -834410 -447689 -447689 165099 165099 -368944 -368944 -1103507 -1103507 -896235 -896235
S 0 0 0 0 8257536 4194304 4194304 4194304 0 4194304 4194304 4194304 0 0 0 0 1353058 524288 7193462 1048576 1351680 0 0 0 1357289 12353536 190 3653632 3090736 0 0 0 1783577 14721995 14721111 15147836 14980175 15147836 14980175 14963209 15006283 16714431 3685735 0 0 8388606 0 0 0 0 0 0 0 0 0 0 0 0 0 0 0 0 0 0 190 3653632 15904184 15777831 1059703 1107231 2303273 2339529 1150701 1099502 774065 786224 1529345 1569430 1848897 1841517 953288 930310 2226584 2229202 1802077 1819101 295047 263583 15129384 15087410 15821477 15942200 408293 252106 15989603 16089056 14587565 14552839 14963209 15006283
B -977850 -977850 -1043387 -1043387 -651583 -651583 142455 142455 334826 334826 -628419 -628419 -213271 -213271 785032 785032 1204739 1204739 842847 842847 834458 834458 811064 811064 591308 591308 -19892 -19892 839510 839510 775718 775718
S 0 0 0 0 8257536 4194304 4194304 4194304 0 4194304 4194304 4194304 0 0 0 0 1356836 524288 7193462 1048576 1351680 0 0 0 1357091 1196032 190 3653632 15661223 0 0 0 15929589 591615 15934526 1462203 1298272 1462203 1298272 1537580 1565292 775742 13616812 0 0 8388606 0 0 0 0 0 0 0 0 0 0 0 0 0 0 0 0 0 0 190 3653632 14963209 15006283 14851237 14791798 14654518 14726367 15492953 15455149 281499 288321 694509 644795 15455339 15585417 16426561 16274787 1526558 1613572 2412430 2406528 1693701 1677690 1664989 1672846 1612396 1631862 1174042 1191193 16766588 16708279 1667130 1690910 1537580 1565292
B -175481 -175481 -1104899 -1104899 -820406 -820406 -384440 -384440 -601483 -601483 -996141 -996141 -522491 -522491 -843431 -843431 -1124647 -1124647 -422166 -422166 547410 547410 793149 793149 -77202 -77202 114566 114566 909162 909162 1044482 1044482
S 0 0 0 0 8257536 4194304 4194304 4194304 0 4194304 4194304 4194304 0 0 0 0 1352422 524288 7193462 1048576 1351680 0 0 0 1353377 8364032 190 3653632 15852405 0 0 0 16638718 1856439 2086743 1811335 1660629 1811335 1660629 2109728 2068203 15334435 2447996 0 0 8388606 0 0 0 0 0 0 0 0 0 0 0 0 0 0 0 0 0 0 190 3653632 1537580 1565292 16457963 16394545 14566981 14567855 15100069 15172740 16072507 15944167 15520140 15628363 14813465 14756406 15692728 15771742 15140360 15040349 14483690 14572156 15948334 15917435 1102776 1086864 1591414 1581185 16576243 16669382 302508 155757 1764449 1872201 2109728 2068203
B 835803 835803 1136294 1136294 780961 780961 206144 206144 -530767 -530767 356252 356252 485702 485702 -436870 -436870 -1204883 -1204883 -944918 -944918 -849106 -849106 -800279 -800279 -774580 -774580 -46404 -46404 -454507 -454507 -985084 -985084
S 0 0 0 0 8257536 4194304 4194304 4194304 0 4194304 4194304 4194304 0 0 0 0 1356200 524288 7193462 1048576 1351680 0 0 0 1352487 15958016 190 3653632 2910870 0 0 0 1116424 15432081 16619433 14960280 15111423 14960280 15111423 14742051 14872048 2024414 15186537 0 0 8388606 0 0 0 0 0 0 0 0 0 0 0 0 0 0 0 0 0 0 190 3653632 2109728 2068203 1654046 1689169 2290342 2254834 1544722 1579123 403666 420912 15756295 15675069 681403 743606 968897 973911 15936336 15870617 14355512 14379390 14872134 14902629 15116478 15041532 15136505 15216813 15252286 15203827 16639274 16729542 15936724 15799683 14742051 14872048
B -172723 -172723 857770 857770 1066849 1066849 464280 464280 485124 485124 915124 915124 725002 725002 551651 551651 1199281 1199281 682740 682740 -177235 -177235 -944495 -944495 -192799 -192799 57909 57909 -629102 -629102 -1134700 -1134700
S 0 0 0 0 8257536 4194304 4194304 4194304 0 4194304 4194304 4194304 0 0 0 0 1351786 524288 7193462 1048576 1351680 0 0 0 1357824 7176192 190 3653632 12052591 0 0 0 14748952 15110156 14850329 14635352 15009068 14635352 15009068 14499448 14516187 14291001 639204 0 0 8388606 0 0 0 0 0 0 0 0 0 0 0 0 0 0 0 0 0 0 190 3653632 14742051 14872048 16459804 16403739 1721067 1710013 2130234 2137165 903108 954014 1026449 914050 1782510 1877987 1473341 1426669 1071371 1135236 2442408 2354719 1326711 1404250 16429327 16416166 14924246 14852206 16349782 16433455 131240 100398 15538913 15499111 14499448 14516187
B -794021 -794021 -1097888 -1097888 -930712 -930712 -480289 -480289 433008 433008 67210 67210 -623141 -623141 85041 85041 1038613 1038613 1096877 1096877 841460 841460 837159 837159 821270 821270 312048 312048 79572 79572 986741 986741
S 0 0 0 0 8257536 4194304 4194304 4194304 0 4194304 4194304 4194304 0 0 0 0 1355564 524288 7193462 1048576 1351680 0 0 0 1355960 7675904 190 3653632 6258706 0 0 0 2820042 1714369 1051648 1862583 1807283 1862583 1807283 2030385 1916581 2800844 350108 0 0 8388606 0 0 0 0 0 0 0 0 0 0 0 0 0 0 0 0 0 0 190 3653632 14499448 14516187 15178501 15199847 14597750 14565131 14898444 14933143 15822710 15810567 832227 899806 204627 64216 15448759 15613110 219158 121008 2067493 2086962 2199163 2188348 1664069 1701773 1713276 1635361 1610447 1674635 635962 612233 132381 185907 2030385 1916581
B 504622 504622 -507144 -507144 -1181276 -1181276 -644016 -644016 -434966 -434966 -751446 -751446 -918599 -918599 -416871 -416871 -1056250 -1056250 -945075 -945075 -160869 -160869 831620 831620 564124 564124 -104596 -104596 346279 346279 1075544 1075544
S 0 0 0 0 8257536 4194304 4194304 4194304 0 4194304 4194304 4194304 0 0 0 0 1359342 524288 7193462 1048576 1351680 0 0 0 1354138 847872 190 3653632 9354907 0 0 0 13332326 1675866 1696754 2276969 2047373 2276969 2047373 2123863 2178316 13827535 15458519 0 0 8388606 0 0 0 0 0 0 0 0 0 0 0 0 0 0 0 0 0 0 190 3653632 2030385 1916581 947771 1070717 15793380 15732479 14431003 14398328 15456249 15522120 15930526 15884044 15278991 15269659 14943861 14936175 15920801 15966150 14678907 14650525 14885651 14888482 16440599 16470358 1650973 1675510 1181002 1075497 16486772 16649278 756415 628701 2123863 2178316
B 889838 889838 946458 946458 1085903 1085903 655857 655857 -124428 -124428 -443419 -443419 541685 541685 235870 235870 -744682 -744682 -1209689 -1209689 -865539 -865539 -880734 -880734 -808949 -808949 -597615 -597615 83235 83235 -734532 -734532
S 0 0 0 0 8257536 4194304 4194304 4194304 0 4194304 4194304 4194304 0 0 0 0 1354928 524288 7193462 1048576 1351680 0 0 0 1359435 7086080 190 3653632 8146552 0 0 0 3865820 14981899 15199062 15226962 15076821 15226962 15076821 15337876 15278430 2923912 2209225 0 0 8388606 0 0 0 0 0 0 0 0 0 0 0 0 0 0 0 0 0 0 190 3653632 2123863 2178316 1804359 1754996 1860876 1924956 2208131 2135484 1291063 1332365 16525421 16531301 15882031 15898727 1132331 1034411 400907 542574 15337721 15237985 14350944 14364732 15037386 15054893 15027185 15004313 15160344 15158294 15594025 15569948 127387 205555 15337876 15278430
B -800286 -800286 141052 141052 1092583 1092583 892669 892669 447204 447204 601440 601440 975609 975609 505595 505595 753532 753532 1147938 1147938 445629 445629 -520737 -520737 -876417 -876417 -18938 -18938 -116515 -116515 -870271 -870271
S 0 0 0 0 8257536 4194304 4194304 4194304 0 4194304 4194304 4194304 0 0 0 0 1358706 524288 7193462 1048576 1351680 0 0 0 1358580 3407872 190 3653632 8388648 0 0 0 12719301 14883567 15166226 14778086 14589892 14778086 14589892 15091074 14982276 14052150 13808235 0 0 8388606 0 0 0 0 0 0 0 0 0 0 0 0 0 0 0 0 0 0 190 3653632 15337876 15278430 15173680 15179610 256742 307468 2191331 2179001 1813506 1757170 833409 955408 1264329 1141434 1916907 1985529 1051145 971237 1452521 1561608 2347627 2244127 867112 915404 15727270 15744217 15032140 15016625 16767352 16711331 16482345 16606030 15091074 14982276
B -1043130 -1043130 -797494 -797494 -1158330 -1158330 -801419 -801419 -223240 -223240 583834 583834 -228524 -228524 -482018 -482018 396756 396756 1189231 1189231 965130 965130 884876 884876 824675 824675 765686 765686 33131 33131 327043 327043
S 0 0 0 0 8257536 4194304 4194304 4194304 0 4194304 4194304 4194304 0 0 0 0 1354292 524288 7193462 1048576 1351680 0 0 0 1354839 1826816 190 3653632 8134025 0 0 0 4009805 1658414 1763906 969037 1299757 969037 1299757 585505 722667 2364909 3552989 0 0 8388606 0 0 0 0 0 0 0 0 0 0 0 0 0 0 0 0 0 0 190 3653632 15091074 14982276 14670745 14711167 15196883 15167576 14445996 14475117 15189071 15159685 16336991 16324483 1122639 1212700 16367888 16272451 15794070 15832290 774058 812968 2389675 2367250 1943314 1917208 1734900 1804604 1692410 1606290 1506110 1556635 106293 26233 585505 722667
B 973911 973911 207453 207453 -825811 -825811 -1114412 -1114412 -537168 -537168 -513386 -513386 -885534 -885534 -726851 -726851 -467057 -467057 -1178621 -1178621 -717440 -717440 149546 149546 977417 977417 309431 309431 -24539 -24539 594229 594229
S 0 0 0 0 8257536 4194304 4194304 4194304 0 4194304 4194304 4194304 0 0 0 0 1358070 524288 7193462 1048576 1351680 0 0 0 1354659 8876032 190 3653632 9379219 0 0 0 13052878 2091100 1766101 1408560 1893669 1408560 1893669 1185335 1191581 14912451 12850535 0 0 8388606 0 0 0 0 0 0 0 0 0 0 0 0 0 0 0 0 0 0 190 3653632 585505 722667 2022102 1873542 372603 457212 15126514 15124675 14557115 14539670 15714749 15691014 15707303 15793586 15049977 14962322 15305904 15341126 15865314 15820892 14381965 14457986 15380954 15303721 285445 312742 1921098 1988572 670115 567612 16692951 16763328 1185335 1191581
B 1122025 1122025 770197 770197 1083776 1083776 970331 970331 486642 486642 -434971 -434971 -200673 -200673 575866 575866 -52302 -52302 -1005419 -1005419 -1111644 -1111644 -863507 -863507 -880886 -880886 -808622 -808622 -322673 -322673 25304 25304
S 0 0 0 0 8257536 4194304 4194304 4194304 0 4194304 4194304 4194304 0 0 0 0 1353656 524288 7193462 1048576 1351680 0 0 0 1358645 10358784 190 3653632 6224047 0 0 0 3218410 15495047 15067003 16471917 16078102 16471917 16078102 61781 39437 1254236 4067935 0 0 8388606 0 0 0 0 0 0 0 0 0 0 0 0 0 0 0 0 0 0 190 3653632 1185335 1191581 2246597 2241503 1556394 1524396 2146843 2188264 1962285 1919040 967733 978836 15931813 15882738 16312858 16438884 1238278 1065187 16609035 16736192 14786376 14746381 14547508 14560348 15064396 15036009 14984544 15046346 15188596 15131348 16127514 16136229 61781 39437
B -920019 -920019 -538399 -538399 470645 470645 1194308 1194308 718763 718763 485040 485040 733042 733042 913407 913407 367838 367838 985138 985138 982672 982672 183452 183452 -821623 -821623 -672755 -672755 35974 35974 -329535 -329535
S 0 0 0 0 8257536 4194304 4194304 4194304 0 4194304 4194304 4194304 0 0 0 0 1357434 524288 7193462 1048576 1351680 0 0 0 1358692 8708096 190 3653632 12095545 0 0 0 14255245 14840857 14751236 16036934 15555427 16036934 15555427 16044847 16191447 16207751 12808825 0 0 8388606 0 0 0 0 0 0 0 0 0 0 0 0 0 0 0 0 0 0 190 3653632 61781 39437 14893548 14980810 15758170 15642666 903622 978960 2377807 2399426 1472426 1402629 934317 1005845 1475791 1456380 1816628 1837001 767401 703953 1943293 1997259 1977727 1952964 378633 355178 15137587 15130356 15390057 15473356 150144 16770970 16044847 16191447
ENDSET
SET 5 A=24000
P 64 64 64 64 127 64 64 64
B 1739 1739 63417 63417 471885 471885 1062222 1062222 888815 888815 142057 142057 -789597 -789597 -624834 -624834 709694 709694 867756 867756 -697453 -697453 -275057 -275057 880430 880430 -686989 -686989 386661 386661 123838 123838
S 0 0 0 0 4194304 4194304 4194304 4194304 8323072 4194304 4194304 4194304 0 0 0 0 1357994 8388608 1923765 0 1350213 4888064 0 0 1357117 11725056 2229 1921536 13504726 328049 80 1511424 16319212 894431 1837040 15795495 14714198 15795495 14714198 64553 430799 2909842 13372958 15937320 0 8388606 0 0 0 0 0 0 0 0 0 0 0 0 0 0 0 0 0 0 2229 1921536 0 0 0 6958 99345 154324 851108 1036432 2194571 2054319 1877620 1677641 463274 104957 15417539 14978506 15475730 15579366 1450120 1388656 1440952 2030074 15535035 15229587 16254864 16199340 1614676 1907044 15188890 15617587 1193111 353536 64553 430799
B -389698 -389698 671235 671235 -358262 -358262 106815 106815 -533439 -533439 454305 454305 -68645 -68645 31255 31255 -318911 -318911 523941 523941 -70876 -70876 -6324 -6324 -471710 -471710 186161 186161 54714 54714 402805 402805
S 0 0 0 0 4194304 4194304 4194304 4194304 8323072 4194304 4194304 4194304 0 0 0 0 1355594 8388608 1923765 0 1356938 9776128 0 0 1356589 10369280 2229 1921536 10205865 8480350 16775190 6676480 12006203 861700 1457699 826074 14761912 826074 14761912 103206 1508015 15244414 15018710 14282419 0 8388606 0 0 0 0 0 0 0 0 0 0 0 0 0 0 0 0 0 0 2229 1921536 64553 430799 16273580 15722061 16702898 2759258 330670 15013501 16157887 1046590 16141470 15279207 1650424 166799 16146166 356472 2640816 14261420 13829489 1672084 2793380 16079603 14759969 1733746 376583 16375339 15692204 15975390 16637793 884070 1302432 15693642 103206 1508015
B -290365 -290365 -11966 -11966 -305223 -305223 433742 433742 -80328 -80328 924 924 -434480 -434480 222551 222551 186822 186822 288638 288638 -360096 -360096 -106364 -106364 -71400 -71400 366294 366294 -277374 -277374 -57748 -57748
S 0 0 0 0 4194304 4194304 4194304 4194304 8323072 4194304 4194304 4194304 0 0 0 0 1353194 8388608 1923765 0 1355471 14664192 0 0 1353654 7956736 2229 1921536 6777816 3834695 936 3436544 2010018 14964102 912695 1702029 16304318 1702029 16304318 2616080 13930146 16243989 4806632 2746968 0 8388606 0 0 0 0 0 0 0 0 0 0 0 0 0 0 0 0 0 0 2229 1921536 103206 1508015 875263 14740493 15112485 1616868 201344 15354983 15695707 2816477 1514861 14941045 16004071 776843 873713 14165585 16451949 1215474 424035 323254 93552 1061000 15429836 16684212 426661 15925100 15103061 1388556 3044389 15198003 14652123 1015599 2616080 13930146
B -40838 -40838 465173 465173 -34964 -34964 -241201 -241201 -451957 -451957 244656 244656 259326 259326 11541 11541 -133930 -133930 71440 71440 198974 198974 -107321 -107321 -339912 -339912 -39163 -39163 190323 190323 40299 40299
S 0 0 0 0 4194304 4194304 4194304 4194304 8323072 4194304 4194304 4194304 0 0 0 0 1358986 8388608 1923765 0 1354005 2775040 0 0 1353251 7108864 2229 1921536 2955890 1775124 433 6373376 3698817 15393461 15390183 1778126 406231 1778126 406231 2137576 14800839 1394627 15971742 3156819 0 8388606 0 0 0 0 0 0 0 0 0 0 0 0 0 0 0 0 0 0 2229 1921536 2616080 13930146 14752555 1861312 1949668 16688242 15350414 1286947 16093149 16496482 16233309 15513296 274733 703891 2284847 15529676 15497207 1326174 2074922 14166577 14951429 2111547 1859622 15713490 15480891 867044 15058758 358811 544068 16076496 15531008 2007500 2137576 14800839
B -121542 -121542 -131926 -131926 149508 149508 116773 116773 119622 119622 -398533 -398533 -80831 -80831 -15195 -15195 492697 492697 15814 15814 -112706 -112706 -297928 -297928 59437 59437 193947 193947 78386 78386 -185556 -185556
S 0 0 0 0 4194304 4194304 4194304 4194304 8323072 4194304 4194304 4194304 0 0 0 0 1356586 8388608 1923765 0 1360730 7663104 0 0 1358160 5642496 2229 1921536 8422652 11346885 16775890 3952640 12794154 1759939 16511814 15437665 15159520 15437665 15159520 15246768 788226 12924173 12400244 15858128 0 8388606 0 0 0 0 0 0 0 0 0 0 0 0 0 0 0 0 0 0 2229 1921536 2137576 14800839 15553636 737415 1292494 14957019 15898471 1476778 521534 16722775 16074730 1180976 16067409 15892893 127837 16326056 77613 16638826 2418254 16329751 15639435 1201037 946379 15380013 13713636 1871868 1727180 15287785 15116918 2436089 2495056 14595706 15246768 788226
B -223233 -223233 -154544 -154544 86930 86930 424931 424931 -279194 -279194 39084 39084 -109796 -109796 513472 513472 -354446 -354446 -45885 -45885 -340063 -340063 414093 414093 -59368 -59368 -102586 -102586 -85648 -85648 443342 443342
S 0 0 0 0 4194304 4194304 4194304 4194304 8323072 4194304 4194304 4194304 0 0 0 0 1354186 8388608 1923765 0 1359263 12551168 0 0 1356739 11012352 2229 1921536 1500647 8421788 16775176 1687552 15203066 1754333 1340791 1721215 14759167 1721215 14759167 1307851 465517 14023243 3140262 14556478 0 8388606 0 0 0 0 0 0 0 0 0 0 0 0 0 0 0 0 0 0 2229 1921536 15246768 788226 1311071 14573214 15266163 892879 224442 123279 16698895 1778046 224556 15435887 16587652 345903 496608 15841425 1219812 834077 15100254 259179 1101444 15492235 13692711 1724255 2600531 15833057 13807195 2732551 1292682 15074193 16209162 225462 1307851 465517
B -75018 -75018 -135617 -135617 -409321 -409321 213148 213148 136082 136082 376936 376936 -338298 -338298 -44751 -44751 -272288 -272288 464079 464079 -152537 -152537 2071 2071 -361737 -361737 294427 294427 193504 193504 89403 89403
S 0 0 0 0 4194304 4194304 4194304 4194304 8323072 4194304 4194304 4194304 0 0 0 0 1351786 8388608 1923765 0 1357797 662016 0 0 1352020 13330688 2229 1921536 7554080 16307781 16777101 6574080 4822754 15253758 14787681 566028 1288647 566028 1288647 2506312 14628516 3662203 2701875 14442729 0 8388606 0 0 0 0 0 0 0 0 0 0 0 0 0 0 0 0 0 0 2229 1921536 1307851 465517 1178395 15298750 15210188 1024561 331641 14808292 15562379 2067429 1229361 16092185 16530497 1754465 332601 15091425 16484991 113221 230848 15457218 832534 1023785 15661720 505351 57536 16727965 14682782 647489 2467739 15487185 16070074 1481158 2506312 14628516
B -392693 -392693 -195672 -195672 189747 189747 558958 558958 172578 172578 -324813 -324813 -217558 -217558 -289866 -289866 375514 375514 -159334 -159334 130372 130372 -219953 -219953 598587 598587 23762 23762 -184874 -184874 -311038 -311038
S 0 0 0 0 4194304 4194304 4194304 4194304 8323072 4194304 4194304 4194304 0 0 0 0 1357578 8388608 1923765 0 1356330 5550080 0 0 1351686 3574016 2229 1921536 11247030 14826443 16776739 12365824 15778786 1739548 14885786 15151239 436074 15151239 436074 14608867 924200 1586107 12195705 782572 0 8388606 0 0 0 0 0 0 0 0 0 0 0 0 0 0 0 0 0 0 2229 1921536 2506312 14628516 13839675 1366770 1319740 14674790 14664617 2871590 2411766 16601285 16632607 834923 957831 14520135 15841592 65395 388173 15229582 16563551 1715721 16535130 16381969 16775804 522902 15079720 817684 2978954 16192612 15354411 1517853 2559543 13478178 14608867 924200
B 263193 263193 -105667 -105667 -88744 -88744 -235629 -235629 320770 320770 176958 176958 212558 212558 -450620 -450620 -123604 -123604 -195464 -195464 534445 534445 -72536 -72536 133767 133767 -396794 -396794 313543 313543 -59168 -59168
S 0 0 0 0 4194304 4194304 4194304 4194304 8323072 4194304 4194304 4194304 0 0 0 0 1355178 8388608 1923765 0 1354863 10438144 0 0 1356307 15771904 2229 1921536 12173078 7707548 1881 12173312 12487050 16773745 1688396 1663790 14931636 1663790 14931636 15906128 634418 13240117 16519236 3779274 0 8388606 0 0 0 0 0 0 0 0 0 0 0 0 0 0 0 0 0 0 2229 1921536 14608867 924200 2250285 15579704 16223694 130857 15910700 511541 180532 15654168 15663216 2397082 1640858 15844191 16207016 1420435 906369 14068369 15831403 451397 224625 15770737 16513175 2401822 16568886 16695404 39244 495827 16120144 15847114 1839822 16191569 15906128 634418
B 115221 115221 -403086 -403086 40250 40250 141729 141729 442316 442316 -160035 -160035 -207790 -207790 -460416 -460416 80780 80780 366360 366360 -144107 -144107 -63392 -63392 -131263 -131263 427114 427114 -94714 -94714 -56743 -56743
S 0 0 0 0 4194304 4194304 4194304 4194304 8323072 4194304 4194304 4194304 0 0 0 0 1352778 8388608 1923765 0 1353396 15326208 0 0 1353377 15354112 2229 1921536 7986150 5954345 1453 11702272 3286914 14680064 16065518 970668 16475203 970668 16475203 2780349 13769895 985357 4719125 3699577 0 8388606 0 0 0 0 0 0 0 0 0 0 0 0 0 0 0 0 0 0 2229 1921536 15906128 634418 1675753 15562350 14012157 1152716 1569029 15369190 14303964 3040170 2814510 15731973 14750710 1386366 1750465 14195592 15173163 16539607 659759 16440577 16221294 2021364 94820 16105970 16586527 16714338 16726724 16302657 2107688 16377987 15531732 866628 2780349 13769895
B -458434 -458434 380108 380108 99356 99356 -152730 -152730 -214658 -214658 290571 290571 119300 119300 -54582 -54582 -324336 -324336 4118 4118 112639 112639 384978 384978 -218120 -218120 -132385 -132385 -374301 -374301 428491 428491
S 0 0 0 0 4194304 4194304 4194304 4194304 8323072 4194304 4194304 4194304 0 0 0 0 1358570 8388608 1923765 0 1360122 3437056 0 0 1359784 13207808 2229 1921536 344121 9422012 16775420 4964352 2536843 1558199 15455836 15896363 1961051 15896363 1961051 1631095 82869 1867105 14517895 15240660 0 8388606 0 0 0 0 0 0 0 0 0 0 0 0 0 0 0 0 0 0 2229 1921536 2780349 13769895 13827988 1115493 2793445 15504203 15083447 2091195 75420 16090877 16238517 16457286 16070831 1868671 1804915 15449502 15874544 684347 1218259 14261615 15578825 1214866 472735 16755039 16337536 1979594 16742170 15939785 16746855 16278037 16343802 15713427 1631095 82869
B 93461 93461 170183 170183 -418683 -418683 19285 19285 68019 68019 271580 271580 -209615 -209615 -181084 -181084 -162857 -162857 94869 94869 360618 360618 -128433 -128433 138425 138425 -455457 -455457 409235 409235 -96840 -96840
S 0 0 0 0 4194304 4194304 4194304 4194304 8323072 4194304 4194304 4194304 0 0 0 0 1356170 8388608 1923765 0 1358655 8325120 0 0 1357091 6330624 2229 1921536 8607502 8428374 16775177 11886592 12137086 16200529 1945758 2204617 15242354 2204617 15242354 16751459 16415615 15141415 13263271 13947871 0 8388606 0 0 0 0 0 0 0 0 0 0 0 0 0 0 0 0 0 0 2229 1921536 1631095 82869 16052961 1098100 1549771 15908177 13941150 1161337 1455226 15399133 14697634 2351660 3016094 14847444 15121917 816841 1771020 14281862 14726811 1398979 432378 16724315 16446843 1772845 802875 15460610 16740112 590805 312287 14643101 292831 1344112 16751459 16415615
B 108056 108056 -513288 -513288 319937 319937 -18377 -18377 -119397 -119397 -367599 -367599 270453 270453 74567 74567 199227 199227 -331290 -331290 73636 73636 -96895 -96895 331442 331442 -245915 -245915 75009 75009 -306327 -306327
S 0 0 0 0 4194304 4194304 4194304 4194304 8323072 4194304 4194304 4194304 0 0 0 0 1353770 8388608 1923765 0 1357188 13213184 0 0 1353774 7153920 2229 1921536 4013812 8776429 16775262 11456512 16715537 15341558 1163454 2052447 16649929 2052447 16649929 407196 15144712 16691035 4133749 14373736 0 8388606 0 0 0 0 0 0 0 0 0 0 0 0 0 0 0 0 0 0 2229 1921536 16751459 16415615 545472 16663971 13545311 1178755 2017009 16039955 13922513 2781195 1886654 14412976 14389882 916938 1610059 16248972 884439 16191045 16684303 889824 437624 15014432 15052813 2018948 642699 15746940 16199058 1903926 911670 14881888 16529044 548210 407196 15144712
B 509687 509687 -33527 -33527 119187 119187 -570074 -570074 28683 28683 70507 70507 365744 365744 -103307 -103307 -122250 -122250 37288 37288 327173 327173 -127607 -127607 -126183 -126183 -295011 -295011 3179 3179 433440 433440
S 0 0 0 0 4194304 4194304 4194304 4194304 8323072 4194304 4194304 4194304 0 0 0 0 1359562 8388608 1923765 0 1355722 1324032 0 0 1359272 4323584 2229 1921536 6028644 10292735 16775632 14675968 4673031 1618850 15274699 15929939 1830193 15929939 1830193 772946 960816 4139282 1308898 13923263 0 8388606 0 0 0 0 0 0 0 0 0 0 0 0 0 0 0 0 0 0 2229 1921536 407196 15144712 466373 1572376 16631737 11372 16611137 642828 14636389 16637748 1093055 15798896 16117640 941607 2983069 15257124 14901072 1462916 1626917 14661301 14152427 2773942 2455635 15630274 14926857 1339933 1339527 14932958 15662801 16711588 1216130 15573803 772946 960816
B 46697 46697 -145937 -145937 -329023 -329023 243397 243397 146980 146980 18465 18465 -306195 -306195 -7873 -7873 233537 233537 -59632 -59632 -315192 -315192 -50402 -50402 249911 249911 324238 324238 -116258 -116258 -206646 -206646
S 0 0 0 0 4194304 4194304 4194304 4194304 8323072 4194304 4194304 4194304 0 0 0 0 1357162 8388608 1923765 0 1354255 6212096 0 0 1358093 2808064 2229 1921536 9547570 3375866 824 3121152 14346181 1070243 506703 14778953 15061316 14778953 15061316 15058581 892054 15730196 11945267 3530866 0 8388606 0 0 0 0 0 0 0 0 0 0 0 0 0 0 0 0 0 0 2229 1921536 772946 960816 16639028 324978 16745738 16224948 14270347 1190780 2094604 15656200 15057035 2308101 2244257 14606820 14829749 722687 2087093 14658634 16458843 1252521 16430118 108570 16102147 16191519 15044913 1530698 2146427 15630435 16153807 1920363 1684349 14627836 15058581 892054
B -355131 -355131 312834 312834 70914 70914 233940 233940 -421665 -421665 126632 126632 37413 37413 302352 302352 -258990 -258990 -218979 -218979 -40258 -40258 439117 439117 202930 202930 -197799 -197799 -499961 -499961 -295984 -295984
S 0 0 0 0 4194304 4194304 4194304 4194304 8323072 4194304 4194304 4194304 0 0 0 0 1354762 8388608 1923765 0 1352788 11100160 0 0 1353350 1341696 2229 1921536 14605049 719720 175 11960320 13400961 14764017 321206 63897 1834665 63897 1834665 16573198 15797300 13546650 1268587 2412227 0 8388606 0 0 0 0 0 0 0 0 0 0 0 0 0 0 0 0 0 0 2229 1921536 15058581 892054 405365 14951330 16005070 2023482 719183 16341689 16262103 1450875 16359862 15507912 852352 16431393 175109 16751762 1711312 16275314 14504906 1236350 487969 15413334 14409971 2206215 3049719 15483966 15792571 1796366 2068489 13917533 14360440 416933 16573198 15797300
ENDSET
SET 6 A=6400
P 64 64 64 64 0 64 64 64
B 464 464 14431 14431 45007 45007 -96675 -96675 -210719 -210719 46046 46046 353603 353603 989990 989990 999190 999190 991131 991131 991666 991666 448180 448180 -133565 -133565 -585377 -585377 -910954 -910954 -864796 -864796
S 0 0 0 0 4194304 4194304 4194304 4194304 0 4194304 4194304 4194304 0 0 0 0 1352265 0 7223890 0 1351680 0 0 0 1353099 8199168 594 7223296 8388407 0 0 0 13976468 15866263 509393 15105396 15545183 15105396 15545183 14915360 15179890 16411427 2793929 0 0 8388606 0 0 0 0 0 0 0 0 0 0 0 0 0 0 0 0 0 0 594 7223296 0 0 0 1856 26597 31130 79296 100733 16712404 16455331 16607291 16104265 128080 56106 614136 800277 2031214 1928746 1946282 2050480 1914604 2049923 2043973 1922693 907670 885052 16773798 16246377 15512376 15700550 15156390 14754228 14915360 15179890
B 116364 116364 1034345 1034345 758568 758568 293941 293941 -50134 -50134 -1260043 -1260043 -827584 -827584 -89990 -89990 1148594 1148594 1005118 1005118 218056 218056 -785404 -785404 -902788 -902788 -433395 -433395 251868 251868 671437 671437
S 0 0 0 0 4194304 4194304 4194304 4194304 0 4194304 4194304 4194304 0 0 0 0 1354889 0 7223890 0 1351680 0 0 0 1355339 158720 594 7223296 13243056 0 0 0 12587535 2050305 1164730 877147 1607487 877147 1607487 1513887 1171862 14142300 331483 0 0 8388606 0 0 0 0 0 0 0 0 0 0 0 0 0 0 0 0 0 0 594 7223296 14915360 15179890 200991 264465 2164142 1973238 1575514 1458759 551209 624557 165 16576517 14172063 14342199 15067882 15176217 16577784 16616689 2252338 2342040 2135216 1885256 413055 459171 15319842 15092976 14838695 15104587 15952561 15868292 347719 659754 1513887 1171862
B 709409 709409 353638 353638 -445677 -445677 -955005 -955005 -861311 -861311 180747 180747 1056208 1056208 1109789 1109789 33415 33415 -858020 -858020 -1078285 -1078285 -240360 -240360 438478 438478 842562 842562 532141 532141 147066 147066
S 0 0 0 0 4194304 4194304 4194304 4194304 0 4194304 4194304 4194304 0 0 0 0 1357513 0 7223890 0 1351680 0 0 0 1357902 6204416 594 7223296 11410905 0 0 0 16377166 16742484 15456116 16380071 68033 16380071 68033 588200 64 1117692 12382887 0 0 8388606 0 0 0 0 0 0 0 0 0 0 0 0 0 0 0 0 0 0 594 7223296 1513887 1171862 1286962 1550674 960717 453835 15635212 16136515 15114048 14620367 14682058 15427132 657899 65089 1799567 2425265 2612658 1826501 16581785 329094 15367494 14754859 14302887 14938407 16488665 16104330 603382 1150530 1954435 1415813 875716 1252851 588200 64
B -570981 -570981 -831064 -831064 -729991 -729991 307831 307831 1012289 1012289 1052689 1052689 -104722 -104722 -988394 -988394 -1137737 -1137737 -89861 -89861 686436 686436 982744 982744 360027 360027 -179154 -179154 -720613 -720613 -673231 -673231
S 0 0 0 0 4194304 4194304 4194304 4194304 0 4194304 4194304 4194304 0 0 0 0 1351945 0 7223890 0 1351680 0 0 0 1359685 8952832 594 7223296 8122947 0 0 0 4428486 16041604 15968246 14775211 15677670 14775211 15677670 15672076 15189433 1672401 3548311 0 0 8388606 0 0 0 0 0 0 0 0 0 0 0 0 0 0 0 0 0 0 594 7223296 588200 64 15336115 15934394 15379563 14850614 14938639 15695829 942964 288360 1698437 2350722 2535815 1674943 16251647 106683 15149490 14451369 14113444 14890042 75135 16342640 1051890 1693854 2276012 1654964 519234 920874 16715498 16122320 15044093 15627889 15672076 15189433
B -413443 -413443 473487 473487 934868 934868 894667 894667 -201852 -201852 -1040500 -1040500 -1124811 -1124811 -23503 -23503 834931 834931 1077120 1077120 239910 239910 -414970 -414970 -839178 -839178 -534741 -534741 -161694 -161694 575051 575051
S 0 0 0 0 4194304 4194304 4194304 4194304 0 4194304 4194304 4194304 0 0 0 0 1354569 0 7223890 0 1351680 0 0 0 1354851 14203904 594 7223296 15197512 0 0 0 13270466 2091549 1568897 622164 1510803 622164 1510803 1462286 837918 14170635 1503402 0 0 8388606 0 0 0 0 0 0 0 0 0 0 0 0 0 0 0 0 0 0 594 7223296 15672076 15189433 15601340 16299321 1275790 618161 1550766 2188708 2223755 1354914 16027948 16719078 15056287 14336148 14097888 14957303 245163 16438044 1334725 2004999 2492518 1815964 269308 690333 16239715 15654839 14814658 15383064 15914982 15500487 16141684 16765973 1462286 837918
B 835304 835304 734686 734686 -309026 -309026 -1019386 -1019386 -1052851 -1052851 106301 106301 990107 990107 1130462 1130462 85322 85322 -687073 -687073 -972020 -972020 -367374 -367374 167154 167154 709596 709596 689393 689393 434873 434873
S 0 0 0 0 4194304 4194304 4194304 4194304 0 4194304 4194304 4194304 0 0 0 0 1357193 0 7223890 0 1351680 0 0 0 1357819 5622784 594 7223296 10005090 0 0 0 15211549 329678 15551966 209828 623150 209828 623150 1226669 512825 518470 11875410 0 0 8388606 0 0 0 0 0 0 0 0 0 0 0 0 0 0 0 0 0 0 594 7223296 1462286 837918 1388661 1952555 1864730 1074015 15821706 16496625 15078766 14398122 14232101 15110930 532422 16669999 1623344 2337087 2650630 1871219 16690987 427520 15729870 15076272 14520763 15145591 16248963 15835975 30733 637883 1716183 1122204 1128943 1628631 1226669 512825
B -461087 -461087 -947848 -947848 -901991 -901991 198700 198700 1045119 1045119 1120813 1120813 25937 25937 -828931 -828931 -1064329 -1064329 -246529 -246529 406680 406680 830556 830556 541187 541187 163377 163377 -576653 -576653 -842539 -842539
S 0 0 0 0 4194304 4194304 4194304 4194304 0 4194304 4194304 4194304 0 0 0 0 1359817 0 7223890 0 1351680 0 0 0 1359374 2333696 594 7223296 7370618 0 0 0 4909466 15400351 15352530 14435296 15227452 14435296 15227452 15383621 14800657 2211987 2720130 0 0 8388606 0 0 0 0 0 0 0 0 0 0 0 0 0 0 0 0 0 0 594 7223296 1226669 512825 15524021 16186066 15206323 14556720 14534969 15411501 741919 52883 1726488 2453988 2669998 1813257 16539334 341633 15456038 14782673 14313175 14983941 16493229 16075088 518777 1107944 1945336 1376888 868786 1295963 646351 7160 15308514 15939306 15383621 14800657
B -729648 -729648 309690 309690 1029904 1029904 1047453 1047453 -104638 -104638 -991996 -991996 -1121192 -1121192 -88683 -88683 681753 681753 957752 957752 381570 381570 -145191 -145191 -693846 -693846 -709815 -709815 -465267 -465267 443745 443745
S 0 0 0 0 4194304 4194304 4194304 4194304 0 4194304 4194304 4194304 0 0 0 0 1354249 0 7223890 0 1351680 0 0 0 1354462 13880320 594 7223296 469435 0 0 0 14114964 2096912 1814104 437691 1462100 437691 1462100 1218913 556069 14330229 2560902 0 0 8388606 0 0 0 0 0 0 0 0 0 0 0 0 0 0 0 0 0 0 594 7223296 15383621 14800657 14912976 15722867 960668 278094 1710247 2409369 2538942 1650872 16247400 111267 15154382 14432066 14147573 14922094 77589 16344895 1035710 1691302 2226064 1604947 554591 971691 16459 16179993 15089995 15689056 15613043 15102132 15484244 16209123 1218913 556069
B 961945 961945 915502 915502 -191214 -191214 -1046686 -1046686 -1118367 -1118367 -25884 -25884 823821 823821 1052457 1052457 250686 250686 -401838 -401838 -824002 -824002 -545488 -545488 -160968 -160968 579849 579849 848646 848646 721182 721182
S 0 0 0 0 4194304 4194304 4194304 4194304 0 4194304 4194304 4194304 0 0 0 0 1356873 0 7223890 0 1351680 0 0 0 1357621 10791936 594 7223296 9005179 0 0 0 14158004 762789 15762342 846310 1170053 846310 1170053 1857274 1027454 16681282 11874100 0 0 8388606 0 0 0 0 0 0 0 0 0 0 0 0 0 0 0 0 0 0 594 7223296 1218913 556069 1595766 2252014 2270849 1391161 16052998 16736579 15048758 14318933 14116082 14964882 234059 16439621 1309996 1985289 2437420 1772410 293078 709666 16271191 15675892 14844290 15414137 15907280 15465202 16127296 6050 1478755 840644 1395478 1999108 1857274 1027454
B -312020 -312020 -1040656 -1040656 -1040188 -1040188 103809 103809 994415 994415 1111104 1111104 92579 92579 -676646 -676646 -943191 -943191 -396548 -396548 122557 122557 677834 677834 730236 730236 495024 495024 -426379 -426379 -975580 -975580
S 0 0 0 0 4194304 4194304 4194304 4194304 0 4194304 4194304 4194304 0 0 0 0 1359497 0 7223890 0 1351680 0 0 0 1359152 9804800 594 7223296 6176513 0 0 0 4895716 14970584 14976122 14205003 14903245 14205003 14903245 15157159 14494954 2515335 1628677 0 0 8388606 0 0 0 0 0 0 0 0 0 0 0 0 0 0 0 0 0 0 594 7223296 1857274 1027454 15807707 16498647 15055251 14336559 14248075 15145608 529317 16663136 1623180 2354482 2606984 1837435 16709261 438273 15752465 15095384 14582270 15199401 16194708 15773534 16712370 555077 1657464 1053873 1199693 1721252 1357859 622240 15593013 16255904 15157159 14494954
B -928004 -928004 184288 184288 1047889 1047889 1115517 1115517 25950 25950 -818576 -818576 -1040567 -1040567 -256678 -256678 393320 393320 815511 815511 552670 552670 164232 164232 -580033 -580033 -856310 -856310 -717749 -717749 311253 311253
S 0 0 0 0 4194304 4194304 4194304 4194304 0 4194304 4194304 4194304 0 0 0 0 1353929 0 7223890 0 1351680 0 0 0 1354059 8027136 594 7223296 2490438 0 0 0 15212849 2073245 2019937 249691 1361005 249691 1361005 971603 273412 14729680 3412120 0 0 8388606 0 0 0 0 0 0 0 0 0 0 0 0 0 0 0 0 0 0 594 7223296 15157159 14494954 14480296 15362123 707351 29804 1729835 2461723 2651314 1810755 16547038 333980 15478646 14801482 14366351 15025815 16472024 16055699 485957 1087326 1916695 1345349 877220 1333462 664155 16769991 15294846 15939457 15375872 14753321 14917811 15765627 971603 273412
B 1050835 1050835 1036296 1036296 -99993 -99993 -993474 -993474 -1101793 -1101793 -99658 -99658 667859 667859 930734 930734 407077 407077 -107704 -107704 -666506 -666506 -746531 -746531 -515031 -515031 414008 414008 987745 987745 932833 932833
S 0 0 0 0 4194304 4194304 4194304 4194304 0 4194304 4194304 4194304 0 0 0 0 1356553 0 7223890 0 1351680 0 0 0 1357360 8391680 594 7223296 8471104 0 0 0 13332794 1099697 15998137 1322594 1545872 1322594 1545872 2308730 1422602 16066352 12202342 0 0 8388606 0 0 0 0 0 0 0 0 0 0 0 0 0 0 0 0 0 0 594 7223296 971603 273412 1733877 2469465 2524593 1620594 16255529 121717 15158705 14421832 14192628 14954635 50857 16327728 1007349 1664089 2167227 1555710 601241 1027069 98703 16247699 15139704 15748705 15551627 15016683 15372619 16121690 1160114 495921 1639811 2311170 2308730 1422602
B -182836 -182836 -1051995 -1051995 -1109079 -1109079 -21135 -21135 820694 820694 1029407 1029407 261931 261931 -385856 -385856 -804426 -804426 -563054 -563054 -170437 -170437 577262 577262 865807 865807 717330 717330 -307813 -307813 -1060866 -1060866
S 0 0 0 0 4194304 4194304 4194304 4194304 0 4194304 4194304 4194304 0 0 0 0 1359177 0 7223890 0 1351680 0 0 0 1359010 12823552 594 7223296 4612203 0 0 0 4543872 14737179 14783776 14094702 14686670 14094702 14686670 15030097 14280871 2641778 417277 0 0 8388606 0 0 0 0 0 0 0 0 0 0 0 0 0 0 0 0 0 0 594 7223296 2308730 1422602 16074673 16748416 15042275 14304178 14141264 14976854 237900 16454776 1299778 1982999 2387233 1730395 313217 734510 16310655 15700355 14881458 15455271 15885915 15416302 16093882 1588 1479124 829925 1412238 2050993 1866146 1003176 15809944 16513236 15030097 14280871
B -1034437 -1034437 93706 93706 990017 990017 1092572 1092572 109310 109310 -655740 -655740 -918467 -918467 -417486 -417486 94435 94435 658719 658719 759640 759640 528317 528317 -405627 -405627 -998794 -998794 -932190 -932190 185704 185704
S 0 0 0 0 4194304 4194304 4194304 4194304 0 4194304 4194304 4194304 0 0 0 0 1353609 0 7223890 0 1351680 0 0 0 1353624 990208 594 7223296 4362170 0 0 0 16431171 1967726 2095373 41054 1172083 41054 1172083 707335 35483 15283904 4021281 0 0 8388606 0 0 0 0 0 0 0 0 0 0 0 0 0 0 0 0 0 0 594 7223296 15030097 14280871 14254847 15161839 507754 16644286 1610505 2349563 2561128 1809161 16749588 464871 15792922 15138552 14637869 15242696 16157603 15726885 16648101 506856 1624079 1010799 1244757 1793805 1438444 674826 15632988 16298937 15120997 14438262 14466909 15358765 707335 35483
B 1058355 1058355 1100086 1100086 12533 12533 -828346 -828346 -1018636 -1018636 -263987 -263987 385113 385113 795254 795254 576069 576069 182507 182507 -568541 -568541 -879366 -879366 -723858 -723858 298659 298659 1070378 1070378 1036966 1036966
S 0 0 0 0 4194304 4194304 4194304 4194304 0 4194304 4194304 4194304 0 0 0 0 1356233 0 7223890 0 1351680 0 0 0 1357093 4770816 594 7223296 8434877 0 0 0 12720385 1299934 16194484 1579307 1732862 1579307 1732862 2526082 1621785 15477353 12807967 0 0 8388606 0 0 0 0 0 0 0 0 0 0 0 0 0 0 0 0 0 0 594 7223296 707335 35483 1742939 2490483 2616710 1783635 16522483 304868 15466716 14774334 14411885 15068004 16463705 16034779 459611 1080843 1880401 1300615 909719 1394559 713826 16204 15314165 15966106 15343719 14693251 14892714 15766288 949606 245032 1762323 2519190 2526082 1621785
B -82000 -82000 -980913 -980913 -1083874 -1083874 -124504 -124504 634876 634876 904615 904615 431956 431956 -74889 -74889 -652933 -652933 -770795 -770795 -540076 -540076 399435 399435 1008807 1008807 929726 929726 -190894 -190894 -1065266 -1065266
S 0 0 0 0 4194304 4194304 4194304 4194304 0 4194304 4194304 4194304 0 0 0 0 1358857 0 7223890 0 1351680 0 0 0 1358880 10267648 594 7223296 2771449 0 0 0 3931689 14687720 14691477 14112262 14592577 14112262 14592577 15026186 14267184 2633691 15964087 0 0 8388606 0 0 0 0 0 0 0 0 0 0 0 0 0 0 0 0 0 0 594 7223296 2526082 1621785 16296647 152572 15183009 14447772 14240646 14978292 16768621 16287796 945912 1593594 2107395 1511068 646688 1081136 170678 16306985 15163647 15779053 15516887 14954367 15307876 16086253 1132920 464823 1669876 2365355 2308687 1410220 16059617 16731241 15026186 14267184
ENDSET
SET 7 A=12288
P 64 0 64 64 64 64 64 64
B 891 891 36983 36983 254755 254755 345178 345178 -295884 -295884 -725053 -725053 -3472 -3472 1009167 1009167 1085660 1085660 845550 845550 -118039 -118039 -1221789 -1221789 -160959 -160959 657570 657570 -438057 -438057 -522873 -522873
S 0 0 0 0 4194304 0 4194304 4194304 4194304 4194304 4194304 4194304 0 0 0 0 1359265 0 6757122 0 1355424 0 0 0 1354258 14905344 1141 5144576 4129130 8725939 16775250 5976064 2871094 1016944 1992116 16742871 703037 16742871 703037 16152275 15310666 3526627 3124029 15075466 0 8388606 16306569 0 0 0 0 0 0 0 0 0 0 0 0 0 0 0 0 0 1141 5144576 0 0 0 3564 51025 96909 306357 712665 400796 979919 16149997 16220899 15184286 15469937 16564092 199238 2191828 1844840 2159742 2182901 1543607 1838593 16732574 16349705 14528898 14138378 16357865 16552733 1280341 1349942 15447627 16354577 16152275 15310666
B 1175533 1175533 22419 22419 -640589 -640589 500149 500149 669861 669861 -994243 -994243 -138499 -138499 794525 794525 -281877 -281877 -1198190 -1198190 284095 284095 535878 535878 -1004541 -1004541 -703908 -703908 918154 918154 208038 208038
S 0 0 0 0 4194304 0 4194304 4194304 4194304 4194304 4194304 4194304 0 0 0 0 1359329 0 6757122 0 1359168 0 0 0 1351698 6557696 1141 5144576 4482448 8413766 16775174 2383872 3953415 15090285 14688591 37090 16151218 37090 16151218 67820 764332 2291461 25139 14215537 0 8388606 16306569 0 0 0 0 0 0 0 0 0 0 0 0 0 0 0 0 0 1141 5144576 16152275 15310666 1972005 2730130 530025 16336867 15112688 15879390 984812 1015785 1666965 1012482 13906630 15670833 475759 15747461 1049276 2128825 16485706 15941219 14535725 14225950 103990 1032393 1504139 639374 14404091 15132180 15568057 15170745 2084112 1588506 67820 764332
B -923942 -923942 400676 400676 1014709 1014709 -634947 -634947 -106600 -106600 1073984 1073984 180629 180629 -586187 -586187 743019 743019 1159751 1159751 -260828 -260828 -177494 -177494 1290674 1290674 459359 459359 -641374 -641374 717164 717164
S 0 0 0 0 4194304 0 4194304 4194304 4194304 4194304 4194304 4194304 0 0 0 0 1359393 0 6757122 0 1354720 0 0 0 1355015 16306176 1141 5144576 4824967 2007045 490 20480 4077215 1803587 2091580 2416434 1828062 2416434 1828062 2323347 545311 4606251 257825 1557601 0 8388606 16306569 0 0 0 0 0 0 0 0 0 0 0 0 0 0 0 0 0 1141 5144576 67820 764332 15289570 14569097 642073 960634 1869999 2188838 15844272 15170375 15981080 369736 2115395 2180543 620731 101785 15079729 16129958 2604580 367497 1548359 3090646 301279 15432625 15816379 250864 2460614 2702083 1156228 681209 14603035 16385903 2323347 545311
B 1033274 1033274 -207178 -207178 -416700 -416700 825949 825949 517136 517136 -620050 -620050 99564 99564 1054797 1054797 -703340 -703340 -602987 -602987 862212 862212 118837 118837 -1170755 -1170755 -77659 -77659 835240 835240 -533059 -533059
S 0 0 0 0 4194304 0 4194304 4194304 4194304 4194304 4194304 4194304 0 0 0 0 1359457 0 6757122 0 1358464 0 0 0 1351933 3751936 1141 5144576 5155862 12822854 16776250 9723904 4191193 14740135 14875953 15017770 15307028 15017770 15307028 15497920 15924279 1645190 489890 552888 0 8388606 16306569 0 0 0 0 0 0 0 0 0 0 0 0 0 0 0 0 0 1141 5144576 2323347 545311 1590879 2542220 282102 15666404 16136810 15750823 1316355 1987442 1427860 640686 14593155 16481080 735028 16440444 1736107 2483083 15569278 15171796 15812533 15329954 1650791 1798060 191594 283754 14519324 14352088 16305726 160855 2028414 1312546 15497920 15924279
B -916880 -916880 583156 583156 534790 534790 -827547 -827547 -109109 -109109 1073961 1073961 19728 19728 -513531 -513531 759470 759470 1018693 1018693 -218383 -218383 -31648 -31648 1135165 1135165 317761 317761 -497372 -497372 818732 818732
S 0 0 0 0 4194304 0 4194304 4194304 4194304 4194304 4194304 4194304 0 0 0 0 1359521 0 6757122 0 1354016 0 0 0 1355395 13770752 1141 5144576 5474337 6224182 1519 9658368 4295074 2045517 1849485 2394203 2351556 2394203 2351556 2409785 865144 2297398 720775 4576685 0 8388606 16306569 0 0 0 0 0 0 0 0 0 0 0 0 0 0 0 0 0 1141 5144576 15497920 15924279 15002652 14884263 1349235 983392 656878 1482285 15696550 14547695 15896613 444167 2433190 1862657 16720247 135884 15358334 16141975 2260981 776902 1498003 2576769 195284 15708403 16251683 398941 2174347 2366314 903409 367637 14971835 16593111 2409785 865144
B 1061019 1061019 -377265 -377265 -275130 -275130 1090092 1090092 287297 287297 -820499 -820499 461029 461029 863059 863059 -558061 -558061 -786783 -786783 674348 674348 472283 472283 -951177 -951177 -289630 -289630 590062 590062 -929262 -929262
S 0 0 0 0 4194304 0 4194304 4194304 4194304 4194304 4194304 4194304 0 0 0 0 1359585 0 6757122 0 1357760 0 0 0 1352240 12107776 1141 5144576 5779623 13466259 16776407 11087872 4388608 14770256 15316711 14185093 14977124 14185093 14977124 14706082 15131303 4750308 949923 14270849 0 8388606 16306569 0 0 0 0 0 0 0 0 0 0 0 0 0 0 0 0 0 1141 5144576 2409785 865144 1546450 2697627 16645336 15400037 16244067 16209845 2077513 2282857 892752 256437 14543605 15728833 1153127 690992 1531009 1921230 15526095 15796096 15456636 14950666 925921 1771471 1313559 575575 14799637 14950088 16212192 16183720 1729840 630408 14706082 15131303
B -744116 -744116 545267 545267 -245392 -245392 -967685 -967685 32323 32323 592395 592395 -317054 -317054 -530696 -530696 623964 623964 809695 809695 -472296 -472296 27382 27382 1268255 1268255 253683 253683 -473916 -473916 858805 858805
S 0 0 0 0 4194304 0 4194304 4194304 4194304 4194304 4194304 4194304 0 0 0 0 1359649 0 6757122 0 1361504 0 0 0 1355379 12128256 1141 5144576 6070986 16102378 16777051 4104192 4471569 2055698 1881006 2763151 2352665 2763151 2352665 2465414 969809 1827593 1176783 2987595 0 8388606 16306569 0 0 0 0 0 0 0 0 0 0 0 0 0 0 0 0 0 1141 5144576 14706082 15131303 15269692 15308279 1348717 832352 15541984 253664 15483481 14200213 16092782 813726 1667734 701847 16123927 16162291 15554367 15877281 1951383 544473 926822 2311961 16583203 15082047 16232786 653961 2538668 2534352 596197 418538 15383095 16275674 2465414 969809
B 1108782 1108782 -424190 -424190 -134426 -134426 1077571 1077571 -241934 -241934 -885299 -885299 926158 926158 375894 375894 -992289 -992289 -433488 -433488 818888 818888 -339578 -339578 -1159337 -1159337 240483 240483 580045 580045 -1042486 -1042486
S 0 0 0 0 4194304 0 4194304 4194304 4194304 4194304 4194304 4194304 0 0 0 0 1359713 0 6757122 0 1357056 0 0 0 1352331 16609280 1141 5144576 6347723 11341983 16775889 651264 4543758 14695145 15311100 14116609 14673403 14116609 14673403 14305533 15078958 2967300 1400808 14429306 0 8388606 16306569 0 0 0 0 0 0 0 0 0 0 0 0 0 0 0 0 0 1141 5144576 2465414 969809 1773803 2661326 16271713 15585960 16255735 16760994 1779389 2530896 16758712 15827984 14627813 15385425 2347582 1357051 686723 816853 14729173 14856106 15779670 16040812 1427918 1847636 15980046 16216077 14890636 14026449 123549 838383 1641510 678670 14305533 15078958
B -735834 -735834 665482 665482 58149 58149 -940075 -940075 -45707 -45707 458828 458828 -686048 -686048 -690011 -690011 697511 697511 139573 139573 -755621 -755621 13929 13929 1038571 1038571 -13189 -13189 -665402 -665402 689158 689158
S 0 0 0 0 4194304 0 4194304 4194304 4194304 4194304 4194304 4194304 0 0 0 0 1359777 0 6757122 0 1360800 0 0 0 1355873 4218880 1141 5144576 6609168 11626430 16775958 8118272 4605000 2045122 1672737 2160344 2254209 2160344 2254209 2139986 616647 2050969 1621458 510966 0 8388606 16306569 0 0 0 0 0 0 0 0 0 0 0 0 0 0 0 0 0 1141 5144576 14305533 15078958 15542839 15068257 1451870 1210058 16469177 540638 15221411 14572724 15878268 716121 1610138 225174 15308463 15501778 15433881 15360507 2197291 592756 16075652 1259858 16064141 14467807 15758515 1074420 2428012 1726272 16758032 16743647 15265417 15627407 2139986 616647
B 1006159 1006159 -600130 -600130 -81022 -81022 1307577 1307577 -34227 -34227 -838189 -838189 606082 606082 817722 817722 -932323 -932323 -680394 -680394 634971 634971 -363457 -363457 -1230779 -1230779 395741 395741 153328 153328 -1209360 -1209360
S 0 0 0 0 4194304 0 4194304 4194304 4194304 4194304 4194304 4194304 0 0 0 0 1359841 0 6757122 0 1356352 0 0 0 1352379 253952 1141 5144576 6854691 5532605 1350 12308480 4655149 14764365 15186806 13584095 14751238 13584095 14751238 14322872 14394121 2779869 1838202 3253915 0 8388606 16306569 0 0 0 0 0 0 0 0 0 0 0 0 0 0 0 0 0 1141 5144576 2139986 616647 1390417 2634220 15995719 15158196 16423648 29480 2392669 2837639 428094 16212217 14729692 15471984 1468406 955922 1549341 1721548 14755376 15069765 15720623 15112233 1036591 1503294 15791779 16308826 14776520 13854796 244048 1338919 1011970 16378561 14322872 14394121
B -709258 -709258 599306 599306 -514063 -514063 -1294798 -1294798 119009 119009 516051 516051 -808265 -808265 -636930 -636930 631359 631359 365255 365255 -700578 -700578 -128711 -128711 845065 845065 -289069 -289069 -869665 -869665 972849 972849
S 0 0 0 0 4194304 0 4194304 4194304 4194304 4194304 4194304 4194304 0 0 0 0 1351713 0 6757122 0 1360096 0 0 0 1357063 8953856 1141 5144576 7083700 8600979 16775219 14233600 4694083 1559700 16685147 2195655 2094378 2195655 2094378 2484136 1407262 688522 2050518 14897525 0 8388606 16306569 0 0 0 0 0 0 0 0 0 0 0 0 0 0 0 0 0 1141 5144576 14322872 14394121 15232903 15484499 1635781 761446 14726225 16771958 14978611 13396630 16029870 1223383 1716708 347496 15168457 15152916 15533033 15473682 1952855 572582 16635464 1602775 15871101 14881020 15834313 428061 1883290 1496972 16233581 16164577 14791089 15284684 2484136 1407262
B 287342 287342 -954353 -954353 220152 220152 1140553 1140553 -473956 -473956 -745709 -745709 691970 691970 560988 560988 -889186 -889186 -105969 -105969 875331 875331 -527332 -527332 -1047348 -1047348 264215 264215 299157 299157 -1165053 -1165053
S 0 0 0 0 4194304 0 4194304 4194304 4194304 4194304 4194304 4194304 0 0 0 0 1351777 0 6757122 0 1355648 0 0 0 1351827 16650240 1141 5144576 7295644 8832414 16775276 5890048 4721709 14720995 14946034 13636896 14582173 13636896 14582173 14148764 14745458 4994869 2257893 15248636 0 8388606 16306569 0 0 0 0 0 0 0 0 0 0 0 0 0 0 0 0 0 1141 5144576 2484136 1407262 222302 927068 15093122 14643898 350020 530590 2293104 2269110 15847996 15810614 15418097 15153500 1057396 1710487 1422167 821788 14490147 15507541 248464 16104878 1551483 1949842 15501981 15943126 15048697 14316345 16777157 1056922 1237063 16736784 14148764 14745458
B -863689 -863689 435444 435444 -393087 -393087 -1315099 -1315099 52334 52334 287995 287995 -1180781 -1180781 -726666 -726666 634975 634975 -90750 -90750 -1119764 -1119764 117951 117951 881460 881460 -377878 -377878 -605535 -605535 857805 857805
S 0 0 0 0 4194304 0 4194304 4194304 4194304 4194304 4194304 4194304 0 0 0 0 1351841 0 6757122 0 1359392 0 0 0 1356311 14217216 1141 5144576 7490013 9952324 16775549 12861440 4737959 1594995 525035 2332745 2142565 2332745 2142565 2183424 1247798 2139263 2459830 15253780 0 8388606 16306569 0 0 0 0 0 0 0 0 0 0 0 0 0 0 0 0 0 1141 5144576 14148764 14745458 15135999 14963678 876813 864963 15353044 16629043 14927302 13366737 16014380 972174 1340183 16589015 14072270 14759038 15471500 15176270 1600247 939656 16153223 260993 15049733 14025646 16429166 819854 1950448 1575392 15906772 16136148 15249617 15882678 2183424 1247798
B 579612 579612 -828201 -828201 116474 116474 1089294 1089294 -265564 -265564 -796135 -796135 701981 701981 407184 407184 -631020 -631020 364336 364336 748248 748248 -448775 -448775 -529305 -529305 391112 391112 246267 246267 -946562 -946562
S 0 0 0 0 4194304 0 4194304 4194304 4194304 4194304 4194304 4194304 0 0 0 0 1351905 0 6757122 0 1354944 0 0 0 1352333 8241152 1141 5144576 7666337 15109140 16776808 12664832 4742796 15542186 16035057 13873047 15124295 13873047 15124295 14119714 15648471 4161128 2655840 15923028 0 8388606 16306569 0 0 0 0 0 0 0 0 0 0 0 0 0 0 0 0 0 1141 5144576 2183424 1247798 881105 1437346 15465858 14775773 356365 109534 2054402 2302776 16708627 15783551 14961642 15408252 1363533 1444394 1086481 542258 14721869 16308486 1066671 390675 1321282 1671713 15692534 16066800 16507434 14929781 78845 1485605 1460415 16301870 14119714 15648471
B -428416 -428416 606273 606273 -659602 -659602 -1229295 -1229295 44446 44446 282916 282916 -1119507 -1119507 -806165 -806165 508199 508199 -169071 -169071 -1084477 -1084477 540957 540957 560937 560937 -976749 -976749 -61497 -61497 1103825 1103825
S 0 0 0 0 4194304 0 4194304 4194304 4194304 4194304 4194304 4194304 0 0 0 0 1351969 0 6757122 0 1358688 0 0 0 1357324 827392 1141 5144576 7824192 8715187 16775247 12267520 4736206 962333 31289 2316936 1883156 2316936 1883156 2176967 2238334 1961490 2845452 13983333 0 8388606 16306569 0 0 0 0 0 0 0 0 0 0 0 0 0 0 0 0 0 1141 5144576 14119714 15648471 16268357 15572412 1118841 1306253 14865300 16050725 14895114 13742138 16322973 632029 1388447 16520433 14386436 14689970 15146720 15183055 1113715 919084 15593693 507239 15220867 13995658 625104 1538725 1528957 714791 14987092 14660346 16517846 13385 2176967 2238334
B 81867 81867 -757121 -757121 653220 653220 1056525 1056525 -423517 -423517 -363517 -363517 1109897 1109897 295897 295897 -817139 -817139 462177 462177 789683 789683 -586307 -586307 -471062 -471062 545263 545263 103616 103616 -656656 -656656
S 0 0 0 0 4194304 0 4194304 4194304 4194304 4194304 4194304 4194304 0 0 0 0 1352033 0 6757122 0 1354240 0 0 0 1352537 13389824 1141 5144576 7963198 8103327 1978 5894144 4718207 138024 290654 14361329 16300464 14361329 16300464 14803664 16124147 2122224 3028209 4909319 0 8388606 16306569 0 0 0 0 0 0 0 0 0 0 0 0 0 0 0 0 0 1141 5144576 2176967 2238334 16775300 329386 14957698 15568251 1748815 864066 1843620 2382480 16381218 15479148 15870188 16230176 2034932 2404658 961888 221701 14493154 15792722 1454127 394582 1051129 2107606 15483298 15725908 16418654 15251533 697765 1483290 1143588 16048093 14803664 16124147
ENDSET
SET 8 A=9102
P 64 127 64 64 64 64 64 64
B 660 660 32432 32432 294598 294598 660672 660672 831060 831060 839066 839066 82354 82354 -576371 -576371 -927362 -927362 -986991 -986991 -436301 -436301 100317 100317 950177 950177 793694 793694 -305468 -305468 -757585 -757585
S 0 0 0 0 4194304 8323072 4194304 4194304 4194304 4194304 4194304 4194304 0 0 0 0 1353391 8388608 14294399 0 1358752 0 0 0 1352721 10881728 845 6571408 8160866 11124729 16775835 16748544 15201584 15229745 15934232 15212449 14666774 15212449 14666774 15442419 15081675 16288470 3406488 85601 0 8388606 1849181 0 0 0 0 0 0 0 0 0 0 0 0 0 0 0 0 0 845 6571408 0 0 0 2640 37815 91913 414091 764304 1382407 1260283 1880451 1443792 1547682 1808584 612932 16493702 15678473 15570475 14818877 15026107 14991728 14614742 15914924 15894307 16643159 535327 1988700 1812011 1701069 1473709 15905713 16426850 15442419 15081675
B -542156 -542156 947230 947230 220106 220106 -1172836 -1172836 -290353 -290353 189175 189175 580894 580894 584931 584931 -648464 -648464 724964 724964 1207049 1207049 225250 225250 -374060 -374060 -882680 -882680 969725 969725 -126160 -126160
S 0 0 0 0 4194304 8323072 4194304 4194304 4194304 4194304 4194304 4194304 0 0 0 0 1357455 8388608 14294399 0 1357632 0 0 0 1358449 16010432 845 6571408 8571163 10914209 16775784 10096640 13498825 14741343 14687438 16175738 14935333 16175738 14935333 16377773 16672019 16730776 14241229 14849068 0 8388606 1849181 0 0 0 0 0 0 0 0 0 0 0 0 0 0 0 0 0 845 6571408 15442419 15081675 15938446 15447363 2151650 1637273 443525 436901 14267613 14595476 16047276 16345745 620592 136110 836573 1487003 1172468 1167257 15177502 15783077 1718550 1181307 2331402 2496796 346362 554641 15955809 16102386 15056233 14967480 2347713 1531190 16377773 16672019
B -1348632 -1348632 -502848 -502848 32083 32083 787689 787689 350044 350044 -784194 -784194 835774 835774 1205663 1205663 800860 800860 506037 506037 -651694 -651694 390342 390342 511139 511139 -1093543 -1093543 -829486 -829486 -999605 -999605
S 0 0 0 0 4194304 8323072 4194304 4194304 4194304 4194304 4194304 4194304 0 0 0 0 1353327 8388608 14294399 0 1356512 0 0 0 1353489 532160 845 6571408 8246295 8529155 16775202 5255168 3258995 15872675 888721 15167923 14988410 15167923 14988410 15185635 14370377 4206528 2481014 14354904 0 8388606 1849181 0 0 0 0 0 0 0 0 0 0 0 0 0 0 0 0 0 845 6571408 16377773 16672019 14382321 13777586 15368100 16174942 389791 16515758 1616833 1533924 732771 667407 14863094 15554562 1599561 1743535 2532983 2289669 1526014 1677427 1068207 955941 15306187 15641472 1176036 385332 644452 1400106 14970090 14210170 14702734 15533756 15185635 14370377
B 114475 114475 664861 664861 -851980 -851980 -120987 -120987 1329324 1329324 773506 773506 773288 773288 -760228 -760228 -197174 -197174 964061 964061 -493923 -493923 -761677 -761677 -685172 -685172 187889 187889 481553 481553 -1247719 -1247719
S 0 0 0 0 4194304 8323072 4194304 4194304 4194304 4194304 4194304 4194304 0 0 0 0 1357391 8388608 14294399 0 1355392 0 0 0 1351873 8982720 845 6571408 8495644 5033190 1228 13524992 13539581 16239447 102336 14292576 14974927 14292576 14974927 14289326 14274233 14813237 14352669 4568314 0 8388606 1849181 0 0 0 0 0 0 0 0 0 0 0 0 0 0 0 0 0 845 6571408 15185635 14370377 76529 381373 1554810 1104634 14944529 15201985 16421491 16648993 2644246 2673052 1680038 1413988 1333027 1760125 15118508 15395013 16411668 16354070 1939126 1917121 16182690 15396051 14997604 15510122 15544099 15269647 343489 408067 1371648 554564 14289326 14274233
B -899 -899 530938 530938 871022 871022 593309 593309 -913261 -913261 293385 293385 944624 944624 -496260 -496260 -503155 -503155 -819689 -819689 -326665 -326665 637100 637100 -1039960 -1039960 -761997 -761997 -137768 -137768 116103 116103
S 0 0 0 0 4194304 8323072 4194304 4194304 4194304 4194304 4194304 4194304 0 0 0 0 1353263 8388608 14294399 0 1354272 0 0 0 1355790 5554880 845 6571408 8311858 5949811 1452 9908224 3214326 1558618 1807694 866444 522988 866444 522988 160627 303785 1993983 2366618 3508408 0 8388606 1849181 0 0 0 0 0 0 0 0 0 0 0 0 0 0 0 0 0 845 6571408 14289326 14274233 36924 16736697 1084365 1039389 1833210 1650879 1340826 1032411 14873587 15027803 548849 624692 1443294 2335202 16229077 15340316 15478956 16062858 15109380 15166298 15972060 16275714 1656978 891422 14661205 14733387 15215196 15291248 16480751 16522612 160627 303785
B 778749 778749 -382453 -382453 -410652 -410652 1148839 1148839 660350 660350 53394 53394 -627215 -627215 -563119 -563119 1056751 1056751 -375593 -375593 -1350364 -1350364 -674323 -674323 -233875 -233875 799565 799565 -419621 -419621 -202829 -202829
S 0 0 0 0 4194304 8323072 4194304 4194304 4194304 4194304 4194304 4194304 0 0 0 0 1357327 8388608 14294399 0 1361344 0 0 0 1353867 7320768 845 6571408 8440077 14820186 16776738 3514368 13588136 1692244 2097150 572055 1430156 572055 1430156 16617936 16125182 13287210 14469952 2217355 0 8388606 1849181 0 0 0 0 0 0 0 0 0 0 0 0 0 0 0 0 0 845 6571408 160627 303785 1815388 1299608 15651958 16372663 16366966 15544860 1802738 2792621 1662880 978521 16765469 225326 15597401 15448172 15263160 16038797 2416937 1810067 15955319 16096743 14362160 13790818 15240693 15616450 16482425 16136509 1751704 1446558 16061957 15813994 16617936 16125182
B 1445558 1445558 767457 767457 673018 673018 -771721 -771721 -225055 -225055 792563 792563 -779132 -779132 -1312899 -1312899 -525839 -525839 -333596 -333596 964362 964362 -395913 -395913 -333033 -333033 1291907 1291907 865897 865897 902449 902449
S 0 0 0 0 4194304 8323072 4194304 4194304 4194304 4194304 4194304 4194304 0 0 0 0 1353199 8388608 14294399 0 1360224 0 0 0 1358080 4896448 845 6571408 8357397 9763273 16775503 10260480 3161914 1188202 16045384 1854292 1501679 1854292 1501679 1675223 1934573 2309307 2246521 15325732 0 8388606 1849181 0 0 0 0 0 0 0 0 0 0 0 0 0 0 0 0 0 845 6571408 16617936 16125182 2627644 3154591 1652882 1416948 1441118 1250957 15231121 15236428 16260805 16393408 1551154 1619100 14963224 15474683 14270424 14032414 15816852 15634226 15791812 16428239 1987085 1870363 15940093 16030690 16653465 15568837 2256211 2911417 2006562 1457029 1675223 1934573
B 2140 2140 -680602 -680602 871457 871457 560773 560773 -770397 -770397 -912722 -912722 -627127 -627127 667039 667039 37204 37204 -1170148 -1170148 -29366 -29366 474517 474517 749229 749229 195003 195003 -810722 -810722 1069101 1069101
S 0 0 0 0 4194304 8323072 4194304 4194304 4194304 4194304 4194304 4194304 0 0 0 0 1357263 8388608 14294399 0 1359104 0 0 0 1355790 8534208 845 6571408 8404593 9301744 16775390 15663104 13644374 1194803 873816 2732560 1908304 2732560 1908304 2392374 1884031 13470473 14592791 15731939 0 8388606 1849181 0 0 0 0 0 0 0 0 0 0 0 0 0 0 0 0 0 845 6571408 1675223 1934573 270855 16514923 15026920 15805105 1903346 1582485 984274 1258819 15363285 15109561 15020073 14883473 15277683 15768243 1379160 1288996 16707021 219012 14811652 14062191 16559632 100120 885281 1012790 1342648 1654268 942965 16614266 15007572 15303972 2392374 1884031
B 510318 510318 -213761 -213761 -296540 -296540 -774479 -774479 619788 619788 57250 57250 -1064575 -1064575 382516 382516 550623 550623 972375 972375 -59554 -59554 -705951 -705951 1073991 1073991 553088 553088 -91612 -91612 -186666 -186666
S 0 0 0 0 4194304 8323072 4194304 4194304 4194304 4194304 4194304 4194304 0 0 0 0 1353135 8388608 14294399 0 1357984 0 0 0 1351871 11410112 845 6571408 8382803 9358001 16775404 11210752 3101884 14697523 14986994 16130070 15134208 16130070 15134208 16595493 16212276 4194363 2121012 13833700 0 8388606 1849181 0 0 0 0 0 0 0 0 0 0 0 0 0 0 0 0 0 845 6571408 2392374 1884031 875489 1165786 16126836 16572555 16465225 15903047 14860360 15596157 1362579 1116575 16617979 388240 14743155 14552980 670490 859575 1292690 909803 1553153 2336348 140263 16398737 15129684 15600945 2642925 1653042 1080657 1131698 16602553 16585433 16595493 16212276
B -1042909 -1042909 598964 598964 357919 357919 -1287235 -1287235 -874561 -874561 -353047 -353047 594713 594713 495531 495531 -850234 -850234 131666 131666 1137689 1137689 897233 897233 508210 508210 -641507 -641507 348208 348208 524965 524965
S 0 0 0 0 4194304 8323072 4194304 4194304 4194304 4194304 4194304 4194304 0 0 0 0 1357199 8388608 14294399 0 1356864 0 0 0 1357296 15117504 845 6571408 8389281 9213370 16775369 6004736 13708159 14990111 14843280 508981 15810112 508981 15810112 667457 1432405 15338319 14720894 14428981 0 8388606 1849181 0 0 0 0 0 0 0 0 0 0 0 0 0 0 0 0 0 845 6571408 16595493 16212276 14766569 14616227 1128006 1267851 426246 1005430 14287324 14118171 14958751 15097437 16252386 15889860 806021 1572833 1105987 876138 14984065 15169433 462805 63859 2210792 2339966 1651778 1937154 1075651 957190 15632757 15355648 1087044 305791 667457 1432405
B -1360748 -1360748 -883778 -883778 -943776 -943776 98842 98842 698324 698324 -1033832 -1033832 188750 188750 1325512 1325512 721148 721148 99850 99850 -837504 -837504 464301 464301 444759 444759 -1235031 -1235031 -930743 -930743 -831738 -831738
S 0 0 0 0 4194304 8323072 4194304 4194304 4194304 4194304 4194304 4194304 0 0 0 0 1353071 8388608 14294399 0 1355744 0 0 0 1354120 2932416 845 6571408 8388013 1281756 312 15581184 3034382 16774649 1749443 15335566 15254442 15335566 15254442 15543848 14683633 3262351 1990393 2098364 0 8388606 1849181 0 0 0 0 0 0 0 0 0 0 0 0 0 0 0 0 0 845 6571408 667457 1432405 14433134 13678307 14674560 15344763 15227952 14551377 16419293 753294 1565860 1227438 14414596 15004511 466943 288057 2784893 2517158 1299845 1584749 151997 247404 15117212 15087205 1102554 754650 905058 873979 14515152 14099156 14551213 15280249 15543848 14683633
B 393871 393871 629349 629349 -1213826 -1213826 -232968 -232968 417647 417647 633710 633710 769989 769989 -838569 -838569 -33319 -33319 1265380 1265380 373325 373325 -92232 -92232 -798515 -798515 -424143 -424143 530337 530337 -842306 -842306
S 0 0 0 0 4194304 8323072 4194304 4194304 4194304 4194304 4194304 4194304 0 0 0 0 1357135 8388608 14294399 0 1354624 0 0 0 1359401 15290560 845 6571408 8394176 6569351 1603 14184448 13779337 15294193 16103983 14090133 14580381 14090133 14580381 14841674 15343537 13001170 14853951 3738663 0 8388606 1849181 0 0 0 0 0 0 0 0 0 0 0 0 0 0 0 0 0 845 6571408 15543848 14683633 648683 926804 1397974 1119424 14070455 14628674 16186753 16435810 886351 784239 1184573 1350267 1355445 1724511 14975273 15224884 101728 16542215 2537846 2523677 827601 665702 16318770 89518 15524045 14836328 15867902 15989961 1469100 652248 14841674 15343537
B -841035 -841035 82107 82107 -41324 -41324 970334 970334 -593486 -593486 -178514 -178514 1338203 1338203 351453 351453 -354318 -354318 -704910 -704910 -221803 -221803 894891 894891 -844208 -844208 -884644 -884644 -174027 -174027 205183 205183
S 0 0 0 0 4194304 8323072 4194304 4194304 4194304 4194304 4194304 4194304 0 0 0 0 1353007 8388608 14294399 0 1361696 0 0 0 1356622 12747456 845 6571408 8373017 16134449 16777059 1249280 2959569 1914453 1084602 825667 855643 825667 855643 478143 342591 1683669 1854979 2367594 0 8388606 1849181 0 0 0 0 0 0 0 0 0 0 0 0 0 0 0 0 0 845 6571408 14841674 15343537 15060731 15129561 301330 27099 16744919 16644220 1738991 2142345 15285713 15894775 16671759 16168619 2185253 3167560 1316358 89455 15589369 16547792 15550875 15183920 16288657 16378565 2056450 1523117 15064595 15113005 15034005 14981854 16200152 16658172 478143 342591
B 644263 644263 -714546 -714546 7693 7693 1493181 1493181 733754 733754 715437 715437 -739133 -739133 -309095 -309095 1114674 1114674 -485810 -485810 -1163462 -1163462 -824328 -824328 -624936 -624936 767582 767582 82355 82355 -674317 -674317
S 0 0 0 0 4194304 8323072 4194304 4194304 4194304 4194304 4194304 4194304 0 0 0 0 1357071 8388608 14294399 0 1360576 0 0 0 1353367 9233600 845 6571408 8419266 9676336 16775482 6488064 13857739 971235 1797679 15626235 517871 15626235 517871 15542338 15314827 12888675 14991641 15959881 0 8388606 1849181 0 0 0 0 0 0 0 0 0 0 0 0 0 0 0 0 0 845 6571408 478143 342591 1450360 1126693 15060933 15635318 160732 16647258 2668807 3303918 1707446 1227570 1190879 1670870 15213515 15384386 15984357 16333696 2263275 2195423 16056083 15555111 14320412 14580172 15176866 15080255 15645264 15409425 1699162 1371166 199780 129641 15542338 15314827
B 1076995 1076995 965899 965899 895666 895666 161224 161224 -570897 -570897 865743 865743 267096 267096 -934318 -934318 -803690 -803690 -528045 -528045 1025898 1025898 -392063 -392063 -997351 -997351 566811 566811 956113 956113 856534 856534
S 0 0 0 0 4194304 8323072 4194304 4194304 4194304 4194304 4194304 4194304 0 0 0 0 1352943 8388608 14294399 0 1359456 0 0 0 1358659 3942080 845 6571408 8337848 8740540 16775253 15450112 2877627 1069408 15658856 1770216 1692203 1770216 1692203 1708813 1717326 3245588 1715096 14459261 0 8388606 1849181 0 0 0 0 0 0 0 0 0 0 0 0 0 0 0 0 0 845 6571408 15542338 15314827 1703615 2604368 2309245 1554353 1497678 2084986 406227 238670 15185110 16085736 2064098 1398874 215780 852605 15032635 14784527 15051107 15288568 15636671 15805583 2369253 1734340 15934956 16051227 15088789 14476239 737839 1529407 2112578 1711876 1708813 1717326
B 20773 20773 -421116 -421116 1057451 1057451 -132228 -132228 -608861 -608861 -593981 -593981 -599103 -599103 899986 899986 -490367 -490367 -1197634 -1197634 -40803 -40803 -67275 -67275 785461 785461 450407 450407 -953637 -953637 623352 623352
S 0 0 0 0 4194304 8323072 4194304 4194304 4194304 4194304 4194304 4194304 0 0 0 0 1357007 8388608 14294399 0 1358336 0 0 0 1355151 14256320 845 6571408 8464491 8599543 16775219 8351744 13943172 1795726 1605895 1784611 2401906 1784611 2401906 1306412 1186996 14430774 15133632 14086240 0 8388606 1849181 0 0 0 0 0 0 0 0 0 0 0 0 0 0 0 0 0 845 6571408 1708813 1717326 190951 16669357 15659370 16210600 2002577 2227227 16547918 16477605 15599931 15519059 15757314 15421197 15104377 16053645 2117772 1482175 15312027 16280937 14868351 13895548 16502132 111875 16686723 16598612 1725664 1416182 1058862 742767 14817055 14922832 1306412 1186996
ENDSET
SET 9 A=11776
P 64 64 64 0 64 64 64 64
B 853 853 17052 17052 -49218 -49218 -217613 -217613 87016 87016 253674 253674 490534 490534 975045 975045 828597 828597 283298 283298 -803609 -803609 -597576 -597576 744690 744690 895409 895409 430615 430615 -685459 -685459
S 0 0 0 0 4194304 4194304 4194304 0 4194304 4194304 4194304 4194304 0 0 0 0 1355378 8388608 12620869 0 1353888 0 0 0 1353075 15198208 1093 12619776 9143879 5155862 1258 12673024 5661928 15149008 525554 15474559 14716860 15474559 14716860 15699263 15113334 12525356 15413876 2399620 9246871 8388606 0 0 0 0 0 0 0 0 0 0 0 0 0 0 0 0 0 0 1093 12619776 0 0 0 3415 48904 19305 16769962 16587598 16357807 16326174 50835 297232 274573 740123 1411118 551019 1984624 1915557 1526874 1787514 798910 334282 14888416 15451581 15565211 15598919 1258252 1720510 2014384 1567252 450090 1272371 15699263 15113334
B -330438 -330438 1232371 1232371 757797 757797 170732 170732 -638299 -638299 -268237 -268237 1053196 1053196 40835 40835 -857772 -857772 229361 229361 656095 656095 -1002361 -1002361 -350027 -350027 758839 758839 433405 433405 -780796 -780796
S 0 0 0 0 4194304 4194304 4194304 0 4194304 4194304 4194304 4194304 0 0 0 0 1357586 8388608 12620869 0 1356096 0 0 0 1353250 11290624 1093 12619776 4386874 10304997 16775635 14569472 3024075 16396137 348082 15212842 14775059 15212842 14775059 15611071 14820180 15897316 2514125 12683569 9246871 8388606 0 0 0 0 0 0 0 0 0 0 0 0 0 0 0 0 0 0 1093 12619776 15699263 15113334 15930010 16302673 2530633 2398853 1830941 1200249 493100 189831 15989564 15011673 16322417 16159067 2505541 1707244 251326 16689230 15350419 14772926 684240 233206 1567394 1056986 15100672 14444319 16266851 15887475 1868938 1166421 1061766 671855 15611071 14820180
B -44877 -44877 1219539 1219539 438263 438263 -442282 -442282 -495793 -495793 1025266 1025266 294837 294837 -861347 -861347 136527 136527 718471 718471 -855276 -855276 -630623 -630623 643310 643310 543581 543581 -629139 -629139 -345844 -345844
S 0 0 0 0 4194304 4194304 4194304 0 4194304 4194304 4194304 4194304 0 0 0 0 1359794 8388608 12620869 0 1358304 0 0 0 1354031 12498944 1093 12619776 6559336 8395803 16775169 12693504 13899789 1733756 2088109 170474 274259 170474 274259 16342061 15828997 16652852 2755590 13761253 9246871 8388606 0 0 0 0 0 0 0 0 0 0 0 0 0 0 0 0 0 0 1093 12619776 15611071 14820180 162341 16435367 2699159 2178999 953411 799644 16359511 15425796 15814014 15757249 2427218 1673849 719787 459561 15333261 14775786 443188 102920 1674280 1199604 15438040 14695289 15659790 15372152 1666847 906393 1263634 910693 15906459 15131417 16342061 15828997
B 1197279 1197279 641717 641717 -332428 -332428 -606500 -606500 950150 950150 496395 496395 -868126 -868126 6618 6618 774284 774284 -595369 -595369 -960705 -960705 443361 443361 643446 643446 -388690 -388690 -684900 -684900 1073505 1073505
S 0 0 0 0 4194304 4194304 4194304 0 4194304 4194304 4194304 4194304 0 0 0 0 1353810 8388608 12620869 0 1352320 0 0 0 1355118 8288256 1093 12619776 10784476 7735207 1888 8024064 14756354 2094918 1515476 2254548 2249873 2254548 2249873 2276729 2017294 983156 12948904 1325684 9246871 8388606 0 0 0 0 0 0 0 0 0 0 0 0 0 0 0 0 0 0 1093 12619776 16342061 15828997 2607380 2181736 1322275 1244593 16527284 15697437 15566981 15561453 2235249 1565353 1099410 886173 15259952 14821978 127092 16676599 1775714 1321425 15953770 15219188 14954750 14756862 1252614 520830 1444941 1128846 16326070 15673603 15656156 15158679 2276729 2017294
B 866629 866629 -174391 -174391 -727122 -727122 799669 799669 781007 781007 -824407 -824407 -181955 -181955 751237 751237 -244978 -244978 -1227014 -1227014 270192 270192 672385 672385 -151962 -151962 -921894 -921894 901743 901743 1002519 1002519
S 0 0 0 0 4194304 4194304 4194304 0 4194304 4194304 4194304 4194304 0 0 0 0 1356018 8388608 12620869 0 1354528 0 0 0 1358012 13604864 1093 12619776 11685030 8377200 2045 3604480 2253037 1397159 16162229 1808042 1530753 1808042 1530753 1955592 2054487 15424671 13709430 2421999 9246871 8388606 0 0 0 0 0 0 0 0 0 0 0 0 0 0 0 0 0 0 1093 12619776 2276729 2017294 1728384 1738133 16749068 16107801 15288127 15357820 1856212 1342466 1621320 1502708 15267048 14989758 16452907 16373706 1715964 1288986 16599713 15974809 14385735 14260642 858947 221822 1485832 1203708 16722590 16223995 15148011 14718846 1863717 1743256 1955592 2054487
B -31348 -31348 -795618 -795618 636510 636510 987161 987161 -755208 -755208 -346110 -346110 650669 650669 13629 13629 -1348058 -1348058 249158 249158 672108 672108 -77159 -77159 -975861 -975861 840973 840973 1036119 1036119 -6030 -6030
S 0 0 0 0 4194304 4194304 4194304 0 4194304 4194304 4194304 4194304 0 0 0 0 1358226 8388608 12620869 0 1356736 0 0 0 1352122 3745792 1093 12619776 7239415 10510083 16775685 15740928 103911 14689747 15150307 132952 15934797 132952 15934797 192352 16560746 1580614 4246259 13178869 9246871 8388606 0 0 0 0 0 0 0 0 0 0 0 0 0 0 0 0 0 0 1093 12619776 1955592 2054487 170900 16480927 15111009 15260951 1457553 1088489 1982810 1965835 15328166 15205434 16070742 16099253 1506696 1095980 257878 16573855 14174682 13987520 759521 237111 1509522 1178912 49071 16419511 15032677 14618314 1716311 1647582 2017131 2127348 192352 16560746
B -800409 -800409 591349 591349 1015695 1015695 -767663 -767663 -414511 -414511 562393 562393 43415 43415 -1330821 -1330821 421326 421326 657377 657377 -189185 -189185 -870206 -870206 945496 945496 980436 980436 -116234 -116234 -753017 -753017
S 0 0 0 0 4194304 4194304 4194304 0 4194304 4194304 4194304 4194304 0 0 0 0 1352242 8388608 12620869 0 1358944 0 0 0 1354151 6641664 1093 12619776 3319822 16391313 16777121 13176832 14672800 973329 2093443 15097635 15680183 15097635 15680183 15237799 15304565 718728 3142096 16003739 9246871 8388606 0 0 0 0 0 0 0 0 0 0 0 0 0 0 0 0 0 0 1093 12619776 192352 16560746 15099729 15253069 1343811 1021586 2034209 2028571 15248005 15235777 15946733 15949657 1345311 904264 262468 16688410 14316529 13914619 1064156 621150 1534302 1095209 16622532 16175163 15267322 14806288 1959364 1822623 1939930 1981817 13666 16298617 15237799 15304565
B 694810 694810 849130 849130 -899813 -899813 -390385 -390385 532277 532277 -114939 -114939 -1158786 -1158786 707093 707093 561602 561602 -430773 -430773 -557736 -557736 1162111 1162111 705034 705034 -366913 -366913 -570224 -570224 901788 901788
S 0 0 0 0 4194304 4194304 4194304 0 4194304 4194304 4194304 4194304 0 0 0 0 1354450 8388608 12620869 0 1352960 0 0 0 1356688 9668608 1093 12619776 8725037 5410690 1320 16261120 1786015 1566190 16484969 2455087 1898934 2455087 1898934 2094839 1512315 14561732 13475920 2875974 9246871 8388606 0 0 0 0 0 0 0 0 0 0 0 0 0 0 0 0 0 0 1093 12619776 15237799 15304565 1589065 1190178 1748067 1648455 14955670 14999513 16074017 15918876 1347911 781199 16682492 16412184 14796867 14122422 1608070 1220304 1391805 854604 16216108 15615232 15928911 15394578 2486709 2161738 1475392 1344747 16381867 15704914 15707594 15565943 2094839 1512315
B 356240 356240 -1089161 -1089161 -241361 -241361 588158 588158 -373824 -373824 -883459 -883459 866152 866152 459477 459477 -611128 -611128 -224589 -224589 1226431 1226431 334068 334068 -554464 -554464 -325881 -325881 974911 974911 -148679 -148679
S 0 0 0 0 4194304 4194304 4194304 0 4194304 4194304 4194304 4194304 0 0 0 0 1356658 8388608 12620869 0 1355168 0 0 0 1359147 13879296 1093 12619776 15428739 7923919 1934 9236480 2573870 14906649 14693507 16287188 15388263 16287188 15388263 16710285 16249431 14785485 13869847 2715820 9246871 8388606 0 0 0 0 0 0 0 0 0 0 0 0 0 0 0 0 0 0 1093 12619776 2094839 1512315 866712 558251 14588952 14608839 16499948 16089041 1538932 813701 16149801 15909338 15408610 14611987 1919938 1544672 1192512 645399 15910300 15199621 16598876 16057200 2681741 2223986 815080 521195 16038803 15297775 16289960 15960949 2288580 1611065 16710285 16249431
B -1126228 -1126228 -105813 -105813 685082 685082 -437967 -437967 -924068 -924068 666994 666994 585967 585967 -556346 -556346 -286628 -286628 1202349 1202349 359111 359111 -596694 -596694 -303771 -303771 942306 942306 -128073 -128073 -1177408 -1177408
S 0 0 0 0 4194304 4194304 4194304 0 4194304 4194304 4194304 4194304 0 0 0 0 1358866 8388608 12620869 0 1357376 0 0 0 1352786 11208704 1093 12619776 8382314 13068954 16776310 11116544 13303400 15474120 16211772 14602857 14788241 14602857 14788241 14382187 14462613 2993445 2457395 13084032 9246871 8388606 0 0 0 0 0 0 0 0 0 0 0 0 0 0 0 0 0 0 1093 12619776 16710285 16249431 14539478 14510043 70317 16283648 1722403 1017928 16042775 15759791 15285856 14572307 1513757 1154221 1461781 882090 15964076 15364975 16519943 15887977 2578211 2231185 928785 507662 15888696 15278963 16385685 15953665 2178528 1590698 5007 16259918 14382187 14462613
B -201753 -201753 701531 701531 -125391 -125391 -1210934 -1210934 295459 295459 714582 714582 -299303 -299303 -549907 -549907 1152463 1152463 564733 564733 -590398 -590398 -376262 -376262 878301 878301 101546 101546 -1244005 -1244005 -379790 -379790
S 0 0 0 0 4194304 4194304 4194304 0 4194304 4194304 4194304 4194304 0 0 0 0 1352882 8388608 12620869 0 1351392 0 0 0 1354776 10393600 1093 12619776 16073523 8140328 1987 6455296 13796190 955796 2018605 16208534 16010658 16208534 16010658 16272844 15762431 1831315 1029917 1101773 9246871 8388606 0 0 0 0 0 0 0 0 0 0 0 0 0 0 0 0 0 0 1093 12619776 14382187 14462613 16662819 16084604 1663663 1142463 16643692 16409178 14609486 14101211 725841 455995 1710156 1148172 16357896 15999324 16033274 15321532 2388548 2221306 1383229 875706 15812999 15379843 16268874 15780511 1974808 1538396 475719 16707682 14158096 14420316 16272844 15762431
B 596250 596250 312395 312395 -1363048 -1363048 -102695 -102695 716407 716407 -14734 -14734 -810889 -810889 1008891 1008891 860945 860945 -483628 -483628 -530180 -530180 755397 755397 481329 481329 -1228709 -1228709 -585438 -585438 334340 334340
S 0 0 0 0 4194304 4194304 4194304 0 4194304 4194304 4194304 4194304 0 0 0 0 1355090 8388608 12620869 0 1353600 0 0 0 1357033 15681536 1093 12619776 8567180 1453146 354 12951552 4257382 1993424 142006 1090752 2204774 1090752 2204774 588990 748371 13345717 14711603 2372414 9246871 8388606 0 0 0 0 0 0 0 0 0 0 0 0 0 0 0 0 0 0 1093 12619776 16272844 15762431 1298789 1086213 677526 572054 14166174 13936068 16631165 16512487 1657890 1207740 16763764 16731733 15511558 14799319 2012726 2022840 1945626 1498156 15952714 15667208 15912070 15521645 1649324 1372266 1180527 744791 14097789 14541810 15744635 15468048 588990 748371
B 762696 762696 -1267084 -1267084 -517273 -517273 599855 599855 293607 293607 -1007322 -1007322 735664 735664 1132259 1132259 -287461 -287461 -670594 -670594 536476 536476 883652 883652 -1067359 -1067359 -682793 -682793 21053 21053 1015400 1015400
S 0 0 0 0 4194304 4194304 4194304 0 4194304 4194304 4194304 4194304 0 0 0 0 1357298 8388608 12620869 0 1355808 0 0 0 1358019 4499456 1093 12619776 2713685 5425425 1324 9506816 3173092 15622599 15293736 1556915 599769 1556915 599769 1904771 2156831 14626142 899860 3373745 9246871 8388606 0 0 0 0 0 0 0 0 0 0 0 0 0 0 0 0 0 0 1093 12619776 588990 748371 1473908 1576877 14188361 14297735 15703177 15782164 1317167 1082253 438629 735799 15080562 14444582 1356950 1585707 2420069 2108968 16254111 16150478 15541117 15330940 1105055 1040852 1893560 1641050 14347544 14937452 15413713 15409550 16594784 266646 1904771 2156831
B -987670 -987670 -784739 -784739 425748 425748 522573 522573 -1082025 -1082025 426420 426420 1265887 1265887 -66648 -66648 -737594 -737594 283281 283281 1161087 1161087 -821493 -821493 -685032 -685032 -172913 -172913 1079360 1079360 -775539 -775539
S 0 0 0 0 4194304 4194304 4194304 0 4194304 4194304 4194304 4194304 0 0 0 0 1359506 8388608 12620869 0 1349824 0 0 0 1359462 6137856 1093 12619776 7545667 1039625 253 13668352 13100088 14681649 14853347 14678394 15300095 14678394 15300095 14952518 15499761 3578115 2355740 14881197 9246871 8388606 0 0 0 0 0 0 0 0 0 0 0 0 0 0 0 0 0 0 1093 12619776 1904771 2156831 14602034 15001719 15108098 15307378 836200 866794 815325 1274970 14854135 14372197 651075 1054608 2605292 2458257 16612807 16675035 15307826 15296232 496562 636564 2352745 2291606 14817560 15450903 15315623 15498683 16141317 16721466 2003031 2314412 14952518 15499761
B -890811 -890811 319969 319969 626208 626208 -1082792 -1082792 201874 201874 1286837 1286837 104431 104431 -741591 -741591 68460 68460 1297185 1297185 -579800 -579800 -657294 -657294 -298886 -298886 1081320 1081320 -595154 -595154 -962720 -962720
S 0 0 0 0 4194304 4194304 4194304 0 4194304 4194304 4194304 4194304 0 0 0 0 1353522 8388608 12620869 0 1352032 0 0 0 1353972 10516480 1093 12619776 12216190 5737517 1400 12767232 13777592 15762501 1741570 14990293 15071308 14990293 15071308 14708159 14995394 1216659 14089187 1455622 9246871 8388606 0 0 0 0 0 0 0 0 0 0 0 0 0 0 0 0 0 0 1093 12619776 14952518 15499761 14873973 15117217 537820 742058 1004421 1500414 14788549 14434716 147610 659887 2587435 2559916 115821 301905 15225953 15362116 16761942 289115 2553759 2634981 15298449 15936786 15311646 15613612 15853789 16505099 1987592 2337689 15266487 15907329 14708159 14995394
B 217067 217067 748618 748618 -1009443 -1009443 -127996 -127996 1231317 1231317 320026 320026 -676606 -676606 -212706 -212706 1368776 1368776 -216936 -216936 -577054 -577054 -454473 -454473 1032639 1032639 -292767 -292767 -1028340 -1028340 43364 43364
S 0 0 0 0 4194304 4194304 4194304 0 4194304 4194304 4194304 4194304 0 0 0 0 1355730 8388608 12620869 0 1354240 0 0 0 1356710 231424 1093 12619776 10348184 5291778 1291 15736832 2790506 2082075 1241440 16711028 1638447 16711028 1638447 16645297 305378 15020146 13978165 2468088 9246871 8388606 0 0 0 0 0 0 0 0 0 0 0 0 0 0 0 0 0 0 1093 12619776 14708159 14995394 269813 598458 1233686 1760789 14820872 14695788 16215689 49544 2392126 2533143 476482 803622 15270822 15577187 16103106 16600504 2620127 2854979 16033778 16652911 15412451 15833765 15505904 16230637 1873956 2256600 15812881 16570484 14567609 14873466 16645297 305378
ENDSET
SET 10 A=11776
P 64 64 64 63 64 64 64 64
B 853 853 17052 17052 70464 70464 401702 401702 696215 696215 861598 861598 1035076 1035076 491552 491552 171114 171114 -841015 -841015 -793199 -793199 239650 239650 775531 775531 138455 138455 -894853 -894853 -381668 -381668
S 0 0 0 0 4194304 4194304 4194304 4128768 4194304 4194304 4194304 4194304 0 0 0 0 1355378 8388608 12620869 0 1353888 0 0 0 1354199 3676160 1093 12619776 9143879 5155862 1258 12673024 5661928 263612 1473415 15879593 164678 15879593 164678 15935755 16092006 1698595 15413876 2399620 16646146 8388606 0 0 0 0 0 0 0 0 0 0 0 0 0 0 0 0 0 0 1093 12619776 0 0 0 3415 48904 19305 360314 16698761 816472 790339 987773 1797089 1912718 1533675 1952147 2188160 1154353 811855 603045 81414 15161966 15028408 15462110 14919527 448835 509766 1298457 1803668 16724652 606387 15122096 14852926 15935755 16092006
B 598285 598285 421828 421828 -809508 -809508 397262 397262 1138135 1138135 -313280 -313280 -790268 -790268 46994 46994 786740 786740 -1076872 -1076872 -287197 -287197 971804 971804 -37482 -37482 -992525 -992525 436072 436072 1122827 1122827
S 0 0 0 0 4194304 4194304 4194304 4128768 4194304 4194304 4194304 4194304 0 0 0 0 1357586 8388608 12620869 0 1356096 0 0 0 1357251 7026688 1093 12619776 4386874 10304997 16775635 14569472 3024075 993165 16162383 1844974 1761292 1844974 1761292 2246753 2244558 1505346 2514125 12683569 16646146 8388606 0 0 0 0 0 0 0 0 0 0 0 0 0 0 0 0 0 0 1093 12619776 15935755 16092006 909880 1483262 1245653 441659 14822966 15493435 1047798 541251 2232412 2320130 16106769 16194546 15280611 15112750 90657 97322 1738517 1408446 14496161 14750785 16227449 16178197 1922999 1964219 16656342 16748162 15009073 14575261 888354 855935 2246753 2244558
B -138561 -138561 -822864 -822864 260637 260637 1141145 1141145 -49204 -49204 -808271 -808271 -120795 -120795 837904 837904 -962628 -962628 -466268 -466268 951362 951362 132972 132972 -966328 -966328 158267 158267 1169064 1169064 94477 94477
S 0 0 0 0 4194304 4194304 4194304 4128768 4194304 4194304 4194304 4194304 0 0 0 0 1359794 8388608 12620869 0 1358304 0 0 0 1359433 13674496 1093 12619776 6559336 8395803 16775169 12693504 13899789 15207469 14845395 231327 16336991 231327 16336991 131114 246797 15720861 2755590 13761253 16646146 8388606 0 0 0 0 0 0 0 0 0 0 0 0 0 0 0 0 0 0 1093 12619776 2246753 2244558 16423489 16576702 15190407 15072572 529956 512594 2372798 2191785 16540122 40281 15321451 14999898 16485138 16586115 1837873 1513746 14676393 15027529 15936573 15752787 1850693 1954758 280114 251774 15023469 14665654 335879 297192 2331300 2344959 131114 246797
B -806585 -806585 -58933 -58933 1172214 1172214 124882 124882 -783951 -783951 -254105 -254105 881310 881310 -837919 -837919 -703896 -703896 839190 839190 367835 367835 -873566 -873566 -200629 -200629 1125651 1125651 375248 375248 -707561 -707561
S 0 0 0 0 4194304 4194304 4194304 4128768 4194304 4194304 4194304 4194304 0 0 0 0 1353810 8388608 12620869 0 1352320 0 0 0 1352619 2947072 1093 12619776 10784476 7735207 1888 8024064 14756354 15485332 16755659 15043794 14657569 15043794 14657569 15488703 15235486 166442 12948904 1325684 16646146 8388606 0 0 0 0 0 0 0 0 0 0 0 0 0 0 0 0 0 0 1093 12619776 131114 246797 15258846 15069246 16694001 16624701 2390295 2298561 132608 366923 15363961 15054667 16221334 16316680 1890715 1634525 14939847 15262909 15495034 15243814 1613256 1743507 812171 659170 15151256 14908913 16394621 16357295 2231154 2271452 724684 776311 15488703 15235486
B -434470 -434470 1126827 1126827 383387 383387 -715687 -715687 -447015 -447015 902506 902506 -585802 -585802 -997656 -997656 643567 643567 577006 577006 -705572 -705572 -515382 -515382 1016761 1016761 572071 572071 -579068 -579068 -677792 -677792
S 0 0 0 0 4194304 4194304 4194304 4128768 4194304 4194304 4194304 4194304 0 0 0 0 1356018 8388608 12620869 0 1354528 0 0 0 1354383 15476736 1093 12619776 11685030 8377200 2045 3604480 2253037 1034513 2073667 15978903 16703475 15978903 16703475 15497958 15345307 15564326 13709430 2421999 16646146 8388606 0 0 0 0 0 0 0 0 0 0 0 0 0 0 0 0 0 0 1093 12619776 15488703 15235486 15965987 15850568 2236379 2270931 685488 848061 15483747 15207938 15847473 15918900 1890175 1719852 15483084 15728142 14935513 14628296 1203973 1370296 1300053 1007972 15411685 15320461 15768497 15724408 1992744 2074300 1156176 1132110 15752009 15486153 15497958 15345307
B 1031660 1031660 566987 566987 -655963 -655963 -567379 -567379 884712 884712 -330842 -330842 -1153485 -1153485 489341 489341 667287 667287 -621102 -621102 -609657 -609657 980187 980187 626997 626997 -529614 -529614 -728306 -728306 1004837 1004837
S 0 0 0 0 4194304 4194304 4194304 4128768 4194304 4194304 4194304 4194304 0 0 0 0 1358226 8388608 12620869 0 1356736 0 0 0 1356079 3430400 1093 12619776 7239415 10510083 16775685 15740928 103911 1828436 908150 1928361 2184998 1928361 2184998 1919523 2099826 221496 4246259 13178869 16646146 8388606 0 0 0 0 0 0 0 0 0 0 0 0 0 0 0 0 0 0 1093 12619776 15497958 15345307 1991525 2135115 1087632 1180319 15578040 15352540 15627143 15657774 1826358 1712491 16037407 16193660 14614654 14325840 898129 1059238 1509474 1159675 15539207 15530819 15594592 15521214 1899516 2021233 1287633 1220358 15846186 15589791 15408224 15232984 1919523 2099826
B 584002 584002 -678424 -678424 -564587 -564587 890571 890571 -225385 -225385 -1151766 -1151766 497734 497734 655100 655100 -694321 -694321 -476144 -476144 1066566 1066566 539979 539979 -594785 -594785 -592954 -592954 1077959 1077959 391868 391868
S 0 0 0 0 4194304 4194304 4194304 4128768 4194304 4194304 4194304 4194304 0 0 0 0 1352242 8388608 12620869 0 1358944 0 0 0 1358617 12945408 1093 12619776 3319822 16391313 16777121 13176832 14672800 15905385 14758631 589047 93945 589047 93945 735338 832135 330616 3142096 16003739 16646146 8388606 0 0 0 0 0 0 0 0 0 0 0 0 0 0 0 0 0 0 1093 12619776 1919523 2099826 1133497 1202514 15516146 15324593 15649115 15646972 1838179 1724105 16267138 16385757 14577599 14369769 937257 1053679 1457608 1162793 15407011 15370137 15880970 15768888 2061762 2204503 1109257 1050660 15711231 15464062 15684236 15498382 2092604 2219232 735338 832135
B -789147 -789147 -424620 -424620 939967 939967 -315499 -315499 -1035936 -1035936 644660 644660 545432 545432 -835355 -835355 -152108 -152108 1195216 1195216 254826 254826 -737025 -737025 -193057 -193057 1138654 1138654 -105399 -105399 -901174 -901174
S 0 0 0 0 4194304 4194304 4194304 4128768 4194304 4194304 4194304 4194304 0 0 0 0 1354450 8388608 12620869 0 1352960 0 0 0 1353527 3102720 1093 12619776 8725037 5410690 1320 16261120 1786015 15669204 690004 14942587 14850018 14942587 14850018 15041793 14907946 906895 13475920 2875974 16646146 8388606 0 0 0 0 0 0 0 0 0 0 0 0 0 0 0 0 0 0 1093 12619776 735338 832135 15286335 15111509 15937334 15918621 1955518 1804352 16087406 16205030 14749998 14660690 1261545 1317096 1180561 1001167 15175383 15037630 16551025 16394978 2314828 2466038 518628 500676 15397232 15209103 16491000 16291206 2289056 2265563 16494709 16638130 15041793 14907946
B -71285 -71285 935720 935720 -639057 -639057 -799643 -799643 792102 792102 411603 411603 -897849 -897849 105447 105447 1220809 1220809 -49504 -49504 -776917 -776917 197284 197284 1032613 1032613 -576736 -576736 -848600 -848600 259550 259550
S 0 0 0 0 4194304 4194304 4194304 4128768 4194304 4194304 4194304 4194304 0 0 0 0 1356658 8388608 12620869 0 1355168 0 0 0 1356357 15869952 1093 12619776 15428739 7923919 1934 9236480 2573870 2046677 806292 902087 1589519 902087 1589519 525541 512659 16510799 13869847 2715820 16646146 8388606 0 0 0 0 0 0 0 0 0 0 0 0 0 0 0 0 0 0 1093 12619776 15041793 14907946 16646613 16622681 1956221 1786661 15462232 15535975 15172070 15183793 1578877 1589531 868920 777494 15085095 14877943 304381 117410 2364702 2518535 16670815 16685601 15277445 15169320 488961 300177 2148309 1982146 15544676 15702813 15117843 15042192 525541 512659
B 808237 808237 -898740 -898740 -668429 -668429 706098 706098 550264 550264 -800188 -800188 -104056 -104056 1228109 1228109 24513 24513 -787024 -787024 180385 180385 1025010 1025010 -584624 -584624 -860593 -860593 247860 247860 846087 846087
S 0 0 0 0 4194304 4194304 4194304 4128768 4194304 4194304 4194304 4194304 0 0 0 0 1358866 8388608 12620869 0 1357376 0 0 0 1358155 10749952 1093 12619776 8382314 13068954 16776310 11116544 13303400 16146489 14967648 1549650 611625 1549650 611625 1747486 1636862 15504042 2457395 13084032 16646146 8388606 0 0 0 0 0 0 0 0 0 0 0 0 0 0 0 0 0 0 1093 12619776 525541 512659 1685434 1547515 14980975 14978499 15420562 15460154 1424068 1400325 1151014 1050043 15259995 15093686 16642939 16495270 2368451 2543985 66775 31278 15240274 15166063 477620 243922 2110766 1989277 15555530 15660407 15067113 15044949 522464 468978 1747486 1636862
B -799700 -799700 -861033 -861033 416946 416946 773989 773989 -531859 -531859 -494628 -494628 1157444 1157444 264158 264158 -800641 -800641 29643 29643 1063946 1063946 -412920 -412920 -920610 -920610 110388 110388 947288 947288 -515902 -515902
S 0 0 0 0 4194304 4194304 4194304 4128768 4194304 4194304 4194304 4194304 0 0 0 0 1352882 8388608 12620869 0 1351392 0 0 0 1359181 1071104 1093 12619776 16073523 8140328 1987 6455296 13796190 14692409 14906028 15378605 15122066 15378605 15122066 15775433 15715392 15834518 1029917 1101773 16646146 8388606 0 0 0 0 0 0 0 0 0 0 0 0 0 0 0 0 0 0 1093 12619776 1747486 1636862 15201006 15154629 15000801 15109499 888823 778963 1601877 1494082 15755693 15671305 15802545 15773376 2233485 2396292 578833 477799 15202946 15148923 209060 16686729 2129758 2126027 15937750 15965002 14918399 14953593 284747 156806 1944273 1844879 15775433 15715392
B -1067144 -1067144 36552 36552 866716 866716 -162876 -162876 -802455 -802455 997833 997833 553697 553697 -759155 -759155 -233164 -233164 1081765 1081765 -66596 -66596 -965614 -965614 -135109 -135109 1024572 1024572 -31416 -31416 -1136215 -1136215
S 0 0 0 0 4194304 4194304 4194304 4128768 4194304 4194304 4194304 4194304 0 0 0 0 1355090 8388608 12620869 0 1353600 0 0 0 1352452 3901440 1093 12619776 8567180 1453146 354 12951552 4257382 15006985 16074692 14614016 14700639 14614016 14700639 14358871 14650704 429294 14711603 2372414 16646146 8388606 0 0 0 0 0 0 0 0 0 0 0 0 0 0 0 0 0 0 1093 12619776 15775433 15715392 14539405 14746453 185298 16738126 1759541 1707323 16467891 16435038 15103166 15241446 1975772 2015562 1165331 1049460 15296658 15221157 16480458 16141318 2084437 2242625 16671459 16616590 14803702 14888275 16617013 16396984 2104289 1994001 16733417 16695352 14358871 14650704
B -389162 -389162 768003 768003 275887 275887 -994766 -994766 719022 719022 849943 849943 -638137 -638137 -521750 -521750 994719 994719 369577 369577 -917925 -917925 -410400 -410400 964584 964584 478117 478117 -1017283 -1017283 -666498 -666498
S 0 0 0 0 4194304 4194304 4194304 4128768 4194304 4194304 4194304 4194304 0 0 0 0 1357298 8388608 12620869 0 1355808 0 0 0 1354338 13338624 1093 12619776 2713685 5425425 1324 9506816 3173092 405455 1883755 15514679 15773575 15514679 15773575 15633580 15254862 892763 899860 3373745 16646146 8388606 0 0 0 0 0 0 0 0 0 0 0 0 0 0 0 0 0 0 1093 12619776 14358871 14650704 16165933 15831852 1509203 1562811 557914 545634 14624783 14950586 1532092 1343996 1720294 1679479 15577152 15424735 15885426 15582007 1838832 2140046 791933 686378 14889983 14992751 16100987 15811846 1995163 1863174 949562 962908 14586458 14898842 15633580 15254862
B 542226 542226 598627 598627 -1012235 -1012235 437519 437519 1050031 1050031 -476266 -476266 -728346 -728346 817860 817860 740480 740480 -775176 -775176 -620207 -620207 780243 780243 806311 806311 -877416 -877416 -776778 -776778 386117 386117
S 0 0 0 0 4194304 4194304 4194304 4128768 4194304 4194304 4194304 4194304 0 0 0 0 1359506 8388608 12620869 0 1349824 0 0 0 1357123 3659776 1093 12619776 7545667 1039625 253 13668352 13100088 2025759 595677 1178265 1845482 1178265 1845482 689192 855278 1281740 2355740 14881197 16646146 8388606 0 0 0 0 0 0 0 0 0 0 0 0 0 0 0 0 0 0 1093 12619776 15633580 15254862 1011678 1157228 1199910 1194601 14532451 14973042 1084171 665906 2052634 2147493 15953135 15696234 15417594 15223456 1452258 1819184 1530397 1431525 15189426 15264305 15685367 15388240 1630138 1490835 1568926 1656318 14888158 15156613 15398632 15048688 689192 855278
B 728408 728408 -962317 -962317 293122 293122 1143074 1143074 -352014 -352014 -826032 -826032 641046 641046 977233 977233 -605655 -605655 -737897 -737897 570466 570466 1000116 1000116 -735352 -735352 -846799 -846799 269209 269209 798183 798183
S 0 0 0 0 4194304 4194304 4194304 4128768 4194304 4194304 4194304 4194304 0 0 0 0 1353522 8388608 12620869 0 1352032 0 0 0 1359612 9230336 1093 12619776 12216190 5737517 1400 12767232 13777592 15197405 14816215 1227469 497126 1227469 497126 1594211 1598524 15704715 14089187 1455622 16646146 8388606 0 0 0 0 0 0 0 0 0 0 0 0 0 0 0 0 0 0 1093 12619776 689192 855278 1453500 1460135 14635111 15070054 853122 319367 2194636 2377660 16226912 15919465 15176945 15073359 1084088 1480096 1994348 1914585 15544443 15587371 15439912 15162933 1202913 1078953 1925529 2074938 15197122 15415904 15236680 14930559 457254 619583 1594211 1598524
B -918039 -918039 79608 79608 1194249 1194249 -126207 -126207 -911651 -911651 374183 374183 1201501 1201501 -329134 -329134 -810415 -810415 260787 260787 1153370 1153370 -479952 -479952 -921205 -921205 77728 77728 877032 877032 -792910 -792910
S 0 0 0 0 4194304 4194304 4194304 4128768 4194304 4194304 4194304 4194304 0 0 0 0 1355730 8388608 12620869 0 1354240 0 0 0 1352701 9611264 1093 12619776 10348184 5291778 1291 15736832 2790506 15793411 316798 14792768 14621191 14792768 14621191 15063855 15318939 15806318 13978165 2468088 16646146 8388606 0 0 0 0 0 0 0 0 0 0 0 0 0 0 0 0 0 0 1093 12619776 1594211 1598524 14763363 15118914 430087 16665564 2279621 2497378 16687038 16362567 14952377 14955453 542608 954124 2424375 2381630 16127271 16110625 15259935 15052837 566100 477051 2195901 2417582 15750908 15883716 15049507 14820105 85370 225543 1743059 1765071 15063855 15318939
ENDSET
SET 11 A=3300
P 64 64 63 64 64 64 64 64
B 239 239 -4265 -4265 -72243 -72243 153522 153522 641666 641666 615660 615660 311093 311093 166639 166639 726998 726998 661605 661605 822859 822859 793812 793812 420844 420844 508670 508670 677134 677134 750137 750137
S 0 0 0 0 4194304 4194304 4128768 4194304 4194304 4194304 4194304 4194304 0 0 0 0 1354793 0 8443410 0 1352256 0 0 0 1354412 1325168 306 8443104 8971732 8173350 1995 7495680 4024583 1994040 1737001 1966901 2101799 1966901 2101799 1690087 1310463 2429802 14595203 1759350 0 8388606 0 0 0 0 0 0 0 0 0 0 0 0 0 0 0 0 0 0 306 8443104 0 0 0 957 13716 16746441 104224 16384020 457263 156825 1212615 1354052 1301591 1161051 298091 946284 611889 54669 1106127 1801866 1384840 1261582 1855099 1436338 1454724 1720525 1060430 622948 1152917 881765 1114078 1594461 1690087 1310463
B 1115847 1115847 374916 374916 -263521 -263521 -894533 -894533 -890459 -890459 -1058784 -1058784 -342208 -342208 756893 756893 1179843 1179843 942968 942968 1086427 1086427 939176 939176 802716 802716 -47058 -47058 -798033 -798033 -1091735 -1091735
S 0 0 0 0 4194304 4194304 4128768 4194304 4194304 4194304 4194304 4194304 0 0 0 0 1355369 0 8443410 0 1352832 0 0 0 1357960 4875376 306 8443104 8407278 8181953 1997 9179136 16560323 14732300 14709322 14683653 14662521 14683653 14662521 14553605 14633887 15682175 12474465 2654020 0 8388606 0 0 0 0 0 0 0 0 0 0 0 0 0 0 0 0 0 0 306 8443104 1690087 1310463 2185552 2277836 998589 501078 16162953 16337398 14934706 15041596 15009157 14983439 14638492 14680804 16079713 16105888 1482551 1545023 2439514 2279861 1815571 1956303 2268364 2077346 1794322 1962382 1693935 1516932 16654967 16711236 15231974 15130329 14553605 14633887
B -1000605 -1000605 -1062362 -1062362 -990904 -990904 -928769 -928769 -380776 -380776 841997 841997 1105228 1105228 645747 645747 706129 706129 522479 522479 488475 488475 -324332 -324332 -995630 -995630 -990798 -990798 -617614 -617614 -599768 -599768
S 0 0 0 0 4194304 4194304 4128768 4194304 4194304 4194304 4194304 4194304 0 0 0 0 1355945 0 8443410 0 1353408 0 0 0 1359289 3555440 306 8443104 9450031 1007696 246 327680 3022079 15479073 15473181 15570575 15390821 15570575 15390821 15533725 15621638 15906371 14093951 1413797 0 8388606 0 0 0 0 0 0 0 0 0 0 0 0 0 0 0 0 0 0 306 8443104 14553605 14633887 14841029 14710986 14593833 14711154 14817424 14773394 14864839 14974517 15957034 16074295 1726171 1641817 2226304 2194608 1251070 1331918 1341728 1482791 1025103 1064816 1039906 913994 16038910 16218194 14819239 14752675 14770778 14820465 15491454 15592524 15533725 15621638
B -650967 -650967 -399023 -399023 -76434 -76434 755908 755908 906652 906652 -45934 -45934 -14698 -14698 -250243 -250243 -218851 -218851 -597617 -597617 -1056052 -1056052 -613503 -613503 55368 55368 316763 316763 184845 184845 305794 305794
S 0 0 0 0 4194304 4194304 4128768 4194304 4194304 4194304 4194304 4194304 0 0 0 0 1356521 0 8443410 0 1353984 0 0 0 1352596 15666288 306 8443104 11899760 7681927 1875 7892992 5067463 1010547 1099596 683152 924712 683152 924712 517533 705645 3076368 15116644 4105333 0 8388606 0 0 0 0 0 0 0 0 0 0 0 0 0 0 0 0 0 0 306 8443104 15533725 15621638 15612241 15338324 15957667 16000676 16734705 16513992 1619136 1404499 1672609 1953999 16724514 16646182 27894 16690530 16387252 16166209 16254199 16424829 15622690 15541276 14678490 14651737 15530508 15569915 154905 66567 719779 547276 278234 461146 517533 705645
B 637333 637333 770931 770931 531063 531063 -660176 -660176 -831175 -831175 -865207 -865207 -959838 -959838 -919124 -919124 -908187 -908187 -112879 -112879 715411 715411 968822 968822 970488 970488 925635 925635 1045879 1045879 956524 956524
S 0 0 0 0 4194304 4194304 4128768 4194304 4194304 4194304 4194304 4194304 0 0 0 0 1357097 0 8443410 0 1354560 0 0 0 1356726 4212848 306 8443104 15286065 8021772 1958 7389184 3835625 1295157 16586572 1814442 1857611 1814442 1857611 1882484 1943613 1389236 14500725 2649864 0 8388606 0 0 0 0 0 0 0 0 0 0 0 0 0 0 0 0 0 0 306 8443104 517533 705645 1310709 1238625 1387965 1695759 1061144 1063110 15565195 15348536 15038955 15190780 15029051 15064554 14819241 14895840 15005840 14872096 14907398 15014288 16608229 16494688 1389653 1471992 1939776 1935513 1915020 1966933 1929255 1773287 2072920 2110598 1882484 1943613
B 166066 166066 -1017852 -1017852 -1084255 -1084255 -954512 -954512 -989041 -989041 -901872 -901872 -628231 -628231 403306 403306 1061952 1061952 980081 980081 811261 811261 927880 927880 811307 811307 554215 554215 -54346 -54346 -1090454 -1090454
S 0 0 0 0 4194304 4194304 4128768 4194304 4194304 4194304 4194304 4194304 0 0 0 0 1357673 0 8443410 0 1355136 0 0 0 1359334 13788272 306 8443104 2181487 5518082 1347 3153920 2190588 15130201 15772904 14357791 14716341 14357791 14716341 14542821 14649798 15698054 15603964 1618819 0 8388606 0 0 0 0 0 0 0 0 0 0 0 0 0 0 0 0 0 0 306 8443104 1882484 1943613 351722 312545 14777117 14705907 14552951 14664461 14898747 14837638 14712630 14885639 15033625 14913322 15443657 15597852 820958 792266 2090989 2156819 1965643 1954683 1519897 1725150 1947420 1764101 1649938 1595290 1135564 1081299 71751 16488082 14542821 14649798
B -683536 -683536 -227910 -227910 -299111 -299111 -71701 -71701 -66774 -66774 765927 765927 1021226 1021226 408074 408074 -86103 -86103 -68323 -68323 22765 22765 -361531 -361531 -630918 -630918 -814279 -814279 -66129 -66129 809393 809393
S 0 0 0 0 4194304 4194304 4128768 4194304 4194304 4194304 4194304 4194304 0 0 0 0 1358249 0 8443410 0 1355712 0 0 0 1352749 8011888 306 8443104 5435233 13283952 16776363 2555904 1812960 1300478 1564646 1450318 1355022 1450318 1355022 1631873 1605699 16088053 1661116 12870220 0 8388606 0 0 0 0 0 0 0 0 0 0 0 0 0 0 0 0 0 0 306 8443104 14542821 14649798 15336288 15484003 16397042 16245751 16246960 16111031 16685608 16582022 16568947 16718391 1653407 1410301 1958971 2125935 879329 752968 16653315 16556706 16706801 16574340 16620651 247627 16110093 15998215 15410462 15620301 15027695 15269624 16751565 16538351 1631873 1605699
B 634348 634348 877544 877544 787850 787850 947959 947959 634943 634943 -367328 -367328 -909332 -909332 -962688 -962688 -943196 -943196 -958392 -958392 -1077470 -1077470 -611988 -611988 553792 553792 1215119 1215119 920404 920404 1035782 1035782
S 0 0 0 0 4194304 4194304 4128768 4194304 4194304 4194304 4194304 4194304 0 0 0 0 1358825 0 8443410 0 1356288 0 0 0 1354212 6888560 306 8443104 7645298 14707760 16776710 12779520 2485252 1874629 1915773 1918303 1954211 1918303 1954211 2042530 2100598 16518716 4875537 15416525 0 8388606 0 0 0 0 0 0 0 0 0 0 0 0 0 0 0 0 0 0 306 8443104 1631873 1605699 1187539 1349856 1715369 1794810 1598173 1553230 1897635 1894201 1246734 1293040 16101572 15983549 14898783 15018322 14865177 14838503 14893978 14887673 14928844 14792023 14553682 14690870 15536657 15569826 1152834 1062337 2408977 2451500 1830986 1850631 2042530 2100598
B 903339 903339 876638 876638 76213 76213 -927175 -927175 -1065497 -1065497 -759319 -759319 -786771 -786771 -807663 -807663 -522076 -522076 -108803 -108803 756593 756593 937329 937329 54147 54147 183677 183677 -45553 -45553 -26326 -26326
S 0 0 0 0 4194304 4194304 4128768 4194304 4194304 4194304 4194304 4194304 0 0 0 0 1359401 0 8443410 0 1356864 0 0 0 1357396 13932656 306 8443104 8387302 10276439 16775628 15036416 504802 16499691 15466905 16677242 16752141 16677242 16752141 16660342 11570 1945686 4446704 13394334 0 8388606 0 0 0 0 0 0 0 0 0 0 0 0 0 0 0 0 0 0 306 8443104 2042530 2100598 1783237 1830119 1766195 1740358 96104 208748 14951545 14894188 14613975 14678472 15216074 15301085 15150770 15256581 15297765 15026016 15692064 15774064 16697227 16421993 1622456 1403918 1726086 2023231 138608 77980 426017 308691 26499 16568506 16660342 11570
B -439414 -439414 -1059661 -1059661 -502236 -502236 206328 206328 388123 388123 319060 319060 439216 439216 853463 853463 816135 816135 222860 222860 -913553 -913553 -895999 -895999 -951274 -951274 -995701 -995701 -963810 -963810 -718866 -718866
S 0 0 0 0 4194304 4194304 4128768 4194304 4194304 4194304 4194304 4194304 0 0 0 0 1351785 0 8443410 0 1357440 0 0 0 1352810 10179696 306 8443104 7518764 13740197 16776474 9064448 14119941 16635038 893639 15388164 15755207 15388164 15755207 15291116 15387854 280938 2865666 13638940 0 8388606 0 0 0 0 0 0 0 0 0 0 0 0 0 0 0 0 0 0 306 8443104 16660342 11570 15978165 15818613 14654576 14661212 15738871 15806620 475001 350313 852826 699669 570281 705962 775098 981768 1763477 1650375 1510130 1754413 432024 459419 15044552 14855670 14933380 15037058 14847066 14902270 14767553 14804078 14884274 14814918 15291116 15387854
B 305699 305699 1030427 1030427 1015909 1015909 1068822 1068822 1024031 1024031 987959 987959 674804 674804 -346186 -346186 -1211407 -1211407 -754047 -754047 -782402 -782402 -688274 -688274 -636214 -636214 -223369 -223369 903172 903172 1011419 1011419
S 0 0 0 0 4194304 4194304 4128768 4194304 4194304 4194304 4194304 4194304 0 0 0 0 1352361 0 8443410 0 1349824 0 0 0 1355491 7921776 306 8443104 5206463 102941 25 2215936 11604408 1402697 1029373 1885121 1670414 1885121 1670414 2006764 2038912 15049481 1607900 13613165 0 8388606 0 0 0 0 0 0 0 0 0 0 0 0 0 0 0 0 0 0 306 8443104 15291116 15387854 663928 558868 2041666 2080045 2046675 2016961 2136931 2138360 2041040 2055085 1982645 1969192 1259852 1439366 16048422 16121267 14463825 14244980 15215124 15323120 15210396 15214428 15276482 15524855 15570290 15439289 16222371 16438586 1843721 1768967 2006764 2038912
B 480980 480980 287688 287688 340630 340630 183451 183451 -320085 -320085 -687874 -687874 -787370 -787370 261833 261833 467008 467008 416650 416650 609599 609599 578611 578611 948341 948341 361974 361974 -607730 -607730 -813740 -813740
S 0 0 0 0 4194304 4194304 4128768 4194304 4194304 4194304 4194304 4194304 0 0 0 0 1352937 0 8443410 0 1350400 0 0 0 1357002 10857584 306 8443104 1894409 4061749 991 10702848 12758106 15043694 15121600 15154020 14917182 15154020 14917182 15157913 15141562 15670447 2184748 16222413 0 8388606 0 0 0 0 0 0 0 0 0 0 0 0 0 0 0 0 0 0 306 8443104 2006764 2038912 936231 987689 456752 694002 769534 592988 448428 285378 16120162 16153931 15559506 15243431 15183180 15221775 406640 640693 1010707 857325 902890 763710 1266718 1171681 1112997 1201449 2017308 1776056 609751 838148 15624847 15498667 15157913 15141562
B -901892 -901892 -842360 -842360 -1033156 -1033156 -959287 -959287 -150297 -150297 999616 999616 1091426 1091426 1006643 1006643 1069315 1069315 991201 991201 748395 748395 -373300 -373300 -1126041 -1126041 -950026 -950026 -823717 -823717 -858134 -858134
S 0 0 0 0 4194304 4194304 4128768 4194304 4194304 4194304 4194304 4194304 0 0 0 0 1353513 0 8443410 0 1359168 0 0 0 1359233 12286064 306 8443104 14995804 13993625 16776536 6918144 14406770 15087179 15493862 14982672 15093794 14982672 15093794 14977847 15144052 16313370 1402545 15707602 0 8388606 0 0 0 0 0 0 0 0 0 0 0 0 0 0 0 0 0 0 306 8443104 15157913 15141562 15033725 14913140 14993479 15191513 14730990 14690820 14880575 14836709 16448610 16504634 1959192 2039273 2248054 2117653 1951352 2075220 2211065 2066198 1943691 2021114 1566727 1426854 15977836 16083397 14591326 14458942 14851323 14903007 15241897 15017670 14977847 15144052
B -716984 -716984 -316414 -316414 323537 323537 1084259 1084259 648083 648083 367040 367040 501591 501591 261411 261411 258848 258848 -676792 -676792 -1037214 -1037214 -264456 -264456 101751 101751 199760 199760 181948 181948 560895 560895
S 0 0 0 0 4194304 4194304 4128768 4194304 4194304 4194304 4194304 4194304 0 0 0 0 1354089 0 8443410 0 1351552 0 0 0 1353859 8320112 306 8443104 11662052 8346942 2037 13885440 15021867 1471268 1773853 1245778 1351667 1245778 1351667 1085146 1158435 2359038 15484450 2048147 0 8388606 0 0 0 0 0 0 0 0 0 0 0 0 0 0 0 0 0 0 306 8443104 14977847 15144052 15317484 15369013 16118096 16170680 533156 760995 2201701 2135336 1389628 1202705 667736 800427 927758 1078606 466163 579483 537833 497562 15299689 15547577 14825705 14579873 16164788 16331822 174150 232855 291907 507133 536669 191123 1085146 1158435
B 891940 891940 782541 782541 -4880 -4880 -623138 -623138 -419691 -419691 -621820 -621820 -592822 -592822 -796486 -796486 -712714 -712714 390675 390675 883441 883441 920981 920981 992319 992319 956171 956171 1064504 1064504 547805 547805
S 0 0 0 0 4194304 4194304 4128768 4194304 4194304 4194304 4194304 4194304 0 0 0 0 1354665 0 8443410 0 1352128 0 0 0 1357095 12337264 306 8443104 9310522 7900408 1928 13598720 14342477 16499189 15544669 1089149 680734 1089149 680734 1091998 1099224 512800 12221603 1050757 0 8388606 0 0 0 0 0 0 0 0 0 0 0 0 0 0 0 0 0 0 306 8443104 1085146 1158435 1830335 1737426 1620703 1509461 16724935 32763 15455276 15606604 16069937 15805734 15577398 15489754 15589271 15593874 15242307 15126182 15371166 15332412 688684 874017 1853861 1679906 1825656 1858271 2022014 1947262 1827051 1997636 2200969 2057050 1091998 1099224
B -466814 -466814 -1108413 -1108413 -957230 -957230 -1058397 -1058397 -1011122 -1011122 -1013141 -1013141 -452045 -452045 700772 700772 1160460 1160460 917283 917283 987608 987608 892487 892487 710671 710671 177502 177502 -628320 -628320 -1177995 -1177995
S 0 0 0 0 4194304 4194304 4128768 4194304 4194304 4194304 4194304 4194304 0 0 0 0 1355241 0 8443410 0 1352704 0 0 0 1358325 13094000 306 8443104 8392756 8344999 2037 5926912 16014466 14943088 14900045 14605830 14720061 14605830 14720061 14475554 14366899 16097973 12201537 2326650 0 8388606 0 0 0 0 0 0 0 0 0 0 0 0 0 0 0 0 0 0 306 8443104 1091998 1099224 15826520 15860656 14572073 14548710 14887890 14837624 14590313 14730534 14799708 14710236 14727274 14774596 15863021 15883234 1405339 1397749 2353379 2288463 1834156 1834977 2034037 1916395 1693558 1876391 1454669 1388015 285966 424045 15504863 15536289 14475554 14366899
ENDSET
SET 12 A=15000
P 64 64 65 127 64 64 64 64
B 1087 1087 21170 21170 -78348 -78348 -639154 -639154 -1030210 -1030210 -529701 -529701 -574193 -574193 -469351 -469351 1217140 1217140 739500 739500 -156998 -156998 -787629 -787629 -834581 -834581 -173275 -173275 1064874 1064874 1074215 1074215
S 0 0 0 0 4194304 4194304 4259840 8323072 4194304 4194304 4194304 4194304 0 0 0 0 1357672 8388608 3299505 0 1357344 0 0 0 1355455 14409120 1393 3298112 14685944 12289331 16776120 5451776 13454935 2021491 2090037 1719782 1901023 1719782 1901023 2231631 2065231 4659690 1436275 13140132 7633404 8388606 0 0 0 0 0 0 0 0 0 0 0 0 0 0 0 0 0 0 1393 3298112 0 0 0 4350 62253 22428 21485 16442340 15737073 15260745 14712430 14721162 15329480 16106150 15381818 15875845 15890494 15786534 2676585 2191976 1869076 1088924 16679253 16247188 15168610 15235307 14605508 15610600 582557 15501562 2001111 2258385 2231631 2065231
B 711770 711770 -118015 -118015 -400026 -400026 960902 960902 -1056674 -1056674 401803 401803 305986 305986 -1132720 -1132720 253231 253231 1110301 1110301 -451015 -451015 138680 138680 933823 933823 -1142263 -1142263 -314204 -314204 1067739 1067739
S 0 0 0 0 4194304 4194304 4259840 8323072 4194304 4194304 4194304 4194304 0 0 0 0 1355144 8388608 3299505 0 1354816 0 0 0 1357984 14476704 1393 3298112 9950454 1503812 367 2375680 13150083 1285126 16242505 2646602 1338722 2646602 1338722 2479362 1791597 5176373 14427230 450314 7633404 8388606 0 0 0 0 0 0 0 0 0 0 0 0 0 0 0 0 0 0 1393 3298112 2231631 2065231 1178304 1668776 136844 16168312 15708526 16245803 1782768 2060842 14485615 14842123 559244 1047968 1699773 16301388 13981834 15041719 282057 730867 1756322 2684885 16355309 15395066 704464 16627472 1308965 2426328 14056460 14928921 16164825 16132794 2479362 1791597
B 27631 27631 -306247 -306247 1083325 1083325 -455248 -455248 -365128 -365128 761582 761582 -1048343 -1048343 -488045 -488045 880695 880695 514512 514512 -1137688 -1137688 160385 160385 121733 121733 -1163449 -1163449 632278 632278 225870 225870
S 0 0 0 0 4194304 4194304 4259840 8323072 4194304 4194304 4194304 4194304 0 0 0 0 1352616 8388608 3299505 0 1352288 0 0 0 1352170 9235872 1393 3298112 7005106 873435 213 4042752 16607980 14766653 16121132 15903552 16579912 15903552 16579912 16756993 923703 11583909 4109685 16550228 7633404 8388606 0 0 0 0 0 0 0 0 0 0 0 0 0 0 0 0 0 0 1393 3298112 2479362 1791597 207124 16680616 15171585 380644 2119212 2214088 15885679 15847764 16680000 15413923 2012863 1033468 14238027 15123036 16172612 15429643 2298351 1224431 931749 1126300 14121973 14881707 16608539 810218 914641 16349509 14897279 14003360 1095360 1433753 16756993 923703
B -801448 -801448 720843 720843 458028 458028 -784440 -784440 -176593 -176593 503577 503577 -1035126 -1035126 922284 922284 900037 900037 -629102 -629102 -393721 -393721 733381 733381 -369419 -369419 -437615 -437615 724896 724896 -409552 -409552
S 0 0 0 0 4194304 4194304 4259840 8323072 4194304 4194304 4194304 4194304 0 0 0 0 1358280 8388608 3299505 0 1357952 0 0 0 1352952 411040 1393 3298112 1784555 9791639 16775510 9007104 5012605 90720 1550739 16038842 14800883 16038842 14800883 16425047 15491179 1395819 15994448 12254853 7633404 8388606 0 0 0 0 0 0 0 0 0 0 0 0 0 0 0 0 0 0 1393 3298112 16756993 923703 14664674 15683967 2060099 823275 645759 1186353 14498429 15918246 16147848 16700212 948192 1066117 15507195 13906735 1974328 1714810 1345754 2254395 15535213 15502811 16736237 15243311 1642554 1290970 15510778 16565979 15429593 16374379 2117595 781991 16425047 15491179
B 90245 90245 1012287 1012287 -1079352 -1079352 -843439 -843439 422974 422974 -21296 -21296 -356087 -356087 1267362 1267362 -532407 -532407 -546391 -546391 759752 759752 58157 58157 -551740 -551740 190442 190442 964384 964384 -462022 -462022
S 0 0 0 0 4194304 4194304 4259840 8323072 4194304 4194304 4194304 4194304 0 0 0 0 1355752 8388608 3299505 0 1355424 0 0 0 1355330 16305568 1393 3298112 8487604 7810188 1906 13156352 14174153 1335454 1967381 15541517 16277298 15541517 16277298 15302070 16404277 3719445 12528395 2345563 7633404 8388606 0 0 0 0 0 0 0 0 0 0 0 0 0 0 0 0 0 0 1393 3298112 16425047 15491179 380502 16757694 1422843 2626305 14374587 14862440 15477790 14702886 771946 919952 16167220 524813 15697874 16432211 2142930 2926521 16107546 15317259 15650117 15718752 874454 2164557 188625 44006 16557151 14790324 272561 489207 1443243 2414296 15302070 16404277
B 653389 653389 -43257 -43257 -1056215 -1056215 893514 893514 1864 1864 -594523 -594523 542913 542913 715399 715399 -1163868 -1163868 -134289 -134289 645937 645937 -909177 -909177 -157451 -157451 995786 995786 -126796 -126796 -1272473 -1272473
S 0 0 0 0 4194304 4194304 4259840 8323072 4194304 4194304 4194304 4194304 0 0 0 0 1353224 8388608 3299505 0 1352896 0 0 0 1355964 2114976 1393 3298112 4182224 6017449 1469 1740800 14591244 16203749 1968332 14632922 15141735 14632922 15141735 14443175 14021365 15249992 3101317 2600367 7633404 8388606 0 0 0 0 0 0 0 0 0 0 0 0 0 0 0 0 0 0 1393 3298112 15302070 16404277 1778056 835500 16774263 16607143 15414777 13914797 1728240 1845818 16470025 314648 16096917 15079425 1585985 585669 931074 1930525 14294723 14604239 16037090 202972 2042399 541350 14575721 15342003 15808218 339196 2327120 1656026 86545 16183489 14443175 14021365
B 296336 296336 -189324 -189324 -830532 -830532 1139998 1139998 18885 18885 -938946 -938946 201984 201984 269265 269265 -521047 -521047 -59861 -59861 1164576 1164576 -705587 -705587 634652 634652 797237 797237 -986698 -986698 -537980 -537980
S 0 0 0 0 4194304 4194304 4259840 8323072 4194304 4194304 4194304 4194304 0 0 0 0 1358888 8388608 3299505 0 1358560 0 0 0 1354362 2911648 1393 3298112 5279288 10626890 16775714 7643136 4176906 2002966 1938555 16161951 16655186 16161951 16655186 16043749 15358766 15858272 1141318 13058648 7633404 8388606 0 0 0 0 0 0 0 0 0 0 0 0 0 0 0 0 0 0 1393 3298112 14443175 14021365 16707439 1255123 16014638 5284 15580528 14651778 2576754 1983240 515871 16336885 14471224 15327427 661955 145982 1050663 26397 15281418 16188827 16456895 80879 1682651 2975656 15332806 15399281 1603770 934841 1141057 2047893 14323688 15283955 16043749 15358766
B 1114423 1114423 445098 445098 -480246 -480246 925721 925721 -198864 -198864 -962920 -962920 849928 849928 -81998 -81998 -626595 -626595 25798 25798 714058 714058 -402369 -402369 -897913 -897913 693366 693366 -150804 -150804 -512785 -512785
S 0 0 0 0 4194304 4194304 4259840 8323072 4194304 4194304 4194304 4194304 0 0 0 0 1356360 8388608 3299505 0 1356032 0 0 0 1354546 7812512 1393 3298112 8795012 7345903 1793 7270400 15774218 1449293 1610176 15615503 296297 15615503 296297 15361013 16142280 2636183 12081413 1956369 7633404 8388606 0 0 0 0 0 0 0 0 0 0 0 0 0 0 0 0 0 0 1393 3298112 16043749 15358766 2491893 1965802 861826 918568 14937372 16696078 2132824 1570061 16636759 16122220 15460370 14242384 1774504 1625211 16304584 144640 16216754 14831298 67680 35515 583013 2273222 16015375 15929584 15396946 14565837 1830808 942656 15767602 406399 15361013 16142280
B 937588 937588 53703 53703 -1292399 -1292399 -87858 -87858 361589 361589 -661685 -661685 776234 776234 557706 557706 -1086551 -1086551 570785 570785 264743 264743 -747981 -747981 -154535 -154535 1274641 1274641 -248435 -248435 197710 197710
S 0 0 0 0 4194304 4194304 4259840 8323072 4194304 4194304 4194304 4194304 0 0 0 0 1353832 8388608 3299505 0 1353504 0 0 0 1357772 9272736 1393 3298112 466223 1459482 356 5349376 12666082 2071546 414875 1194368 2010294 1194368 2010294 928258 16639799 15504258 2138737 14474674 7633404 8388606 0 0 0 0 0 0 0 0 0 0 0 0 0 0 0 0 0 0 1393 3298112 15361013 16142280 2173141 1577211 689175 16302855 14016733 14368105 16195183 230602 1064822 381535 15856349 15051346 2013934 1091004 1286432 944393 14240253 14967978 1540451 742689 1148604 16687585 14823600 15738911 15952189 206890 2551483 2547082 90787 15692692 928258 16639799
B 835447 835447 -1157427 -1157427 131480 131480 777768 777768 -503025 -503025 -108729 -108729 933414 933414 -326781 -326781 -459713 -459713 726913 726913 -1297327 -1297327 -488166 -488166 855469 855469 644462 644462 -1172014 -1172014 -181730 -181730
S 0 0 0 0 4194304 4194304 4259840 8323072 4194304 4194304 4194304 4194304 0 0 0 0 1359496 8388608 3299505 0 1350976 0 0 0 1358275 988576 1393 3298112 7646621 7188524 1755 180224 3183674 1932219 15051945 16661388 696106 16661388 696106 16257643 16569869 13874242 3188899 1010140 7633404 8388606 0 0 0 0 0 0 0 0 0 0 0 0 0 0 0 0 0 0 1393 3298112 928258 16639799 1209839 2131952 14214918 14709809 16442396 860740 1998618 1112456 15737583 15804749 15734422 607879 1789011 1944645 16206872 16040436 16436578 15279005 2084075 823578 13846163 14518962 16079925 15521843 2165456 1256423 1034492 1543356 14006573 14859803 16257643 16569869
B 274886 274886 -985885 -985885 562963 562963 -296437 -296437 -526893 -526893 1455585 1455585 177735 177735 -705191 -705191 11435 11435 646882 646882 -928803 -928803 542250 542250 1095590 1095590 -423227 -423227 -866304 -866304 797135 797135
S 0 0 0 0 4194304 4194304 4259840 8323072 4194304 4194304 4194304 4194304 0 0 0 0 1356968 8388608 3299505 0 1356640 0 0 0 1356975 6274464 1393 3298112 10807031 4520452 1103 10502144 970778 537018 325343 1717106 1858244 1717106 1858244 1758486 1430055 2268711 13068301 2249740 7633404 8388606 0 0 0 0 0 0 0 0 0 0 0 0 0 0 0 0 0 0 1393 3298112 16257643 16569869 1460250 16416513 15191104 14419789 1253661 998191 15875893 16492794 14927182 16519678 3422572 2399769 197518 513422 14822242 15911428 16284234 538724 1551955 1035575 15514731 14324491 1012246 1156756 1694952 2687411 16576373 15285154 15369388 14719828 1758486 1430055
B 157976 157976 -581297 -581297 783998 783998 202807 202807 -621740 -621740 1014273 1014273 -555628 -555628 -1020708 -1020708 121044 121044 895815 895815 -512268 -512268 90086 90086 459891 459891 -1454765 -1454765 127164 127164 754309 754309
S 0 0 0 0 4194304 4194304 4259840 8323072 4194304 4194304 4194304 4194304 0 0 0 0 1354440 8388608 3299505 0 1354112 0 0 0 1359002 13981088 1393 3298112 13427875 15109140 16776808 12664832 11972610 727257 15082660 2212135 666372 2212135 666372 1957591 1059646 14767085 16736985 13523888 7633404 8388606 0 0 0 0 0 0 0 0 0 0 0 0 0 0 0 0 0 0 1393 3298112 1758486 1430055 16429643 979479 15800138 15429107 2453925 682069 543412 267816 15594071 15473404 1183680 2873415 15700661 15631262 14828057 14643546 16238327 1023065 1528899 2054362 15537736 15967624 625982 16511581 1718717 120847 13480255 14255117 16681649 604225 1957591 1059646
B -238830 -238830 -582189 -582189 759809 759809 -159045 -159045 -854311 -854311 573659 573659 -334981 -334981 -471147 -471147 1471734 1471734 321201 321201 -829930 -829930 -649729 -649729 1243642 1243642 61066 61066 -302283 -302283 1141623 1141623
S 0 0 0 0 4194304 4194304 4259840 8323072 4194304 4194304 4194304 4194304 0 0 0 0 1351912 8388608 3299505 0 1351584 0 0 0 1358555 585120 1393 3298112 8381007 3216124 785 3129344 2209400 504971 14717919 2592543 1730056 2592543 1730056 2074891 2491604 11734917 4904905 16295687 7633404 8388606 0 0 0 0 0 0 0 0 0 0 0 0 0 0 0 0 0 0 1393 3298112 1957591 1059646 103128 15718768 15304718 15920958 1167224 1872013 396403 15744636 15593749 14543441 1244705 1049934 15781009 16433502 15074920 16594925 3382567 2504372 372068 912738 14712593 15522119 15556648 15398868 3002377 1972194 251897 16769583 15498575 69511 2074891 2491604
B -332929 -332929 -1065210 -1065210 854006 854006 286041 286041 -506726 -506726 543723 543723 500173 500173 -816719 -816719 890402 890402 -599368 -599368 -1107640 -1107640 580655 580655 713548 713548 -725083 -725083 -95382 -95382 573230 573230
S 0 0 0 0 4194304 4194304 4259840 8323072 4194304 4194304 4194304 4194304 0 0 0 0 1357576 8388608 3299505 0 1357248 0 0 0 1359530 14284192 1393 3298112 14093991 8985957 16775313 14045184 3030701 14716533 15557697 985995 426675 985995 426675 1450022 842898 2299438 14098262 12783364 7633404 8388606 0 0 0 0 0 0 0 0 0 0 0 0 0 0 0 0 0 0 1393 3298112 2074891 2491604 16710943 15511773 14869287 14424305 1898539 1517487 16673236 1248144 16456103 15071425 1654055 520837 1070282 930412 15156444 15131115 826014 2735596 15625392 15531571 14861813 14262061 948089 1374532 772022 2082170 15336105 15317996 373127 16022561 1450022 842898
B -813378 -813378 155178 155178 232371 232371 -1053539 -1053539 888660 888660 953929 953929 -389822 -389822 -314974 -314974 481523 481523 -1118027 -1118027 286718 286718 1028434 1028434 -568175 -568175 -434952 -434952 277378 277378 343125 343125
S 0 0 0 0 4194304 4194304 4259840 8323072 4194304 4194304 4194304 4194304 0 0 0 0 1355048 8388608 3299505 0 1354720 0 0 0 1351999 4378016 1393 3298112 10327567 3198289 780 13963264 12983493 15859099 14716509 305612 15678990 305612 15678990 1010613 361890 5690659 14749223 1318583 7633404 8388606 0 0 0 0 0 0 0 0 0 0 0 0 0 0 0 0 0 0 1393 3298112 1450022 842898 14263471 16037452 22644 598070 280727 648760 15433371 13906905 1880964 1673676 1559209 2256510 16296761 15698383 16728280 15566256 1357089 569005 14713714 14368611 301 1146574 2182804 1930932 16191567 15090165 15641505 16173122 16512629 1374102 1010613 361890
B -932817 -932817 366671 366671 -190537 -190537 -238136 -238136 1254023 1254023 -652320 -652320 -767543 -767543 533941 533941 -182616 -182616 -767548 -767548 855284 855284 708990 708990 -1004671 -1004671 275583 275583 436358 436358 -548233 -548233
S 0 0 0 0 4194304 4194304 4259840 8323072 4194304 4194304 4194304 4194304 0 0 0 0 1352520 8388608 3299505 0 1352192 0 0 0 1353139 12969376 1393 3298112 7325618 777395 189 13316096 91704 14862051 836629 14748401 15527539 14748401 15527539 15125124 16236376 11623536 4240156 16347787 7633404 8388606 0 0 0 0 0 0 0 0 0 0 0 0 0 0 0 0 0 0 1393 3298112 1010613 361890 15469564 14353601 869363 597322 15703219 311852 16135667 16466222 1892362 3123732 15946957 14998195 15299112 15185148 617365 1518400 16191755 16632216 16067435 14416805 1728147 1692992 1524450 1311511 14026012 15509739 1256674 16622876 1185079 560355 15125124 16236376
ENDSET
SET 13 A=512
P 64 64 64 64 64 127 127 64
B 37 37 720 720 7709 7709 43158 43158 -288854 -288854 -835391 -835391 -612299 -612299 -979976 -979976 -995849 -995849 -755834 -755834 -687197 -687197 -383379 -383379 -195188 -195188 -177202 -177202 -435838 -435838 -579740 -579740
S 0 0 0 0 4194304 4194304 4194304 4194304 4194304 8323072 8323072 4194304 0 0 0 0 1358599 8388608 9302063 0 1353184 0 0 0 1357352 15853568 47 9302016 7112842 6145949 2977 8501440 3425437 14792859 14809678 15363642 15392711 15363642 15392711 15765858 15469615 1153057 1449102 1034873 0 7896325 0 0 0 0 0 0 0 0 0 0 0 0 0 0 0 0 0 0 47 9302016 0 0 0 148 2128 754 19235 11601 44905 127729 16325591 16073427 15078242 15134629 15404784 15700454 14916890 14717640 14669045 14901992 15194887 15336210 15304902 15500743 15818354 16202565 16376609 16397071 25583 16042828 16087802 15723280 15765858 15469615
B -1063172 -1063172 -981795 -981795 -1056216 -1056216 -1002771 -1002771 -955551 -955551 -629228 -629228 -547700 -547700 -608950 -608950 -652084 -652084 -720732 -720732 -780092 -780092 -828295 -828295 -875499 -875499 -912142 -912142 -948968 -948968 -975408 -975408
S 0 0 0 0 4194304 4194304 4194304 4194304 4194304 8323072 8323072 4194304 0 0 0 0 1351911 8388608 9302063 0 1354688 0 0 0 1357368 8542208 47 9302016 15594104 8410402 16773162 9369472 555253 14853660 14719906 14879228 14753284 14879228 14753284 14888449 14764354 1084760 16021770 13981013 0 7896325 0 0 0 0 0 0 0 0 0 0 0 0 0 0 0 0 0 0 47 9302016 15765858 15469615 14356709 14945037 15046847 14580408 14580425 14749144 14877036 14666314 14784451 14947779 15589533 15447987 15617225 15746407 15586472 15532160 15442076 15504020 15358828 15312677 15232206 15201860 15165651 15075601 15068732 14983705 15012680 14893186 14934637 14823924 14888449 14764354
B -1001152 -1001152 -1017102 -1017102 -1031261 -1031261 -1036398 -1036398 -1039509 -1039509 -1036988 -1036988 -985351 -985351 -938551 -938551 -855861 -855861 -578998 -578998 -646742 -646742 -656421 -656421 -325871 -325871 -517512 -517512 -779832 -779832 -683903 -683903
S 0 0 0 0 4194304 4194304 4194304 4194304 4194304 8323072 8323072 4194304 0 0 0 0 1353415 8388608 9302063 0 1356192 0 0 0 1359088 10242048 47 9302016 8705482 12868322 16775322 4556672 2796202 14952944 15780884 15129072 15018988 15129072 15018988 15206111 15612709 1761107 13981013 13372097 0 7896325 0 0 0 0 0 0 0 0 0 0 0 0 0 0 0 0 0 0 47 9302016 14888449 14764354 14827529 14722296 14792460 14693565 14748283 14681105 14725594 14683249 14698132 14698264 14688390 14718092 14713949 14899080 14828457 14971773 14917705 15213285 15296835 15941607 15505801 15461666 15415093 15513656 16010705 16240245 15608907 15875480 15097948 15337158 15206111 15612709
B -826697 -826697 -322030 -322030 -675373 -675373 -853673 -853673 -887696 -887696 -1073816 -1073816 -981143 -981143 -1057833 -1057833 -1002616 -1002616 -1028222 -1028222 -981273 -981273 -938625 -938625 -766835 -766835 -699892 -699892 -588672 -588672 -461384 -461384
S 0 0 0 0 4194304 4194304 4194304 4194304 4194304 8323072 8323072 4194304 0 0 0 0 1354919 8388608 9302063 0 1357696 0 0 0 1357028 3020800 47 9302016 11418327 8417372 16773165 15689984 2796202 16183452 15228071 15971658 15812004 15971658 15812004 16030879 15678017 986814 13981013 11882711 0 7896325 0 0 0 0 0 0 0 0 0 0 0 0 0 0 0 0 0 0 47 9302016 15206111 15612709 15046698 15200946 15729490 16536822 15450279 15402661 14920182 15219561 14859482 15144168 14721776 14537393 14694618 14935243 14738836 14584265 14743852 14800119 14777169 14664377 14770857 14858486 14843761 14956172 15282981 15204113 15456396 15298470 15904754 15294993 16030879 15678017
B -561379 -561379 -914223 -914223 -533893 -533893 -198299 -198299 -418798 -418798 -366450 -366450 -534246 -534246 -523800 -523800 -649484 -649484 -657343 -657343 -755999 -755999 -771042 -771042 -848962 -848962 -864819 -864819 -924952 -924952 -937711 -937711
S 0 0 0 0 4194304 4194304 4194304 4194304 4194304 8323072 8323072 4194304 0 0 0 0 1356423 8388608 9302063 0 1351008 0 0 0 1357259 9721856 47 9302016 3728448 5226617 2532 2032064 14504453 14742082 14930882 14764910 14982742 14764910 14982742 14804227 14999364 830736 2455442 616478 0 7896325 0 0 0 0 0 0 0 0 0 0 0 0 0 0 0 0 0 0 47 9302016 16030879 15678017 15833070 15475849 15107908 14789635 15701844 15717018 16406208 16355029 15913724 15965518 16062215 16026418 15625030 15792421 15711154 15748079 15359641 15596858 15405654 15519409 15125643 15404796 15149179 15321088 14931692 15226893 14947237 15147921 14785818 15068807 14804227 14999364
B -971363 -971363 -975507 -975507 -1051129 -1051129 -1019343 -1019343 -1022830 -1022830 -1034634 -1034634 -998476 -998476 -886443 -886443 -896027 -896027 -987520 -987520 -1004070 -1004070 -1006811 -1006811 -899243 -899243 -854769 -854769 -674376 -674376 -889192 -889192
S 0 0 0 0 4194304 4194304 4194304 4194304 4194304 8323072 8323072 4194304 0 0 0 0 1357927 8388608 9302063 0 1352512 0 0 0 1358082 3422208 47 9302016 8380731 8377533 4058 10645696 13981013 14680836 14700690 14636624 14829561 14636624 14829561 14745030 15252634 15260580 2796202 2019643 0 7896325 0 0 0 0 0 0 0 0 0 0 0 0 0 0 0 0 0 0 47 9302016 14804227 14999364 14743228 14925755 14870566 14781840 14657743 14692176 14702242 14774818 14752492 14710621 14705105 14710791 14822026 14738503 15139834 14868829 14960561 15009765 14933034 14671321 14751462 14786692 14666572 14860616 15007419 14950043 14875244 15260113 15429241 15427688 14745030 15252634
B -1116510 -1116510 -979772 -979772 -1058174 -1058174 -955249 -955249 -835124 -835124 -479885 -479885 -154135 -154135 141784 141784 -65785 -65785 -202901 -202901 -265335 -265335 -374925 -374925 -419188 -419188 -513065 -513065 -557384 -557384 -639256 -639256
S 0 0 0 0 4194304 4194304 4194304 4194304 4194304 8323072 8323072 4194304 0 0 0 0 1359431 8388608 9302063 0 1354016 0 0 0 1356759 16439296 47 9302016 3063989 8447819 16773180 11504960 14517215 15441229 15373905 15499951 15493196 15499951 15493196 15474432 15522976 146438 2073714 13981013 0 7896325 0 0 0 0 0 0 0 0 0 0 0 0 0 0 0 0 0 0 47 9302016 14745030 15252634 14605986 14482407 14825828 14809519 14698128 14623609 14914645 14818793 15077446 15136492 15589671 16045221 16177278 16760614 366485 200654 16623558 16667736 16343884 16398946 16262296 16230797 15991507 16063227 15953678 15924003 15720267 15781908 15672892 15652004 15474432 15522976
B -686021 -686021 -757962 -757962 -795621 -795621 -853955 -853955 -886121 -886121 -931641 -931641 -956360 -956360 -989213 -989213 -1005025 -1005025 -1025282 -1025282 -1031276 -1031276 -1039655 -1039655 -1031928 -1031928 -961996 -961996 -921540 -921540 -992903 -992903
S 0 0 0 0 4194304 4194304 4194304 4194304 4194304 8323072 8323072 4194304 0 0 0 0 1352743 8388608 9302063 0 1355520 0 0 0 1358413 1013760 47 9302016 10879795 7181883 3479 6410560 2796027 14770764 15237710 14827067 14820294 14827067 14820294 14815820 14767000 919486 13980925 4625257 0 7896325 0 0 0 0 0 0 0 0 0 0 0 0 0 0 0 0 0 0 47 9302016 15474432 15522976 15423818 15386533 15273512 15249073 15233656 15138295 15109005 15029608 15070642 14939307 14969275 14858594 14934956 14794036 14854993 14742589 14827464 14706868 14767534 14685772 14749100 14680229 14708346 14687469 14715614 14711108 14740108 14966340 14776716 15091556 14815820 14767000
B -905095 -905095 -782639 -782639 -436367 -436367 -84531 -84531 74264 74264 678956 678956 843078 843078 748096 748096 783002 783002 970255 970255 1085228 1085228 1011535 1011535 1035519 1035519 1013576 1013576 1064469 1064469 960323 960323
S 0 0 0 0 4194304 4194304 4194304 4194304 4194304 8323072 8323072 4194304 0 0 0 0 1354247 8388608 9302063 0 1357024 0 0 0 1353642 1374208 47 9302016 8933469 6985577 3384 4670912 2796202 1993703 1900599 2047285 1731710 2047285 1731710 2064778 1776515 15514238 13981013 2895647 0 7896325 0 0 0 0 0 0 0 0 0 0 0 0 0 0 0 0 0 0 47 9302016 14815820 14767000 14806798 15127257 15081474 15342404 15753028 16055939 16181047 258046 176709 120349 1046645 1669179 1574213 1798102 1343653 1648731 1367552 1764457 2074354 1806668 2084948 2255966 2103496 1942646 2082636 2059440 2108157 1946149 2079159 2178719 2064778 1776515
B 956223 956223 1032754 1032754 975003 975003 990791 990791 1039163 1039163 889095 889095 731087 731087 741583 741583 791158 791158 828068 828068 880192 880192 913071 913071 955105 955105 977777 977777 1006535 1006535 1021240 1021240
S 0 0 0 0 4194304 4194304 4194304 4194304 4194304 8323072 8323072 4194304 0 0 0 0 1355751 8388608 9302063 0 1358528 0 0 0 1353677 4032512 47 9302016 16317417 7042045 3411 10657984 541023 2080970 2056355 2068229 2033548 2068229 2033548 2059695 2025266 16057867 16437140 2796202 0 7896325 0 0 0 0 0 0 0 0 0 0 0 0 0 0 0 0 0 0 47 9302016 2064778 1776515 1999066 1825829 2077800 2053216 1924928 1975085 1918248 2044916 2083361 2073292 1811831 1744552 1440729 1483619 1476441 1489893 1579529 1585103 1643441 1668834 1760342 1760429 1817157 1835130 1922559 1897863 1967066 1944045 2035792 1990348 2059695 2025266
B 1037528 1037528 1042144 1042144 1046116 1046116 1040024 1040024 1031980 1031980 1015125 1015125 995559 995559 972367 972367 798538 798538 320168 320168 191073 191073 279345 279345 45818 45818 -85609 -85609 510278 510278 469357 469357
S 0 0 0 0 4194304 4194304 4194304 4194304 4194304 8323072 8323072 4194304 0 0 0 0 1357255 8388608 9302063 0 1351840 0 0 0 1355739 358400 47 9302016 7471087 2354924 1140 14796032 13981012 1212865 1239975 472271 1071018 472271 1071018 751037 1126394 15917236 2796201 16697067 0 7896325 0 0 0 0 0 0 0 0 0 0 0 0 0 0 0 0 0 0 47 9302016 2059695 2025266 2094800 2055315 2092333 2076243 2093915 2090551 2063445 2096652 2032450 2095471 1974113 2086389 1912514 2069723 1871565 2017905 1535407 1658746 273405 1007270 220401 543894 626649 490731 16684952 275537 16469817 16742181 866640 1174475 751037 1126394
B 461080 461080 198083 198083 86458 86458 700880 700880 220200 220200 21095 21095 -483662 -483662 -482402 -482402 -673315 -673315 -633127 -633127 -505597 -505597 143749 143749 163912 163912 114043 114043 72071 72071 216337 216337
S 0 0 0 0 4194304 4194304 4194304 4194304 4194304 8323072 8323072 4194304 0 0 0 0 1358759 8388608 9302063 0 1353344 0 0 0 1354796 15403008 47 9302016 6514985 8814018 16773358 1625984 13981013 1260992 1414360 268438 1011413 268438 1011413 175989 689362 16577476 2796202 13989991 0 7896325 0 0 0 0 0 0 0 0 0 0 0 0 0 0 0 0 0 0 47 9302016 751037 1126394 750447 1093874 118098 674237 16636417 486632 1521210 1282313 176806 703996 16503590 358009 15545204 16074580 15605315 16019511 15173566 15687606 15355046 15666880 15572783 15959262 343190 231808 308702 346947 203308 252866 99107 189180 175989 689362
B 759117 759117 722106 722106 651428 651428 640650 640650 529980 529980 508347 508347 399261 399261 362456 362456 262817 262817 218812 218812 119410 119410 64941 64941 -29867 -29867 -89916 -89916 -179239 -179239 -241530 -241530
S 0 0 0 0 4194304 4194304 4194304 4194304 4194304 8323072 8323072 4194304 0 0 0 0 1352071 8388608 9302063 0 1354848 0 0 0 1356080 1288192 47 9302016 14586411 8736862 16773320 12036224 1232251 16416923 15903430 16478313 16038269 16478313 16038269 16509476 16078837 1309998 15349168 13981013 0 7896325 0 0 0 0 0 0 0 0 0 0 0 0 0 0 0 0 0 0 47 9302016 175989 689362 1554892 1481576 1468304 1420121 1240700 1365013 1328436 1234167 1000354 1119569 1052263 981128 750644 846403 760478 689346 526474 524795 515953 359296 295773 181868 254446 5319 54810 16602940 16769072 16425698 16587426 16250053 16509476 16078837
B -324748 -324748 -386550 -386550 -460232 -460232 -558822 -558822 -924462 -924462 -1115501 -1115501 -971021 -971021 -1040047 -1040047 -927314 -927314 -823587 -823587 -776142 -776142 -777393 -777393 -433703 -433703 -587486 -587486 -463194 -463194 -414881 -414881
S 0 0 0 0 4194304 4194304 4194304 4194304 4194304 8323072 8323072 4194304 0 0 0 0 1353575 8388608 9302063 0 1348160 0 0 0 1351846 11593728 47 9302016 8486621 2988982 1448 1036928 2796202 16082985 427075 16028491 16352826 16028491 16352826 16081005 15813904 2133273 13981013 15251217 0 7896325 0 0 0 0 0 0 0 0 0 0 0 0 0 0 0 0 0 0 47 9302016 16509476 16078837 16342865 15912577 16255127 15753108 16101532 15611974 15785573 15533571 14898783 14957804 14635963 14456468 14784730 14885621 14650701 14743545 14789041 15056138 15014057 15246029 15061413 15388454 15108758 15336102 15638542 16181079 15476502 15727986 15601795 16099863 16081005 15813904
B 19430 19430 405975 405975 630421 630421 710039 710039 766160 766160 745531 745531 398848 398848 -3996 -3996 -293750 -293750 -664330 -664330 -399790 -399790 -472365 -472365 -307001 -307001 -298177 -298177 -177553 -177553 -135682 -135682
S 0 0 0 0 4194304 4194304 4194304 4194304 4194304 8323072 8323072 4194304 0 0 0 0 1355079 8388608 9302063 0 1357856 0 0 0 1359862 8693760 47 9302016 12248638 8377861 4058 13311680 2796202 16609147 16706961 16534440 16582394 16534440 16582394 16487919 16523785 54705 13981013 2796203 0 7896325 0 0 0 0 0 0 0 0 0 0 0 0 0 0 0 0 0 0 47 9302016 16081005 15813904 16331810 523127 619241 1004660 1001278 1520407 1237557 1602600 1330592 1734050 1338525 1643601 719206 876187 16695650 65583 15988804 16390630 15586025 15311090 15882473 16072802 15867098 15797875 16132813 16193616 16175506 16186221 16413896 16430326 16487919 16523785
B -33865 -33865 22697 22697 115045 115045 173403 173403 250410 250410 314507 314507 392483 392483 455678 455678 528074 528074 587220 587220 652066 652066 705312 705312 761449 761449 807287 807287 856005 856005 951281 951281
S 0 0 0 0 4194304 4194304 4194304 4194304 4194304 8323072 8323072 4194304 0 0 0 0 1356583 8388608 9302063 0 1351168 0 0 0 1354493 866304 47 9302016 4620261 6898905 3342 4843968 13936177 1970608 2056744 1899980 2073339 1899980 2073339 1893688 1911436 918099 2773784 3102447 0 7896325 0 0 0 0 0 0 0 0 0 0 0 0 0 0 0 0 0 0 47 9302016 16487919 16523785 16707155 16711820 24955 65833 231023 229160 350615 342999 549253 452387 681579 576451 875819 694113 1008952 813763 1184287 928009 1308559 1040321 1460333 1147933 1569220 1252028 1694392 1351405 1782824 1446324 1862939 1561083 1893688 1911436
ENDSET
SET 14 A=11776
P 64 64 64 64 64 63 63 64
B 853 853 17344 17344 78096 78096 424541 424541 703750 703750 859136 859136 1034786 1034786 489186 489186 196376 196376 -845083 -845083 -815910 -815910 186581 186581 756639 756639 188368 188368 -880121 -880121 -409039 -409039
S 0 0 0 0 4194304 4194304 4194304 4194304 4194304 4128768 4128768 4194304 0 0 0 0 1355378 8388608 12620869 0 1353888 0 0 0 1354131 4667392 1093 12619776 9143879 5074272 1219 8038400 5661928 178529 1383731 15822198 92621 15822198 92621 15880576 16037700 1947930 15413876 2399461 0 8388607 0 0 0 0 0 0 0 0 0 0 0 0 0 0 0 0 0 0 1093 12619776 0 0 0 3415 48904 20474 374975 16714628 863170 834997 1000920 1814082 1921174 1515371 1952197 2186949 1146840 809906 650116 135388 15150920 15023181 15422985 14867810 355111 391213 1249337 1777220 40354 713118 15165889 14868061 15880576 16037700
B 562242 562242 428842 428842 -786818 -786818 437025 437025 1123068 1123068 -393543 -393543 -770433 -770433 61140 61140 776951 776951 -1103485 -1103485 -280973 -280973 951116 951116 -16217 -16217 -994152 -994152 468347 468347 1119739 1119739
S 0 0 0 0 4194304 4194304 4194304 4194304 4194304 4128768 4128768 4194304 0 0 0 0 1357586 8388608 12620869 0 1356096 0 0 0 1357243 11769856 1093 12619776 4386874 10605059 16775732 11251520 3024075 1029337 16155962 1842776 1760178 1842776 1760178 2257751 2221205 1534186 2514125 12644168 0 8388607 0 0 0 0 0 0 0 0 0 0 0 0 0 0 0 0 0 0 1093 12619776 15880576 16037700 854248 1394722 1286838 428530 14859180 15547980 1144413 603687 2212227 2280048 15970520 16009741 15324728 15147975 128917 115646 1735351 1372454 14462028 14678464 16238157 16192385 1905769 1898698 16706751 5597 15006113 14571712 963888 909502 2257751 2221205
B -130771 -130771 -817884 -817884 280802 280802 1155183 1155183 -42861 -42861 -784113 -784113 -173291 -173291 845576 845576 -940426 -940426 -520654 -520654 931519 931519 156202 156202 -963704 -963704 183538 183538 1174982 1174982 89704 89704
S 0 0 0 0 4194304 4194304 4194304 4194304 4194304 4128768 4128768 4194304 0 0 0 0 1359794 8388608 12620869 0 1358304 0 0 0 1359475 14567424 1093 12619776 6559336 8488097 16775223 15263680 13899789 15206163 14850367 248591 16316682 248591 16316682 127802 231017 15757957 2755590 13584530 0 8388607 0 0 0 0 0 0 0 0 0 0 0 0 0 0 0 0 0 0 1093 12619776 2257751 2221205 16445363 16585985 15218937 15063961 567507 555704 2419668 2201065 16567954 37818 15382976 15035004 16382881 16478390 1868085 1514220 14730296 15062434 15839947 15631872 1827057 1899021 344293 280517 15026410 14673208 405440 328713 2357704 2342227 127802 231017
B -798725 -798725 -30035 -30035 1194489 1194489 128329 128329 -754607 -754607 -299231 -299231 880393 880393 -813650 -813650 -742016 -742016 821247 821247 370362 370362 -878091 -878091 -150293 -150293 1148810 1148810 339766 339766 -713309 -713309
S 0 0 0 0 4194304 4194304 4194304 4194304 4194304 4128768 4128768 4194304 0 0 0 0 1353810 8388608 12620869 0 1352320 0 0 0 1352728 7837696 1093 12619776 10784476 7767186 1866 11008896 14756354 15598281 132362 15036490 14688363 15036490 14688363 15488341 15212857 41211 12948904 1257036 0 8388607 0 0 0 0 0 0 0 0 0 0 0 0 0 0 0 0 0 0 1093 12619776 127802 231017 15291784 15067749 16748007 16686287 2454786 2323173 153121 360198 15432960 15103046 16132623 16224885 1906220 1615353 14995722 15304110 15429560 15156809 1594791 1690199 830883 650567 15146542 14895528 16521319 16431943 2288573 2306667 657772 701292 15488341 15212857
B -367590 -367590 1165251 1165251 352190 352190 -697612 -697612 -454496 -454496 892680 892680 -593183 -593183 -995811 -995811 647472 647472 557669 557669 -727305 -727305 -451875 -451875 1063155 1063155 524810 524810 -600799 -600799 -599599 -599599
S 0 0 0 0 4194304 4194304 4194304 4194304 4194304 4128768 4128768 4194304 0 0 0 0 1356018 8388608 12620869 0 1354528 0 0 0 1354432 3631104 1093 12619776 11685030 8381144 2014 3459584 2253037 1215279 2091950 16170527 116316 16170527 116316 15652556 15503480 15565001 13709430 2409923 0 8388607 0 0 0 0 0 0 0 0 0 0 0 0 0 0 0 0 0 0 1093 12619776 15488341 15212857 16096894 15987179 2338590 2322416 631974 776788 15525770 15238215 15833372 15903076 1890589 1680133 15469960 15711741 14945663 14625527 1232812 1357077 1263162 967517 15383248 15261965 15923275 15823657 2095472 2157149 1061791 1037449 15718216 15433021 15652556 15503480
B 1090197 1090197 517025 517025 -652059 -652059 -554384 -554384 876687 876687 -370434 -370434 -1146634 -1146634 502262 502262 650246 650246 -626543 -626543 -579001 -579001 1016653 1016653 596705 596705 -542097 -542097 -672694 -672694 1054730 1054730
S 0 0 0 0 4194304 4194304 4194304 4194304 4194304 4128768 4128768 4194304 0 0 0 0 1358226 8388608 12620869 0 1356736 0 0 0 1356076 16668672 1093 12619776 7239415 10354388 16775672 7179008 103911 1806258 864261 2023088 2180792 2023088 2180792 2044096 2174826 131727 4246259 13170251 0 8388607 0 0 0 0 0 0 0 0 0 0 0 0 0 0 0 0 0 0 1093 12619776 15652556 15503480 2137488 2223302 992354 1075746 15589441 15356756 15652973 15683923 1828205 1678544 15955530 16117167 14638656 14329242 941794 1067256 1475136 1125848 15543855 15504405 15679124 15559306 1983045 2083567 1227807 1159016 15831101 15554943 15518708 15344950 2044096 2174826
B 550163 550163 -669083 -669083 -559530 -559530 877651 877651 -258890 -258890 -1165741 -1165741 485466 485466 654936 654936 -660713 -660713 -494503 -494503 1080082 1080082 533462 533462 -588391 -588391 -563934 -563934 1106586 1106586 381851 381851
S 0 0 0 0 4194304 4194304 4194304 4194304 4194304 4128768 4128768 4194304 0 0 0 0 1352242 8388608 12620869 0 1358944 0 0 0 1358599 3684352 1093 12619776 3319822 16166529 16777069 3960768 14672800 15949832 14783014 586325 96476 586325 96476 731023 796382 294889 3142096 15933367 0 8388607 0 0 0 0 0 0 0 0 0 0 0 0 0 0 0 0 0 0 1093 12619776 2044096 2174826 1073807 1126845 15535409 15342691 15660780 15655534 1824077 1686529 16202400 16316473 14567526 14323942 925636 1016231 1468178 1151569 15479881 15431702 15863401 15713022 2099456 2220874 1102419 1031430 15734213 15466658 15743353 15555343 2168112 2258233 731023 796382
B -771182 -771182 -437960 -437960 919254 919254 -338066 -338066 -1065208 -1065208 617992 617992 566163 566163 -789952 -789952 -203230 -203230 1204560 1204560 276062 276062 -718222 -718222 -200872 -200872 1156402 1156402 -89148 -89148 -886839 -886839
S 0 0 0 0 4194304 4194304 4194304 4194304 4194304 4128768 4128768 4194304 0 0 0 0 1354450 8388608 12620869 0 1352960 0 0 0 1353480 1558528 1093 12619776 8725037 5853797 1406 13743808 1786015 15600906 598359 14964049 14820961 14964049 14820961 15075704 14931373 1132648 13475920 3046305 0 8388607 0 0 0 0 0 0 0 0 0 0 0 0 0 0 0 0 0 0 1093 12619776 731023 796382 15321715 15147992 15916496 15886098 1921583 1755435 16050030 16152139 14719774 14573828 1216650 1255318 1242513 1022142 15264737 15129889 16463809 16277706 2346531 2471710 570748 533502 15453268 15228279 16475029 16275916 2337300 2288310 16548602 16649241 15075704 14931373
B -115227 -115227 925020 925020 -643252 -643252 -772136 -772136 854717 854717 313812 313812 -922647 -922647 292958 292958 1196954 1196954 -223783 -223783 -750418 -750418 392780 392780 928484 928484 -789476 -789476 -763756 -763756 379261 379261
S 0 0 0 0 4194304 4194304 4194304 4194304 4194304 4128768 4128768 4194304 0 0 0 0 1356658 8388608 12620869 0 1355168 0 0 0 1356668 7804928 1093 12619776 15428739 7495798 1801 7291520 2573870 1934477 360414 1175806 1769344 1175806 1769344 764557 752489 16759822 13869847 2797724 0 8388607 0 0 0 0 0 0 0 0 0 0 0 0 0 0 0 0 0 0 1093 12619776 15075704 14931373 16569174 16524350 1946641 1753439 15457713 15523712 15249034 15216856 1709043 1709825 676811 578440 15052050 14811797 705288 466544 2334997 2452819 16315743 16343560 15332533 15220227 863045 708077 1991689 1722248 15129170 15267360 15294699 15204710 764557 752489
B 684355 684355 -1053816 -1053816 -362261 -362261 897957 897957 259168 259168 -922965 -922965 384956 384956 1143832 1143832 -416018 -416018 -699468 -699468 611689 611689 715936 715936 -1037702 -1037702 -608425 -608425 556617 556617 518906 518906
S 0 0 0 0 4194304 4194304 4194304 4194304 4194304 4128768 4128768 4194304 0 0 0 0 1358866 8388608 12620869 0 1357376 0 0 0 1358902 13928448 1093 12619776 8382314 13126774 16776338 11813504 13303400 15235486 14681557 638363 16310317 638363 16310317 1086447 989179 15493541 2457395 13186186 0 8388607 0 0 0 0 0 0 0 0 0 0 0 0 0 0 0 0 0 0 1093 12619776 764557 752489 1448295 1289127 14680906 14658265 16061748 16043641 1793935 1797894 553943 482732 15054616 14807959 899015 640810 2216663 2358666 15936669 15953693 15391777 15364786 1295955 1150804 1594573 1269173 14644396 14759228 15579093 15541642 1113130 1113340 1086447 989179
B -1149657 -1149657 -287266 -287266 817843 817843 407154 407154 -883799 -883799 233389 233389 1172416 1172416 -413478 -413478 -704548 -704548 654862 654862 649066 649066 -1087997 -1087997 -575184 -575184 585025 585025 509392 509392 -1134826 -1134826
S 0 0 0 0 4194304 4194304 4194304 4194304 4194304 4128768 4128768 4194304 0 0 0 0 1352882 8388608 12620869 0 1351392 0 0 0 1352031 5490688 1093 12619776 16073523 8083020 1942 9383168 13796190 15159260 16115920 14572065 14664186 14572065 14664186 14582509 14432622 15756257 1029917 1083708 0 8388607 0 0 0 0 0 0 0 0 0 0 0 0 0 0 0 0 0 0 1093 12619776 1086447 989179 14524508 14431298 16207709 16197660 1639366 1632006 865620 762997 15110361 14908877 597139 336418 2247409 2442257 15974830 15925691 15346954 15389289 1406127 1213321 1445317 1150947 14571570 14630877 15618155 15635544 1183701 1156401 1042587 994983 14582509 14432622
B -432968 -432968 674272 674272 597468 597468 -776989 -776989 4083 4083 1233079 1233079 -275878 -275878 -762873 -762873 530585 530585 760475 760475 -976330 -976330 -695910 -695910 478568 478568 673047 673047 -967391 -967391 -756804 -756804
S 0 0 0 0 4194304 4194304 4194304 4194304 4194304 4128768 4128768 4194304 0 0 0 0 1355090 8388608 12620869 0 1353600 0 0 0 1353583 3065856 1093 12619776 8567180 1377045 330 15764160 4257382 16562855 1073931 15417294 15776365 15417294 15776365 15192840 15334377 581480 14711603 2368295 0 8388607 0 0 0 0 0 0 0 0 0 0 0 0 0 0 0 0 0 0 1093 12619776 14582509 14432622 15892722 15929841 1376336 1320754 1253135 1136738 15301823 15144655 114479 16679072 2358177 2574141 16291945 16158975 15213897 15289046 1205193 917149 1617342 1424558 14834161 14814952 15346120 15424673 1009558 904715 1361814 1330376 14932634 14752235 15192840 15334377
B 385256 385256 797200 797200 -521280 -521280 -348985 -348985 1260089 1260089 2410 2410 -830913 -830913 293045 293045 918104 918104 -709457 -709457 -868486 -868486 270315 270315 875994 875994 -599341 -599341 -1035274 -1035274 10254 10254
S 0 0 0 0 4194304 4194304 4194304 4194304 4194304 4128768 4128768 4194304 0 0 0 0 1357298 8388608 12620869 0 1355808 0 0 0 1355449 2570240 1093 12619776 2713685 5522926 1327 5072000 3173092 1793968 1929118 225242 606072 225242 606072 164424 16653808 982236 899860 3355232 0 8388607 0 0 0 0 0 0 0 0 0 0 0 0 0 0 0 0 0 0 1093 12619776 15192840 15334377 851054 689971 1635853 1552950 15794431 15674881 16113686 16044806 2450122 2590234 97547 16689309 15078408 15152372 781263 390918 1853459 1818960 15416109 15300498 14963664 15116826 651528 429735 1768766 1735213 15674967 15482101 14569483 14843854 164424 16653808
B 865293 865293 -151915 -151915 -672151 -672151 1177349 1177349 354568 354568 -841546 -841546 -17692 -17692 1017280 1017280 -300129 -300129 -991895 -991895 -14503 -14503 976286 976286 -162490 -162490 -1160804 -1160804 -225810 -225810 804670 804670
S 0 0 0 0 4194304 4194304 4194304 4194304 4194304 4128768 4128768 4194304 0 0 0 0 1359506 8388608 12620869 0 1349824 0 0 0 1358172 2287616 1093 12619776 7545667 815824 196 1068032 13100088 1070693 15769808 1878527 1974974 1878527 1974974 1559723 1658959 1149006 2355740 14770659 0 8388607 0 0 0 0 0 0 0 0 0 0 0 0 0 0 0 0 0 0 1093 12619776 164424 16653808 1726672 1734503 16522977 16423797 15362661 15503170 2380315 2329083 785553 632720 15086728 15101522 178992 16527457 1969201 2099920 16269880 16084037 14690558 14896294 138205 16581002 1981805 1923341 16531244 16373231 14280234 14630984 16507769 16143426 1559723 1658959
B 120830 120830 -816473 -816473 1086138 1086138 561957 561957 -807606 -807606 -220757 -220757 1014489 1014489 7574 7574 -1011312 -1011312 -221358 -221358 959747 959747 141999 141999 -1191694 -1191694 -342149 -342149 746238 746238 252807 252807
S 0 0 0 0 4194304 4194304 4194304 4194304 4194304 4128768 4128768 4194304 0 0 0 0 1353522 8388608 12620869 0 1352032 0 0 0 1352444 6019072 1093 12619776 12216190 6066544 1457 15901696 13777592 14689173 15920784 16773422 15732445 16773422 15732445 565592 445637 15714777 14089187 1560226 0 8388607 0 0 0 0 0 0 0 0 0 0 0 0 0 0 0 0 0 0 1093 12619776 1559723 1658959 296225 187095 14997033 15291508 2293509 2051044 1158779 1089052 15188026 15135985 16534348 16137059 1921315 2136643 116061 16691454 14645093 14864093 16527653 16141349 1957116 1881874 338654 229344 14208903 14578756 16282960 15902879 1422773 1562179 565592 445637
B -903829 -903829 974068 974068 763670 763670 -690002 -690002 -463957 -463957 958283 958283 363858 363858 -948827 -948827 -445649 -445649 866118 866118 471936 471936 -1161863 -1161863 -500253 -500253 655986 655986 419639 419639 -981225 -981225
S 0 0 0 0 4194304 4194304 4194304 4194304 4194304 4128768 4128768 4194304 0 0 0 0 1355730 8388608 12620869 0 1354240 0 0 0 1353765 739328 1093 12619776 10348184 5580804 1341 3555072 2790506 708959 1744767 14821676 15719874 14821676 15719874 14671312 14958222 15923366 13978165 2485911 0 8388607 0 0 0 0 0 0 0 0 0 0 0 0 0 0 0 0 0 0 1093 12619776 565592 445637 14816508 15122609 2117035 1779238 1531275 1523406 15458465 15335960 16008466 15690140 1776326 2056807 813188 642246 14787242 14971884 16078757 15693079 1780982 1683490 953132 934614 14278141 14628842 15956233 15597187 1236213 1387732 891219 787339 14671312 14958222
ENDSET
SET 15 A=640
P 30 100 110 20 90 40 70 127
B 46 46 4772 4772 -13650 -13650 -302234 -302234 -674013 -674013 -716944 -716944 -823078 -823078 -873145 -873145 -869083 -869083 -875645 -875645 -1050949 -1050949 -890344 -890344 -654687 -654687 -420449 -420449 215388 215388 562273 562273
S 0 0 0 0 1966080 6553600 7208960 1310720 5898240 2621440 4587520 8323072 0 0 0 0 1359543 8126464 315247 16252928 1353973 9961472 0 0 1352167 3831296 59 7433216 1183011 8070858 2155 2543360 1185394 1112978 735345 1339626 916924 1339626 916924 1185116 1063977 16104930 13992078 3822315 8449715 8388607 661901 0 0 0 0 0 0 0 0 0 0 0 0 0 0 0 0 0 59 7433216 0 0 0 185 2660 16429 16597209 125408 15875357 16470139 15463135 15395245 15545774 15140885 15140015 15122107 14984008 15077845 14991450 15086651 15099180 14952675 14675473 14675164 14830332 15162725 15593128 15342558 16137350 15735286 392347 469205 1185116 1063977
B 450755 450755 364769 364769 803904 803904 1086817 1086817 989316 989316 986743 986743 986117 986117 905109 905109 793074 793074 793927 793927 835465 835465 666839 666839 702773 702773 611699 611699 450296 450296 371690 371690
S 0 0 0 0 1966080 6553600 7208960 1310720 5898240 2621440 4587520 8323072 0 0 0 0 1354934 8126464 315247 16252928 1356267 3145728 0 0 1355116 3835392 59 7433216 12500620 8851188 16775099 8760832 2208011 1150390 1191958 764592 1008141 764592 1008141 749630 737132 16374565 14015462 14016822 8449715 8388607 661901 0 0 0 0 0 0 0 0 0 0 0 0 0 0 0 0 0 59 7433216 1185116 1063977 1106650 696373 738380 720698 1708805 1506814 1996695 2350575 2153317 1803950 1951613 1995359 2062948 1881521 1891831 1728605 1736071 1436225 1685505 1490206 1730807 1611053 1464020 1203336 1612772 1198320 1316697 1130100 930463 870724 749630 737132
B 619415 619415 501718 501718 425263 425263 382663 382663 222505 222505 79535 79535 185078 185078 332212 332212 143578 143578 196076 196076 -3110 -3110 -112644 -112644 -212911 -212911 8995 8995 -85938 -85938 -39550 -39550
S 0 0 0 0 1966080 6553600 7208960 1310720 5898240 2621440 4587520 8323072 0 0 0 0 1358517 8126464 315247 16252928 1350368 13107200 0 0 1355693 16688640 59 7433216 6716591 4845997 1294 349056 13946849 72091 16506821 65154 16695960 65154 16695960 16770608 16625626 1488847 2779120 277145 8449715 8388607 661901 0 0 0 0 0 0 0 0 0 0 0 0 0 0 0 0 0 59 7433216 749630 737132 1187087 1290576 946834 1060041 598669 1102384 576822 953833 322941 567079 16754709 340648 169047 571268 402346 926503 84934 489378 307765 476542 16543589 221189 16345161 16758697 16288918 16413871 68901 16744295 16768987 16441693 16770608 16625626
B -7359 -7359 -162478 -162478 -323781 -323781 -340568 -340568 -256865 -256865 -378615 -378615 -255048 -255048 -309007 -309007 -387059 -387059 -567718 -567718 -462156 -462156 -526322 -526322 -652798 -652798 -821711 -821711 -898072 -898072 -979455 -979455
S 0 0 0 0 1966080 6553600 7208960 1310720 5898240 2621440 4587520 8323072 0 0 0 0 1353908 8126464 315247 16252928 1360854 6291456 0 0 1357651 11105792 59 7433216 8647114 12564353 16776091 741760 2796695 14712959 14855004 14722509 14795185 14722509 14795185 14788287 14848327 15481522 13981259 16459783 8449715 8388607 661901 0 0 0 0 0 0 0 0 0 0 0 0 0 0 0 0 0 59 7433216 16770608 16625626 153223 16594560 16703896 16200627 16318657 15940651 16237443 15954720 16361632 16165341 16221842 15818133 16529776 16004467 16281269 16037135 16116981 15889216 15796148 15487414 16012569 15693242 15744917 15704229 15342394 15600846 15054401 15213188 14908238 15053906 14788287 14848327
B -1026333 -1026333 -991509 -991509 -1049865 -1049865 -1026307 -1026307 -1044430 -1044430 -1019078 -1019078 -1006255 -1006255 -992389 -992389 -973744 -973744 -866892 -866892 -850119 -850119 -965031 -965031 -913492 -913492 -869310 -869310 -879551 -879551 -758725 -758725
S 0 0 0 0 1966080 6553600 7208960 1310720 5898240 2621440 4587520 8323072 0 0 0 0 1357491 8126464 315247 16252928 1354955 16252928 0 0 1358733 7013888 59 7433216 8301100 5985983 1598 7212672 13981214 15324588 15668463 15071834 15434735 15071834 15434735 15108821 15410712 16699106 2796302 2888681 8449715 8388607 661901 0 0 0 0 0 0 0 0 0 0 0 0 0 0 0 0 0 59 7433216 14788287 14848327 14649982 14799118 14746798 14841598 14665442 14689532 14751426 14697779 14696369 14680344 14789764 14688358 14813235 14716180 14829798 14755079 14876140 14783319 15082442 15004424 15047334 15106625 14789320 14904989 14801018 15099449 14988802 15088390 14924568 15111660 15108821 15410712
B -671881 -671881 -747611 -747611 -863807 -863807 -717759 -717759 -747983 -747983 -599981 -599981 -493214 -493214 -381403 -381403 -579051 -579051 -492272 -492272 -502754 -502754 -491152 -491152 -337401 -337401 -194580 -194580 -189291 -189291 -288452 -288452
S 0 0 0 0 1966080 6553600 7208960 1310720 5898240 2621440 4587520 8323072 0 0 0 0 1352882 8126464 315247 16252928 1357249 9437184 0 0 1359571 12174848 59 7433216 9573760 8486131 16775002 695424 2796190 16591792 16167688 16565934 16141044 16565934 16141044 16460131 15940494 15937127 13981007 13881523 8449715 8388607 661901 0 0 0 0 0 0 0 0 0 0 0 0 0 0 0 0 0 59 7433216 15108821 15410712 15288142 15578768 15166726 15397263 15001009 15098198 15226011 15457388 15084524 15477979 15464176 15690333 15695747 15885829 15953595 16075226 15600123 15638107 15802726 15782618 15996522 15546895 15986845 15602979 16205523 15999308 16552723 16223391 16606500 16190770 16460131 15940494
B -169411 -169411 -337606 -337606 -289729 -289729 -210600 -210600 -42387 -42387 -183319 -183319 -105403 -105403 12624 12624 164743 164743 275682 275682 457861 457861 536893 536893 468997 468997 656484 656484 814230 814230 904577 904577
S 0 0 0 0 1966080 6553600 7208960 1310720 5898240 2621440 4587520 8323072 0 0 0 0 1356465 8126464 315247 16252928 1359543 2621440 0 0 1353120 8922624 59 7433216 5004916 8423526 16774985 5437696 13981012 1672452 1907694 1633649 1758284 1633649 1758284 1743317 1874992 601757 2796201 14570607 8449715 8388607 661901 0 0 0 0 0 0 0 0 0 0 0 0 0 0 0 0 0 59 7433216 16460131 15940494 16600784 16276006 16184850 16019158 16425408 15970110 16587441 16124594 75239 16532432 16409098 16412061 16539738 16593084 47438 3060 161808 497166 307979 794750 711139 1120305 967846 1179728 814522 1061467 1110850 1515086 1501169 1755754 1743317 1874992
B 859159 859159 1007042 1007042 929606 929606 1005965 1005965 1015352 1015352 1050850 1050850 988061 988061 1027025 1027025 1022404 1022404 1025816 1025816 1045202 1045202 1033810 1033810 1039363 1039363 1036082 1036082 1043273 1043273 1045498 1045498
S 0 0 0 0 1966080 6553600 7208960 1310720 5898240 2621440 4587520 8323072 0 0 0 0 1351856 8126464 315247 16252928 1353644 12582912 0 0 1354194 12531200 59 7433216 14735732 3222066 860 6449920 1961356 2053496 2096405 2083050 2097675 2083050 2097675 2089488 2092506 16701349 15274130 15722597 8449715 8388607 661901 0 0 0 0 0 0 0 0 0 0 0 0 0 0 0 0 0 59 7433216 1743317 1874992 1643387 1793249 1964766 2063405 1739207 1979217 2007713 2016149 2035042 2026368 2105308 2098094 1997347 1954898 2088187 2019914 2085142 2004474 2096959 2006307 2077158 2103650 2053076 2082165 2093909 2063546 2100419 2043909 2082545 2090547 2089488 2092506
B 1026704 1026704 971911 971911 940775 940775 1011414 1011414 982888 982888 973167 973167 968339 968339 892056 892056 816518 816518 831844 831844 897621 897621 829057 829057 934502 934502 911507 911507 866821 866821 775801 775801
S 0 0 0 0 1966080 6553600 7208960 1310720 5898240 2621440 4587520 8323072 0 0 0 0 1355439 8126464 315247 16252928 1355938 5767168 0 0 1354607 9029120 59 7433216 15543269 128675 34 6038656 103251 1772001 1578729 1642742 1550653 1642742 1550653 1641949 1461257 16609684 16056031 719967 8449715 8388607 661901 0 0 0 0 0 0 0 0 0 0 0 0 0 0 0 0 0 59 7433216 2089488 2092506 2016543 2090275 1907038 1980609 1850253 1912847 2063239 1982418 2039422 1892132 1985890 1906778 2001333 1872024 1900298 1667928 1761695 1504379 1761776 1565600 1836991 1753495 1772487 1543744 1998630 1739381 1887776 1758252 1804290 1662994 1641949 1461257
B 845238 845238 788490 788490 735326 735326 669345 669345 591142 591142 430795 430795 418915 418915 475477 475477 284902 284902 56691 56691 -167805 -167805 -219726 -219726 -422875 -422875 -297241 -297241 -386040 -386040 -527135 -527135
S 0 0 0 0 1966080 6553600 7208960 1310720 5898240 2621440 4587520 8323072 0 0 0 0 1359022 8126464 315247 16252928 1350039 15728640 0 0 1356311 12396032 59 7433216 4320794 719720 192 3120128 14537672 15492520 15531017 15667541 15490327 15667541 15490327 15678806 15767086 999030 2791506 15399755 8449715 8388607 661901 0 0 0 0 0 0 0 0 0 0 0 0 0 0 0 0 0 59 7433216 1641949 1461257 1754110 1626842 1571949 1582014 1315696 1625611 1197919 1479463 1076773 1287795 728226 994957 636006 1039656 732725 1169185 467814 671797 16758933 245048 16217829 16665386 16102942 16572586 15762437 16100496 16109306 16256162 15933010 16077262 15678806 15767086
B -655068 -655068 -491728 -491728 -621078 -621078 -685073 -685073 -685731 -685731 -802580 -802580 -880467 -880467 -811089 -811089 -710926 -710926 -851259 -851259 -813945 -813945 -935826 -935826 -980419 -980419 -1025618 -1025618 -937192 -937192 -980465 -980465
S 0 0 0 0 1966080 6553600 7208960 1310720 5898240 2621440 4587520 8323072 0 0 0 0 1354413 8126464 315247 16252928 1360525 8912896 0 0 1357554 878080 59 7433216 10029914 9555742 16775287 11046144 2826538 14761458 14942992 14769288 14857736 14769288 14857736 14784988 14847586 15578022 13996181 15735382 8449715 8388607 661901 0 0 0 0 0 0 0 0 0 0 0 0 0 0 0 0 0 59 7433216 15678806 15767086 15586640 15347522 15963007 15624513 15777655 15292467 15466944 15347197 15529152 15282359 15330785 15013328 15111796 14920771 15238810 15071266 15442458 15268270 15160358 14989039 15327699 14970956 14954479 14856650 14826478 14806281 14734049 14717914 14898388 14907276 14784988 14847586
B -976010 -976010 -985307 -985307 -1029057 -1029057 -1039255 -1039255 -1039189 -1039189 -1018567 -1018567 -1038513 -1038513 -1005594 -1005594 -1008925 -1008925 -1023524 -1023524 -1056084 -1056084 -1039319 -1039319 -1052791 -1052791 -1044258 -1044258 -1043558 -1043558 -1023796 -1023796
S 0 0 0 0 1966080 6553600 7208960 1310720 5898240 2621440 4587520 8323072 0 0 0 0 1357996 8126464 315247 16252928 1354627 2097152 0 0 1358165 7263744 59 7433216 8142628 4395098 1173 10364672 13980059 14715056 14915463 14693071 14778290 14693071 14778290 14693456 14765793 276229 2795725 3112527 8449715 8388607 661901 0 0 0 0 0 0 0 0 0 0 0 0 0 0 0 0 0 59 7433216 14784988 14847586 14735683 14914712 14733664 14879541 14710857 14727349 14683621 14713794 14668372 14729304 14695470 14784695 14679143 14721239 14737667 14794392 14698578 14820157 14691008 14769331 14681719 14648377 14692067 14705089 14677409 14665861 14682698 14694703 14678226 14701974 14693456 14765793
B -988274 -988274 -977751 -977751 -993687 -993687 -916058 -916058 -771442 -771442 -633178 -633178 -544161 -544161 -392807 -392807 -493083 -493083 -429786 -429786 -228668 -228668 -84050 -84050 -211565 -211565 -54331 -54331 71642 71642 47555 47555
S 0 0 0 0 1966080 6553600 7208960 1310720 5898240 2621440 4587520 8323072 0 0 0 0 1353387 8126464 315247 16252928 1356920 12058624 0 0 1352278 8840704 59 7433216 8483685 8790081 16775083 3436928 2796031 338868 303582 388978 48654 388978 48654 300269 16667170 15754529 13980928 11710416 8449715 8388607 661901 0 0 0 0 0 0 0 0 0 0 0 0 0 0 0 0 0 59 7433216 14693456 14765793 14729173 14872164 14762881 14880549 14760386 14819299 14819968 15070233 15085776 15382890 15381520 15640200 15599251 15778537 15814765 16168439 15626844 15955256 15892753 15942535 16432587 16207174 16695389 16522846 16512133 16196042 16751411 16585698 415406 16648380 300269 16667170
B 230481 230481 351882 351882 240492 240492 75866 75866 303988 303988 250471 250471 433202 433202 527298 527298 611499 611499 380079 380079 477753 477753 485413 485413 511823 511823 654867 654867 748377 748377 714910 714910
S 0 0 0 0 1966080 6553600 7208960 1310720 5898240 2621440 4587520 8323072 0 0 0 0 1356970 8126464 315247 16252928 1359214 5242880 0 0 1352540 12695040 59 7433216 7176943 8708114 16775061 5323520 13981028 1224774 1453356 1208827 1360030 1208827 1360030 1322765 1536875 342525 2796210 14351683 8449715 8388607 661901 0 0 0 0 0 0 0 0 0 0 0 0 0 0 0 0 0 59 7433216 300269 16667170 582835 339091 876125 531404 689075 272893 413608 16667075 810934 405019 573223 428664 1045701 687110 1127902 981290 1175003 1270995 619583 900734 713251 1197763 865349 1076306 900497 1146796 1100971 1518497 1373005 1620506 1322765 1536875
B 615456 615456 711995 711995 571779 571779 651957 651957 726440 726440 875357 875357 789392 789392 852751 852751 846921 846921 830547 830547 876971 876971 948768 948768 981733 981733 939118 939118 1022498 1022498 1029453 1029453
S 0 0 0 0 1966080 6553600 7208960 1310720 5898240 2621440 4587520 8323072 0 0 0 0 1352361 8126464 315247 16252928 1353315 15204352 0 0 1354205 4212224 59 7433216 11813700 8069102 2154 11453696 2796203 2059915 2096400 2099632 2104969 2099632 2104969 2056733 2061082 16088876 13981013 2394650 8449715 8388607 661901 0 0 0 0 0 0 0 0 0 0 0 0 0 0 0 0 0 59 7433216 1322765 1536875 1146745 1315079 1297587 1550395 908499 1378620 1204795 1403034 1376521 1529239 1701467 1799962 1547132 1610436 1726120 1684886 1858254 1529432 1775821 1546368 1814499 1693387 1956214 1838858 2056174 1870760 1969633 1786842 2075361 2014631 2056733 2061082
B 1045338 1045338 961298 961298 917251 917251 910181 910181 889449 889449 730019 730019 640939 640939 710521 710521 570106 570106 461579 461579 490205 490205 318241 318241 190751 190751 302732 302732 457912 457912 230659 230659
S 0 0 0 0 1966080 6553600 7208960 1310720 5898240 2621440 4587520 8323072 0 0 0 0 1355944 8126464 315247 16252928 1355609 8388608 0 0 1355430 13972992 59 7433216 1991520 8319888 2221 10901504 14840711 827909 203179 712142 370461 712142 370461 616758 305879 237018 1466383 3780362 8449715 8388607 661901 0 0 0 0 0 0 0 0 0 0 0 0 0 0 0 0 0 59 7433216 2056733 2061082 2060416 2120937 1834839 2010354 1747456 1921551 1811747 1828979 1776062 1781735 1468199 1451878 1416674 1147084 1584368 1257718 1374584 905840 1008948 837369 1122257 838563 858525 414441 559953 203051 758672 452259 1003577 828074 616758 305879
ENDSET
