// MnmFilterCurves.h — Elektron Monomachine SFX-60/MkII OS 1.32B
// Кривая фильтра X:$144AC7 (258 слов, 0.0..1.0 Q23) и окно до $144FFF
// для чтений L3 через базу $144B48 (= AC7 + 129).
// Источник: decompiled data/02_memory_images/dsp1_pmem.bin (P-ROM).
// $144BC9-$144C48 = таблицы T1/T2 (LPQ-резонанс) — включены, чтобы
// выходы за 258-е слово читали реальную прошивку, как эмулятор.
#ifndef MNM_FILTER_CURVES_H
#define MNM_FILTER_CURVES_H

#include <cstdint>

namespace mnmfm {

// words[i] = X:$144AC7 + i, i = 0..13724
static const int kFilterCurveLen = 13725;
static const uint32_t kFilterCurve[13725] = {
    0x004876, 0x004CE3, 0x005196, 0x005692, 0x005BDC, 0x006179, 0x00676D, 0x006DBE,
    0x007472, 0x007B8E, 0x008319, 0x008B1A, 0x009398, 0x009C9A, 0x00A629, 0x00B04C,
    0x00BB0E, 0x00C676, 0x00D291, 0x00DF67, 0x00ED06, 0x00FB78, 0x010ACA, 0x011B0A,
    0x012C47, 0x013E8F, 0x0151F2, 0x016682, 0x017C51, 0x019370, 0x01ABF5, 0x01C5F5,
    0x01E187, 0x01FEC1, 0x021DBE, 0x023E98, 0x02616B, 0x028654, 0x02AD74, 0x02D6EB,
    0x0302DD, 0x03316E, 0x0362C5, 0x03970B, 0x03CE6B, 0x040914, 0x044735, 0x048900,
    0x04CEAC, 0x05186E, 0x056684, 0x05B928, 0x06109E, 0x066D27, 0x06CF0C, 0x073696,
    0x07A413, 0x0817D4, 0x08922E, 0x091378, 0x099C0E, 0x0A2C4E, 0x0AC49D, 0x0B655E,
    0x0C0EFD, 0x0CC1E5, 0x0D7E86, 0x0E4553, 0x0F16C0, 0x0FF345, 0x10DB5B, 0x11CF7C,
    0x12D023, 0x13DDCC, 0x14F8F2, 0x16220C, 0x175993, 0x189FF7, 0x19F5A8, 0x1B5B0B,
    0x1CD081, 0x1E565E, 0x1FECEC, 0x219466, 0x234CF9, 0x2516BD, 0x26F1B5, 0x28DDCF,
    0x2ADADC, 0x2CE891, 0x2F0683, 0x313423, 0x3370BD, 0x35BB79, 0x381350, 0x3A7714,
    0x3CE56A, 0x3F5CCB, 0x41DB85, 0x445FBA, 0x46E76A, 0x49706C, 0x4BF87C, 0x4E7D40,
    0x50FC49, 0x537323, 0x55DF5D, 0x583E8D, 0x5A8E63, 0x5CCCAB, 0x5EF75C, 0x610C9C,
    0x630ACC, 0x64F089, 0x66BCB0, 0x686E62, 0x6A04FD, 0x6B801F, 0x6CDF98, 0x6E236B,
    0x6F4BBA, 0x7058C1, 0x714AC1, 0x7221F3, 0x72DE71, 0x73801D, 0x74067D, 0x747093,
    0x74BC9A, 0x045180, 0x087D43, 0x0C842D, 0x106722, 0x14270A, 0x17C4CE, 0x1B415B,
    0x1E9D9C, 0x21DA7F, 0x24F8EF, 0x27F9D8, 0x2ADE24, 0x2DA6BA, 0x305481, 0x32E85B,
    0x356327, 0x37C5C1, 0x3A1102, 0x3C45BD, 0x3E64C2, 0x406EDB, 0x4264CF, 0x44475E,
    0x461743, 0x47D535, 0x4981E6, 0x4B1E01, 0x4CAA2D, 0x4E270A, 0x4F9535, 0x50F544,
    0x5247C7, 0x538D4C, 0x54C657, 0x55F36D, 0x571509, 0x582BA4, 0x5937B0, 0x5A399D,
    0x5B31D6, 0x5C20C0, 0x5D06BD, 0x5DE42B, 0x5EB964, 0x5F86BF, 0x604C8D, 0x610B1E,
    0x61C2BD, 0x6273B3, 0x631E45, 0x63C2B6, 0x646144, 0x64FA2C, 0x658DA9, 0x661BF1,
    0x66A539, 0x6729B5, 0x67A995, 0x682506, 0x689C36, 0x690F4E, 0x697E77, 0x69E9D7,
    0x6A5194, 0x6AB5D1, 0x6B16AF, 0x6B744F, 0x6BCED0, 0x6C2650, 0x6C7AE9, 0x6CCCB8,
    0x6D1BD7, 0x6D685E, 0x6DB264, 0x6DFA01, 0x6E3F4A, 0x6E8253, 0x6EC331, 0x6F01F6,
    0x6F3EB6, 0x6F7980, 0x6FB266, 0x6FE977, 0x701EC3, 0x705259, 0x708447, 0x70B499,
    0x70E35D, 0x71109F, 0x713C6B, 0x7166CC, 0x718FCE, 0x71B779, 0x71DDD9, 0x7202F7,
    0x7226DB, 0x72498F, 0x726B1C, 0x728B88, 0x72AADC, 0x72C91F, 0x72E658, 0x73028E,
    0x731DC7, 0x73380A, 0x73515C, 0x7369C4, 0x738145, 0x7397E7, 0x73ADAD, 0x73C29C,
    0x73D6B9, 0x73EA09, 0x73FC8E, 0x740E4E, 0x741F4C, 0x742F8B, 0x743F0F, 0x744DDB,
    0x745BF2, 0x746956, 0x74760C, 0x748215, 0x748D73, 0x749829, 0x74A239, 0x74ABA6,
    0x74B470, 0x74BC9A, 0x008000, 0x010000, 0x018000, 0x020000, 0x028000, 0x030000,
    0x038000, 0x040000, 0x048000, 0x050000, 0x058000, 0x060000, 0x068000, 0x070000,
    0x078000, 0x080000, 0x088000, 0x090000, 0x098000, 0x0A0000, 0x0A8000, 0x0B0000,
    0x0B8000, 0x0C0000, 0x0C8000, 0x0D0000, 0x0D8000, 0x0E0000, 0x0E8000, 0x0F0000,
    0x0F8000, 0x100000, 0x108000, 0x110000, 0x118000, 0x120000, 0x128000, 0x130000,
    0x138000, 0x140000, 0x148000, 0x150000, 0x158000, 0x160000, 0x168000, 0x170000,
    0x178000, 0x180000, 0x188000, 0x190000, 0x198000, 0x1A0000, 0x1A8000, 0x1B0000,
    0x1B8000, 0x1C0000, 0x1C8000, 0x1D0000, 0x1D8000, 0x1E0000, 0x1E8000, 0x1F0000,
    0x1F8000, 0x200000, 0x208000, 0x210000, 0x218000, 0x220000, 0x228000, 0x230000,
    0x238000, 0x240000, 0x248000, 0x250000, 0x258000, 0x260000, 0x268000, 0x270000,
    0x278000, 0x280000, 0x288000, 0x290000, 0x298000, 0x2A0000, 0x2A8000, 0x2B0000,
    0x2B8000, 0x2C0000, 0x2C8000, 0x2D0000, 0x2D8000, 0x2E0000, 0x2E8000, 0x2F0000,
    0x2F8000, 0x300000, 0x308000, 0x310000, 0x318000, 0x320000, 0x328000, 0x330000,
    0x338000, 0x340000, 0x348000, 0x350000, 0x358000, 0x360000, 0x368000, 0x370000,
    0x378000, 0x380000, 0x388000, 0x390000, 0x398000, 0x3A0000, 0x3A8000, 0x3B0000,
    0x3B7FFF, 0x3BFFFF, 0x3C7FFF, 0x3CFFFF, 0x3D7FFF, 0x3DFFFF, 0x3E7FFF, 0x3EFFFF,
    0x3F7FFF, 0x3FFFFF, 0x7FFFFF, 0x3FFFFF, 0x2AAAAA, 0x200000, 0x199999, 0x155555,
    0x124924, 0x100000, 0x0E38E3, 0x0CCCCD, 0x0BA2E9, 0x0AAAAB, 0x09D89D, 0x092492,
    0x088888, 0x080000, 0x078787, 0x071C72, 0x06BCA2, 0x066666, 0x061861, 0x05D174,
    0x0590B2, 0x055555, 0x051EB8, 0x04EC4F, 0x04BDA1, 0x049249, 0x0469EE, 0x044444,
    0x042108, 0x040000, 0x03E0F8, 0x03C3C4, 0x03A83B, 0x038E39, 0x03759F, 0x035E51,
    0x034834, 0x033333, 0x031F38, 0x030C31, 0x02FA0C, 0x02E8BA, 0x02D82D, 0x02C859,
    0x02B931, 0x02AAAB, 0x029CBC, 0x028F5C, 0x028282, 0x027627, 0x026A44, 0x025ED1,
    0x0253C8, 0x024925, 0x023EE1, 0x0234F7, 0x022B64, 0x022222, 0x02192E, 0x021084,
    0x020820, 0x020000, 0x01F81F, 0x01F07C, 0x01E913, 0x01E1E2, 0x01DAE6, 0x01D41D,
    0x01CD85, 0x01C71C, 0x01C0E0, 0x01BAD0, 0x01B4E8, 0x01AF28, 0x01A98F, 0x01A41A,
    0x019EC9, 0x01999A, 0x01948B, 0x018F9C, 0x018ACC, 0x018618, 0x018181, 0x017D06,
    0x0178A5, 0x01745D, 0x01702E, 0x016C17, 0x016816, 0x01642C, 0x016058, 0x015C99,
    0x0158ED, 0x015555, 0x0151D1, 0x014E5E, 0x014AFD, 0x0147AE, 0x014470, 0x014141,
    0x013E23, 0x013B14, 0x013814, 0x013522, 0x01323E, 0x012F68, 0x012CA0, 0x0129E4,
    0x012735, 0x012492, 0x0121FB, 0x011F70, 0x011CF0, 0x011A7C, 0x011812, 0x0115B2,
    0x01135C, 0x011111, 0x010ECF, 0x010C97, 0x010A68, 0x010842, 0x010625, 0x010410,
    0x010204, 0x010000, 0x44F400, 0x14A000, 0x024684, 0x240000, 0x0246A4, 0x00000C,
    0x00000C, 0x44F400, 0x17C6F9, 0x218700, 0x210600, 0x01278D, 0x012484, 0x024E9F,
    0x024EB9, 0x024E8C, 0x024EA8, 0x200014, 0x0C1C08, 0x61F400, 0x000000, 0x218700,
    0x210600, 0x200001, 0x02469F, 0x0246B9, 0x44F400, 0x001FFF, 0x45F400, 0x14A000,
    0x061080, 0x144CEC, 0x200030, 0x495918, 0x20004E, 0x200068, 0x61F400, 0x000000,
    0x223400, 0x02468D, 0x0246A9, 0x62D900, 0x05F422, 0x001FFF, 0x0460A2, 0x4EDC00,
    0x45DA00, 0x60D900, 0x060880, 0x144D09, 0x012796, 0x44E260, 0x62D960, 0x01268D,
    0xF49822, 0x0C1C04, 0x0127B6, 0xB2E068, 0x60D968, 0x0126AD, 0xF49A2A, 0x0C1C85,
    0x5E5F00, 0x5F5F00, 0x5F5F00, 0x05F420, 0xFFFFFF, 0x05F422, 0xFFFFFF, 0x061080,
    0x144D1F, 0x061880, 0x144D1E, 0x000000, 0x000000, 0x000000, 0x000000, 0x000000,
    0x000000, 0x000000, 0x000000, 0x000000, 0x000000, 0x000000, 0x000000, 0x000000,
    0x000000, 0x00000C, 0x60F400, 0x00001E, 0x61F400, 0x000020, 0x0256B4, 0x445800,
    0x0256F4, 0x445000, 0x45F400, 0x1E454E, 0x46F400, 0x5B75B8, 0x0276B7, 0x0276FF,
    0x64F400, 0x00001E, 0x44D900, 0x56D800, 0x061080, 0x144D38, 0xB199D2, 0x1F98B6,
    0xB199AA, 0x1998FE, 0x4F5C00, 0x5F5C00, 0x0276A7, 0x0276EF, 0x64F400, 0x000020,
    0x0256AE, 0x44D800, 0x0256E4, 0x60F400, 0x00001F, 0x244000, 0x4EDC00, 0x060880,
    0x144D4B, 0x4EDCD0, 0xFC18D2, 0x4EDCD8, 0xF818DA, 0x575800, 0x00000C, 0x60F400,
    0x00001E, 0x61F400, 0x000020, 0x0256B4, 0x445800, 0x0256F4, 0x445000, 0x45F400,
    0x0CFCE3, 0x46F400, 0x2BC9CA, 0x0276B7, 0x0276FF, 0x64F400, 0x00001E, 0x44D900,
    0x56D800, 0x061080, 0x144D65, 0xB199D2, 0x1F98B6, 0xB199AA, 0x1998FE, 0x4F5C00,
    0x5F5C00, 0x0276A7, 0x0276EF, 0x0256AE, 0x44D800, 0x0256E4, 0x64F400, 0x00001E,
    0x65F400, 0x000020, 0x025EB4, 0x4C5C00, 0x025EF4, 0x4C5400, 0x47F400, 0x4E63DF,
    0x44F400, 0x6F0F12, 0x027EB5, 0x027EFF, 0x60F400, 0x00001E, 0x4EDD00, 0x5EDC00,
    0x061080, 0x144D84, 0xF438D2, 0x1FDCA6, 0xF438BA, 0x16DCFE, 0x455800, 0x575800,
    0x027EA5, 0x027EEF, 0x025EAE, 0x4CDC00, 0x025EE4, 0x60F400, 0x000020, 0x64F400,
    0x00001F, 0x264000, 0x44D800, 0x060880, 0x144D97, 0x44D8D0, 0xB398D2, 0x44D8D8,
    0xB298DA, 0x5F5C00, 0x00000C, 0x44F400, 0x00000A, 0x0246A4, 0x44F400, 0x000001,
    0x0246E4, 0x00000C, 0x00000C, 0x240000, 0x039EC4, 0x0246BF, 0x0246F5, 0x61F400,
    0x000006, 0x061080, 0x144DB1, 0x20A468, 0x208C00, 0x21A500, 0x555900, 0x20A460,
    0x208D00, 0x218500, 0x545900, 0x0246A5, 0x0246ED, 0x62F400, 0x144E7A, 0x64F400,
    0x000000, 0x0506A4, 0x60F400, 0x000000, 0x61F400, 0x000026, 0x56DA00, 0x57DA00,
    0xBA9A00, 0xBF9A00, 0xBA9A00, 0xBF9A00, 0xBA9A00, 0x5F5C00, 0x5E5C00, 0x025695,
    0x0256B4, 0x455800, 0x445800, 0x024ED5, 0x024EF4, 0x455800, 0x445800, 0x024E95,
    0x024EB4, 0x455800, 0x445800, 0x60F400, 0x000000, 0x70F400, 0xFFFFFB, 0x025ED5,
    0x025EF4, 0x455900, 0x445900, 0x025E95, 0x025EB4, 0x455900, 0x445900, 0x0256D5,
    0x0256F4, 0x455900, 0x445900, 0x61F400, 0x000026, 0x71F400, 0xFFFFFB, 0xF09800,
    0x061080, 0x144DFA, 0x44D8D0, 0xF098D8, 0x44D8D2, 0xF098DA, 0x44D8D2, 0xF098DA,
    0x44C8D2, 0xF099DA, 0x44D9D2, 0xF099DA, 0x44D9D2, 0xF099DA, 0x44D9D2, 0xF098DA,
    0x0C1D04, 0x0C1D85, 0x565900, 0x574900, 0x45D800, 0x025684, 0x0256A5, 0x45D800,
    0x44D800, 0x024EC5, 0x024EE4, 0x45D800, 0x44D800, 0x024E85, 0x024EA4, 0x45D900,
    0x44D900, 0x025EC5, 0x025EE4, 0x45D900, 0x44D900, 0x025E85, 0x025EA4, 0x45D900,
    0x44D900, 0x0256C5, 0x0256E4, 0x05F424, 0xFFFFFF, 0x60F400, 0x000006, 0x61F400,
    0x00004C, 0x02669E, 0x0266BF, 0x240200, 0x45F400, 0xFFFCB9, 0x47D800, 0x061080,
    0x144E23, 0x1819C2, 0x47D8E2, 0x1E19CA, 0x47D8EA, 0x02668E, 0x0266AF, 0x0216FF,
    0x56F400, 0x7FFFFF, 0x200014, 0x200014, 0x0D1043, 0x00000D, 0x250000, 0x0140CC,
    0x400000, 0x20003A, 0x56F400, 0x7FFFFF, 0x200014, 0x21E700, 0x21C600, 0x0D10C0,
    0x000007, 0x0C1C04, 0x20003A, 0x21C500, 0x21E600, 0x270000, 0x60F400, 0x000006,
    0x61F400, 0x00002C, 0x62F400, 0x00004C, 0x63F400, 0x000080, 0x44D800, 0x061080,
    0x144E4F, 0x44D8A0, 0x44D9A8, 0x44D9D2, 0x44DADA, 0x44DAC2, 0x44D8CA, 0x565B00,
    0x575B00, 0x61F400, 0x000080, 0x244000, 0x0216B6, 0x208E00, 0x208F00, 0x2000D2,
    0x2000DE, 0x21C600, 0x139900, 0x021EBE, 0x0140C5, 0x400000, 0x0D1049, 0x00000C,
    0x061080, 0x144E66, 0x45D9D0, 0x2000F2, 0x2000C8, 0x44D9EA, 0x5E5F00, 0x5F5F00,
    0x0D10C0, 0x00000A, 0x061080, 0x144E70, 0x45D9D0, 0x2000F2, 0x2000D8, 0x44D9FA,
    0x5E5F00, 0x5F5F00, 0x000000, 0x067880, 0x144E74, 0x000000, 0x05F420, 0xFFFFFF,
    0x05F422, 0xFFFFFF, 0x00000C, 0xFF7C8F, 0x05E4F1, 0xF4D218, 0x05D05A, 0x10B5C7,
    0xBF728F, 0x4FD6AE, 0x50F400, 0x114000, 0x4DF000, 0x000124, 0x0141E2, 0x002000,
    0x210400, 0x0246A4, 0x248000, 0x0246C4, 0x240000, 0x024E84, 0x0216B4, 0x0141C0,
    0xFFFC03, 0x014384, 0x0276CE, 0x240000, 0x0286E4, 0x0286A4, 0x0276E4, 0x028E84,
    0x028EA4, 0x024EE4, 0x00000C, 0x240000, 0x039EC4, 0x2F8000, 0x0286FE, 0x0140C5,
    0x000080, 0x051403, 0x014180, 0x20001B, 0x0286EE, 0x0286AF, 0x340000, 0x022EF4,
    0x200080, 0x45D800, 0x21C400, 0x45D8A0, 0x0C1D04, 0x45D8A8, 0x0C1D85, 0x061080,
    0x144EB3, 0xB698A0, 0x0C1D04, 0xB798A8, 0x0C1D85, 0x021EB4, 0x200080, 0x60F400,
    0x000020, 0x21C400, 0x0141C0, 0x009566, 0x221400, 0x21C400, 0x0246DE, 0x024E9F,
    0x21C500, 0x0AF974, 0x061080, 0x144EC4, 0x1E18AE, 0x165CD2, 0x0AF954, 0x0246CE,
    0x024E8F, 0x0296BE, 0x0226F6, 0x21C700, 0x0141D2, 0x028F5C, 0x0141F2, 0xFD70A4,
    0x0296AE, 0x21C600, 0x0141D0, 0x000800, 0x21D000, 0x0A70CE, 0x14A000, 0x0A70CF,
    0x14A800, 0x0296F4, 0x029EB5, 0x0296EF, 0x029EAE, 0x200064, 0x20004C, 0x21C661,
    0x21E749, 0x240800, 0x60F400, 0x0000E0, 0x061080, 0x144EE6, 0x5E60D2, 0x5758CA,
    0x65F400, 0x0000E0, 0x60F400, 0x000020, 0x221400, 0x61F400, 0x000020, 0x62F400,
    0x000030, 0x46E500, 0xF1B800, 0x061080, 0x144EF9, 0x4DDCD0, 0x2000F2, 0x46E5D8,
    0xF1B8FE, 0x565900, 0x575A00, 0x0216B4, 0x0141C0, 0xFFFC03, 0x014384, 0x0276DF,
    0x0276F9, 0x497000, 0x0000FF, 0x21C400, 0x21E500, 0x0141CA, 0x028F5C, 0x0141EA,
    0xFD70A4, 0x0276CD, 0x0276E9, 0x028E9E, 0x028EB8, 0x0216F4, 0x21C500, 0x0141C2,
    0xFD70A4, 0x0141E2, 0xFD70A4, 0x028E8C, 0x028EA8, 0x014288, 0x0C1D95, 0x21C500,
    0x21E400, 0x2000A0, 0x028EF4, 0x028EEE, 0x47F444, 0x080000, 0x21C641, 0x63F400,
    0x0000E0, 0x050FA3, 0x061080, 0x144F23, 0x565BB2, 0x61F400, 0x000020, 0x62F400,
    0x00001F, 0x0276DF, 0x0276F9, 0x43F000, 0x0000FF, 0x20003C, 0x015088, 0x0C1C89,
    0x21A700, 0x212600, 0x48E200, 0x45D900, 0x44DB00, 0x060280, 0x144F3E, 0x49F000,
    0x0000FF, 0x061080, 0x144F3D, 0x485AA0, 0x0C1C14, 0x45D910, 0x44DB38, 0x000000,
    0x485A00, 0x05F423, 0xFFFFFF, 0x200013, 0x64F41B, 0x000020, 0x061080, 0x144F4B,
    0x5CDC00, 0x5DD423, 0x20002B, 0x5C5C00, 0x5D5C00, 0x64F400, 0x000020, 0x60F400,
    0x00009E, 0x4EDC00, 0x56D800, 0x57D000, 0x061080, 0x144F56, 0xF81890, 0xFC1898,
    0x565800, 0x575800, 0x60F400, 0x0000A0, 0x64F400, 0x000020, 0x65F400, 0x0000A0,
    0xF09800, 0x061080, 0x144F65, 0xF098D0, 0xF098D8, 0x5E5D00, 0x5F5D00, 0x64F400,
    0x000020, 0x60F400, 0x000040, 0x61F400, 0x0000A0, 0x65F400, 0x0000A0, 0x278000,
    0x240000, 0x62F400, 0x000000, 0x050AA2, 0x44F400, 0xEAAAAB, 0x445A00, 0x244000,
    0x445A00, 0x44F400, 0xD55555, 0x445A00, 0x244000, 0x445A00, 0x248000, 0x445A00,
    0x24C000, 0x445A00, 0x24C000, 0x445A00, 0x244000, 0x445A00, 0x44F400, 0x7FFFFF,
    0x445A00, 0x44F400, 0x155555, 0x445A00, 0x44F400, 0xEAAAAB, 0x445A00, 0xC0BA00,
    0x062080, 0x144FA1, 0x44DAD0, 0x45D900, 0xC09AA2, 0xC0BAD2, 0x44DAD8, 0xC09AAA,
    0x2000DA, 0xC0BA7C, 0x565800, 0x575800, 0x44DAD0, 0xC09AA2, 0xF0BAD2, 0xF09AD8,
    0xC0BADA, 0x565800, 0x575800, 0x05F422, 0xFFFFFF, 0x64F400, 0x000000, 0x3C0200,
    0x0246BE, 0x21D009, 0x0140C0, 0x001000, 0x05F420, 0x000FFF, 0x0461A0, 0x0462A0,
    0x0463A0, 0x21D100, 0x221200, 0x223300, 0x0A76DA, 0x00001D, 0x235B00, 0x204A00,
    0x204B00, 0x200013, 0x0276FC, 0x200023, 0x57F400, 0x7FFFFF, 0x21C41C, 0x0226BE,
    0x0140C4, 0x400000, 0x21C500, 0x0141E0, 0x410410, 0x0C1D04, 0x21C500, 0x0141E0,
    0x7EB852, 0x21C500, 0x21E4A8, 0x2000A0, 0x21E600, 0x21C700, 0x0286B4, 0x2000D4,
    0x45F4CC, 0x7FFFFF, 0x21C600, 0x21E700, 0x060280, 0x144FE2, 0x000000, 0x061080,
    0x144FDC, 0x44DA00, 0x44E2C0, 0x4CCCD2, 0x2000A2, 0x565800, 0x22AF00, 0x221500,
    0x223000, 0x227200, 0x64F400, 0x000001, 0x05F420, 0xFFFFFF, 0x0461A0, 0x0462A0,
    0x0463A0, 0x0246BE, 0x0246AF, 0x05F420, 0x000FFF, 0x0464A0, 0x21D000, 0x0140C0,
    0x001000, 0x21D100, 0x65F400, 0x000020, 0x62F400, 0x000040, 0x63F400, 0x0000E0,
    0x70DD00, 0x060280, 0x145005, 0x044814, 0x061080, 0x145004, 0xF09A00, 0x70DD00,
    0xF09AD0, 0xF09AD2, 0xF09AD2, 0x2000D2, 0x044814, 0x565B00, 0x223000, 0x05F424,
    0xFFFFFF, 0x05F420, 0xFFFFFF, 0x64F400, 0x00003E, 0x65F400, 0x000000, 0x60F400,
    0x0000E0, 0x051FA0, 0x381000, 0x47F400, 0x5A8241, 0x0286B4, 0x2000C4, 0x4DDD00,
    0x21C600, 0x061080, 0x14501E, 0xB688E0, 0x4DDDF2, 0xB788E8, 0x4DDDFA, 0x205800,
    0x5E5C00, 0x5F5C00, 0x05F420, 0xFFFFFF, 0x64F400, 0x000000, 0x65F400, 0x000040,
    0x021EF4, 0x56F400, 0x7FFFFF, 0x200044, 0x4EDC00, 0x21C500, 0x061080, 0x145034,
    0x4EDDE0, 0x4EDCD2, 0x4EDDE8, 0x4EDCDA, 0x5E5F00, 0x5F5F00, 0x00000C, 0x248000,
    0x0246C4, 0x240000, 0x024E84, 0x208500, 0x0266C4, 0x0266E4, 0x026684, 0x0266A4,
    0x040EE4, 0x060880, 0x145043, 0x425C00, 0x425C00, 0x00000C, 0x240000, 0x039EC4,
    0x340000, 0x351000, 0x022EF4, 0x200080, 0x45D800, 0x21C400, 0x45D8A0, 0x0C1D04,
    0x45D8A8, 0x0C1D85, 0x061080, 0x145056, 0xB698A0, 0x0C1D04, 0xB7B8A8, 0x0C1D85,
    0x021EB4, 0x200080, 0x302000, 0x21C400, 0x0141C0, 0x009566, 0x221400, 0x21C400,
    0x0246DE, 0x024E9F, 0x21C500, 0x0AF974, 0x061080, 0x145066, 0x1E18AE, 0x165CD2,
    0x0AF954, 0x0246CE, 0x024E8F, 0x026EFE, 0x0226F6, 0x21C700, 0x0141D2, 0x028F5C,
    0x0141F2, 0xFD70A4, 0x026EEE, 0x21C600, 0x0141D0, 0x000800, 0x21D000, 0x0A70CE,
    0x14A000, 0x0A70CF, 0x14A800, 0x0276B4, 0x0276F5, 0x0276AF, 0x0276EE, 0x200064,
    0x20004C, 0x21C661, 0x21E749, 0x240800, 0x60F400, 0x0000E0, 0x061080, 0x145088,
    0x5E60D2, 0x5758CA, 0x65F400, 0x0000E0, 0x60F400, 0x000020, 0x221400, 0x61F400,
    0x000020, 0x62F400, 0x000030, 0x46E500, 0xF1B800, 0x061080, 0x14509B, 0x4DDCD0,
    0x2000F2, 0x46E5D8, 0xF1B8FE, 0x565900, 0x575A00, 0x02669F, 0x0266B9, 0x0216B4,
    0x21E500, 0x0141CA, 0x028F5C, 0x0141EA, 0xFD70A4, 0x02668D, 0x0266A9, 0x0266DE,
    0x0266F8, 0x0216F4, 0x21C500, 0x0141C2, 0x028F5C, 0x0141E2, 0xFD70A4, 0x0266CC,
    0x0266E8, 0x21C400, 0x0140CC, 0x400000, 0x20003A, 0x21E500, 0x20002E, 0x0140C8,
    0x800000, 0x20003E, 0x21E700, 0x2000C0, 0x026EB4, 0x026EAE, 0x47F444, 0x080000,
    0x21C641, 0x63F400, 0x0000E0, 0x050FA3, 0x061080, 0x1450C5, 0x565BB2, 0x61F400,
    0x000020, 0x62F400, 0x000000, 0x20A600, 0x45D900, 0x44DB00, 0x061080, 0x1450D4,
    0x45D9A0, 0x44DB50, 0x45D9A8, 0x44DB58, 0x565A00, 0x575A00, 0x05F423, 0xFFFFFF,
    0x64F400, 0x000090, 0x0226BE, 0x0140C4, 0x400000, 0x200032, 0x21C700, 0x024EFF,
    0x024EEE, 0x200014, 0x21C600, 0x0141D0, 0x080000, 0x061080, 0x1450E6, 0x5F5C18,
    0x3E1E00, 0x60F400, 0x000000, 0x65F400, 0x000000, 0x63F400, 0x000060, 0x060280,
    0x145128, 0x044E14, 0x62F400, 0x000020, 0x060780, 0x1450F6, 0x42DC00, 0x425A00,
    0x61F400, 0x000021, 0x62F400, 0x000020, 0x64F400, 0x000090, 0x72F400, 0xFFFFFB,
    0x235900, 0xF19800, 0x061080, 0x14511C, 0x4EE5F8, 0x46DA58, 0x21E551, 0x45DAA2,
    0x5759A6, 0x45DA69, 0x21C6AE, 0x5659DA, 0x45DA61, 0x21E6A6, 0x5759D2, 0x45DA69,
    0x21C6AE, 0x5659DA, 0x45DA61, 0x21E6A6, 0x5759D2, 0x45CA69, 0x21C6AE, 0x5659DA,
    0x47F400, 0x5A8241, 0xF0B800, 0x21E5B0, 0xFD09F2, 0x565B00, 0x044E14, 0x060780,
    0x145121, 0x43DA00, 0x435C00, 0x3E2600, 0x60F400, 0x000010, 0x65F400, 0x000010,
    0x63F400, 0x000070, 0x64F400, 0x000000, 0x63F400, 0x000010, 0x62F400, 0x000060,
    0x61F400, 0x000070, 0x021EF4, 0x56F400, 0x7FFFFF, 0x200044, 0x4EDC00, 0x21C500,
    0x061080, 0x14513E, 0x46DAE0, 0x4EDBD2, 0x46D9E8, 0x4EDCDA, 0x5E5F00, 0x5F5F00,
    0x00000C, 0x00000C, 0x240000, 0x0246E4, 0x00000C, 0x061080, 0x14514B, 0x56D800,
    0x57D800, 0x0C1C04, 0x0C1C85, 0x5E5F00, 0x5F5F00, 0x00000C, 0x677000, 0x0000FF,
    0x0246FE, 0x014085, 0x0D1042, 0x000015, 0x0226BE, 0x0C1C20, 0x024EBF, 0x21D400,
    0x000000, 0x000000, 0x000000, 0x0B74C6, 0x141980, 0x200058, 0x0D1045, 0x000006,
    0x44F400, 0x000001, 0x0246E4, 0x0246A4, 0x024EAF, 0x0D10C0, 0x000029, 0x0140C5,
    0x000001, 0x0D1042, 0x000018, 0x0226FE, 0x0C1C20, 0x0246BF, 0x21D400, 0x000000,
    0x000000, 0x000000, 0x0B74C6, 0x141900, 0x0140C8, 0x000020, 0x20005D, 0x0D1049,
    0x000007, 0x44F400, 0x000002, 0x0246E4, 0x0D10C0, 0x000005, 0x0246AF, 0x0D10C0,
    0x00000F, 0x022EBE, 0x0C1C20, 0x024EBF, 0x21D400, 0x000000, 0x000000, 0x000000,
    0x0B74C6, 0x141A00, 0x20005C, 0x202B1B, 0x000000, 0x024EAF, 0x0216B4, 0x0206F5,
    0x0141C0, 0x00063F, 0x0141E2, 0x080000, 0x0140C4, 0x000100, 0x200011, 0x200009,
    0x202B1B, 0x0140CD, 0x00063F, 0x0D1049, 0x000004, 0x57F400, 0x00063F, 0x0216F4,
    0x0256AF, 0x0141C2, 0x00073F, 0x57F400, 0x00063F, 0x21C400, 0x20001C, 0x021EFE,
    0x200032, 0x0140C0, 0x800000, 0x0D1043, 0x000003, 0x208F00, 0x024EB7, 0x21C600,
    0x2000B0, 0x21E600, 0x21C700, 0x2000B0, 0x200040, 0x202B13, 0x0140C5, 0x00063F,
    0x0D1049, 0x000005, 0x56F400, 0x00063F, 0x000000, 0x025EAE, 0x62F400, 0x00007E,
    0x63F400, 0x0000BE, 0x061080, 0x1451C6, 0x44D800, 0x445A00, 0x44D800, 0x445B00,
    0x025EBE, 0x021EB4, 0x21D000, 0x200009, 0x0141CA, 0xFFF912, 0x0A70C5, 0x143546,
    0x200068, 0x219300, 0x21B200, 0x05F420, 0xFFFFFF, 0x0A73C5, 0x141B18, 0x0A72C7,
    0x142F06, 0x20E4F0, 0x2000CC, 0x63F400, 0x00007A, 0x0140C0, 0xC00000, 0x200022,
    0x02B6F7, 0x475B00, 0x21C400, 0x0C1D04, 0x200010, 0x0C1C04, 0x447000, 0x000035,
    0x02E6B6, 0x21E45C, 0x02E6A4, 0x467000, 0x000036, 0x02DEF7, 0x21C474, 0x02DEE4,
    0x477000, 0x000037, 0x577000, 0x000032, 0x567000, 0x000033, 0x56F000, 0x000035,
    0x02E6F5, 0x21C464, 0x02E6E4, 0x457000, 0x000038, 0x567000, 0x000034, 0x64F400,
    0x000000, 0x65F400, 0x000020, 0x67F400, 0x000040, 0x56F000, 0x000036, 0x57F000,
    0x000037, 0x46F000, 0x000032, 0x47F000, 0x000033, 0x240800, 0x061080, 0x145210,
    0x5E5CD2, 0x5F5DCA, 0x56F000, 0x000038, 0x45F000, 0x000034, 0x061080, 0x145218,
    0x5E5FA2, 0x000000, 0x60F400, 0x00007A, 0x61F400, 0x00007C, 0x64F400, 0x000000,
    0x65F400, 0x000020, 0x67F400, 0x000040, 0x02BEF4, 0x445B00, 0x208E00, 0x02BEB8,
    0x02C6B4, 0x445B00, 0x02CEB4, 0x445B00, 0x208F00, 0x02C6F9, 0x62F400, 0x00007C,
    0xC09800, 0xC0F8D2, 0x2000D2, 0x2000D2, 0x2000D2, 0x061080, 0x145241, 0xC0B0D2,
    0xF099D2, 0xF0F9DA, 0x485ADA, 0x2000DA, 0x2000DA, 0xF0B1DA, 0xC098DA, 0xC0F8D2,
    0x495BD2, 0x2000D2, 0x2000D2, 0x48FB00, 0x47FB00, 0x02C6A7, 0x02CEAC, 0x02C6E8,
    0x48FA00, 0x47FA00, 0x02B6E7, 0x02BEEC, 0x02BEA8, 0x60F400, 0x0000BA, 0x221300,
    0x61F400, 0x0000BC, 0x223200, 0x64F400, 0x000000, 0x65F400, 0x000020, 0x67F400,
    0x000040, 0x029EF7, 0x475B00, 0x02A6F4, 0x445B00, 0x208E00, 0x02A6B8, 0x02AEB4,
    0x445B00, 0x02B6B4, 0x445B00, 0x208F00, 0x02AEF9, 0xC09800, 0xC0F8D2, 0x2000D2,
    0x2000D2, 0x2000D2, 0x061080, 0x145276, 0xC0B0D2, 0xF099D2, 0xF0F9DA, 0x485ADA,
    0x2000DA, 0x2000DA, 0xF0B1DA, 0xC098DA, 0xC0F8D2, 0x495BD2, 0x2000D2, 0x2000D2,
    0x48FB00, 0x47FB00, 0x02AEA7, 0x02B6AC, 0x02AEE8, 0x48FA00, 0x47FA00, 0x029EE7,
    0x02A6EC, 0x02A6A8, 0x60F400, 0x000074, 0x61F400, 0x0000B4, 0x221400, 0x223500,
    0x44D800, 0x44D980, 0x0C1D08, 0x44D888, 0x0C1D89, 0x061080, 0x145291, 0xB2B980,
    0x0C1D08, 0xB39888, 0x0C1D89, 0x60F400, 0x000074, 0x61F400, 0x0000B4, 0x221400,
    0x223500, 0x62F400, 0x000000, 0x63F400, 0x000020, 0xF09800, 0x061080, 0x1452A4,
    0xF0B9D0, 0xF098D8, 0x0C1D08, 0x0C1D89, 0x5E5A00, 0x5F5B00, 0x60F400, 0x000074,
    0x61F400, 0x0000B4, 0x64F400, 0x000000, 0x65F400, 0x000020, 0x240000, 0x000000,
    0x4EDC00, 0x061080, 0x1452B6, 0x56E000, 0xFCA1D6, 0x4EDCDE, 0x565800, 0x575900,
    0x0B76D1, 0x000014, 0x3E1F00, 0x60F400, 0x000074, 0x0A71C4, 0x142F06, 0x208E8C,
    0x200032, 0x0140C0, 0x800000, 0x044E14, 0x21C600, 0x208E00, 0x200032, 0x0140C0,
    0x7FFFFF, 0x200014, 0x0C1C06, 0x000000, 0x567000, 0x00003C, 0x20CE00, 0x02D6B6,
    0x21E45C, 0x02D6A4, 0x467000, 0x000036, 0x02D6F7, 0x21C474, 0x02D6E4, 0x477000,
    0x000037, 0x577000, 0x000032, 0x567000, 0x000033, 0x65F400, 0x0000E0, 0x67F400,
    0x000040, 0x56F000, 0x000036, 0x57F000, 0x000037, 0x46F000, 0x000032, 0x47F000,
    0x000033, 0x223200, 0x240800, 0x061080, 0x1452ED, 0x5E5DD2, 0x5F5FCA, 0x56F000,
    0x00003C, 0x02CEF7, 0x21C474, 0x02CEE4, 0x20EF00, 0x21C736, 0x200032, 0x67F400,
    0x000000, 0x21C601, 0x200036, 0x200032, 0x44DA00, 0x061080, 0x1452FF, 0x5F5FCA,
    0xB2FAD2, 0x4CDC00, 0x445800, 0x5FDC00, 0x59DC00, 0x4DDC00, 0x495800, 0x455800,
    0x5EDC00, 0x58DC00, 0x4FDC00, 0x485800, 0x4EDC00, 0x465800, 0x475800, 0x60F400,
    0x000076, 0x05F420, 0xFFFFFF, 0x70F400, 0xFFFFFD, 0x61F400, 0x000074, 0x231900,
    0x62F400, 0x000078, 0x221300, 0x65F400, 0x0000E0, 0x67F400, 0x000040, 0x64F400,
    0x000000, 0x3E2600, 0xC0B800, 0xC0F8D2, 0x061080, 0x145330, 0xF198D2, 0xC098C2,
    0x44C8D2, 0xF0B9C2, 0xF0F9DA, 0x485A00, 0x44D9DA, 0xF099CA, 0x44C9DA, 0xC0B8CA,
    0xC0F8D2, 0x495B00, 0x044E17, 0x60F400, 0x0000B4, 0x46DA00, 0x47D200, 0x42FA00,
    0x3E1700, 0x4E5700, 0x4F5700, 0x4C5700, 0x4D5700, 0x044E14, 0x44FA00, 0x4C5700,
    0x42FA00, 0x4C5700, 0x4D5700, 0x44FA00, 0x4C5700, 0x4CDC00, 0x445800, 0x5FDC00,
    0x59DC00, 0x4DDC00, 0x495800, 0x455800, 0x5EDC00, 0x58DC00, 0x4FDC00, 0x485800,
    0x4EDC00, 0x465800, 0x475800, 0x60F400, 0x0000B6, 0x61F400, 0x0000B4, 0x62F400,
    0x0000B8, 0x221300, 0x65F400, 0x0000E0, 0x67F400, 0x000040, 0x64F400, 0x000000,
    0x3E1E00, 0xC0B800, 0xC0F8D2, 0x061080, 0x14536F, 0xF198D2, 0xC098C2, 0x44C8D2,
    0xF0B9C2, 0xF0F9DA, 0x485A00, 0x44D9DA, 0xF099CA, 0x44C9DA, 0xC0B8CA, 0xC0F8D2,
    0x495B00, 0x044E14, 0x46DA00, 0x47D200, 0x42FA00, 0x4E5400, 0x4F5400, 0x4C5400,
    0x4D5400, 0x44FA00, 0x4C5400, 0x42FA00, 0x4C5400, 0x4D5400, 0x44FA00, 0x4C5400,
    0x67F000, 0x0000FF, 0x62F400, 0x000076, 0x63F400, 0x0000B6, 0x061080, 0x14538C,
    0x56DA00, 0x57DB00, 0x0C1D0E, 0x0C1D8F, 0x5E5F00, 0x5F5F00, 0x00000C, 0x041663,
    0x041E35, 0x041E94, 0x041EF7, 0x250000, 0x0606A0, 0x4D5B00, 0x0286A5, 0x45F400,
    0x0F4240, 0x0296E5, 0x45F400, 0x14A000, 0x02CEA5, 0x50F400, 0x114000, 0x4DF000,
    0x000124, 0x0141E2, 0x002000, 0x210400, 0x56F400, 0x000000, 0x57F440, 0x001000,
    0x5E5D48, 0x0140C0, 0x000A67, 0x5F5D00, 0x0140C8, 0x00098F, 0x5E5C00, 0x5F5C00,
    0x56F400, 0x002000, 0x57F440, 0x002800, 0x5E5D48, 0x0140C0, 0x000713, 0x5F5D00,
    0x0140C8, 0x000655, 0x5E5C00, 0x5F5C00, 0x56F400, 0x003000, 0x57F440, 0x000C00,
    0x5E5D48, 0x0140C0, 0x000577, 0x5F5D00, 0x0140C8, 0x000265, 0x5E5C00, 0x56F400,
    0x0019C0, 0x5F5C40, 0x57F400, 0x001A00, 0x5E5F48, 0x56F400, 0x001A80, 0x5F5F40,
    0x57F400, 0x001B00, 0x5E5F48, 0x56F400, 0x001C00, 0x5F5F40, 0x5E5F00, 0x240000,
    0x0B7684, 0x000048, 0x0B7684, 0x000047, 0x00000C, 0x240000, 0x039EC4, 0x0B7697,
    0x000045, 0x0B7690, 0x000046, 0x57F400, 0x7FFFFF, 0x0B76CE, 0x000048, 0x0140C5,
    0x000100, 0x0D1041, 0x000005, 0x0140C0, 0x000001, 0x20001B, 0x0B768E, 0x000048,
    0x0B768F, 0x000047, 0x50F400, 0x1457AC, 0x20000B, 0x0D104A, 0x00000A, 0x200013,
    0x50F400, 0x1457B2, 0x0216FF, 0x0C1CA3, 0x21E400, 0x0141C2, 0x000003, 0x024EE8,
    0x200013, 0x50F400, 0x14562C, 0x0216BF, 0x0C1CA3, 0x21E400, 0x0141C2, 0x000003,
    0x024EA8, 0x56F400, 0x0F4240, 0x021EB4, 0x200088, 0x0C1C97, 0x0140CD, 0x000FA0,
    0x202709, 0x0296EF, 0x67F400, 0x000000, 0x022EF6, 0x44D890, 0x21C600, 0x44D8D0,
    0x2000D2, 0x44D832, 0x060880, 0x145420, 0x44D8D8, 0x5E5FDA, 0x44D83A, 0x44D8D0,
    0x5F5FD2, 0x44D832, 0x0216B5, 0x0141E8, 0x066666, 0x0140C8, 0x59999A, 0x0B76C4,
    0x000047, 0x21E500, 0x2000A0, 0x64F400, 0x14561C, 0x21C700, 0x041EF2, 0x060580,
    0x145441, 0x0A74E1, 0x000005, 0x69E200, 0x67F400, 0x000000, 0x46DC00, 0x22F5B0,
    0x44E100, 0x21C500, 0x57E200, 0x061080, 0x14543F, 0x1E1941, 0x5FDFE6, 0x44E100,
    0x5E5DAA, 0x696200, 0x575A00, 0x05F421, 0xFFFFFF, 0x0465A1, 0x0B76D2, 0x000013,
    0x0B76D1, 0x000033, 0x05F421, 0x000A76, 0x029EBE, 0x02B6B8, 0x64F400, 0x000020,
    0x4CDA00, 0x46D900, 0x061080, 0x145454, 0x165CD2, 0x46D9A6, 0x46D100, 0x029EAC,
    0x02B6A8, 0x0B7691, 0x000033, 0x4CDA00, 0x0B76D1, 0x000034, 0x05F421, 0x00099E,
    0x029EFE, 0x02B6F8, 0x64F400, 0x000030, 0x46D900, 0x061080, 0x145467, 0x165CD2,
    0x46D9A6, 0x46D100, 0x029EEC, 0x02B6E8, 0x0B7691, 0x000034, 0x4CDA00, 0x0B76D1,
    0x000035, 0x05F421, 0x000722, 0x02A6BE, 0x02BEB8, 0x64F400, 0x000040, 0x46D900,
    0x061080, 0x14547A, 0x165CD2, 0x46D9A6, 0x46D100, 0x02A6AC, 0x02BEA8, 0x0B7691,
    0x000035, 0x4CDA00, 0x0B76D1, 0x000036, 0x05F421, 0x000664, 0x02A6FE, 0x02BEF8,
    0x64F400, 0x000050, 0x46D900, 0x061080, 0x14548D, 0x165CD2, 0x46D9A6, 0x46D100,
    0x02A6EC, 0x02BEE8, 0x0B7691, 0x000036, 0x63F400, 0x000000, 0x0501A3, 0x3C1000,
    0x0B76D4, 0x000032, 0x05F424, 0x001FFF, 0x0B76D1, 0x000037, 0x05F421, 0x0007FF,
    0x5FCC00, 0x0C1CAB, 0x0B7694, 0x000032, 0x21B900, 0x2D0000, 0x20002A, 0x212700,
    0x57F400, 0x7FFFFF, 0x20007C, 0x05F424, 0xFFFFFF, 0x21E400, 0x044911, 0x4DDA00,
    0x2000A8, 0x2000F0, 0x21E400, 0x21C700, 0x455B00, 0x445B00, 0x02AEBE, 0x02C6B8,
    0x64F400, 0x000060, 0x45D900, 0x061080, 0x1454BE, 0x8699A2, 0xF09BF2, 0x44DBD6,
    0x45D100, 0x044111, 0x02AEAC, 0x02C6A8, 0x0B7691, 0x000037, 0x0B76D1, 0x000038,
    0x05F421, 0x0003FF, 0x044911, 0x02AEFE, 0x02C6F8, 0x64F400, 0x000070, 0x45D900,
    0x061080, 0x1454D3, 0x8699A2, 0xF09BF2, 0x44DBD6, 0x45D100, 0x044111, 0x02AEEC,
    0x02C6E8, 0x0B7691, 0x000038, 0x05F421, 0xFFFFFF, 0x0B76D0, 0x000012, 0x22D100,
    0x0504A3, 0x63F400, 0x000020, 0x0208B4, 0x0210F5, 0x445B00, 0x455B00, 0x0208F4,
    0x0200F5, 0x445B00, 0x455B00, 0x4CE000, 0x445B00, 0x62F400, 0x000000, 0x60F400,
    0x000040, 0x66F400, 0x000070, 0x64F400, 0x000050, 0x67F400, 0x000030, 0x65F400,
    0x000020, 0x4FD800, 0x44DB00, 0xF1DBC0, 0x061080, 0x145505, 0xF19BC6, 0xF1FBC6,
    0x45DB09, 0x4FDDC2, 0x44DB32, 0x4FD8FA, 0x565A3A, 0xF1DBC0, 0x575A00, 0x05F423,
    0xFFFFFF, 0x223600, 0x61F400, 0x000030, 0x62F400, 0x000040, 0x0B76D0, 0x000012,
    0x64F400, 0x000020, 0x65F400, 0x000050, 0x44E000, 0x0208D5, 0x4EDC00, 0x4FDD00,
    0x2000D0, 0x2000D8, 0x061080, 0x14551E, 0x4EDCF2, 0x4FDDFE, 0x5659D0, 0x575AD8,
    0x61F400, 0x000020, 0x62F400, 0x000050, 0x64F400, 0x000060, 0x65F400, 0x000070,
    0x021094, 0x0210D5, 0x4EDC00, 0x4FDD00, 0x2000D4, 0x2000DC, 0x061080, 0x145532,
    0x4EDCF2, 0x4FDDFE, 0x5659D4, 0x575ADC, 0x61F400, 0x000060, 0x62F400, 0x000070,
    0x64F400, 0x000030, 0x65F400, 0x000040, 0x0200D4, 0x020895, 0x4EDC00, 0x4FDD00,
    0x2000D0, 0x2000D8, 0x061080, 0x145546, 0x4EDCF2, 0x4FDDFE, 0x5659D0, 0x575AD8,
    0x60F400, 0x000020, 0x041E91, 0x62F400, 0x145626, 0x44F400, 0x155556, 0x64F400,
    0x000000, 0x060680, 0x145561, 0x05DA23, 0x6BE100, 0xFC9800, 0x2000DA, 0x060780,
    0x14555B, 0xF89800, 0x575BD2, 0xFC9800, 0x565BDA, 0xF89800, 0x575BD2, 0x64F400,
    0x000000, 0x565B00, 0x6B5900, 0x05F423, 0xFFFFFF, 0x64F400, 0x000000, 0x027EBE,
    0x20001B, 0x47F400, 0x001062, 0x46F400, 0x7FEF9E, 0x061080, 0x145572, 0x16DC00,
    0x200026, 0x21C4E0, 0x2000C2, 0x200015, 0x027EAE, 0x027EFE, 0x027EEF, 0x20001C,
    0x0286BE, 0x0296F6, 0x200055, 0x0D1049, 0x000007, 0x44F400, 0x7FFFF0, 0x0286A4,
    0x0D10C0, 0x000005, 0x0140C0, 0x000001, 0x0286AE, 0x0296FE, 0x0140C5, 0x7FFFFF,
    0x0D104A, 0x00000E, 0x0140CD, 0x0000A8, 0x0D1041, 0x000008, 0x0286BE, 0x200055,
    0x0D1041, 0x000010, 0x0D10C0, 0x000004, 0x270000, 0x0286A7, 0x0286FE, 0x64F400,
    0x000000, 0x44F400, 0x0147AE, 0x0610A0, 0x5E5C40, 0x0286EE, 0x0D10C0, 0x00000B,
    0x64F400, 0x000000, 0x44F400, 0x7EB852, 0x0286F5, 0x20AE00, 0x0610A0, 0x165CA0,
    0x0286EE, 0x64F400, 0x000000, 0x60F400, 0x000000, 0x221100, 0xF09800, 0x061080,
    0x1455B3, 0x44D8D0, 0xF098D8, 0x565900, 0x575900, 0x62F400, 0x144AC7, 0x0226BF,
    0x0C1CA1, 0x63F400, 0x144AC7, 0x21FB00, 0x60F400, 0x000000, 0x61F400, 0x000001,
    0x380200, 0x231900, 0x62F400, 0x000020, 0x274000, 0x45EB00, 0x20AF00, 0x0140C8,
    0x800000, 0x0266BE, 0x21E600, 0x2000BC, 0x0266F8, 0x21E700, 0x026EBF, 0x026EF9,
    0x0276B4, 0x181AC6, 0x44E0E6, 0x2000C2, 0x0276F4, 0x027896, 0x0276A6, 0x0278D6,
    0x0276E6, 0x1E1ACE, 0x44E1EE, 0x44C8CA, 0x060F80, 0x1455E2, 0x181AC6, 0x44E0E6,
    0x44C9C2, 0x1E1ACE, 0x44E1EE, 0x44C8CA, 0x0266AC, 0x0266E8, 0x026EAD, 0x026EE9,
    0x62F400, 0x144AC7, 0x0226FF, 0x0C1CA1, 0x61F400, 0x000020, 0x21FA00, 0x0256BE,
    0x0256F8, 0x60F400, 0x000000, 0x46EA00, 0x025EBF, 0x025EF9, 0x45D900, 0x061080,
    0x1455FB, 0x1918E2, 0x45D9B6, 0x1F18EA, 0x45D9BE, 0x0256AC, 0x0256E8, 0x025EAD,
    0x025EE9, 0x60F400, 0x000000, 0x0B76D1, 0x000046, 0x0B76D7, 0x000045, 0x56F400,
    0x7FFFFF, 0x021EF6, 0x022EF4, 0x200054, 0x200088, 0x21C500, 0x21E400, 0x2000A8,
    0x44D800, 0x1799D0, 0x44D8F2, 0x0C1D04, 0x061080, 0x14561A, 0x45D9D8, 0xB2F8FA,
    0x0C1D85, 0x45D9D0, 0xB3F8F2, 0x0C1D04, 0x00000C, 0x84B9CB, 0x79512F, 0x89F06F,
    0x719C8D, 0x94EBEE, 0x00002E, 0x000042, 0x000064, 0x000094, 0x0000DE, 0x000A76,
    0x00099E, 0x000722, 0x000664, 0x0007FF, 0x0003FF, 0x1FE6A6, 0x22B77A, 0x2C88F8,
    0x2FF998, 0x345511, 0x4731A9, 0x211E15, 0x23EE6F, 0x2DAEDE, 0x311499, 0x355F15,
    0x47CF5A, 0x225595, 0x252488, 0x2ED164, 0x322B9F, 0x36648D, 0x4868AE, 0x238CBB,
    0x265964, 0x2FF052, 0x333E7E, 0x37655F, 0x48FDB7, 0x24C324, 0x278CAA, 0x310B74,
    0x344D12, 0x386175, 0x498E89, 0x25F86D, 0x28BE02, 0x32229B, 0x355738, 0x3958BD,
    0x4A1B39, 0x272C3C, 0x29ED1C, 0x33359E, 0x365CD2, 0x3A4B28, 0x4AA3DA, 0x285E39,
    0x2B19AC, 0x344456, 0x375DC8, 0x3B38A9, 0x4B2883, 0x298E10, 0x2C436A, 0x354EA1,
    0x385A02, 0x3C2139, 0x4BA948, 0x2ABB74, 0x2D6A13, 0x365462, 0x39516F, 0x3D04D0,
    0x4C263F, 0x2BE61D, 0x2E8D69, 0x37557F, 0x3A43FF, 0x3DE36C, 0x4C9F7E, 0x2D0DC4,
    0x2FAD34, 0x3851E1, 0x3B31A7, 0x3EBD0B, 0x4D1519, 0x2E322D, 0x30C93F, 0x394976,
    0x3C1A5C, 0x3F91AF, 0x4D8726, 0x2F531B, 0x31E15A, 0x3A3C2F, 0x3CFE19, 0x40615C,
    0x4DF5BC, 0x307059, 0x32F559, 0x3B29FF, 0x3DDCDB, 0x412C17, 0x4E60EF, 0x3189B5,
    0x340517, 0x3C12DE, 0x3EB6A0, 0x41F1E8, 0x4EC8D4, 0x329F04, 0x35106F, 0x3CF6C5,
    0x3F8B6B, 0x42B2D8, 0x4F2D81, 0x33B01C, 0x361744, 0x3DD5B0, 0x405B3D, 0x436EF2,
    0x4F8F0B, 0x34BCDA, 0x37197A, 0x3EAF9F, 0x41261E, 0x442641, 0x4FED87, 0x35C51D,
    0x3816FB, 0x3F8493, 0x41EC14, 0x44D8D4, 0x504909, 0x36C8C9, 0x390FB2, 0x40548F,
    0x42AD29, 0x4586BA, 0x50A1A5, 0x37C7C7, 0x3A0391, 0x411F98, 0x436968, 0x463001,
    0x50F770, 0x38C202, 0x3AF289, 0x41E5B7, 0x4420DC, 0x46D4BC, 0x514A7D, 0x39B768,
    0x3BDC92, 0x42A6F5, 0x44D393, 0x4774FB, 0x519ADF, 0x3AA7EC, 0x3CC1A4, 0x43635B,
    0x45819C, 0x4810D1, 0x51E8AA, 0x3B9383, 0x3DA1BB, 0x441AF7, 0x462B06, 0x48A851,
    0x5233F1, 0x3C7A26, 0x3E7CD6, 0x44CDD5, 0x46CFE3, 0x493B8E, 0x527CC6, 0x3D5BCE,
    0x3F52F6, 0x457C05, 0x477044, 0x49CA9D, 0x52C33A, 0x3E387B, 0x40241C, 0x462596,
    0x480C3B, 0x4A5593, 0x530761, 0x3F102B, 0x40F04F, 0x46CA98, 0x48A3DC, 0x4ADC83,
    0x53494A, 0x3FE2E1, 0x41B795, 0x476B1E, 0x49373A, 0x4B5F84, 0x538907, 0x40B0A2,
    0x4279F8, 0x48073A, 0x49C669, 0x4BDEAA, 0x53C6A9, 0x417974, 0x433780, 0x489EFF,
    0x4A517D, 0x4C5A0B, 0x54023F, 0x423D5E, 0x43F03B, 0x493280, 0x4AD88C, 0x4CD1BC,
    0x543BDB, 0x42FC6C, 0x44A435, 0x49C1D1, 0x4B5BAB, 0x4D45D4, 0x54738A, 0x43B6A9,
    0x45537D, 0x4A4D07, 0x4BDAEE, 0x4DB666, 0x54A95D, 0x446C20, 0x45FE23, 0x4AD437,
    0x4C566B, 0x4E238A, 0x54DD61, 0x451CE0, 0x46A436, 0x4B5776, 0x4CCE38, 0x4E8D54,
    0x550FA6, 0x45C8F9, 0x4745C8, 0x4BD6D9, 0x4D426B, 0x4EF3DA, 0x554039, 0x46707A,
    0x47E2EC, 0x4C5276, 0x4DB318, 0x4F5731, 0x556F29, 0x471375, 0x487BB4, 0x4CCA61,
    0x4E2056, 0x4FB76D, 0x559C81, 0x47B1FC, 0x491034, 0x4D3EB1, 0x4E8A39, 0x5014A3,
    0x55C850, 0x484C21, 0x49A07F, 0x4DAF7C, 0x4EF0D7, 0x506EE9, 0x55F2A1, 0x48E1F7,
    0x4A2CAB, 0x4E1CD6, 0x4F5446, 0x50C651, 0x561B82, 0x497393, 0x4AB4CB, 0x4E86D4,
    0x4FB49A, 0x511AF0, 0x5642FD, 0x4A0108, 0x4B38F5, 0x4EED8E, 0x5011E7, 0x516CDA,
    0x56691E, 0x4A8A6C, 0x4BB93F, 0x4F5117, 0x506C42, 0x51BC21, 0x568DF2, 0x4B0FD3,
    0x4C35BC, 0x4FB184, 0x50C3C0, 0x5208D9, 0x56B181, 0x4B9152, 0x4CAE84, 0x500EEA,
    0x511874, 0x525314, 0x56D3D8, 0x4C0EFF, 0x4D23AB, 0x50695D, 0x516A72, 0x529AE5,
    0x56F500, 0x4C88EF, 0x4D9548, 0x50C0F3, 0x51B9CD, 0x52E05E, 0x571504, 0x4CFF38,
    0x4E036F, 0x5115BE, 0x520699, 0x53238F, 0x5733ED, 0x4D71EF, 0x4E6E36, 0x5167D2,
    0x5250E7, 0x53648B, 0x5751C4, 0x4DE12A, 0x4ED5B2, 0x51B743, 0x5298CA, 0x53A362,
    0x576E92, 0x4E4CFE, 0x4F39F9, 0x520423, 0x52DE54, 0x53E024, 0x578A61, 0x4EB581,
    0x4F9B1F, 0x524E86, 0x532197, 0x541AE2, 0x57A539, 0x4F1AC8, 0x4FF93A, 0x52967D,
    0x5362A3, 0x5453AB, 0x57BF22, 0x4F7CE8, 0x50545D, 0x52DC1A, 0x53A18A, 0x548A8F,
    0x57D824, 0x4FDBF5, 0x50AC9D, 0x531F70, 0x53DE5C, 0x54BF9C, 0x57F047, 0x503805,
    0x51020E, 0x53608E, 0x541929, 0x54F2E1, 0x580793, 0x50912C, 0x5154C4, 0x539F87,
    0x545201, 0x55246D, 0x581E0E, 0x50E77D, 0x51A4D2, 0x53DC6A, 0x5488F2, 0x55544C,
    0x5833C0, 0x513B0C, 0x51F24B, 0x541747, 0x54BE0D, 0x55828E, 0x5848B1, 0x518BEE,
    0x523D42, 0x54502F, 0x54F160, 0x55AF3E, 0x585CE5, 0x000000, 0x000000, 0x000000,
    0x000000, 0x000000, 0x000000, 0x7FF599, 0x7FF671, 0x7FF8ED, 0x7FF9AB, 0x7FFA89,
    0x7FFD9B, 0x77B7BF, 0x785E7D, 0x7A4EBC, 0x7AE487, 0x7B9475, 0x7E0B4B, 0x7001BD,
    0x7139D9, 0x74E4B4, 0x760308, 0x77550F, 0x7C208D, 0x68CAD4, 0x6A81AE, 0x6FB7FE,
    0x715322, 0x733B03, 0x7A3D42, 0x620AD7, 0x642F8F, 0x6AC5E5, 0x6CD2DC, 0x6F4507,
    0x78614D, 0x5BBA1E, 0x5E3D6F, 0x660BD1, 0x688054, 0x6B71E1, 0x768C93, 0x55D17F,
    0x58A59B, 0x618747, 0x6459B8, 0x67C05C, 0x74BEF7, 0x504A47, 0x5362B9, 0x5D35EB,
    0x605D4B, 0x642F53, 0x72F85E, 0x4B1E32, 0x4E6FBF, 0x591577, 0x5C8961, 0x60BDA7,
    0x7138AC, 0x464760, 0x49C7F1, 0x5523C4, 0x58DC5C, 0x5D6A44, 0x6F7FC6, 0x41C055,
    0x4566D9, 0x515EBE, 0x5554B4, 0x5A3421, 0x6DCD93, 0x3D83EF, 0x414845, 0x4DC46D,
    0x51F0EC, 0x571A3D, 0x6C21F7, 0x398D5F, 0x3D6843, 0x4A52EC, 0x4EAF97, 0x541B9F,
    0x6A7CDB, 0x35D826, 0x39C31E, 0x47086E, 0x4B8F59, 0x513758, 0x68DE23, 0x32600F,
    0x365558, 0x43E33A, 0x488EE0, 0x4E6C80, 0x6745B8, 0x2F212B, 0x331BA7, 0x40E1A7,
    0x45ACEA, 0x4BBA37, 0x65B381, 0x2C17CB, 0x3012F5, 0x3E0225, 0x42E841, 0x491FA6,
    0x642767, 0x29407C, 0x2D385B, 0x3B432F, 0x403FBC, 0x469BFC, 0x62A150, 0x269807,
    0x2A891B, 0x38A357, 0x3DB23C, 0x442E70, 0x612126, 0x241B65, 0x2802A4, 0x36213B,
    0x3B3EAF, 0x41D63F, 0x5FA6D3, 0x21C7C6, 0x25A28A, 0x33BB8B, 0x38E40E, 0x3F92AF,
    0x5E323E, 0x1F9A84, 0x236687, 0x317104, 0x36A15B, 0x3D6308, 0x5CC353, 0x1D9129,
    0x214C77, 0x2F4074, 0x3475A3, 0x3B469D, 0x5B59FA, 0x1BA962, 0x1F5256, 0x2D28B5,
    0x325FFC, 0x393CC4, 0x59F61F, 0x19E108, 0x1D763F, 0x2B28AC, 0x305F87, 0x3744DB,
    0x5897AC, 0x183614, 0x1BB669, 0x293F4E, 0x2E736C, 0x355E42, 0x573E8B, 0x16A6A2,
    0x1A1129, 0x276B9A, 0x2C9ADC, 0x338863, 0x55EAA9, 0x1530EB, 0x1884E9, 0x25AC9B,
    0x2AD511, 0x31C2AA, 0x549BF1, 0x13D348, 0x17102E, 0x240165, 0x29214C, 0x300C89,
    0x53524F, 0x128C2C, 0x15B194, 0x226919, 0x277ED6, 0x2E6576, 0x520DAF, 0x115A23,
    0x1467C9, 0x20E2E1, 0x25ECFF, 0x2CCCEF, 0x50CDFE, 0x103BD2, 0x133191, 0x1F6DF0,
    0x246B1E, 0x2B4272, 0x4F9329, 0x0F2FF3, 0x120DC4, 0x1E0982, 0x22F891, 0x29C584,
    0x4E5D1C, 0x0E3557, 0x10FB4A, 0x1CB4DB, 0x2194BB, 0x2855AF, 0x4D2BC5, 0x0D4AE1,
    0x0FF91B, 0x1B6F4A, 0x203F09, 0x26F27E, 0x4BFF12, 0x0C6F87, 0x0F0640, 0x1A3824,
    0x1EF6E9, 0x259B83, 0x4AD6F1, 0x0BA24F, 0x0E21CF, 0x190EC4, 0x1DBBD2, 0x245052,
    0x49B350, 0x0AE250, 0x0D4AEF, 0x17F28F, 0x1C8D3F, 0x231084, 0x48941D, 0x0A2EB1,
    0x0C80D1, 0x16E2F0, 0x1B6AB1, 0x21DBB4, 0x477948, 0x0986A5, 0x0BC2B2, 0x15DF59,
    0x1A53AF, 0x20B182, 0x4662BF, 0x08E96E, 0x0B0FDE, 0x14E740, 0x1947C2, 0x1F9191,
    0x455072, 0x085658, 0x0A67A8, 0x13FA24, 0x18467B, 0x1E7B85, 0x444250, 0x07CCBD,
    0x09C96E, 0x131788, 0x174F6C, 0x1D6F09, 0x43384A, 0x074C01, 0x09349A, 0x123EF5,
    0x16622E, 0x1C6BC9, 0x42324E, 0x06D390, 0x08A89C, 0x116FFA, 0x157E5D, 0x1B7172,
    0x41304E, 0x0662E3, 0x0824EE, 0x10AA29, 0x14A399, 0x1A7FB6, 0x40323A, 0x05F979,
    0x07A912, 0x0FED1C, 0x13D187, 0x19964B, 0x3F3802, 0x0596DA, 0x073491, 0x0F386D,
    0x1307CE, 0x18B4E6, 0x3E4198, 0x053A97, 0x06C6FB, 0x0E8BC0, 0x124618, 0x17DB41,
    0x3D4EED, 0x04E446, 0x065FE8, 0x0DE6B9, 0x118C15, 0x170918, 0x3C5FF3, 0x049385,
    0x05FEF3, 0x0D4901, 0x10D977, 0x163E2A, 0x3B749A, 0x0447F9, 0x05A3C0, 0x0CB245,
    0x102DF2, 0x157A35, 0x3A8CD6, 0x04014C, 0x054DF8, 0x0C2237, 0x0F893D, 0x14BCFE,
    0x39A897, 0x03BF2D, 0x04FD49, 0x0B988A, 0x0EEB15, 0x140649, 0x38C7D1, 0x038152,
    0x04B164, 0x0B14F7, 0x0E5335, 0x1355DC, 0x37EA76, 0x034773, 0x046A01, 0x0A9738,
    0x0DC15F, 0x12AB81, 0x371078, 0x03114F, 0x0426DB, 0x0A1F0B, 0x0D3554, 0x120701,
    0x3639CA, 0x02DEA9, 0x03E7B3, 0x09AC30, 0x0CAEDB, 0x11682A, 0x356661, 0x02AF47,
    0x03AC4B, 0x093E6D, 0x0C2DB9, 0x10CECA, 0x34962E, 0x0282F3, 0x03746A, 0x08D586,
    0x0BB1BA, 0x103AB0, 0x33C925, 0x02597B, 0x033FDB, 0x087146, 0x0B3AA8, 0x0FABAE,
    0x32FF3B, 0x0232AF, 0x030E6C, 0x081176, 0x0AC852, 0x0F2197, 0x323863, 0x020E63,
    0x02DFEC, 0x07B5E5, 0x0A5A88, 0x0E9C41, 0x317491, 0x01EC6F, 0x02B42F, 0x075E63,
    0x09F11A, 0x0E1B80, 0x30B3B9, 0x3E5800, 0x240000, 0x044E10, 0x3E1800, 0x250000,
    0x044E11, 0x0630A0, 0x445800, 0x060FA0, 0x425900, 0x440C00, 0x440F00, 0x44F400,
    0x000088, 0x029EE4, 0x44F400, 0x000080, 0x02B6E4, 0x44F400, 0x14A000, 0x0236C4,
    0x024684, 0x00000C, 0x00000C, 0x44F400, 0x006000, 0x0366DF, 0x20004D, 0x202749,
    0x487000, 0x000040, 0x5F2400, 0x45F400, 0x000080, 0x308000, 0x5EA400, 0x041624,
    0x35C800, 0x62F400, 0x1407FF, 0x565800, 0x63F400, 0x140000, 0x308000, 0x31C000,
    0x46F400, 0x0017A6, 0x47F400, 0x56982B, 0x56D800, 0x0C1C17, 0x0140C6, 0x0007FF,
    0x219B36, 0x21E400, 0x219A00, 0x57EB00, 0x0C1C99, 0x56EA00, 0x0C1E68, 0x0C1E59,
    0x21C400, 0x21E4D0, 0x42E4C8, 0x486100, 0x496400, 0x425D00, 0x370000, 0x0216F6,
    0x0141D1, 0x000080, 0x0141D9, 0x000040, 0x5E5F00, 0x5F5F00, 0x5E5F00, 0x5F5F00,
    0x370000, 0x42DC00, 0x68DF00, 0x060280, 0x145992, 0x0A70C6, 0x101BFB, 0x0A70C7,
    0x101CFB, 0x012785, 0x01258E, 0x68DF32, 0x0127AC, 0x0125A7, 0x43E43A, 0x485C00,
    0x435D00, 0x43E400, 0x495C00, 0x435D00, 0x42D900, 0x060280, 0x1459A1, 0x0A70C6,
    0x101B7B, 0x0A70C7, 0x101C7B, 0x012785, 0x01258E, 0x68DF32, 0x0127AC, 0x0125A7,
    0x20003A, 0x485900, 0x495900, 0x33C800, 0x30C000, 0x040E82, 0x028E95, 0x56E300,
    0x200065, 0x05A412, 0x45F400, 0x000018, 0x43D800, 0x060580, 0x1459B9, 0x44DB00,
    0x01278D, 0x012584, 0x0C1E01, 0x0C1E26, 0x43E23E, 0x21C46C, 0x01278D, 0x012584,
    0x0C1E26, 0x43D800, 0x485A00, 0x44F400, 0x0A05BC, 0x038EC4, 0x0216B6, 0x0141D0,
    0x01D41D, 0x57F400, 0x01D41D, 0x5F2100, 0x0226B6, 0x0141DA, 0x0EBE67, 0x5E2200,
    0x21C600, 0x021EB7, 0x2000B0, 0x5F2000, 0x5E2300, 0x0226F7, 0x0141F0, 0x080000,
    0x022EB7, 0x0141F8, 0x080000, 0x023EAE, 0x0246EF, 0x42F000, 0x0000C0, 0x02669F,
    0x0266B9, 0x310000, 0x0D03E0, 0x02668D, 0x0266A9, 0x378000, 0x0501A7, 0x44F400,
    0x000040, 0x4EA000, 0x4E5F00, 0x4EA100, 0x4E6700, 0x029EFE, 0x22D000, 0x22D300,
    0x21D800, 0x015080, 0x0140C5, 0x000098, 0x202A44, 0x029EEE, 0x21DB00, 0x0B76D7,
    0x00002D, 0x204800, 0x250000, 0x0610A0, 0x455800, 0x204B00, 0x0D03AA, 0x0B7697,
    0x00002D, 0x42F000, 0x0000C1, 0x0266DF, 0x0266F9, 0x310000, 0x0D03E0, 0x0266CD,
    0x0266E9, 0x4EA200, 0x4E5F00, 0x4E5F00, 0x0D03AA, 0x42F000, 0x0000C2, 0x026E9F,
    0x026EB9, 0x310000, 0x0D03E0, 0x026E8D, 0x026EA9, 0x0D03AA, 0x42F000, 0x0000C3,
    0x026EDF, 0x026EF9, 0x310000, 0x0D03E0, 0x026ECD, 0x026EE9, 0x4EA300, 0x4E5F00,
    0x4E5F00, 0x0D03AA, 0x42F000, 0x0000C4, 0x02769F, 0x0276B9, 0x310000, 0x0D03E0,
    0x02768D, 0x0276A9, 0x0D03AA, 0x05F427, 0xFFFFFF, 0x4DA400, 0x0141E0, 0x015555,
    0x015484, 0x202B13, 0x219200, 0x210600, 0x45F400, 0x7EB852, 0x0A72C4, 0x143D06,
    0x0A72C7, 0x143D07, 0x012783, 0x01269D, 0x200022, 0x200040, 0x02BEB7, 0x02BEAE,
    0x227000, 0x310000, 0x05F420, 0xFFFFFF, 0x0461A0, 0x027EDE, 0x44D800, 0x061080,
    0x145A41, 0x1819A2, 0x44D8B6, 0x027ECE, 0x4DA400, 0x0141E0, 0x0B3333, 0x0140C0,
    0xFFFF80, 0x202B13, 0x44F400, 0x00063F, 0x200045, 0x202741, 0x0A76D2, 0x00002E,
    0x02BE8E, 0x56F400, 0x7FFFFF, 0x0A72C5, 0x1435C6, 0x21C464, 0x200040, 0x200022,
    0x300000, 0x221100, 0x21C700, 0x0276DE, 0x027EB4, 0x0C1D07, 0x061080, 0x145A62,
    0x1098C6, 0x2000C2, 0x5759E6, 0x0C1D07, 0x027EA4, 0x0276CE, 0x44F400, 0x17C6F9,
    0x43F000, 0x000040, 0x0127AD, 0x0124A4, 0x0406C5, 0x497000, 0x000040, 0x060280,
    0x145AA8, 0x48F000, 0x000040, 0x200022, 0x49E500, 0x487000, 0x000040, 0x485D00,
    0x200014, 0x0C1C08, 0x311000, 0x218700, 0x210600, 0x200001, 0x49E500, 0x44F400,
    0x001FFF, 0x45F400, 0x14A000, 0x061080, 0x145A87, 0x200030, 0x495918, 0x20004E,
    0x200068, 0x311000, 0x223400, 0x556500, 0x595D00, 0x62D900, 0x05F422, 0x001FFF,
    0x0460A2, 0x330000, 0x4FDD00, 0x4EDC00, 0x45DA00, 0x60D900, 0x060880, 0x145AA4,
    0x012796, 0x44E260, 0x62D960, 0x01268D, 0xF49822, 0x0127B6, 0x44E068, 0x60D968,
    0x0126AD, 0x189B2A, 0x1E93B2, 0xF49ACA, 0x565B00, 0x575B00, 0x05F420, 0xFFFFFF,
    0x05F422, 0xFFFFFF, 0x67F400, 0x000100, 0x300000, 0x56D800, 0x57D800, 0x060880,
    0x145AB3, 0x5E5F00, 0xBAF800, 0x5F5F00, 0xBFF800, 0x00000C, 0x3E5800, 0x240000,
    0x250000, 0x044E10, 0x041631, 0x063080, 0x145ABC, 0x445800, 0x060C80, 0x145ABF,
    0x425900, 0x44F400, 0x000088, 0x026EA4, 0x44F400, 0x000080, 0x026EE4, 0x0276A4,
    0x0276E4, 0x027EA4, 0x44F400, 0x0000C0, 0x027EE4, 0x0286A4, 0x0286E4, 0x028EA4,
    0x44F400, 0x7F5C29, 0x02DEC4, 0x44F413, 0x0147AE, 0x02DEE4, 0x02C6CE, 0x02D6AE,
    0x02CEAE, 0x50F400, 0x114000, 0x4DF000, 0x000124, 0x0141E2, 0x002000, 0x248000,
    0x02DEA8, 0x02C684, 0x00000C, 0x00000C, 0x45F400, 0x000800, 0x44F400, 0x004D55,
    0x0366DE, 0x200045, 0x202141, 0x200064, 0x202B13, 0x46F400, 0x0017A6, 0x47F400,
    0x56982B, 0x0C1C17, 0x0140C6, 0x0007FF, 0x219336, 0x21E400, 0x219200, 0x0A73CF,
    0x140000, 0x0C1C99, 0x0C1E59, 0x0A72CE, 0x1407FF, 0x21E500, 0x0C1E68, 0x21C400,
    0x0141C0, 0x0017A6, 0x0141E8, 0x56982B, 0x30C000, 0x0416A1, 0x35C800, 0x378C00,
    0x480000, 0x490100, 0x45F400, 0x002000, 0x040644, 0x62F400, 0x101A7B, 0x63F400,
    0x101AFB, 0x45F400, 0x000080, 0x43E100, 0x495900, 0x485800, 0x060380, 0x145B29,
    0x4CDC00, 0x2000A0, 0x219A00, 0x435D00, 0x219B00, 0x438000, 0x44EA00, 0x01278D,
    0x012484, 0x44EB00, 0x438100, 0x0127AD, 0x0124A4, 0x4C5F00, 0x0C1D85, 0x0C1D04,
    0x485800, 0x43E100, 0x495900, 0x435D00, 0x34A000, 0x30C000, 0x57F400, 0x0147AE,
    0x0226B6, 0x0141DA, 0x7D70A4, 0x21E600, 0x42E000, 0x060480, 0x145B3B, 0x49D800,
    0x012785, 0x01248E, 0x42E01C, 0x485C00, 0x495C00, 0x33C800, 0x30C000, 0x041632,
    0x0416A1, 0x45F400, 0x000018, 0x43D800, 0x060480, 0x145B55, 0x44E300, 0x01278D,
    0x012584, 0x0C1E01, 0x0C1E26, 0x43E23E, 0x21C46C, 0x01278D, 0x012584, 0x0C1E26,
    0x57D900, 0x44DB00, 0x20004D, 0x49E200, 0x202A01, 0x43D800, 0x485A00, 0x30C000,
    0x0501A0, 0x48F000, 0x0000A0, 0x43F000, 0x0000A1, 0x485800, 0x436000, 0x0B76D0,
    0x00001F, 0x028EDF, 0x028EF9, 0x310000, 0x0D03D3, 0x0B7690, 0x00001F, 0x028ECD,
    0x028EE9, 0x05F420, 0xFFFFFF, 0x242800, 0x038EC4, 0x378000, 0x0501A7, 0x021EF4,
    0x56F400, 0x05C28F, 0x57F400, 0x05C28F, 0x0141CA, 0xF62183, 0x0141C2, 0xFE4226,
    0x5F7000, 0x000082, 0x5F5F00, 0x44F400, 0x000040, 0x5E6700, 0x5E7000, 0x000083,
    0x026EBE, 0x22D000, 0x22D300, 0x21D800, 0x0140C0, 0x000010, 0x0140C5, 0x000098,
    0x202A44, 0x026EAE, 0x21DB00, 0x204800, 0x250000, 0x061080, 0x145B8E, 0x455800,
    0x204B00, 0x0B76D7, 0x00001B, 0x0D03AA, 0x0B7697, 0x00001B, 0x30C000, 0x0501A0,
    0x48F000, 0x0000A2, 0x43F000, 0x0000A3, 0x485800, 0x436000, 0x0B76D0, 0x000020,
    0x02969F, 0x0296B9, 0x310000, 0x0D03D3, 0x0B7690, 0x000020, 0x02968D, 0x0296A9,
    0x05F420, 0xFFFFFF, 0x378000, 0x5EF000, 0x00008C, 0x0140C5, 0x200000, 0x5EF000,
    0x000082, 0x5FF000, 0x000083, 0x202A13, 0x202A1B, 0x5E5F00, 0x5F6700, 0x0B76D7,
    0x00001C, 0x0D03AA, 0x0B7697, 0x00001C, 0x30C000, 0x0501A0, 0x48F000, 0x0000A4,
    0x43F000, 0x0000A5, 0x485800, 0x436000, 0x0B76D0, 0x000021, 0x0296DF, 0x0296F9,
    0x310000, 0x0D03D3, 0x0B7690, 0x000021, 0x0296CD, 0x0296E9, 0x05F420, 0xFFFFFF,
    0x378000, 0x5EF000, 0x00008D, 0x0140C5, 0x200000, 0x5EF000, 0x000082, 0x5FF000,
    0x000083, 0x202A13, 0x202A1B, 0x5E5F00, 0x5F6700, 0x0B76D7, 0x00001D, 0x0D03AA,
    0x0B7697, 0x00001D, 0x30C000, 0x0501A0, 0x48F000, 0x0000A6, 0x43F000, 0x0000A7,
    0x485800, 0x436000, 0x0B76D0, 0x000022, 0x029E9F, 0x029EB9, 0x310000, 0x0D03D3,
    0x0B7690, 0x000022, 0x029E8D, 0x029EA9, 0x05F420, 0xFFFFFF, 0x378000, 0x5EF000,
    0x00008E, 0x0140C5, 0x200000, 0x5EF000, 0x000082, 0x5FF000, 0x000083, 0x202A13,
    0x202A1B, 0x5E5F00, 0x5F6700, 0x0B76D7, 0x00001E, 0x0D03AA, 0x0B7697, 0x00001E,
    0x05F427, 0xFFFFFF, 0x0366D5, 0x0141E0, 0x015555, 0x0140C4, 0x000015, 0x202B13,
    0x219200, 0x210600, 0x254000, 0x0A72C4, 0x143D06, 0x0A72C7, 0x143D07, 0x012783,
    0x01269D, 0x200022, 0x227040, 0x310000, 0x02BEB7, 0x02BEAE, 0x02A6DE, 0x44D800,
    0x061080, 0x145C22, 0x1819A2, 0x44D8B6, 0x02A6CE, 0x0366D5, 0x0141E0, 0x000000,
    0x0140C0, 0xFFFF80, 0x202B13, 0x44F400, 0x00063F, 0x200045, 0x202741, 0x21D200,
    0x57F400, 0x7FFFFF, 0x0A72CE, 0x1435C6, 0x21E41C, 0x200048, 0x30002A, 0x21E700,
    0x21C500, 0x67F400, 0x000100, 0x029EDE, 0x02A6B4, 0x061080, 0x145C41, 0x0C1D07,
    0x1098C6, 0x5F5FC2, 0x5F5FE6, 0x02A6A4, 0x029ECE, 0x44F400, 0x145C48, 0x039684,
    0x00000C, 0x57F400, 0x7FFFFF, 0x02D6BE, 0x0140C5, 0x000040, 0x051404, 0x0140C0,
    0x000001, 0x20001B, 0x02D6AE, 0x02CEEF, 0x56F400, 0x7FFFFF, 0x0226F5, 0x0141E8,
    0x066666, 0x02CEB5, 0x0141EA, 0x79999A, 0x35C000, 0x02CEAF, 0x21CF64, 0x022EB4,
    0x5E7000, 0x0000C4, 0x21E701, 0x0141C2, 0xC00000, 0x4F81F8, 0x21C600, 0x4E80E0,
    0x02CEF4, 0x21E5D8, 0x21C4C0, 0x21E600, 0x21C7D8, 0x3120F0, 0x303000, 0x5E5DC0,
    0x5F5DE8, 0x5E5D00, 0x5F5D00, 0x02C697, 0x02C6DF, 0x44F471, 0x0000EF, 0x0AF974,
    0x061080, 0x145C7A, 0x1E18CE, 0x1919D2, 0x0AF954, 0x70F400, 0xFFFE70, 0x0B76D0,
    0x000036, 0x05F420, 0x0003FF, 0x0464A0, 0x02C6CF, 0x044810, 0x322000, 0x221100,
    0x221400, 0x44F400, 0x000154, 0x45DA00, 0x45DAA8, 0x02C68E, 0x21BC00, 0x205800,
    0x337F00, 0x380F00, 0x204C00, 0x4EDC00, 0x060280, 0x145CA1, 0x06D800, 0x145C9F,
    0x2125A8, 0xF91B00, 0x221400, 0x21BC00, 0x205800, 0x012787, 0x01269E, 0x204C22,
    0xF49A50, 0x381100, 0x223000, 0x0460A1, 0x565B00, 0x300000, 0x311000, 0x0B76D4,
    0x000036, 0x264000, 0x44D800, 0x44D9D0, 0x44D8D2, 0x060880, 0x145CB1, 0x44D9D8,
    0xB298DA, 0x44D9D0, 0xB398D2, 0x0464A0, 0x0B7694, 0x000036, 0x300000, 0x330F00,
    0x221400, 0x318000, 0x329000, 0x35C000, 0x0503A5, 0x4FF000, 0x0000C4, 0x45D800,
    0x57DB00, 0x44D300, 0x3B0200, 0x061080, 0x145CCA, 0x574BF0, 0xF4B9C8, 0x4EDDE2,
    0xF4BAEA, 0xF0B3E2, 0x45D8EA, 0x565C00, 0x575B00, 0x0465A4, 0x0C0981, 0x66F400,
    0x000500, 0x76F400, 0x000100, 0x65F400, 0x120000, 0x75F400, 0x008000, 0x060380,
    0x145D10, 0x22D400, 0x44F400, 0x000002, 0x0206A4, 0x240000, 0x250000, 0x0634A0,
    0x425C00, 0x0B7684, 0x0000D7, 0x0A7684, 0x0000FA, 0x0B7684, 0x0000FA, 0x0286E4,
    0x024EA4, 0x0A7684, 0x0000FC, 0x0B7684, 0x0000FC, 0x0B7695, 0x0000D1, 0x0A7684,
    0x0000D6, 0x0B7684, 0x0000D6, 0x0B7684, 0x0000D5, 0x0A7684, 0x0000D5, 0x0B7684,
    0x0000D4, 0x0A7684, 0x0000D4, 0x0B7684, 0x0000D3, 0x0A7684, 0x0000D3, 0x0B7684,
    0x0000D0, 0x0B7684, 0x0000CF, 0x0B7684, 0x0000CB, 0x0A7684, 0x0000CB, 0x44F400,
    0x002000, 0x0A7684, 0x0000D0, 0x44F400, 0x000001, 0x0A7684, 0x0000CF, 0x044E16,
    0x044D15, 0x000000, 0x00000C, 0x040E10, 0x44F400, 0x14A000, 0x250000, 0x061880,
    0x145D18, 0x4D5800, 0x0246A4, 0x0256A4, 0x025EA4, 0x00000C, 0x56F400, 0x7FFFFF,
    0x02AEAE, 0x00000C, 0x44F400, 0x0BE37C, 0x218700, 0x210600, 0x01278D, 0x012484,
    0x000000, 0x487000, 0x000005, 0x05F422, 0x001FFF, 0x05F420, 0x001FFF, 0x61F400,
    0x141A80, 0x0226BF, 0x0140C8, 0x008000, 0x21E400, 0x45F400, 0x000018, 0x2000A8,
    0x21B900, 0x4CE900, 0x48F000, 0x000005, 0x218700, 0x210600, 0x01278D, 0x012484,
    0x0C1D06, 0x024EBF, 0x024EF9, 0x024EAC, 0x024EE8, 0x200014, 0x0C1C0A, 0x61F400,
    0x000020, 0x218700, 0x210600, 0x200001, 0x0246BF, 0x0246F9, 0x44F400, 0x001FFF,
    0x45F400, 0x14A000, 0x062080, 0x145D56, 0x200030, 0x495918, 0x20004E, 0x200068,
    0x0246AD, 0x0246E9, 0x61F400, 0x000020, 0x65F400, 0x000080, 0x223400, 0x62D900,
    0x4EDC00, 0x45DA00, 0x60D900, 0x061080, 0x145D6F, 0x012796, 0x44E260, 0x62D960,
    0x01268D, 0xF49822, 0x0127B6, 0x44E068, 0x60D968, 0x0126AD, 0xF49A2A, 0x5E5D00,
    0x5F5D00, 0x64F400, 0x000080, 0x65F400, 0x000080, 0x026EB4, 0x062080, 0x145D79,
    0x5FDD00, 0x21E44C, 0x5F5C00, 0x026EA4, 0x02A6BE, 0x65F400, 0x000080, 0x64F400,
    0x000080, 0x62F400, 0x144AC7, 0x022EBF, 0x0C1CA1, 0x21FA00, 0x4CDD00, 0x4EEA00,
    0x062080, 0x145D8A, 0x165CD2, 0x4CDDE6, 0x02A6AE, 0x0226FF, 0x200013, 0x0140CD,
    0x400000, 0x0D1049, 0x000006, 0x0140CC, 0x400000, 0x200018, 0x21EE00, 0x21C700,
    0x027EB4, 0x60F400, 0x000080, 0x062080, 0x145D9F, 0x4DE0C0, 0x0C1D08, 0x20A460,
    0x5E5800, 0x027EA4, 0x48F000, 0x000005, 0x61F400, 0x141A80, 0x0216BF, 0x0140C8,
    0x008000, 0x21E400, 0x45F400, 0x000018, 0x2000A8, 0x21B900, 0x4CE900, 0x0216FF,
    0x0140CC, 0x400000, 0x0C1C85, 0x0140C8, 0x400000, 0x21E500, 0x2000A8, 0x20003A,
    0x21E400, 0x218700, 0x210600, 0x01278D, 0x012484, 0x0C1D06, 0x218700, 0x210600,
    0x0256BF, 0x0256F9, 0x021EFE, 0x0C1C16, 0x65F400, 0x0000C0, 0x21C400, 0x0276BE,
    0x0276F8, 0x062080, 0x145DD3, 0x200038, 0x200018, 0x0140CE, 0x001FFF, 0x0140C8,
    0x14A000, 0x21B300, 0x20001C, 0x45E300, 0x4D5DA0, 0x0256AD, 0x0256E9, 0x0276AC,
    0x0276E8, 0x65F400, 0x0000C0, 0x64F400, 0x0000C0, 0x026EF4, 0x062080, 0x145DE1,
    0x5FDD00, 0x21E44C, 0x5F5C00, 0x026EE4, 0x02A6FE, 0x65F400, 0x0000C0, 0x64F400,
    0x0000C0, 0x62F400, 0x144AC7, 0x022EBF, 0x0C1CA1, 0x21FA00, 0x4CDD00, 0x4EEA00,
    0x062080, 0x145DF2, 0x165CD2, 0x4CDDE6, 0x02A6EE, 0x60F400, 0x000080, 0x61F400,
    0x0000C0, 0x62F400, 0x000080, 0x0226F4, 0x200080, 0x0C1D04, 0x000000, 0x21C600,
    0x021EBF, 0x02AEB7, 0x0140CD, 0x400000, 0x0D1049, 0x00000F, 0x0140CC, 0x400000,
    0x56F400, 0x7FFFFF, 0x21E400, 0x200088, 0x21E400, 0x200086, 0x21C400, 0x2000C0,
    0x000000, 0x21C700, 0x02AEA7, 0x021EB4, 0x200080, 0x0C1D04, 0x21C400, 0x2000C0,
    0x21C700, 0x4CD800, 0x4DD900, 0x2000D0, 0x4CD8F8, 0x4DD918, 0x061F80, 0x145E21,
    0x575AD0, 0x4CD8F8, 0x4DD918, 0x575A00, 0x029EFE, 0x65F400, 0x000080, 0x64F400,
    0x000080, 0x62F400, 0x144AC7, 0x022EBF, 0x0C1CA1, 0x21FA00, 0x44DD00, 0x4EEA00,
    0x062080, 0x145E32, 0x191CD2, 0x44DDB6, 0x029EEE, 0x48F000, 0x000005, 0x0266BF,
    0x0266F9, 0x0266AC, 0x0266E8, 0x200014, 0x0C1C0A, 0x61F400, 0x000020, 0x60F400,
    0x000080, 0x218700, 0x210600, 0x200001, 0x025EBF, 0x025EF9, 0x062080, 0x145E53,
    0x200030, 0x495918, 0x218500, 0x210400, 0x56D800, 0x0C1C18, 0x200018, 0x0140CE,
    0x001FFF, 0x0140C8, 0x14A000, 0x20AE00, 0x208800, 0x025EAD, 0x025EE9, 0x61F400,
    0x000020, 0x63F400, 0x0000E0, 0x223400, 0x62D900, 0x4EDC00, 0x45DA00, 0x60D900,
    0x061080, 0x145E70, 0x012796, 0x44E260, 0x62D960, 0x01268D, 0xF49822, 0x200022,
    0x200022, 0x0127B6, 0x44E068, 0x60D968, 0x0126AD, 0xF49A2A, 0x20002A, 0x20002A,
    0x565B00, 0x575B00, 0x60F400, 0x0000DE, 0x61F400, 0x0000E0, 0x027EF4, 0x445800,
    0x0286B4, 0x445000, 0x45F400, 0x0CFCE3, 0x46F400, 0x2BC9CA, 0x028EF7, 0x0296BF,
    0x64F400, 0x00001E, 0x44D900, 0x56D800, 0x061080, 0x145E88, 0xB199D2, 0x1F98B6,
    0xB199AA, 0x1998FE, 0x4F5C00, 0x5F5C00, 0x028EE7, 0x0296AF, 0x027EEE, 0x44D800,
    0x0286A4, 0x64F400, 0x00001E, 0x65F400, 0x000020, 0x0286F4, 0x4C5C00, 0x028EB4,
    0x4C5400, 0x47F400, 0x4E63DF, 0x44F400, 0x6F0F12, 0x0296F5, 0x029EBF, 0x60F400,
    0x00001E, 0x4EDD00, 0x5EDC00, 0x061080, 0x145EA7, 0xF438D2, 0x1FDCA6, 0xF438BA,
    0x16DCFE, 0x455800, 0x575800, 0x0296E5, 0x029EAF, 0x0286EE, 0x4CDC00, 0x028EA4,
    0x60F400, 0x000020, 0x64F400, 0x00001F, 0x264000, 0x44D800, 0x060880, 0x145EBA,
    0x44D8D0, 0xB398D2, 0x44D8D8, 0xB298DA, 0x5F5C00, 0x64F400, 0x000020, 0x060880,
    0x145EC7, 0x5EDC00, 0x5FDC00, 0x200022, 0x20002A, 0x5E5F00, 0x5E5F00, 0x5F5F00,
    0x5F5F00, 0x00000C, 0x040E10, 0x44F400, 0x14A000, 0x250000, 0x0620A0, 0x4D5800,
    0x0246A4, 0x0256A4, 0x0266A4, 0x0276A4, 0x00000C, 0x56F400, 0x7FFFFF, 0x000000,
    0x02CEAE, 0x02CEEE, 0x02D6AE, 0x00000C, 0x44F400, 0x0BE37C, 0x218700, 0x210600,
    0x01278D, 0x012484, 0x61F400, 0x141A80, 0x0216BF, 0x0140C8, 0x008000, 0x45F400,
    0x000018, 0x21E400, 0x2000A8, 0x487000, 0x000005, 0x21B900, 0x218700, 0x210600,
    0x05F422, 0x001FFF, 0x05F420, 0x001FFF, 0x4CE900, 0x01278D, 0x012484, 0x0C1D06,
    0x024EBF, 0x024EF9, 0x024EAC, 0x024EE8, 0x200014, 0x0C1C0A, 0x61F400, 0x000020,
    0x218700, 0x210600, 0x200001, 0x0246BF, 0x0246F9, 0x44F400, 0x001FFF, 0x45F400,
    0x14A000, 0x062080, 0x145F0D, 0x200030, 0x495918, 0x20004E, 0x200068, 0x61F400,
    0x000020, 0x65F400, 0x000080, 0x0246AD, 0x223400, 0x62D900, 0x0246E9, 0x4EDC00,
    0x60D900, 0x45DA00, 0x012796, 0x44E260, 0x62D960, 0x01268D, 0xF49822, 0x0127B6,
    0xB2A068, 0x60D968, 0x0126AD, 0xF49A2A, 0x060F80, 0x145F2E, 0x012796, 0xB3A260,
    0x62D960, 0x01268D, 0xF49822, 0x0127B6, 0xB2A068, 0x60D968, 0x0126AD, 0xF49A2A,
    0x0286B4, 0x5F5D00, 0x65F400, 0x000080, 0x63F400, 0x000080, 0x5FDD00, 0x5EDD00,
    0x21E44C, 0x21C444, 0x060F80, 0x145F3E, 0xFF3B00, 0xFA3B00, 0x21E44C, 0x21C444,
    0x575B00, 0x565B00, 0x0286A4, 0x65F400, 0x000080, 0x62F400, 0x144AC7, 0x022EBF,
    0x0C1CA1, 0x02B6BE, 0x21FA00, 0x64F400, 0x000080, 0x44DD00, 0x4EEA00, 0x062080,
    0x145F51, 0x165CD2, 0x44DDE6, 0x02B6AE, 0x0216FF, 0x200013, 0x0140CD, 0x400000,
    0x0D1049, 0x000007, 0x0140CC, 0x400000, 0x200018, 0x000000, 0x21EE00, 0x02BEF4,
    0x21C700, 0x60F400, 0x000080, 0x61F400, 0x000080, 0x061080, 0x145F6D, 0x4DD8C0,
    0x0C1D08, 0x20A460, 0x4DD8C8, 0x0C1D89, 0x20A468, 0x5E5900, 0x5F5900, 0x02BEE4,
    0x61F400, 0x141A80, 0x021EBF, 0x0140C8, 0x008000, 0x45F400, 0x000018, 0x21E400,
    0x2000A8, 0x48F000, 0x000005, 0x21B900, 0x218700, 0x210600, 0x000000, 0x4CE900,
    0x01278D, 0x012484, 0x0C1D06, 0x025EBF, 0x025EF9, 0x025EAC, 0x025EE8, 0x200014,
    0x0C1C0A, 0x61F400, 0x000040, 0x218700, 0x210600, 0x200001, 0x0256BF, 0x0256F9,
    0x44F400, 0x001FFF, 0x45F400, 0x14A000, 0x062080, 0x145F98, 0x200030, 0x495918,
    0x20004E, 0x200068, 0x61F400, 0x000040, 0x65F400, 0x0000C0, 0x0256AD, 0x223400,
    0x62D900, 0x0256E9, 0x4EDC00, 0x60D900, 0x45DA00, 0x012796, 0x44E260, 0x62D960,
    0x01268D, 0xF49822, 0x0127B6, 0xB2A068, 0x60D968, 0x0126AD, 0xF49A2A, 0x060F80,
    0x145FB9, 0x012796, 0xB3A260, 0x62D960, 0x01268D, 0xF49822, 0x0127B6, 0xB2A068,
    0x60D968, 0x0126AD, 0xF49A2A, 0x0286F4, 0x5F5D00, 0x65F400, 0x0000C0, 0x63F400,
    0x000080, 0x5FDD00, 0x5EDD00, 0x21E44C, 0x21C444, 0x060F80, 0x145FC9, 0xFF3B00,
    0xFA3B00, 0x21E44C, 0x21C444, 0x575B00, 0x565B00, 0x0286E4, 0x65F400, 0x000080,
    0x62F400, 0x144AC7, 0x022EBF, 0x0C1CA1, 0x02B6FE, 0x21FA00, 0x64F400, 0x0000C0,
    0x44DD00, 0x4EEA00, 0x062080, 0x145FDC, 0x165CD2, 0x44DDE6, 0x02B6EE, 0x021EFF,
    0x200013, 0x0140CD, 0x400000, 0x0D1049, 0x000007, 0x0140CC, 0x400000, 0x200018,
    0x000000, 0x21EE00, 0x02C6B4, 0x21C700, 0x60F400, 0x0000C0, 0x61F400, 0x0000C0,
    0x061080, 0x145FF8, 0x4DD8C0, 0x0C1D08, 0x20A460, 0x4DD8C8, 0x0C1D89, 0x20A468,
    0x5E5900, 0x5F5900, 0x02C6A4, 0x61F400, 0x141A80, 0x0226BF, 0x0140C8, 0x008000,
    0x45F400, 0x000018, 0x21E400, 0x2000A8, 0x48F000, 0x000005, 0x21B900, 0x218700,
    0x210600, 0x000000, 0x4CE900, 0x01278D, 0x012484, 0x0C1D06, 0x026EBF, 0x026EF9,
    0x026EAC, 0x026EE8, 0x200014, 0x0C1C0A, 0x61F400, 0x000020, 0x218700, 0x210600,
    0x200001, 0x0266BF, 0x0266F9, 0x44F400, 0x001FFF, 0x45F400, 0x14A000, 0x062080,
    0x146023, 0x200030, 0x495918, 0x20004E, 0x200068, 0x61F400, 0x000020, 0x65F400,
    0x0000E0, 0x0266AD, 0x223400, 0x62D900, 0x0266E9, 0x4EDC00, 0x60D900, 0x45DA00,
    0x012796, 0x44E260, 0x62D960, 0x01268D, 0xF49822, 0x0127B6, 0xB2A068, 0x60D968,
    0x0126AD, 0xF49A2A, 0x060F80, 0x146044, 0x012796, 0xB3A260, 0x62D960, 0x01268D,
    0xF49822, 0x0127B6, 0xB2A068, 0x60D968, 0x0126AD, 0xF49A2A, 0x028EB4, 0x5F5D00,
    0x65F400, 0x0000E0, 0x63F400, 0x000080, 0x5FDD00, 0x5EDD00, 0x21E44C, 0x21C444,
    0x060F80, 0x146054, 0xFF3B00, 0xFA3B00, 0x21E44C, 0x21C444, 0x575B00, 0x565B00,
    0x028EA4, 0x65F400, 0x000080, 0x62F400, 0x144AC7, 0x022EBF, 0x0C1CA1, 0x02BEBE,
    0x21FA00, 0x64F400, 0x0000E0, 0x44DD00, 0x4EEA00, 0x062080, 0x146067, 0x165CD2,
    0x44DDE6, 0x02BEAE, 0x0226FF, 0x200013, 0x0140CD, 0x400000, 0x0D1049, 0x000007,
    0x0140CC, 0x400000, 0x200018, 0x000000, 0x21EE00, 0x02C6F4, 0x21C700, 0x60F400,
    0x0000E0, 0x61F400, 0x0000E0, 0x061080, 0x146083, 0x4DD8C0, 0x0C1D08, 0x20A460,
    0x4DD8C8, 0x0C1D89, 0x20A468, 0x5E5900, 0x5F5900, 0x02C6E4, 0x60F400, 0x000080,
    0x61F400, 0x0000C0, 0x62F400, 0x000080, 0x021EFF, 0x02CEF6, 0x0140CD, 0x400000,
    0x0D1049, 0x00000F, 0x0140CC, 0x400000, 0x56F400, 0x7FFFFF, 0x21E400, 0x200088,
    0x21E400, 0x200086, 0x21C400, 0x2000D0, 0x000000, 0x21C600, 0x02CEE6, 0x021EF4,
    0x200080, 0x0C1D04, 0x21C400, 0x2000D0, 0x21C700, 0x0216FF, 0x02CEB6, 0x0140CD,
    0x400000, 0x0D1049, 0x00000F, 0x0140CC, 0x400000, 0x56F400, 0x7FFFFF, 0x21E400,
    0x200088, 0x21E400, 0x200086, 0x21C400, 0x2000D0, 0x000000, 0x21C600, 0x02CEA6,
    0x0216F4, 0x200080, 0x0C1D04, 0x21C400, 0x2000D0, 0x21C600, 0x4CD800, 0x4DD900,
    0x2000D0, 0x4CD8F2, 0x4DD900, 0x061F80, 0x1460C6, 0x565AD0, 0x4CD8F2, 0x4DD900,
    0x565A00, 0x60F400, 0x0000E0, 0x61F400, 0x000080, 0x64F400, 0x000080, 0x0226FF,
    0x02D6B6, 0x0140CD, 0x400000, 0x0D1049, 0x00000F, 0x0140CC, 0x400000, 0x56F400,
    0x7FFFFF, 0x21E400, 0x200088, 0x21E400, 0x200086, 0x21C400, 0x2000D0, 0x000000,
    0x21C600, 0x02D6A6, 0x0226F4, 0x200080, 0x0C1D04, 0x21C400, 0x2000D0, 0x21C600,
    0x4FD800, 0x56D900, 0x4FD8B2, 0x57D900, 0x060F80, 0x1460F0, 0xF91CBA, 0x56D900,
    0xFD1CB2, 0x57D900, 0xF91CBA, 0x575C00, 0x65F400, 0x000080, 0x62F400, 0x144AC7,
    0x022EBF, 0x0C1CA1, 0x02AEFE, 0x21FA00, 0x64F400, 0x000080, 0x44DD00, 0x4EEA00,
    0x062080, 0x146102, 0x191CD2, 0x44DDB6, 0x02AEEE, 0x48F000, 0x000005, 0x027EBF,
    0x027EF9, 0x027EAC, 0x027EE8, 0x200014, 0x0C1C0A, 0x61F400, 0x000020, 0x60F400,
    0x000080, 0x218700, 0x210600, 0x200001, 0x0276BF, 0x0276F9, 0x062080, 0x146123,
    0x200030, 0x495918, 0x218500, 0x210400, 0x56D800, 0x0C1C18, 0x200018, 0x0140CE,
    0x001FFF, 0x0140C8, 0x14A000, 0x20AE00, 0x208800, 0x61F400, 0x000020, 0x65F400,
    0x0000E0, 0x0276AD, 0x223400, 0x62D900, 0x0276E9, 0x4EDC00, 0x60D900, 0x4DDA00,
    0x012796, 0x4FE260, 0x62D960, 0x012683, 0xF49800, 0x0C1C06, 0x0127B6, 0xC91D68,
    0x60D968, 0x0126A3, 0xF49A00, 0x0C1C87, 0x060F80, 0x146148, 0x012796, 0xCD5D60,
    0x62D960, 0x012683, 0xF49800, 0x0C1C06, 0x0127B6, 0xC91D68, 0x60D968, 0x0126A3,
    0xF49A00, 0x0C1C87, 0x575D00, 0x60F400, 0x0000DE, 0x61F400, 0x0000E0, 0x028EF4,
    0x445800, 0x0296B4, 0x445000, 0x45F400, 0x0CFCE3, 0x46F400, 0x2BC9CA, 0x029EF7,
    0x02A6BF, 0x64F400, 0x00001E, 0x44D900, 0x56D800, 0x061080, 0x146161, 0xB199D2,
    0x1F98B6, 0xB199AA, 0x1998FE, 0x4F5C00, 0x5F5C00, 0x029EE7, 0x02A6AF, 0x028EEE,
    0x44D800, 0x0296A4, 0x64F400, 0x00001E, 0x65F400, 0x000020, 0x0296F4, 0x4C5C00,
    0x029EB4, 0x4C5400, 0x47F400, 0x4E63DF, 0x44F400, 0x6F0F12, 0x02A6F5, 0x02AEBF,
    0x60F400, 0x00001E, 0x4EDD00, 0x5EDC00, 0x061080, 0x146180, 0xF438D2, 0x1FDCA6,
    0xF438BA, 0x16DCFE, 0x455800, 0x575800, 0x02A6E5, 0x02AEAF, 0x0296EE, 0x4CDC00,
    0x029EA4, 0x60F400, 0x000020, 0x264000, 0x44D800, 0x44D8D0, 0x44D8D2, 0x200022,
    0x44D8D8, 0xB2F8DA, 0x5E5F2A, 0x060780, 0x146199, 0x44D8D0, 0xB3F8D2, 0x5F5F22,
    0x44D8D8, 0xB2F8DA, 0x5E5F2A, 0x5F5F00, 0x5F5F00, 0x00000C, 0x040E10, 0x44F400,
    0x14A000, 0x250000, 0x061A80, 0x1461A3, 0x4D5800, 0x0246A4, 0x0256A4, 0x0266A4,
    0x00000C, 0x56F400, 0x7FFFFF, 0x02B6EE, 0x021EFE, 0x0140C4, 0x400000, 0x021EB4,
    0x21C500, 0x2000A8, 0x200003, 0x21E400, 0x202B41, 0x200032, 0x200032, 0x0216FF,
    0x02B6AE, 0x0140CC, 0x400000, 0x202B2A, 0x21E600, 0x20002E, 0x21E700, 0x2000B8,
    0x02BEAF, 0x00000C, 0x44F400, 0x0BE37C, 0x218700, 0x210600, 0x01278D, 0x012484,
    0x000000, 0x487000, 0x000005, 0x05F422, 0x001FFF, 0x05F420, 0x001FFF, 0x61F400,
    0x141880, 0x0216FF, 0x56F400, 0x000080, 0x0140CC, 0x400000, 0x0C1C9F, 0x20002E,
    0x200014, 0x21D900, 0x02BEB4, 0x4DE900, 0x2000AC, 0x02BEAF, 0x0C1C99, 0x48F000,
    0x000005, 0x200010, 0x44F400, 0x7FFFFF, 0x0216BF, 0x0140CD, 0x7EFFFF, 0x202749,
    0x21E400, 0x218700, 0x210600, 0x01278D, 0x012484, 0x0C1D02, 0x024EBF, 0x024EF9,
    0x024EAC, 0x024EE8, 0x200014, 0x0C1C0A, 0x61F400, 0x000020, 0x218700, 0x210600,
    0x200001, 0x0246BF, 0x0246F9, 0x44F400, 0x001FFF, 0x45F400, 0x14A000, 0x062080,
    0x146203, 0x200030, 0x495918, 0x20004E, 0x200068, 0x000000, 0x0246AD, 0x0246E9,
    0x61F400, 0x000020, 0x65F400, 0x000080, 0x000000, 0x223400, 0x000000, 0x000000,
    0x62D900, 0x4EDC00, 0x000000, 0x000000, 0x45DA00, 0x60D900, 0x061080, 0x146222,
    0x012796, 0x44E260, 0x62D960, 0x01268D, 0xF49822, 0x0127B6, 0x44E068, 0x60D968,
    0x0126AD, 0xF49A2A, 0x5E5D00, 0x5F5D00, 0x64F400, 0x000080, 0x65F400, 0x000080,
    0x0276B4, 0x062080, 0x14622C, 0x5FDD00, 0x21E44C, 0x5F5C00, 0x0276A4, 0x02AEBE,
    0x65F400, 0x000080, 0x64F400, 0x000080, 0x264000, 0x4CDD00, 0x062080, 0x146238,
    0x165CD2, 0x4CDDE6, 0x02AEAE, 0x61F400, 0x141880, 0x021EFF, 0x56F400, 0x000080,
    0x0140CC, 0x400000, 0x0C1C9F, 0x20002E, 0x200014, 0x21D900, 0x02B6B4, 0x4DE900,
    0x2000A4, 0x02B6AE, 0x021EBF, 0x200018, 0x200013, 0x0140CC, 0x400000, 0x20000B,
    0x202301, 0x21C700, 0x60F400, 0x000080, 0x0286B4, 0x062080, 0x146259, 0x4DE0C0,
    0x0C1D08, 0x20A460, 0x5E5800, 0x0286A4, 0x44F400, 0x7FFFFF, 0x0226BF, 0x0140CD,
    0x7EFFFF, 0x202749, 0x21E400, 0x48F000, 0x000005, 0x200088, 0x218700, 0x210600,
    0x21E400, 0x01278D, 0x012484, 0x0C1D04, 0x000000, 0x218700, 0x210600, 0x0256BF,
    0x0256F9, 0x022EBE, 0x0C1C16, 0x65F400, 0x0000C0, 0x21C400, 0x027EBE, 0x027EF8,
    0x062080, 0x146282, 0x200038, 0x200018, 0x0140CE, 0x001FFF, 0x0140C8, 0x14A000,
    0x21B300, 0x20001C, 0x45E300, 0x4D5DA0, 0x0256AD, 0x0256E9, 0x027EAC, 0x027EE8,
    0x65F400, 0x0000C0, 0x64F400, 0x0000C0, 0x0276F4, 0x062080, 0x146290, 0x5FDD00,
    0x21E44C, 0x5F5C00, 0x0276E4, 0x02AEFE, 0x65F400, 0x0000C0, 0x64F400, 0x0000C0,
    0x264000, 0x4CDD00, 0x062080, 0x14629C, 0x165CD2, 0x4CDDE6, 0x02AEEE, 0x60F400,
    0x000080, 0x61F400, 0x0000C0, 0x62F400, 0x000080, 0x021EB4, 0x200080, 0x02B6BF,
    0x200010, 0x0C1D04, 0x21C600, 0x0226FF, 0x02B6F7, 0x0140CD, 0x400000, 0x0D1049,
    0x00000F, 0x0140CC, 0x400000, 0x56F400, 0x7FFFFF, 0x21E400, 0x200088, 0x21E400,
    0x200086, 0x21C400, 0x2000C0, 0x000000, 0x21C700, 0x02B6E7, 0x0226F4, 0x200080,
    0x0C1D04, 0x21C400, 0x2000C0, 0x21C700, 0x4CD800, 0x4DD900, 0x2000D0, 0x4CD8F8,
    0x4DD918, 0x061F80, 0x1462CC, 0x575AD0, 0x4CD8F8, 0x4DD918, 0x575A00, 0x02A6FE,
    0x65F400, 0x000080, 0x64F400, 0x000080, 0x264000, 0x44DD00, 0x062080, 0x1462D8,
    0x191CD2, 0x44DDB6, 0x02A6EE, 0x48F000, 0x000005, 0x026EBF, 0x026EF9, 0x026EAC,
    0x026EE8, 0x200014, 0x0C1C0A, 0x61F400, 0x000020, 0x60F400, 0x000080, 0x218700,
    0x210600, 0x200001, 0x0266BF, 0x0266F9, 0x062080, 0x1462F9, 0x200030, 0x495918,
    0x218500, 0x210400, 0x56D800, 0x0C1C18, 0x200018, 0x0140CE, 0x001FFF, 0x0140C8,
    0x14A000, 0x20AE00, 0x208800, 0x0266AD, 0x0266E9, 0x61F400, 0x000020, 0x63F400,
    0x0000E0, 0x223400, 0x62D900, 0x4EDC00, 0x45DA00, 0x60D900, 0x061080, 0x146316,
    0x012796, 0x44E260, 0x62D960, 0x01268D, 0xF49822, 0x200022, 0x200022, 0x0127B6,
    0x44E068, 0x60D968, 0x0126AD, 0xF49A2A, 0x20002A, 0x20002A, 0x565B00, 0x575B00,
    0x60F400, 0x0000DE, 0x61F400, 0x0000E0, 0x0286F4, 0x445800, 0x028EB4, 0x445000,
    0x45F400, 0x0CFCE3, 0x46F400, 0x2BC9CA, 0x0296F7, 0x029EBF, 0x64F400, 0x00001E,
    0x44D900, 0x56D800, 0x061080, 0x14632E, 0xB199D2, 0x1F98B6, 0xB199AA, 0x1998FE,
    0x4F5C00, 0x5F5C00, 0x0296E7, 0x029EAF, 0x0286EE, 0x44D800, 0x028EA4, 0x64F400,
    0x00001E, 0x65F400, 0x000020, 0x028EF4, 0x4C5C00, 0x0296B4, 0x4C5400, 0x47F400,
    0x4E63DF, 0x44F400, 0x6F0F12, 0x029EF5, 0x02A6BF, 0x60F400, 0x00001E, 0x4EDD00,
    0x5EDC00, 0x061080, 0x14634D, 0xF438D2, 0x1FDCA6, 0xF438BA, 0x16DCFE, 0x455800,
    0x575800, 0x029EE5, 0x02A6AF, 0x028EEE, 0x4CDC00, 0x0296A4, 0x60F400, 0x000020,
    0x64F400, 0x00001F, 0x264000, 0x44D800, 0x060880, 0x146360, 0x44D8D0, 0xB398D2,
    0x44D8D8, 0xB298DA, 0x5F5C00, 0x64F400, 0x000020, 0x060880, 0x14636D, 0x5EDC00,
    0x5FDC00, 0x200022, 0x20002A, 0x5E5F00, 0x5E5F00, 0x5F5F00, 0x5F5F00, 0x00000C,
    0x260000, 0x0266E6, 0x026EE6, 0x0276A6, 0x0276E6, 0x027EA6, 0x027EE6, 0x46F400,
    0x0019B5, 0x026EA6, 0x00000C, 0x021EBE, 0x0266FF, 0x0140C5, 0x400000, 0x20211B,
    0x000000, 0x0266EF, 0x00000C, 0x0C1C1E, 0x000000, 0x210400, 0x46F400, 0xFD9FB3,
    0x0126CD, 0x0C1ECA, 0x21C400, 0x0C1D08, 0x021EFF, 0x0140CD, 0x666666, 0x202941,
    0x025EAE, 0x21C400, 0x022EBF, 0x0C1C8D, 0x0140C8, 0x000400, 0x000000, 0x21E600,
    0x60F400, 0x000000, 0x64F400, 0x000000, 0x05BFA0, 0x05BFA4, 0x0226FE, 0x0140C5,
    0x400000, 0x0D1049, 0x000009, 0x03FEDE, 0x200003, 0x0D1042, 0x00000B, 0x03FEFE,
    0x0D10C0, 0x000008, 0x022EB4, 0x45F400, 0x002000, 0x2000A0, 0x0140C0, 0x000800,
    0x0C1C17, 0x0140C6, 0x0007FF, 0x21D200, 0x21E400, 0x0A72CE, 0x140000, 0x0C1C14,
    0x0C1E48, 0x46F400, 0x020B40, 0x21C400, 0x2000D0, 0x0C1C24, 0x210400, 0x46F400,
    0xFD9FB3, 0x0127CD, 0x0C1EC4, 0x21C600, 0x025EB4, 0x0226BE, 0x0140C5, 0x400000,
    0x0D1049, 0x000014, 0x200013, 0x20001B, 0x025EFC, 0x0266BD, 0x200048, 0x200050,
    0x0ACB40, 0x202813, 0x06BF80, 0x1463D6, 0x5D5C48, 0x545850, 0x0ACB40, 0x202813,
    0x5D5C00, 0x545800, 0x0D10C0, 0x00000A, 0x200013, 0x20001B, 0x025EFC, 0x0266BD,
    0x06C080, 0x1463E2, 0x5D5C58, 0x545840, 0x0266AD, 0x025EEC, 0x0226BE, 0x0CCEB5,
    0x0000AD, 0x021EFE, 0x0140C5, 0x199999, 0x0D1048, 0x000092, 0x0140C5, 0x333333,
    0x0D1048, 0x000085, 0x0140C5, 0x4CCCCC, 0x0D1048, 0x0000AE, 0x0140C5, 0x666666,
    0x0D1048, 0x0000E7, 0x0D10C0, 0x0000C7, 0x65F400, 0x0000F0, 0x0509A5, 0x3D0200,
    0x61F400, 0x0000F0, 0x62F400, 0x0000F2, 0x63F400, 0x0000F4, 0x026EFE, 0x0276BF,
    0x02018E, 0x0201CF, 0x0276FE, 0x027EBF, 0x02028E, 0x027EFE, 0x0202CF, 0x02038E,
    0x46F400, 0x3EF3C2, 0x4E5D00, 0x46F400, 0xFE01EB, 0x4E5D00, 0x46F400, 0x82F338,
    0x4E5D00, 0x46F400, 0x01D9BC, 0x4E5D00, 0x46F400, 0x3CD5C5, 0x4E5D00, 0x46F400,
    0x0650D5, 0x4E5D00, 0x46F400, 0x8400A4, 0x4E5D00, 0x46F400, 0xF9AF2B, 0x4E5D00,
    0x46F400, 0xC22E5F, 0x4E5D00, 0x46F400, 0x04866C, 0x4E5D00, 0x45F400, 0x006186,
    0x061080, 0x146460, 0xD0B900, 0xD0B1D4, 0xF119D6, 0x200032, 0xD0BAF3, 0x060A80,
    0x146443, 0xD0B2DC, 0x445ADE, 0x56513A, 0xD0A3FB, 0x000000, 0x5752DC, 0x20003A,
    0xD0B9FB, 0xD0B1D4, 0xF119D6, 0x576332, 0xD0BAF3, 0xD0B2DC, 0x445ADE, 0x56513A,
    0xD0A3FB, 0x000000, 0x5752DC, 0x20003A, 0xF0B9FB, 0x000000, 0xFC23D4, 0xF0B1D8,
    0xF039D6, 0x4FDC32, 0x2000F3, 0xF0BADA, 0xF831D4, 0xF0B2DA, 0xF03AD6, 0x200032,
    0x2000F3, 0xF0A3DA, 0xF832D4, 0x200032, 0x2000F3, 0x2000DA, 0x0C1D8D, 0x000000,
    0xBB6300, 0x5F5F00, 0x02019E, 0x0201DF, 0x026EEE, 0x0276AF, 0x02029E, 0x0202DF,
    0x0276EE, 0x02039E, 0x027EAF, 0x027EEE, 0x00000C, 0x380C00, 0x061080, 0x146472,
    0x56C800, 0x000000, 0x5E5F00, 0x5E5F00, 0x00000C, 0x56D800, 0x57D800, 0x065F80,
    0x146479, 0xBA9800, 0xBF9800, 0x5E5C00, 0x5F5C00, 0x050EDF, 0x244000, 0x56D800,
    0x57D800, 0x065F80, 0x146489, 0x200026, 0x20002E, 0x200044, 0x20004C, 0x200032,
    0x20003A, 0xBA9800, 0xBF9800, 0x200026, 0x20002E, 0x200044, 0x20004C, 0x200032,
    0x20003A, 0x5E5C00, 0x5F5C00, 0x050EC9, 0xC09800, 0xC098D9, 0x20002E, 0x065F80,
    0x14649B, 0xC098D1, 0x5F5C26, 0xC098D9, 0x5E5C2E, 0x2000D1, 0x5F5C26, 0x000000,
    0x5E5C00, 0x050E9B, 0x0216FE, 0x0C1C12, 0x0266F4, 0x200040, 0x000000, 0x0266EC,
    0x0216B4, 0x200040, 0x200040, 0x218F00, 0x000000, 0x20002E, 0x000000, 0x21E500,
    0x56D800, 0x57D800, 0x065F80, 0x1464B8, 0x20006C, 0x200064, 0x0C1D0E, 0x0C1D8F,
    0xBA9800, 0xBF9800, 0x20006C, 0x200064, 0x0C1D0E, 0x0C1D8F, 0x5E5C00, 0x5F5C00,
    0x050E5C, 0x380400, 0x3C0400, 0x026EBE, 0x0296BF, 0x45F400, 0x658100, 0x063080,
    0x1464CB, 0x5C4C37, 0x202863, 0x5D4C3F, 0x20286B, 0x026EAC, 0x0296AD, 0x028EB4,
    0x028EFF, 0x063080, 0x1464DA, 0xC88800, 0x000000, 0x21C444, 0x02B058, 0x000000,
    0x5F5C00, 0x5F5C00, 0x5F5C00, 0x5F5C00, 0x028EA4, 0x028EEF, 0x050E1E, 0x380200,
    0x61F400, 0x140800, 0x65F400, 0x140800, 0x56C800, 0x57C800, 0x0C1ED8, 0x0C1ED9,
    0x219900, 0x21BD00, 0x44E900, 0x4EED00, 0x4C5C00, 0x4C5C00, 0x062F80, 0x1464F8,
    0xB88800, 0xBC8800, 0x0C1ED8, 0x0C1ED9, 0x44E900, 0x219900, 0x4EED00, 0x21BD00,
    0x4C5C00, 0x4C5C00, 0x4E5C00, 0x4E5C00, 0x050E00, 0x240000, 0x76F400, 0x000058,
    0x044E10, 0x023684, 0x0236A4, 0x45F400, 0x000088, 0x0236E5, 0x0630A0, 0x445800,
    0x44F400, 0x00000A, 0x027E84, 0x44F400, 0x000001, 0x027EA4, 0x5F7000, 0x000010,
    0x240000, 0x025684, 0x0256C4, 0x025E84, 0x025EC4, 0x026684, 0x0266C4, 0x026E84,
    0x026EC4, 0x0256A4, 0x0256E4, 0x025EA4, 0x025EE4, 0x0266A4, 0x0266E4, 0x026EA4,
    0x026EE4, 0x027684, 0x0276E4, 0x0276A4, 0x0276E4, 0x028EE6, 0x0296E4, 0x44F400,
    0x000064, 0x02CEE4, 0x0216B4, 0x0216F6, 0x45F400, 0x1300A8, 0x47F4A0, 0x19AA73,
    0x0140C0, 0x3C0D29, 0x57F400, 0x49F427, 0x56F4BA, 0x6277C6, 0x02C6CE, 0x02CE8F,
    0x57F400, 0x679171, 0x02C6EE, 0x02CEAF, 0x00000C, 0x02469E, 0x0246B8, 0x200032,
    0x21C400, 0x024684, 0x0246A8, 0x46F400, 0x000001, 0x000000, 0x027EC6, 0x260000,
    0x000000, 0x027EE6, 0x46F400, 0x000002, 0x028EC6, 0x46F400, 0x000000, 0x0296E6,
    0x46F400, 0x000003, 0x000000, 0x029EC6, 0x46F400, 0x7FFFF8, 0x000000, 0x029EE6,
    0x46F400, 0x000001, 0x000000, 0x02A6A6, 0x46F400, 0x000001, 0x240000, 0x45F400,
    0x00000F, 0x02DEA6, 0x02DEC4, 0x02DEE5, 0x0226BE, 0x02DE8E, 0x74F400, 0x101A51,
    0x0D1080, 0x000CA8, 0x68EC00, 0x0226F4, 0x0226F5, 0x2000A8, 0x21E400, 0x200088,
    0x21E400, 0x45F400, 0x000562, 0x2000A8, 0x21E500, 0x260000, 0x0286A6, 0x0AE080,
    0x46F400, 0x0076E3, 0x028686, 0x46F400, 0x0000DC, 0x0286C6, 0x46F400, 0x004A4E,
    0x0286E6, 0x46F400, 0x000BE3, 0x028E86, 0x46F400, 0x000000, 0x029686, 0x46F400,
    0x00EDC6, 0x0296A6, 0x260000, 0x000000, 0x0296C6, 0x61F400, 0x146B3D, 0x0AF080,
    0x1469BE, 0x46F400, 0x00EDC6, 0x028686, 0x0286A5, 0x46F400, 0x00000D, 0x0286C6,
    0x260000, 0x0286E6, 0x46F400, 0x0076E3, 0x028E86, 0x46F400, 0x000089, 0x029686,
    0x46F400, 0x02526E, 0x0296A6, 0x021EBE, 0x46F400, 0x000001, 0x57F400, 0x000003,
    0x0140C0, 0x008000, 0x0C1EE0, 0x200011, 0x44F400, 0x000040, 0x200045, 0x202959,
    0x029ECF, 0x20AF00, 0x0140C8, 0x000113, 0x02A68F, 0x260000, 0x000000, 0x0296C6,
    0x61F400, 0x146B41, 0x0AF080, 0x1469BE, 0x46F400, 0x00EDC6, 0x028686, 0x0286A5,
    0x46F400, 0x000037, 0x0286C6, 0x260000, 0x0286E6, 0x46F400, 0x2E709E, 0x028E86,
    0x46F400, 0x00008F, 0x200058, 0x02968F, 0x46F400, 0x018C4A, 0x0296A6, 0x46F400,
    0x000001, 0x000000, 0x028EC6, 0x021EBE, 0x46F400, 0x000001, 0x57F400, 0x000003,
    0x0140C0, 0x008000, 0x0C1EE0, 0x200011, 0x44F400, 0x000040, 0x200045, 0x202959,
    0x029ECF, 0x46F400, 0x000000, 0x02A686, 0x022EBE, 0x21C400, 0x56F400, 0x0147AE,
    0x46F400, 0x0A3D71, 0x2000D2, 0x21C600, 0x000000, 0x0296C6, 0x61F400, 0x146B63,
    0x0AF080, 0x1469BE, 0x46F400, 0x2E709E, 0x028686, 0x46F400, 0x000000, 0x0286C6,
    0x46F400, 0x17384F, 0x0286E6, 0x46F400, 0x0076E3, 0x028E86, 0x46F400, 0x000000,
    0x029686, 0x46F400, 0x02526E, 0x0296A6, 0x46F400, 0x000001, 0x000000, 0x028EC6,
    0x46F400, 0x000089, 0x0B76C7, 0x0000AF, 0x2000B0, 0x0296EE, 0x021EBE, 0x46F400,
    0x000001, 0x57F400, 0x000003, 0x0140C0, 0x008000, 0x0C1EE0, 0x200011, 0x44F400,
    0x000040, 0x200045, 0x202959, 0x56F400, 0x7FFFF8, 0x46F400, 0x770A3D, 0x202951,
    0x029ECF, 0x029EEE, 0x46F400, 0x00007C, 0x02A686, 0x260000, 0x000000, 0x0296C6,
    0x61F400, 0x146BA0, 0x0AF080, 0x1469BE, 0x46F400, 0x2E709E, 0x028686, 0x46F400,
    0x000037, 0x0286C6, 0x260000, 0x0286E6, 0x46F400, 0x00EDC6, 0x028E86, 0x46F400,
    0x000039, 0x029686, 0x46F400, 0x00EDC6, 0x0296A6, 0x46F400, 0x000001, 0x000000,
    0x028EC6, 0x46F400, 0x000089, 0x0B76C7, 0x0000AF, 0x2000B0, 0x0296EE, 0x021EBE,
    0x46F400, 0x000001, 0x57F400, 0x000003, 0x0140C0, 0x008000, 0x0C1EE0, 0x200011,
    0x44F400, 0x000040, 0x200045, 0x202959, 0x029ECF, 0x46F400, 0x000000, 0x02A686,
    0x022EBE, 0x21C400, 0x56F400, 0x0147AE, 0x264000, 0x2000D2, 0x21C600, 0x000000,
    0x0296C6, 0x61F400, 0x146BC6, 0x0AF080, 0x1469BE, 0x46F400, 0x00EDC6, 0x028686,
    0x0286A5, 0x46F400, 0x000037, 0x0286C6, 0x260000, 0x0286E6, 0x46F400, 0x00EDC6,
    0x028E86, 0x46F400, 0x000037, 0x029686, 0x46F400, 0x018C4A, 0x0296A6, 0x021EBE,
    0x46F400, 0x000001, 0x57F400, 0x000003, 0x0140C0, 0x008000, 0x0C1EE0, 0x200011,
    0x44F400, 0x000040, 0x200045, 0x202959, 0x029ECF, 0x20AF00, 0x0140C8, 0x00007C,
    0x02A68F, 0x46F400, 0x19999A, 0x000000, 0x0296C6, 0x61F400, 0x146D06, 0x0AF080,
    0x1469BE, 0x46F400, 0x00EDC6, 0x028686, 0x0286A5, 0x46F400, 0x000037, 0x0286C6,
    0x46F400, 0x012937, 0x0286E6, 0x46F400, 0x0076E3, 0x028E86, 0x46F400, 0x0000C0,
    0x200058, 0x02968F, 0x46F400, 0x00EDC6, 0x0296A6, 0x46F400, 0x000001, 0x000000,
    0x028EC6, 0x46F400, 0x000089, 0x0B76C7, 0x0000AF, 0x2000B0, 0x0296EE, 0x021EBE,
    0x46F400, 0x000001, 0x57F400, 0x000003, 0x0140C0, 0x008000, 0x0C1EE0, 0x200011,
    0x44F400, 0x000040, 0x200045, 0x202959, 0x029ECF, 0x46F400, 0x000000, 0x02A686,
    0x022EBE, 0x21C400, 0x56F400, 0x0CCCCD, 0x46F400, 0x733333, 0x2000D2, 0x21C600,
    0x000000, 0x0296C6, 0x61F400, 0x146D32, 0x0AF080, 0x1469BE, 0x46F400, 0x2E709E,
    0x028686, 0x46F400, 0x000018, 0x0286C6, 0x46F400, 0x0420C4, 0x0286E6, 0x46F400,
    0x00EDC6, 0x028E86, 0x46F400, 0x00001B, 0x029686, 0x46F400, 0x02526E, 0x0296A6,
    0x46F400, 0x000001, 0x000000, 0x028EC6, 0x46F400, 0x000089, 0x0B76C7, 0x0000AF,
    0x2000B0, 0x0296EE, 0x021EBE, 0x46F400, 0x000001, 0x57F400, 0x000003, 0x0140C0,
    0x008000, 0x0C1EE0, 0x200011, 0x44F400, 0x000040, 0x200045, 0x202959, 0x029ECF,
    0x46F400, 0x000000, 0x02A686, 0x022EBE, 0x21C400, 0x56F400, 0x066666, 0x46F400,
    0x266666, 0x2000D2, 0x21C600, 0x000000, 0x0296C6, 0x61F400, 0x146BFC, 0x0AF080,
    0x1469BE, 0x46F400, 0x00EDC6, 0x028686, 0x0286A5, 0x46F400, 0x00000D, 0x0286C6,
    0x260000, 0x0286E6, 0x46F400, 0x0076E3, 0x028E86, 0x46F400, 0x000052, 0x029686,
    0x46F400, 0x018C4A, 0x0296A6, 0x021EBE, 0x46F400, 0x000001, 0x57F400, 0x000003,
    0x0140C0, 0x008000, 0x0C1EE0, 0x200011, 0x44F400, 0x000040, 0x200045, 0x202959,
    0x029ECF, 0x20AF00, 0x0140C8, 0x0000C0, 0x02A68F, 0x260000, 0x000000, 0x0296C6,
    0x61F400, 0x146C28, 0x0AF080, 0x1469BE, 0x46F400, 0x02526E, 0x028686, 0x0286A5,
    0x46F400, 0x000089, 0x0286C6, 0x260000, 0x0286E6, 0x46F400, 0x0153AD, 0x028E86,
    0x46F400, 0x000037, 0x029686, 0x46F400, 0x02526E, 0x0296A6, 0x021EBE, 0x46F400,
    0x000001, 0x57F400, 0x000003, 0x0140C0, 0x008000, 0x0C1EE0, 0x200011, 0x44F400,
    0x000040, 0x200045, 0x202959, 0x029ECF, 0x20AF00, 0x0140C8, 0x0000B3, 0x02A68F,
    0x260000, 0x000000, 0x0296C6, 0x61F400, 0x146C3B, 0x0AF080, 0x1469BE, 0x46F400,
    0x2E709E, 0x028686, 0x46F400, 0x000018, 0x0286C6, 0x46F400, 0x0420C4, 0x0286E6,
    0x46F400, 0x00EDC6, 0x028E86, 0x46F400, 0x000002, 0x029686, 0x46F400, 0x02526E,
    0x0296A6, 0x46F400, 0x000001, 0x000000, 0x028EC6, 0x46F400, 0x000089, 0x0B76C7,
    0x0000AF, 0x2000B0, 0x0296EE, 0x021EBE, 0x46F400, 0x000001, 0x57F400, 0x000003,
    0x0140C0, 0x008000, 0x0C1EE0, 0x200011, 0x44F400, 0x000040, 0x200045, 0x202959,
    0x029ECF, 0x46F400, 0x000000, 0x02A686, 0x022EBE, 0x21C400, 0x56F400, 0x0147AE,
    0x46F400, 0x08F5C3, 0x2000D2, 0x21C600, 0x000000, 0x0296C6, 0x61F400, 0x146CDE,
    0x0AF080, 0x1469BE, 0x46F400, 0x018C4A, 0x028686, 0x0286A5, 0x46F400, 0x00006E,
    0x0286C6, 0x260000, 0x0286E6, 0x46F400, 0x00EDC6, 0x028E86, 0x46F400, 0x0000C0,
    0x200058, 0x02968F, 0x46F400, 0x02526E, 0x0296A6, 0x46F400, 0x000001, 0x000000,
    0x028EC6, 0x46F400, 0x000089, 0x260000, 0x0296E6, 0x021EBE, 0x46F400, 0x000001,
    0x57F400, 0x000003, 0x0140C0, 0x008000, 0x0C1EE0, 0x200011, 0x44F400, 0x000040,
    0x200045, 0x202959, 0x029ECF, 0x46F400, 0x000000, 0x02A686, 0x022EBE, 0x21C400,
    0x56F400, 0x0147AE, 0x46F400, 0x0AE148, 0x2000D2, 0x21C600, 0x000000, 0x0296C6,
    0x61F400, 0x146D8C, 0x0AF080, 0x1469BE, 0x46F400, 0x2E709E, 0x028686, 0x0286A5,
    0x46F400, 0x000018, 0x0286C6, 0x46F400, 0x010831, 0x0286E6, 0x46F400, 0x005F1C,
    0x028E86, 0x46F400, 0x000039, 0x200058, 0x02968F, 0x46F400, 0x017F81, 0x0296A6,
    0x46F400, 0x000001, 0x000000, 0x028EC6, 0x46F400, 0x000089, 0x0B76C7, 0x0000AF,
    0x2000B0, 0x0296EE, 0x021EBE, 0x46F400, 0x000001, 0x57F400, 0x000003, 0x0140C0,
    0x008000, 0x0C1EE0, 0x200011, 0x44F400, 0x000040, 0x200045, 0x202959, 0x029ECF,
    0x46F400, 0x000000, 0x02A686, 0x022EBE, 0x21C400, 0x56F400, 0x0147AE, 0x46F400,
    0x0AE148, 0x2000D2, 0x21C600, 0x000000, 0x0296C6, 0x61F400, 0x146DC7, 0x0AF080,
    0x1469BE, 0x46F400, 0x2E709E, 0x028686, 0x46F400, 0x000052, 0x0286C6, 0x46F400,
    0x013D08, 0x0286E6, 0x46F400, 0x002F8E, 0x028E86, 0x46F400, 0x000055, 0x029686,
    0x46F400, 0x00A9D6, 0x0296A6, 0x46F400, 0x000001, 0x000000, 0x028EC6, 0x46F400,
    0x000089, 0x0B76C7, 0x0000AF, 0x2000B0, 0x0296EE, 0x021EBE, 0x46F400, 0x000001,
    0x57F400, 0x000003, 0x0140C0, 0x008000, 0x0C1EE0, 0x200011, 0x44F400, 0x000040,
    0x200045, 0x202959, 0x029ECF, 0x46F400, 0x000000, 0x02A686, 0x022EBE, 0x21C400,
    0x56F400, 0x0147AE, 0x46F400, 0x333333, 0x2000D2, 0x21C600, 0x000000, 0x0296C6,
    0x61F400, 0x146CBA, 0x0AF080, 0x1469BE, 0x46F400, 0x00EDC6, 0x028686, 0x0286A5,
    0x46F400, 0x000037, 0x0286C6, 0x46F400, 0x012937, 0x0286E6, 0x46F400, 0x0076E3,
    0x028E86, 0x46F400, 0x0000C0, 0x200058, 0x02968F, 0x46F400, 0x00EDC6, 0x0296A6,
    0x46F400, 0x000001, 0x000000, 0x028EC6, 0x46F400, 0x000089, 0x0B76C7, 0x0000AF,
    0x2000B0, 0x0296EE, 0x021EBE, 0x46F400, 0x000001, 0x57F400, 0x000003, 0x0140C0,
    0x008000, 0x0C1EE0, 0x200011, 0x44F400, 0x000040, 0x200045, 0x202959, 0x029ECF,
    0x46F400, 0x000000, 0x02A686, 0x022EBE, 0x21C400, 0x56F400, 0x0CCCCD, 0x46F400,
    0x666666, 0x2000D2, 0x21C600, 0x000000, 0x0296C6, 0x61F400, 0x146D63, 0x0AF080,
    0x1469BE, 0x46F400, 0x0949B9, 0x028686, 0x46F400, 0x00000D, 0x0286C6, 0x46F400,
    0x03B717, 0x0286E6, 0x46F400, 0x004755, 0x028E86, 0x46F400, 0x00001B, 0x029686,
    0x46F400, 0x02526E, 0x0296A6, 0x46F400, 0x000001, 0x000000, 0x028EC6, 0x46F400,
    0x000089, 0x0B76C7, 0x0000AF, 0x2000B0, 0x0296EE, 0x021EBE, 0x46F400, 0x000001,
    0x57F400, 0x000003, 0x0140C0, 0x008000, 0x0C1EE0, 0x200011, 0x44F400, 0x000040,
    0x200045, 0x202959, 0x029ECF, 0x46F400, 0x000000, 0x02A686, 0x022EBE, 0x21C400,
    0x56F400, 0x066666, 0x46F400, 0x266666, 0x2000D2, 0x21C600, 0x000000, 0x0296C6,
    0x61F400, 0x146E02, 0x0AF080, 0x1469BE, 0x46F400, 0x00EDC6, 0x028686, 0x0286A5,
    0x46F400, 0x000089, 0x0286C6, 0x260000, 0x0286E6, 0x46F400, 0x0153AD, 0x028E86,
    0x46F400, 0x000089, 0x029686, 0x46F400, 0x02526E, 0x0296A6, 0x021EBE, 0x46F400,
    0x000001, 0x57F400, 0x000003, 0x0140C0, 0x008000, 0x0C1EE0, 0x200011, 0x44F400,
    0x000040, 0x200045, 0x202959, 0x029ECF, 0x20AF00, 0x0140C8, 0x0000EA, 0x02A68F,
    0x260000, 0x000000, 0x0296C6, 0x61F400, 0x146E48, 0x0AF080, 0x1469BE, 0x46F400,
    0x00EDC6, 0x028686, 0x0286A5, 0x46F400, 0x000089, 0x0286C6, 0x260000, 0x0286E6,
    0x46F400, 0x0153AD, 0x028E86, 0x46F400, 0x000089, 0x029686, 0x46F400, 0x02526E,
    0x0296A6, 0x021EBE, 0x46F400, 0x000001, 0x57F400, 0x000003, 0x0140C0, 0x008000,
    0x0C1EE0, 0x200011, 0x44F400, 0x000040, 0x200045, 0x202959, 0x029ECF, 0x20AF00,
    0x0140C8, 0x0000EA, 0x02A68F, 0x260000, 0x000000, 0x0296C6, 0x61F400, 0x146E8C,
    0x0AF080, 0x1469BE, 0x46F400, 0x00EDC6, 0x028686, 0x0286A5, 0x46F400, 0x000089,
    0x0286C6, 0x260000, 0x0286E6, 0x46F400, 0x0153AD, 0x028E86, 0x46F400, 0x000089,
    0x029686, 0x46F400, 0x02526E, 0x0296A6, 0x021EBE, 0x46F400, 0x000001, 0x57F400,
    0x000003, 0x0140C0, 0x008000, 0x0C1EE0, 0x200011, 0x44F400, 0x000040, 0x200045,
    0x202959, 0x029ECF, 0x20AF00, 0x0140C8, 0x0000EA, 0x02A68F, 0x260000, 0x000000,
    0x0296C6, 0x61F400, 0x146EC2, 0x0AF080, 0x1469BE, 0x46F400, 0x00EDC6, 0x028686,
    0x0286A5, 0x46F400, 0x000037, 0x0286C6, 0x46F400, 0x012937, 0x0286E6, 0x46F400,
    0x0076E3, 0x028E86, 0x46F400, 0x0000C0, 0x200058, 0x02968F, 0x46F400, 0x00EDC6,
    0x0296A6, 0x46F400, 0x000001, 0x000000, 0x028EC6, 0x46F400, 0x000089, 0x0B76C7,
    0x0000AF, 0x2000B0, 0x0296EE, 0x021EBE, 0x46F400, 0x000001, 0x57F400, 0x000003,
    0x0140C0, 0x008000, 0x0C1EE0, 0x200011, 0x44F400, 0x000040, 0x200045, 0x202959,
    0x029ECF, 0x46F400, 0x000000, 0x02A686, 0x022EBE, 0x21C400, 0x56F400, 0x00A3D7,
    0x46F400, 0x066666, 0x2000D2, 0x21C600, 0x000000, 0x0296C6, 0x61F400, 0x146F06,
    0x0AF080, 0x1469BE, 0x46F400, 0x00EDC6, 0x028686, 0x0286A5, 0x46F400, 0x000037,
    0x0286C6, 0x46F400, 0x012937, 0x0286E6, 0x46F400, 0x0076E3, 0x028E86, 0x46F400,
    0x0000C0, 0x200058, 0x02968F, 0x46F400, 0x00EDC6, 0x0296A6, 0x46F400, 0x000001,
    0x000000, 0x028EC6, 0x46F400, 0x000089, 0x0B76C7, 0x0000AF, 0x2000B0, 0x0296EE,
    0x021EBE, 0x46F400, 0x000001, 0x57F400, 0x000003, 0x0140C0, 0x008000, 0x0C1EE0,
    0x200011, 0x44F400, 0x000040, 0x200045, 0x202959, 0x029ECF, 0x46F400, 0x000000,
    0x02A686, 0x022EBE, 0x21C400, 0x56F400, 0x00A3D7, 0x46F400, 0x066666, 0x2000D2,
    0x21C600, 0x000000, 0x0296C6, 0x61F400, 0x146F30, 0x0AF080, 0x1469BE, 0x00000C,
    0x240000, 0x447000, 0x000044, 0x447000, 0x000045, 0x447000, 0x000046, 0x447000,
    0x000047, 0x447000, 0x000048, 0x447000, 0x000049, 0x447000, 0x00004A, 0x447000,
    0x00004B, 0x5E7000, 0x000010, 0x0246EE, 0x0216B4, 0x0216F6, 0x45F400, 0x1300A8,
    0x47F4A0, 0x19AA73, 0x0140C0, 0x3C0D29, 0x57F400, 0x49F427, 0x5670BA, 0x000040,
    0x56F400, 0x6277C6, 0x577000, 0x000041, 0x57F400, 0x679171, 0x567000, 0x000042,
    0x577000, 0x000043, 0x56F000, 0x000041, 0x57F000, 0x000042, 0x20001C, 0x44F400,
    0x01A52F, 0x20004D, 0x0D1041, 0x000005, 0x200040, 0x567000, 0x000042, 0x028EDF,
    0x0140CD, 0x000001, 0x0D1047, 0x000013, 0x02C6D4, 0x447000, 0x000040, 0x02CE94,
    0x447000, 0x000041, 0x02C6F4, 0x447000, 0x000042, 0x02CEB4, 0x447000, 0x000043,
    0x02CEF4, 0x4C7000, 0x000010, 0x0AF080, 0x146A1B, 0x44F000, 0x000040, 0x02C6C4,
    0x44F000, 0x000041, 0x02CE84, 0x44F000, 0x000042, 0x02C6E4, 0x44F000, 0x000043,
    0x02CEA4, 0x4CF000, 0x000010, 0x02CEE4, 0x5EF000, 0x000010, 0x0C1E01, 0x0C1E26,
    0x21C400, 0x56F400, 0x2B1100, 0x00FEB9, 0x0618A0, 0x018040, 0x210E00, 0x0140C8,
    0x00001D, 0x0C1E26, 0x02369F, 0x0236B9, 0x218500, 0x210400, 0x310000, 0x0D1080,
    0xEB99B2, 0x02368D, 0x0236A9, 0x0B7697, 0x00000F, 0x67F400, 0x000080, 0x0501A7,
    0x44F400, 0x000040, 0x46F400, 0x0CCCCD, 0x4E5F00, 0x4E6700, 0x0236FE, 0x0140C0,
    0x000010, 0x0140C5, 0x000098, 0x202A44, 0x0236EE, 0x21DE00, 0x044E13, 0x250000,
    0x053FA3, 0x3B1000, 0x204300, 0x0610A0, 0x455B00, 0x0D1080, 0xEB995E, 0x0B76D7,
    0x00000F, 0x05F427, 0xFFFFFF, 0x05F423, 0xFFFFFF, 0x65F400, 0x000030, 0x027E9F,
    0x027EB5, 0x060880, 0x146A61, 0x20A468, 0x208C00, 0x21A500, 0x555D00, 0x20A460,
    0x208D00, 0x218500, 0x545D00, 0x027E85, 0x027EAD, 0x61F400, 0x000030, 0x62F400,
    0x00000F, 0x021EFE, 0x21CF00, 0x0C1C93, 0x0140C0, 0x800000, 0x0C1C02, 0x21E400,
    0x21C500, 0x271000, 0x57E200, 0x061080, 0x146A77, 0x46E100, 0x575AB0, 0x46DBD8,
    0x5659EA, 0x575A00, 0x028EDE, 0x0140C5, 0x000002, 0x0D1049, 0x000008, 0x0D104A,
    0x000022, 0x0D1047, 0x00002D, 0x0AF080, 0x146ABD, 0x0B76C4, 0x0000AF, 0x028EF5,
    0x2000A0, 0x0140C5, 0x0147AE, 0x0D104F, 0x000007, 0x0140C4, 0x00EDC6, 0x028EEE,
    0x0AF080, 0x146B2D, 0x240000, 0x028EE4, 0x0296FF, 0x0140CD, 0x000000, 0x0D104F,
    0x000007, 0x0140CC, 0x000001, 0x0296EF, 0x0AF080, 0x146B2D, 0x44F400, 0x000002,
    0x028EC4, 0x02969F, 0x0140CD, 0x000000, 0x0D104F, 0x000007, 0x0140CC, 0x000001,
    0x02968F, 0x0AF080, 0x146ABD, 0x44F400, 0x000003, 0x028EC4, 0x028EFE, 0x0296BF,
    0x0140C5, 0x7EB852, 0x0D1047, 0x000006, 0x200018, 0x028EEF, 0x0AF080, 0x146ABD,
    0x44F400, 0x7FFFAC, 0x45F400, 0x000004, 0x028EE4, 0x028EC5, 0x027EDE, 0x0140C5,
    0x000002, 0x0D1049, 0x00000C, 0x0D104A, 0x000017, 0x0140C5, 0x000003, 0x0D104A,
    0x000020, 0x0D1047, 0x00002F, 0x0AF080, 0x146B06, 0x027EFE, 0x02869F, 0x0140C5,
    0x7EB852, 0x0D1047, 0x000006, 0x200018, 0x027EEF, 0x0AF080, 0x146B06, 0x44F400,
    0x000002, 0x027EC4, 0x0286BF, 0x0140CD, 0x000000, 0x0D104F, 0x000007, 0x0140CC,
    0x000001, 0x0286AF, 0x0AF080, 0x146B06, 0x44F400, 0x000003, 0x027EC4, 0x0286DF,
    0x0140CD, 0x000000, 0x0D104F, 0x00000B, 0x0286F4, 0x027EFE, 0x0140CC, 0x000001,
    0x200044, 0x0286CF, 0x027EEE, 0x0AF080, 0x146B06, 0x44F400, 0x000004, 0x027EC4,
    0x027EFE, 0x028E9F, 0x0140C5, 0x0147AE, 0x0D1049, 0x000006, 0x200014, 0x027EEE,
    0x0AF080, 0x146B06, 0x240000, 0x45F400, 0x000005, 0x027EE4, 0x027EC5, 0x029EDE,
    0x0140C5, 0x000002, 0x0D1049, 0x000006, 0x0D104A, 0x000012, 0x0AF080, 0x146B2D,
    0x02A69F, 0x0140CD, 0x000000, 0x0D104F, 0x000007, 0x0140CC, 0x000001, 0x02A68F,
    0x0AF080, 0x146B2D, 0x029EDE, 0x0140C0, 0x000001, 0x029ECE, 0x029EFE, 0x0140C5,
    0x0147AE, 0x0D1049, 0x000007, 0x0140C4, 0x02526E, 0x029EEE, 0x0AF080, 0x146B2D,
    0x029EDE, 0x0140C0, 0x000001, 0x240000, 0x029ECE, 0x029EE4, 0x028EDE, 0x0140C5,
    0x000001, 0x0D104A, 0x00000D, 0x02A6BE, 0x0140C5, 0x000001, 0x0D1047, 0x000008,
    0x74F400, 0x101A66, 0x0D1080, 0x0006D6, 0x68EC00, 0x0AE080, 0x0D1080, 0x0006AF,
    0x0AF080, 0x146F90, 0x56F000, 0x000040, 0x57F400, 0x40543D, 0x20001C, 0x027EF4,
    0x21E500, 0x2000A0, 0x567000, 0x000044, 0x56F000, 0x000041, 0x57F400, 0x607E5B,
    0x20001C, 0x027EF4, 0x21E500, 0x2000A0, 0x567000, 0x000045, 0x56F000, 0x000042,
    0x57F400, 0x652EBA, 0x20001C, 0x027EF4, 0x21E500, 0x2000A0, 0x567000, 0x000046,
    0x0D1080, 0x00068D, 0x0AF080, 0x146F90, 0x028EFE, 0x57F400, 0x7FFFF8, 0x46F41C,
    0x041CF5, 0x21E400, 0x2000D0, 0x567000, 0x000044, 0x567000, 0x000045, 0x567000,
    0x000046, 0x567000, 0x000047, 0x027EF4, 0x46F400, 0x041CF5, 0x2000D0, 0x567000,
    0x000048, 0x567000, 0x000049, 0x567000, 0x00004A, 0x567000, 0x00004B, 0x028EDF,
    0x02A6BE, 0x44F400, 0x000002, 0x0140CD, 0x000003, 0x202741, 0x02A6AE, 0x46F400,
    0x030E9A, 0x47F400, 0x061D34, 0x44F400, 0xAD3392, 0x45F400, 0x1F06D6, 0x4E7000,
    0x000030, 0x4F7000, 0x000031, 0x4E7000, 0x000032, 0x4C7000, 0x000033, 0x4D7000,
    0x000034, 0x61F400, 0x000030, 0x65F400, 0x000020, 0x0D1080, 0x000610, 0x0AF080,
    0x146F90, 0x028EFE, 0x57F400, 0x7FFFF8, 0x45F000, 0x000040, 0x20001C, 0x0141E0,
    0x0CCCCD, 0x21E400, 0x21C500, 0x2000A4, 0x567000, 0x000044, 0x028EFE, 0x57F400,
    0x7FFFF8, 0x45F000, 0x000041, 0x20001C, 0x0141E0, 0x0CCCCD, 0x21E400, 0x21C500,
    0x2000A4, 0x567000, 0x000045, 0x028EDF, 0x02A6BE, 0x44F400, 0x000002, 0x0140CD,
    0x000003, 0x202741, 0x02A6AE, 0x0D1080, 0x00062A, 0x0AF080, 0x146F90, 0x028EFE,
    0x57F400, 0x7FFFF8, 0x44F400, 0x041CF5, 0x20001C, 0x21E500, 0x2000A0, 0x567000,
    0x000046, 0x027EFE, 0x57F400, 0x7FFFF8, 0x44F400, 0x041CF5, 0x20001C, 0x21E500,
    0x2000A0, 0x567000, 0x00004A, 0x46F400, 0x006A9D, 0x47F400, 0x00D53A, 0x44F400,
    0x8F6951, 0x45F400, 0x324122, 0x4E7000, 0x000030, 0x4F7000, 0x000031, 0x4E7000,
    0x000032, 0x4C7000, 0x000033, 0x4D7000, 0x000034, 0x61F400, 0x000030, 0x65F400,
    0x000020, 0x0D1080, 0x0005BC, 0x028EDF, 0x02A6BE, 0x44F400, 0x000002, 0x0140CD,
    0x000003, 0x202741, 0x02A6AE, 0x0AF080, 0x146F90, 0x028EFE, 0x57F400, 0x7FFFF8,
    0x44F400, 0x511C4C, 0x20001C, 0x21E500, 0x2000A0, 0x567000, 0x000046, 0x028EDF,
    0x02A6BE, 0x44F400, 0x000002, 0x0140CD, 0x000003, 0x202741, 0x02A6AE, 0x46F400,
    0x00F879, 0x47F400, 0x01F0F3, 0x44F400, 0x98261C, 0x45F400, 0x2BBBCA, 0x4E7000,
    0x000030, 0x4F7000, 0x000031, 0x4E7000, 0x000032, 0x4C7000, 0x000033, 0x4D7000,
    0x000034, 0x61F400, 0x000030, 0x65F400, 0x000020, 0x0D1080, 0x000588, 0x0AF080,
    0x146F90, 0x027EF4, 0x45F400, 0x3C0D29, 0x2000A4, 0x567000, 0x000044, 0x56F000,
    0x000042, 0x57F400, 0x5AA728, 0x20001C, 0x21E500, 0x2000A0, 0x567000, 0x000046,
    0x0D1080, 0x0005B5, 0x0AF080, 0x146F90, 0x02DEBE, 0x0140C5, 0x000002, 0x0D1049,
    0x00000C, 0x0D104A, 0x00001A, 0x0140C5, 0x000003, 0x0D104A, 0x000026, 0x0D1047,
    0x000033, 0x0AF080, 0x146C89, 0x02DEDF, 0x0140CD, 0x7EB852, 0x0D1041, 0x000007,
    0x0140C8, 0x028F5C, 0x02DECF, 0x0AF080, 0x146C89, 0x46F400, 0x7FFFAC, 0x44F400,
    0x000002, 0x02DEC6, 0x02DEA4, 0x02DEFF, 0x0140CD, 0x000000, 0x0D104F, 0x000007,
    0x0140CC, 0x000001, 0x02DEEF, 0x0AF080, 0x146C89, 0x46F400, 0x00000F, 0x44F400,
    0x000003, 0x02DEE6, 0x02DEA4, 0x02DEDF, 0x0140CD, 0x028F5C, 0x0D104F, 0x000007,
    0x0140CC, 0x028F5C, 0x02DECF, 0x0AF080, 0x146C89, 0x260000, 0x44F400, 0x000004,
    0x02DEC6, 0x02DEA4, 0x02DEFF, 0x0140CD, 0x000000, 0x0D104F, 0x000007, 0x0140CC,
    0x000001, 0x02DEEF, 0x0AF080, 0x146C89, 0x46F400, 0x00000F, 0x44F400, 0x000001,
    0x02DEE6, 0x02DEA4, 0x027EF4, 0x02DED5, 0x2000A0, 0x21C400, 0x45F400, 0x3C0D29,
    0x2000A4, 0x567000, 0x000044, 0x027EF4, 0x56F000, 0x000042, 0x57F400, 0x5AA728,
    0x20001C, 0x21E500, 0x2000A0, 0x567000, 0x000046, 0x61F400, 0x000030, 0x65F400,
    0x000020, 0x63F400, 0x000010, 0x027EF6, 0x47F400, 0x59999A, 0x2000B0, 0x57F400,
    0x7FFFAC, 0x20001C, 0x21E600, 0x061080, 0x146CAF, 0x47E300, 0x44D9B0, 0x445D00,
    0x565B00, 0x027EDF, 0x02A6BE, 0x44F400, 0x000002, 0x0140CD, 0x000005, 0x202A41,
    0x02A6AE, 0x0AF080, 0x146F90, 0x56F000, 0x000041, 0x57F400, 0x6262B7, 0x20001C,
    0x027EF4, 0x21E500, 0x2000A0, 0x567000, 0x000045, 0x567000, 0x000049, 0x46F400,
    0x04774A, 0x47F400, 0x08EE95, 0x44F400, 0xB7E897, 0x45F400, 0x19F492, 0x4E7000,
    0x000030, 0x4F7000, 0x000031, 0x4E7000, 0x000032, 0x4C7000, 0x000033, 0x4D7000,
    0x000034, 0x313000, 0x352000, 0x0D1080, 0x0004D2, 0x0AF080, 0x146F90, 0x56F000,
    0x000041, 0x57F400, 0x6AF0DD, 0x20001C, 0x21E500, 0x027EFE, 0x21C400, 0x2000A0,
    0x567000, 0x000049, 0x244000, 0x21C500, 0x2000A0, 0x567000, 0x000045, 0x46F400,
    0x0B57FC, 0x47F400, 0x16AFF7, 0x44F400, 0xDF712C, 0x45F400, 0x0DEEC2, 0x4E7000,
    0x000030, 0x4F7000, 0x000031, 0x4E7000, 0x000032, 0x4C7000, 0x000033, 0x4D7000,
    0x000034, 0x313000, 0x352000, 0x0D1080, 0x0004AA, 0x0AF080, 0x146F90, 0x56F000,
    0x000040, 0x57F400, 0x423899, 0x20001C, 0x027EF4, 0x21E500, 0x2000A0, 0x567000,
    0x000044, 0x56F000, 0x000041, 0x57F400, 0x5747BC, 0x20001C, 0x027EF4, 0x21E500,
    0x2000A0, 0x567000, 0x000045, 0x46F400, 0x024AB6, 0x47F400, 0xFB6A94, 0x44F400,
    0x597817, 0x45F400, 0x22A2F0, 0x4E7000, 0x000030, 0x4F7000, 0x000031, 0x4E7000,
    0x000032, 0x4C7000, 0x000033, 0x4D7000, 0x000034, 0x313000, 0x352000, 0x0D1080,
    0x00047E, 0x0AF080, 0x146F90, 0x56F000, 0x000040, 0x57F400, 0x423899, 0x20001C,
    0x027EF4, 0x21E500, 0x2000A0, 0x567000, 0x000044, 0x567000, 0x000048, 0x56F000,
    0x000041, 0x57F400, 0x5747BC, 0x20001C, 0x027EF4, 0x21E500, 0x2000A0, 0x567000,
    0x000045, 0x567000, 0x000049, 0x46F400, 0x044345, 0x270000, 0x44F400, 0xFBBCBB,
    0x45F400, 0x108B19, 0x4E7000, 0x000030, 0x4F7000, 0x000031, 0x4C7000, 0x000032,
    0x4D7000, 0x000033, 0x44F400, 0x377976, 0x4C7000, 0x000034, 0x313000, 0x352000,
    0x0D1080, 0x00044D, 0x0AF080, 0x146F90, 0x56F000, 0x000041, 0x57F400, 0x66D3E8,
    0x20001C, 0x21E500, 0x027EFE, 0x21C400, 0x2000A0, 0x567000, 0x000049, 0x44F400,
    0x7EB852, 0x21C500, 0x2000A0, 0x567000, 0x000045, 0x46F400, 0x056916, 0x47F400,
    0xF52DD4, 0x44F400, 0x41ABC5, 0x45F400, 0x17501D, 0x4E7000, 0x000030, 0x4F7000,
    0x000031, 0x4E7000, 0x000032, 0x4C7000, 0x000033, 0x4D7000, 0x000034, 0x313000,
    0x352000, 0x0D1080, 0x000424, 0x0AF080, 0x146F90, 0x56F000, 0x000040, 0x57F400,
    0x40543D, 0x20001C, 0x027EF4, 0x21E500, 0x2000A0, 0x567000, 0x000044, 0x567000,
    0x000048, 0x56F000, 0x000041, 0x57F400, 0x607E5B, 0x20001C, 0x027EF4, 0x21E500,
    0x2000A0, 0x567000, 0x000045, 0x567000, 0x000049, 0x56F000, 0x000042, 0x57F400,
    0x652EBA, 0x20001C, 0x027EF4, 0x21E500, 0x2000A0, 0x567000, 0x00004A, 0x46F400,
    0x1DA8C4, 0x270000, 0x44F400, 0xE2573C, 0x45F400, 0xDABCB2, 0x4E7000, 0x000030,
    0x4F7000, 0x000031, 0x4C7000, 0x000032, 0x4D7000, 0x000033, 0x44F400, 0x04AE79,
    0x4C7000, 0x000034, 0x313000, 0x352000, 0x0D1080, 0x0003E9, 0x0AF080, 0x146F90,
    0x56F000, 0x000040, 0x57F400, 0x40543D, 0x20001C, 0x027EF4, 0x21E500, 0x2000A0,
    0x567000, 0x000044, 0x567000, 0x000048, 0x56F000, 0x000041, 0x57F400, 0x607E5B,
    0x20001C, 0x027EF4, 0x21E500, 0x2000A0, 0x567000, 0x000045, 0x567000, 0x000049,
    0x56F000, 0x000042, 0x57F400, 0x652EBA, 0x20001C, 0x027EF4, 0x21E500, 0x2000A0,
    0x567000, 0x00004A, 0x46F400, 0x1DA8C4, 0x270000, 0x44F400, 0xE2573C, 0x45F400,
    0xDABCB2, 0x4E7000, 0x000030, 0x4F7000, 0x000031, 0x4C7000, 0x000032, 0x4D7000,
    0x000033, 0x44F400, 0x04AE79, 0x4C7000, 0x000034, 0x313000, 0x352000, 0x0D1080,
    0x0003AE, 0x0AF080, 0x146F90, 0x028EFE, 0x57F400, 0x7FFFF8, 0x45F000, 0x000040,
    0x20001C, 0x0141E0, 0x266666, 0x21E400, 0x21C500, 0x2000A4, 0x567000, 0x000048,
    0x244000, 0x21C500, 0x2000A0, 0x567000, 0x000044, 0x028EFE, 0x57F400, 0x7FFFF8,
    0x45F000, 0x000041, 0x20001C, 0x0141E0, 0x266666, 0x21E400, 0x21C500, 0x2000A4,
    0x567000, 0x000049, 0x244000, 0x21C500, 0x2000A0, 0x567000, 0x000045, 0x027EDF,
    0x02A6BE, 0x44F400, 0x000002, 0x0140CD, 0x000004, 0x202741, 0x02A6AE, 0x46F400,
    0x004B6F, 0x47F400, 0x0096DD, 0x44F400, 0x8CDB9B, 0x45F400, 0x345220, 0x4E7000,
    0x000030, 0x4F7000, 0x000031, 0x4E7000, 0x000032, 0x4C7000, 0x000033, 0x4D7000,
    0x000034, 0x61F400, 0x000030, 0x65F400, 0x000020, 0x0D1080, 0x000368, 0x0AF080,
    0x146F90, 0x56F000, 0x000040, 0x57F400, 0x3C0D29, 0x20001C, 0x027EF4, 0x21E500,
    0x2000A0, 0x567000, 0x000044, 0x56F000, 0x000041, 0x57F400, 0x5C2239, 0x20001C,
    0x027EF4, 0x21E500, 0x2000A0, 0x567000, 0x000045, 0x46F400, 0x3DCC43, 0x47F400,
    0x896360, 0x44F400, 0x3DCC43, 0x45F400, 0x896360, 0x4E7000, 0x000030, 0x4F7000,
    0x000031, 0x4C7000, 0x000032, 0x4D7000, 0x000033, 0x44F400, 0x3B9885, 0x4C7000,
    0x000034, 0x61F400, 0x000010, 0x65F400, 0x000020, 0x0D1080, 0x000338, 0x65F400,
    0x000020, 0x61F400, 0x000010, 0x223200, 0x027EFE, 0x21C400, 0x0140C0, 0x800000,
    0x46DD00, 0x21C500, 0x47D900, 0x060880, 0x146E89, 0x46DDD0, 0x47D9F2, 0x46DDD8,
    0x47D9FA, 0x565A00, 0x575A00, 0x0AF080, 0x146F90, 0x027EF4, 0x45F400, 0x1B2583,
    0x2000A4, 0x567000, 0x000044, 0x46F400, 0x3BBCBB, 0x47F400, 0x89BC72, 0x44F400,
    0x3BBCBB, 0x45F400, 0x89BC72, 0x4E7000, 0x000030, 0x4F7000, 0x000031, 0x4C7000,
    0x000032, 0x4D7000, 0x000033, 0x44F400, 0x377976, 0x4C7000, 0x000034, 0x61F400,
    0x000010, 0x65F400, 0x000020, 0x0D1080, 0x000302, 0x65F400, 0x000020, 0x61F400,
    0x000010, 0x223200, 0x027EFE, 0x21C400, 0x0140C4, 0x7FFFF8, 0x21C500, 0x46DD00,
    0x47D900, 0x060880, 0x146EBF, 0x46DDD0, 0x47D9F2, 0x46DDD8, 0x47D9FA, 0x565A00,
    0x575A00, 0x0AF080, 0x146F90, 0x56F000, 0x000040, 0x57F400, 0x3C0D29, 0x20001C,
    0x027EF4, 0x21E500, 0x2000A0, 0x567000, 0x000044, 0x56F000, 0x000041, 0x57F400,
    0x5C2239, 0x20001C, 0x027EF4, 0x21E500, 0x2000A0, 0x567000, 0x000045, 0x46F400,
    0x37F898, 0x47F400, 0x91F8F7, 0x44F400, 0x37F898, 0x45F400, 0x91F8F7, 0x4E7000,
    0x000030, 0x4F7000, 0x000031, 0x4C7000, 0x000032, 0x4D7000, 0x000033, 0x44F400,
    0x2FF130, 0x4C7000, 0x000034, 0x61F400, 0x000010, 0x65F400, 0x000020, 0x0D1080,
    0x0002BE, 0x65F400, 0x000020, 0x61F400, 0x000010, 0x223200, 0x027EFE, 0x21C400,
    0x0140C4, 0x7FFFF8, 0x21C500, 0x46DD00, 0x47D900, 0x060880, 0x146F03, 0x46DDD0,
    0x47D9F2, 0x46DDD8, 0x47D9FA, 0x565A00, 0x575A00, 0x0AF080, 0x146F90, 0x56F000,
    0x000041, 0x57F400, 0x6D68A3, 0x20001C, 0x21E500, 0x027EFE, 0x21C400, 0x2000A0,
    0x567000, 0x000049, 0x244000, 0x21C500, 0x2000A0, 0x567000, 0x000045, 0x46F400,
    0x26729D, 0x47F400, 0xB31AC6, 0x44F400, 0xBDBFC1, 0x45F400, 0x178A36, 0x4E7000,
    0x000030, 0x4F7000, 0x000031, 0x4E7000, 0x000032, 0x4C7000, 0x000033, 0x4D7000,
    0x000034, 0x61F400, 0x000030, 0x65F400, 0x000020, 0x0D1080, 0x000280, 0x0AF080,
    0x146F90, 0x56F000, 0x000040, 0x57F400, 0x40543D, 0x20001C, 0x027EF4, 0x21E500,
    0x2000A0, 0x567000, 0x000044, 0x56F000, 0x000041, 0x57F400, 0x607E5B, 0x20001C,
    0x027EF4, 0x21E500, 0x2000A0, 0x567000, 0x000045, 0x56F000, 0x000042, 0x57F400,
    0x652EBA, 0x20001C, 0x027EF4, 0x21E500, 0x2000A0, 0x65F400, 0x000010, 0x60F400,
    0x000030, 0x61F400, 0x000030, 0x44DD00, 0x56D800, 0x45DD22, 0x57D840, 0x44DD2A,
    0x565900, 0x56D868, 0x060780, 0x146F60, 0x45DD22, 0x575900, 0x57D840, 0x44DD2A,
    0x565900, 0x56D868, 0x575900, 0x46F400, 0x3CDB1F, 0x47F400, 0x8649C2, 0x44F400,
    0x867152, 0x45F400, 0x39DDCF, 0x4E7000, 0x000030, 0x4F7000, 0x000031, 0x4E7000,
    0x000032, 0x4C7000, 0x000033, 0x4D7000, 0x000034, 0x61F400, 0x000030, 0x65F400,
    0x000020, 0x0D1080, 0x000234, 0x65F400, 0x000020, 0x61F400, 0x000010, 0x223200,
    0x027EFE, 0x21C400, 0x0140C4, 0x7FFFF8, 0x21C500, 0x46DD00, 0x47D900, 0x060880,
    0x146F8D, 0x46DDD0, 0x47D9F2, 0x46DDD8, 0x47D9FA, 0x565A00, 0x575A00, 0x0AF080,
    0x146F90, 0x05F424, 0xFFFFFF, 0x60F400, 0x000010, 0x56F000, 0x000044, 0x45F000,
    0x000040, 0x44F460, 0x000614, 0x21C500, 0x46F4A0, 0x000620, 0x63F4E8, 0x1001D1,
    0x219200, 0x21BB00, 0x61F400, 0x000010, 0x65F400, 0x000030, 0x0A72C5, 0x141B23,
    0x44F400, 0x8074B7, 0x5EEBA8, 0x02A6D4, 0x02AE95, 0x21C644, 0x21E76C, 0x02A6C6,
    0x02AE87, 0x21C641, 0x21E769, 0x240800, 0x64F400, 0x000010, 0x061080, 0x146FB8,
    0x5E5CD2, 0x5F5CCA, 0x02569F, 0x0256D7, 0x64F400, 0x000010, 0x45F400, 0x7F1766,
    0x0D1080, 0x000236, 0x02568F, 0x0256C7, 0x56F000, 0x000045, 0x45F000, 0x000041,
    0x44F460, 0x000614, 0x21C500, 0x46F4A0, 0x000620, 0x63F4E8, 0x1007F1, 0x219200,
    0x21BB00, 0x61F400, 0x000030, 0x65F400, 0x000010, 0x0A72C5, 0x141B23, 0x44F400,
    0x80AF13, 0x5EEBA8, 0x02AED4, 0x02B695, 0x21C644, 0x21E76C, 0x02AEC6, 0x02B687,
    0x21C641, 0x21E769, 0x240800, 0x64F400, 0x000010, 0x061080, 0x146FE7, 0x5E5CD2,
    0x5F5CCA, 0x025E9F, 0x025ED7, 0x45F400, 0x7EA3B7, 0x64F400, 0x000010, 0x0D1080,
    0x000207, 0x025E8F, 0x025EC7, 0x56F000, 0x000046, 0x45F000, 0x000042, 0x44F460,
    0x000614, 0x21C500, 0x46F4A0, 0x000620, 0x63F4E8, 0x100E11, 0x219200, 0x21BB00,
    0x61F400, 0x000010, 0x65F400, 0x000030, 0x0B72C5, 0x141B23, 0x44F400, 0x80E96E,
    0x5EEBA8, 0x02B6D4, 0x02BE95, 0x21C644, 0x21E76C, 0x02B6C6, 0x02BE87, 0x21C641,
    0x21E769, 0x240800, 0x64F400, 0x000010, 0x061080, 0x147016, 0x5E5CD2, 0x5F5CCA,
    0x02669F, 0x0266D7, 0x45F400, 0x7E3072, 0x64F400, 0x000010, 0x0D1080, 0x0001D8,
    0x02668F, 0x0266C7, 0x56F000, 0x000047, 0x45F000, 0x000043, 0x44F460, 0x000614,
    0x21C500, 0x46F4A0, 0x000620, 0x63F4E8, 0x101431, 0x219200, 0x21BB00, 0x61F400,
    0x000030, 0x65F400, 0x000010, 0x0B72C5, 0x141B23, 0x44F400, 0x815E23, 0x5EEBA8,
    0x02BED4, 0x02C695, 0x21C644, 0x21E76C, 0x02BEC6, 0x02C687, 0x21C641, 0x21E769,
    0x240800, 0x64F400, 0x000010, 0x061080, 0x147045, 0x5E5CD2, 0x5F5CCA, 0x026E9F,
    0x026ED7, 0x45F400, 0x7D4B22, 0x64F400, 0x000010, 0x0D1080, 0x0001A9, 0x026E8F,
    0x026EC7, 0x65F400, 0x000030, 0x240000, 0x0610A0, 0x445D00, 0x56F000, 0x000048,
    0x45F000, 0x000040, 0x44F460, 0x000614, 0x21C500, 0x46F4A0, 0x000620, 0x63F4E8,
    0x1001D1, 0x219200, 0x21BB00, 0x61F400, 0x000020, 0x65F400, 0x000030, 0x0B72C5,
    0x141B23, 0x44F400, 0x8074B7, 0x5EEBA8, 0x02A6F4, 0x02AEB5, 0x21C644, 0x21E76C,
    0x02A6E6, 0x02AEA7, 0x21C641, 0x21E769, 0x240800, 0x64F400, 0x000010, 0x061080,
    0x147079, 0x5E5CD2, 0x5F5CCA, 0x0256BE, 0x0256F7, 0x64F400, 0x000010, 0x45F400,
    0x7F1766, 0x0D1080, 0x000184, 0x0256AE, 0x0256E7, 0x56F000, 0x000049, 0x45F000,
    0x000041, 0x44F460, 0x000614, 0x21C500, 0x46F4A0, 0x000620, 0x63F4E8, 0x1007F1,
    0x219200, 0x21BB00, 0x61F400, 0x000020, 0x65F400, 0x000030, 0x0A72C5, 0x141B23,
    0x44F400, 0x80AF13, 0x5EEBA8, 0x02AEF4, 0x02B6B5, 0x21C644, 0x21E76C, 0x02AEE6,
    0x02B6A7, 0x21C641, 0x21E769, 0x240800, 0x64F400, 0x000010, 0x061080, 0x1470A8,
    0x5E5CD2, 0x5F5CCA, 0x025EBE, 0x025EF7, 0x64F400, 0x000010, 0x45F400, 0x7EA3B7,
    0x0D1080, 0x000155, 0x025EAE, 0x025EE7, 0x56F000, 0x00004A, 0x45F000, 0x000042,
    0x44F460, 0x000614, 0x21C500, 0x46F4A0, 0x000620, 0x63F4E8, 0x100E11, 0x219200,
    0x21BB00, 0x61F400, 0x000020, 0x65F400, 0x000030, 0x0B72C5, 0x141B23, 0x44F400,
    0x80E96E, 0x5EEBA8, 0x02B6F4, 0x02BEB5, 0x21C644, 0x21E76C, 0x02B6E6, 0x02BEA7,
    0x21C641, 0x21E769, 0x240800, 0x64F400, 0x000010, 0x061080, 0x1470D7, 0x5E5CD2,
    0x5F5CCA, 0x0266BE, 0x0266F7, 0x64F400, 0x000010, 0x45F400, 0x7E3072, 0x0D1080,
    0x000126, 0x0266AE, 0x0266E7, 0x56F000, 0x00004B, 0x45F000, 0x000043, 0x44F460,
    0x000614, 0x21C500, 0x46F4A0, 0x000620, 0x63F4E8, 0x101431, 0x219200, 0x21BB00,
    0x61F400, 0x000020, 0x65F400, 0x000030, 0x0A72C5, 0x141B23, 0x44F400, 0x815E23,
    0x5EEBA8, 0x02BEF4, 0x02C6B5, 0x21C644, 0x21E76C, 0x02BEE6, 0x02C6A7, 0x21C641,
    0x21E769, 0x240800, 0x64F400, 0x000010, 0x061080, 0x147106, 0x5E5CD2, 0x5F5CCA,
    0x026EBE, 0x026EF7, 0x64F400, 0x000010, 0x45F400, 0x7D4B22, 0x0D1080, 0x0000F7,
    0x026EAE, 0x026EE7, 0x44F400, 0x19999A, 0x038EC4, 0x60F400, 0x000010, 0x0246FE,
    0x0140C0, 0x0020C5, 0x02469F, 0x0246B9, 0x21C600, 0x024E9E, 0x024EB8, 0x44D800,
    0x061080, 0x147124, 0x21E58A, 0x44D8EE, 0x21C5E2, 0x2000E6, 0x21E400, 0x024684,
    0x0246A9, 0x21C400, 0x024E84, 0x024EA8, 0x0140C2, 0x000001, 0x0C1E01, 0x0C1E26,
    0x218400, 0x0141C0, 0x000200, 0x219100, 0x20003E, 0x0A71C9, 0x1444C6, 0x0C1DA3,
    0x2E6000, 0x200014, 0x202B13, 0x0C1C0E, 0x200011, 0x0C1C17, 0x0140C6, 0x0007FF,
    0x200036, 0x219200, 0x21A400, 0x0A72CE, 0x1407FF, 0x0C1E69, 0x0C1D99, 0x5F7000,
    0x0000FF, 0x61F400, 0x000010, 0x65F400, 0x000030, 0x62F400, 0x000020, 0x44F400,
    0x7FFFF8, 0x028EDF, 0x0140CD, 0x000001, 0x0D104A, 0x000006, 0x0B76CE, 0x0000AF,
    0x0C1D10, 0x21C400, 0x028EF5, 0x2000A0, 0x21C400, 0x029EF5, 0x2000A0, 0x028EEE,
    0x4DF000, 0x0000FF, 0x21C400, 0x2000A0, 0x027EFF, 0x029EB4, 0x029E95, 0x21C644,
    0x21E76C, 0x029EA6, 0x029E87, 0x21C641, 0x21E769, 0x240800, 0x64F400, 0x000010,
    0x061080, 0x147172, 0x5E5CD2, 0x5F5CCA, 0x44D900, 0x64F400, 0x000010, 0x4DDC00,
    0x0296D7, 0x061080, 0x147180, 0x44DDA0, 0x0C1D18, 0x4EDCC8, 0x4DDC00, 0x21E400,
    0x44D9D2, 0x565A00, 0x46F400, 0x3FFFD6, 0x47F400, 0x941206, 0x44F400, 0x2E6F69,
    0x45F400, 0x8B8D50, 0x4E7000, 0x000030, 0x4F7000, 0x000031, 0x4C7000, 0x000032,
    0x4D7000, 0x000033, 0x46F400, 0x372839, 0x4E7000, 0x000034, 0x61F400, 0x000020,
    0x65F400, 0x000030, 0x0D1080, 0x000032, 0x61F400, 0x000030, 0x56D900, 0x57D900,
    0x060880, 0x1471A4, 0x5E5F00, 0xBAF900, 0x5F5F00, 0xBFF900, 0x05F420, 0xFFFFFF,
    0x05F422, 0xFFFFFF, 0x05F424, 0xFFFFFF, 0x00000C, 0x027694, 0x0276D7, 0x0276B6,
    0x0276F5, 0x64F400, 0x000030, 0x05F424, 0x000004, 0x0439F2, 0x0439E3, 0x446200,
    0x476300, 0xF19900, 0x061080, 0x1471C1, 0xF19AC0, 0xF19BC2, 0x4FDCC2, 0x4FDCB6,
    0xF199F6, 0x20C532, 0x181D00, 0x44E200, 0x47FA00, 0x027684, 0x0276C7, 0x0276A6,
    0x0276E5, 0x05F424, 0xFFFFFF, 0x00000C, 0x02D694, 0x02D6D7, 0x02D6B6, 0x02D6F5,
    0x61F400, 0x000020, 0x65F400, 0x000030, 0x64F400, 0x000030, 0x05F424, 0x000004,
    0x0439F2, 0x0439E3, 0x446200, 0x476300, 0xF19900, 0x061080, 0x1471E4, 0xF19AC0,
    0xF19BC2, 0x4FDCC2, 0x4FDCB6, 0xF199F6, 0x20C532, 0x181D00, 0x44E200, 0x47FA00,
    0x02D684, 0x02D6C7, 0x02D6A6, 0x02D6E5, 0x00000C, 0x61F400, 0x000030, 0x65F400,
    0x000020, 0x061080, 0x1471F3, 0x44D900, 0x445D00, 0x00000C, 0xF09900, 0x18DCD0,
    0x2000D6, 0x2000D6, 0xF099F6, 0x21E709, 0x060F80, 0x147201, 0x10DCD0, 0x445DD6,
    0x2000D6, 0xF099F6, 0x21E709, 0x565D00, 0x00000C, 0xF09900, 0x57FD00, 0x061080,
    0x14720C, 0x10DCD0, 0x575DD6, 0x57E5D6, 0x2087F6, 0xF09918, 0x575D00, 0x00000C,
    0x02DE94, 0x0141C0, 0x000015, 0x219400, 0x00000C, 0x22D000, 0x385800, 0x240000,
    0x025E84, 0x025EA4, 0x025EC4, 0x025EE4, 0x026684, 0x0266A4, 0x204800, 0x02D6A4,
    0x028EC4, 0x029684, 0x0296C4, 0x028684, 0x0286C4, 0x028E84, 0x0630A0, 0x445800,
    0x44F400, 0x000088, 0x0266E4, 0x44F400, 0x000080, 0x026EA4, 0x026EE4, 0x0276A4,
    0x0276E4, 0x027EA4, 0x027EE4, 0x44F400, 0x14A000, 0x02BE84, 0x02C6C4, 0x00000C,
    0x022EBE, 0x02D6BF, 0x0140C5, 0x400000, 0x20211B, 0x02D6AF, 0x00000C, 0x44F400,
    0x17C6F9, 0x218700, 0x210600, 0x0127AD, 0x0124A4, 0x497000, 0x000040, 0x46F400,
    0x004074, 0x200055, 0x202151, 0x0C1E01, 0x0C1E26, 0x21C400, 0x56F400, 0x2B1100,
    0x00FEB9, 0x0618A0, 0x018040, 0x210E00, 0x015D88, 0x0C1E26, 0x480000, 0x0226FE,
    0x0C1C12, 0x02D6B4, 0x200040, 0x0226BF, 0x02D6AC, 0x218600, 0x200058, 0x258000,
    0x20002A, 0x0140CD, 0x400000, 0x202168, 0x20003A, 0x202B3E, 0x029EAF, 0x488000,
    0x57F400, 0x0147AE, 0x029EB6, 0x0141DA, 0x7D70A4, 0x218500, 0x210400, 0x21E609,
    0x460100, 0x012785, 0x01248E, 0x20001C, 0x029ECC, 0x029EE8, 0x02AE8D, 0x02AEA9,
    0x0216F7, 0x0127BC, 0x0124B7, 0x0C1C8D, 0x200028, 0x202B1B, 0x01278C, 0x012487,
    0x0C1C0C, 0x200020, 0x490000, 0x468100, 0x218500, 0x210400, 0x200009, 0x012785,
    0x01248E, 0x20001C, 0x02A68C, 0x02A6A8, 0x02AECD, 0x02AEE9, 0x428000, 0x468100,
    0x498000, 0x012785, 0x01248E, 0x20001C, 0x02A6CC, 0x02A6E8, 0x02B68D, 0x02B6A9,
    0x44F400, 0x19999A, 0x038EC4, 0x021EB7, 0x0141F8, 0x200000, 0x021EF7, 0x0141F0,
    0x200000, 0x02CEAE, 0x02BEEF, 0x308000, 0x0501A0, 0x029ED5, 0x029EF4, 0x425800,
    0x02AE95, 0x02AEB4, 0x426000, 0x0B76D0, 0x00001D, 0x025E9F, 0x025EB9, 0x310000,
    0x48D800, 0x48D800, 0x20000D, 0x202709, 0x0D03D3, 0x0B7690, 0x00001D, 0x025E8D,
    0x025EA9, 0x05F420, 0xFFFFFF, 0x378000, 0x0501A7, 0x44F400, 0x000040, 0x46F400,
    0x070A3D, 0x4E5F00, 0x46F400, 0xF8F5C3, 0x0266FE, 0x4E6700, 0x22D000, 0x22D300,
    0x21D800, 0x015080, 0x0140C5, 0x000098, 0x202A44, 0x0B76D7, 0x00001A, 0x0266EE,
    0x21DB00, 0x204800, 0x250000, 0x0610A0, 0x455800, 0x204B00, 0x0D03AA, 0x0B7697,
    0x00001A, 0x308000, 0x0501A0, 0x02A695, 0x02A6B4, 0x425800, 0x02AED5, 0x02AEF4,
    0x426000, 0x0B76D0, 0x00001E, 0x025EDF, 0x025EF9, 0x310000, 0x48D800, 0x48D800,
    0x20000D, 0x202709, 0x0D03D3, 0x0B7690, 0x00001E, 0x025ECD, 0x025EE9, 0x05F420,
    0xFFFFFF, 0x378000, 0x0501A7, 0x0216B4, 0x46F400, 0x070A3D, 0x2000D0, 0x5E5F00,
    0x200036, 0x5E6700, 0x0B76D7, 0x00001B, 0x0D03AA, 0x0B7697, 0x00001B, 0x308000,
    0x0501A0, 0x02A6D5, 0x02A6F4, 0x425800, 0x02B695, 0x02B6B4, 0x426000, 0x0B76D0,
    0x00001F, 0x02669F, 0x0266B9, 0x310000, 0x48D800, 0x48D800, 0x20000D, 0x202709,
    0x0D03D3, 0x0B7690, 0x00001F, 0x02668D, 0x0266A9, 0x05F420, 0xFFFFFF, 0x378000,
    0x0501A7, 0x0216B4, 0x46F400, 0x070A3D, 0x2000D0, 0x5E5F00, 0x200036, 0x5E6700,
    0x0B76D7, 0x00001C, 0x0D03AA, 0x0B7697, 0x00001C, 0x05F427, 0xFFFFFF, 0x45F400,
    0x333333, 0x47F400, 0x000054, 0x227000, 0x310000, 0x05F420, 0xFFFFFF, 0x0461A0,
    0x0296DE, 0x44D800, 0x061080, 0x147334, 0x1819A2, 0x44D8B6, 0x0296CE, 0x0366D5,
    0x0141E0, 0x080000, 0x0140C0, 0xFFFF80, 0x202B13, 0x44F400, 0x00063F, 0x200045,
    0x202741, 0x0A76D2, 0x000033, 0x02CECE, 0x0A7692, 0xFFFFE6, 0x56F400, 0x7FFFFF,
    0x0A72C5, 0x1435C6, 0x21C464, 0x200040, 0x200022, 0x300000, 0x221100, 0x21C700,
    0x028EDE, 0x0296B4, 0x0C1D05, 0x061080, 0x147357, 0x1098C6, 0x2000C2, 0x5759E6,
    0x0C1D05, 0x0296A4, 0x028ECE, 0x0416D5, 0x060280, 0x147395, 0x48F000, 0x000040,
    0x200022, 0x49E500, 0x487000, 0x000040, 0x485D00, 0x200014, 0x0C1C08, 0x311000,
    0x218700, 0x210600, 0x200001, 0x49E500, 0x44F400, 0x001FFF, 0x45F400, 0x14A000,
    0x061080, 0x147374, 0x200030, 0x495918, 0x20004E, 0x200068, 0x311000, 0x223400,
    0x556500, 0x595D00, 0x62D900, 0x05F422, 0x001FFF, 0x0460A2, 0x330000, 0x4FDD00,
    0x4EDC00, 0x45DA00, 0x60D900, 0x060880, 0x147391, 0x012796, 0x44E260, 0x62D960,
    0x01268D, 0xF49822, 0x0127B6, 0x44E068, 0x60D968, 0x0126AD, 0x189B2A, 0x1E93B2,
    0xF49ACA, 0x565B00, 0x575B00, 0x05F420, 0xFFFFFF, 0x05F422, 0xFFFFFF, 0x67F400,
    0x000100, 0x300000, 0x56D800, 0x57D800, 0x060880, 0x1473A0, 0x5E5F00, 0xBAF800,
    0x5F5F00, 0xBFF800, 0x00000C, 0x240000, 0x251000, 0x0246A4, 0x0246E4, 0x025EE4,
    0x0266A4, 0x038EC5, 0x00000C, 0x240000, 0x0266E4, 0x021EFE, 0x0140C5, 0x400000,
    0x0D1048, 0x000004, 0x025EE4, 0x0266A4, 0x00000C, 0x000000, 0x00000C, 0x000000,
    0x00000C, 0x05F420, 0xFFFFFF, 0x05F421, 0xFFFFFF, 0x05F422, 0xFFFFFF, 0x05F423,
    0xFFFFFF, 0x05F424, 0xFFFFFF, 0x05F425, 0xFFFFFF, 0x05F426, 0xFFFFFF, 0x05F427,
    0xFFFFFF, 0x44F400, 0x002F8E, 0x218700, 0x210600, 0x01278D, 0x012484, 0x000000,
    0x024EAC, 0x024EE8, 0x0226BE, 0x0140C5, 0x2AAAAA, 0x0D1049, 0x00003B, 0x0140C5,
    0x555555, 0x0D1049, 0x000009, 0x03FEDE, 0x200003, 0x0D1042, 0x00000F, 0x03FEFE,
    0x0D10C0, 0x00000C, 0x0226FE, 0x200003, 0x0D104A, 0x00002C, 0x21C400, 0x45F400,
    0x001A00, 0x2000A0, 0x0140C0, 0x001000, 0x0C1C17, 0x0140C6, 0x0007FF, 0x21D200,
    0x21E400, 0x0A72CE, 0x140000, 0x0C1C14, 0x0C1E48, 0x46F400, 0x020B40, 0x21C400,
    0x2000D0, 0x0C1D18, 0x21C400, 0x56F400, 0x00AC44, 0x00FEB9, 0x0611A0, 0x018040,
    0x2C0000, 0x0C1C08, 0x210700, 0x20001B, 0x0246B9, 0x0246FD, 0x260000, 0x0266FE,
    0x0140C0, 0x000001, 0x200075, 0x202151, 0x202159, 0x0266EE, 0x0246A9, 0x0246ED,
    0x200013, 0x025EFC, 0x021EBF, 0x0C1ED5, 0x200010, 0x025EEC, 0x0216FE, 0x20001B,
    0x025EFD, 0x200018, 0x0140CD, 0x7FFFFF, 0x0D104F, 0x000009, 0x200013, 0x54F400,
    0xFFFFFF, 0x200014, 0x200003, 0x202B36, 0x200009, 0x21E400, 0x0141C8, 0x000200,
    0x0140C8, 0x000200, 0x027EED, 0x0286A9, 0x20002B, 0x0286ED, 0x0216BE, 0x21C400,
    0x45F400, 0x000020, 0x2000A0, 0x21C400, 0x45F400, 0x000080, 0x50F400, 0x101D7B,
    0x2000A2, 0x0256A8, 0x20001B, 0x0246BD, 0x0246F9, 0x200013, 0x024EBC, 0x024EF8,
    0x60F400, 0x000000, 0x027EF4, 0x46F400, 0x000200, 0x064080, 0x14744A, 0x555800,
    0x515800, 0x200018, 0x20004D, 0x20215C, 0x0246AD, 0x0246E9, 0x0B76D0, 0x000014,
    0x221300, 0x61F400, 0x000000, 0x62F400, 0x1473B4, 0x65F400, 0x1473B5, 0x64F400,
    0x000000, 0x064080, 0x147475, 0x57DC13, 0x20002B, 0x200037, 0x21F800, 0x219A00,
    0x219D00, 0x0286F5, 0x47F400, 0x000100, 0x44EA00, 0x4EED00, 0x200018, 0x20006D,
    0x20217C, 0x45DC00, 0x21FB00, 0x5EE800, 0x0C1E18, 0x57F400, 0xFFFFFF, 0x218400,
    0x5EEB6C, 0x0C1E1A, 0x21E700, 0x218600, 0x012784, 0x01268E, 0x5E5900, 0x64F400,
    0x000000, 0x65F400, 0x0000F0, 0x0509A5, 0x3D0200, 0x61F400, 0x0000F0, 0x62F400,
    0x0000F2, 0x63F400, 0x0000F4, 0x02A6BE, 0x02A6FF, 0x02018E, 0x0201CF, 0x02AEBE,
    0x02AEFF, 0x02028E, 0x02B6BE, 0x0202CF, 0x02038E, 0x46F400, 0x3CE85F, 0x4E5D00,
    0x46F400, 0xF9F156, 0x4E5D00, 0x46F400, 0x939958, 0x4E5D00, 0x46F400, 0x04D33E,
    0x4E5D00, 0x46F400, 0x36F789, 0x4E5D00, 0x46F400, 0x11B451, 0x4E5D00, 0x46F400,
    0x9023EC, 0x4E5D00, 0x46F400, 0xEE4BAF, 0x4E5D00, 0x46F400, 0xC652AD, 0x4E5D00,
    0x46F400, 0x0D1E2D, 0x4E5D00, 0x45F400, 0x006186, 0x061080, 0x1474DD, 0xD0B900,
    0xD0B1D4, 0xF119D6, 0x200032, 0xD0BAF3, 0x060280, 0x1474C0, 0xD0B2DC, 0x445ADE,
    0x56513A, 0xD0A3FB, 0x000000, 0x5752DC, 0x20003A, 0xD0B9FB, 0xD0B1D4, 0xF119D6,
    0x576332, 0xD0BAF3, 0xD0B2DC, 0x445ADE, 0x56513A, 0xD0A3FB, 0x000000, 0x5752DC,
    0x20003A, 0xF0B9FB, 0x000000, 0xFC23D4, 0xF0B1D8, 0xF039D6, 0x4FDC32, 0x2000F3,
    0xF0BADA, 0xF831D4, 0xF0B2DA, 0xF03AD6, 0x200032, 0x2000F3, 0xF0A3DA, 0xF832D4,
    0x200032, 0x2000F3, 0x2000DA, 0x0C1D8B, 0x000000, 0xBB6300, 0x5F5F00, 0x02019E,
    0x0201DF, 0x02A6AE, 0x02A6EF, 0x02029E, 0x0202DF, 0x02AEAE, 0x02039E, 0x02AEEF,
    0x02B6AE, 0x00000C, 0x240000, 0x0246A4, 0x0246E4, 0x00000C, 0x0206FE, 0x0140C0,
    0x000055, 0x21C400, 0x0141C0, 0x00C000, 0x21C400, 0x0141C0, 0x055559, 0x21C500,
    0x026EEE, 0x0141E0, 0x00000C, 0x210500, 0x208E00, 0x200064, 0x219800, 0x219900,
    0x60F400, 0x147632, 0x61F400, 0x147633, 0x4CE800, 0x5FE900, 0x0140CC, 0x000001,
    0x20004C, 0x0216F6, 0x21E700, 0x2000B0, 0x200023, 0x21C600, 0x200040, 0x0256AE,
    0x20005C, 0x0256EF, 0x44F400, 0x7FFFFF, 0x025EA4, 0x240000, 0x0246A4, 0x0246E4,
    0x0226BE, 0x0140C0, 0x008000, 0x21C600, 0x47F400, 0x7FFFFF, 0x0141D0, 0x000080,
    0x0140C5, 0x00007F, 0x202171, 0x0266EE, 0x46F400, 0x7FFFFF, 0x026EA6, 0x00000C,
    0x000000, 0x00000C, 0x000000, 0x00000C, 0x05F420, 0xFFFFFF, 0x05F421, 0xFFFFFF,
    0x05F422, 0xFFFFFF, 0x05F423, 0xFFFFFF, 0x05F424, 0xFFFFFF, 0x05F425, 0xFFFFFF,
    0x05F426, 0xFFFFFF, 0x05F427, 0xFFFFFF, 0x026EF4, 0x0141C0, 0x000200, 0x210C00,
    0x03DEB4, 0x0141C2, 0x00B000, 0x0140C4, 0x005800, 0x0216B4, 0x45F400, 0x002000,
    0x2000A2, 0x0140C0, 0x000D00, 0x0C1C17, 0x0140C6, 0x0007FF, 0x21D200, 0x21E400,
    0x0A72CE, 0x140000, 0x0C1C14, 0x0C1E48, 0x46F400, 0x01D22A, 0x21C400, 0x2000D0,
    0x0C1C06, 0x44F400, 0x002F8E, 0x218700, 0x210600, 0x01278D, 0x012484, 0x000000,
    0x024EAC, 0x024EE8, 0x20001B, 0x0246BD, 0x0246F9, 0x0266FE, 0x200003, 0x0D104A,
    0x00001C, 0x0226F4, 0x250600, 0x2000A0, 0x0140C0, 0x000C00, 0x218500, 0x44F400,
    0x7FFFFF, 0x260000, 0x026EBE, 0x200064, 0x202B41, 0x202B59, 0x026EAE, 0x0D1043,
    0x00000A, 0x0266FE, 0x44F400, 0x000001, 0x200044, 0x0266EE, 0x44F400, 0x7FFFFF,
    0x025EA4, 0x0246A9, 0x0246ED, 0x200013, 0x024EBC, 0x024EF8, 0x60F400, 0x000000,
    0x064080, 0x14758B, 0x555800, 0x515800, 0x200018, 0x025EBE, 0x200003, 0x0D104A,
    0x000004, 0x0246AD, 0x0246E9, 0x0B76D0, 0x000014, 0x221300, 0x61F400, 0x000000,
    0x62F400, 0x147527, 0x65F400, 0x147528, 0x64F400, 0x000000, 0x025EB4, 0x064080,
    0x1475BE, 0x57DC13, 0x0256F6, 0x20002B, 0x20005D, 0x202941, 0x025EAE, 0x200013,
    0x200037, 0x21F800, 0x200018, 0x219A00, 0x219D00, 0x21FB00, 0x44EA00, 0x4EED00,
    0x5EE800, 0x0C1E18, 0x57F400, 0xFFFFFF, 0x218400, 0x45DC00, 0x5EEB6C, 0x0C1E1A,
    0x21E700, 0x218600, 0x012784, 0x01268E, 0x025EB4, 0x21C500, 0x2000A0, 0x5E5900,
    0x64F400, 0x000000, 0x65F400, 0x0000F0, 0x0509A5, 0x3D0200, 0x61F400, 0x0000F0,
    0x62F400, 0x0000F2, 0x63F400, 0x0000F4, 0x027EBE, 0x027EFF, 0x02018E, 0x0201CF,
    0x0286BE, 0x0286FF, 0x02028E, 0x028EBE, 0x0202CF, 0x02038E, 0x46F400, 0x3CE85F,
    0x4E5D00, 0x46F400, 0xF9F156, 0x4E5D00, 0x46F400, 0x939958, 0x4E5D00, 0x46F400,
    0x04D33E, 0x4E5D00, 0x46F400, 0x36F789, 0x4E5D00, 0x46F400, 0x11B451, 0x4E5D00,
    0x46F400, 0x9023EC, 0x4E5D00, 0x46F400, 0xEE4BAF, 0x4E5D00, 0x46F400, 0xC652AD,
    0x4E5D00, 0x46F400, 0x0D1E2D, 0x4E5D00, 0x45F400, 0x006186, 0x061080, 0x147626,
    0xD0B900, 0xD0B1D4, 0xF119D6, 0x200032, 0xD0BAF3, 0x060280, 0x147609, 0xD0B2DC,
    0x445ADE, 0x56513A, 0xD0A3FB, 0x000000, 0x5752DC, 0x20003A, 0xD0B9FB, 0xD0B1D4,
    0xF119D6, 0x576332, 0xD0BAF3, 0xD0B2DC, 0x445ADE, 0x56513A, 0xD0A3FB, 0x000000,
    0x5752DC, 0x20003A, 0xF0B9FB, 0x000000, 0xFC23D4, 0xF0B1D8, 0xF039D6, 0x4FDC32,
    0x2000F3, 0xF0BADA, 0xF831D4, 0xF0B2DA, 0xF03AD6, 0x200032, 0x2000F3, 0xF0A3DA,
    0xF832D4, 0x200032, 0x2000F3, 0x2000DA, 0x0C1D8F, 0x000000, 0xBB6300, 0x5F5F00,
    0x02019E, 0x0201DF, 0x027EAE, 0x027EEF, 0x02029E, 0x0202DF, 0x0286AE, 0x02039E,
    0x0286EF, 0x028EAE, 0x00000C, 0x103E7B, 0x104211, 0x104634, 0x10598B, 0x10694C,
    0x10750C, 0x107D0D, 0x10810E, 0x1086A9, 0x108AAA, 0x109E33, 0x10B1BC, 0x10D1AB,
    0x10D7EB, 0x10DFED, 0x10EFA0, 0x10F7A1, 0x110F13, 0x1112EF, 0x1115BA, 0x111CBB,
    0x112442, 0x112C44, 0x11320F, 0x1134C4, 0x00000C, 0x240000, 0x039EC4, 0x022EF4,
    0x200080, 0x45D800, 0x21C400, 0x45D8A0, 0x0C1D04, 0x45D8A8, 0x0C1D85, 0x061080,
    0x14765B, 0xB6F8A0, 0x0C1D04, 0xB7F8A8, 0x0C1D85, 0x064086, 0x14765F, 0x000000,
    0x000000, 0x00000C, 0x50F400, 0x114000, 0x4DF000, 0x000124, 0x0141E2, 0x002000,
    0x210400, 0x0246A4, 0x248000, 0x0246C4, 0x240000, 0x024E84, 0x0216B4, 0x0141C0,
    0xFFFC20, 0x0276CE, 0x44F400, 0x14A000, 0x026EE4, 0x240000, 0x0286E4, 0x0286A4,
    0x0276E4, 0x028E84, 0x028EA4, 0x00000C, 0x240000, 0x039EC4, 0x57F400, 0x7FFFFF,
    0x0286FE, 0x0140C5, 0x000080, 0x0D1041, 0x000005, 0x0140C0, 0x000001, 0x20001B,
    0x0286EE, 0x0286AF, 0x64F400, 0x000000, 0x022EF4, 0x200080, 0x45D800, 0x21C400,
    0x45D8A0, 0x0C1D04, 0x45D8A8, 0x0C1D85, 0x061080, 0x147698, 0xB698A0, 0x0C1D04,
    0xB798A8, 0x0C1D85, 0x021EB4, 0x200080, 0x21C400, 0x0141C0, 0x000956, 0x60F400,
    0x000020, 0x221400, 0x21C400, 0x0246DE, 0x024E9F, 0x21C500, 0x0AF974, 0x061080,
    0x1476A9, 0x1E18AE, 0x165CD2, 0x0AF954, 0x0246CE, 0x024E8F, 0x0296BE, 0x0226F6,
    0x21C700, 0x0141D2, 0x028F5C, 0x0141F2, 0xFD70A4, 0x0296AE, 0x21C600, 0x0141D0,
    0x000800, 0x21D000, 0x0A70CE, 0x14A000, 0x0A70CF, 0x14A800, 0x0296F4, 0x029EB5,
    0x0296EF, 0x029EAE, 0x200064, 0x20004C, 0x21C661, 0x21E749, 0x240800, 0x60F400,
    0x000080, 0x061080, 0x1476CB, 0x5E60D2, 0x5758CA, 0x65F400, 0x000080, 0x60F400,
    0x000020, 0x221400, 0x61F400, 0x000050, 0x223200, 0x46E500, 0xF1B800, 0x061080,
    0x1476DD, 0x4DDCD0, 0x2000F2, 0x46E5E8, 0xF1B8CE, 0x565900, 0x5F5A00, 0x61F400,
    0x000020, 0x60F400, 0x000050, 0x63F400, 0x000030, 0x62F400, 0x000060, 0x26C000,
    0x47F400, 0x6ED9EC, 0x44E100, 0x061080, 0x1476F1, 0x4DD9D0, 0x44E0F2, 0x4DD8D8,
    0x44E1FA, 0x565B00, 0x575A00, 0x26C000, 0x47F400, 0x912614, 0x61F400, 0x000020,
    0x60F400, 0x000050, 0x44E100, 0x061080, 0x147701, 0x4DD9D0, 0x44E0F2, 0x4DD8D8,
    0x44E1FA, 0x565B00, 0x575A00, 0x0216B4, 0x0141C0, 0xFFFC20, 0x0140C0, 0xFFFFF0,
    0x0276DF, 0x0276F9, 0x497000, 0x0000FF, 0x21C400, 0x21E500, 0x0141CA, 0x028F5C,
    0x0141EA, 0xFD70A4, 0x0276CD, 0x0276E9, 0x028E9E, 0x028EB8, 0x0216F4, 0x21C500,
    0x0141C2, 0xFD70A4, 0x0141E2, 0xFD70A4, 0x028E8C, 0x028EA8, 0x0140CC, 0xFFFFF0,
    0x0C1D91, 0x21C500, 0x21E400, 0x2000A0, 0x028EF4, 0x028EEE, 0x47F444, 0x080000,
    0x21C641, 0x63F400, 0x000080, 0x050FA3, 0x061080, 0x14772D, 0x565BB2, 0x61F400,
    0x000020, 0x62F400, 0x00001F, 0x0276DF, 0x0276F9, 0x43F000, 0x0000FF, 0x20003C,
    0x0140C8, 0x000010, 0x0C1C89, 0x21A700, 0x212600, 0x48E200, 0x45D900, 0x44DB00,
    0x060680, 0x147749, 0x49F000, 0x0000FF, 0x061080, 0x147748, 0x485AA0, 0x0C1C10,
    0x45D910, 0x44DB38, 0x000000, 0x485A00, 0x05F423, 0xFFFFFF, 0x0B76D0, 0x000010,
    0x05F420, 0x0007FF, 0x0464A0, 0x220E00, 0x0140C0, 0x000800, 0x21D100, 0x62F400,
    0x000020, 0x63F400, 0x000080, 0x060280, 0x147769, 0x70E200, 0x044814, 0x063080,
    0x147768, 0x4FDA00, 0x4CDC00, 0x4DDC00, 0x01278F, 0x012694, 0x70E222, 0x200040,
    0x044814, 0x565B00, 0x223000, 0x05F424, 0xFFFFFF, 0x05F420, 0xFFFFFF, 0x64F400,
    0x00003E, 0x60F400, 0x000080, 0x055FA0, 0x381000, 0x47F400, 0x2AAAAB, 0x0286B4,
    0x2000C0, 0x45C800, 0x21C700, 0x061080, 0x147782, 0xB688F0, 0x45C8F2, 0x45C8F2,
    0xB788F8, 0x45C8FA, 0x2058FA, 0x45C800, 0x5E5C00, 0x5F5C00, 0x05F420, 0xFFFFFF,
    0x62F400, 0x144AC7, 0x022EBF, 0x0C1CA1, 0x65F400, 0x000040, 0x64F400, 0x000060,
    0x21FA00, 0x027EBE, 0x027EFF, 0x60F400, 0x000000, 0x44EA00, 0x4FDD00, 0x061080,
    0x14779B, 0x165CC2, 0x4FDDA6, 0x1F5CCA, 0x4FDDAE, 0x027EAE, 0x027EEF, 0x64F400,
    0x000000, 0x65F400, 0x000060, 0x3C0200, 0x239D00, 0x0246BE, 0x21D000, 0x0140C0,
    0x000800, 0x05F420, 0x0007FF, 0x0461A0, 0x21D100, 0x0226BE, 0x200036, 0x0140C4,
    0x00FD71, 0x57F400, 0x7FFFFF, 0x20001C, 0x20002A, 0x21C500, 0x21E400, 0x4ECC00,
    0x061080, 0x1477BB, 0x4ECDD0, 0x4ECCE2, 0x565800, 0x64F400, 0x000001, 0x65F400,
    0x000061, 0x0B7690, 0x000010, 0x4ECC00, 0x061080, 0x1477C7, 0x4ECDD0, 0x4ECCE2,
    0x565900, 0x05F420, 0xFFFFFF, 0x0461A0, 0x64F400, 0x000000, 0x65F400, 0x000040,
    0x021EF4, 0x56F400, 0x7FFFFF, 0x200044, 0x4EDC00, 0x21C500, 0x061080, 0x1477DC,
    0x4EDDE0, 0x4EDCD2, 0x4EDDE8, 0x4EDCDA, 0x5E5F00, 0x5F5F00, 0x00000C, 0x44F400,
    0x0020C5, 0x0246A4, 0x240000, 0x0246E4, 0x024EA4, 0x024EE4, 0x00000C, 0x240000,
    0x039EC4, 0x64F400, 0x000000, 0x022EF4, 0x200080, 0x45D800, 0x21C400, 0x45D8A0,
    0x0C1D04, 0x45D8A8, 0x0C1D85, 0x061080, 0x1477F7, 0xB698A0, 0x0C1D04, 0xB798A8,
    0x0C1D85, 0x64F400, 0x000000, 0x60F400, 0x000061, 0x4EDC00, 0x061080, 0x147801,
    0x4EDC90, 0xFC1898, 0x200015, 0x575800, 0x022EB4, 0x0141C8, 0x000080, 0x60F400,
    0x000062, 0x221100, 0x21F400, 0x0256DE, 0x0256F8, 0x0A74C6, 0x1446C6, 0x44D800,
    0x061080, 0x147813, 0x21C4D2, 0x44D8D6, 0x485900, 0x21C400, 0x0256C4, 0x0256E8,
    0x60F400, 0x000062, 0x63F400, 0x000062, 0x65F400, 0x000080, 0x061080, 0x147849,
    0x48DB00, 0x0140C2, 0x000001, 0x0C1E01, 0x0C1E26, 0x218400, 0x0141C0, 0x000200,
    0x219100, 0x20003E, 0x0A71C9, 0x1444C6, 0x0C1DA3, 0x021EB4, 0x0141C0, 0xD00000,
    0x0140C0, 0x320000, 0x21E61C, 0x21C700, 0x2E4000, 0x0226B5, 0x0141E2, 0xC04000,
    0x200032, 0x21E400, 0x21C500, 0x2000A0, 0x200070, 0x200054, 0x202B13, 0x0C1C0E,
    0x200011, 0x0C1C17, 0x0140C6, 0x0007FF, 0x200036, 0x219200, 0x21A400, 0x0A72CE,
    0x1407FF, 0x0C1E69, 0x575800, 0x0216B4, 0x0141C8, 0x000080, 0x0216F4, 0x21F400,
    0x0141C8, 0x000080, 0x21F000, 0x63F400, 0x0000FD, 0x62F400, 0x0000FE, 0x61F400,
    0x0000FF, 0x65F400, 0x000080, 0x0A74CE, 0x1446C6, 0x0A70CF, 0x144746, 0x64F400,
    0x000062, 0x566200, 0x576100, 0x0246FE, 0x0246DF, 0x061080, 0x14786F, 0x47E400,
    0x44E200, 0x20007D, 0x0D1041, 0x000003, 0x44E100, 0x200079, 0x21C7C2, 0x2000C6,
    0x565C00, 0x0246EE, 0x0246CF, 0x60F400, 0x000062, 0x65F400, 0x000040, 0x64F400,
    0x000000, 0xF09800, 0x061080, 0x14787E, 0x4FDCD0, 0xF098C8, 0x5E5D00, 0x5F5D00,
    0x65F400, 0x000040, 0x64F400, 0x000000, 0x56F400, 0x7FFFFF, 0x021EF4, 0x200044,
    0x0226F6, 0x200098, 0x21C500, 0x21E700, 0x0141F8, 0x7F8000, 0x0140C8, 0x008000,
    0x21E700, 0x2000C0, 0x4EDD00, 0x21C400, 0x061080, 0x14789C, 0x4EDDD0, 0x0C1D10,
    0x4EDCD8, 0x0C1D91, 0x4EDCE2, 0x4EDDEA, 0x5E5F00, 0x5F5F00, 0x00000C, 0x023EA4,
    0x200013, 0x22D000, 0x22D100, 0x385800, 0x391400, 0x0A768E, 0x000055, 0x0B768E,
    0x000055, 0x204800, 0x204900, 0x0A768E, 0x000057, 0x0630A0, 0x565800, 0x0641A0,
    0x485900, 0x44F400, 0x000088, 0x0A7684, 0x000056, 0x44F400, 0x000080, 0x0B7684,
    0x000056, 0x0246C4, 0x44F400, 0x000040, 0x56F000, 0xFFFFEE, 0x0140C6, 0xFFFFFE,
    0x0140C4, 0x000022, 0x0140C5, 0x000100, 0x202940, 0x0246EE, 0x00000C, 0x00000C,
    0x240000, 0x039EC4, 0x487000, 0x0000FF, 0x607000, 0x0000FE, 0x48F000, 0x0000FF,
    0x46F400, 0x004074, 0x200055, 0x021050, 0x0C1E01, 0x0C1E26, 0x21C400, 0x56F400,
    0x2B1100, 0x00FEB9, 0x0618A0, 0x018040, 0x210E00, 0x0140C8, 0x00001D, 0x0C1E26,
    0x487000, 0x0000FD, 0x0A76CF, 0x000055, 0x0B76C9, 0x000055, 0x20003A, 0x0C1D91,
    0x43F000, 0x0000FF, 0x44F400, 0x17C6F9, 0x01278D, 0x012484, 0x21A700, 0x212600,
    0x02469F, 0x0246B9, 0x02468C, 0x0246A8, 0x200014, 0x0C1C08, 0x497000, 0x0000FC,
    0x0C1D95, 0x487000, 0x0000FB, 0x21A500, 0x212400, 0x2000F8, 0x0C1D89, 0x0B76CE,
    0x000056, 0x44F400, 0x001000, 0x0140C5, 0x000080, 0x202A48, 0x44F400, 0x001FFF,
    0x45F400, 0x14A000, 0x0140CC, 0x000800, 0x20004E, 0x20004C, 0x20003E, 0x200068,
    0x61F400, 0x00007F, 0x023EBE, 0x023EF8, 0x023EAD, 0x023EE9, 0x200009, 0x48F000,
    0x0000FC, 0x061080, 0x14791C, 0x495918, 0x20004E, 0x200068, 0x495900, 0x61F400,
    0x000080, 0x223400, 0x65F400, 0x000063, 0x62D900, 0x05F422, 0x001FFF, 0x0463A2,
    0x4EDC00, 0x45DA00, 0x63D900, 0x060880, 0x147935, 0x012796, 0xB3A260, 0x62D960,
    0x01268D, 0xF49B22, 0x0127B6, 0xB2A368, 0x63D968, 0x0126AD, 0xF49A2A, 0x05F423,
    0xFFFFFF, 0x05F422, 0xFFFFFF, 0x5F5D00, 0x024E9E, 0x42F000, 0x0000FF, 0x024E85,
    0x024EB8, 0x024EA4, 0x45F400, 0x000017, 0x0C1D10, 0x43F000, 0x0000FD, 0x21C400,
    0x01278D, 0x012484, 0x0C1E01, 0x0C1E26, 0x20003E, 0x21C46C, 0x0A76C7, 0x000055,
    0x0B76C6, 0x000055, 0x01278D, 0x012484, 0x44F400, 0x5F1BE3, 0x218700, 0x210600,
    0x01278D, 0x012484, 0x0C1E26, 0x0A768C, 0x000055, 0x0B7688, 0x000055, 0x48F000,
    0x0000FD, 0x60F400, 0x000080, 0x0501A0, 0x200022, 0x485800, 0x486000, 0x0A76D0,
    0x000011, 0x0A76CF, 0x000055, 0x0B76C9, 0x000055, 0x310000, 0x0D1080, 0xEB8A66,
    0x0A7690, 0x000011, 0x0A768D, 0x000055, 0x0B7689, 0x000055, 0x05F420, 0xFFFFFF,
    0x67F400, 0x000080, 0x0501A7, 0x44F400, 0x000040, 0x46F400, 0x5AE148, 0x4E5F00,
    0x46F400, 0xA51EB8, 0x4E6700, 0x0A76CE, 0x000056, 0x22D000, 0x22D300, 0x21D800,
    0x0140C0, 0x000010, 0x0140C5, 0x000098, 0x202A44, 0x0B76D7, 0x000056, 0x0A768E,
    0x000056, 0x21DB00, 0x204800, 0x204B00, 0x250000, 0x0610A0, 0x455800, 0x05F420,
    0xFFFFFF, 0x0D1080, 0xEB8A12, 0x0B7697, 0x000056, 0x45F400, 0x2CCCCD, 0x47F400,
    0x000054, 0x227000, 0x61F400, 0x00000F, 0x05F420, 0xFFFFFF, 0x0236BE, 0x44D800,
    0x061080, 0x1479AA, 0x1819A2, 0x44D8B6, 0x0366D5, 0x0236AE, 0x565900, 0x0141E0,
    0x015555, 0x0140C4, 0x000002, 0x202B13, 0x46F400, 0x0000FF, 0x200055, 0x202151,
    0x024EF7, 0x21D200, 0x61F400, 0x00000F, 0x223000, 0x0A72C4, 0x143D06, 0x024EE4,
    0x0216BF, 0x0140CC, 0x400000, 0x202B1B, 0x20003A, 0x21E400, 0x57F400, 0x7FFFFF,
    0x20004C, 0x0141C0, 0x19999A, 0x21E500, 0x21C400, 0x0236FE, 0x46D800, 0x061080,
    0x1479D3, 0x1C19B2, 0x2000B6, 0x46D8E8, 0x2000DA, 0x0366D5, 0x0236EE, 0x575900,
    0x0141E0, 0x080000, 0x0140C0, 0xFFFF80, 0x202B13, 0x44F400, 0x00063F, 0x200045,
    0x202741, 0x0A76D2, 0x000013, 0x024ECE, 0x56F400, 0x7FFFFF, 0x0A72C5, 0x1435C6,
    0x21C464, 0x200040, 0x200022, 0x60F400, 0x000010, 0x221100, 0x21C700, 0x0A76CE,
    0x000057, 0x0B76C4, 0x000057, 0x0C1D09, 0x061080, 0x1479F8, 0x1098C6, 0x2000C2,
    0x5F59E6, 0x0C1D09, 0x0B7684, 0x000057, 0x0A768E, 0x000057, 0x0B76D0, 0x000011,
    0x053FA0, 0x380200, 0x62F400, 0x000000, 0x0501A2, 0x0216BF, 0x0C1D83, 0x2E7F00,
    0x21E609, 0x0216F7, 0x200074, 0x21C55C, 0x64F400, 0x000064, 0x21E4E8, 0x2000A0,
    0x67F400, 0x000010, 0x05F427, 0xFFFFFF, 0x565A00, 0x575A00, 0x65F400, 0x00003E,
    0xF09A00, 0x4DDF00, 0x061080, 0x147A1F, 0xB2BAD0, 0xB3B8A2, 0x4DDF09, 0x44D8C2,
    0xF09ACA, 0x5E5D00, 0x5F5D00, 0x0B7690, 0x000011, 0x05F420, 0xFFFFFF, 0x05F422,
    0xFFFFFF, 0x60F000, 0x0000FE, 0x022EF4, 0x200080, 0x64F400, 0x000072, 0x61F400,
    0x000097, 0x62F400, 0x0000AA, 0x45D800, 0x21C400, 0x061080, 0x147A3B, 0xB698A0,
    0x5F5900, 0x0C1D04, 0xB798A8, 0x5E5A00, 0x0C1D85, 0x5E5C00, 0x5F5900, 0x5F5C00,
    0x67F400, 0x000000, 0x0501A7, 0x3E3400, 0x46F400, 0x000096, 0x4E5F00, 0x46F400,
    0x0000A9, 0x4E5F00, 0x044E13, 0x227200, 0x0BF080, 0x147AB7, 0x64F400, 0x000064,
    0x65F400, 0x000084, 0x44F400, 0x000008, 0x0BF080, 0x147AD4, 0x60F400, 0x000010,
    0x61F400, 0x00000D, 0x64F400, 0x000040, 0x021EFE, 0x05F427, 0xFFFFFF, 0x380200,
    0x231900, 0x21C522, 0x0B76C6, 0x000054, 0x0A76C7, 0x000054, 0x21C400, 0x061080,
    0x147A6D, 0xFC09D8, 0x2000DA, 0x5649E0, 0xFD08C8, 0x2000CA, 0x5648F0, 0x574900,
    0x565900, 0x0B7686, 0x000054, 0x0A7687, 0x000054, 0x2E7F00, 0x200064, 0x202B13,
    0x60F400, 0x000010, 0x65F400, 0x000064, 0x22B400, 0x21C500, 0x4EDD00, 0x4FDD00,
    0x44D800, 0x22D200, 0x66F400, 0x000097, 0x67F400, 0x0000A9, 0x061080, 0x147A8E,
    0xB2D8D0, 0x4EE6E2, 0xB3F8C8, 0x4FE7FA, 0xB298D0, 0x4EDDE2, 0xB398C8, 0x4FDDFA,
    0x5E5E00, 0x5F5F00, 0x225600, 0x67F400, 0x000000, 0x0501A7, 0x040E43, 0x227200,
    0x0BF080, 0x147AB7, 0x64F400, 0x000056, 0x65F400, 0x000076, 0x44F400, 0x000007,
    0x0BF080, 0x147AD4, 0x62F400, 0x000098, 0x63F400, 0x0000AA, 0x64F400, 0x000056,
    0x254000, 0x274000, 0x4CDA00, 0x67F400, 0x000100, 0x05F427, 0xFFFFFF, 0x061080,
    0x147AB5, 0x4EDCA0, 0x4CDBB2, 0x4EDCA8, 0x4CDABA, 0x5E5F00, 0x5F5F00, 0x00000C,
    0x380200, 0x231900, 0x231C00, 0x231D00, 0x44F400, 0x349CF2, 0x47F400, 0xD31FD6,
    0x0BF080, 0x147AE1, 0x47F400, 0x568EF0, 0x45F400, 0x1DAFA8, 0x0BF080, 0x147B03,
    0x44F400, 0x0075B6, 0x47F400, 0x188629, 0x0BF080, 0x147AE1, 0x47F400, 0xB39915,
    0x45F400, 0x170FCA, 0x0BF080, 0x147B03, 0x00000C, 0x56DA00, 0x57DA00, 0x06C400,
    0x147AD9, 0xBA9A00, 0xBF9A00, 0x5EDD00, 0x5FDD00, 0x06C400, 0x147ADF, 0xFA3B00,
    0xFF3B00, 0x00000C, 0x6CDF00, 0x6DDF00, 0x229000, 0x22B100, 0x48DA00, 0x49DA00,
    0x485C00, 0x495400, 0x21A500, 0x48DA00, 0x49DA00, 0x495500, 0x486500, 0x5EDC00,
    0x061080, 0x147AF8, 0x4EDCA6, 0xEC11D2, 0x46C8B2, 0x1FDDB6, 0x4EDDAE, 0xE830DA,
    0x46C9BA, 0x16DCBE, 0x48D800, 0x575100, 0x49D800, 0x485B00, 0x495B00, 0x48D900,
    0x49E100, 0x485B00, 0x495B00, 0x00000C, 0x68DF00, 0x69DF00, 0x221400, 0x223500,
    0x48DA00, 0x49DA00, 0x485800, 0x495000, 0x212600, 0x48DA00, 0x49DA00, 0x495100,
    0x486100, 0x212F00, 0x56D800, 0x061080, 0x147B1B, 0x44D8B6, 0xA3B0C2, 0x4CCCA2,
    0x1E99A6, 0x44D9BE, 0xA291CA, 0x4CCDAA, 0x1898AE, 0x48DC00, 0x5F5500, 0x49DC00,
    0x485B00, 0x495B00, 0x48DD00, 0x49E500, 0x485B00, 0x495B00, 0x00000C, 0x00000C,
    0x240000, 0x039EC4, 0x022EF4, 0x200080, 0x45D800, 0x21C400, 0x45D8A0, 0x0C1D04,
    0x45D8A8, 0x0C1D85, 0x061080, 0x147B36, 0xB6F8A0, 0x0C1D04, 0xB7F8A8, 0x0C1D85,
    0x00000C, 0x200013, 0x3E3200, 0x0266CE, 0x0266EE, 0x02A6CE, 0x02A6EE, 0x044E10,
    0x0605A0, 0x485800, 0x267E00, 0x0216BE, 0x200056, 0x0C1C0C, 0x021EBF, 0x20005E,
    0x0C1C8D, 0x026EAC, 0x02AEAD, 0x026EEC, 0x02AEED, 0x0216F5, 0x0141E0, 0x408102,
    0x44F432, 0x7FFFFF, 0x0276A4, 0x02B6A4, 0x02DEEE, 0x00000C, 0x00000C, 0x0226F4,
    0x0141C9, 0x000080, 0x480000, 0x21B000, 0x0216FE, 0x200032, 0x0140C0, 0x800000,
    0x57F426, 0x7FFFFF, 0x20001C, 0x0A70CE, 0x101BFB, 0x21E400, 0x0A70CF, 0x101CFB,
    0x0140CC, 0x400000, 0x0140C4, 0x400000, 0x21E600, 0x21C700, 0x2000D8, 0x2000C0,
    0x0140C8, 0x400000, 0x0140C0, 0x400000, 0x21E700, 0x21C600, 0x428000, 0x012785,
    0x01258E, 0x267E32, 0x0127AC, 0x0125A7, 0x48003A, 0x026EB4, 0x0216BE, 0x490156,
    0x0C1C0D, 0x20004D, 0x05A40A, 0x0276BE, 0x0140C5, 0x7FFF00, 0x059406, 0x026EB4,
    0x026EAF, 0x026EE4, 0x240000, 0x0276A4, 0x021EBF, 0x20005E, 0x0C1C8D, 0x02AEB4,
    0x20004D, 0x05A40A, 0x02B6BE, 0x0140C5, 0x7FFF00, 0x059406, 0x02AEB4, 0x02AEAF,
    0x02AEE4, 0x240000, 0x02B6A4, 0x020EB6, 0x45F400, 0x7EB852, 0x44F400, 0x008000,
    0x021EFE, 0x20C745, 0x057402, 0x20A600, 0x0C1C20, 0x021EFF, 0x21D04D, 0x057402,
    0x20A700, 0x0C1CA1, 0x45F400, 0x021D10, 0x21F100, 0x0A70C4, 0x144C49, 0x2000D8,
    0x0A71C4, 0x144C49, 0x21A7C0, 0x212600, 0x0127A6, 0x0124AF, 0x0C1D97, 0x218700,
    0x210600, 0x012786, 0x01248F, 0x0C1D16, 0x027ECF, 0x027EE9, 0x02BECE, 0x02BEE8,
    0x45F400, 0x147CE0, 0x381400, 0x040E04, 0x231B00, 0x3C0A00, 0x31F800, 0x320000,
    0x060280, 0x147BE4, 0x43DA00, 0x44F400, 0x017C70, 0x0127AD, 0x0124A4, 0x0C1E02,
    0x44F460, 0x01AA17, 0x496400, 0x21D000, 0x0127AD, 0x0124A4, 0x0C1E02, 0x49DC60,
    0x46C800, 0x21D300, 0x0C1E7A, 0xB08800, 0x485900, 0x4C5C00, 0x46E000, 0xB08B00,
    0x56CB00, 0x0C1E79, 0x4C5C00, 0xB28300, 0x4C4C00, 0x495900, 0x63F400, 0x1407FF,
    0x0226B5, 0x0141E1, 0x006000, 0x0C1C17, 0x0140C6, 0x0007FF, 0x219236, 0x21A400,
    0x219B00, 0x0A72CE, 0x140000, 0x0C1C1A, 0x0C1E48, 0x57EB00, 0x0C1C91, 0x0C1E79,
    0x02C68C, 0x02C6A8, 0x02C6CD, 0x02C6E9, 0x040E07, 0x3FF800, 0x316000, 0x3B8100,
    0x050891, 0x48F000, 0x0000F8, 0x306100, 0x318200, 0x348000, 0x050859, 0x63F400,
    0x1407FF, 0x022EB5, 0x0141E1, 0x006000, 0x0C1C17, 0x0140C6, 0x0007FF, 0x219236,
    0x21A400, 0x219B00, 0x0A72CE, 0x140000, 0x0C1C1A, 0x0C1E48, 0x57EB00, 0x0C1C91,
    0x0C1E79, 0x02C68C, 0x02C6A8, 0x02C6CD, 0x02C6E9, 0x041607, 0x3FFA00, 0x318000,
    0x3BA100, 0x050850, 0x48F000, 0x0000FA, 0x308100, 0x31A200, 0x341F00, 0x050818,
    0x300000, 0x0216F5, 0x0141E0, 0x2A9296, 0x371F32, 0x02DEF4, 0x02DEEE, 0x342044,
    0x0C1C0A, 0x358100, 0x21C749, 0x44F400, 0x547AE1, 0x062080, 0x147C3A, 0x1CDC78,
    0xF820E0, 0x45E0E6, 0x4D5FD2, 0x0C1D04, 0x041E26, 0x5E5F00, 0x0C0458, 0x0C1E01,
    0x0C1E26, 0x0140C4, 0x780000, 0x202913, 0x0C1D08, 0x57F400, 0x7FFFFF, 0x16E41C,
    0x139800, 0x061080, 0x147C4D, 0x44D9C8, 0xB298AA, 0x44D9C0, 0xB398A2, 0x5E5C00,
    0x00000C, 0x022FBF, 0x022FFE, 0x020FB4, 0x320048, 0x21A540, 0x0227DF, 0x0227F9,
    0x0207F4, 0x0C1E79, 0x020FF4, 0x47F400, 0x000000, 0x268048, 0x23F03C, 0x21874E,
    0x200068, 0x21B46C, 0x48E078, 0x21B500, 0x55F400, 0x000020, 0x496218, 0x200032,
    0x218700, 0x210600, 0x48E200, 0x061080, 0x147C6D, 0x485A30, 0x495A38, 0x49E000,
    0x0C1DAF, 0x2E0400, 0x21E400, 0x00FEB9, 0x061880, 0x147C75, 0x018040, 0x0B77E4,
    0x000003, 0x0465A4, 0x210400, 0x023FD7, 0x023FF6, 0x01278D, 0x012484, 0x0237BF,
    0x21C500, 0x3A2500, 0x0D03EC, 0x022FBF, 0x022FFE, 0x0217F4, 0x310048, 0x21A540,
    0x0227DF, 0x0227F9, 0x0217B4, 0x0C1E79, 0x021FB4, 0x47F400, 0x000000, 0x268848,
    0x23F03C, 0x21874E, 0x200068, 0x21B46C, 0x205878, 0x48E000, 0x21B500, 0x55F400,
    0x000020, 0x496118, 0x200032, 0x218700, 0x210600, 0x48E100, 0x061080, 0x147CA0,
    0x485930, 0x495938, 0x49E000, 0x237100, 0x0C1DAF, 0x2E0400, 0x21E400, 0x00FEB9,
    0x061880, 0x147CA9, 0x018040, 0x0B77E4, 0x000006, 0x0465A4, 0x210400, 0x023FD7,
    0x023FF6, 0x01278D, 0x012484, 0x0237BF, 0x21C500, 0x3A1600, 0x0D03EC, 0x23F000,
    0x0237BF, 0x023FDE, 0x023FF8, 0x48E718, 0x0C1D0A, 0x0237AF, 0x0227DF, 0x0227F9,
    0x200018, 0x0140CE, 0x0003FF, 0x0227CD, 0x0227E9, 0x00000C, 0x000000, 0x000000,
    0x000000, 0x000000, 0x000000, 0x000001, 0x000002, 0x000003, 0x000004, 0x000005,
    0x000006, 0x000007, 0x000008, 0x000008, 0x000008, 0x000008, 0x000008, 0x000008,
    0x000008, 0x000008, 0x150000, 0x150000, 0x150000, 0x150000, 0x150000, 0x150400,
    0x150600, 0x150700, 0x150780, 0x1507C0, 0x1507E0, 0x1507F0, 0x1507F8, 0x1507F8,
    0x1507F8, 0x1507F8, 0x1507F8, 0x1507F8, 0x1507F8, 0x1507F8, 0x0003FF, 0x0003FF,
    0x0003FF, 0x0003FF, 0x0003FF, 0x0001FF, 0x0000FF, 0x00007F, 0x00003F, 0x00001F,
    0x00000F, 0x000007, 0x000003, 0x000003, 0x000003, 0x000003, 0x000003, 0x000003,
    0x000003, 0x000003, 0x200013, 0x3E3C00, 0x02568E, 0x0256AE, 0x02768E, 0x0276AE,
    0x02968E, 0x0296AE, 0x02B68E, 0x02B6AE, 0x044E10, 0x0605A0, 0x485800, 0x02C6CE,
    0x02D6AE, 0x02CEAE, 0x50F400, 0x114000, 0x4DF000, 0x000124, 0x0141E2, 0x002000,
    0x248000, 0x02DEA8, 0x02C684, 0x240000, 0x00000C, 0x00000C, 0x242800, 0x038EC4,
    0x480000, 0x310100, 0x040644, 0x63F400, 0x101AFB, 0x438000, 0x45F400, 0x000080,
    0x060380, 0x147D30, 0x4CDC00, 0x2000A8, 0x21BB00, 0x44EB00, 0x0127AD, 0x0124A4,
    0x0C1D85, 0x495900, 0x300000, 0x041E94, 0x46F400, 0x510625, 0x44F400, 0x004E20,
    0x45D800, 0x060380, 0x147D3F, 0x57D851, 0x20004D, 0x202113, 0x20006D, 0x202A13,
    0x5E5C00, 0x021EFF, 0x0140CE, 0x7E0000, 0x0C1C8D, 0x45F400, 0x147CE0, 0x0256ED,
    0x381400, 0x040E04, 0x231B00, 0x3C0500, 0x31F800, 0x320000, 0x060480, 0x147D5E,
    0x43DA00, 0x44F400, 0x017C70, 0x0127AD, 0x0124A4, 0x0C1E02, 0x200060, 0x495C00,
    0x21D000, 0x46C800, 0x0C1E7A, 0xB08800, 0x485900, 0x4C5C00, 0x46E000, 0x4E4C00,
    0x040E07, 0x30F800, 0x316000, 0x050849, 0x040E87, 0x30F900, 0x318100, 0x050845,
    0x041607, 0x30FA00, 0x31A200, 0x050841, 0x041687, 0x30FB00, 0x31C300, 0x05081D,
    0x041E94, 0x74F400, 0xFFFFFE, 0x306100, 0x318200, 0x32A300, 0x33C400, 0x371F00,
    0x45F400, 0x510625, 0x44D800, 0x5FE700, 0x061080, 0x147D84, 0xF099A0, 0xF09AD2,
    0xD09BD2, 0xB3F8D2, 0xF099A8, 0xF09ADA, 0xD09BDA, 0xB2F8DA, 0x44F400, 0x145C48,
    0x039684, 0x041EC6, 0x5F5F00, 0x0C0458, 0x0256FE, 0x020FB4, 0x320040, 0x02179F,
    0x0217B9, 0x0207F4, 0x0C1E79, 0x020FF4, 0x47F400, 0x000000, 0x268048, 0x21C53C,
    0x20004E, 0x21AE00, 0x200044, 0x0140C4, 0x000001, 0x200032, 0x200060, 0x219568,
    0x48E000, 0x21B400, 0x55F400, 0x000020, 0x496218, 0x200032, 0x218700, 0x210600,
    0x48E200, 0x061080, 0x147DAB, 0x485A30, 0x495A38, 0x0B77E4, 0x000003, 0x044FA4,
    0x48E03A, 0x0140C8, 0x000001, 0x04CDA5, 0x0C1E01, 0x0C1E26, 0x0207FF, 0x20000B,
    0x202A13, 0x0140C4, 0x780000, 0x202B13, 0x0C1D08, 0x57F400, 0x7FFFFF, 0x21C71C,
    0x202B1B, 0x3A2400, 0x21E400, 0x0D0408, 0x02179F, 0x0217B9, 0x48E700, 0x0C1D0A,
    0x200018, 0x0140CE, 0x0003FF, 0x02178D, 0x0217A9, 0x00000C, 0x200013, 0x3E3200,
    0x0266CE, 0x0266EE, 0x02A6CE, 0x02A6EE, 0x044E10, 0x0605A0, 0x485800, 0x267E00,
    0x0216BE, 0x200056, 0x0C1C0C, 0x021EBF, 0x20005E, 0x0C1C8D, 0x026EAC, 0x02AEAD,
    0x026EEC, 0x02AEED, 0x0216F5, 0x0141E0, 0x408102, 0x44F432, 0x7FFFFF, 0x0276A4,
    0x02B6A4, 0x02DEEE, 0x00000C, 0x00000C, 0x0226F4, 0x0141C9, 0x000080, 0x480000,
    0x21B000, 0x0216FE, 0x200032, 0x0140C0, 0x800000, 0x57F426, 0x7FFFFF, 0x20001C,
    0x0A70CE, 0x101BFB, 0x21E400, 0x0A70CF, 0x101CFB, 0x0140CC, 0x400000, 0x0140C4,
    0x400000, 0x21E600, 0x21C700, 0x2000D8, 0x2000C0, 0x0140C8, 0x400000, 0x0140C0,
    0x400000, 0x21E700, 0x21C600, 0x428000, 0x012785, 0x01258E, 0x267E32, 0x0127AC,
    0x0125A7, 0x48003A, 0x026EB4, 0x0216BE, 0x490156, 0x0C1C0D, 0x20004D, 0x05A40A,
    0x0276BE, 0x0140C5, 0x7FFF00, 0x059406, 0x026EB4, 0x026EAF, 0x026EE4, 0x240000,
    0x0276A4, 0x021EBF, 0x20005E, 0x0C1C8D, 0x02AEB4, 0x20004D, 0x05A40A, 0x02B6BE,
    0x0140C5, 0x7FFF00, 0x059406, 0x02AEB4, 0x02AEAF, 0x02AEE4, 0x240000, 0x02B6A4,
    0x020EB6, 0x45F400, 0x7EB852, 0x44F400, 0x008000, 0x021EFE, 0x20C745, 0x057402,
    0x20A600, 0x0C1C20, 0x021EFF, 0x21D04D, 0x057402, 0x20A700, 0x0C1CA1, 0x45F400,
    0x021D10, 0x21F100, 0x0A70C4, 0x144C49, 0x2000D8, 0x0A71C4, 0x144C49, 0x21A7C0,
    0x212600, 0x0127A6, 0x0124AF, 0x0C1D97, 0x218700, 0x210600, 0x012786, 0x01248F,
    0x0C1D16, 0x027ECF, 0x027EE9, 0x02BECE, 0x02BEE8, 0x45F400, 0x147CE0, 0x381400,
    0x040E04, 0x231B00, 0x3C0A00, 0x31F800, 0x320000, 0x060280, 0x147E79, 0x43DA00,
    0x44F400, 0x017C70, 0x0127AD, 0x0124A4, 0x0C1E02, 0x44F460, 0x01AA17, 0x496400,
    0x21D000, 0x0127AD, 0x0124A4, 0x0C1E02, 0x49DC60, 0x46C800, 0x21D300, 0x0C1E7A,
    0xB08800, 0x485900, 0x4C5C00, 0x46E000, 0xB08B00, 0x56CB00, 0x0C1E79, 0x4C5C00,
    0xB28300, 0x4C4C00, 0x495900, 0x63F400, 0x1407FF, 0x0226B5, 0x0141E1, 0x006000,
    0x0C1C17, 0x0140C6, 0x0007FF, 0x219236, 0x21A400, 0x219B00, 0x0A72CE, 0x140000,
    0x0C1C1A, 0x0C1E48, 0x57EB00, 0x0C1C91, 0x0C1E79, 0x02C68C, 0x02C6A8, 0x02C6CD,
    0x02C6E9, 0x040E07, 0x3FF800, 0x316000, 0x3B8100, 0x050891, 0x48F000, 0x0000F8,
    0x306100, 0x318200, 0x348000, 0x050859, 0x63F400, 0x1407FF, 0x022EB5, 0x0141E1,
    0x006000, 0x0C1C17, 0x0140C6, 0x0007FF, 0x219236, 0x21A400, 0x219B00, 0x0A72CE,
    0x140000, 0x0C1C1A, 0x0C1E48, 0x57EB00, 0x0C1C91, 0x0C1E79, 0x02C68C, 0x02C6A8,
    0x02C6CD, 0x02C6E9, 0x041607, 0x3FFA00, 0x318000, 0x3BA100, 0x050850, 0x48F000,
    0x0000FA, 0x308100, 0x31A200, 0x341F00, 0x050818, 0x300000, 0x0216F5, 0x0141E0,
    0x2A9296, 0x371F32, 0x02DEF4, 0x02DEEE, 0x342044, 0x0C1C0A, 0x358100, 0x21C749,
    0x44F400, 0x547AE1, 0x062080, 0x147ECF, 0x1CDC78, 0xF820E0, 0x45E0E6, 0x4D5FD2,
    0x0C1D04, 0x041E26, 0x5E5F00, 0x0C0458, 0x0C1E01, 0x0C1E26, 0x0140C4, 0x780000,
    0x202913, 0x0C1D08, 0x57F400, 0x7FFFFF, 0x16E41C, 0x139800, 0x061080, 0x147EE2,
    0x44D9C8, 0xB298AA, 0x44D9C0, 0xB398A2, 0x5E5C00, 0x00000C, 0x022FBF, 0x022FFE,
    0x020FB4, 0x320048, 0x21A540, 0x0227DF, 0x0227F9, 0x0207F4, 0x0C1E79, 0x020FF4,
    0x47F400, 0x000000, 0x268048, 0x23F03C, 0x21874E, 0x200068, 0x21B46C, 0x48E078,
    0x21B500, 0x55F400, 0x000020, 0x496218, 0x200032, 0x218700, 0x210600, 0x48E200,
    0x061080, 0x147F02, 0x485A30, 0x495A38, 0x49E000, 0x0C1DAF, 0x2E0400, 0x21E400,
    0x00FEB9, 0x061880, 0x147F0A, 0x018040, 0x0B77E4, 0x000003, 0x0465A4, 0x210400,
    0x023FD7, 0x023FF6, 0x01278D, 0x012484, 0x0237BF, 0x21C500, 0x3A2500, 0x0D03EC,
    0x022FBF, 0x022FFE, 0x0217F4, 0x310048, 0x21A540, 0x0227DF, 0x0227F9, 0x0217B4,
    0x0C1E79, 0x021FB4, 0x47F400, 0x000000, 0x268848, 0x23F03C, 0x21874E, 0x200068,
    0x21B46C, 0x205878, 0x48E000, 0x21B500, 0x55F400, 0x000020, 0x496118, 0x200032,
    0x218700, 0x210600, 0x48E100, 0x061080, 0x147F35, 0x485930, 0x495938, 0x49E000,
    0x237100, 0x0C1DAF, 0x2E0400, 0x21E400, 0x00FEB9, 0x061880, 0x147F3E, 0x018040,
    0x0B77E4, 0x000006, 0x0465A4, 0x210400, 0x023FD7, 0x023FF6, 0x01278D, 0x012484,
    0x0237BF, 0x21C500, 0x3A1600, 0x0D03EC, 0x23F000, 0x0237BF, 0x023FDE, 0x023FF8,
    0x48E718, 0x0C1D0A, 0x0237AF, 0x0227DF, 0x0227F9, 0x200018, 0x0140CE, 0x0003FF,
    0x0227CD, 0x0227E9, 0x00000C, 0x248000, 0x0246C4, 0x240000, 0x024E84, 0x208500,
    0x0266C4, 0x0266E4, 0x026684, 0x0266A4, 0x040EE4, 0x060880, 0x147F67, 0x425C00,
    0x425C00, 0x00000C, 0x240000, 0x039EC4, 0x340000, 0x351000, 0x022EF4, 0x200080,
    0x45D800, 0x21C400, 0x45D8A0, 0x0C1D04, 0x45D8A8, 0x0C1D85, 0x061080, 0x147F7A,
    0xB698A0, 0x0C1D04, 0xB7B8A8, 0x0C1D85, 0x021EB4, 0x200080, 0x21C400, 0x0141C0,
    0x004AB3, 0x302000, 0x221400, 0x21C400, 0x0246DE, 0x024E9F, 0x21C500, 0x0AF974,
    0x061080, 0x147F8A, 0x1E18AE, 0x165CD2, 0x0AF954, 0x0246CE, 0x024E8F, 0x026EFE,
    0x0226F6, 0x21C700, 0x0141D2, 0x028F5C, 0x0141F2, 0xFD70A4, 0x026EEE, 0x21C600,
    0x0141D0, 0x000800, 0x21D000, 0x0A70CE, 0x14A000, 0x0A70CF, 0x14A800, 0x0276B4,
    0x0276F5, 0x0276AF, 0x0276EE, 0x200064, 0x20004C, 0x21C661, 0x21E749, 0x240800,
    0x60F400, 0x0000E0, 0x061080, 0x147FAC, 0x5E60D2, 0x5758CA, 0x65F400, 0x0000E0,
    0x60F400, 0x000020, 0x221400, 0x61F400, 0x000020, 0x62F400, 0x000030, 0x46E500,
    0xF1B800, 0x061080, 0x147FBF, 0x4DDCD0, 0x2000F2, 0x46E5D8, 0xF1B8FE, 0x565900,
    0x575A00, 0x02669F, 0x0266B9, 0x0216B4, 0x21E500, 0x0141CA, 0x028F5C, 0x0141EA,
    0xFD70A4, 0x02668D, 0x0266A9, 0x0266DE, 0x0266F8, 0x0216F4, 0x21C500, 0x0141C2,
    0x028F5C, 0x0141E2, 0xFD70A4, 0x0266CC, 0x0266E8, 0x21C400, 0x0140CC, 0x400000,
    0x20003A, 0x21E500, 0x20002E, 0x0140C8, 0x800000, 0x20003E, 0x21E700, 0x2000C0,
    0x026EB4, 0x026EAE, 0x47F444, 0x080000, 0x21C641, 0x63F400, 0x0000E0, 0x050FA3,
    0x061080, 0x147FE9, 0x565BB2, 0x61F400, 0x000020, 0x62F400, 0x000000, 0x20A600,
    0x45D900, 0x44DB00, 0x061080, 0x147FF8, 0x45D9A0, 0x44DB50, 0x45D9A8, 0x44DB58,
    0x565A00, 0x575A00, 0x05F423, 0xFFFFFF, 0x64F400, 0x000090, 0x0226BE, 0x0140C4,
    0x400000, 0x200032, 0x21C700, 0x024EFF, 0x024EEE, 0x200014, 0x21C600, 0x0141D0,
    0x080000, 0x061080, 0x14800A, 0x5F5C18, 0x3E1E00, 0x60F400, 0x000000, 0x65F400,
    0x000000, 0x63F400, 0x000060, 0x060280, 0x14804C, 0x044E14, 0x62F400, 0x000020,
    0x060780, 0x14801A, 0x42DC00, 0x425A00, 0x61F400, 0x000021, 0x62F400, 0x000020,
    0x64F400, 0x000090, 0x72F400, 0xFFFFFB, 0x235900, 0xF19800, 0x061080, 0x148040,
    0x4EE5F8, 0x46DA58, 0x21E551, 0x45DAA2, 0x5759A6, 0x45DA69, 0x21C6AE, 0x5659DA,
    0x45DA61, 0x21E6A6, 0x5759D2, 0x45DA69, 0x21C6AE, 0x5659DA, 0x45DA61, 0x21E6A6,
    0x5759D2, 0x45CA69, 0x21C6AE, 0x5659DA, 0x47F400, 0x5A8241, 0xF0B800, 0x21E5B0,
    0xFD09F2, 0x565B00, 0x044E14, 0x060780, 0x148045, 0x43DA00, 0x435C00, 0x3E2600,
    0x60F400, 0x000010, 0x65F400, 0x000010, 0x63F400, 0x000070, 0x64F400, 0x000000,
    0x63F400, 0x000010, 0x62F400, 0x000060, 0x61F400, 0x000070, 0x021EF4, 0x56F400,
    0x7FFFFF, 0x200044, 0x4EDC00, 0x21C500, 0x061080, 0x148062, 0x46DAE0, 0x4EDBD2,
    0x46D9E8, 0x4EDCDA, 0x5E5F00, 0x5F5F00, 0x00000C,
};

} // namespace mnmfm

#endif // MNM_FILTER_CURVES_H
