# FM-PAR m9 bit-exact vectors (OS 1.32, dsp_emu.py)
# format: SET <i> A=<pitch>
#         P <8 knob words 0..127>
#         B <32 signed output words>
#         S <state words: y-page(64) X5 Y5 X1E-3F(34)>
SET 0 A=11776
P 64 64 64 64 64 64 64 64
B 853 853 26530 26530 155765 155765 441251 441251 799735 799735 1020148 1020148 945011 945011 406461 406461 -438206 -438206 -1012262 -1012262 -721017 -721017 312318 312318 1005479 1005479 429098 429098 -814308 -814308 -675870 -675870
S 0 0 0 0 4194304 4194304 4194304 4194304 4194304 4194304 4194304 4194304 0 0 0 0 1358087 9437184 7888043 2097152 1358087 9437184 7888043 2097152 1358087 9437184 7888043 2097152 1354279 10082304 1093 12619776 11280670 11280670 11280670 661273 1899828 15598985 16185058 15598985 16185058 15428595 15422360 149406 16133238 16133238 16133238 161506 161506 161506 8388606 8388606 8388606 0 0 0 0 0 0 0 0 0 0 0 1093 12619776 0 0 0 3415 48904 57218 314976 308084 873435 891569 1603004 1595937 2052532 2028062 1880977 1899070 820204 805643 15899084 15902526 14741871 14763513 15333624 15336743 622883 626392 2025572 1996347 842223 874172 15169238 15127964 15428595 15422360
B 739240 739240 618968 618968 -947072 -947072 -543675 -543675 860114 860114 446762 446762 -989935 -989935 -226629 -226629 1073875 1073875 142765 142765 -968407 -968407 108667 108667 1107354 1107354 -298379 -298379 -920549 -920549 400586 400586
S 0 0 0 0 4194304 4194304 4194304 4194304 4194304 4194304 4194304 4194304 0 0 0 0 1355371 9437184 7888043 2097152 1355371 9437184 7888043 2097152 1355371 9437184 7888043 2097152 1356058 3094528 1093 12619776 13948529 13948529 13948529 2075620 1155487 1173206 1810708 1173206 1810708 801311 801035 16413847 16613823 16613823 16613823 16157777 16157777 16157777 8388606 8388606 8388606 0 0 0 0 0 0 0 0 0 0 0 1093 12619776 15428595 15422360 1482959 1474002 1255905 1219968 14865093 14901051 15700688 15679046 1716909 1723547 894338 892712 14795024 14799669 16323644 16324273 2155016 2140484 274249 296812 14847526 14833281 216237 218431 2216093 2213323 16175529 16185387 14941136 14931103 801311 801035
B 900864 900864 -749686 -749686 -756098 -756098 693181 693181 586866 586866 -994372 -994372 -382414 -382414 979114 979114 229238 229238 -1010249 -1010249 84902 84902 1103020 1103020 -212275 -212275 -915164 -915164 450706 450706 931975 931975
S 0 0 0 0 4194304 4194304 4194304 4194304 4194304 4194304 4194304 4194304 0 0 0 0 1352655 9437184 7888043 2097152 1352655 9437184 7888043 2097152 1352655 9437184 7888043 2097152 1358013 6576128 1093 12619776 8269939 8269939 8269939 16487406 15118342 1524005 880728 1524005 880728 1873113 1854789 47803 780732 780732 780732 773355 773355 773355 8388606 8388606 8388606 0 0 0 0 0 0 0 0 0 0 0 1093 12619776 801311 801035 1796952 1806506 15284484 15271207 15257172 15272870 1395956 1376770 1163088 1184378 14800495 14776451 15996307 16028472 1978558 1937899 438321 478634 14772144 14741293 155404 184207 2225186 2186897 16329803 16375532 14965887 14927891 890207 912617 1873113 1854789
B -704484 -704484 -729729 -729729 705553 705553 576891 576891 -1042486 -1042486 -374753 -374753 918636 918636 197846 197846 -1085610 -1085610 123507 123507 1037825 1037825 -201305 -201305 -934654 -934654 550414 550414 912028 912028 -650117 -650117
S 0 0 0 0 4194304 4194304 4194304 4194304 4194304 4194304 4194304 4194304 0 0 0 0 1358131 9437184 7888043 2097152 1358131 9437184 7888043 2097152 1358131 9437184 7888043 2097152 1352234 8988672 1093 12619776 11497615 11497615 11497615 14718976 15801827 15356096 14928384 15356096 14928384 15453829 15500136 299921 16174149 16174149 16174149 16637326 16637326 16637326 8388606 8388606 8388606 0 0 0 0 0 0 0 0 0 0 0 1093 12619776 1873113 1854789 15356295 15380201 15330352 15305167 1403909 1418305 1154659 1152908 14694086 14690403 16024812 16030610 1842099 1832445 388389 402995 14615422 14596573 233881 260149 2093155 2058145 16355657 16393555 14923605 14892211 1086740 1114916 1842386 1805726 15453829 15500136
B -700746 -700746 787944 787944 546044 546044 -1030528 -1030528 -357547 -357547 913115 913115 133980 133980 -1136900 -1136900 130916 130916 970658 970658 -235565 -235565 -968352 -968352 618460 618460 864439 864439 -609525 -609525 -684408 -684408
S 0 0 0 0 4194304 4194304 4194304 4194304 4194304 4194304 4194304 4194304 0 0 0 0 1355415 9437184 7888043 2097152 1355415 9437184 7888043 2097152 1355415 9437184 7888043 2097152 1354518 7804928 1093 12619776 13683676 13683676 13683676 1046256 2055810 15612698 16426124 15612698 16426124 15423689 15393113 16434236 16587721 16587721 16587721 16140971 16140971 16140971 8388606 8388606 8388606 0 0 0 0 0 0 0 0 0 0 0 1093 12619776 15453829 15500136 15397159 15354289 1562011 1589768 1102764 1081413 14702528 14729794 16077955 16046289 1814758 1837704 272109 263813 14502591 14504241 262325 261342 1942026 1940606 16302086 16310088 14847643 14833382 1226447 1247395 1743288 1714471 15541368 15574967 15423689 15393113
B 894206 894206 513564 513564 -967403 -967403 -338275 -338275 964144 964144 60190 60190 -1133860 -1133860 115673 115673 938210 938210 -314678 -314678 -991890 -991890 626542 626542 809687 809687 -617614 -617614 -670114 -670114 975125 975125
S 0 0 0 0 4194304 4194304 4194304 4194304 4194304 4194304 4194304 4194304 0 0 0 0 1352699 9437184 7888043 2097152 1352699 9437184 7888043 2097152 1352699 9437184 7888043 2097152 1356515 9148416 1093 12619776 8312670 8312670 8312670 1773416 487399 2076197 2117578 2076197 2117578 1942482 1958020 36287 788856 788856 788856 763697 763697 763697 8388606 8388606 8388606 0 0 0 0 0 0 0 0 0 0 0 1093 12619776 15423689 15393113 1774829 1801998 1044197 1010060 14819956 14864867 16123495 16077837 1912016 1944560 132369 108391 14494823 14524169 249589 213103 1860912 1891929 16155536 16140184 14790070 14796804 1256589 1249579 1615989 1622761 15541940 15542039 15441386 15432592 1942482 1958020
B 483862 483862 -900444 -900444 -307932 -307932 1046584 1046584 2847 2847 -1078095 -1078095 105226 105226 949852 949852 -416642 -416642 -985929 -985929 587409 587409 769863 769863 -684321 -684321 -649791 -649791 993034 993034 457304 457304
S 0 0 0 0 4194304 4194304 4194304 4194304 4194304 4194304 4194304 4194304 0 0 0 0 1358175 9437184 7888043 2097152 1358175 9437184 7888043 2097152 1358175 9437184 7888043 2097152 1358925 15841280 1093 12619776 11720573 11720573 11720573 15568397 14684336 714962 73587 714962 73587 907479 921740 307395 16193275 16193275 16193275 16664692 16664692 16664692 8388606 8388606 8388606 0 0 0 0 0 0 0 0 0 0 0 1093 12619776 1942482 1958020 978802 956649 14962547 14990109 16175298 16147406 2080407 2105931 21174 16767432 14600094 14641961 233520 187385 1881556 1917852 15957074 15930793 14790205 14820511 1194544 1155093 1520782 1558673 15419903 15397248 15471811 15483460 1992112 1980026 907479 921740
B -875395 -875395 -258057 -258057 1118994 1118994 -21412 -21412 -1004289 -1004289 124559 124559 989628 989628 -501208 -501208 -945449 -945449 542212 542212 752012 752012 -788918 -788918 -623001 -623001 947707 947707 433627 433627 -910311 -910311
S 0 0 0 0 4194304 4194304 4194304 4194304 4194304 4194304 4194304 4194304 0 0 0 0 1355459 9437184 7888043 2097152 1355459 9437184 7888043 2097152 1355459 9437184 7888043 2097152 1353026 1943552 1093 12619776 13422346 13422346 13422346 15547241 468284 14745533 14734594 14745533 14734594 14971491 14941700 16439539 16560887 16560887 16560887 16123844 16123844 16123844 8388606 8388606 8388606 0 0 0 0 0 0 0 0 0 0 0 1093 12619776 907479 921740 15030692 15022163 16262289 16259918 2232932 2243046 16742140 16726645 14758435 14778842 260774 237465 1967733 1990780 15788485 15761116 14867510 14905127 1106609 1062242 1484764 1523284 15213498 15185263 15516012 15546416 1915728 1875101 845735 888773 14971491 14941700
B -193198 -193198 1142945 1142945 -18447 -18447 -955668 -955668 185773 185773 1029700 1029700 -534338 -534338 -885937 -885937 532426 532426 746389 746389 -887318 -887318 -591720 -591720 878463 878463 408095 408095 -990763 -990763 -132688 -132688
S 0 0 0 0 4194304 4194304 4194304 4194304 4194304 4194304 4194304 4194304 0 0 0 0 1352743 9437184 7888043 2097152 1352743 9437184 7888043 2097152 1352743 9437184 7888043 2097152 1355020 15022080 1093 12619776 8345935 8345935 8345935 1753560 2058676 179843 865265 179843 865265 16496913 16526770 23678 796042 796042 796042 753124 753124 753124 8388606 8388606 8388606 0 0 0 0 0 0 0 0 0 0 0 1093 12619776 14971491 14941700 16382552 16399090 2294006 2277775 16730014 16750633 14874497 14857265 369041 374053 2057111 2061690 15713107 15703973 14998973 15011713 1073349 1056358 1483056 1502501 15014313 14990850 15577494 15610060 1777235 1736617 796795 835588 14810503 14780879 16496913 16526770
B 1105864 1105864 -9771 -9771 -954598 -954598 279003 279003 1043421 1043421 -513963 -513963 -834840 -834840 579079 579079 739381 739381 -934226 -934226 -558214 -558214 836008 836008 371093 371093 -1078627 -1078627 -95834 -95834 1032760 1032760
S 0 0 0 0 4194304 4194304 4194304 4194304 4194304 4194304 4194304 4194304 0 0 0 0 1358219 9437184 7888043 2097152 1358219 9437184 7888043 2097152 1358219 9437184 7888043 2097152 1357425 8108032 1093 12619776 11949289 11949289 11949289 1068871 16045780 2015515 1909364 2015515 1909364 2083185 2047858 314459 16213064 16213064 16213064 16692185 16692185 16692185 8388606 8388606 8388606 0 0 0 0 0 0 0 0 0 0 0 1093 12619776 16496913 16526770 2231829 2191627 16734619 3516 14886118 14849924 547285 568730 2096620 2077065 15736492 15762090 15120198 15094875 1151588 1164729 1479370 1478154 14910380 14907148 15658224 15663353 1676699 1667336 734941 749434 14629574 14610350 16572010 16599087 2083185 2047858
B -18985 -18985 -993957 -993957 371752 371752 1016725 1016725 -471492 -471492 -809824 -809824 674111 674111 723309 723309 -913061 -913061 -527144 -527144 851127 851127 318861 318861 -1129571 -1129571 -85363 -85363 969899 969899 -62894 -62894
S 0 0 0 0 4194304 4194304 4194304 4194304 4194304 4194304 4194304 4194304 0 0 0 0 1355503 9437184 7888043 2097152 1355503 9437184 7888043 2097152 1355503 9437184 7888043 2097152 1359725 11216896 1093 12619776 13164835 13164835 13164835 14724009 15106649 16282154 15462537 16282154 15462537 16647370 16655489 16445223 16534299 16534299 16534299 16107460 16107460 16107460 8388606 8388606 8388606 0 0 0 0 0 0 0 0 0 0 0 1093 12619776 2083185 2047858 16720801 16757693 14804355 14774251 729095 757913 2052675 2014228 15810730 15857734 15178187 15136949 1335093 1361353 1457732 1435505 14936538 14965652 15739027 15706830 1691464 1713045 641424 634021 14516992 14519156 16607472 16605508 1940313 1939285 16647370 16655489
B -1046951 -1046951 426438 426438 958261 958261 -448826 -448826 -807613 -807613 781671 781671 696031 696031 -849961 -849961 -500721 -500721 922049 922049 261951 261951 -1117307 -1117307 -87396 -87396 952098 952098 -142200 -142200 -1081506 -1081506
S 0 0 0 0 4194304 4194304 4194304 4194304 4194304 4194304 4194304 4194304 0 0 0 0 1352787 9437184 7888043 2097152 1352787 9437184 7888043 2097152 1352787 9437184 7888043 2097152 1353526 6797312 1093 12619776 8369695 8369695 8369695 16456885 1215665 14847149 15373721 14847149 15373721 14610641 14617770 11042 802321 802321 802321 741695 741695 741695 8388606 8388606 8388606 0 0 0 0 0 0 0 0 0 0 0 1093 12619776 16647370 16655489 14690581 14676050 842157 863597 1931030 1902017 15863124 15896006 15176636 15147346 1549666 1577021 1409907 1374220 15054374 15100216 15797971 15753577 1828750 1859449 536112 511694 14526987 14558219 16621132 16583716 1889338 1919055 16499829 16485806 14610641 14617770
B 427817 427817 896928 896928 -475144 -475144 -812663 -812663 854007 854007 659124 659124 -795130 -795130 -472475 -472475 1017934 1017934 217963 217963 -1053259 -1053259 -82381 -82381 984130 984130 -234876 -234876 -1074159 -1074159 394906 394906
S 0 0 0 0 4194304 4194304 4194304 4194304 4194304 4194304 4194304 4194304 0 0 0 0 1358263 9437184 7888043 2097152 1358263 9437184 7888043 2097152 1358263 9437184 7888043 2097152 1355924 16484352 1093 12619776 12183503 12183503 12183503 2083766 1496168 950490 1497879 950490 1497879 810190 769434 321164 16233495 16233495 16233495 16719775 16719775 16719775 8388606 8388606 8388606 0 0 0 0 0 0 0 0 0 0 0 1093 12619776 14610641 14617770 859747 851524 1790181 1797531 15826690 15827166 15156486 15147295 1700102 1715926 1329345 1307152 15173418 15200495 15845686 15818849 2023169 2048567 452040 419815 14649235 14692163 16635120 16589790 1951097 1985426 16320587 16294342 14612840 14644956 810190 769434
B 860421 860421 -554639 -554639 -810479 -810479 860686 860686 620025 620025 -789510 -789510 -433730 -433730 1092804 1092804 195390 195390 -980973 -980973 -52601 -52601 1044332 1044332 -305156 -305156 -1023805 -1023805 365789 365789 855431 855431
S 0 0 0 0 4194304 4194304 4194304 4194304 4194304 4194304 4194304 4194304 0 0 0 0 1355547 9437184 7888043 2097152 1355547 9437184 7888043 2097152 1355547 9437184 7888043 2097152 1358233 1628160 1093 12619776 12911439 12911439 12911439 16326795 14934573 1621359 968723 1621359 968723 1692538 1729187 16451285 16507988 16507988 16507988 16091840 16091840 16091840 8388606 8388606 8388606 0 0 0 0 0 0 0 0 0 0 0 1093 12619776 810190 769434 1702407 1739280 15678406 15657470 15150365 15162152 1728109 1714637 1232480 1247620 15202213 15194181 15911272 15908243 2180468 2190751 398438 383125 14805274 14825267 16683297 16660733 2077284 2100046 16181062 16152746 14710273 14748939 753571 709588 1692538 1729187
B -662583 -662583 -792742 -792742 811867 811867 587915 587915 -844699 -844699 -385858 -385858 1108972 1108972 187826 187826 -944989 -944989 10370 10370 1098193 1098193 -328323 -328323 -956094 -956094 374227 374227 868815 868815 -754037 -754037
S 0 0 0 0 4194304 4194304 4194304 4194304 4194304 4194304 4194304 4194304 0 0 0 0 1352831 9437184 7888043 2097152 1352831 9437184 7888043 2097152 1352831 9437184 7888043 2097152 1352032 1116160 1093 12619776 8383924 8383924 8383924 14758209 15724434 15007837 14749949 15007837 14749949 15281198 15257088 16775609 807686 807686 807686 729421 729421 729421 8388606 8388606 8388606 0 0 0 0 0 0 0 0 0 0 0 1093 12619776 1692538 1729187 15465911 15438189 15175735 15207732 1644832 1602636 1154614 1197049 15101724 15073913 15997360 16013642 2226784 2209107 364732 386574 14895636 14878840 18732 22749 2194003 2198770 16124931 16116210 14858910 14871146 756723 740185 1728040 1747222 15281198 15257088
B -757587 -757587 751670 751670 562897 562897 -940356 -940356 -341062 -341062 1062192 1062192 181369 181369 -963551 -963551 95775 95775 1113865 1113865 -310200 -310200 -906096 -906096 434775 434775 881323 881323 -788988 -788988 -712390 -712390
S 0 0 0 0 4194304 4194304 4194304 4194304 4194304 4194304 4194304 4194304 0 0 0 0 1358307 9437184 7888043 2097152 1358307 9437184 7888043 2097152 1358307 9437184 7888043 2097152 1354424 7403520 1093 12619776 12422948 12422948 12422948 637414 1952045 15542968 16100707 15542968 16100707 15350226 15354646 327504 16254546 16254546 16254546 16747430 16747430 16747430 8388606 8388606 8388606 0 0 0 0 0 0 0 0 0 0 0 1093 12619776 15281198 15257088 15245302 15278785 1523613 1483070 1107195 1144393 14910868 14882141 16079530 16110655 2145338 2103431 339747 385730 14867189 14833040 181196 201906 2238193 2217269 16143247 16170386 14977588 14952460 863638 875465 1763071 1762224 15200561 15197922 15350226 15354646
ENDSET
SET 1 A=8192
P 0 0 0 0 0 0 0 0
B 594 594 18468 18468 104699 104699 272163 272163 495051 495051 749912 749912 964023 964023 1042836 1042836 873646 873646 404943 404943 -275940 -275940 -879257 -879257 -1008810 -1008810 -444902 -444902 507667 507667 1036412 1036412
S 0 0 0 0 0 0 0 0 0 0 0 0 0 0 0 0 1359555 15728640 228363 14680064 1359555 15728640 228363 14680064 1359555 15728640 228363 14680064 1356042 6258688 760 14614528 4268722 4268722 4268722 1699267 776464 2075622 2021571 2075622 2021571 2073272 2072377 0 18961 18961 18961 18464 18464 18464 8388607 8388607 8388607 0 0 0 0 0 0 0 0 0 0 0 760 14614528 0 0 0 2376 34038 39835 210445 208354 542708 545945 989309 990897 1499097 1500553 1927476 1928619 2086553 2084791 1748457 1746129 812323 807451 16226825 16223847 15019582 15017825 14758448 14760744 15886143 15888681 1014326 1016344 2073272 2072377
B 504666 504666 -629172 -629172 -1020615 -1020615 -159530 -159530 887231 887231 861765 861765 -213946 -213946 -1027192 -1027192 -594913 -594913 561393 561393 1034695 1034695 252365 252365 -837263 -837263 -909385 -909385 122346 122346 1005974 1005974
S 0 0 0 0 0 0 0 0 0 0 0 0 0 0 0 0 1351743 15728640 228363 14680064 1351743 15728640 228363 14680064 1351743 15728640 228363 14680064 1355814 4161536 760 14614528 6163708 6163708 6163708 1903633 1103733 2058169 2096306 2058169 2096306 2012163 2011734 0 22511 22511 22511 27483 27483 27483 8388607 8388607 8388607 0 0 0 0 0 0 0 0 0 0 0 760 14614528 2073272 2072377 1008741 1009923 15515901 15521843 14738405 14733570 16456559 16459753 1774906 1774021 1723622 1723438 16349267 16349382 14723296 14722368 15586729 15588052 1123095 1122477 2068953 2069827 505377 504083 15102425 15102957 14958694 14958201 244165 245221 2012163 2011734
B 667458 667458 -481313 -481313 -1045850 -1045850 -339967 -339967 778567 778567 951749 951749 -31115 -31115 -976043 -976043 -735724 -735724 398223 398223 1048441 1048441 425438 425438 -714321 -714321 -986495 -986495 -60653 -60653 938896 938896
S 0 0 0 0 0 0 0 0 0 0 0 0 0 0 0 0 1352123 15728640 228363 14680064 1352123 15728640 228363 14680064 1352123 15728640 228363 14680064 1355586 2064384 760 14614528 7538803 7538803 7538803 2027740 1397298 1956684 2074660 1956684 2074660 1877726 1877861 0 24958 24958 24958 25940 25940 25940 8388607 8388607 8388607 0 0 0 0 0 0 0 0 0 0 0 760 14614528 2012163 2011734 1334841 1334991 15814994 15814187 14685317 14685717 16097239 16097327 1556850 1557419 1903711 1903288 16715098 16714877 14825301 14824960 15305536 15306003 796315 796578 2096820 2096945 851126 850628 15348689 15348461 14804192 14804261 16655662 16656160 1877726 1877861
B 798140 798140 -311902 -311902 -1043179 -1043179 -507518 -507518 644486 644486 1013798 1013798 151861 151861 -894493 -894493 -854524 -854524 223251 223251 1029882 1029882 585757 585757 -569764 -569764 -1033316 -1033316 -241941 -241941 843269 843269
S 0 0 0 0 0 0 0 0 0 0 0 0 0 0 0 0 1352503 15728640 228363 14680064 1352503 15728640 228363 14680064 1352503 15728640 228363 14680064 1355357 16744448 760 14614528 8278020 8278020 8278020 2089926 1648195 1795449 1989661 1795449 1989661 1686414 1686663 0 26041 26041 26041 22951 22951 22951 8388607 8388607 8388607 0 0 0 0 0 0 0 0 0 0 0 760 14614528 1877726 1877861 1596396 1596164 16153640 16153185 14690863 14690855 15762007 15762354 1288788 1289157 2027663 2027529 303926 303520 14988353 14988110 15068036 15068302 446299 446708 2059718 2059812 1171700 1171329 15637866 15637512 14710553 14710618 16293120 16293548 1686414 1686663
B 904345 904345 -132877 -132877 -1008729 -1008729 -659505 -659505 490667 490667 1044938 1044938 330157 330157 -785590 -785590 -947262 -947262 41491 41491 979851 979851 728209 728209 -407826 -407826 -1048567 -1048567 -415855 -415855 721902 721902
S 0 0 0 0 0 0 0 0 0 0 0 0 0 0 0 0 1352883 15728640 228363 14680064 1352883 15728640 228363 14680064 1352883 15728640 228363 14680064 1355129 14647296 760 14614528 8319011 8319011 8319011 2088294 1848762 1579386 1843907 1579386 1843907 1443648 1443961 0 25618 25618 25618 18718 18718 18718 8388607 8388607 8388607 0 0 0 0 0 0 0 0 0 0 0 760 14614528 1686414 1686663 1808797 1808585 16511679 16511245 14759815 14759701 15458042 15458373 981141 981527 2089896 2089856 660518 660111 15206181 15205893 14882599 14882787 82768 83197 1959624 1959781 1456576 1456262 15961764 15961367 14680084 14680081 15945309 15945706 1443648 1443961
B 982926 982926 50213 50213 -943485 -943485 -791346 -791346 321859 321859 1044175 1044175 498366 498366 -652695 -652695 -1011077 -1011077 -141535 -141535 899897 899897 848427 848427 -233436 -233436 -1031798 -1031798 -577071 -577071 578492 578492
S 0 0 0 0 0 0 0 0 0 0 0 0 0 0 0 0 1353263 15728640 228363 14680064 1353263 15728640 228363 14680064 1353263 15728640 228363 14680064 1354901 12550144 760 14614528 7658316 7658316 7658316 2022893 1992874 1315096 1641845 1315096 1641845 1156805 1157166 0 23677 23677 23677 13551 13551 13551 8388607 8388607 8388607 0 0 0 0 0 0 0 0 0 0 0 760 14614528 1443648 1443961 1965928 1965779 100643 100210 14890341 14890153 15194384 15194666 643512 643925 2088330 2088370 996924 996543 15471997 15471657 14755004 14755120 16493933 16494361 1799684 1799905 1696982 1696727 16310556 16310135 14713660 14713582 15622895 15623255 1156805 1157166
B 1031491 1031491 231771 231771 -849430 -849430 -899022 -899022 143223 143223 1011526 1011526 651357 651357 -499868 -499868 -1044019 -1044019 -320237 -320237 792462 792462 942737 942737 -51918 -51918 -983521 -983521 -720666 -720666 417417 417417
S 0 0 0 0 0 0 0 0 0 0 0 0 0 0 0 0 1353643 15728640 228363 14680064 1353643 15728640 228363 14680064 1353643 15728640 228363 14680064 1354673 10452992 760 14614528 6351664 6351664 6351664 1895720 2076131 1010647 1389647 1010647 1389647 834637 835034 0 20338 20338 20338 7842 7842 7842 8388607 8388607 8388607 0 0 0 0 0 0 0 0 0 0 0 760 14614528 1156805 1157166 2063021 2062943 463753 463331 15078484 15078230 14979061 14979284 286232 286660 2022997 2023110 1302884 1302546 15777671 15777290 14689158 14689200 16136537 16136947 1584783 1585066 1885569 1885381 16673597 16673165 14810250 14810100 15335729 15336042 834637 835034
B 1048557 1048557 406251 406251 -729437 -729437 -979245 -979245 -39788 -39788 947990 947990 784458 784458 -331778 -331778 -1045080 -1045080 -489162 -489162 660829 660829 1008259 1008259 131185 131185 -905211 -905211 -842254 -842254 243596 243596
S 0 0 0 0 0 0 0 0 0 0 0 0 0 0 0 0 1354023 15728640 228363 14680064 1354023 15728640 228363 14680064 1354023 15728640 228363 14680064 1354445 8355840 760 14614528 4509267 4509267 4509267 1710659 2095991 675337 1095014 675337 1095014 486984 487403 0 15841 15841 15841 2030 2030 2030 8388607 8388607 8388607 0 0 0 0 0 0 0 0 0 0 0 760 14614528 834637 835034 2097116 2097114 812703 812303 15318498 15318188 14818649 14818803 16697425 16697858 1895888 1896072 1569060 1568773 16113866 16113456 14687076 14687039 15798702 15799084 1321490 1321826 2016579 2016460 262586 262157 14966904 14966686 15092580 15092837 486984 487403
B 1033604 1033604 568327 568327 -587170 -587170 -1029566 -1029566 -221583 -221583 855505 855505 893604 893604 -153556 -153556 -1014227 -1014227 -643149 -643149 509016 509016 1042993 1042993 310283 310283 -799259 -799259 -938123 -938123 62337 62337
S 0 0 0 0 0 0 0 0 0 0 0 0 0 0 0 0 1354403 15728640 228363 14680064 1354403 15728640 228363 14680064 1354403 15728640 228363 14680064 1354217 6258688 760 14614528 2286526 2286526 2286526 1473360 2051846 319403 766944 319403 766944 124458 124890 0 10528 10528 10528 16773783 16773783 16773783 8388607 8388607 8388607 0 0 0 0 0 0 0 0 0 0 0 760 14614528 486984 487403 2067173 2067246 1136836 1136472 15603057 15602698 14718045 14718126 16333839 16334261 1710885 1711135 1787322 1787096 16470319 16469891 14748817 14748707 15490748 15491090 1017844 1018221 2086009 2085965 620773 620359 15178838 15178559 14900874 14901067 124458 124890
B 987089 987089 713047 713047 -426972 -426972 -1048447 -1048447 -396612 -396612 736896 736896 975463 975463 29355 29355 -952405 -952405 -777496 -777496 341659 341659 1045878 1045878 479905 479905 -668901 -668901 -1005345 -1005345 -120827 -120827
S 0 0 0 0 0 0 0 0 0 0 0 0 0 0 0 0 1354783 15728640 228363 14680064 1354783 15728640 228363 14680064 1354783 15728640 228363 14680064 1353989 4161536 760 14614528 16648138 16648138 16648138 1191071 1945046 16730933 415454 16730933 415454 16535349 16535778 0 4811 4811 4811 16769096 16769096 16769096 8388607 8388607 8388607 0 0 0 0 0 0 0 0 0 0 0 760 14614528 124458 124890 1974106 1974252 1426253 1425937 15923469 15923075 14680319 14680326 15983793 15984192 1473639 1473947 1951006 1950847 58927 58496 14872497 14872317 15222081 15222370 683115 683524 2091741 2091771 960002 959618 15439581 15439249 14766465 14766588 16535349 16535778
B 910432 910432 835994 835994 -253737 -253737 -1035312 -1035312 -559530 -559530 595785 595785 1027534 1027534 211369 211369 -861499 -861499 -888102 -888102 163870 163870 1016825 1016825 634872 634872 -518117 -518117 -1041868 -1041868 -300300 -300300
S 0 0 0 0 0 0 0 0 0 0 0 0 0 0 0 0 1355163 15728640 228363 14680064 1355163 15728640 228363 14680064 1355163 15728640 228363 14680064 1353761 2064384 760 14614528 14243423 14243423 14243423 872410 1778851 16366661 51278 16366661 51278 16176410 16176824 0 16776356 16776356 16776356 16765545 16765545 16765545 8388607 8388607 8388607 0 0 0 0 0 0 0 0 0 0 0 760 14614528 16535349 16535778 1820758 1820971 1672120 1671858 16269952 16269533 14706626 14706558 15657975 15658339 1191393 1191749 2055113 2055026 422951 422528 15054343 15054095 15000898 15001128 327528 327954 2033597 2033703 1269918 1269573 15741171 15740796 14693456 14693506 16176410 16176824
B 805973 805973 933412 933412 -72753 -72753 -990564 -990564 -705362 -705362 436481 436481 1048229 1048229 386930 386930 -744286 -744286 -971588 -971588 -18924 -18924 956722 956722 770453 770453 -351511 -351511 -1046576 -1046576 -470604 -470604
S 0 0 0 0 0 0 0 0 0 0 0 0 0 0 0 0 1355543 15728640 228363 14680064 1355543 15728640 228363 14680064 1355543 15728640 228363 14680064 1353532 16744448 760 14614528 12052425 12052425 12052425 527109 1558337 16014924 16462752 16014924 16462752 15835816 15836203 0 16771177 16771177 16771177 16763401 16763401 16763401 8388607 8388607 8388607 0 0 0 0 0 0 0 0 0 0 0 760 14614528 16176410 16176824 1611808 1612085 1866924 1866727 16631926 16631494 14796161 14796018 15366332 15366653 872766 873160 2096464 2096453 774061 773659 15288797 15288492 14833959 14834122 16739154 16739585 1913356 1913533 1541053 1540761 16074399 16073991 14684079 14684051 15835816 15836203
B 676903 676903 1002328 1002328 110452 110452 -915566 -915566 -829655 -829655 263848 263848 1036914 1036914 550675 550675 -604346 -604346 -1025405 -1025405 -201139 -201139 867404 867404 882507 882507 -174171 -174171 -1019325 -1019325 -626537 -626537
S 0 0 0 0 0 0 0 0 0 0 0 0 0 0 0 0 1355923 15728640 228363 14680064 1355923 15728640 228363 14680064 1355923 15728640 228363 14680064 1353304 14647296 760 14614528 10259950 10259950 10259950 165712 1290236 15686465 16106612 15686465 16106612 15523970 15524317 0 16766899 16766899 16766899 16762813 16762813 16762813 8388607 8388607 8388607 0 0 0 0 0 0 0 0 0 0 0 760 14614528 15835816 15836203 1353641 1353972 2004720 2004593 221119 220690 14946190 14945979 15117775 15118039 527488 527907 2073796 2073861 1101535 1101165 15568701 15568350 14726362 14726451 16374726 16375151 1734687 1734930 1765131 1764899 16429087 16428661 14738617 14738516 15523970 15524317
B 527162 527162 1040636 1040636 290284 290284 -812611 -812611 -928613 -928613 83159 83159 993935 993935 697604 697604 -445951 -445951 -1047910 -1047910 -377213 -377213 751599 751599 967612 967612 8487 8487 -960948 -960948 -763337 -763337
S 0 0 0 0 0 0 0 0 0 0 0 0 0 0 0 0 1356303 15728640 228363 14680064 1356303 15728640 228363 14680064 1356303 15728640 228363 14680064 1353076 12550144 760 14614528 9017188 9017188 9017188 16576471 982736 15391315 15770949 15391315 15770949 15250394 15250690 0 16763856 16763856 16763856 16763806 16763806 16763806 8388607 8388607 8388607 0 0 0 0 0 0 0 0 0 0 0 760 14614528 15523970 15524317 1054138 1054512 2081299 2081246 580776 580360 15152133 15151858 14919889 14920091 166105 166533 1987802 1987941 1395370 1395046 15885510 15885119 14681390 14681403 16022589 16022992 1503048 1503349 1935309 1935142 17190 16758 14855408 14855233 15250394 15250690
B 361324 361324 1047167 1047167 461252 461252 -684841 -684841 -999215 -999215 -100070 -100070 920606 920606 823230 823230 -273938 -273938 -1038417 -1038417 -541768 -541768 612842 612842 1023171 1023171 190885 190885 -873227 -873227 -876829 -876829
S 0 0 0 0 0 0 0 0 0 0 0 0 0 0 0 0 1356683 15728640 228363 14680064 1356683 15728640 228363 14680064 1356683 15728640 228363 14680064 1352848 10452992 760 14614528 8428962 8428962 8428962 16216144 645227 15138484 15466016 15138484 15466016 15023440 15023677 0 16762279 16762279 16762279 16766270 16766270 16766270 8388607 8388607 8388607 0 0 0 0 0 0 0 0 0 0 0 760 14614528 15250394 15250690 722445 722851 2094323 2094345 922699 922310 15407698 15407371 14778721 14778852 16576862 16577291 1841110 1841316 1646594 1646327 16229550 16229132 14700413 14700353 15693496 15693867 1225511 1225860 2046389 2046295 381983 381557 15030883 15030644 15023440 15023677
B 184453 184453 1021720 1021720 618136 618136 -536160 -536160 -1039304 -1039304 -280243 -280243 819164 819164 923718 923718 -93560 -93560 -997213 -997213 -689779 -689779 455372 455372 1047485 1047485 367455 367455 -758841 -758841 -963545 -963545
S 0 0 0 0 0 0 0 0 0 0 0 0 0 0 0 0 1357063 15728640 228363 14680064 1357063 15728640 228363 14680064 1357063 15728640 228363 14680064 1352620 8355840 760 14614528 8544889 8544889 8544889 15872950 288015 14935695 15201120 14935695 15201120 14850041 14850211 0 16762279 16762279 16762279 16769975 16769975 16769975 8388607 8388607 8388607 0 0 0 0 0 0 0 0 0 0 0 760 14614528 15023440 15023677 368693 369119 2043393 2043489 1236447 1236098 15705083 15704711 14698579 14698637 16216522 16216938 1638194 1638464 1847539 1847334 16590312 16589882 14782857 14782723 15397496 15397822 910549 910939 2094980 2094960 735112 734708 15259685 15259386 14850041 14850211
ENDSET
SET 2 A=4096
P 127 127 127 127 127 127 127 127
B 297 297 9238 9238 -4466 -4466 -479112 -479112 -801823 -801823 -91279 -91279 -604947 -604947 337519 337519 787363 787363 512769 512769 986760 986760 560675 560675 374118 374118 -1047936 -1047936 -691031 -691031 -462134 -462134
S 0 0 0 0 8323072 8323072 8323072 8323072 8323072 8323072 8323072 8323072 0 0 0 0 1352184 0 12453360 0 1352184 0 12453360 0 1352184 0 12453360 0 1357053 11444224 380 7307264 10882083 10882083 10882083 15949554 14869202 141589 14705845 141589 14705845 149783 14778900 8514112 9659269 9659269 9659269 5680678 5680678 5680678 7896325 7896325 7896325 0 0 0 0 0 0 0 0 0 0 0 380 7307264 0 0 0 1188 17024 19928 22335 16737020 16288844 15349142 15959102 14388040 613631 15798471 15723907 15410737 1932150 16195142 2699133 450320 1225220 825856 2766065 1180975 1164383 1078317 1535876 16737815 13691155 15671533 16083711 14706598 149783 14778900
B -779341 -779341 -534985 -534985 -381322 -381322 -479854 -479854 -203068 -203068 -836001 -836001 -35034 -35034 -775969 -775969 -56753 -56753 927229 927229 375625 375625 -370289 -370289 -390512 -390512 687729 687729 -570326 -570326 -375537 -375537
S 0 0 0 0 8323072 8323072 8323072 8323072 8323072 8323072 8323072 8323072 0 0 0 0 1359864 0 12453360 0 1359864 0 12453360 0 1359864 0 12453360 0 1356300 1454080 380 7307264 9046997 9046997 9046997 16455738 2083900 16703979 14837467 16703979 14837467 15427619 16624665 9902726 14513851 14513851 14513851 8742709 8742709 8742709 7896325 7896325 7896325 0 0 0 0 0 0 0 0 0 0 0 380 7307264 149783 14778900 15511749 14925319 14728356 16686136 14849931 401999 15031982 16603034 16326419 16415742 5267 13427946 260377 16376704 14313371 16137185 15598189 952015 2071721 1637197 16191024 2088692 16205443 15867834 16166340 15826045 1180993 1569923 14862546 16410583 15427619 16624665
B 55084 55084 541286 541286 554891 554891 390546 390546 485510 485510 490435 490435 -453486 -453486 -771502 -771502 121576 121576 531195 531195 -193009 -193009 -86870 -86870 1436072 1436072 -187808 -187808 -19425 -19425 -637018 -637018
S 0 0 0 0 8323072 8323072 8323072 8323072 8323072 8323072 8323072 8323072 0 0 0 0 1359352 0 12453360 0 1359352 0 12453360 0 1359352 0 12453360 0 1358143 8171520 380 7307264 8388767 8388767 8388767 2096244 44331 15951218 881103 15951218 881103 15838806 15167556 9891484 11496315 11496315 11496315 9031178 9031178 9031178 7896325 7896325 7896325 0 0 0 0 0 0 0 0 0 0 0 380 7307264 15427619 16624665 597013 16400542 15740422 3201939 3319749 15677033 1249001 313183 1186113 755927 15981288 2757671 16197285 15543203 14533177 15935249 15945110 1318411 1796620 328161 16006167 16776230 204220 16225517 1887599 3856689 15575781 450203 16568297 131219 15838806 15167556
B 798117 798117 -910155 -910155 445593 445593 256677 256677 -948907 -948907 78368 78368 96621 96621 897250 897250 162748 162748 694354 694354 328994 328994 277673 277673 -873320 -873320 401400 401400 -215091 -215091 -732841 -732841
S 0 0 0 0 8323072 8323072 8323072 8323072 8323072 8323072 8323072 8323072 0 0 0 0 1358840 0 12453360 0 1358840 0 12453360 0 1358840 0 12453360 0 1358397 12251136 380 7307264 9007602 9007602 9007602 2068463 16414435 16140689 430956 16140689 430956 15961999 14661072 8376257 9225566 9225566 9225566 9865731 9865731 9865731 7896325 7896325 7896325 0 0 0 0 0 0 0 0 0 0 0 380 7307264 15838806 15167556 1448304 1744165 15201201 14712612 594620 1187754 1224584 16579343 15835766 13923038 16580523 510168 1418357 15745346 1998128 1590872 14955361 2472850 1502755 1274663 1167672 148304 1921604 15966305 13996878 16064274 1418377 187224 15233587 683268 15961999 14661072
B 764021 764021 -608303 -608303 -83601 -83601 -58824 -58824 475898 475898 526374 526374 449786 449786 266887 266887 735926 735926 -654055 -654055 -769010 -769010 -63363 -63363 345291 345291 -430289 -430289 -321139 -321139 1136690 1136690
S 0 0 0 0 8323072 8323072 8323072 8323072 8323072 8323072 8323072 8323072 0 0 0 0 1358328 0 12453360 0 1358328 0 12453360 0 1358328 0 12453360 0 1357454 3063808 380 7307264 10809291 10809291 10809291 1776385 1096190 424354 1480093 424354 1480093 1066154 3480606 8376348 8751001 8751001 8751001 12401168 12401168 12401168 7896325 7896325 7896325 0 0 0 0 0 0 0 0 0 0 0 380 7307264 15961999 14661072 1491251 1564834 14824691 16296529 16170907 271905 558020 15983902 15563698 3117112 3224590 15658124 1308348 490796 764570 302980 16517973 3202950 15546633 15391580 14589843 15888552 16263936 259831 1606399 16551984 15104092 16729184 15760816 16509063 1066154 3480606
B 61409 61409 -260464 -260464 -899658 -899658 -25932 -25932 -832551 -832551 -254932 -254932 -116689 -116689 537866 537866 238300 238300 -251405 -251405 -74321 -74321 679199 679199 -924607 -924607 -789448 -789448 289119 289119 346085 346085
S 0 0 0 0 8323072 8323072 8323072 8323072 8323072 8323072 8323072 8323072 0 0 0 0 1357816 0 12453360 0 1357816 0 12453360 0 1357816 0 12453360 0 1351723 6291456 380 7307264 13519542 13519542 13519542 16219653 14680719 2044079 1496020 2044079 1496020 651377 732965 8251861 9040702 9040702 9040702 15608861 15608861 15608861 7896325 7896325 7896325 0 0 0 0 0 0 0 0 0 0 0 380 7307264 1066154 3480606 317027 16705825 14897706 837656 15052794 14903009 1763334 14910154 15226798 14997432 15564410 193078 15592160 718302 2111574 39893 15424934 2305482 315047 15456552 16741004 16516147 575570 2141229 14939053 14916951 13872183 16524459 246809 909668 651377 732965
B 50969 50969 -324520 -324520 996885 996885 -1228252 -1228252 1016578 1016578 50385 50385 234838 234838 -808642 -808642 -338870 -338870 -564216 -564216 -362027 -362027 -582322 -582322 534325 534325 362565 362565 -543127 -543127 788548 788548
S 0 0 0 0 8323072 8323072 8323072 8323072 8323072 8323072 8323072 8323072 0 0 0 0 1357304 0 12453360 0 1357304 0 12453360 0 1357304 0 12453360 0 1359801 5181440 380 7307264 16725744 16725744 16725744 16045177 14684157 2317751 1390138 2317751 1390138 1330750 1823442 8251861 9930539 9930539 9930539 2162641 2162641 2162641 7896325 7896325 7896325 0 0 0 0 0 0 0 0 0 0 0 380 7307264 651377 732965 409129 16571963 16092596 16163759 2099863 1887679 14130731 14510694 3289965 776349 240872 16737884 474235 465117 66054 13476595 14269276 1152460 14838746 16458822 16136489 15969835 353095 14094835 926515 1210788 599904 850357 15607109 15774818 1330750 1823442
B -290277 -290277 -329933 -329933 945065 945065 -152908 -152908 -25913 -25913 -901223 -901223 -183099 -183099 -657200 -657200 -336109 -336109 -321336 -321336 1011293 1011293 89188 89188 226696 226696 231721 231721 770787 770787 -688914 -688914
S 0 0 0 0 8323072 8323072 8323072 8323072 8323072 8323072 8323072 8323072 0 0 0 0 1356792 0 12453360 0 1356792 0 12453360 0 1356792 0 12453360 0 1358294 15896576 380 7307264 3162567 3162567 3162567 14681237 16056451 14482168 15468934 14482168 15468934 15029298 15769481 8252876 12493639 12493639 12493639 5194998 5194998 5194998 7896325 7896325 7896325 0 0 0 0 0 0 0 0 0 0 0 380 7307264 1330750 1823442 16583508 15809817 15447816 9671 945343 2834918 121063 16044521 15535873 1137693 14708031 15241512 1835146 14209675 15287576 15638058 15658358 16551639 14675101 816771 2927823 1117351 15710595 1423373 2192054 15491946 81703 845184 274686 2808463 15029298 15769481
B -868213 -868213 124226 124226 765019 765019 109724 109724 100301 100301 928504 928504 -673712 -673712 525584 525584 -209815 -209815 156997 156997 -352296 -352296 -469837 -469837 -251228 -251228 1211524 1211524 -42424 -42424 -132256 -132256
S 0 0 0 0 8323072 8323072 8323072 8323072 8323072 8323072 8323072 8323072 0 0 0 0 1356280 0 12453360 0 1356280 0 12453360 0 1356280 0 12453360 0 1353493 6307840 380 7307264 5895133 5895133 5895133 15303313 957349 112120 14659240 112120 14659240 16459563 16565847 6874496 15714485 15714485 15714485 7498563 7498563 7498563 7896325 7896325 7896325 0 0 0 0 0 0 0 0 0 0 0 380 7307264 15029298 15769481 14279081 15802501 16227402 1046721 1135019 1925058 986818 16229296 884369 16294053 1641198 2072818 14751279 16108308 2003739 98597 16396132 16319043 16350230 1054977 1308918 14059116 13892125 1005746 16169788 16379734 1881816 2964283 15782063 825457 16459563 16565847
B -390077 -390077 727717 727717 -725861 -725861 429483 429483 350600 350600 -1130332 -1130332 90375 90375 100881 100881 982357 982357 25614 25614 810763 810763 325398 325398 276125 276125 -895421 -895421 413567 413567 -102304 -102304
S 0 0 0 0 8323072 8323072 8323072 8323072 8323072 8323072 8323072 8323072 0 0 0 0 1355768 0 12453360 0 1355768 0 12453360 0 1355768 0 12453360 0 1353646 2748416 380 7307264 7730219 7730219 7730219 15138724 732593 15709204 14655512 15709204 14655512 15796163 571837 6874488 2263366 2263366 2263366 8034505 8034505 8034505 7896325 7896325 7896325 0 0 0 0 0 0 0 0 0 0 0 380 7307264 16459563 16565847 16465260 15528866 874117 2036752 15694129 14956859 539946 1177988 1704906 16474710 15251150 13781956 190244 171257 1273495 15907246 2225527 1703901 14667408 2212265 1864492 1378560 1191695 109899 1867073 16014644 14094413 15878338 1367525 286744 15796163 571837
B -646124 -646124 902399 902399 -733769 -733769 -266884 -266884 -33956 -33956 618916 618916 496446 496446 434617 434617 458024 458024 508393 508393 -468983 -468983 -627895 -627895 47148 47148 -583556 -583556 -494632 -494632 -177122 -177122
S 0 0 0 0 8323072 8323072 8323072 8323072 8323072 8323072 8323072 8323072 0 0 0 0 1355256 0 12453360 0 1355256 0 12453360 0 1355256 0 12453360 0 1359766 10543104 380 7307264 8388449 8388449 8388449 1734082 1933058 16199096 822501 16199096 822501 15920956 147773 6885731 5280901 5280901 5280901 7746037 7746037 7746037 7896325 7896325 7896325 0 0 0 0 0 0 0 0 0 0 0 380 7307264 15796163 571837 16077030 14892906 1423184 2186414 14580666 16038692 15654857 54825 357911 16283484 15963458 3289422 3136603 15626398 1403570 334900 1070496 761603 16071191 2739597 16132051 15546452 15240152 15802701 511069 16454741 274010 14168984 14072969 725719 15920956 147773
B 946365 946365 343482 343482 -450023 -450023 -427049 -427049 521207 521207 -796696 -796696 243599 243599 340987 340987 -915818 -915818 186179 186179 -10455 -10455 893472 893472 150615 150615 -175348 -175348 -1014123 -1014123 420019 420019
S 0 0 0 0 8323072 8323072 8323072 8323072 8323072 8323072 8323072 8323072 0 0 0 0 1354744 0 12453360 0 1354744 0 12453360 0 1354744 0 12453360 0 1359284 4218880 380 7307264 7769614 7769614 7769614 2043215 1508201 16152514 16709332 16152514 16709332 312840 1367239 8400958 7551651 7551651 7551651 6911484 6911484 6911484 7896325 7896325 7896325 0 0 0 0 0 0 0 0 0 0 0 380 7307264 15920956 147773 1790726 1994734 16273135 1878010 15649060 16105283 16288532 15557707 1040782 1044046 15576295 14791354 16732309 1019304 1372169 16768997 15851082 14040080 16690682 831252 1133741 15601657 2097238 1476653 14949847 2429831 387808 15688018 13564012 15933928 312840 1367239
B 171203 171203 -13553 -13553 -408700 -408700 902953 902953 -1301917 -1301917 1083914 1083914 189724 189724 207842 207842 -890558 -890558 -300711 -300711 -462432 -462432 -455110 -455110 -644866 -644866 625731 625731 606614 606614 -313358 -313358
S 0 0 0 0 8323072 8323072 8323072 8323072 8323072 8323072 8323072 8323072 0 0 0 0 1354232 0 12453360 0 1354232 0 12453360 0 1354232 0 12453360 0 1351807 11169792 380 7307264 5967925 5967925 5967925 1493400 2046930 15179568 1196232 15179568 1196232 15185339 338445 8400867 8026214 8026214 8026214 4376048 4376048 4376048 7896325 7896325 7896325 0 0 0 0 0 0 0 0 0 0 0 380 7307264 312840 1367239 790874 16671156 16573429 149575 15896813 16022821 1832045 1779767 14335082 14011684 3326600 1009057 658666 100232 603488 227882 16529701 13462502 14436218 1138154 15136060 16568645 16343414 15390580 16624481 14350489 1694918 808008 1153408 1273050 15185339 338445
B 915531 915531 -53401 -53401 -193653 -193653 415496 415496 -233413 -233413 112527 112527 -601276 -601276 -455425 -455425 -218842 -218842 -466328 -466328 -414940 -414940 1310163 1310163 4267 4267 527373 527373 328009 328009 672865 672865
S 0 0 0 0 8323072 8323072 8323072 8323072 8323072 8323072 8323072 8323072 0 0 0 0 1353720 0 12453360 0 1353720 0 12453360 0 1353720 0 12453360 0 1357310 5611520 380 7307264 3257674 3257674 3257674 16133410 15048148 16499642 1685567 16499642 1685567 157436 2534027 8525354 7736513 7736513 7736513 1168355 1168355 1168355 7896325 7896325 7896325 0 0 0 0 0 0 0 0 0 0 0 380 7307264 15185339 338445 1614349 2047777 503529 16060086 16374049 16405772 16458913 1980288 702211 15141356 15788283 1439042 15323284 15826044 1026805 13928713 16114268 16564798 15563445 16125676 14351756 765701 3026268 2214385 16323799 470485 2983921 15902789 16776785 1312470 157436 2534027
B -621298 -621298 -724932 -724932 38742 38742 684141 684141 -195686 -195686 -22125 -22125 789211 789211 -968173 -968173 785943 785943 154774 154774 98014 98014 -635678 -635678 -463763 -463763 -194550 -194550 961589 961589 356201 356201
S 0 0 0 0 8323072 8323072 8323072 8323072 8323072 8323072 8323072 8323072 0 0 0 0 1353208 0 12453360 0 1353208 0 12453360 0 1353208 0 12453360 0 1357196 4485120 380 7307264 51472 51472 51472 16310304 14951065 15873236 1699165 15873236 1699165 16456409 1745613 8525355 6846677 6846677 6846677 14614575 14614575 14614575 7896325 7896325 7896325 0 0 0 0 0 0 0 0 0 0 0 380 7307264 157436 2534027 15312049 15757193 14895391 15759314 15570010 1362174 2048710 687856 16103404 16668285 610212 16078504 1146343 2010501 14982469 14699271 2443921 699853 742008 16654304 16589958 579317 724816 13509690 13770538 1151627 16132220 16644013 1604377 2241982 16456409 1745613
B -471677 -471677 -428154 -428154 491469 491469 -791710 -791710 213709 213709 348150 348150 -898830 -898830 203664 203664 -29501 -29501 887139 887139 181857 181857 280180 280180 212375 212375 477263 477263 -1265533 -1265533 49507 49507
S 0 0 0 0 8323072 8323072 8323072 8323072 8323072 8323072 8323072 8323072 0 0 0 0 1352696 0 12453360 0 1352696 0 12453360 0 1352696 0 12453360 0 1358474 8290304 380 7307264 13614649 13614649 13614649 14800445 16621569 14639893 843357 14639893 843357 15905929 1069317 8524339 4283577 4283577 4283577 11582218 11582218 11582218 7896325 7896325 7896325 0 0 0 0 0 0 0 0 0 0 0 380 7307264 16456409 1745613 15463076 16204648 16363912 15477906 974661 991217 15637524 14750071 16613363 1018689 1382895 9705 15872651 14086463 16701029 890844 1080929 15578286 2103631 1444925 14961955 2542690 1316815 16581122 389789 459712 1970838 16715431 14911401 13580902 15905929 1069317
ENDSET
SET 3 A=16000
P 11 64 21 64 32 64 64 64
B 1160 1160 36007 36007 201231 201231 489629 489629 795142 795142 1024917 1024917 827860 827860 24509 24509 -865538 -865538 -857110 -857110 297862 297862 1005610 1005610 -120680 -120680 -966471 -966471 444755 444755 618807 618807
S 0 0 0 0 720896 4194304 1376256 4194304 2097152 4194304 4194304 4194304 0 0 0 0 1355356 7340032 80156 14680064 1359032 14680064 160313 12582912 1354517 5242880 240470 10485760 1351840 15070720 1486 1281024 9583516 7400743 16357172 15039892 14975569 913771 16619879 913771 16619879 1241539 1233690 108791 16401001 437525 16526020 457118 349245 16247913 8388606 8388606 8388606 0 0 0 0 0 0 0 0 0 0 0 1486 1281024 0 0 0 4640 66388 77640 405682 399244 979670 978847 1580782 1599786 2051775 2047894 1658059 1653381 41083 56953 15042331 15049949 15064072 15061922 599704 591746 2000966 2021476 16541684 16530029 14847120 14841431 885849 893171 1241539 1233690
B -936731 -936731 427127 427127 401359 401359 -958091 -958091 937109 937109 -344846 -344846 -460623 -460623 1026946 1026946 -953988 -953988 222153 222153 638751 638751 -1030433 -1030433 697102 697102 66021 66021 -799598 -799598 1049833 1049833
S 0 0 0 0 720896 4194304 1376256 4194304 2097152 4194304 4194304 4194304 0 0 0 0 1356280 7340032 80156 14680064 1352688 14680064 160313 12582912 1357289 5242880 240470 10485760 1359186 12273152 1486 1281024 8507276 14005008 7340653 16114395 14692116 2078434 1282908 2078434 1282908 2098086 2101248 33420 15946538 16593202 615967 16676575 16775124 16584786 8388606 8388606 8388606 0 0 0 0 0 0 0 0 0 0 0 1486 1281024 1241539 1233690 14911782 14895726 865631 842878 783852 821584 14866107 14855961 1863598 1884841 16106986 16068064 15853179 15858763 2045850 2061936 14859352 14879130 441021 447593 1293546 1261459 14712024 14720677 1393375 1395034 122477 141609 15194097 15161945 2098086 2101248
B -632788 -632788 -209004 -209004 919259 919259 -979487 -979487 432647 432647 366123 366123 -937420 -937420 979940 979940 -412206 -412206 -465181 -465181 1026225 1026225 -895442 -895442 177611 177611 614640 614640 -1033048 -1033048 777343 777343
S 0 0 0 0 720896 4194304 1376256 4194304 2097152 4194304 4194304 4194304 0 0 0 0 1357204 7340032 80156 14680064 1354536 14680064 160313 12582912 1351869 5242880 240470 10485760 1358145 6051328 1486 1281024 11413687 8529301 9457286 795096 15402387 1964393 2050483 1964393 2050483 1527428 1581946 16699645 16333138 16242433 16381972 382196 282058 436110 8388606 8388606 8388606 0 0 0 0 0 0 0 0 0 0 0 1486 1281024 2098086 2101248 15530926 15492356 16337935 16380481 1848254 1828785 14802829 14833657 885595 844996 711230 753262 14917449 14887305 1924937 1994824 15978156 15927453 15826880 15866828 2087873 2017027 14956156 15016509 378886 331560 1202822 1255738 14753497 14668744 1527428 1581946
B 57189 57189 -878715 -878715 1035198 1035198 -394755 -394755 -478987 -478987 995785 995785 -801520 -801520 -5162 -5162 850830 850830 -1060499 -1060499 417239 417239 489695 489695 -989028 -989028 755765 755765 30601 30601 -828859 -828859
S 0 0 0 0 720896 4194304 1376256 4194304 2097152 4194304 4194304 4194304 0 0 0 0 1358128 7340032 80156 14680064 1356384 14680064 160313 12582912 1354641 5242880 240470 10485760 1355934 13919744 1486 1281024 125860 251691 377466 1807343 1758635 15644230 192877 15644230 192877 15091455 15147542 16733101 16723612 125099 220282 782191 457289 16266277 8388606 8388606 8388606 0 0 0 0 0 0 0 0 0 0 0 1486 1281024 1527428 1581946 142257 86499 14975410 15064165 2101704 2039091 15967232 16008180 15845543 15792944 1951614 2031528 15196376 15151976 16741891 14680 1741691 1661631 14630498 14681940 846864 822094 961095 997687 14830419 14767901 1500221 1522841 75090 47315 15091455 15147542
B 1072650 1072650 -518122 -518122 -379928 -379928 966882 966882 -855633 -855633 179145 179145 621355 621355 -1067143 -1067143 817389 817389 -28324 -28324 -776922 -776922 1016034 1016034 -603193 -603193 -168214 -168214 856832 856832 -1048037 -1048037
S 0 0 0 0 720896 4194304 1376256 4194304 2097152 4194304 4194304 4194304 0 0 0 0 1359052 7340032 80156 14680064 1358232 14680064 160313 12582912 1357413 5242880 240470 10485760 1354956 15156736 1486 1281024 5554636 8324829 6921928 545462 2063421 14683049 15392477 14683049 15392477 14703547 14658737 16710131 397002 390990 705766 624047 16336410 11137 8388606 8388606 8388606 0 0 0 0 0 0 0 0 0 0 0 1486 1281024 15091455 15147542 2158443 2132160 15740816 15741129 16026291 16008432 1915312 1952216 15062975 15068927 358257 358324 1257352 1228069 14647690 14638170 1622025 1647532 16722332 16718807 15223102 15223645 2052490 2011646 15555024 15586638 16442310 16439268 1689174 1738155 14703547 14658737
B 591444 591444 299593 299593 -959126 -959126 943914 943914 -298082 -298082 -529184 -529184 1025860 1025860 -855337 -855337 28759 28759 824835 824835 -1028118 -1028118 438445 438445 443741 443741 -991094 -991094 843385 843385 -33660 -33660
S 0 0 0 0 720896 4194304 1376256 4194304 2097152 4194304 4194304 4194304 0 0 0 0 1351784 7340032 80156 14680064 1351888 14680064 160313 12582912 1351993 5242880 240470 10485760 1352905 2061824 1486 1281024 8308401 2292329 9101279 14793708 16465983 16063371 15063529 16063371 15063529 16743144 16676650 16569718 795492 270760 16546478 318913 16266525 617726 8388606 8388606 8388606 0 0 0 0 0 0 0 0 0 0 0 1486 1281024 14703547 14658737 1165742 1200036 621440 576933 14826052 14891876 1912865 1862792 16165346 16196760 15754773 15682926 2025842 2077601 15094856 15038229 23620 91416 1686301 1613041 14695586 14746377 897182 856600 849595 925371 14819958 14770099 1657159 1716381 16743144 16676650
B -827712 -827712 1044069 1044069 -428452 -428452 -473803 -473803 978803 978803 -795319 -795319 34813 34813 777670 777670 -1076174 -1076174 597873 597873 287361 287361 -917603 -917603 919573 919573 -318354 -318354 -489390 -489390 1039084 1039084
S 0 0 0 0 720896 4194304 1376256 4194304 2097152 4194304 4194304 4194304 0 0 0 0 1352708 7340032 80156 14680064 1353736 14680064 160313 12582912 1354765 5242880 240470 10485760 1359636 14829056 1486 1281024 7060993 9152909 1171565 15441944 14750500 1738337 617227 1738337 617227 2074330 2082008 16726215 571169 16511117 425077 16535328 578686 16374042 8388606 8388606 8388606 0 0 0 0 0 0 0 0 0 0 0 1486 1281024 16743144 16676650 15086387 15157200 2108914 2067362 15902272 15938352 15861699 15797523 1939429 1975783 15209227 15163929 44589 94666 1580866 1529815 14614220 14635516 1210535 1180959 551821 597623 14946018 14938003 1828404 1849890 16155278 16125738 15790308 15806566 2074330 2082008
B -919755 -919755 180205 180205 655392 655392 -1019191 -1019191 712791 712791 15276 15276 -775321 -775321 1079705 1079705 -686725 -686725 -198881 -198881 917477 917477 -954710 -954710 358207 358207 490155 490155 -1031880 -1031880 882144 882144
S 0 0 0 0 720896 4194304 1376256 4194304 2097152 4194304 4194304 4194304 0 0 0 0 1353632 7340032 80156 14680064 1355584 14680064 160313 12582912 1357537 5242880 240470 10485760 1358228 1840640 1486 1281024 2413140 12154941 6440640 689178 15294041 2039941 1999747 2039941 1999747 1745515 1783062 16553103 272003 16237351 764368 16205047 276447 208834 8388606 8388606 8388606 0 0 0 0 0 0 0 0 0 0 0 1486 1281024 2074330 2082008 14929605 14945809 368345 352476 1326893 1294675 14734638 14743033 1421687 1429477 19692 41413 15242192 15210956 2156762 2162060 15412591 15394941 16349195 16409713 1847732 1822178 14863092 14872500 738763 694065 959577 1001045 14725157 14701757 1745515 1783062
B -55220 -55220 -816900 -816900 1011340 1011340 -442041 -442041 -447666 -447666 1004945 1004945 -849798 -849798 32478 32478 837139 837139 -1024026 -1024026 423703 423703 468876 468876 -981803 -981803 823374 823374 -90072 -90072 -742073 -742073
S 0 0 0 0 720896 4194304 1376256 4194304 2097152 4194304 4194304 4194304 0 0 0 0 1354556 7340032 80156 14680064 1357432 14680064 160313 12582912 1352117 5242880 240470 10485760 1356190 11691520 1486 1281024 13380379 6211765 8814650 1937147 1537079 15889350 449485 15889350 449485 15282928 15303215 16748029 16474368 589041 16623729 15940816 16555059 703011 8388606 8388606 8388606 0 0 0 0 0 0 0 0 0 0 0 1486 1281024 1745515 1783062 16702324 16631229 15128205 15158628 2031818 2013544 15867049 15919219 15905402 15858368 1996511 2023270 15097187 15058056 29103 100809 1689326 1659231 14719158 14739171 871460 823353 916054 959452 14823775 14803446 1631459 1662040 16627616 16566529 15282928 15303215
B 1073619 1073619 -664838 -664838 -198430 -198430 866543 866543 -964270 -964270 453138 453138 352871 352871 -981089 -981089 1007162 1007162 -347856 -347856 -500369 -500369 991113 991113 -831208 -831208 167394 167394 643199 643199 -1091997 -1091997
S 0 0 0 0 720896 4194304 1376256 4194304 2097152 4194304 4194304 4194304 0 0 0 0 1355480 7340032 80156 14680064 1359280 14680064 160313 12582912 1354889 5242880 240470 10485760 1355200 1607168 1486 1281024 9206256 6520554 1955074 904271 2097029 14819753 15772588 14819753 15772588 14595232 14591213 16666850 16154000 339392 573292 16339145 16279446 16537673 8388606 8388606 8388606 0 0 0 0 0 0 0 0 0 0 0 1486 1281024 15282928 15303215 2158276 2136200 15427114 15467966 16391972 16368740 1729631 1736541 14856695 14840660 888190 924365 705264 706223 14805420 14824659 2023963 2004685 16086778 16076231 15773527 15779429 1980827 1983627 15117106 15112496 343942 325634 1293820 1278977 14595232 14591213
B 791642 791642 65383 65383 -846257 -846257 971921 971921 -438256 -438256 -412551 -412551 1027752 1027752 -918618 -918618 111173 111173 781552 781552 -1003530 -1003530 465223 465223 411699 411699 -1008783 -1008783 875893 875893 -77793 -77793
S 0 0 0 0 720896 4194304 1376256 4194304 2097152 4194304 4194304 4194304 0 0 0 0 1356404 7340032 80156 14680064 1352936 14680064 160313 12582912 1357661 5242880 240470 10485760 1352956 7001600 1486 1281024 8678168 12558095 5901137 14791395 16482902 16010617 15032985 16010617 15032985 16635549 16607712 16732177 15961028 16452357 829038 16748602 158604 418970 8388606 8388606 8388606 0 0 0 0 0 0 0 0 0 0 0 1486 1281024 14595232 14591213 1567428 1599143 134603 126929 15083361 15086043 1952125 1935562 15886226 15915183 15949067 15955162 2044325 2066685 14962312 14917648 215248 229447 1568538 1557670 14754166 14786149 951304 909588 822010 824786 14776847 14742454 1723985 1779589 16635549 16607712
B -805749 -805749 1021475 1021475 -463180 -463180 -404643 -404643 970608 970608 -880282 -880282 203969 203969 656329 656329 -1069520 -1069520 752762 752762 60853 60853 -786382 -786382 998806 998806 -612776 -612776 -179493 -179493 895117 895117
S 0 0 0 0 720896 4194304 1376256 4194304 2097152 4194304 4194304 4194304 0 0 0 0 1357328 7340032 80156 14680064 1354784 14680064 160313 12582912 1352241 5242880 240470 10485760 1351860 3360256 1486 1281024 12050432 8967321 8599991 14996497 15013625 1250454 16680315 1250454 16680315 1814030 1766438 141925 16351951 16416947 16675898 402966 474722 760606 8388606 8388606 8388606 0 0 0 0 0 0 0 0 0 0 0 1486 1281024 16635549 16607712 15154696 15176740 2065306 2020595 15825894 15875821 15972162 15963698 1921744 1960691 15046116 14987191 393904 421975 1327218 1298098 14610819 14665535 1527064 1483987 120910 122504 15221223 15187684 1971464 2023762 15558079 15545250 16402700 16433763 1814030 1766438
B -1070236 -1070236 515622 515622 343177 343177 -936600 -936600 919289 919289 -307279 -307279 -539283 -539283 1086621 1086621 -842471 -842471 -12086 -12086 809573 809573 -975183 -975183 438995 438995 420323 420323 -1045069 -1045069 897806 897806
S 0 0 0 0 720896 4194304 1376256 4194304 2097152 4194304 4194304 4194304 0 0 0 0 1358252 7340032 80156 14680064 1356632 14680064 160313 12582912 1355013 5242880 240470 10485760 1358175 4916736 1486 1281024 921813 1832460 2720913 724009 15366911 2000783 2009111 2000783 2009111 1793828 1797396 16672924 26782 142698 648970 801035 154600 16621221 8388606 8388606 8388606 0 0 0 0 0 0 0 0 0 0 0 1486 1281024 1814030 1766438 14623296 14650194 1031695 1030796 671279 701432 14924621 14883412 1835779 1841379 16180944 16144375 15681414 15715887 2182561 2163926 15088807 15095741 16767776 16738312 1605879 1632416 14824626 14829074 863787 892193 848702 832590 14684337 14689819 1793828 1797396
B -56252 -56252 -800714 -800714 983802 983802 -409231 -409231 -451316 -451316 1025507 1025507 -864464 -864464 60994 60994 791691 791691 -1019488 -1019488 485795 485795 351316 351316 -953654 -953654 931073 931073 -305580 -305580 -559260 -559260
S 0 0 0 0 720896 4194304 1376256 4194304 2097152 4194304 4194304 4194304 0 0 0 0 1359176 7340032 80156 14680064 1358480 14680064 160313 12582912 1357785 5242880 240470 10485760 1356477 5744128 1486 1281024 6126481 8369884 5308297 2070007 1180935 16295759 880291 16295759 880291 15635459 15681935 65009 417257 584756 831866 543385 16550329 565317 8388606 8388606 8388606 0 0 0 0 0 0 0 0 0 0 0 1486 1281024 1793828 1797396 16655888 16673539 15178381 15173197 1978212 1956996 15963421 15954089 15876510 15872660 2044841 2057188 15059987 15036589 120909 123068 1593765 1573001 14720325 14756157 973792 969390 692796 712469 14882915 14856901 1846984 1877311 16174710 16157405 15635459 15681935
B 1054849 1054849 -814914 -814914 61714 61714 701428 701428 -1009231 -1009231 732536 732536 26280 26280 -812970 -812970 1084800 1084800 -621603 -621603 -236695 -236695 886081 886081 -968431 -968431 400375 400375 479686 479686 -1071852 -1071852
S 0 0 0 0 720896 4194304 1376256 4194304 2097152 4194304 4194304 4194304 0 0 0 0 1351908 7340032 80156 14680064 1352136 14680064 160313 12582912 1352365 5242880 240470 10485760 1355246 1586688 1486 1281024 8380748 725328 8459242 1056388 2093639 14967238 15916951 14967238 15916951 14623726 14643301 16668846 811890 16772275 16736363 250483 16260116 827359 8388606 8388606 8388606 0 0 0 0 0 0 0 0 0 0 0 1486 1281024 15635459 15681935 2129200 2090199 15145345 15149434 140386 106473 1384207 1421508 14770652 14746857 1450249 1479897 83960 21161 15131803 15170750 2175200 2164000 15507185 15560838 16327969 16279684 1761672 1782652 14860513 14820196 768520 832983 978726 940019 14623726 14643301
B 863844 863844 -2531 -2531 -791099 -791099 983373 983373 -451150 -451150 -429169 -429169 1050247 1050247 -887813 -887813 21217 21217 802279 802279 -978358 -978358 415661 415661 438464 438464 -1019340 -1019340 903437 903437 -122250 -122250
S 0 0 0 0 720896 4194304 1376256 4194304 2097152 4194304 4194304 4194304 0 0 0 0 1352832 7340032 80156 14680064 1353984 14680064 160313 12582912 1355137 5242880 240470 10485760 1353153 2913792 1486 1281024 6599001 8628988 3462158 14871467 16772376 15938588 14977702 15938588 14977702 16537063 16528369 16752369 497189 16489076 695272 16453654 554353 16672339 8388606 8388606 8388606 0 0 0 0 0 0 0 0 0 0 0 1486 1281024 14623726 14643301 1758384 1696992 16749870 17223 15200899 15189139 1950675 1982820 15901233 15848602 15906228 15931531 2103904 2097085 14978675 15024505 54584 30287 1608898 1600221 14824436 14816565 816663 845983 877446 876413 14748242 14728833 1815159 1798590 16537063 16528369
ENDSET
SET 4 A=2048
P 43 64 53 64 64 64 64 64
B 148 148 4619 4619 28069 28069 94254 94254 217636 217636 346248 346248 443969 443969 549641 549641 696733 696733 800346 800346 887088 887088 962160 962160 989433 989433 1022774 1022774 1039651 1039651 1047773 1047773
S 0 0 0 0 2818048 4194304 3473408 4194304 4194304 4194304 4194304 4194304 0 0 0 0 1358291 11534336 1141819 6291456 1357659 9437184 1598547 2097152 1356711 6291456 2283638 12582912 1354207 12034048 190 3653632 3815726 12071715 9980965 2069316 2025183 2091928 2086168 2091928 2086168 2097065 2094030 16590347 379158 16506913 16605281 542109 16659260 16458885 8388606 8388606 8388606 0 0 0 0 0 0 0 0 0 0 0 190 3653632 0 0 0 594 8513 9965 56186 56092 185906 191113 438029 432518 688662 696330 889577 886301 1102238 1096328 1389255 1397680 1601932 1599454 1766786 1781566 1933926 1914716 1974230 1983502 2052157 2038939 2076339 2082266 2097065 2094030
B 1014442 1014442 938190 938190 812338 812338 637003 637003 366267 366267 8273 8273 -346179 -346179 -618070 -618070 -879667 -879667 -1034699 -1034699 -1036336 -1036336 -938204 -938204 -701346 -701346 -397477 -397477 -95562 -95562 231893 231893
S 0 0 0 0 2818048 4194304 3473408 4194304 4194304 4194304 4194304 4194304 0 0 0 0 1351999 11534336 1141819 6291456 1352127 9437184 1598547 2097152 1352319 6291456 2283638 12582912 1352697 12742656 190 3653632 9786967 12712300 7728655 893166 1234871 517569 632994 517569 632994 460373 467199 16746659 16247970 16469591 694747 288171 16008138 16671759 8388606 8388606 8388606 0 0 0 0 0 0 0 0 0 0 0 190 3653632 2097065 2094030 2027739 2030029 1877605 1875158 1620142 1629210 1277227 1270785 737529 727539 20517 12575 16079669 16090047 15540599 15541555 15023185 15012579 14706334 14709304 14708760 14700328 14896504 14905115 15375979 15373071 15970820 15993706 16594317 16577867 460373 467199
B 586260 586260 836602 836602 967003 967003 1049781 1049781 1001212 1001212 865578 865578 654485 654485 336464 336464 7270 7270 -281990 -281990 -566198 -566198 -833155 -833155 -985135 -985135 -1038181 -1038181 -1029321 -1029321 -906445 -906445
S 0 0 0 0 2818048 4194304 3473408 4194304 4194304 4194304 4194304 4194304 0 0 0 0 1353899 11534336 1141819 6291456 1354787 9437184 1598547 2097152 1356119 6291456 2283638 12582912 1359059 2850816 190 3653632 11377905 8383025 8512797 15145618 15316702 14980648 15040514 14980648 15040514 14968917 14959737 54622 16225920 822727 16003612 16694726 588506 18398 8388606 8388606 8388606 0 0 0 0 0 0 0 0 0 0 0 190 3653632 460373 467199 1177499 1167542 1660088 1686323 1941393 1926619 2093727 2105400 2008788 1996060 1729948 1732364 1314750 1303192 665212 680644 17368 11713 16217578 16208897 15649902 15639739 15109074 15112740 14803726 14810168 14704709 14697001 14714421 14722727 14968917 14959737
B -735574 -735574 -496136 -496136 -190394 -190394 129262 129262 407057 407057 655754 655754 889509 889509 1014628 1014628 1048350 1048350 996371 996371 844376 844376 634403 634403 387394 387394 94790 94790 -231824 -231824 -486763 -486763
S 0 0 0 0 2818048 4194304 3473408 4194304 4194304 4194304 4194304 4194304 0 0 0 0 1355799 11534336 1141819 6291456 1357447 9437184 1598547 2097152 1351727 6291456 2283638 12582912 1356954 14397440 190 3653632 5767078 13258015 8376039 15564297 15340742 15789428 15713605 15789428 15713605 15812861 15794519 30450 563266 16352078 794943 16526603 249416 133243 8388606 8388606 8388606 0 0 0 0 0 0 0 0 0 0 0 190 3653632 14968917 14959737 15303799 15308340 15787227 15782661 16383249 16409608 265152 251899 811372 816857 1317272 1305747 1767660 1790376 2035366 2023146 2090567 2102833 1999371 1986114 1685397 1692107 1279054 1258558 765552 784025 192429 186733 16314673 16312463 15812861 15794519
B -697077 -697077 -906865 -906865 -1021723 -1021723 -1051692 -1051692 -994981 -994981 -856977 -856977 -640549 -640549 -407905 -407905 -100751 -100751 249873 249873 504959 504959 722227 722227 923367 923367 1031981 1031981 1048611 1048611 992754 992754
S 0 0 0 0 2818048 4194304 3473408 4194304 4194304 4194304 4194304 4194304 0 0 0 0 1357699 11534336 1141819 6291456 1351915 9437184 1598547 2097152 1355527 6291456 2283638 12582912 1354738 9785344 190 3653632 6705795 11578008 8719423 1859702 1690699 1982560 1938014 1982560 1938014 1980704 1990313 16638530 604537 16339599 16064683 16585480 15963601 16510816 8388606 8388606 8388606 0 0 0 0 0 0 0 0 0 0 0 190 3653632 15812861 15794519 15377744 15388380 14964395 14962579 14731844 14735698 14676194 14671472 14785908 14788603 15065945 15060582 15494973 15497266 15953901 15968914 16575022 16576408 502935 496559 1011974 1007864 1436658 1452253 1848162 1845308 2059800 2068124 2103545 2090901 1980704 1990313
B 862344 862344 663422 663422 457510 457510 160779 160779 -163804 -163804 -414628 -414628 -648589 -648589 -864929 -864929 -1011258 -1011258 -1044430 -1044430 -1014328 -1014328 -887862 -887862 -693416 -693416 -478353 -478353 -196126 -196126 110394 110394
S 0 0 0 0 2818048 4194304 3473408 4194304 4194304 4194304 4194304 4194304 0 0 0 0 1359599 11534336 1141819 6291456 1354575 9437184 1598547 2097152 1359327 6291456 2283638 12582912 1352322 8589312 190 3653632 12529281 8222919 7326009 541750 790371 255459 357829 255459 357829 219875 221701 16695796 16288202 821070 557094 332587 486683 345634 8388606 8388606 8388606 0 0 0 0 0 0 0 0 0 0 0 190 3653632 1980704 1990313 1733773 1715606 1318915 1334774 918240 911800 318773 324343 16463852 16435366 15940250 15955672 15483700 15476378 15040930 15053789 14764479 14744923 14682021 14694693 14755164 14741959 14995534 15007453 15391570 15389200 15811595 15829426 16392837 16377091 219875 221701
B 378335 378335 602771 602771 814208 814208 980467 980467 1037866 1037866 1039362 1039362 939874 939874 770960 770960 551776 551776 283527 283527 -50658 -50658 -358866 -358866 -585963 -585963 -812330 -812330 -982233 -982233 -1043531 -1043531
S 0 0 0 0 2818048 4194304 3473408 4194304 4194304 4194304 4194304 4194304 0 0 0 0 1353307 11534336 1141819 6291456 1357235 9437184 1598547 2097152 1354935 6291456 2283638 12582912 1358250 1208320 190 3653632 9109085 14537154 10558968 14681115 14708875 14678081 14682151 14678081 14682151 14695465 14684843 94088 16301988 16472012 16329159 347807 373314 16287296 8388606 8388606 8388606 0 0 0 0 0 0 0 0 0 0 0 190 3653632 219875 221701 753396 759944 1199188 1211899 1631515 1625318 1961744 1960126 2075681 2075786 2079183 2078268 1879373 1880125 1540536 1543306 1103058 1104047 576774 557334 16674451 16677351 16058317 16060652 15601715 15608865 15161298 15143814 14809435 14816065 14695465 14684843
B -1035795 -1035795 -937035 -937035 -766709 -766709 -556374 -556374 -305307 -305307 39063 39063 340311 340311 564897 564897 807611 807611 980727 980727 1049166 1049166 1024321 1024321 915847 915847 716542 716542 492473 492473 223245 223245
S 0 0 0 0 2818048 4194304 3473408 4194304 4194304 4194304 4194304 4194304 0 0 0 0 1355207 11534336 1141819 6291456 1351703 9437184 1598547 2097152 1358735 6291456 2283638 12582912 1356143 11673600 190 3653632 2510781 10580878 4791356 28600 16487958 409361 274057 409361 274057 454120 438861 16697482 312976 16232263 326216 16250282 15952796 620314 8388606 8388606 8388606 0 0 0 0 0 0 0 0 0 0 0 190 3653632 14695465 14684843 14699161 14712091 14907383 14898912 15233712 15253886 15673041 15655898 16163288 16169916 80761 75494 666418 694828 1137945 1121644 1610753 1619692 1968116 1954795 2090602 2106063 2054338 2042948 1824983 1838406 1438077 1428094 986381 983513 454120 438861
B -123944 -123944 -413848 -413848 -641702 -641702 -857419 -857419 -1002609 -1002609 -1053092 -1053092 -1005742 -1005742 -883741 -883741 -658456 -658456 -409546 -409546 -115464 -115464 229191 229191 530933 530933 760302 760302 928780 928780 1038492 1038492
S 0 0 0 0 2818048 4194304 3473408 4194304 4194304 4194304 4194304 4194304 0 0 0 0 1357107 11534336 1141819 6291456 1354363 9437184 1598547 2097152 1354343 6291456 2283638 12582912 1354122 16359424 190 3653632 8236928 7845882 13658648 2097067 2070650 2088586 2093091 2088586 2093091 2069191 2084777 16687693 290596 798222 16639809 16225574 372538 16113792 8388606 8388606 8388606 0 0 0 0 0 0 0 0 0 0 0 190 3653632 454120 438861 16522637 16536022 15949183 15949858 15498235 15489392 15065672 15059085 14771738 14772261 14668945 14673122 14766817 14764648 15003890 15015579 15464019 15456591 15957264 15958986 16549499 16543077 445263 471501 1066450 1057283 1518367 1522842 1863251 1851869 2069191 2084777
B 1039920 1039920 954393 954393 789703 789703 522578 522578 248959 248959 -39645 -39645 -369834 -369834 -670591 -670591 -866812 -866812 -988016 -988016 -1054248 -1054248 -986064 -986064 -854291 -854291 -626382 -626382 -310370 -310370 -19553 -19553
S 0 0 0 0 2818048 4194304 3473408 4194304 4194304 4194304 4194304 4194304 0 0 0 0 1359007 11534336 1141819 6291456 1357023 9437184 1598547 2097152 1358143 6291456 2283638 12582912 1352224 3637248 190 3653632 16132444 15875390 1285729 262315 549892 16765335 92322 16765335 92322 16737016 16739205 208771 16638104 16600018 112038 549467 487385 860709 8388606 8388606 8388606 0 0 0 0 0 0 0 0 0 0 0 190 3653632 2069191 2084777 2086968 2072715 1900505 1917070 1585515 1573299 1043161 1047151 509824 486013 16689134 16706721 16040042 16035057 15434202 15437867 15053189 15033998 14795766 14806604 14672803 14664637 14800823 14809354 15067122 15070148 15521900 15527005 16161705 16151248 16737016 16739205
B 256734 256734 565138 565138 829728 829728 966201 966201 1035767 1035767 1027416 1027416 899071 899071 727280 727280 450556 450556 115333 115333 -185857 -185857 -461809 -461809 -737908 -737908 -947028 -947028 -1026162 -1026162 -1043646 -1043646
S 0 0 0 0 2818048 4194304 3473408 4194304 4194304 4194304 4194304 4194304 0 0 0 0 1352715 11534336 1141819 6291456 1359683 9437184 1598547 2097152 1353751 6291456 2283638 12582912 1358598 118784 190 3653632 8394219 9747214 613093 14758359 14881156 14695359 14711958 14695359 14711958 14696262 14683587 16715878 16517552 16139305 115557 585791 15963741 16032330 8388606 8388606 8388606 0 0 0 0 0 0 0 0 0 0 0 190 3653632 16737016 16739205 506468 520471 1127855 1132697 1659843 1659070 1937234 1927570 2065745 2077323 2060886 2048779 1791344 1804940 1458601 1450522 899256 902969 243863 217472 16397356 16413649 15857504 15849693 15294843 15307960 14895055 14871268 14717880 14731907 14696262 14683587
B -959805 -959805 -793359 -793359 -583506 -583506 -295927 -295927 31052 31052 333353 333353 586103 586103 821736 821736 994353 994353 1043894 1043894 1023010 1023010 891394 891394 685618 685618 437127 437127 157890 157890 -170962 -170962
S 0 0 0 0 2818048 4194304 3473408 4194304 4194304 4194304 4194304 4194304 0 0 0 0 1354615 11534336 1141819 6291456 1354151 9437184 1598547 2097152 1357551 6291456 2283638 12582912 1356546 9039872 190 3653632 15522888 7261862 14296764 16064110 15834466 16389299 16261879 16389299 16261879 16431297 16439289 16708782 16622525 754316 16563416 16251658 248565 636425 8388606 8388606 8388606 0 0 0 0 0 0 0 0 0 0 0 190 3653632 14696262 14683587 14851201 14864012 15192137 15188860 15601985 15618426 16193741 16176983 60146 64062 663261 670151 1166065 1178350 1646236 1640708 1990140 1987273 2086664 2088913 2048145 2043895 1780914 1784663 1371003 1371472 872620 875890 327625 303935 16431297 16439289
B -469563 -469563 -679044 -679044 -877793 -877793 -1016204 -1016204 -1049536 -1049536 -1006020 -1006020 -868268 -868268 -649368 -649368 -398641 -398641 -123859 -123859 229237 229237 529346 529346 730107 730107 921006 921006 1031950 1031950 1048858 1048858
S 0 0 0 0 2818048 4194304 3473408 4194304 4194304 4194304 4194304 4194304 0 0 0 0 1356515 11534336 1141819 6291456 1356811 9437184 1598547 2097152 1353159 6291456 2283638 12582912 1354399 925696 190 3653632 8098838 460200 4220511 2046610 1961735 2085970 2072701 2085970 2072701 2092970 2102463 16768124 301148 16732698 311352 16237224 588598 16248489 8388606 8388606 8388606 0 0 0 0 0 0 0 0 0 0 0 190 3653632 16431297 16439289 15839015 15837165 15414339 15423917 15031344 15011918 14740000 14749619 14684386 14671904 14758572 14771783 15044292 15037070 15467973 15488990 15988799 15971070 16526509 16532488 459467 457481 1046654 1070733 1467449 1452981 1838141 1845884 2069416 2058384 2092970 2102463
B 982293 982293 842572 842572 621530 621530 393408 393408 129594 129594 -209000 -209000 -486682 -486682 -696576 -696576 -891265 -891265 -1019901 -1019901 -1052265 -1052265 -989287 -989287 -856568 -856568 -626089 -626089 -389191 -389191 -121015 -121015
S 0 0 0 0 2818048 4194304 3473408 4194304 4194304 4194304 4194304 4194304 0 0 0 0 1358415 11534336 1141819 6291456 1359471 9437184 1598547 2097152 1356959 6291456 2283638 12582912 1352125 13787136 190 3653632 3089053 9099010 11033248 110446 417367 16574158 16702812 16574158 16702812 16539654 16530720 16745212 298395 16063175 16299298 317732 15996147 344837 8388606 8388606 8388606 0 0 0 0 0 0 0 0 0 0 0 190 3653632 2092970 2102463 1968419 1960756 1680147 1690141 1245907 1240213 791695 781938 263494 254883 16354272 16364160 15802050 15805655 15390419 15377709 14995422 14993951 14739425 14735404 14668522 14676850 14801607 14795678 15056227 15071935 15531081 15518996 15996287 16001382 16539654 16530720
B 191265 191265 467384 467384 684315 684315 857420 857420 1001528 1001528 1049082 1049082 1019592 1019592 918352 918352 720502 720502 489885 489885 228124 228124 -86245 -86245 -411817 -411817 -650252 -650252 -832165 -832165 -996477 -996477
S 0 0 0 0 2818048 4194304 3473408 4194304 4194304 4194304 4194304 4194304 0 0 0 0 1352123 11534336 1141819 6291456 1353939 9437184 1598547 2097152 1352567 6291456 2283638 12582912 1357948 12484608 190 3653632 9378177 6486266 6972636 14705750 14680304 14776670 14751248 14776670 14751248 14786927 14781598 16620602 16250819 690510 546156 291316 118035 16507714 8388606 8388606 8388606 0 0 0 0 0 0 0 0 0 0 0 190 3653632 16539654 16530720 367886 397175 941442 928094 1365511 1371750 1720942 1708739 1993897 2012216 2104465 2091866 2032009 2046362 1842914 1830497 1438579 1443429 990470 969071 447567 464929 16606927 16602526 15953744 15953421 15486502 15466925 15107345 15118427 14786927 14781598
B -1046578 -1046578 -1028618 -1028618 -927546 -927546 -744339 -744339 -521857 -521857 -288151 -288151 20508 20508 354362 354362 583940 583940 787590 787590 972197 972197 1045219 1045219 1034401 1034401 929568 929568 740743 740743 499718 499718
S 0 0 0 0 2818048 4194304 3473408 4194304 4194304 4194304 4194304 4194304 0 0 0 0 1354023 11534336 1141819 6291456 1356599 9437184 1598547 2097152 1356367 6291456 2283638 12582912 1355676 13885440 190 3653632 12011970 1810086 8933754 746785 497680 969703 889777 969703 889777 992336 1006537 139047 16225892 89337 16102052 16546124 674283 127077 8388606 8388606 8388606 0 0 0 0 0 0 0 0 0 0 0 190 3653632 14786927 14781598 14680408 14687714 14721707 14718253 14920042 14924208 15292640 15284437 15731837 15735168 16194253 16207575 38236 43799 712413 705035 1170536 1165225 1568116 1582245 1945772 1943018 2086446 2094432 2073999 2063606 1856013 1862262 1490946 1472026 992336 1006537
ENDSET
SET 5 A=24000
P 75 64 85 64 96 64 64 64
B 1739 1739 53848 53848 300444 300444 727567 727567 1018912 1018912 698382 698382 -326376 -326376 -988699 -988699 -41602 -41602 963019 963019 -352877 -352877 -579678 -579678 866903 866903 -593650 -593650 150031 150031 226815 226815
S 0 0 0 0 4915200 4194304 5570560 4194304 6291456 4194304 4194304 4194304 0 0 0 0 1355157 3145728 1683294 6291456 1355477 2097152 2404706 4194304 1358634 6291456 3366588 12582912 1356292 2992384 2229 1921536 13895593 12748580 11364682 281578 2042719 16108175 14698090 16108175 14698090 313011 594250 18064 16463683 40880 16281039 16154546 193194 15927034 8388606 8388606 8388606 0 0 0 0 0 0 0 0 0 0 0 2229 1921536 0 0 0 6958 99345 116047 605613 596163 1452639 1457630 2037901 2037748 1400258 1393273 16138137 16110793 14804847 14794791 16695695 16692332 1917064 1935012 16078936 16063988 15608744 15626977 1756945 1710668 15535858 15643974 388801 211323 313011 594250
B -478133 -478133 534304 534304 -509608 -509608 462558 462558 -417640 -417640 379777 379777 -350003 -350003 326756 326756 -308491 -308491 290718 290718 -273312 -273312 255561 255561 -238556 -238556 222502 222502 -208608 -208608 195351 195351
S 0 0 0 0 4915200 4194304 5570560 4194304 6291456 4194304 4194304 4194304 0 0 0 0 1358177 3145728 1683294 6291456 1358621 2097152 2404706 4194304 1356482 6291456 3366588 12582912 1354848 13027584 2229 1921536 7743118 7909290 10820039 15096037 1424328 2042904 15869688 2042904 15869688 2210802 15347820 16529553 405744 419614 16476221 16352698 16368011 16313124 8388606 8388606 8388606 0 0 0 0 0 0 0 0 0 0 0 2229 1921536 313011 594250 16039433 15602467 487708 1649509 16668607 14847393 16605209 2022242 283647 14823009 16532986 1763339 89643 15287564 162012 1145014 16255641 16064828 1024882 137990 15103168 580801 2349625 15449838 13923109 1899886 3006254 14660972 14017351 1925434 2210802 15347820
B -185913 -185913 179340 179340 -173206 -173206 163825 163825 -152960 -152960 140032 140032 -123128 -123128 104200 104200 -86099 -86099 67005 67005 -48905 -48905 31482 31482 -10689 -10689 -12730 -12730 37721 37721 -62485 -62485
S 0 0 0 0 4915200 4194304 5570560 4194304 6291456 4194304 4194304 4194304 0 0 0 0 1353005 3145728 1683294 6291456 1353573 2097152 2404706 4194304 1354330 6291456 3366588 12582912 1352391 7883008 2229 1921536 9153748 9020094 6361897 16162555 14865689 16544278 2076331 16544278 2076331 1265402 15261875 53986 16369302 16336259 729048 422122 385642 645092 8388606 8388606 8388606 0 0 0 0 0 0 0 0 0 0 0 2229 1921536 2210802 15347820 15243182 790384 869141 16625436 16494302 16367306 16552014 880503 672844 15492534 15687442 1649903 1490056 14794650 14967180 2226839 1931892 14500930 15016104 2029134 1300044 15281554 16116733 786412 451 16734010 561405 16164891 15798455 1129648 1265402 15261875
B 83206 83206 -95287 -95287 100321 100321 -99222 -99222 93168 93168 -82682 -82682 71316 71316 -57384 -57384 39755 39755 -16566 -16566 -11001 -11001 43896 43896 -78095 -78095 107509 107509 -129240 -129240 142064 142064
S 0 0 0 0 4915200 4194304 5570560 4194304 6291456 4194304 4194304 4194304 0 0 0 0 1356025 3145728 1683294 6291456 1356717 2097152 2404706 4194304 1352178 6291456 3366588 12582912 1358494 11512064 2229 1921536 2599640 3649717 4943313 2080818 16130141 14934231 16499043 14934231 16499043 15325480 2019993 292095 241168 421512 192607 16402221 16708136 369894 8388606 8388606 8388606 0 0 0 0 0 0 0 0 0 0 0 2229 1921536 1265402 15261875 15305254 1804788 1643371 14752700 15000281 2178219 1824799 14555529 15079419 2070470 1318955 15127533 16073629 988853 16760905 16563991 685027 16251210 15590188 1120764 1494338 15238874 15151857 1800945 1641138 14823700 15167362 2039891 1555333 14704924 15325480 2019993
B -145593 -145593 144133 144133 -138301 -138301 125810 125810 -108127 -108127 85825 85825 -58893 -58893 27259 27259 6430 6430 -41888 -41888 75456 75456 -103452 -103452 121583 121583 -132046 -132046 135380 135380 -132711 -132711
S 0 0 0 0 4915200 4194304 5570560 4194304 6291456 4194304 4194304 4194304 0 0 0 0 1359045 3145728 1683294 6291456 1359861 2097152 2404706 4194304 1358218 6291456 3366588 12582912 1356438 6482176 2229 1921536 4096535 2318620 9627528 430811 1964244 985732 14685087 985732 14685087 15705541 540832 16696059 390734 261546 16017802 16453873 16367488 16073539 8388606 8388606 8388606 0 0 0 0 0 0 0 0 0 0 0 2229 1921536 15325480 2019993 1227142 14967705 15976996 1376755 157317 16066695 589954 16690505 15506974 837735 1747245 15373274 14797103 1744543 1998046 14888209 14906627 1896312 1663386 14946281 15358683 1720360 1136252 15227158 16005980 1257569 269717 15979315 369570 171950 15705541 540832
B 124600 124600 -111711 -111711 91538 91538 -66020 -66020 36417 36417 -2411 -2411 -33710 -33710 67610 67610 -97224 -97224 120827 120827 -134077 -134077 137460 137460 -133628 -133628 124699 124699 -112213 -112213 99168 99168
S 0 0 0 0 4915200 4194304 5570560 4194304 6291456 4194304 4194304 4194304 0 0 0 0 1353873 3145728 1683294 6291456 1354813 2097152 2404706 4194304 1356066 6291456 3366588 12582912 1353673 6936832 2229 1921536 8619805 9672485 12973311 14722884 16540722 1679848 670167 1679848 670167 2275792 14898098 16499588 16340575 16349416 16705647 390407 400168 16519479 8388606 8388606 8388606 0 0 0 0 0 0 0 0 0 0 0 2229 1921536 15705541 540832 1693962 15581657 14669261 1661113 2257046 14886325 14600110 1913027 1947003 14975883 15141126 1626447 1293002 15349376 15844882 1202777 524754 15863566 16765447 495077 16153485 87424 1315869 16011189 14848207 1394497 2323381 14952631 14349469 1978897 2275792 14898098
B -81307 -81307 57248 57248 -27113 -27113 -5087 -5087 37859 37859 -68039 -68039 91363 91363 -106194 -106194 114365 114365 -114595 -114595 110682 110682 -105932 -105932 98679 98679 -87713 -87713 72073 72073 -50453 -50453
S 0 0 0 0 4915200 4194304 5570560 4194304 6291456 4194304 4194304 4194304 0 0 0 0 1356893 3145728 1683294 6291456 1357957 2097152 2404706 4194304 1353914 6291456 3366588 12582912 1359164 1296640 2229 1921536 6970623 8268249 7755896 1518512 15160152 14788472 1166658 14788472 1166658 16190765 384640 30267 412986 394039 770820 16360694 16339775 744752 8388606 8388606 8388606 0 0 0 0 0 0 0 0 0 0 0 2229 1921536 2275792 14898098 14823360 1628631 1550654 15455555 15650832 1017935 703725 16053143 16506330 422323 16570815 16711464 766655 16376014 15386680 965763 1981860 15252818 14385385 1933454 2525242 14694702 14399223 1954268 2020660 15151272 15220040 1206327 1068254 15997257 16190765 384640
B 23670 23670 2520 2520 -25697 -25697 44001 44001 -56493 -56493 63178 63178 -67885 -67885 71238 71238 -74776 -74776 76865 76865 -77281 -77281 71732 71732 -59106 -59106 42143 42143 -23254 -23254 4869 4869
S 0 0 0 0 4915200 4194304 5570560 4194304 6291456 4194304 4194304 4194304 0 0 0 0 1351721 3145728 1683294 6291456 1352909 2097152 2404706 4194304 1351762 6291456 3366588 12582912 1357100 13801728 2229 1921536 15477580 11561300 2567886 1219666 1428187 176102 14802528 176102 14802528 15140227 1656468 339499 16646066 16331768 16725943 231086 380684 139050 8388606 8388606 8388606 0 0 0 0 0 0 0 0 0 0 0 2229 1921536 16190765 384640 106296 16765600 392953 16394344 15837936 836495 1518002 15435221 14733946 1817299 2370757 14659171 14370669 2135009 2158899 14903270 15062558 1415557 1187149 15897527 16113285 354807 182369 104561 260347 16280447 16081990 863798 1154434 15529766 15140227 1656468
B 9128 9128 -21202 -21202 33975 33975 -45328 -45328 56098 56098 -67389 -67389 78795 78795 -88687 -88687 96664 96664 -99337 -99337 95848 95848 -86906 -86906 76590 76590 -64958 -64958 52172 52172 -37987 -37987
S 0 0 0 0 4915200 4194304 5570560 4194304 6291456 4194304 4194304 4194304 0 0 0 0 1354741 3145728 1683294 6291456 1356053 2097152 2404706 4194304 1357802 6291456 3366588 12582912 1354951 14612736 2229 1921536 11569807 16281284 8612088 15128159 1527328 2078316 15879531 2078316 15879531 1503996 15121275 16699136 16365053 8153 16014567 417431 344005 16010304 8388606 8388606 8388606 0 0 0 0 0 0 0 0 0 0 0 2229 1921536 15140227 1656468 2073252 14740478 14431853 2260555 2328976 14584140 14781045 1814862 1444050 15557558 15956068 551594 235098 80082 258689 16163782 16123016 1040858 992919 15386951 15460829 1699779 1639736 14789856 14868998 2214579 2028174 14489211 14873521 2112383 1503996 15121275
B 21801 21801 -1693 -1693 -18565 -18565 39394 39394 -61285 -61285 80953 80953 -95135 -95135 103525 103525 -105108 -105108 98576 98576 -87305 -87305 74106 74106 -59340 -59340 42472 42472 -21946 -21946 -6083 -6083
S 0 0 0 0 4915200 4194304 5570560 4194304 6291456 4194304 4194304 4194304 0 0 0 0 1357761 3145728 1683294 6291456 1359197 2097152 2404706 4194304 1355650 6291456 3366588 12582912 1352197 8739072 2229 1921536 8364526 5954911 15510564 16284759 14779053 16499403 2083181 16499403 2083181 1268346 15484538 16451811 402335 411227 172812 16348935 16358752 16760385 8388606 8388606 8388606 0 0 0 0 0 0 0 0 0 0 0 2229 1921536 1503996 15121275 15870693 993729 256197 16514249 332158 16370798 15982614 952178 1123681 15408396 15420733 1680295 1540848 14855831 15073929 2117389 1822953 14533832 14957854 2213668 1590370 14837626 15675965 1397676 429098 16110761 278556 16668551 15905428 784007 1268346 15484538
B 38776 38776 -72803 -72803 103509 103509 -129091 -129091 145643 145643 -151934 -151934 150039 150039 -141761 -141761 127174 127174 -110741 -110741 92023 92023 -68049 -68049 37704 37704 -2102 -2102 -36532 -36532 73257 73257
S 0 0 0 0 4915200 4194304 5570560 4194304 6291456 4194304 4194304 4194304 0 0 0 0 1352589 3145728 1683294 6291456 1354149 2097152 2404706 4194304 1353498 6291456 3366588 12582912 1357770 2193664 2229 1921536 10636470 8399642 8366986 1983345 385524 15274160 15767322 15274160 15767322 15120597 1949649 170462 16352527 16346823 735108 403602 397305 769594 8388606 8388606 8388606 0 0 0 0 0 0 0 0 0 0 0 2229 1921536 1268346 15484538 15294749 1637571 1566203 14919804 15194334 1996921 1570119 14690733 15238588 2121200 1446148 14723333 15576214 1801159 739913 15470260 16680824 605088 16161675 172577 1245272 15900037 15101479 1403543 1878826 15049208 14878463 1890347 1805785 14825303 15120597 1949649
B -102219 -102219 122793 122793 -134208 -134208 136779 136779 -133097 -133097 125249 125249 -111318 -111318 92483 92483 -67519 -67519 36980 36980 112 112 -38767 -38767 73531 73531 -102107 -102107 122566 122566 -133630 -133630
S 0 0 0 0 4915200 4194304 5570560 4194304 6291456 4194304 4194304 4194304 0 0 0 0 1355609 3145728 1683294 6291456 1357293 2097152 2404706 4194304 1359538 6291456 3366588 12582912 1355788 10160384 2229 1921536 16743839 6528642 16710464 15991096 2059358 1928227 15129897 1928227 15129897 112447 16130251 234470 13307 386713 16487253 16690946 16331688 16671401 8388606 8388606 8388606 0 0 0 0 0 0 0 0 0 0 0 2229 1921536 15120597 1949649 1479341 14889002 15523345 1745044 919019 15321366 16359000 965332 16533775 16488271 955094 16323119 15218063 1113882 1955304 15191846 14667407 1839735 2063307 14861832 14895648 1882019 1634246 14987904 15417618 1653723 1046885 15321904 16128789 1138691 112447 16130251
B 138695 138695 -138456 -138456 131019 131019 -118716 -118716 103029 103029 -82889 -82889 58490 58490 -30307 -30307 -2524 -2524 35947 35947 -65744 -65744 88224 88224 -104280 -104280 113644 113644 -116673 -116673 114559 114559
S 0 0 0 0 4915200 4194304 5570560 4194304 6291456 4194304 4194304 4194304 0 0 0 0 1358629 3145728 1683294 6291456 1352245 2097152 2404706 4194304 1357386 6291456 3366588 12582912 1353510 2267392 2229 1921536 6186027 15426357 8420866 14855493 16175140 1048803 1226637 1048803 1226637 2461352 14774100 16597901 444833 16729304 16088317 16395853 16769068 16024485 8388606 8388606 8388606 0 0 0 0 0 0 0 0 0 0 0 2229 1921536 112447 16130251 570235 16761764 15470251 753144 1920240 15381052 14499393 1802962 2345717 14843616 14597758 1847903 1863150 15148028 15298901 1357090 1074019 15693102 16119729 801277 199680 16314561 342308 10590 15800670 559428 1632885 15598908 14604733 1705791 2461352 14774100
B -108795 -108795 96644 96644 -81943 -81943 65783 65783 -45973 -45973 22613 22613 1700 1700 -25771 -25771 47098 47098 -61494 -61494 69542 69542 -73581 -73581 75722 75722 -79013 -79013 83602 83602 -84433 -84433
S 0 0 0 0 4915200 4194304 5570560 4194304 6291456 4194304 4194304 4194304 0 0 0 0 1353457 3145728 1683294 6291456 1355389 2097152 2404706 4194304 1355234 6291456 3366588 12582912 1358961 6727936 2229 1921536 8418008 12261507 1398460 1610434 15289740 14817513 1152660 14817513 1152660 15926244 513243 16611872 16360704 16377828 399749 412630 431535 225774 8388606 8388606 8388606 0 0 0 0 0 0 0 0 0 0 0 2229 1921536 2461352 14774100 14325553 2016484 2193324 14970468 14990462 1458982 1316305 15724043 15942365 650959 356538 16511130 135898 16648121 16095242 578890 1284404 15681205 14910375 1620867 2296896 14758488 14325285 2157609 2296061 14784043 14879598 1581566 1382235 15729392 15926244 513243
B 80336 80336 -70357 -70357 55681 55681 -35787 -35787 14625 14625 3932 3932 -19547 -19547 31746 31746 -39552 -39552 47370 47370 -57528 -57528 70058 70058 -82885 -82885 93185 93185 -97069 -97069 93905 93905
S 0 0 0 0 4915200 4194304 5570560 4194304 6291456 4194304 4194304 4194304 0 0 0 0 1356477 3145728 1683294 6291456 1358533 2097152 2404706 4194304 1353082 6291456 3366588 12582912 1356530 8169728 2229 1921536 5154910 8079785 8133484 541616 1926358 492124 14679231 492124 14679231 15637359 1515480 149141 408388 403675 625193 16355618 16350414 716750 8388606 8388606 8388606 0 0 0 0 0 0 0 0 0 0 0 2229 1921536 15926244 513243 357348 16741215 90664 16405126 16262287 737655 956753 15677316 15342979 1492739 1906771 14886174 14512530 2186501 2374874 14529328 14603499 2015509 1711100 15255596 15667598 879508 505879 16551570 18535 16427144 16331623 818333 807402 15581538 15637359 1515480
B -86801 -86801 76160 76160 -63828 -63828 51915 51915 -39512 -39512 23861 23861 -6729 -6729 -12819 -12819 34507 34507 -57431 -57431 75294 75294 -85845 -85845 90164 90164 -88707 -88707 82633 82633 -74655 -74655
S 0 0 0 0 4915200 4194304 5570560 4194304 6291456 4194304 4194304 4194304 0 0 0 0 1359497 3145728 1683294 6291456 1353485 2097152 2404706 4194304 1359122 6291456 3366588 12582912 1354489 6805760 2229 1921536 1365540 9253110 14082564 14727429 829739 1825642 128940 1825642 128940 1922964 14555632 189278 151969 16341326 16277833 16768472 391236 16437217 8388606 8388606 8388606 0 0 0 0 0 0 0 0 0 0 0 2229 1921536 15637359 1515480 1464532 14965482 14998774 2083082 2010133 14511771 14730623 2254256 1812387 14806784 15440158 1432502 727472 16022828 16663172 62771 16370883 544362 799260 15748235 15679319 1399075 1348886 15084952 15195971 1941903 1797586 14624805 14832171 2275578 1922964 14555632
ENDSET
SET 6 A=6400
P 107 64 117 64 5 64 64 64
B 464 464 14431 14431 78456 78456 186218 186218 331270 331270 538904 538904 785826 785826 1007741 1007741 1026816 1026816 783125 783125 253899 253899 -415450 -415450 -913581 -913581 -1019786 -1019786 -572896 -572896 269005 269005
S 0 0 0 0 7012352 4194304 7667712 4194304 327680 4194304 4194304 4194304 0 0 0 0 1353142 8388608 1282509 0 1353727 8388608 8506399 0 1357330 4718592 225746 9437184 1354039 9845760 594 7223296 10948817 10704011 6214332 1525110 2022118 664357 998280 664357 998280 535845 540177 247490 16385737 16493788 312249 16725552 6288 34911 8388606 8388606 8388606 0 0 0 0 0 0 0 0 0 0 0 594 7223296 0 0 0 1856 26597 31130 155340 158486 372240 372634 666158 658923 1070453 1085163 1571802 1571503 2013586 2017379 2053679 2053585 1568030 1564473 519345 496254 15948680 15943952 14949771 14950338 14740879 14734411 15626955 15635893 535845 540177
B 967555 967555 847424 847424 -64835 -64835 -902086 -902086 -941603 -941603 -137102 -137102 781969 781969 1023655 1023655 418275 418275 -535601 -535601 -1044555 -1044555 -729048 -729048 146213 146213 908271 908271 983272 983272 346809 346809
S 0 0 0 0 7012352 4194304 7667712 4194304 327680 4194304 4194304 4194304 0 0 0 0 1359702 8388608 1282509 0 1354719 8388608 8506399 0 1355876 4718592 225746 9437184 1357151 12831744 594 7223296 3900352 16368820 14451446 16383371 15558091 561504 228514 561504 228514 697713 689525 16606143 392830 16757954 16317548 16338441 16227798 254594 8388606 8388606 8388606 0 0 0 0 0 0 0 0 0 0 0 594 7223296 535845 540177 1930277 1939946 1702268 1687428 16650071 16645021 14976282 14969806 14890838 14897183 16503278 16502749 1555911 1571967 2048848 2045775 832345 840755 15706274 15705755 14690057 14686156 15318787 15319454 295421 289432 1817834 1815253 1965693 1967396 697713 689525
B -544540 -544540 -1036426 -1036426 -807359 -807359 -18834 -18834 790179 790179 1039636 1039636 577051 577051 -299643 -299643 -968727 -968727 -929970 -929970 -216664 -216664 670825 670825 1047911 1047911 608443 608443 -322855 -322855 -999871 -999871
S 0 0 0 0 7012352 4194304 7667712 4194304 327680 4194304 4194304 4194304 0 0 0 0 1358070 8388608 1282509 0 1355711 8388608 8506399 0 1354422 4718592 225746 9437184 1359401 13392896 594 7223296 8275336 5481645 8516233 14745089 15202893 14742170 14683505 14742170 14683505 14782663 14772286 169986 643080 564116 16480701 16614718 16527542 545108 8388606 8388606 8388606 0 0 0 0 0 0 0 0 0 0 0 594 7223296 697713 689525 15683417 15692857 14704153 14704577 15159990 15165008 16735208 16743889 1582841 1577877 2081107 2077438 1159322 1148882 16185392 16170469 14836593 14842932 14917527 14917028 16340220 16347557 1338315 1344986 2096173 2095473 1215578 1218194 16135788 16127225 14782663 14772286
B -841659 -841659 31586 31586 896079 896079 945575 945575 126680 126680 -811174 -811174 -983110 -983110 -185469 -185469 783907 783907 994846 994846 224143 224143 -771294 -771294 -1004387 -1004387 -266101 -266101 730644 730644 1024919 1024919
S 0 0 0 0 7012352 4194304 7667712 4194304 327680 4194304 4194304 4194304 0 0 0 0 1356438 8388608 1282509 0 1356703 8388608 8506399 0 1352968 4718592 225746 9437184 1356104 10472448 594 7223296 1291292 8348528 11833415 1448612 522759 2011908 1870233 2011908 1870233 2048072 2051607 223399 232559 250002 16284820 294950 16180758 205306 8388606 8388606 8388606 0 0 0 0 0 0 0 0 0 0 0 594 7223296 14782663 14772286 15093953 15093844 66647 59698 1790994 1793325 1889933 1892368 252356 254367 15150685 15159051 14810540 14811454 16399299 16413259 1563663 1571966 1990440 1988947 449193 447382 15239869 15229388 14770646 14766241 16248754 16241276 1462762 1459814 2048072 2051607
B 367069 367069 -637511 -637511 -1051127 -1051127 -542773 -542773 428143 428143 1036167 1036167 776163 776163 -84791 -84791 -879943 -879943 -996911 -996911 -367351 -367351 516797 516797 1034230 1034230 817069 817069 41495 41495 -766878 -766878
S 0 0 0 0 7012352 4194304 7667712 4194304 327680 4194304 4194304 4194304 0 0 0 0 1354806 8388608 1282509 0 1357695 8388608 8506399 0 1359706 4718592 225746 9437184 1358598 15748096 594 7223296 9311989 6611148 3910494 14743595 14713589 15156985 14959657 15156985 14959657 15245422 15241501 16548479 16272279 596792 335002 315008 16621459 16274599 8388606 8388606 8388606 0 0 0 0 0 0 0 0 0 0 0 594 7223296 2048072 2051607 739376 728901 15501337 15503052 14673862 14676065 15686977 15696366 852326 860246 2074645 2070026 1552674 1551979 16612332 16602936 15022825 15011835 14780410 14786378 16042287 16042741 1028483 1038706 2066163 2070760 1632112 1636165 76039 89943 15245422 15241501
B -1046990 -1046990 -617841 -617841 217936 217936 919328 919328 988268 988268 391438 391438 -467074 -467074 -1019996 -1019996 -858126 -858126 -110146 -110146 716313 716313 1048594 1048594 632680 632680 -233439 -233439 -940517 -940517 -958453 -958453
S 0 0 0 0 7012352 4194304 7667712 4194304 327680 4194304 4194304 4194304 0 0 0 0 1353174 8388608 1282509 0 1358687 8388608 8506399 0 1358252 4718592 225746 9437184 1352005 2632704 594 7223296 10802513 1227682 8384990 15535522 16374043 14924100 15099951 14924100 15099951 14861991 14858630 16757621 16135785 156491 564668 164318 548271 16528152 8388606 8388606 8388606 0 0 0 0 0 0 0 0 0 0 0 594 7223296 15245422 15241501 14686770 14679704 15539193 15543877 437468 434276 1831645 1845668 1980045 1973028 781976 783776 15838530 15847608 14733909 14740539 15059501 15062427 16554689 16559160 1437032 1428220 2097885 2096494 1270692 1260029 16312918 16307760 14892468 14899897 14861991 14858630
B -281476 -281476 604797 604797 1050117 1050117 706664 706664 -147482 -147482 -899268 -899268 -986370 -986370 -345241 -345241 536303 536303 1038524 1038524 778054 778054 -37831 -37831 -822731 -822731 -1028974 -1028974 -507911 -507911 354244 354244
S 0 0 0 0 7012352 4194304 7667712 4194304 327680 4194304 4194304 4194304 0 0 0 0 1359734 8388608 1282509 0 1359679 8388608 8506399 0 1356798 4718592 225746 9437184 1353916 9391104 594 7223296 3716916 11944357 3468201 1578262 2013992 837273 1119694 837273 1119694 713151 703825 16601343 408991 16229344 165562 16356283 267607 16539671 8388606 8388606 8388606 0 0 0 0 0 0 0 0 0 0 0 594 7223296 14861991 14858630 16212161 16216369 1206122 1213067 2101511 2098958 1415910 1410748 16493767 16470740 14985266 14972095 14801070 14807884 16090635 16082834 1068833 1076381 2078930 2075168 1553239 1558978 16700390 16702718 15135414 15128097 14720958 14717578 15760253 15762536 713151 703825
B 979428 979428 925950 925950 239310 239310 -604655 -604655 -1044579 -1044579 -747519 -747519 71493 71493 844486 844486 1013684 1013684 421926 421926 -478807 -478807 -1027317 -1027317 -769260 -769260 117432 117432 909027 909027 943129 943129
S 0 0 0 0 7012352 4194304 7667712 4194304 327680 4194304 4194304 4194304 0 0 0 0 1358102 8388608 1282509 0 1352479 8388608 8506399 0 1355344 4718592 225746 9437184 1356342 4107264 594 7223296 8306560 8549167 11444202 1070587 106445 1814070 1597567 1814070 1597567 1885603 1886916 229238 653182 16509167 16449648 16625871 576534 510825 8388606 8388606 8388606 0 0 0 0 0 0 0 0 0 0 0 594 7223296 713151 703825 1955339 1962374 1851022 1852780 474604 482637 15565163 15570649 14688504 14687613 15275340 15289017 135958 150015 1692735 1685212 2029232 2025504 846511 841193 15816184 15823020 14716133 14729032 15240696 15236699 225525 244206 1815999 1820109 1885603 1886916
B 152432 152432 -773911 -773911 -1008096 -1008096 -302012 -302012 695804 695804 1028672 1028672 373690 373690 -660055 -660055 -1040251 -1040251 -412207 -412207 621359 621359 1048825 1048825 453204 453204 -560565 -560565 -1051701 -1051701 -557167 -557167
S 0 0 0 0 7012352 4194304 7667712 4194304 327680 4194304 4194304 4194304 0 0 0 0 1356470 8388608 1282509 0 1353471 8388608 8506399 0 1353890 4718592 225746 9437184 1353005 2554880 594 7223296 1494316 9691793 8616023 65980 1057895 15803022 16153317 15803022 16153317 15659570 15666195 231765 216871 16201169 16312610 235475 236502 359534 8388606 8388606 8388606 0 0 0 0 0 0 0 0 0 0 0 594 7223296 1885603 1886916 306549 303179 15233527 15225263 14764523 14757526 16181262 16165123 1397517 1385701 2053295 2061394 753868 740892 15456945 15457268 14698008 14695420 15947053 15958553 1238771 1246667 2096181 2099119 900031 912785 15657197 15654977 14678783 14668847 15659570 15666195
B 436112 436112 1036550 1036550 722830 722830 -202035 -202035 -947363 -947363 -921769 -921769 -154589 -154589 711611 711611 1043979 1043979 602971 602971 -274101 -274101 -939061 -939061 -965919 -965919 -326490 -326490 529719 529719 1025287 1025287
S 0 0 0 0 7012352 4194304 7667712 4194304 327680 4194304 4194304 4194304 0 0 0 0 1354838 8388608 1282509 0 1354463 8388608 8506399 0 1352436 4718592 225746 9437184 1355206 1571840 594 7223296 9408135 14742072 14928474 2005375 1586981 2072277 2096818 2072277 2096818 2047951 2053199 16572666 16237777 16540176 16543549 276918 16296281 16593550 8388606 8388606 8388606 0 0 0 0 0 0 0 0 0 0 0 594 7223296 15659570 15666195 871165 873285 2067760 2078441 1451232 1440089 16370449 16375845 14878539 14886443 14932961 14934396 16464149 16471929 1420793 1425654 2092558 2083361 1211921 1199965 16241650 16216381 14897470 14900721 14847339 14843419 16128485 16119990 1059267 1059611 2047951 2053199
B 841822 841822 98331 98331 -702913 -702913 -1046348 -1046348 -688577 -688577 126324 126324 848713 848713 1019739 1019739 488114 488114 -372308 -372308 -976209 -976209 -914052 -914052 -188830 -188830 668523 668523 1045682 1045682 663503 663503
S 0 0 0 0 7012352 4194304 7667712 4194304 327680 4194304 4194304 4194304 0 0 0 0 1353206 8388608 1282509 0 1355455 8388608 8506399 0 1359174 4718592 225746 9437184 1356724 16206848 594 7223296 10659807 4137527 6534320 324204 16201524 1211198 926872 1211198 926872 1326480 1327533 16709367 16176169 480297 544983 208903 16435006 16506419 8388606 8388606 8388606 0 0 0 0 0 0 0 0 0 0 0 594 7223296 2047951 2053199 1683754 1683536 201426 191900 15385374 15357408 14685577 14683463 15400585 15399539 255907 249392 1696504 1698350 2040458 2038500 972853 979604 16032257 16032944 14828329 14821268 14946922 14951302 16397552 16401563 1342912 1331183 2087320 2095408 1326480 1327533
B -212098 -212098 -927557 -927557 -957581 -957581 -264171 -264171 618589 618589 1042832 1042832 691739 691739 -187409 -187409 -913052 -913052 -973419 -973419 -311004 -311004 580973 580973 1039727 1039727 760030 760030 -67965 -67965 -842581 -842581
S 0 0 0 0 7012352 4194304 7667712 4194304 327680 4194304 4194304 4194304 0 0 0 0 1359766 8388608 1282509 0 1356447 8388608 8506399 0 1357720 4718592 225746 9437184 1358805 2702336 594 7223296 3531242 8028329 7598869 14697262 14775470 15021813 14858222 15021813 14858222 15096396 15087712 16603546 437335 342913 207973 16387575 16283333 16134358 8388606 8388606 8388606 0 0 0 0 0 0 0 0 0 0 0 594 7223296 1326480 1327533 16345176 16360867 14920940 14923267 14859258 14864851 16236728 16261020 1230977 1243379 2088701 2082629 1385120 1381838 16405235 16399561 14945666 14956560 14830923 14829834 16153606 16156813 1152865 1171028 2077813 2081097 1522122 1518001 16644026 16638547 15096396 15087712
B -1019039 -1019039 -474126 -474126 409402 409402 995683 995683 880962 880962 116554 116554 -732335 -732335 -1040580 -1040580 -578311 -578311 343575 343575 993162 993162 862696 862696 29053 29053 -844187 -844187 -992316 -992316 -281468 -281468
S 0 0 0 0 7012352 4194304 7667712 4194304 327680 4194304 4194304 4194304 0 0 0 0 1358134 8388608 1282509 0 1357439 8388608 8506399 0 1356266 4718592 225746 9437184 1353396 14650368 594 7223296 8332781 7491460 152597 660483 1535183 16357384 16757154 16357384 16757154 16204666 16223896 189515 646596 493106 172214 16618600 16449146 464926 8388606 8388606 8388606 0 0 0 0 0 0 0 0 0 0 0 594 7223296 15096396 15087712 14742163 14736115 15836661 15821270 823505 814106 1984565 1998167 1767543 1756306 236815 229401 15317442 15307653 14695518 14696595 15619729 15621460 696747 677554 1992853 1979798 1725231 1725553 64930 51283 15088099 15089587 14790788 14794381 16204666 16223896
B 691004 691004 1038191 1038191 429352 429352 -586509 -586509 -1050740 -1050740 -497924 -497924 527119 527119 1049508 1049508 533657 533657 -496247 -496247 -1043666 -1043666 -585880 -585880 435392 435392 1035276 1035276 689608 689608 -289051 -289051
S 0 0 0 0 7012352 4194304 7667712 4194304 327680 4194304 4194304 4194304 0 0 0 0 1356502 8388608 1282509 0 1358431 8388608 8506399 0 1354812 4718592 225746 9437184 1358154 9858048 594 7223296 1696440 2823007 9312630 15191264 14729362 16053709 15693493 16053709 15693493 16206828 16191403 164437 200196 328927 16332927 174912 424003 381963 8388606 8388606 8388606 0 0 0 0 0 0 0 0 0 0 0 594 7223296 16204666 16223896 1377124 1386894 2076120 2076644 849165 868246 15600795 15607604 14677879 14673594 15781061 15781677 1053712 1054766 2097201 2100831 1075638 1058993 15784412 15785033 14687729 14692041 15610958 15599956 870538 871033 2069987 2071117 1378922 1379510 16206828 16191403
B -1000115 -1000115 -834849 -834849 38333 38333 876625 876625 989996 989996 331784 331784 -585771 -585771 -1047893 -1047893 -748070 -748070 77698 77698 849291 849291 1026818 1026818 528730 528730 -323879 -323879 -962653 -962653 -963346 -963346
S 0 0 0 0 7012352 4194304 7667712 4194304 327680 4194304 4194304 4194304 0 0 0 0 1354870 8388608 1282509 0 1359423 8388608 8506399 0 1353358 4718592 225746 9437184 1351855 13802496 594 7223296 9508720 13374865 10055869 15443442 16222655 14904695 15060458 14904695 15060458 14850582 14850468 16615122 16203394 16353507 16331359 238959 404684 380232 8388606 8388606 8388606 0 0 0 0 0 0 0 0 0 0 0 594 7223296 16206828 16191403 14784736 14769236 15104411 15110625 81229 72105 1756531 1749972 1978447 1981540 660471 666666 15601217 15610131 14680787 14682073 15272069 15290085 143025 167769 1698749 1698418 2055402 2051873 1055272 1059648 16127626 16131293 14846593 14857230 14850582 14850468
B -354773 -354773 487142 487142 1013147 1013147 888637 888637 191010 191010 -635066 -635066 -1041724 -1041724 -774223 -774223 19732 19732 805790 805790 1033419 1033419 546880 546880 -347965 -347965 -986928 -986928 -903538 -903538 -158419 -158419
S 0 0 0 0 7012352 4194304 7667712 4194304 327680 4194304 4194304 4194304 0 0 0 0 1353238 8388608 1282509 0 1352223 8388608 8506399 0 1351904 4718592 225746 9437184 1353356 1940480 594 7223296 10520786 9025924 1549876 801535 1560637 16616436 162089 16616436 162089 16471677 16449079 16767373 16218570 16372206 292063 255713 425329 16487148 8388606 8388606 8388606 0 0 0 0 0 0 0 0 0 0 0 594 7223296 14850582 14850468 16058575 16076768 959679 988889 2025567 2027024 1778182 1776368 384000 380041 15507429 15506739 14690966 14696571 15233356 15224185 34667 44261 1602357 1620805 2067130 2066546 1098208 1089313 16084558 16078016 14806586 14800135 14973071 14967209 16471677 16449079
ENDSET
SET 7 A=12288
P 64 63 64 65 64 66 64 64
B 891 891 27680 27680 164835 164835 462494 462494 817437 817437 1027310 1027310 842406 842406 113379 113379 -748049 -748049 -917427 -917427 160163 160163 1027806 1027806 -153813 -153813 -990395 -990395 418933 418933 730325 730325
S 0 0 0 0 4194304 4128768 4194304 4259840 4194304 4325376 4194304 4194304 0 0 0 0 1357302 9437184 3216073 2097152 1357302 9437184 3216073 2097152 1357302 9437184 3216073 2097152 1359301 2174976 1141 5144576 4900656 4900656 4900656 15457579 14700336 1205926 346507 1205926 346507 1470745 1450556 334667 114340 114340 114340 16030986 16030986 16030986 8388607 8388605 8388605 0 0 0 0 0 0 0 0 0 0 0 1141 5144576 0 0 0 3564 51025 59697 338895 320447 931485 918491 1633203 1636547 2063444 2045797 1674387 1695238 231491 222027 15281154 15281085 14941403 14943321 334236 306417 2050279 2060945 16493755 16445425 14781067 14811786 851405 824329 1470745 1450556
B -902455 -902455 -20369 -20369 1068817 1068817 -640999 -640999 -729227 -729227 817279 817279 561306 561306 -966499 -966499 -403531 -403531 971485 971485 321319 321319 -1019028 -1019028 -143423 -143423 1043333 1043333 -84479 -84479 -1038498 -1038498
S 0 0 0 0 4194304 4128768 4194304 4259840 4194304 4325376 4194304 4194304 0 0 0 0 1355546 9437184 3216073 2097152 1355546 9437184 3216073 2097152 1355546 9437184 3216073 2097152 1353537 13594624 1141 5144576 11227402 11227402 11227402 16276965 1183674 14792383 15192871 14792383 15192871 14688232 14712211 16637266 16366664 16366664 16366664 419210 419210 419210 8388607 8388605 8388605 0 0 0 0 0 0 0 0 0 0 0 1141 5144576 1470745 1450556 14940207 15004407 7048 16688695 2111211 2164059 15492230 15498209 15310289 15327237 1628281 1640838 1133998 1111226 14830344 14858092 15985280 15955030 1948458 1937485 651863 633413 14737430 14740893 16490879 16489863 2089006 2084326 16598603 16617916 14688232 14712211
B 300423 300423 963941 963941 -485403 -485403 -837220 -837220 742001 742001 600693 600693 -952207 -952207 -298197 -298197 1040503 1040503 1242 1242 -1030076 -1030076 331709 331709 907841 907841 -694423 -694423 -656497 -656497 925151 925151
S 0 0 0 0 4194304 4128768 4194304 4259840 4194304 4325376 4194304 4194304 0 0 0 0 1353790 9437184 3216073 2097152 1353790 9437184 3216073 2097152 1353790 9437184 3216073 2097152 1356882 9035776 1141 5144576 9411403 9411403 9411403 1593557 17561 1985006 2095152 1985006 2095152 1860329 1840275 34979 16379812 16379812 16379812 433725 433725 433725 8388607 8388605 8388605 0 0 0 0 0 0 0 0 0 0 0 1141 5144576 14688232 14712211 598623 603069 1927219 1928548 15812674 15800146 15098111 15107443 1500422 1467585 1201970 1200803 14880679 14864926 16169682 16191963 2078762 2083250 16773979 8205 14711524 14722606 661367 665471 1811713 1819653 15405596 15371147 15465986 15462461 1860329 1840275
B 354315 354315 -1018959 -1018959 -27952 -27952 1030716 1030716 -361645 -361645 -900959 -900959 705140 705140 673202 673202 -899187 -899187 -392907 -392907 1012221 1012221 26700 26700 -1035527 -1035527 386541 386541 891810 891810 -697191 -697191
S 0 0 0 0 4194304 4128768 4194304 4259840 4194304 4325376 4194304 4194304 0 0 0 0 1352034 9437184 3216073 2097152 1352034 9437184 3216073 2097152 1352034 9437184 3216073 2097152 1352378 1253376 1141 5144576 2278013 2278013 2278013 14819057 16066815 15134878 14782010 15134878 14782010 15383074 15382595 16709883 433915 433915 433915 16383800 16383800 16383800 8388607 8388605 8388605 0 0 0 0 0 0 0 0 0 0 0 1141 5144576 1860329 1840275 697235 720026 14747189 14731409 16712097 16730527 2053663 2069204 16044055 16063800 14981223 14969373 1422184 1398379 1343133 1349678 14986719 14970965 15995866 15986938 2031605 2017279 38562 68241 14698886 14713438 771356 774810 1782589 1784653 15383074 15382595
B -662614 -662614 904110 904110 337575 337575 -1036841 -1036841 88368 88368 1022323 1022323 -471971 -471971 -849085 -849085 733747 733747 604040 604040 -944775 -944775 -241949 -241949 1050845 1050845 -160474 -160474 -1009436 -1009436 468755 468755
S 0 0 0 0 4194304 4128768 4194304 4259840 4194304 4325376 4194304 4194304 0 0 0 0 1358470 9437184 3216073 2097152 1358470 9437184 3216073 2097152 1358470 9437184 3216073 2097152 1356127 13156352 1141 5144576 8377676 8377676 8377676 2089464 1218744 1206653 1770968 1206653 1770968 925582 949439 16750719 426964 426964 426964 16376126 16376126 16376126 8388607 8388605 8388605 0 0 0 0 0 0 0 0 0 0 0 1141 5144576 15383074 15382595 15450570 15453407 1826397 1790046 676592 673711 14709492 14697577 162783 190689 2047369 2041925 15821546 15845005 15079764 15078331 1460180 1474808 1213857 1202305 14898899 14876435 16298532 16288107 2104197 2099185 16448389 16464147 14765876 14750814 925582 949439
B 849958 849958 -729323 -729323 -596237 -596237 966541 966541 219489 219489 -1052291 -1052291 148005 148005 999688 999688 -463828 -463828 -825458 -825458 781692 781692 519170 519170 -1012022 -1012022 -137361 -137361 1049802 1049802 -201602 -201602
S 0 0 0 0 4194304 4128768 4194304 4259840 4194304 4325376 4194304 4194304 0 0 0 0 1356714 9437184 3216073 2097152 1356714 9437184 3216073 2097152 1356714 9437184 3216073 2097152 1351710 3399680 1141 5144576 1443243 1443243 1443243 14705934 15211370 16046450 15344995 16046450 15344995 16377439 16370588 61979 237288 237288 237288 430651 430651 430651 8388607 8388605 8388605 0 0 0 0 0 0 0 0 0 0 0 1141 5144576 925582 949439 1692412 1707421 15310550 15326590 15594040 15575446 1940107 1926059 437145 440811 14682076 14663193 299275 292748 2004777 1993978 15828323 15870799 15126233 15126368 1557736 1569033 1043156 1033524 14747798 14758548 16511496 16493494 2109821 2089390 16377439 16370588
B -974994 -974994 540056 540056 764865 764865 -853970 -853970 -439410 -439410 1024245 1024245 108310 108310 -1037655 -1037655 219795 219795 965477 965477 -588972 -588972 -741855 -741855 874165 874165 437324 437324 -1009768 -1009768 -115316 -115316
S 0 0 0 0 4194304 4128768 4194304 4259840 4194304 4325376 4194304 4194304 0 0 0 0 1354958 9437184 3216073 2097152 1354958 9437184 3216073 2097152 1354958 9437184 3216073 2097152 1355449 5320704 1141 5144576 9040610 9040610 9040610 1878779 1896746 124973 881487 124973 881487 16563300 16529870 120177 16359324 16359324 16359324 411106 411106 411106 8388607 8388605 8388605 0 0 0 0 0 0 0 0 0 0 0 1141 5144576 16377439 16370588 14827495 14826961 1069360 1090866 1531742 1527720 15058147 15080408 15900125 15896670 2039407 2057576 228545 204696 14709206 14694606 446147 433036 1930378 1931530 15595098 15603447 15297966 15289048 1733598 1763065 869486 879811 14750126 14765235 16563300 16529870
B 1029788 1029788 -272105 -272105 -937167 -937167 662609 662609 689695 689695 -901514 -901514 -391120 -391120 1020142 1020142 38098 38098 -1028469 -1028469 378774 378774 893830 893830 -715396 -715396 -649857 -649857 903378 903378 357006 357006
S 0 0 0 0 4194304 4128768 4194304 4259840 4194304 4325376 4194304 4194304 0 0 0 0 1353202 9437184 3216073 2097152 1353202 9437184 3216073 2097152 1353202 9437184 3216073 2097152 1359230 15167488 1141 5144576 11897470 11897470 11897470 15145008 14717788 366946 16348426 366946 16348426 710994 717031 105298 16335973 16335973 16335973 84777 84777 84777 8388607 8388605 8388605 0 0 0 0 0 0 0 0 0 0 0 1141 5144576 16563300 16529870 2057941 2061213 16237169 16228844 14908097 14897667 1331662 1318776 1375464 1383318 14957699 14990680 15996479 15993474 2034138 2046431 82135 70257 14711868 14728689 773806 741292 1791803 1783518 15354153 15338696 15469811 15485196 1802278 1811235 710994 717031
B -1030074 -1030074 28338 28338 1028065 1028065 -422772 -422772 -886794 -886794 703523 703523 656153 656153 -901149 -901149 -324883 -324883 1043145 1043145 -95917 -95917 -1014403 -1014403 458776 458776 858288 858288 -731709 -731709 -602427 -602427
S 0 0 0 0 4194304 4128768 4194304 4259840 4194304 4325376 4194304 4194304 0 0 0 0 1359638 9437184 3216073 2097152 1359638 9437184 3216073 2097152 1359638 9437184 3216073 2097152 1354843 5246976 1141 5144576 5569085 5569085 5569085 1264747 2095251 15878170 16663411 15878170 16663411 15573403 15571324 1818 396605 396605 396605 16342609 16342609 16342609 8388607 8388605 8388605 0 0 0 0 0 0 0 0 0 0 0 1141 5144576 710994 717031 14708279 14725857 57083 56269 2050440 2061823 15947119 15916226 15008208 14999051 1414605 1399490 1305849 1318764 14977437 14972401 16126051 16128851 2073214 2099367 16580358 16590406 14745884 14750937 934207 900900 1710426 1722729 15324163 15303433 15573403 15571324
B 953018 953018 220437 220437 -1061012 -1061012 179928 179928 990723 990723 -488845 -488845 -823937 -823937 771996 771996 539144 539144 -990961 -990961 -160617 -160617 1061981 1061981 -177529 -177529 -989458 -989458 483128 483128 814303 814303
S 0 0 0 0 4194304 4128768 4194304 4259840 4194304 4325376 4194304 4194304 0 0 0 0 1357882 9437184 3216073 2097152 1357882 9437184 3216073 2097152 1357882 9437184 3216073 2097152 1358567 5582848 1141 5144576 7353462 7353462 7353462 16045299 14787106 1390353 650145 1390353 650145 1626093 1631119 16729048 396921 396921 396921 16342958 16342958 16342958 8388607 8388605 8388605 0 0 0 0 0 0 0 0 0 0 0 1141 5144576 15573403 15571324 1917920 1894154 424713 457037 14647608 14662778 355483 364230 1982360 1980533 15799480 15799572 15128164 15130522 1559392 1528595 1081263 1075315 14800305 14790284 16445019 16466947 2122009 2125917 16416890 16427427 14792105 14804496 964647 967867 1626093 1631119
B -804425 -804425 -500199 -500199 1005650 1005650 134550 134550 -1047243 -1047243 203494 203494 967101 967101 -563640 -563640 -747644 -747644 885510 885510 413977 413977 -1023465 -1023465 -79046 -79046 1035281 1035281 -272094 -272094 -935047 -935047
S 0 0 0 0 4194304 4128768 4194304 4259840 4194304 4325376 4194304 4194304 0 0 0 0 1356126 9437184 3216073 2097152 1356126 9437184 3216073 2097152 1356126 9437184 3216073 2097152 1354157 15015936 1141 5144576 14474444 14474444 14474444 292171 1799056 15091496 15710829 15091496 15710829 14902152 14912093 65855 16343311 16343311 16343311 393427 393427 393427 8388607 8388605 8388605 0 0 0 0 0 0 0 0 0 0 0 1141 5144576 1626093 1631119 15184947 15151785 15777808 15775830 2020295 2002305 257725 280478 14692000 14673461 395137 418839 1927020 1941385 15638618 15661257 15292674 15271184 1778526 1763514 828387 827521 14736148 14724425 16623897 16614353 2075038 2066089 16216373 16249684 14902152 14912093
B 643243 643243 693938 693938 -908352 -908352 -404219 -404219 1011688 1011688 88950 88950 -1037431 -1037431 301516 301516 929324 929324 -666939 -666939 -685175 -685175 895064 895064 391984 391984 -1012083 -1012083 -12398 -12398 1029339 1029339
S 0 0 0 0 4194304 4128768 4194304 4259840 4194304 4325376 4194304 4194304 0 0 0 0 1354370 9437184 3216073 2097152 1354370 9437184 3216073 2097152 1354370 9437184 3216073 2097152 1357917 2928640 1141 5144576 8400891 8400891 8400891 217152 15299756 1954314 1501319 1954314 1501319 2057247 2060110 25259 16350361 16350361 16350361 401211 401211 401211 8388607 8388605 8388605 0 0 0 0 0 0 0 0 0 0 0 1141 5144576 14902152 14912093 1283968 1289004 1390266 1385488 14959063 14961963 15970014 15967542 2040430 2006324 176745 179058 14709207 14695501 588038 618029 1863260 1854038 15429524 15457154 15409966 15403769 1780187 1800070 794181 773758 14762727 14743376 16759405 16745438 2057247 2060110
B -419326 -419326 -879303 -879303 734274 734274 625538 625538 -924566 -924566 -311189 -311189 1035822 1035822 -99463 -99463 -1009257 -1009257 481191 481191 852726 852726 -731745 -731745 -615117 -615117 934356 934356 276561 276561 -1052934 -1052934
S 0 0 0 0 4194304 4128768 4194304 4259840 4194304 4325376 4194304 4194304 0 0 0 0 1352614 9437184 3216073 2097152 1352614 9437184 3216073 2097152 1352614 9437184 3216073 2097152 1353454 15060992 1141 5144576 15359330 15359330 15359330 15982280 962560 14676665 14932747 14676665 14932747 14662154 14680544 16714892 16544726 16544726 16544726 16346735 16346735 16346735 8388607 8388605 8388605 0 0 0 0 0 0 0 0 0 0 0 1141 5144576 2057247 2060110 15934015 15943113 15021655 15015568 1458123 1478976 1243233 1258922 14922159 14934011 16166815 16142863 2076702 2066587 16577378 16579202 14766478 14750929 965964 958803 1708547 1702360 15291857 15335596 15551056 15542911 1859052 1878372 561999 544247 14662154 14680544
B 131075 131075 1007733 1007733 -466770 -466770 -849802 -849802 732905 732905 575382 575382 -970668 -970668 -184695 -184695 1061156 1061156 -203493 -203493 -982913 -982913 514797 514797 806134 806134 -803915 -803915 -488660 -488660 1012047 1012047
S 0 0 0 0 4194304 4128768 4194304 4259840 4194304 4325376 4194304 4194304 0 0 0 0 1359050 9437184 3216073 2097152 1359050 9437184 3216073 2097152 1359050 9437184 3216073 2097152 1357223 6336512 1141 5144576 7746517 7746517 7746517 1201617 16280471 2089159 2018088 2089159 2018088 2008432 2039757 16656026 418523 418523 418523 16366806 16366806 16366806 8388607 8388605 8388605 0 0 0 0 0 0 0 0 0 0 0 1141 5144576 14662154 14680544 277201 247101 2020611 2010323 15851338 15836017 15071981 15083246 1458400 1473221 1149609 1151919 14827550 14844210 16408078 16407577 2116988 2127639 16381674 16358788 14819118 14803662 1035182 1024009 1609333 1615206 15166341 15172432 15803763 15796032 2008432 2039757
B 107569 107569 -1051189 -1051189 222182 222182 964909 964909 -541494 -541494 -775617 -775617 849329 849329 451045 451045 -1021665 -1021665 -111292 -111292 1044266 1044266 -219038 -219038 -953041 -953041 592345 592345 727467 727467 -894130 -894130
S 0 0 0 0 4194304 4128768 4194304 4259840 4194304 4325376 4194304 4194304 0 0 0 0 1357294 9437184 3216073 2097152 1357294 9437184 3216073 2097152 1357294 9437184 3216073 2097152 1352759 409600 1141 5144576 4858789 4858789 4858789 15114152 16706097 14841260 14679214 14841260 14679214 14994071 14983841 16672733 441071 441071 441071 16697099 16697099 16697099 8388607 8388605 8388605 0 0 0 0 0 0 0 0 0 0 0 1141 5144576 2008432 2039757 211443 218836 14667570 14682106 464330 424401 1923370 1936267 15704596 15683863 15225649 15226316 1709862 1687455 889975 914208 14722882 14744892 16551759 16557507 2087605 2089460 16341431 16336849 14866850 14875418 1199395 1169985 1459132 1450737 14994071 14983841
B -395550 -395550 1022834 1022834 64511 64511 -1037838 -1037838 308222 308222 917051 917051 -686933 -686933 -663905 -663905 922018 922018 358155 358155 -1017108 -1017108 -20687 -20687 1030149 1030149 -379571 -379571 -891377 -891377 717537 717537
S 0 0 0 0 4194304 4128768 4194304 4259840 4194304 4325376 4194304 4194304 0 0 0 0 1355538 9437184 3216073 2097152 1355538 9437184 3216073 2097152 1355538 9437184 3216073 2097152 1356460 14512128 1141 5144576 11188910 11188910 11188910 1952879 674873 1682993 2027830 1682993 2027830 1447529 1422620 16776356 16380763 16380763 16380763 434775 434775 434775 8388607 8388605 8388605 0 0 0 0 0 0 0 0 0 0 0 1141 5144576 14994071 14983841 15978408 15993827 2040657 2050682 125956 132090 14693632 14709450 616887 616004 1828395 1839811 15421647 15385054 15451087 15447725 1854243 1833831 704088 728535 14750517 14735483 16727080 16744604 2052895 2067701 16008236 16027913 15000183 14988741 1447529 1422620
ENDSET
SET 8 A=9102
P 64 80 64 90 64 127 64 64
B 660 660 20517 20517 103856 103856 144651 144651 55866 55866 38705 38705 105215 105215 352571 352571 731564 731564 1021340 1021340 799643 799643 -20196 -20196 -797805 -797805 -1078068 -1078068 -893908 -893908 -567795 -567795
S 0 0 0 0 4194304 5242880 4194304 5898240 4194304 8323072 4194304 4194304 0 0 0 0 1355623 1048576 4107658 2097152 1355623 1048576 4107658 2097152 1355623 1048576 4107658 2097152 1352711 13269696 845 6571408 3000625 3000625 3000625 16294583 581251 15686262 15839434 15686262 15839434 15655160 15628095 103723 16729514 16729514 16729514 456912 456912 456912 8386558 8374325 7896325 0 0 0 0 0 0 0 0 0 0 0 845 6571408 0 0 0 2640 37815 44253 211715 203710 329006 249600 86213 137251 32349 122473 303054 117808 642257 768027 1438117 1488140 2085887 1999473 1598277 1600296 16747876 16725775 15215645 15147568 14635294 14606867 14968573 15010228 15655160 15628095
B 135037 135037 953421 953421 438265 438265 -842783 -842783 -1058750 -1058750 -679877 -679877 -144935 -144935 448750 448750 789410 789410 1001914 1001914 1032048 1032048 991305 991305 745298 745298 377270 377270 -202637 -202637 -813846 -813846
S 0 0 0 0 4194304 5242880 4194304 5898240 4194304 8323072 4194304 4194304 0 0 0 0 1351851 1048576 4107658 2097152 1351851 1048576 4107658 2097152 1351851 1048576 4107658 2097152 1358920 11508928 845 6571408 11942056 11942056 11942056 14692201 14784143 15103135 14895240 15103135 14895240 15182300 15116751 15840932 16386057 16386057 16386057 440620 440620 440620 8386558 8374325 7896325 0 0 0 0 0 0 0 0 0 0 0 845 6571408 15655160 15628095 230431 309720 1870325 1943359 904812 848251 15077653 15105650 14634524 14684908 15475731 15359193 16414541 16560154 876162 918838 1538299 1619343 2015909 1991748 2067509 2060684 1969931 1995291 1491702 1489491 810822 698261 16402481 16341406 15182300 15116751
B -1004790 -1004790 -354534 -354534 682075 682075 982017 982017 116333 116333 -928534 -928534 -906357 -906357 -2600 -2600 887274 887274 944626 944626 131393 131393 -824220 -824220 -887286 -887286 239740 239740 1039277 1039277 209074 209074
S 0 0 0 0 4194304 5242880 4194304 5898240 4194304 8323072 4194304 4194304 0 0 0 0 1356271 1048576 4107658 2097152 1356271 1048576 4107658 2097152 1356271 1048576 4107658 2097152 1358575 11390656 845 6571408 6372631 6372631 6372631 15430145 14690841 139355 16413880 139355 16413880 376412 459886 468535 383962 383962 383962 16328651 16328651 16328651 8386558 8374325 7896325 0 0 0 0 0 0 0 0 0 0 0 845 6571408 15182300 15116751 14759853 14775421 16105459 16030838 1402068 1326232 1971790 1956281 265837 199496 14949792 14890505 14980390 14948617 31998 16734821 1797048 1752051 1901491 1877016 306799 218776 15147275 15110279 15009711 14995578 518498 440465 2079937 2077171 376412 459886
B -963164 -963164 -507076 -507076 842144 842144 894984 894984 -215734 -215734 -1023283 -1023283 -639045 -639045 448572 448572 1023784 1023784 339959 339959 -886420 -886420 -699860 -699860 656644 656644 863491 863491 -477945 -477945 -1027406 -1027406
S 0 0 0 0 4194304 5242880 4194304 5898240 4194304 8323072 4194304 4194304 0 0 0 0 1352499 1048576 4107658 2097152 1352499 1048576 4107658 2097152 1352499 1048576 4107658 2097152 1352729 9093312 845 6571408 9258630 9258630 9258630 15896160 326960 14817943 15168266 14817943 15168266 14716272 14728539 16309481 16312351 16312351 16312351 359248 359248 359248 8386558 8374325 7896325 0 0 0 0 0 0 0 0 0 0 0 845 6571408 376412 459886 14857976 14843803 15749650 15776478 1635578 1732999 1783349 1796589 16299860 16391636 14727906 14733394 15489189 15509064 850336 943952 2053375 2041762 701090 658746 14967773 15040982 15409412 15345580 1355753 1270824 1745963 1708002 15847955 15794698 14716272 14728539
B 42052 42052 988794 988794 700724 700724 -448319 -448319 -1042682 -1042682 -454811 -454811 701879 701879 888769 888769 -380522 -380522 -1018936 -1018936 125388 125388 1069104 1069104 132042 132042 -996360 -996360 -706311 -706311 423974 423974
S 0 0 0 0 4194304 5242880 4194304 5898240 4194304 8323072 4194304 4194304 0 0 0 0 1356919 1048576 4107658 2097152 1356919 1048576 4107658 2097152 1356919 1048576 4107658 2097152 1354567 4580032 845 6571408 8202616 8202616 8202616 1925445 2075819 1079051 1381827 1079051 1381827 891984 803912 16504387 449227 449227 449227 16400704 16400704 16400704 8386558 8374325 7896325 0 0 0 0 0 0 0 0 0 0 0 845 6571408 14716272 14728539 94693 73516 2013174 1942004 1355398 1447498 15872524 15888632 14715702 14668005 15825720 15909471 1365787 1441729 1776877 1778202 15974713 16057633 14738615 14740073 224181 277371 2121948 2154471 325387 202781 14779441 14789554 15380733 15348456 891984 803912
B 1067612 1067612 464046 464046 -647728 -647728 -959103 -959103 132644 132644 1037691 1037691 213133 213133 -978350 -978350 -420866 -420866 924917 924917 785135 785135 -412535 -412535 -1050504 -1050504 -419686 -419686 665393 665393 986309 986309
S 0 0 0 0 4194304 5242880 4194304 5898240 4194304 8323072 4194304 4194304 0 0 0 0 1353147 1048576 4107658 2097152 1353147 1048576 4107658 2097152 1353147 1048576 4107658 2097152 1356830 16635072 845 6571408 8394518 8394518 8394518 1142298 16548461 1964359 1710298 1964359 1710298 1988554 1956684 16747083 16419700 16419700 16419700 477762 477762 477762 8386558 8374325 7896325 0 0 0 0 0 0 0 0 0 0 0 845 6571408 891984 803912 2153346 2117103 954244 901941 15513433 15450088 14869078 14848943 303138 227440 2079049 2071716 383528 469007 14822867 14818165 15923479 15947491 1803960 1895709 1565314 1575227 15902381 16001913 14686818 14665598 15932208 15943483 1285118 1376456 1988554 1956684
B 83190 83190 -1000636 -1000636 -477912 -477912 841125 841125 683936 683936 -724417 -724417 -890780 -890780 355134 355134 1041310 1041310 422713 422713 -730955 -730955 -1002885 -1002885 -155223 -155223 892412 892412 687893 687893 -642928 -642928
S 0 0 0 0 4194304 5242880 4194304 5898240 4194304 8323072 4194304 4194304 0 0 0 0 1357567 1048576 4107658 2097152 1357567 1048576 4107658 2097152 1357567 1048576 4107658 2097152 1359725 1935040 845 6571408 8047768 8047768 8047768 14681294 15183156 15268917 14961297 15268917 14961297 15456226 15526496 804669 374684 374684 374684 16318408 16318408 16318408 8386558 8374325 7896325 0 0 0 0 0 0 0 0 0 0 0 845 6571408 1988554 1956684 196556 136205 14746126 14805764 15859380 15783405 1718162 1646341 1392830 1342914 15354458 15302306 14971910 15019404 718453 702085 2106741 2058502 793321 897533 15300695 15329918 14782554 14760341 16422118 16511423 1750674 1818976 1362093 1389482 15456226 15526496
B -908428 -908428 413265 413265 1016616 1016616 -196865 -196865 -1073230 -1073230 -430426 -430426 711316 711316 1009208 1009208 147336 147336 -859455 -859455 -811015 -811015 437704 437704 1007087 1007087 -88298 -88298 -1023853 -1023853 -109914 -109914
S 0 0 0 0 4194304 5242880 4194304 5898240 4194304 8323072 4194304 4194304 0 0 0 0 1353795 1048576 4107658 2097152 1353795 1048576 4107658 2097152 1353795 1048576 4107658 2097152 1354494 9586880 845 6571408 9558812 9558812 9558812 1532115 2096505 31553 724034 31553 724034 16540089 16574689 16531522 16297353 16297353 16297353 342689 342689 342689 8386558 8374325 7896325 0 0 0 0 0 0 0 0 0 0 0 845 6571408 15456226 15526496 14974260 14946463 804206 848855 2023192 2043272 16449109 16317865 14628698 14632816 15947100 15885629 1453494 1391772 2035436 2001398 331703 257642 15078600 15038014 15152195 15158177 915840 834976 2005886 2022463 16552706 16648537 14722243 14736779 16540089 16574689
B 1052655 1052655 518798 518798 -693152 -693152 -996260 -996260 -81086 -81086 882541 882541 854290 854290 -231951 -231951 -1047530 -1047530 -187518 -187518 979650 979650 431188 431188 -927416 -927416 -663956 -663956 649663 649663 991450 991450
S 0 0 0 0 4194304 5242880 4194304 5898240 4194304 8323072 4194304 4194304 0 0 0 0 1358215 1048576 4107658 2097152 1358215 1048576 4107658 2097152 1358215 1048576 4107658 2097152 1356642 13019840 845 6571408 5945557 5945557 5945557 1018668 16691454 1929383 1722812 1929383 1722812 1991716 1974087 16206613 460861 460861 460861 16413548 16413548 16413548 8386558 8374325 7896325 0 0 0 0 0 0 0 0 0 0 0 845 6571408 16540089 16574689 2075211 2135412 1032237 1042956 15341656 15440168 14811795 14757597 16617326 16612765 1723415 1806752 1736841 1680322 16349876 16276754 14663524 14700789 16443665 16360696 1984609 1933993 890650 834102 14946839 14897931 15408106 15490503 1305184 1293470 1991716 1974087
B 90232 90232 -945306 -945306 -861867 -861867 163862 163862 1001091 1001091 420906 420906 -851464 -851464 -721973 -721973 667290 667290 871618 871618 -510658 -510658 -1046652 -1046652 -108908 -108908 924864 924864 842804 842804 -183499 -183499
S 0 0 0 0 4194304 5242880 4194304 5898240 4194304 8323072 4194304 4194304 0 0 0 0 1354443 1048576 4107658 2097152 1354443 1048576 4107658 2097152 1354443 1048576 4107658 2097152 1358434 8289472 845 6571408 12469785 12469785 12469785 15213932 14690697 16300877 15815325 16300877 15815325 16454862 16365576 181203 16436772 16436772 16436772 121094 121094 121094 8386558 8374325 7896325 0 0 0 0 0 0 0 0 0 0 0 845 6571408 1991716 1974087 128434 232495 14866996 14906212 15050337 15056630 284411 371040 1976066 2028300 816582 867045 15048053 15100523 15361091 15305451 1319321 1349839 1739727 1746748 15820048 15691753 14683788 14684036 16602067 16516735 1864118 1835341 1698382 1672836 16454862 16365576
B -987034 -987034 -585513 -585513 701827 701827 890522 890522 -376988 -376988 -981690 -981690 208969 208969 1081354 1081354 194241 194241 -912345 -912345 -818502 -818502 302237 302237 1020282 1020282 607421 607421 -556182 -556182 -989977 -989977
S 0 0 0 0 4194304 5242880 4194304 5898240 4194304 8323072 4194304 4194304 0 0 0 0 1358863 1048576 4107658 2097152 1358863 1048576 4107658 2097152 1358863 1048576 4107658 2097152 1353046 15691456 845 6571408 2404667 2404667 2404667 16060085 634430 14887457 15177487 14887457 15177487 14792441 14802083 98327 359330 359330 359330 313407 313407 313407 8386558 8374325 7896325 0 0 0 0 0 0 0 0 0 0 0 845 6571408 16454862 16365576 14810100 14796198 15590398 15621984 1442281 1365030 1762020 1800070 15974650 16071832 14797798 14829874 396779 439100 2151325 2174091 384141 392825 14909277 14995775 15181403 15099021 615610 593340 2008960 2072170 1253267 1176420 15703703 15626002 14792441 14802083
B 134319 134319 1035771 1035771 148799 148799 -1041071 -1041071 -383709 -383709 880055 880055 830474 830474 -286169 -286169 -1067304 -1067304 -582422 -582422 525900 525900 1006481 1006481 71742 71742 -992742 -992742 -475138 -475138 851042 851042
S 0 0 0 0 4194304 5242880 4194304 5898240 4194304 8323072 4194304 4194304 0 0 0 0 1355091 1048576 4107658 2097152 1355091 1048576 4107658 2097152 1355091 1048576 4107658 2097152 1356105 4718784 845 6571408 16423050 16423050 16423050 1938757 853163 1831815 2101154 1831815 2101154 1694350 1709821 455202 16684880 16684880 16684880 16339805 16339805 16339805 8386558 8374325 7896325 0 0 0 0 0 0 0 0 0 0 0 845 6571408 14792441 14802083 310482 226796 2082898 2060186 325890 269308 14716252 14673898 15955786 16063813 1762614 1757607 1653452 1668447 16158384 16251372 14621881 14663336 15591786 15632959 1015891 1087711 1999980 2025947 108831 178140 14776682 14806784 15866608 15787275 1694350 1709821
B 670471 670471 -751465 -751465 -926477 -926477 233475 233475 1044868 1044868 530927 530927 -571406 -571406 -1013036 -1013036 -227435 -227435 933851 933851 674340 674340 -637067 -637067 -869834 -869834 465309 465309 1022934 1022934 -98660 -98660
S 0 0 0 0 4194304 5242880 4194304 5898240 4194304 8323072 4194304 4194304 0 0 0 0 1359511 1048576 4107658 2097152 1359511 1048576 4107658 2097152 1359511 1048576 4107658 2097152 1358592 1970880 845 6571408 15059121 15059121 15059121 15117495 14684501 16357871 15927229 16357871 15927229 16577499 16582293 16354300 16447747 16447747 16447747 369893 369893 369893 8386558 8374325 7896325 0 0 0 0 0 0 0 0 0 0 0 845 6571408 1694350 1709821 1344614 1337271 15330462 15218111 14926302 14922225 516051 417850 2085886 2093587 1065434 1058276 15681643 15587165 14740813 14761476 16293130 16351563 1899473 1835932 1319616 1377747 15458945 15547221 15015829 15059270 906329 954909 2051631 2040108 16577499 16582293
B -1022710 -1022710 -551414 -551414 651783 651783 1026517 1026517 258104 258104 -830493 -830493 -817620 -817620 441338 441338 1006953 1006953 -110471 -110471 -1066944 -1066944 -123271 -123271 1007605 1007605 608280 608280 -602975 -602975 -1044427 -1044427
S 0 0 0 0 4194304 5242880 4194304 5898240 4194304 8323072 4194304 4194304 0 0 0 0 1355739 1048576 4107658 2097152 1355739 1048576 4107658 2097152 1355739 1048576 4107658 2097152 1352265 7574720 845 6571408 3684798 3684798 3684798 15450452 16594066 14744343 14981138 14744343 14981138 14671380 14705344 16640763 429084 429084 429084 16378466 16378466 16378466 8386558 8374325 7896325 0 0 0 0 0 0 0 0 0 0 0 845 6571408 16577499 16582293 14698034 14765558 15724475 15624302 1322011 1285124 2037236 2068833 559809 472609 15151810 15080653 15151516 15132439 921804 843548 2010111 2017702 16582585 16529964 14659965 14626694 16470575 16590773 2013882 2016539 1196143 1236980 15534240 15608295 14671380 14705344
B -224161 -224161 814612 814612 878063 878063 -282337 -282337 -1034836 -1034836 -206252 -206252 962219 962219 448844 448844 -915277 -915277 -750246 -750246 522523 522523 1035748 1035748 168445 168445 -854498 -854498 -890014 -890014 144680 144680
S 0 0 0 0 4194304 5242880 4194304 5898240 4194304 8323072 4194304 4194304 0 0 0 0 1351967 1048576 4107658 2097152 1351967 1048576 4107658 2097152 1351967 1048576 4107658 2097152 1354636 11876032 845 6571408 11352097 11352097 11352097 1738492 2097108 488348 1015938 488348 1015938 251814 326908 16674199 16403830 16403830 16403830 460241 460241 460241 8386558 8374325 7896325 0 0 0 0 0 0 0 0 0 0 0 845 6571408 14671380 14705344 16293910 16363878 1605640 1652809 1758230 1754025 16173557 16251529 14703904 14711185 16412547 16316877 1923777 1925100 908059 887319 14991786 14901539 15279462 15273989 1095794 994301 2051170 2091823 330389 343394 15110933 15025510 14972265 15022113 251814 326908
B 1044776 1044776 405019 405019 -832838 -832838 -707595 -707595 680316 680316 904129 904129 -373502 -373502 -1038913 -1038913 -227999 -227999 913876 913876 887755 887755 -126033 -126033 -993112 -993112 -552218 -552218 703069 703069 902927 902927
S 0 0 0 0 4194304 5242880 4194304 5898240 4194304 8323072 4194304 4194304 0 0 0 0 1356387 1048576 4107658 2097152 1356387 1048576 4107658 2097152 1356387 1048576 4107658 2097152 1357495 6457536 845 6571408 6832132 6832132 6832132 331032 15553325 1664161 1322068 1664161 1322068 1786774 1824937 596171 408000 408000 408000 16355189 16355189 16355189 8386558 8374325 7896325 0 0 0 0 0 0 0 0 0 0 0 845 6571408 251814 326908 2110616 2068490 774103 845975 15075954 15147129 15336149 15387904 1335348 1385916 1829183 1787333 16031227 16029199 14676986 14721794 16375199 16267240 1849880 1805627 1777524 1773498 16567877 16482423 14817806 14764180 15694960 15650601 1439708 1372571 1786774 1824937
ENDSET
SET 9 A=11776
P 64 64 64 64 64 64 0 64
B 853 853 26530 26530 149964 149964 385430 385430 678090 678090 950584 950584 1032686 1032686 753274 753274 65133 65133 -732375 -732375 -1019089 -1019089 -352895 -352895 741501 741501 904911 904911 -279115 -279115 -1005706 -1005706
S 0 0 0 0 4194304 4194304 4194304 4194304 4194304 4194304 0 4194304 0 0 0 0 1358087 9437184 7888043 2097152 1358087 9437184 7888043 2097152 1358087 9437184 7888043 2097152 1353346 149504 1093 12619776 11280670 11280670 11280670 16010986 890940 14817106 15077656 14817106 15077656 14767300 14764309 780 16765827 16765827 16765827 7177 7177 7177 8388606 8388606 8388606 0 0 0 0 0 0 0 0 0 0 0 1093 12619776 0 0 0 3415 48904 57218 301488 298371 768735 772988 1355565 1356798 1901129 1901208 2065927 2064820 1508907 1504190 131579 128956 15313520 15311413 14737920 14740157 16071329 16071523 1482792 1483215 1809563 1810084 16217630 16220345 14767300 14764309
B 148128 148128 1005075 1005075 -333079 -333079 -955838 -955838 552951 552951 826372 826372 -721565 -721565 -678341 -678341 871931 871931 487545 487545 -972789 -972789 -282132 -282132 1035715 1035715 58318 58318 -1046362 -1046362 164160 164160
S 0 0 0 0 4194304 4194304 4194304 4194304 4194304 4194304 0 4194304 0 0 0 0 1355371 9437184 7888043 2097152 1355371 9437184 7888043 2097152 1355371 9437184 7888043 2097152 1355583 5302272 1093 12619776 13948529 13948529 13948529 2029305 1749593 652529 1318602 652529 1318602 329019 327622 573 16771779 16771779 16771779 16762411 16762411 16762411 8388606 8388606 8388606 0 0 0 0 0 0 0 0 0 0 0 1093 12619776 14767300 14764309 296714 295801 2015238 2005062 16106891 16115225 14865831 14865251 1109978 1101829 1648368 1657123 15335934 15332238 15418786 15422282 1748242 1739483 970278 979904 14833505 14829772 16212636 16213270 2073862 2069000 112688 120585 14686201 14682784 329019 327622
B 1012546 1012546 -382176 -382176 -929753 -929753 580328 580328 806178 806178 -753671 -753671 -644260 -644260 891141 891141 453828 453828 -988654 -988654 -241757 -241757 1040243 1040243 19221 19221 -1044469 -1044469 204664 204664 1000552 1000552
S 0 0 0 0 4194304 4194304 4194304 4194304 4194304 4194304 0 4194304 0 0 0 0 1352655 9437184 7888043 2097152 1352655 9437184 7888043 2097152 1352655 9437184 7888043 2097152 1357821 5269504 1093 12619776 8269939 8269939 8269939 228772 15379141 1877125 1421884 1877125 1421884 2000325 2001883 797 19012 19012 19012 17167 17167 17167 8388606 8388606 8388606 0 0 0 0 0 0 0 0 0 0 0 1093 12619776 329019 327622 2025753 2024434 16009833 16015895 14919606 14915817 1161628 1159684 1611687 1613025 15267804 15271946 15490887 15486508 1782952 1781612 906130 909182 14798866 14800950 16296057 16291348 2080501 2080474 36542 40345 14688278 14688280 411575 407084 2000325 2001883
B -418890 -418890 -910908 -910908 614019 614019 779290 779290 -780986 -780986 -612074 -612074 912067 912067 416633 416633 -1001326 -1001326 -202130 -202130 1044673 1044673 -21660 -21660 -1039951 -1039951 244495 244495 987658 987658 -456104 -456104
S 0 0 0 0 4194304 4194304 4194304 4194304 4194304 4194304 0 4194304 0 0 0 0 1358131 9437184 7888043 2097152 1358131 9437184 7888043 2097152 1358131 9437184 7888043 2097152 1351868 3926016 1093 12619776 11497615 11497615 11497615 14681498 15434668 15578457 15044959 15578457 15044959 15863076 15866942 1090 16766146 16766146 16766146 112 112 112 8388606 8388606 8388606 0 0 0 0 0 0 0 0 0 0 0 1093 12619776 2000325 2001883 15937619 15941255 14956340 14954460 1229857 1226222 1557076 1560087 15213906 15216582 15554722 15551416 1825243 1823027 831265 835269 14773986 14775144 16374992 16370920 2089571 2089123 16731739 16736053 14697620 14697011 491023 486957 1974631 1976003 15863076 15866942
B -889863 -889863 646722 646722 751326 751326 -807802 -807802 -578233 -578233 931584 931584 378609 378609 -1012823 -1012823 -161561 -161561 1047376 1047376 -62837 -62837 -1033923 -1033923 284481 284481 972988 972988 -492922 -492922 -867305 -867305
S 0 0 0 0 4194304 4194304 4194304 4194304 4194304 4194304 0 4194304 0 0 0 0 1355415 9437184 7888043 2097152 1355415 9437184 7888043 2097152 1355415 9437184 7888043 2097152 1354107 12498944 1093 12619776 13683676 13683676 13683676 383473 1790267 15250334 15861360 15250334 15861360 15043808 15041407 832 16771043 16771043 16771043 16761929 16761929 16761929 8388606 8388606 8388606 0 0 0 0 0 0 0 0 0 0 0 1093 12619776 15863076 15866942 14998633 14996349 1295097 1291793 1501188 1504119 15160249 15162976 15622528 15618972 1864136 1862202 755244 759193 14751021 14752122 16456190 16452000 2094856 2094651 16649422 16653663 14709729 14709013 570997 566927 1945194 1946760 15789493 15793253 15043808 15041407
B 678839 678839 721852 721852 -833556 -833556 -543200 -543200 949908 949908 339592 339592 -1022794 -1022794 -120393 -120393 1048497 1048497 -104327 -104327 -1026205 -1026205 324339 324339 956661 956661 -529307 -529307 -843192 -843192 710142 710142
S 0 0 0 0 4194304 4194304 4194304 4194304 4194304 4194304 0 4194304 0 0 0 0 1352699 9437184 7888043 2097152 1352699 9437184 7888043 2097152 1352699 9437184 7888043 2097152 1356347 9295872 1093 12619776 8312670 8312670 8312670 1983276 817997 1646078 2000548 1646078 2000548 1421837 1418733 999 18970 18970 18970 16728 16728 16728 8388606 8388606 8388606 0 0 0 0 0 0 0 0 0 0 0 1093 12619776 15043808 15041407 1359286 1356070 1442174 1445236 15108811 15111399 15692637 15688995 1900709 1898924 677184 681187 14731156 14732100 16538541 16534321 2097009 2096979 16566453 16570674 14725245 14724369 650693 646665 1912458 1914187 15716766 15720439 15092101 15089565 1421837 1418733
B 690993 690993 -858194 -858194 -507024 -507024 966892 966892 299738 299738 -1031191 -1031191 -78724 -78724 1047984 1047984 -145967 -145967 -1016780 -1016780 363942 363942 938696 938696 -565127 -565127 -817568 -817568 740495 740495 658820 658820
S 0 0 0 0 4194304 4194304 4194304 4194304 4194304 4194304 0 4194304 0 0 0 0 1358175 9437184 7888043 2097152 1358175 9437184 7888043 2097152 1358175 9437184 7888043 2097152 1358587 15726592 1093 12619776 11720573 11720573 11720573 15811628 14746930 1043604 328595 1043604 328595 1315994 1319289 1259 16766510 16766510 16766510 609 609 609 8388606 8388606 8388606 0 0 0 0 0 0 0 0 0 0 0 1093 12619776 1421837 1418733 1380400 1383574 15059601 15062057 15765035 15761301 1934597 1932974 597454 601499 14714441 14715229 16621891 16617645 2095892 2096044 16483188 16487376 14744169 14743144 729878 725890 1876445 1878341 15645177 15648747 15143409 15140753 1482491 1479489 1315994 1319289
B -881629 -881629 -469801 -469801 982436 982436 259160 259160 -1037962 -1037962 -36672 -36672 1045805 1045805 -187614 -187614 -1005639 -1005639 403167 403167 919132 919132 -600252 -600252 -790479 -790479 769774 769774 625419 625419 -903784 -903784
S 0 0 0 0 4194304 4194304 4194304 4194304 4194304 4194304 0 4194304 0 0 0 0 1355459 9437184 7888043 2097152 1355459 9437184 7888043 2097152 1355459 9437184 7888043 2097152 1352636 10295296 1093 12619776 13422346 13422346 13422346 15078088 16556616 14824420 14680157 14824420 14680157 14968578 14970720 966 16770344 16770344 16770344 16761495 16761495 16761495 8388606 8388606 8388606 0 0 0 0 0 0 0 0 0 0 0 1093 12619776 1315994 1319289 15012807 15015110 15839516 15835713 1965607 1964137 516274 520369 14700983 14701601 16706002 16701744 2091447 2091773 16399912 16404067 14766531 14765348 808301 804367 1837236 1839295 15574981 15578444 15197644 15194872 1540995 1538102 1249132 1252547 14968578 14970720
B -431629 -431629 996440 996440 217982 217982 -1043085 -1043085 5647 5647 1041924 1041924 -229119 -229119 -992796 -992796 441907 441907 898007 898007 -634544 -634544 -761985 -761985 797889 797889 590876 590876 -924574 -924574 -392613 -392613
S 0 0 0 0 4194304 4194304 4194304 4194304 4194304 4194304 0 4194304 0 0 0 0 1352743 9437184 7888043 2097152 1352743 9437184 7888043 2097152 1352743 9437184 7888043 2097152 1354877 5187584 1093 12619776 8345935 8345935 8345935 1466137 2095264 16308879 289223 16308879 289223 15993948 15990033 1089 18934 18934 18934 16298 16298 16298 8388606 8388606 8388606 0 0 0 0 0 0 0 0 0 0 0 1093 12619776 14968578 14970720 15915889 15912027 1993542 1992218 433890 438038 14690830 14691265 13420 9171 2083605 2084092 16316915 16321042 14792299 14790950 885747 881884 1794911 1797118 15506450 15509808 15254693 15251800 1597165 1594393 1179991 1183516 14927078 14929059 15993948 15990033
B 1008830 1008830 176313 176313 -1046542 -1046542 48111 48111 1036313 1036313 -270355 -270355 -978287 -978287 480063 480063 875355 875355 -667873 -667873 -732156 -732156 824772 824772 555275 555275 -943912 -943912 -352859 -352859 1019568 1019568
S 0 0 0 0 4194304 4194304 4194304 4194304 4194304 4194304 0 4194304 0 0 0 0 1358219 9437184 7888043 2097152 1358219 9437184 7888043 2097152 1358219 9437184 7888043 2097152 1357118 5535744 1093 12619776 11949289 11949289 11949289 1267032 16380308 2090863 2011802 2090863 2011802 2039643 2038632 1329 16766911 16766911 16766911 1132 1132 1132 8388606 8388606 8388606 0 0 0 0 0 0 0 0 0 0 0 1093 12619776 15993948 15990033 2018248 2017075 350529 354724 14684009 14684258 98337 94107 2072305 2072948 16234456 16238557 14821405 14819879 962014 958239 1749539 1751881 15439841 15443101 15314416 15311392 1650863 1648228 1108743 1112359 14888479 14890308 16073487 16069512 2039643 2038632
B 134256 134256 -1048314 -1048314 90593 90593 1028962 1028962 -311215 -311215 -962152 -962152 517530 517530 851214 851214 -700133 -700133 -701067 -701067 850368 850368 518698 518698 -961712 -961712 -312467 -312467 1028636 1028636 91905 91905
S 0 0 0 0 4194304 4194304 4194304 4194304 4194304 4194304 0 4194304 0 0 0 0 1355503 9437184 7888043 2097152 1355503 9437184 7888043 2097152 1355503 9437184 7888043 2097152 1359359 7424000 1093 12619776 13164835 13164835 13164835 14937364 14799112 16628948 15894666 16628948 15894666 181691 185930 1014 16769676 16769676 16769676 16761102 16761102 16761102 8388606 8388606 8388606 0 0 0 0 0 0 0 0 0 0 0 1093 12619776 2039643 2038632 266399 270626 14680555 14680624 183290 179083 2057524 2058324 16152754 16156820 14853762 14852062 1036899 1033221 1701195 1703663 15375370 15378533 15376662 15373505 1701978 1699496 1035552 1039242 14852950 14854635 16154302 16150262 2057691 2056856 181691 185930
B -1048377 -1048377 132974 132974 1019881 1019881 -351611 -351611 -944430 -944430 554198 554198 825631 825631 -731242 -731242 -668795 -668795 874615 874615 481230 481230 -977908 -977908 -271538 -271538 1036029 1036029 49361 49361 -1046703 -1046703
S 0 0 0 0 4194304 4194304 4194304 4194304 4194304 4194304 0 4194304 0 0 0 0 1352787 9437184 7888043 2097152 1352787 9437184 7888043 2097152 1352787 9437184 7888043 2097152 1353408 6584320 1093 12619776 8369695 8369695 8369695 16053180 980631 14730062 15025882 14730062 15025882 14683939 14683681 1105 18899 18899 18899 15871 15871 15871 8388606 8388606 8388606 0 0 0 0 0 0 0 0 0 0 0 1093 12619776 181691 185930 14680513 14680414 268044 263852 2039278 2040246 16071987 16076001 14889288 14887427 1110188 1106604 1649964 1652562 15313204 15316261 15441267 15437985 1750394 1748067 960582 964339 14820630 14822171 16236193 16232088 2072384 2071735 96605 100841 14683939 14683681
B 175135 175135 1009102 1009102 -391461 -391461 -925153 -925153 589951 589951 798666 798666 -761143 -761143 -635419 -635419 897441 897441 442964 442964 -992458 -992458 -230164 -230164 1041741 1041741 6731 6731 -1043279 -1043279 216980 216980
S 0 0 0 0 4194304 4194304 4194304 4194304 4194304 4194304 0 4194304 0 0 0 0 1358263 9437184 7888043 2097152 1358263 9437184 7888043 2097152 1358263 9437184 7888043 2097152 1355649 8538112 1093 12619776 12183503 12183503 12183503 2053453 1688813 752347 1399256 752347 1399256 436041 431880 1333 16767344 16767344 16767344 1674 1674 1674 8388606 8388606 8388606 0 0 0 0 0 0 0 0 0 0 0 1093 12619776 14683939 14683681 352360 348183 2017632 2018778 15992322 15996266 14927916 14925906 1181649 1178157 1595967 1598700 15253464 15256399 15508074 15504682 1795970 1793795 884016 887840 14791607 14792996 16318966 16314810 2083716 2083250 11350 15577 14690867 14690452 436041 431880
B 996669 996669 -430679 -430679 -904356 -904356 624690 624690 770389 770389 -789788 -789788 -601014 -601014 918769 918769 403995 403995 -1005345 -1005345 -188435 -188435 1045752 1045752 -35870 -35870 -1038110 -1038110 258420 258420 982624 982624
S 0 0 0 0 4194304 4194304 4194304 4194304 4194304 4194304 0 4194304 0 0 0 0 1355547 9437184 7888043 2097152 1355547 9437184 7888043 2097152 1355547 9437184 7888043 2097152 1357890 9680896 1093 12619776 12911439 12911439 12911439 118163 15298231 1825151 1338532 1825151 1338532 1964499 1965998 1004 16769036 16769036 16769036 16760747 16760747 16760747 8388606 8388606 8388606 0 0 0 0 0 0 0 0 0 0 0 1093 12619776 436041 431880 1992675 1994001 15913927 15917790 14969578 14967432 1251084 1247677 1539342 1542216 15196242 15199038 15576931 15573445 1838555 1836522 806040 809940 14765917 14767138 16402442 16398250 2091651 2091359 16703368 16707587 14701286 14700707 518905 514775 1964499 1965998
B -469166 -469166 -882079 -882079 658330 658330 740879 740879 -817131 -817131 -565659 -565659 938532 938532 364415 364415 -1016570 -1016570 -146439 -146439 1048042 1048042 -78338 -78338 -1031224 -1031224 299385 299385 967002 967002 -506824 -506824
S 0 0 0 0 4194304 4194304 4194304 4194304 4194304 4194304 0 4194304 0 0 0 0 1352831 9437184 7888043 2097152 1352831 9437184 7888043 2097152 1352831 9437184 7888043 2097152 1351939 6010880 1093 12619776 8383924 8383924 8383924 14688850 15524548 15486416 14983032 15486416 14983032 15761722 15765417 1069 18859 18859 18859 15443 15443 15443 8388606 8388606 8388606 0 0 0 0 0 0 0 0 0 0 0 1093 12619776 1964499 1965998 15836997 15840774 15014199 15011919 1318318 1315004 1480252 1483264 15141630 15144280 15647681 15644115 1878013 1876118 726841 730819 14743556 14744598 16486442 16482235 2096149 2096019 16618431 16622650 14715146 14714391 600812 596731 1933175 1934833 15761722 15765417
B -858371 -858371 690821 690821 710204 710204 -843114 -843114 -529430 -529430 956687 956687 324310 324310 -1026134 -1026134 -104267 -104267 1048591 1048591 -120579 -120579 -1022664 -1022664 339804 339804 949833 949833 -543554 -543554 -833296 -833296
S 0 0 0 0 4194304 4194304 4194304 4194304 4194304 4194304 0 4194304 0 0 0 0 1358307 9437184 7888043 2097152 1358307 9437184 7888043 2097152 1358307 9437184 7888043 2097152 1354180 3184640 1093 12619776 12422948 12422948 12422948 497200 1848098 15332471 15967406 15332471 15967406 15111907 15109342 1293 16767805 16767805 16767805 2229 2229 2229 8388606 8388606 8388606 0 0 0 0 0 0 0 0 0 0 0 1093 12619776 15761722 15765417 15061684 15059267 1383247 1380037 1418840 1421979 15089736 15092240 15720180 15716535 1914252 1912498 646596 650644 14724519 14725378 16570787 16566577 2097170 2097194 16533951 16538168 14732358 14731421 681617 677602 1898765 1900567 15688298 15691918 15111907 15109342
ENDSET
SET 10 A=11776
P 64 64 64 64 64 64 127 64
B 853 853 26530 26530 243942 243942 538321 538321 597613 597613 877568 877568 -73922 -73922 -152854 -152854 572795 572795 -1217340 -1217340 -578730 -578730 -150005 -150005 925739 925739 824913 824913 -458729 -458729 -733478 -733478
S 0 0 0 0 4194304 4194304 4194304 4194304 4194304 4194304 8323072 4194304 0 0 0 0 1358087 9437184 7888043 2097152 1358087 9437184 7888043 2097152 1358087 9437184 7888043 2097152 1354739 5261312 1093 12619776 11280670 11280670 11280670 1345257 410730 16276733 14948821 16276733 14948821 16549277 14071246 13733925 9024591 9024591 9024591 15430475 15430475 15430475 8388606 8388606 8388606 0 0 0 0 0 0 0 0 0 0 0 1093 12619776 0 0 0 3415 48904 57218 758133 217635 2236416 16694087 1553301 837154 1154007 2356266 733338 15748191 16469577 16473442 1488727 802454 15389983 13295091 14725910 16513604 15975211 201987 1269295 2433662 1841624 1458030 15426456 16293060 16549277 14071246
B 429216 429216 825701 825701 724882 724882 380061 380061 -477450 -477450 -404546 -404546 -1249213 -1249213 -34532 -34532 -325609 -325609 266446 266446 236383 236383 -75055 -75055 -1091804 -1091804 459704 459704 8784 8784 715496 715496
S 0 0 0 0 4194304 4194304 4194304 4194304 4194304 4194304 8323072 4194304 0 0 0 0 1355371 9437184 7888043 2097152 1355371 9437184 7888043 2097152 1355371 9437184 7888043 2097152 1352301 15910912 1093 12619776 13948529 13948529 13948529 2072184 1758438 1305333 1332646 1305333 1332646 498050 2363937 2013860 3928471 3928471 3928471 977648 977648 977648 8388606 8388606 8388606 0 0 0 0 0 0 0 0 0 0 0 1093 12619776 16549277 14071246 1457464 259402 2033621 1269183 1471058 1428471 2015147 16282315 16328743 15315889 14743718 415315 14735686 13821897 16428724 210366 14570173 904607 751945 313842 1454047 16268703 15902795 574202 15475889 13711329 2056378 16559655 16246415 565937 498050 2363937
B 894460 894460 475986 475986 -101094 -101094 -330632 -330632 -780538 -780538 226992 226992 441722 441722 -529269 -529269 193642 193642 -905778 -905778 -692115 -692115 -436259 -436259 484436 484436 374884 374884 1135765 1135765 -581731 -581731
S 0 0 0 0 4194304 4194304 4194304 4194304 4194304 4194304 8323072 4194304 0 0 0 0 1352655 9437184 7888043 2097152 1352655 9437184 7888043 2097152 1352655 9437184 7888043 2097152 1359301 7866368 1093 12619776 8269939 8269939 8269939 1878472 16154955 16589887 15735893 16589887 15735893 16068102 15159407 8385257 1139310 1139310 1139310 4036600 4036600 4036600 8388606 8388606 8388606 0 0 0 0 0 0 0 0 0 0 0 1093 12619776 498050 2363937 2569482 1008358 16288990 2392172 16018734 354106 351272 15103419 15341920 15090360 31090 876878 2258492 16285615 16055414 15381945 15826652 1725132 15104035 14827287 15352762 15433213 14476500 555680 2033529 16681433 1545460 16731293 1822096 2720964 16068102 15159407
B 400671 400671 -112350 -112350 196282 196282 560372 560372 989218 989218 -297735 -297735 -209219 -209219 -928314 -928314 -783762 -783762 19442 19442 -228789 -228789 320474 320474 180547 180547 -546117 -546117 -675317 -675317 662202 662202
S 0 0 0 0 4194304 4194304 4194304 4194304 4194304 4194304 8323072 4194304 0 0 0 0 1358131 9437184 7888043 2097152 1358131 9437184 7888043 2097152 1358131 9437184 7888043 2097152 1354652 15640576 1093 12619776 11497615 11497615 11497615 2096859 644093 1271353 15167119 1271353 15167119 2038828 609982 8476722 11731706 11731706 11731706 11841871 11841871 11841871 8388606 8388606 8388606 0 0 0 0 0 0 0 0 0 0 0 1093 12619776 16068102 15159407 1849606 16530295 15315262 1012554 16450943 1111404 1874519 366969 803365 3153510 15960680 16402813 800626 15139717 15431912 14409267 14612094 15807292 1438170 15416817 15866395 16772883 15990777 2068338 762075 16737330 15699292 15670672 14436814 16416353 2038828 609982
B 14450 14450 1312691 1312691 261248 261248 350030 350030 -280788 -280788 -341045 -341045 -610487 -610487 941978 941978 -259037 -259037 -147929 -147929 -487116 -487116 -960617 -960617 -558629 -558629 9507 9507 378629 378629 844232 844232
S 0 0 0 0 4194304 4194304 4194304 4194304 4194304 4194304 8323072 4194304 0 0 0 0 1355415 9437184 7888043 2097152 1355415 9437184 7888043 2097152 1355415 9437184 7888043 2097152 1358987 1189888 1093 12619776 13683676 13683676 13683676 1268971 16607947 2824918 1849448 2824918 1849448 1724890 1652041 1496451 3807576 3807576 3807576 802274 802274 802274 8388606 8388606 8388606 0 0 0 0 0 0 0 0 0 0 0 1093 12619776 2038828 609982 1416639 15418378 2164057 3086710 914563 130430 1351340 48780 14348696 1305369 15708621 16481634 16096063 15016424 1221159 2546755 16261842 16256442 1353535 14831968 16123004 15482966 14222891 15489073 33900 14508800 15920873 894374 16119445 2172289 1724890 1652041
B 468680 468680 -568710 -568710 509308 509308 -230498 -230498 494383 494383 722487 722487 716201 716201 -588413 -588413 -205675 -205675 -1310641 -1310641 230773 230773 -136835 -136835 -11583 -11583 244500 244500 -78060 -78060 -1031442 -1031442
S 0 0 0 0 4194304 4194304 4194304 4194304 4194304 4194304 8323072 4194304 0 0 0 0 1352699 9437184 7888043 2097152 1352699 9437184 7888043 2097152 1352699 9437184 7888043 2097152 1357715 2603008 1093 12619776 8312670 8312670 8312670 16573500 1661690 14792514 14993277 14792514 14993277 15346287 14082380 8384884 1312361 1312361 1312361 4148754 4148754 4148754 8388606 8388606 8388606 0 0 0 0 0 0 0 0 0 0 0 1093 12619776 1724890 1652041 1200059 674662 14736713 16542880 2394791 16419657 790074 15065152 213237 1764297 1826719 1063230 1664588 1200217 14079017 344550 15481195 473321 14763336 13548534 16633251 1067059 57522 16172354 1977361 14753523 319458 658544 16173946 291030 15346287 14082380
B 33276 33276 360563 360563 618667 618667 1111835 1111835 -10250 -10250 271544 271544 -424201 -424201 -509529 -509529 -15305 -15305 950832 950832 -620101 -620101 72783 72783 -1004609 -1004609 -702212 -702212 -518972 -518972 315311 315311
S 0 0 0 0 4194304 4194304 4194304 4194304 4194304 4194304 8323072 4194304 0 0 0 0 1358175 9437184 7888043 2097152 1358175 9437184 7888043 2097152 1358175 9437184 7888043 2097152 1353210 10803200 1093 12619776 11720573 11720573 11720573 629358 2092549 2266752 15304972 2266752 15304972 2347429 15691033 8518266 11682932 11682932 11682932 11907285 11907285 11907285 8388606 8388606 8388606 0 0 0 0 0 0 0 0 0 0 0 1093 12619776 15346287 14082380 15826092 1084231 16038325 2181144 1411027 1063642 2534074 1913267 15997448 738768 2210123 15653271 257226 14823188 15176813 16339503 130864 16585135 1985514 1817815 13777809 519004 16356592 711758 15632820 13903177 14740625 16004960 16347000 15131544 2347429 15691033
B 325483 325483 892264 892264 -632861 -632861 -144141 -144141 311371 311371 -102283 -102283 753781 753781 847605 847605 197431 197431 -463176 -463176 -580484 -580484 -976174 -976174 573647 573647 -464256 -464256 334662 334662 31005 31005
S 0 0 0 0 4194304 4194304 4194304 4194304 4194304 4194304 8323072 4194304 0 0 0 0 1355459 9437184 7888043 2097152 1355459 9437184 7888043 2097152 1355459 9437184 7888043 2097152 1357453 11044864 1093 12619776 13422346 13422346 13422346 15870093 14839830 1185630 412401 1185630 412401 1006315 15894921 977253 3682346 3682346 3682346 625984 625984 625984 8388606 8388606 8388606 0 0 0 0 0 0 0 0 0 0 0 1093 12619776 2347429 15691033 677365 624568 1291014 2278044 16102691 14920300 15326619 874036 15940976 2081726 503818 15864269 1712013 1303114 1308699 2081723 2070388 15496553 16591979 15109750 15025334 16207162 14931867 14717870 1298290 996299 13960176 960018 271262 1067386 1006315 15894921
B -444956 -444956 -1030382 -1030382 528550 528550 103611 103611 1199754 1199754 486077 486077 139498 139498 63598 63598 -337313 -337313 -193137 -193137 838455 838455 389641 389641 -517372 -517372 -70761 -70761 -1223918 -1223918 -450794 -450794
S 0 0 0 0 4194304 4194304 4194304 4194304 4194304 4194304 8323072 4194304 0 0 0 0 1352743 9437184 7888043 2097152 1352743 9437184 7888043 2097152 1352743 9437184 7888043 2097152 1356150 940032 1093 12619776 8345935 8345935 8345935 14763188 1794958 14930827 16196297 14930827 16196297 15886105 15865154 8384509 1483919 1483919 1483919 4256182 4256182 4256182 8388606 8388606 8388606 0 0 0 0 0 0 0 0 0 0 0 1093 12619776 1006315 15894921 15353209 16421401 15476769 13956138 2486314 16405105 16636518 555145 1765484 3033534 1620404 323906 15860101 1475109 15672654 1358955 185086 15242880 16549256 16232628 1327479 2026344 2320696 16015085 16177671 15307274 15581116 913056 14441781 14216982 15886105 15865154
B -347990 -347990 417154 417154 400880 400880 573627 573627 -978409 -978409 508431 508431 -136964 -136964 440610 440610 780415 780415 766284 766284 -267038 -267038 -246413 -246413 -1028145 -1028145 -129626 -129626 303183 303183 -419598 -419598
S 0 0 0 0 4194304 4194304 4194304 4194304 4194304 4194304 8323072 4194304 0 0 0 0 1358219 9437184 7888043 2097152 1358219 9437184 7888043 2097152 1358219 9437184 7888043 2097152 1351769 3950592 1093 12619776 11949289 11949289 11949289 15037511 900613 34029 807586 34029 807586 16203712 15672328 8560534 11639959 11639959 11639959 11978245 11978245 11978245 8388606 8388606 8388606 0 0 0 0 0 0 0 0 0 0 0 1093 12619776 15886105 15865154 14328426 1056833 1093605 575014 1587051 16469 662503 1632008 15292878 14347919 2479375 16331565 16050120 179243 16651595 1888063 2294732 826928 202958 2862178 15746117 16740166 623024 15168541 14891164 14550688 16087679 171036 1911339 16078612 16203712 15672328
B 240838 240838 -562747 -562747 -802203 -802203 -504927 -504927 557238 557238 250880 250880 1353024 1353024 -50090 -50090 363651 363651 -230622 -230622 -138799 -138799 5258 5258 1116500 1116500 -390990 -390990 -108177 -108177 -763495 -763495
S 0 0 0 0 4194304 4194304 4194304 4194304 4194304 4194304 8323072 4194304 0 0 0 0 1355503 9437184 7888043 2097152 1355503 9437184 7888043 2097152 1355503 9437184 7888043 2097152 1355945 13293568 1093 12619776 13164835 13164835 13164835 14680560 15185163 14963594 15287644 14963594 15287644 15994225 14506228 467741 3552921 3552921 3552921 448982 448982 448982 8388606 8388606 8388606 0 0 0 0 0 0 0 0 0 0 0 1093 12619776 16203712 15672328 15831862 1908706 15916147 15387300 15141456 15204166 14426133 331376 1833829 395124 1583983 16196754 2306259 3105838 268947 16307909 1952866 16278957 15120613 734118 15812262 409761 712256 16085993 1318040 3147960 15467072 16523401 928452 15416057 15994225 14506228
B -897657 -897657 -240196 -240196 -76023 -76023 321477 321477 566007 566007 -250728 -250728 -657776 -657776 631423 631423 -79800 -79800 1121809 1121809 558640 558640 447025 447025 -419820 -419820 -387064 -387064 -1099492 -1099492 543194 543194
S 0 0 0 0 4194304 4194304 4194304 4194304 4194304 4194304 8323072 4194304 0 0 0 0 1352787 9437184 7888043 2097152 1352787 9437184 7888043 2097152 1352787 9437184 7888043 2097152 1354552 14198784 1093 12619776 8369695 8369695 8369695 15528657 16366815 342831 1278493 342831 1278493 470350 1702428 8384130 1653786 1653786 1653786 4358764 4358764 4358764 8388606 8388606 8388606 0 0 0 0 0 0 0 0 0 0 0 1093 12619776 15994225 14506228 14281276 15682528 943819 14872613 15987790 485335 16000323 2062802 1466038 797991 16356446 16195075 14539691 16383638 2027844 497849 1293513 15164505 1654231 2833005 1511129 723432 1575429 212671 14350334 747605 15249625 16756554 15134131 14022333 470350 1702428
B -243225 -243225 -40212 -40212 -145785 -145785 -619965 -619965 -944067 -944067 147238 147238 322280 322280 841837 841837 746738 746738 -386900 -386900 396604 396604 -309782 -309782 45382 45382 572827 572827 823225 823225 -644793 -644793
S 0 0 0 0 4194304 4194304 4194304 4194304 4194304 4194304 8323072 4194304 0 0 0 0 1358263 9437184 7888043 2097152 1358263 9437184 7888043 2097152 1358263 9437184 7888043 2097152 1358575 6572032 1093 12619776 12183503 12183503 12183503 15106316 15413274 14509850 1962633 14509850 1962633 13994165 203881 8603476 11602836 11602836 11602836 12054671 12054671 12054671 8388606 8388606 8388606 0 0 0 0 0 0 0 0 0 0 0 1093 12619776 470350 1702428 16028883 16552650 1659186 14957182 18470 16175607 14863521 16211051 15919811 13858354 16457186 908985 15997866 2068471 1466892 1900457 1918422 1068532 14988475 241141 2343867 16019765 565650 14972441 16137430 821314 1438220 853091 1843406 1449494 13994165 203881
B -100075 -100075 -1348108 -1348108 -185236 -185236 -231779 -231779 142364 142364 425683 425683 530894 530894 -874315 -874315 28860 28860 304118 304118 366184 366184 1077456 1077456 501760 501760 139318 139318 -427104 -427104 -644080 -644080
S 0 0 0 0 4194304 4194304 4194304 4194304 4194304 4194304 8323072 4194304 0 0 0 0 1355547 9437184 7888043 2097152 1355547 9437184 7888043 2097152 1355547 9437184 7888043 2097152 1354458 10737664 1093 12619776 12911439 12911439 12911439 15861532 576800 14073692 15013129 14073692 15013129 15106635 15871480 16760520 3419450 3419450 3419450 271470 271470 271470 8388606 8388606 8388606 0 0 0 0 0 0 0 0 0 0 0 1093 12619776 13994165 203881 15625869 751048 14784178 13377822 15783181 253093 16513465 16113852 2222522 15124151 1014153 688581 527125 1596453 15679634 14377540 16044857 847799 15752818 2240871 922065 542671 2570829 1738995 213759 1793283 1812993 15521498 294821 14773980 15106635 15871480
B -360677 -360677 899067 899067 -581990 -581990 202764 202764 -623165 -623165 -755976 -755976 -735445 -735445 454132 454132 247660 247660 1177124 1177124 -217489 -217489 -75861 -75861 190277 190277 -355067 -355067 189843 189843 950717 950717
S 0 0 0 0 4194304 4194304 4194304 4194304 4194304 4194304 8323072 4194304 0 0 0 0 1352831 9437184 7888043 2097152 1352831 9437184 7888043 2097152 1352831 9437184 7888043 2097152 1352934 1644544 1093 12619776 8383924 8383924 8383924 1174316 14698600 2367529 1708516 2367529 1708516 1435559 2367311 8383750 1821769 1821769 1821769 4456383 4456383 4456383 8388606 8388606 8388606 0 0 0 0 0 0 0 0 0 0 0 1093 12619776 15106635 15871480 16058394 16053332 2059192 1537079 13717666 731593 16685571 902702 16417431 14644342 14699103 15831425 15911305 14701349 2553192 16040555 596630 394011 1799893 2908605 203516 15703746 15630487 843286 15485315 2053011 16578305 15555862 719534 39841 1435559 2367311
B 199674 199674 -474041 -474041 -470562 -470562 -1240163 -1240163 81716 81716 -371979 -371979 387579 387579 243699 243699 -144599 -144599 -1123118 -1123118 572381 572381 -26420 -26420 1005099 1005099 747538 747538 411444 411444 -121872 -121872
S 0 0 0 0 4194304 4194304 4194304 4194304 4194304 4194304 8323072 4194304 0 0 0 0 1358307 9437184 7888043 2097152 1358307 9437184 7888043 2097152 1358307 9437184 7888043 2097152 1357189 1263616 1093 12619776 12422948 12422948 12422948 660787 14768177 15215761 444892 15215761 444892 15365708 924022 8647042 11571607 11571607 11571607 12136472 12136472 12136472 8388606 8388606 8388606 0 0 0 0 0 0 0 0 0 0 0 1093 12619776 1435559 2367311 1948731 15627183 16724915 14933356 15224661 16447524 14268155 14325628 463353 16640727 14131635 1157666 358605 1191711 1327873 16424142 16057598 141222 15088312 13973650 2681405 16385338 16334017 337520 1263710 2756688 2142120 848033 16412333 2010661 15365708 924022
ENDSET
SET 11 A=3300
P 30 110 40 120 50 100 90 30
B 239 239 7443 7443 98393 98393 577300 577300 774363 774363 436935 436935 737692 737692 -689867 -689867 -723564 -723564 535973 535973 823515 823515 1014885 1014885 459614 459614 594648 594648 1026777 1026777 888954 888954
S 0 0 0 0 1966080 7208960 2621440 7864320 3276800 6553600 5898240 1966080 0 0 0 0 1353702 6815744 1319282 13631488 1356554 4194304 2110852 8388608 1354895 6291456 3166278 12582912 1356586 26736 306 8443104 8003861 12855519 11185012 833861 16750254 1310705 1885158 1310705 1885158 1783361 1772455 4343083 593725 15025129 14079699 808618 2102028 383094 8248685 8081278 8336118 0 0 0 0 0 0 0 0 0 0 0 306 8443104 0 0 0 957 13716 16056 212208 181364 1028565 1280638 1693769 1403684 980476 767264 1252699 1698071 15320185 15474779 15184645 15475534 1512319 631574 1652934 1641128 2133508 1926033 930926 907532 1114101 1264491 1974259 2132850 1783361 1772455
B 67959 67959 -745162 -745162 -186206 -186206 755615 755615 342871 342871 140067 140067 -725452 -725452 -827216 -827216 324246 324246 1136632 1136632 433665 433665 820291 820291 988235 988235 24283 24283 -908250 -908250 -1089221 -1089221
S 0 0 0 0 1966080 7208960 2621440 7864320 3276800 6553600 5898240 1966080 0 0 0 0 1357376 6815744 1319282 13631488 1352602 4194304 2110852 8388608 1357159 6291456 3166278 12582912 1357849 480368 306 8443104 9987690 3080453 7089295 14962299 14884676 14773175 15068524 14773175 15068524 14635512 14562037 15820170 14892522 1574208 1888286 14759187 14394006 14890484 8248685 8081278 8336118 0 0 0 0 0 0 0 0 0 0 0 306 8443104 1783361 1772455 16512729 536324 15794086 14779701 16509221 16300389 1456641 1565821 896175 475310 579833 16757652 15083390 15569237 15229007 15016562 411996 884991 2404254 2142275 817744 916916 1769487 1511678 1944179 2008761 250157 16624193 14859225 15062210 14635512 14562037
B -820726 -820726 -1115049 -1115049 -959796 -959796 -948181 -948181 -870496 -870496 -973208 -973208 -125585 -125585 883007 883007 -447430 -447430 -482656 -482656 1085842 1085842 -420757 -420757 -705267 -705267 -196643 -196643 8517 8517 586370 586370
S 0 0 0 0 1966080 7208960 2621440 7864320 3276800 6553600 5898240 1966080 0 0 0 0 1352858 6815744 1319282 13631488 1356842 4194304 2110852 8388608 1359423 6291456 3166278 12582912 1354455 8523888 306 8443104 4870091 14575544 3253967 1886182 1557451 1296747 1147799 1296747 1147799 1271449 1074033 1172404 2023784 14892515 1499608 1972483 1892400 15127515 8248685 8081278 8336118 0 0 0 0 0 0 0 0 0 0 0 306 8443104 14635512 14562037 15029188 15242343 14598112 14496126 14898758 14816493 14923780 14837931 15170848 14901600 14909866 14751735 16308593 16743500 1896364 1635665 15958879 15805833 15698281 15925528 2384624 1958746 16301991 15569416 15331882 15401482 65635 15925011 16739401 71886 1271449 1074033
B 853706 853706 610506 610506 -471958 -471958 -1081967 -1081967 -536870 -536870 -249221 -249221 -775547 -775547 -229814 -229814 1001113 1001113 -608321 -608321 -787009 -787009 291307 291307 -579553 -579553 -951497 -951497 -93321 -93321 983270 983270
S 0 0 0 0 1966080 7208960 2621440 7864320 3276800 6553600 5898240 1966080 0 0 0 0 1356532 6815744 1319282 13631488 1352890 4194304 2110852 8388608 1353495 6291456 3166278 12582912 1357316 10878064 306 8443104 14332321 1296060 8614677 16599572 16055703 1780191 1728739 1780191 1728739 1939333 1993747 16314873 14824514 2190850 14889513 15055122 15368761 1887654 8248685 8081278 8336118 0 0 0 0 0 0 0 0 0 0 0 306 8443104 1271449 1074033 1973275 1441552 1281378 1160647 15896685 15769916 14774051 14452514 15679599 15727356 16461649 16095901 15044043 15408204 16369398 16265781 1940727 2063728 15682548 15438600 14900586 15505811 237456 927774 15676607 15559616 14804563 14943884 16669850 16511300 1939333 1993747
B -332267 -332267 -1149980 -1149980 -925485 -925485 -994132 -994132 -977779 -977779 -998847 -998847 -585934 -585934 570044 570044 421427 421427 -1077806 -1077806 521061 521061 1287013 1287013 653537 653537 1038010 1038010 828070 828070 340988 340988
S 0 0 0 0 1966080 7208960 2621440 7864320 3276800 6553600 5898240 1966080 0 0 0 0 1352014 6815744 1319282 13631488 1357130 4194304 2110852 8388608 1355759 6291456 3166278 12582912 1359281 10762352 306 8443104 16543009 16402561 16215467 16353263 16162155 627302 374696 627302 374696 860292 503661 13673215 1678831 14447915 16500022 1292864 937451 477445 8248685 8081278 8336118 0 0 0 0 0 0 0 0 0 0 0 306 8443104 1939333 1993747 15616287 16609077 14469257 14485256 14872316 14980178 14615228 14962677 14827811 14815505 14774236 14784809 15711844 15498854 1201470 1078708 770131 915579 14608529 14634682 1081647 1002599 2415250 2732805 1229536 1384612 2087653 2064389 1790820 1521460 860292 503661
B -343150 -343150 -570771 -570771 -185421 -185421 726913 726913 864392 864392 -378066 -378066 -896126 -896126 -321998 -321998 492998 492998 1199053 1199053 685452 685452 505909 505909 727482 727482 780371 780371 -570705 -570705 -883834 -883834
S 0 0 0 0 1966080 7208960 2621440 7864320 3276800 6553600 5898240 1966080 0 0 0 0 1355688 6815744 1319282 13631488 1353178 4194304 2110852 8388608 1358023 6291456 3166278 12582912 1354732 3044464 306 8443104 2888985 16225900 8347817 473516 2063877 15303681 16063892 15303681 16063892 15156123 14862975 5492280 15546604 2070212 1887684 16047847 16224830 14889531 8248685 8081278 8336118 0 0 0 0 0 0 0 0 0 0 0 306 8443104 860292 503661 15831728 16350107 15915745 15355603 16462960 16349788 1181179 1726476 1717585 1739986 16061022 15981149 15301732 14668199 16153924 16112518 1112580 859415 2432552 2363660 1286138 1455671 691771 1331868 1234007 1675923 1772313 1349174 15628585 15643028 15156123 14862975
B 734277 734277 255075 255075 -1267294 -1267294 -953109 -953109 -1044252 -1044252 -1010144 -1010144 -1039175 -1039175 -756933 -756933 174953 174953 947097 947097 95395 95395 -1042097 -1042097 -946774 -946774 -1030369 -1030369 -733645 -733645 349398 349398
S 0 0 0 0 1966080 7208960 2621440 7864320 3276800 6553600 5898240 1966080 0 0 0 0 1359362 6815744 1319282 13631488 1357418 4194304 2110852 8388608 1352095 6291456 3166278 12582912 1358866 6439024 306 8443104 11533475 1470568 14585635 2045286 632062 975819 1624388 975819 1624388 661365 736228 9261117 654593 15107112 15813275 90128 343626 764826 8248685 8081278 8336118 0 0 0 0 0 0 0 0 0 0 0 306 8443104 15156123 14862975 1228013 1709095 856092 164209 14490962 13994295 14706201 15035798 14905434 14471990 14702158 14811701 14741093 14656639 15021166 15505536 202018 497794 2035604 1752787 448016 16710780 14839377 14546670 14750987 15016349 14644873 14788085 15329718 15290136 661365 736228
B 697828 697828 -984450 -984450 -639681 -639681 -262452 -262452 -1179814 -1179814 -576819 -576819 423637 423637 1062555 1062555 293614 293614 453672 453672 718385 718385 522655 522655 730162 730162 159153 159153 -705395 -705395 -404385 -404385
S 0 0 0 0 1966080 7208960 2621440 7864320 3276800 6553600 5898240 1966080 0 0 0 0 1354844 6815744 1319282 13631488 1353466 4194304 2110852 8388608 1354359 6291456 3166278 12582912 1356049 4013168 306 8443104 7053929 14405315 9152239 1928947 1811685 16226613 250438 16226613 250438 16017212 15919682 4106958 16766623 1036911 14889531 558472 16310261 1887684 8248685 8081278 8336118 0 0 0 0 0 0 0 0 0 0 0 306 8443104 661365 736228 1453027 1338286 14636351 14980283 15430689 15565020 16258489 16246138 14337185 14497994 15757637 15489522 884854 809694 1972497 2277723 410229 764229 740689 1074000 1126681 1746859 934024 1156598 1427423 1493227 16693614 720214 15420433 15312422 16017212 15919682
B 890963 890963 -429579 -429579 -459270 -459270 1440143 1440143 619878 619878 989213 989213 1046233 1046233 898948 898948 619864 619864 532825 532825 950240 950240 523285 523285 -691661 -691661 -1067203 -1067203 -408469 -408469 664954 664954
S 0 0 0 0 1966080 7208960 2621440 7864320 3276800 6553600 5898240 1966080 0 0 0 0 1358518 6815744 1319282 13631488 1357706 4194304 2110852 8388608 1356623 6291456 3166278 12582912 1359051 14436464 306 8443104 8645655 3244328 4706498 1666617 561785 1711815 2077180 1711815 2077180 1377111 1282708 12026527 16142710 16473039 1863596 15628141 721969 14851456 8248685 8081278 8336118 0 0 0 0 0 0 0 0 0 0 0 306 8443104 16017212 15919682 1816386 1747467 15812264 16023855 15982954 15734398 2901284 2859290 1155183 1324332 1879262 2077591 2062272 2122662 1828530 1767264 1518637 960821 1289025 842276 1763920 2037043 881707 1211435 15293159 15494630 14817429 14468192 15934440 15986116 1377111 1282708
B 617568 617568 -1010510 -1010510 -481193 -481193 539902 539902 -171716 -171716 -1034161 -1034161 22317 22317 914175 914175 -180025 -180025 -1319778 -1319778 -814029 -814029 -1104163 -1104163 -956022 -956022 -943540 -943540 -287595 -287595 814484 814484
S 0 0 0 0 1966080 7208960 2621440 7864320 3276800 6553600 5898240 1966080 0 0 0 0 1354000 6815744 1319282 13631488 1353754 4194304 2110852 8388608 1358887 6291456 3166278 12582912 1357427 13665392 306 8443104 8364723 12699995 6072650 1620559 16149291 1699914 1981138 1699914 1981138 1506250 1751687 5540504 1213711 16314889 1887684 1620345 15761511 14889531 8248685 8081278 8336118 0 0 0 0 0 0 0 0 0 0 0 306 8443104 1377111 1282708 1088661 1381612 14717862 14794531 15968042 15661619 1341465 818144 16486100 16381470 14545528 14872262 16713412 153072 1861459 1795243 16641146 16193189 14295990 13979331 14993578 15304739 14575914 14561868 14745848 14984499 14885302 14894971 15996033 16408021 1506250 1751687
B 256865 256865 -968016 -968016 511699 511699 1147388 1147388 556169 556169 757770 757770 946233 946233 632881 632881 -487464 -487464 -1075712 -1075712 -928029 -928029 -321191 -321191 693296 693296 969196 969196 90071 90071 -204572 -204572
S 0 0 0 0 1966080 7208960 2621440 7864320 3276800 6553600 5898240 1966080 0 0 0 0 1357674 6815744 1319282 13631488 1357994 4194304 2110852 8388608 1352959 6291456 3166278 12582912 1354926 3580016 306 8443104 9048013 4860428 10067798 16518647 733971 16139287 16357691 16139287 16357691 16151593 16584554 11907152 15110344 1239366 14891832 14853875 1322624 1891319 8248685 8081278 8336118 0 0 0 0 0 0 0 0 0 0 0 306 8443104 1506250 1751687 700572 326889 14622266 15060102 768393 1278406 2550860 2038694 1321315 903362 1584182 1446900 1798205 1986727 1164189 1367335 15837804 15766772 14809387 14442197 14773374 15068942 16455126 15814543 1493458 1279727 1909114 1967671 16532908 604593 16151593 16584554
B 137009 137009 966956 966956 1034963 1034963 907629 907629 936316 936316 787320 787320 -430607 -430607 -697721 -697721 878566 878566 -98384 -98384 -1112010 -1112010 175604 175604 -128768 -128768 -280705 -280705 -278307 -278307 -485524 -485524
S 0 0 0 0 1966080 7208960 2621440 7864320 3276800 6553600 5898240 1966080 0 0 0 0 1353156 6815744 1319282 13631488 1354042 4194304 2110852 8388608 1355223 6291456 3166278 12582912 1352171 9317488 306 8443104 6290998 11192810 12917508 16355132 16250307 16067360 15473126 16067360 15473126 15968870 15643469 2007280 1946927 14763134 14989062 2026597 15143589 1887683 8248685 8081278 8336118 0 0 0 0 0 0 0 0 0 0 0 306 8443104 16151593 16584554 247486 300551 1753156 2114670 2042609 2097243 1927334 1703182 2069143 1676121 1459870 1689412 15852622 15979382 15555050 15208500 1731091 1783173 16548166 16612732 14777830 14328563 454050 248369 16764371 16274992 16519855 15911759 16232199 16209005 15968870 15643469
B -169366 -169366 671508 671508 919888 919888 -124264 -124264 -811851 -811851 -828426 -828426 117535 117535 871292 871292 -493941 -493941 -446932 -446932 1377999 1377999 910968 910968 651998 651998 -365161 -365161 -868092 -868092 516182 516182
S 0 0 0 0 1966080 7208960 2621440 7864320 3276800 6553600 5898240 1966080 0 0 0 0 1356830 6815744 1319282 13631488 1358282 4194304 2110852 8388608 1357487 6291456 3166278 12582912 1354820 11688048 306 8443104 12577747 6240331 7982450 2076349 1617858 1253647 2219642 1253647 2219642 1074630 990099 15813861 14752424 2776207 1887515 14857828 1943616 14889265 8248685 8081278 8336118 0 0 0 0 0 0 0 0 0 0 0 306 8443104 15968870 15643469 65144 16034609 1255601 1430433 1693954 1985599 16379787 16677591 15286950 15020081 15103381 15137349 95204 374938 1889571 1595598 15644904 15933764 16040884 15725823 2755486 2756510 1962869 1681005 1387454 1220538 16420131 15673657 14764698 15317367 1074630 990099
B 1178737 1178737 531193 531193 867077 867077 741602 741602 771073 771073 589158 589158 -507300 -507300 -687161 -687161 741898 741898 122625 122625 -1127810 -1127810 614718 614718 918509 918509 340888 340888 -353216 -353216 -746121 -746121
S 0 0 0 0 1966080 7208960 2621440 7864320 3276800 6553600 5898240 1966080 0 0 0 0 1352312 6815744 1319282 13631488 1354330 4194304 2110852 8388608 1359751 6291456 3166278 12582912 1357796 7558256 306 8443104 1671819 9957003 1226886 14976123 14885122 15361365 14966095 15361365 14966095 15300762 15269187 709828 1892379 13260963 576166 1612850 14528717 16002637 8248685 8081278 8336118 0 0 0 0 0 0 0 0 0 0 0 306 8443104 1074630 990099 2167042 2547907 1363307 761468 1798032 1670276 1807277 1159131 1441937 1642357 1435929 920703 15896805 15628427 15287523 15518266 1496300 1471295 350825 139675 14414818 14628376 862076 1596796 1835039 1838998 529361 834193 15718498 16423073 15300762 15269187
B -988988 -988988 -995454 -995454 -665501 -665501 388105 388105 1042679 1042679 357374 357374 489782 489782 934535 934535 267421 267421 -887851 -887851 -1003208 -1003208 -910542 -910542 -844497 -844497 -209139 -209139 1110760 1110760 157923 157923
S 0 0 0 0 1966080 7208960 2621440 7864320 3276800 6553600 5898240 1966080 0 0 0 0 1355986 6815744 1319282 13631488 1358570 4194304 2110852 8388608 1353823 6291456 3166278 12582912 1351709 7143536 306 8443104 1029448 7316981 8390105 14899310 14838195 16624109 16172009 16624109 16172009 297987 333707 186593 15213773 4065136 14889540 15638400 2291535 1887697 8248685 8081278 8336118 0 0 0 0 0 0 0 0 0 0 0 306 8443104 15300762 15269187 14877609 14720871 14623433 14949183 15605826 15286603 795134 757287 1983748 2186969 473212 956284 864334 1094794 1941629 1796514 689058 380626 15263725 14739305 14562587 14979016 14853755 15058510 15045498 15130946 16511918 16205960 2295455 2147586 297987 333707
B -975851 -975851 243510 243510 1067758 1067758 773550 773550 802827 802827 867118 867118 970176 970176 481530 481530 -676721 -676721 -454142 -454142 1168861 1168861 404743 404743 -418303 -418303 -67961 -67961 468146 468146 950097 950097
S 0 0 0 0 1966080 7208960 2621440 7864320 3276800 6553600 5898240 1966080 0 0 0 0 1359660 6815744 1319282 13631488 1354618 4194304 2110852 8388608 1356087 6291456 3166278 12582912 1357515 14822512 306 8443104 13153407 9052630 1539403 436296 15386354 1756179 1355354 1756179 1355354 1866768 1933622 13285502 1072140 12430141 670103 546515 14777233 16309538 8248685 8081278 8336118 0 0 0 0 0 0 0 0 0 0 0 306 8443104 297987 333707 14795693 14855335 1014724 16736533 2107617 2163416 1706379 1387822 1865562 1345747 1768893 1699582 1880641 2000064 791613 1134509 15396613 15450938 15994912 15742952 2481557 2193889 835240 783735 15631977 16249245 16440043 65330 1084162 788423 1866768 1933622
ENDSET
SET 12 A=15000
P 90 90 90 90 90 90 45 90
B 1087 1087 33766 33766 188806 188806 465956 465956 771710 771710 1012658 1012658 983781 983781 557010 557010 -227077 -227077 -937773 -937773 -841943 -841943 204322 204322 1014349 1014349 243173 243173 -972522 -972522 -237096 -237096
S 0 0 0 0 5898240 5898240 5898240 5898240 5898240 5898240 2949120 5898240 0 0 0 0 1353026 10485760 4124381 4194304 1353026 10485760 4124381 4194304 1353026 10485760 4124381 4194304 1355438 13204896 1393 3298112 8801217 8801217 8801217 1755961 1966367 16612512 603121 16612512 603121 16303137 16302911 16196762 16565424 16565424 16565424 16764703 16764703 16764703 8374325 8374325 8374325 0 0 0 0 0 0 0 0 0 0 0 1393 3298112 0 0 0 4350 62253 72813 379698 375529 932637 931188 1543713 1543128 2025238 2025395 1969121 1966004 1113422 1114620 16324729 16321395 14899066 14904277 15090266 15096396 408396 408895 2029735 2027661 485059 487634 14834217 14830129 16303137 16302911
B 988641 988641 -228620 -228620 -885527 -885527 841523 841523 329339 329339 -1053223 -1053223 329030 329030 849448 849448 -841357 -841357 -347055 -347055 1049354 1049354 -278232 -278232 -876569 -876569 808232 808232 375355 375355 -1044462 -1044462
S 0 0 0 0 5898240 5898240 5898240 5898240 5898240 5898240 2949120 5898240 0 0 0 0 1351914 10485760 4124381 4194304 1351914 10485760 4124381 4194304 1351914 10485760 4124381 4194304 1353912 15369632 1393 3298112 13487701 13487701 13487701 16355710 1431664 14712977 15058348 14712977 15058348 14686157 14690429 16185522 16630045 16630045 16630045 115113 115113 115113 8374325 8374325 8374325 0 0 0 0 0 0 0 0 0 0 0 1393 3298112 16303137 16302911 1978278 1976288 16309568 16330386 15021482 14990845 1672705 1693389 666002 651356 14661926 14679617 663759 652362 1694062 1703733 15099995 15089011 16077895 16088319 2102043 2095374 16219623 16221883 15026831 15021327 1617132 1615796 748995 752428 14686157 14690429
B 303787 303787 838864 838864 -871982 -871982 -239749 -239749 1040169 1040169 -489576 -489576 -695353 -695353 977678 977678 4792 4792 -978561 -978561 698559 698559 460304 460304 -1038855 -1038855 341208 341208 764595 764595 -960953 -960953
S 0 0 0 0 5898240 5898240 5898240 5898240 5898240 5898240 2949120 5898240 0 0 0 0 1358994 10485760 4124381 4194304 1358994 10485760 4124381 4194304 1358994 10485760 4124381 4194304 1353733 3984800 1393 3298112 3648269 3648269 3648269 15892137 1127051 14720989 14787444 14720989 14787444 14853740 14856881 16449945 103191 103191 103191 16703564 16703564 16703564 8374325 8374325 8374325 0 0 0 0 0 0 0 0 0 0 0 1393 3298112 14686157 14690429 613270 601881 1673607 1681852 15031383 15035124 16298758 16296679 2081080 2079596 15798308 15797820 15386614 15386408 1953354 1957360 12503 6665 14819536 14820654 1397556 1396680 917252 923967 14699909 14699103 685040 679794 1527396 1530986 14853740 14856881
B 36714 36714 930448 930448 -832091 -832091 -214116 -214116 1019080 1019080 -665366 -665366 -445187 -445187 1046749 1046749 -461025 -461025 -641038 -641038 1021560 1021560 -276390 -276390 -764215 -764215 984855 984855 -168432 -168432 -823523 -823523
S 0 0 0 0 5898240 5898240 5898240 5898240 5898240 5898240 2949120 5898240 0 0 0 0 1357882 10485760 4124381 4194304 1357882 10485760 4124381 4194304 1357882 10485760 4124381 4194304 1355333 13526432 1393 3298112 8089226 8089226 8089226 1386444 2057527 15482947 16504122 15482947 16504122 15130419 15129924 16633260 113395 113395 113395 16621225 16621225 16621225 8374325 8374325 8374325 0 0 0 0 0 0 0 0 0 0 0 1393 3298112 14853740 14856881 77528 69330 1859797 1861995 15114357 15111711 16347286 16350683 2037963 2038359 15449154 15443815 15884052 15889632 2092847 2094149 15856186 15854146 15496971 15493312 2043658 2042583 16221770 16227102 15250706 15246866 1970340 1969082 16437364 16443343 15130419 15129924
B 964340 964340 -114584 -114584 -856750 -856750 947089 947089 -58051 -58051 -890204 -890204 913282 913282 10829 10829 -919793 -919793 880980 880980 53064 53064 -931079 -931079 878511 878511 45409 45409 -923074 -923074 897300 897300
S 0 0 0 0 5898240 5898240 5898240 5898240 5898240 5898240 2949120 5898240 0 0 0 0 1356770 10485760 4124381 4194304 1356770 10485760 4124381 4194304 1356770 10485760 4124381 4194304 1357940 5922208 1393 3298112 6994025 6994025 6994025 903932 15575829 2005460 2027795 2005460 2027795 1793612 1795589 16706547 126387 126387 126387 16634640 16634640 16634640 8374325 8374325 8374325 0 0 0 0 0 0 0 0 0 0 0 1393 3298112 15130419 15129924 1928769 1928593 16549394 16546702 15063442 15063993 1891577 1896782 16665117 16657111 14994818 14998800 1825727 1827403 20542 22774 14937586 14937674 1764251 1759669 102977 109282 14916776 14913343 1758376 1755669 90623 91014 14928967 14933169 1793612 1795589
B 7691 7691 -906319 -906319 916812 916812 -28012 -28012 -887816 -887816 932261 932261 -61555 -61555 -866994 -866994 948087 948087 -107490 -107490 -836903 -836903 971461 971461 -173110 -173110 -790372 -790372 999845 999845 -258226 -258226
S 0 0 0 0 5898240 5898240 5898240 5898240 5898240 5898240 2949120 5898240 0 0 0 0 1355658 10485760 4124381 4194304 1355658 10485760 4124381 4194304 1355658 10485760 4124381 4194304 1352889 5363104 1393 3298112 1112206 1112206 1112206 14823729 16499333 15772224 14942882 15772224 14942882 16265267 16256263 16766688 24790 24790 24790 16671438 16671438 16671438 8374325 8374325 8374325 0 0 0 0 0 0 0 0 0 0 0 1393 3298112 1793612 1795589 18277 12490 14963227 14965929 1831667 1835583 16725434 16716950 15000981 15002187 1863494 1865553 16653997 16654217 15042845 15043611 1898204 1894146 16559396 16565076 15105383 15101438 1943325 1942521 16432434 16429561 15195685 15197261 1997388 2001993 16265267 16256263
B -728011 -728011 1024046 1024046 -352185 -352185 -655713 -655713 1041842 1041842 -438052 -438052 -583336 -583336 1048420 1048420 -511193 -511193 -513476 -513476 1044939 1044939 -584418 -584418 -426409 -426409 1035412 1035412 -678691 -678691 -306215 -306215
S 0 0 0 0 5898240 5898240 5898240 5898240 5898240 5898240 2949120 5898240 0 0 0 0 1354546 10485760 4124381 4194304 1354546 10485760 4124381 4194304 1354546 10485760 4124381 4194304 1356320 1895840 1393 3298112 11246425 11246425 11246425 2073728 1270544 16691037 1067834 16691037 1067834 16160090 16169482 16760487 16625841 16625841 16625841 116774 116774 116774 8374325 8374325 8374325 0 0 0 0 0 0 0 0 0 0 0 1393 3298112 16265267 16256263 15317845 15324545 2047649 2048537 16074720 16070972 15466559 15465021 2084150 2083219 15899251 15902974 15612213 15608876 2096896 2096785 15752746 15756915 15749986 15750542 2091615 2088143 15610108 15606652 15921926 15926871 2070632 2071016 15423346 15416323 16160090 16169482
B 1010943 1010943 -782565 -782565 -173213 -173213 970569 970569 -857556 -857556 -67510 -67510 929114 929114 -899628 -899628 14105 14105 880900 880900 -942563 -942563 126343 126343 803781 803781 -998265 -998265 287369 287369 687688 687688
S 0 0 0 0 5898240 5898240 5898240 5898240 5898240 5898240 2949120 5898240 0 0 0 0 1353434 10485760 4124381 4194304 1353434 10485760 4124381 4194304 1353434 10485760 4124381 4194304 1351704 4044192 1393 3298112 8388626 8388626 8388626 14992058 14953629 918090 16521789 918090 16521789 1375395 1375358 16763730 16625675 16625675 16625675 116603 116603 116603 8374325 8374325 8374325 0 0 0 0 0 0 0 0 0 0 0 1393 3298112 16160090 16169482 2021811 2021963 15214004 15210169 16430430 16431153 1941824 1940453 15060017 15064193 16644890 16639505 1856172 1860284 14977433 14978490 27296 29124 1762173 1761429 14894639 14889541 248309 257064 1610415 1604709 14781383 14779991 572283 577194 1375395 1375358
B -1042134 -1042134 446870 446870 562912 562912 -1052781 -1052781 556479 556479 463223 463223 -1042118 -1042118 634848 634848 366067 366067 -1021329 -1021329 732728 732728 224459 224459 -979394 -979394 850007 850007 46381 46381 -906492 -906492
S 0 0 0 0 5898240 5898240 5898240 5898240 5898240 5898240 2949120 5898240 0 0 0 0 1352322 10485760 4124381 4194304 1352322 10485760 4124381 4194304 1352322 10485760 4124381 4194304 1355355 16653728 1393 3298112 11271866 11271866 11271866 1327142 2063469 15303325 16347256 15303325 16347256 14964846 14963619 16745036 16626739 16626739 16626739 117702 117702 117702 8374325 8374325 8374325 0 0 0 0 0 0 0 0 0 0 0 1393 3298112 1375395 1375358 14692126 14693773 895500 891983 1124383 1127268 14671417 14671891 1114988 1110928 926169 926725 14691749 14694213 1266994 1272398 735679 728592 14733796 14735323 1462536 1468379 453343 444496 14818323 14818534 1697822 1702206 92372 93155 14964846 14963619
B 941974 941974 -107568 -107568 -828969 -828969 986394 986394 -213175 -213175 -761004 -761004 1011605 1011605 -311207 -311207 -677291 -677291 1035803 1035803 -438311 -438311 -562364 -562364 1049077 1049077 -575356 -575356 -429947 -429947 1040165 1040165
S 0 0 0 0 5898240 5898240 5898240 5898240 5898240 5898240 2949120 5898240 0 0 0 0 1359402 10485760 4124381 4194304 1359402 10485760 4124381 4194304 1359402 10485760 4124381 4194304 1358928 11531680 1393 3298112 1145677 1145677 1145677 16186165 14731444 1931263 1188884 1931263 1188884 2080313 2080348 16753083 27089 27089 27089 14130 14130 14130 8374325 8374325 8374325 0 0 0 0 0 0 0 0 0 0 0 1393 3298112 14964846 14963619 1884649 1883250 16560420 16563740 15120653 15117905 1974377 1971200 16350415 16351318 15254441 15255978 2021721 2024702 16158379 16151225 15420023 15425247 2070857 2072355 15904525 15896664 15650632 15654345 2099639 2096670 15624503 15628507 15918972 15915673 2080313 2080348
B -685066 -685066 -307904 -307904 1013429 1013429 -766983 -766983 -198604 -198604 976273 976273 -840416 -840416 -79029 -79029 925268 925268 -911484 -911484 55766 55766 852179 852179 -973521 -973521 195816 195816 762896 762896 -1017538 -1017538
S 0 0 0 0 5898240 5898240 5898240 5898240 5898240 5898240 2949120 5898240 0 0 0 0 1358290 10485760 4124381 4194304 1358290 10485760 4124381 4194304 1358290 10485760 4124381 4194304 1354327 8703392 1393 3298112 7012618 7012618 7012618 16563286 1724884 14677738 15022926 14677738 15022926 14740280 14744003 7176 129353 129353 129353 16637703 16637703 16637703 8374325 8374325 8374325 0 0 0 0 0 0 0 0 0 0 0 1393 3298112 2080313 2080348 15405352 15408817 16162777 16160041 2027167 2026552 15246200 15240303 16376075 16383944 1953974 1951120 15098744 15094025 16615082 16623235 1851253 1849819 14955924 14952572 112377 110690 1703564 1705155 14829539 14830810 393260 390007 1524592 1526993 14740280 14744003
B 331211 331211 664444 664444 -1042405 -1042405 448866 448866 564064 564064 -1048939 -1048939 549037 549037 463313 463313 -1040768 -1040768 649033 649033 343169 343169 -1017898 -1017898 757881 757881 194580 194580 -972847 -972847 859573 859573
S 0 0 0 0 5898240 5898240 5898240 5898240 5898240 5898240 2949120 5898240 0 0 0 0 1357178 10485760 4124381 4194304 1357178 10485760 4124381 4194304 1357178 10485760 4124381 4194304 1357945 365984 1393 3298112 8080217 8080217 8080217 948962 15592663 1967104 2049199 1967104 2049199 1716710 1721585 16773545 121674 121674 121674 16629773 16629773 16629773 8374325 8374325 8374325 0 0 0 0 0 0 0 0 0 0 0 1393 3298112 14740280 14744003 663228 661616 1330412 1327366 14693207 14691606 894364 901103 1131077 1125181 14679600 14679078 1093609 1102542 929183 924072 14694776 14696585 1299532 1296600 684951 687725 14741443 14741398 1517241 1514286 386951 391370 14831901 14831143 1716710 1721585
B 46854 46854 -912700 -912700 927581 927581 -70088 -70088 -853362 -853362 966039 966039 -169377 -169377 -782428 -782428 1002962 1002962 -299077 -299077 -676429 -676429 1039678 1039678 -463813 -463813 -535327 -535327 1052429 1052429 -606235 -606235
S 0 0 0 0 5898240 5898240 5898240 5898240 5898240 5898240 2949120 5898240 0 0 0 0 1356066 10485760 4124381 4194304 1356066 10485760 4124381 4194304 1356066 10485760 4124381 4194304 1353383 7007648 1393 3298112 3617822 3617822 3617822 15242248 510626 15173096 14697221 15173096 14697221 15568012 15561480 16757738 118970 118970 118970 16626982 16626982 16626982 8374325 8374325 8374325 0 0 0 0 0 0 0 0 0 0 0 1393 3298112 1716710 1721585 97303 90116 14950270 14953363 1853044 1857280 16640949 16633132 15068909 15072076 1931043 1933114 16437404 16439523 15213083 15211639 2006709 2005141 16177284 16180841 15425571 15423146 2080996 2077718 15848798 15850385 15704242 15708883 2104715 2105003 15568012 15561480
B -403131 -403131 1037468 1037468 -692738 -692738 -305803 -305803 1012017 1012017 -759750 -759750 -202238 -202238 972643 972643 -846713 -846713 -50880 -50880 904598 904598 -939990 -939990 122282 122282 812897 812897 -1002052 -1002052 257914 257914
S 0 0 0 0 5898240 5898240 5898240 5898240 5898240 5898240 2949120 5898240 0 0 0 0 1354954 10485760 4124381 4194304 1354954 10485760 4124381 4194304 1354954 10485760 4124381 4194304 1356984 5952928 1393 3298112 13456655 13456655 13456655 1953765 280005 1006374 1835409 1006374 1835409 511501 520157 16741869 16664976 16664976 16664976 42160 42160 42160 8374325 8374325 8374325 0 0 0 0 0 0 0 0 0 0 0 1393 3298112 15568012 15561480 15967439 15974472 2075483 2074390 15395924 15387557 16162992 16168230 2023796 2024273 15257063 15258371 16373870 16371611 1945148 1945427 15082534 15085049 16677948 16672965 1809058 1809336 14897949 14896523 242260 246869 1626871 1624719 14775364 14770863 511501 520157
B 729106 729106 -1025692 -1025692 348925 348925 656064 656064 -1036653 -1036653 445234 445234 558123 558123 -1046432 -1046432 574854 574854 421518 421518 -1036750 -1036750 705707 705707 275250 275250 -1003547 -1003547 799607 799607 149314 149314
S 0 0 0 0 5898240 5898240 5898240 5898240 5898240 5898240 2949120 5898240 0 0 0 0 1353842 10485760 4124381 4194304 1353842 10485760 4124381 4194304 1353842 10485760 4124381 4194304 1352398 12889504 1393 3298112 8790819 8790819 8790819 14680145 15740314 16545432 15462206 16545432 15462206 300620 296639 16750902 16649300 16649300 16649300 140997 140997 140997 8374325 8374325 8374325 0 0 0 0 0 0 0 0 0 0 0 1393 3298112 511501 520157 1461247 1455178 14726468 14725199 698078 697623 1312375 1311881 14702161 14705662 893334 887603 1113858 1118637 14684456 14684250 1149727 1149690 845867 840207 14703531 14703902 1408073 1414758 554673 546329 14768607 14771637 1596309 1602122 300620 296639
B -959272 -959272 868280 868280 34188 34188 -902834 -902834 931099 931099 -96437 -96437 -827083 -827083 987412 987412 -240525 -240525 -728974 -728974 1028958 1028958 -381604 -381604 -617339 -617339 1047886 1047886 -508558 -508558 -503205 -503205
S 0 0 0 0 5898240 5898240 5898240 5898240 5898240 5898240 2949120 5898240 0 0 0 0 1352730 10485760 4124381 4194304 1352730 10485760 4124381 4194304 1352730 10485760 4124381 4194304 1356040 14828960 1393 3298112 9590765 9590765 9590765 1962709 1598114 16271072 663082 16271072 663082 15770390 15771224 16753063 16640372 16640372 16640372 131778 131778 131778 8374325 8374325 8374325 0 0 0 0 0 0 0 0 0 0 0 1393 3298112 300620 296639 14859921 14857423 1736668 1736452 67285 69469 14971962 14971137 1863302 1861097 16581816 16586871 15122755 15123346 1975466 1974183 16298042 16294292 15317941 15320595 2056049 2059783 16018415 16009604 15538482 15546594 2095265 2096282 15761050 15759153 15770390 15771224
ENDSET
SET 13 A=512
P 64 20 100 45 10 75 110 64
B 37 37 1154 1154 149043 149043 784481 784481 1090383 1090383 960007 960007 871045 871045 192115 192115 656474 656474 893635 893635 543106 543106 -2637 -2637 -1221308 -1221308 463981 463981 709535 709535 573951 573951
S 0 0 0 0 4194304 1310720 6553600 2949120 655360 4915200 7208960 4194304 0 0 0 0 1359076 11534336 5813789 6291456 1357645 2097152 16278610 4194304 1355736 3932160 290689 7864320 1354137 12261376 47 9302016 8148514 12144208 557836 1930511 1984132 437450 1886749 437450 1886749 605693 1690114 10872647 4550188 16027099 3391118 10292620 2093481 10231076 8388607 8388607 8388148 0 0 0 0 0 0 0 0 0 0 0 47 9302016 0 0 0 148 2128 2490 486102 110072 1931997 1205927 2006896 2354638 1904077 1935953 1584197 1899984 320475 447988 1695091 930807 1369301 2205239 1482354 690073 16471326 295343 14779486 13889714 774697 1081230 1086005 1752136 605693 1690114
B 1023387 1023387 768438 768438 -113607 -113607 503883 503883 1153672 1153672 921605 921605 662176 662176 808436 808436 1099481 1099481 930019 930019 953605 953605 943555 943555 936856 936856 979661 979661 997758 997758 785519 785519
S 0 0 0 0 4194304 1310720 6553600 2949120 655360 4915200 7208960 4194304 0 0 0 0 1351824 11534336 5813789 6291456 1352085 2097152 16278610 4194304 1351687 3932160 290689 7864320 1354061 2869248 47 9302016 7436220 12480486 15918080 1080440 1845288 1540876 1541699 1540876 1541699 1472668 1669409 13562127 5262044 2228353 15482935 13050938 14057809 2237431 8388607 8388607 8388148 0 0 0 0 0 0 0 0 0 0 0 47 9302016 605693 1690114 2049068 2044482 1559702 1514052 15867452 455337 1216406 799127 2168907 2445784 1990708 1695715 1365316 1283391 1868455 1365289 2026027 2371897 2023256 1696823 1898724 1915699 1992039 1782184 1584912 2162512 2095186 1823461 1939326 2051706 1472668 1669409
B 755793 755793 1046543 1046543 989078 989078 631053 631053 779637 779637 1106374 1106374 773696 773696 358219 358219 806292 806292 1055869 1055869 452895 452895 280573 280573 868062 868062 734647 734647 -115241 -115241 78639 78639
S 0 0 0 0 4194304 1310720 6553600 2949120 655360 4915200 7208960 4194304 0 0 0 0 1352764 11534336 5813789 6291456 1354717 2097152 16278610 4194304 1355830 3932160 290689 7864320 1354791 2144256 47 9302016 3023144 8354780 1159320 1618528 1369408 434363 535210 434363 535210 350011 16741763 3251582 4541707 4071730 1645460 10259762 6014660 14188781 8388607 8388607 8388148 0 0 0 0 0 0 0 0 0 0 0 47 9302016 1472668 1669409 1345459 1677714 2092189 2093985 2061167 1895146 1103478 1420736 1661681 1456869 2086758 2338739 1821526 1273261 715747 717132 1933874 1291295 2004921 2218555 1218641 592939 766477 355816 1831278 1640973 1639493 1299096 16718651 16374819 350011 16741763
B 802360 802360 357869 357869 -375865 -375865 154205 154205 536400 536400 -333444 -333444 -728588 -728588 86364 86364 166324 166324 -764214 -764214 -761446 -761446 -114332 -114332 -474291 -474291 -1080404 -1080404 -679526 -679526 -277678 -277678
S 0 0 0 0 4194304 1310720 6553600 2949120 655360 4915200 7208960 4194304 0 0 0 0 1353704 11534336 5813789 6291456 1357349 2097152 16278610 4194304 1351781 3932160 290689 7864320 1358154 690176 47 9302016 13882757 13837137 15319219 15407116 14949749 16065484 16262377 16065484 16262377 16107937 16335783 14843621 1319659 11021981 14782690 12120473 14286799 2935965 8388607 8388607 8388148 0 0 0 0 0 0 0 0 0 0 0 47 9302016 350011 16741763 1832810 1376631 938153 493325 16128869 15922105 472672 144148 918757 1226844 16143967 16076690 15089228 15550852 16724049 398625 190432 474864 14996483 15501095 15175409 15333239 16351753 16745352 15555762 16101508 14646113 14586703 15146752 15689579 16107937 16335783
B -793211 -793211 -1127809 -1127809 -839888 -839888 -804590 -804590 -1011486 -1011486 -1035372 -1035372 -877788 -877788 -933654 -933654 -905710 -905710 -872967 -872967 -1068817 -1068817 -924797 -924797 -675773 -675773 -935507 -935507 -1084010 -1084010 -586010 -586010
S 0 0 0 0 4194304 1310720 6553600 2949120 655360 4915200 7208960 4194304 0 0 0 0 1354644 11534336 5813789 6291456 1351789 2097152 16278610 4194304 1355924 3932160 290689 7864320 1358477 6092800 47 9302016 9405638 10969094 1754780 16026441 15977316 15319071 16228488 15319071 16228488 15256506 15953887 15869680 10885161 913384 2345829 12075239 12919724 13516234 8388607 8388607 8388148 0 0 0 0 0 0 0 0 0 0 0 47 9302016 16107937 16335783 15066037 15315553 14612644 14430555 14956829 15238052 15152492 15183582 14666325 14842164 14739821 14673126 15099767 14943515 14926136 14893680 14927419 15004174 14871011 15191553 14837860 14441304 14719505 15135740 15408813 15442527 14642412 15169993 14779435 14438957 15256506 15953887
B -381285 -381285 -964700 -964700 -948606 -948606 -311574 -311574 -452402 -452402 -959644 -959644 -600619 -600619 68687 68687 -434707 -434707 -919060 -919060 -203171 -203171 215519 215519 -480172 -480172 -497767 -497767 459667 459667 425075 425075
S 0 0 0 0 4194304 1310720 6553600 2949120 655360 4915200 7208960 4194304 0 0 0 0 1355584 11534336 5813789 6291456 1354421 2097152 16278610 4194304 1351875 3932160 290689 7864320 1359619 11900928 47 9302016 8597130 7971001 14727933 16587969 15528247 770934 140982 770934 140982 942339 757961 771081 10828705 4964074 14081404 1066343 5831729 3575060 8388607 8388607 8388148 0 0 0 0 0 0 0 0 0 0 0 47 9302016 15256506 15953887 15873970 16155324 14723624 14972010 14825207 14934802 16130689 16177447 15772435 15972391 14947942 14767914 15684191 15467768 423345 16628621 15993741 15821864 15218365 14659829 16372684 16369065 825354 36723 15886722 15747022 16014720 15548645 1181353 657318 942339 757961
B -414483 -414483 -90960 -90960 717151 717151 367924 367924 -170097 -170097 531664 531664 986695 986695 320576 320576 115704 115704 863101 863101 1024472 1024472 482064 482064 628419 628419 1113860 1113860 915197 915197 570999 570999
S 0 0 0 0 4194304 1310720 6553600 2949120 655360 4915200 7208960 4194304 0 0 0 0 1356524 11534336 5813789 6291456 1357053 2097152 16278610 4194304 1356018 3932160 290689 7864320 1353867 4102144 47 9302016 11859604 15680954 2341122 1467659 2079302 922562 1245937 922562 1245937 798618 1485381 2516091 12389139 11564013 3041335 7112750 15583337 12889015 8388607 8388607 8388148 0 0 0 0 0 0 0 0 0 0 0 47 9302016 942339 757961 16217803 15678699 86518 16326859 1566138 1302469 917008 554689 16396132 16477914 1037815 1088842 1866295 2080488 424105 858200 75506 387311 1643229 1809178 1925630 2172260 834145 1094112 1041161 1472517 2185904 2269538 1828130 1832661 798618 1485381
B 871718 871718 1076901 1076901 916964 916964 1019869 1019869 913394 913394 891574 891574 1018002 1018002 990264 990264 592540 592540 603746 603746 1057505 1057505 812090 812090 307845 307845 646503 646503 1014610 1014610 329188 329188
S 0 0 0 0 4194304 1310720 6553600 2949120 655360 4915200 7208960 4194304 0 0 0 0 1357464 11534336 5813789 6291456 1359685 2097152 16278610 4194304 1351969 3932160 290689 7864320 1355370 2320384 47 9302016 792207 9755783 14147295 16171118 111963 346037 435608 346037 435608 608856 707899 13134251 13170458 16328755 13419122 5304911 11979612 4292435 8388607 8388607 8388148 0 0 0 0 0 0 0 0 0 0 0 47 9302016 798618 1485381 1848146 1638728 2139489 2168115 2013032 1654825 1804234 2275242 1998207 1655369 1638792 1927506 2112962 1959049 1937729 2023329 939346 1430816 1154844 1260143 2005873 2224150 1631185 1617177 310695 920688 1211919 1374095 1824952 2233491 608856 707899
B -117517 -117517 620271 620271 807153 807153 -76552 -76552 -95755 -95755 621284 621284 279378 279378 -539620 -539620 -94199 -94199 560639 560639 -76373 -76373 -721223 -721223 -49577 -49577 131094 131094 -711742 -711742 -841343 -841343
S 0 0 0 0 4194304 1310720 6553600 2949120 655360 4915200 7208960 4194304 0 0 0 0 1358404 11534336 5813789 6291456 1354125 2097152 16278610 4194304 1356112 3932160 290689 7864320 1355580 350208 47 9302016 6107769 7178140 2915301 16309732 16567140 15360796 15397870 15360796 15397870 15216739 14972321 3462142 3363150 5601655 3670917 4531473 5349506 12087781 8388607 8388607 8388148 0 0 0 0 0 0 0 0 0 0 0 47 9302016 608856 707899 16157046 150103 1196822 1284264 1315586 1913028 16525217 16723010 16563573 16607840 1188183 1296955 775137 342378 15879253 15516700 16737210 16440427 1397049 845507 16766527 16482413 15534643 15134900 116775 16462133 393511 130866 15566524 15140942 15216739 14972321
B -84442 -84442 -207312 -207312 -980189 -980189 -778311 -778311 -297534 -297534 -704173 -704173 -1144425 -1144425 -698669 -698669 -480960 -480960 -944997 -944997 -1095767 -1095767 -825262 -825262 -867249 -867249 -998010 -998010 -1016455 -1016455 -890413 -890413
S 0 0 0 0 4194304 1310720 6553600 2949120 655360 4915200 7208960 4194304 0 0 0 0 1359344 11534336 5813789 6291456 1356757 2097152 16278610 4194304 1352063 3932160 290689 7864320 1358695 11626496 47 9302016 8383679 803816 13580321 14799999 14681258 14742201 15291165 14742201 15291165 14921366 15071415 16392394 6603706 12373593 12763834 1472426 163929 4947003 8388607 8388607 8388148 0 0 0 0 0 0 0 0 0 0 0 47 9302016 15216739 14972321 45545 16393905 16658704 16066483 14915000 14718679 15307960 15133228 16343327 16020972 15231536 15506207 14590734 14386000 15080570 15679188 15736488 15894104 14793490 14980957 14698669 14472695 14981363 15272021 14943417 15142019 14814020 14748375 14729319 14759293 14921366 15071415
B -940617 -940617 -869030 -869030 -854453 -854453 -1094958 -1094958 -830271 -830271 -580891 -580891 -964119 -964119 -993884 -993884 -288159 -288159 -160552 -160552 -889196 -889196 -684766 -684766 69904 69904 -245751 -245751 -784353 -784353 -119990 -119990
S 0 0 0 0 4194304 1310720 6553600 2949120 655360 4915200 7208960 4194304 0 0 0 0 1352092 11534336 5813789 6291456 1359389 2097152 16278610 4194304 1356206 3932160 290689 7864320 1351703 13277184 47 9302016 6487286 8902819 3474333 681224 1210195 16576600 631221 16576600 631221 16324625 16749847 14850556 4742713 14989925 4415445 11038622 11285716 11830212 8388607 8388607 8388148 0 0 0 0 0 0 0 0 0 0 0 47 9302016 14921366 15071415 14752470 15039497 15387277 14691038 15071696 15064925 14715990 14458613 15019550 15213800 15807418 15423450 14618290 15079668 14880338 14698560 15868463 16533336 16268312 16643913 14927330 15070320 15176057 15639312 58616 221001 15996679 16574749 15095458 15321564 16324625 16749847
B 541170 541170 -202076 -202076 -553805 -553805 338448 338448 602299 602299 -153411 -153411 29333 29333 871981 871981 596882 596882 -74956 -74956 377503 377503 1054891 1054891 601696 601696 325980 325980 906868 906868 1068117 1068117
S 0 0 0 0 4194304 1310720 6553600 2949120 655360 4915200 7208960 4194304 0 0 0 0 1353032 11534336 5813789 6291456 1353829 2097152 16278610 4194304 1352157 3932160 290689 7864320 1352411 10094592 47 9302016 1362365 6016888 13029958 1716248 816747 1953794 1884811 1953794 1884811 2082147 2190324 45875 4677166 5951752 11967104 10784638 4592740 4947003 8388607 8388607 8388148 0 0 0 0 0 0 0 0 0 0 0 47 9302016 16324625 16749847 854039 1310643 16180389 16565741 15472389 15866823 382952 970843 1196136 1213060 16361853 16578937 113409 3926 1955503 1532424 1307182 1080347 91335 16386057 965527 544488 2110995 2108571 1495599 911188 709840 594082 1984636 1642838 2082147 2190324
B 597092 597092 582941 582941 1053747 1053747 1027149 1027149 717794 717794 877878 877878 1077920 1077920 953991 953991 792529 792529 963223 963223 975999 975999 940381 940381 1047861 1047861 858919 858919 854698 854698 1044513 1044513
S 0 0 0 0 4194304 1310720 6553600 2949120 655360 4915200 7208960 4194304 0 0 0 0 1353972 11534336 5813789 6291456 1356461 2097152 16278610 4194304 1356300 3932160 290689 7864320 1354772 1329152 47 9302016 12336654 2662642 4015313 2014916 1938056 2217321 2090837 2217321 2090837 2039735 2138318 2127209 16083219 13409174 4947003 12398274 1513325 11830212 8388607 8388607 8388148 0 0 0 0 0 0 0 0 0 0 0 47 9302016 2082147 2190324 1387645 1000725 1382345 949420 2143823 2071167 2092058 2016540 1514187 1356990 1824330 1687182 2012479 2299204 1999278 1816688 1245556 1924561 2122703 1730191 1932162 1971836 2030273 1731252 1916886 2274561 1922249 1513430 1758568 1660224 2039735 2138318
B 963025 963025 557499 557499 653891 653891 1051631 1051631 710983 710983 228553 228553 715673 715673 915566 915566 24733 24733 -289621 -289621 547952 547952 506855 506855 -403206 -403206 -258834 -258834 426851 426851 -128469 -128469
S 0 0 0 0 4194304 1310720 6553600 2949120 655360 4915200 7208960 4194304 0 0 0 0 1354912 11534336 5813789 6291456 1359093 2097152 16278610 4194304 1352251 3932160 290689 7864320 1356735 9312256 47 9302016 8743659 8453980 12499064 15147438 15356858 16248352 15956740 16248352 15956740 16439524 16601033 12902966 9587713 13742821 11830212 13034930 10873653 4947003 8388607 8388607 8388148 0 0 0 0 0 0 0 0 0 0 0 47 9302016 2039735 2138318 1970969 1881134 1189546 1040450 1673864 941702 2042424 2164101 1643643 1200291 472386 441827 1452540 1410154 1648118 2014147 16684598 191553 15908694 16487255 1026267 1165544 744405 1283017 15754073 16187538 16133579 16385518 550515 1156892 16439524 16601033
B -862102 -862102 -292529 -292529 220703 220703 -560715 -560715 -984754 -984754 -336662 -336662 -359513 -359513 -1003579 -1003579 -930991 -930991 -386445 -386445 -611528 -611528 -1135294 -1135294 -919648 -919648 -694170 -694170 -958392 -958392 -1069670 -1069670
S 0 0 0 0 4194304 1310720 6553600 2949120 655360 4915200 7208960 4194304 0 0 0 0 1355852 11534336 5813789 6291456 1353533 2097152 16278610 4194304 1356394 3932160 290689 7864320 1356692 4634624 47 9302016 9148722 4546842 4535430 14728898 14970176 14713491 14856168 14713491 14856168 14728776 14546979 2415366 11378250 5996398 4947003 3195732 3600269 11830212 8388607 8388607 8388148 0 0 0 0 0 0 0 0 0 0 0 47 9302016 16439524 16601033 14866383 15239644 15950435 16433883 274623 608189 15336862 15974711 14822067 14793352 15993412 16214374 15995452 16120931 14852357 14687761 14962889 14867580 16277179 15731476 15701932 15406390 14560562 14452696 14917952 14957890 15683881 15093873 14700512 15020353 14728776 14546979
B -879238 -879238 -859099 -859099 -986769 -986769 -961768 -961768 -970069 -970069 -989058 -989058 -878669 -878669 -934336 -934336 -1036674 -1036674 -894877 -894877 -695060 -695060 -865225 -865225 -1105265 -1105265 -682460 -682460 -531733 -531733 -968318 -968318
S 0 0 0 0 4194304 1310720 6553600 2949120 655360 4915200 7208960 4194304 0 0 0 0 1356792 11534336 5813789 6291456 1356165 2097152 16278610 4194304 1352345 3932160 290689 7864320 1359383 12515328 47 9302016 13350256 4384817 11990399 14802174 14896598 14638412 14634787 14638412 14634787 14776425 14904738 1093251 12267888 14617604 11830212 6642924 2785055 4947003 8388607 8388607 8388148 0 0 0 0 0 0 0 0 0 0 0 47 9302016 14728776 14546979 14923820 15113660 15323350 14794689 14655519 14951838 14807699 14899663 14928535 14745624 14804577 14793626 15049022 14990735 14787037 15030054 14764606 14643131 14836200 15138725 15773166 15001029 14994842 15098691 14720227 14413148 15461405 15363189 16000929 15426571 14776425 14904738
ENDSET
