# FM-STAT m8 bit-exact vectors (OS 1.32, dsp_emu.py)
# format: SET <i> A=<pitch>
#         P <8 knob words 0..127>
#         B <32 signed output words>
#         S <state words: y-page(64) X5 Y5 X1E-3F(34)>
SET 0 A=11776
P 64 64 64 64 64 64 64 64
B 853 853 26257 26257 143842 143842 368678 368678 666938 666938 946227 946227 1022283 1022283 681300 681300 -87618 -87618 -848360 -848360 -970138 -970138 -133986 -133986 894299 894299 772092 772092 -486829 -486829 -959512 -959512
S 0 0 0 0 4194304 4194304 4194304 4194304 4194304 4194304 4194304 4194304 0 0 0 0 1358087 9437184 7888043 2097152 1357156 0 1353463 7428096 1093 12619776 11280670 12698589 16776220 4050944 161506 16258972 1082884 14932337 15261880 14932337 15261880 14855833 14860554 16641112 16133238 15848050 8388606 0 0 0 0 0 0 0 0 0 0 0 0 0 0 0 0 0 0 0 0 0 1093 12619776 0 0 0 3415 48904 56125 290283 285085 728580 746132 1332356 1335396 1895544 1889366 2041424 2047711 1369053 1356147 16604654 16599309 15080005 15080989 14839858 14834024 16506764 16511727 1796476 1780721 1537119 1551251 15816081 15791038 14855833 14860554
B 263110 263110 996115 996115 -347060 -347060 -1014128 -1014128 285281 285281 972216 972216 -344621 -344621 -1017936 -1017936 349479 349479 970507 970507 -302462 -302462 -1008141 -1008141 377852 377852 1004426 1004426 -232819 -232819 -1005553 -1005553
S 0 0 0 0 4194304 4194304 4194304 4194304 4194304 4194304 4194304 4194304 0 0 0 0 1355371 9437184 7888043 2097152 1354440 0 1353309 16578560 1093 12619776 13948529 14914160 16776761 2555904 16157777 16223903 1008804 14821846 15194307 14821846 15194307 14767908 14764314 16294265 16613823 16115858 8388606 0 0 0 0 0 0 0 0 0 0 0 0 0 0 0 0 0 0 0 0 0 1093 12619776 14855833 14860554 529846 522597 2002725 1981738 16077492 16088700 14750703 14747218 572385 568742 1944382 1944484 16079697 16096252 14744442 14738247 705828 692088 1936471 1945560 16173826 16170758 14764804 14757065 755813 755597 2014265 2003441 16304467 16318691 14767908 14764314
B 240912 240912 1054525 1054525 -140077 -140077 -1001688 -1001688 133396 133396 1071832 1071832 -158558 -158558 -1026162 -1026162 36554 36554 1051651 1051651 -48234 -48234 -1063664 -1063664 -92347 -92347 1007511 1007511 124553 124553 -1075740 -1075740
S 0 0 0 0 4194304 4194304 4194304 4194304 4194304 4194304 4194304 4194304 0 0 0 0 1352655 9437184 7888043 2097152 1351724 0 1352691 9426944 1093 12619776 8269939 8387716 2047 13123584 773355 15407566 48830 14642118 14777466 14642118 14777466 14625857 14625616 16456597 780732 241042 8388606 0 0 0 0 0 0 0 0 0 0 0 0 0 0 0 0 0 0 0 0 0 1093 12619776 14767908 14764314 479062 484588 2113973 2104130 16490484 16503643 14780158 14767524 264198 269386 2142501 2144827 16463990 16456210 14725467 14724318 72816 73400 2108144 2098463 16682726 16678772 14646974 14652805 16598776 16586271 2011676 2018369 243021 255194 14625857 14625616
B -196192 -196192 978245 978245 273917 273917 -1038600 -1038600 -276710 -276710 994168 994168 401679 401679 -935111 -935111 -455544 -455544 957096 957096 526156 526156 -846200 -846200 -524975 -524975 962248 962248 499979 499979 -887110 -887110
S 0 0 0 0 4194304 4194304 4194304 4194304 4194304 4194304 4194304 4194304 0 0 0 0 1358131 9437184 7888043 2097152 1357200 0 1352379 7526400 1093 12619776 11497615 11555633 16775941 3346432 16637326 14920511 16199678 14889277 14707908 14889277 14707908 15001664 15004331 16565936 16174149 15681665 8388606 0 0 0 0 0 0 0 0 0 0 0 0 0 0 0 0 0 0 0 0 0 1093 12619776 14625857 14625616 16390037 16379627 1953727 1959256 549515 546155 14698486 14701549 16224977 16222618 1996645 1980030 794964 811755 14909713 14904275 15865455 15866804 1914746 1913640 1048407 1056217 15088998 15080635 15722126 15732406 1923734 1925260 1003729 996187 15001664 15004331
B -540439 -540439 900934 900934 551804 551804 -896423 -896423 -627354 -627354 772037 772037 690574 690574 -809371 -809371 -759628 -759628 635313 635313 806946 806946 -668829 -668829 -863031 -863031 570330 570330 894669 894669 -451178 -451178
S 0 0 0 0 4194304 4194304 4194304 4194304 4194304 4194304 4194304 4194304 0 0 0 0 1355415 9437184 7888043 2097152 1354484 0 1359719 874496 1093 12619776 13683676 918216 224 2916352 16140971 14682520 15188700 15589938 15066524 15589938 15066524 15877318 15872402 16251639 16587721 16444640 8388606 0 0 0 0 0 0 0 0 0 0 0 0 0 0 0 0 0 0 0 0 0 1093 12619776 15001664 15004331 15697388 15695291 1807811 1795927 1103169 1104050 14984482 14984259 15528122 15516896 1539969 1548182 1378533 1383764 15155096 15161853 15259898 15256025 1270280 1270974 1615536 1612251 15432274 15446843 15053582 15048728 1148238 1133085 1783368 1795311 15877318 15872402
B -972860 -972860 419752 419752 972166 972166 -290824 -290824 -981325 -981325 404180 404180 1000450 1000450 -337007 -337007 -963919 -963919 339533 339533 1026052 1026052 -313828 -313828 -1000596 -1000596 163201 163201 1047107 1047107 -150752 -150752
S 0 0 0 0 4194304 4194304 4194304 4194304 4194304 4194304 4194304 4194304 0 0 0 0 1352699 9437184 7888043 2097152 1351768 0 1359147 768000 1093 12619776 8312670 8377200 2045 3604480 763697 14896751 14755709 16184458 15630247 16184458 15630247 16470890 16480536 16420876 788856 239095 8388606 0 0 0 0 0 0 0 0 0 0 0 0 0 0 0 0 0 0 0 0 0 1093 12619776 15877318 15872402 14832825 14830169 836862 842147 1944366 1944300 16194900 16196236 14809866 14819267 807881 808841 2003031 1998769 16100217 16106188 14851278 14847481 683597 674536 2048351 2055857 16153763 16145359 14777797 14774254 324160 328647 2095648 2092782 16470890 16480536
B -1053810 -1053810 -25092 -25092 1017329 1017329 28800 28800 -1087001 -1087001 -126090 -126090 989969 989969 239931 239931 -1045376 -1045376 -296793 -296793 965987 965987 374884 374884 -977831 -977831 -304221 -304221 1038637 1038637 321201 321201
S 0 0 0 0 4194304 4194304 4194304 4194304 4194304 4194304 4194304 4194304 0 0 0 0 1358175 9437184 7888043 2097152 1357244 0 1358835 9734144 1093 12619776 11720573 10540110 16775693 4513792 16664692 15410459 14682357 399319 16531038 399319 16531038 638852 645954 16613686 16193275 15619773 8388606 0 0 0 0 0 0 0 0 0 0 0 0 0 0 0 0 0 0 0 0 0 1093 12619776 16470890 16480536 14666047 14673145 16730587 16723478 2034494 2034824 48655 66547 14604939 14601489 16529211 16520862 1978554 1981323 481240 478484 14688131 14684799 16179975 16187285 1936193 1927756 744477 755062 14819803 14823308 16168439 16169110 2077065 2077486 638852 645954
B -952844 -952844 -310835 -310835 1047632 1047632 326557 326557 -948430 -948430 -422274 -422274 965379 965379 457089 457089 -928525 -928525 -550038 -550038 847869 847869 560877 560877 -926357 -926357 -606494 -606494 781961 781961 666264 666264
S 0 0 0 0 4194304 4194304 4194304 4194304 4194304 4194304 4194304 4194304 0 0 0 0 1355459 9437184 7888043 2097152 1354528 0 1358248 6514688 1093 12619776 13422346 4633678 1131 4513792 16123844 15999774 14866693 1101990 427990 1101990 427990 1332640 1332416 16265482 16560887 28591 8388606 0 0 0 0 0 0 0 0 0 0 0 0 0 0 0 0 0 0 0 0 0 1093 12619776 638852 645954 14873520 14869539 16156704 16154390 2090170 2100359 659298 646933 14877855 14882860 15933647 15931689 1934254 1927263 910825 917534 14912314 14928020 15683658 15670624 1693386 1698091 1115109 1128402 14924563 14924444 15564998 15563460 1566170 1561674 1332640 1332416
B -823271 -823271 -715370 -715370 726928 726928 729551 729551 -746913 -746913 -700733 -700733 836540 836540 680266 680266 -749947 -749947 -666721 -666721 861987 861987 677759 677759 -746886 -746886 -722176 -722176 749056 749056 770303 770303
S 0 0 0 0 4194304 4194304 4194304 4194304 4194304 4194304 4194304 4194304 0 0 0 0 1352743 9437184 7888043 2097152 1351812 0 1357986 2971648 1093 12619776 8345935 8374359 2044 8744960 753124 16359315 15084913 1281533 710230 1281533 710230 1538648 1542564 16477372 796042 300675 8388606 0 0 0 0 0 0 0 0 0 0 0 0 0 0 0 0 0 0 0 0 0 1093 12619776 1332640 1332416 15131520 15129828 15343224 15349729 1461413 1446301 1451782 1466423 15283978 15282803 15375546 15375957 1671448 1674713 1357260 1363804 15279035 15275612 15442339 15445209 1719294 1728656 1361617 1349420 15278912 15287976 15335747 15329983 1502196 1494028 1538648 1542564
B -702350 -702350 -799819 -799819 620211 620211 817480 817480 -710215 -710215 -831446 -831446 570079 570079 854000 854000 -609769 -609769 -899419 -899419 521316 521316 878694 878694 -543426 -543426 -883687 -883687 642983 642983 849458 849458
S 0 0 0 0 4194304 4194304 4194304 4194304 4194304 4194304 4194304 4194304 0 0 0 0 1358219 9437184 7888043 2097152 1357288 0 1358013 9328640 1093 12619776 11949289 9752704 16775501 524288 16692185 16634678 15151152 1539694 1046382 1539694 1046382 1696361 1701473 16655872 16213064 15575428 8388606 0 0 0 0 0 0 0 0 0 0 0 0 0 0 0 0 0 0 0 0 0 1093 12619776 1538648 1542564 15363107 15381927 15185069 15170088 1236886 1243958 1630906 1639015 15355532 15358043 15113046 15115605 1144257 1136061 1707387 1708616 15557339 15558019 14975797 14980960 1052355 1032911 1749369 1765408 15692163 15688565 15009971 15009715 1283320 1288614 1696361 1701473
B -564954 -564954 -838916 -838916 681858 681858 852851 852851 -567337 -567337 -864454 -864454 559682 559682 922622 922622 -510087 -510087 -915715 -915715 430848 430848 945411 945411 -520603 -520603 -947856 -947856 387206 387206 951417 951417
S 0 0 0 0 4194304 4194304 4194304 4194304 4194304 4194304 4194304 4194304 0 0 0 0 1355503 9437184 7888043 2097152 1354572 0 1357650 12556288 1093 12619776 13164835 7463760 1822 3473408 16107460 186821 15457065 1797229 1325972 1797229 1325972 1902052 1903616 16267030 16534299 300158 8388606 0 0 0 0 0 0 0 0 0 0 0 0 0 0 0 0 0 0 0 0 0 1093 12619776 1696361 1701473 15648477 15646140 15096573 15102198 1359648 1367786 1711296 1700109 15637153 15647933 15052199 15044417 1123382 1115347 1844034 1846454 15747467 15766620 14953184 14938390 857652 865743 1888914 1892732 15733660 15738362 14879076 14883934 779275 769549 1902052 1903616
B -419735 -419735 -1000262 -1000262 333946 333946 959887 959887 -346887 -346887 -994167 -994167 445802 445802 953328 953328 -384735 -384735 -942990 -942990 510321 510321 957750 957750 -414440 -414440 -938526 -938526 408493 408493 1000190 1000190
S 0 0 0 0 4194304 4194304 4194304 4194304 4194304 4194304 4194304 4194304 0 0 0 0 1352787 9437184 7888043 2097152 1351856 0 1357515 15583232 1093 12619776 8369695 8385409 2047 3674112 741695 357596 15641141 1821446 1388398 1821446 1388398 1999762 2001001 16495853 802321 279650 8388606 0 0 0 0 0 0 0 0 0 0 0 0 0 0 0 0 0 0 0 0 0 1093 12619776 1902052 1903616 15935793 15939702 14774830 14778555 678304 657482 1911502 1928047 16086174 16080711 14789451 14788313 887966 895243 1905067 1908246 16008125 16007367 14887770 14894702 1017020 1024267 1920739 1910262 15942288 15954385 14904907 14895422 820439 813533 1999762 2001001
B -369849 -369849 -966680 -966680 302249 302249 1002403 1002403 -395273 -395273 -998088 -998088 271170 271170 990364 990364 -299888 -299888 -1042400 -1042400 209973 209973 996559 996559 -175920 -175920 -1057810 -1057810 208340 208340 1022970 1022970
S 0 0 0 0 4194304 4194304 4194304 4194304 4194304 4194304 4194304 4194304 0 0 0 0 1358263 9437184 7888043 2097152 1357332 0 1357361 8919040 1093 12619776 12183503 9158621 16775355 16633856 16719775 851336 15973733 1993351 1753097 1993351 1753097 2044770 2047111 16637557 16233495 15539808 8388606 0 0 0 0 0 0 0 0 0 0 0 0 0 0 0 0 0 0 0 0 0 1093 12619776 1999762 2001001 16028024 16047015 14850920 14836794 600113 608885 2004543 2005071 15983375 15989966 14778216 14783865 547280 537402 1980079 1981378 16173972 16180910 14690543 14694292 430608 409285 1984629 2001610 16429235 16421519 14662004 14661188 412865 420497 2044770 2047111
B -109004 -109004 -1033664 -1033664 181624 181624 1065212 1065212 -64488 -64488 -1012190 -1012190 22066 22066 1084207 1084207 38839 38839 -1007146 -1007146 -104497 -104497 1065893 1065893 50968 50968 -1049950 -1049950 -162220 -162220 1011226 1011226
S 0 0 0 0 4194304 4194304 4194304 4194304 4194304 4194304 4194304 4194304 0 0 0 0 1355547 9437184 7888043 2097152 1354616 0 1356915 3827712 1093 12619776 12911439 8386532 2047 8273920 16091840 1268441 16531343 2088633 1993783 2088633 1993783 2021216 2023689 16234875 16507988 39707 8388606 0 0 0 0 0 0 0 0 0 0 0 0 0 0 0 0 0 0 0 0 0 1093 12619776 2044770 2047111 16559700 16558718 14704582 14715196 362010 364489 2132886 2127964 16643485 16652996 14756548 14749125 48200 40066 2167417 2169414 71282 84076 14766203 14759647 16565521 16570926 2134244 2129331 98066 105809 14671843 14682791 16458883 16446672 2021216 2023689
B 171999 171999 -1062532 -1062532 -265298 -265298 957243 957243 334865 334865 -1024712 -1024712 -368047 -368047 939786 939786 457961 457961 -938880 -938880 -460497 -460497 954543 954543 547280 547280 -825410 -825410 -614952 -614952 871626 871626
S 0 0 0 0 4194304 4194304 4194304 4194304 4194304 4194304 4194304 4194304 0 0 0 0 1352831 9437184 7888043 2097152 1351900 0 1356152 8861696 1093 12619776 8383924 8065575 1969 2256896 729421 1968142 959876 1878366 2062491 1878366 2062491 1743134 1743372 16495691 807686 300567 8388606 0 0 0 0 0 0 0 0 0 0 0 0 0 0 0 0 0 0 0 0 0 1093 12619776 2021216 2023689 338257 349742 14650108 14654199 16254097 16239143 1908659 1920316 674602 664861 14728628 14726957 16037107 16045139 1880357 1878788 915791 916055 14893094 14905819 15858853 15853594 1906771 1911401 1092540 1096581 15127941 15124852 15550267 15544360 1743134 1743372
B 669662 669662 -739834 -739834 -687662 -687662 824054 824054 668883 668883 -811446 -811446 -688245 -688245 752765 752765 711986 711986 -802533 -802533 -755745 -755745 641219 641219 811675 811675 -667591 -667591 -874345 -874345 521278 521278
S 0 0 0 0 4194304 4194304 4194304 4194304 4194304 4194304 4194304 4194304 0 0 0 0 1358307 9437184 7888043 2097152 1357376 0 1355753 6678528 1093 12619776 12422948 8759217 16775258 8065024 16747430 2094098 1544467 1243322 1684709 1243322 1684709 1045795 1039317 16583852 16254546 15488036 8388606 0 0 0 0 0 0 0 0 0 0 0 0 0 0 0 0 0 0 0 0 0 1093 12619776 1743134 1743372 1338781 1339868 15293979 15301120 15403124 15400662 1653153 1643064 1334704 1340828 15146300 15162348 15407197 15394255 1503539 1507522 1417888 1430056 15170447 15173853 15267030 15264424 1281913 1282963 1627226 1619477 15443685 15440383 15025115 15031939 1045795 1039317
ENDSET
SET 1 A=8192
P 0 0 0 0 0 0 0 0
B 594 594 18468 18468 104699 104699 272163 272163 495051 495051 749912 749912 964023 964023 1042836 1042836 873646 873646 404943 404943 -275940 -275940 -879257 -879257 -1008810 -1008810 -444902 -444902 507667 507667 1036412 1036412
S 0 0 0 0 0 0 0 0 0 0 0 0 0 0 0 0 1359555 15728640 228363 14680064 1351965 0 1356042 6258688 760 14614528 4268722 1819116 0 0 18464 1699267 776464 2075622 2021571 2075622 2021571 2073272 2072377 0 18961 4024 8388607 0 0 0 0 0 0 0 0 0 0 0 0 0 0 0 0 0 0 0 0 0 760 14614528 0 0 0 2376 34038 39835 210445 208354 542708 545945 989309 990897 1499097 1500553 1927476 1928619 2086553 2084791 1748457 1746129 812323 807451 16226825 16223847 15019582 15017825 14758448 14760744 15886143 15888681 1014326 1016344 2073272 2072377
B 504666 504666 -629172 -629172 -1020615 -1020615 -159530 -159530 887231 887231 861765 861765 -213946 -213946 -1027192 -1027192 -594913 -594913 561393 561393 1034695 1034695 252365 252365 -837263 -837263 -909385 -909385 122346 122346 1005974 1005974
S 0 0 0 0 0 0 0 0 0 0 0 0 0 0 0 0 1351743 15728640 228363 14680064 1352250 0 1355814 4161536 760 14614528 6163708 3551656 0 0 27483 1903633 1103733 2058169 2096306 2058169 2096306 2012163 2011734 0 22511 7859 8388607 0 0 0 0 0 0 0 0 0 0 0 0 0 0 0 0 0 0 0 0 0 760 14614528 2073272 2072377 1008741 1009923 15515901 15521843 14738405 14733570 16456559 16459753 1774906 1774021 1723622 1723438 16349267 16349382 14723296 14722368 15586729 15588052 1123095 1122477 2068953 2069827 505377 504083 15102425 15102957 14958694 14958201 244165 245221 2012163 2011734
B 667458 667458 -481313 -481313 -1045850 -1045850 -339967 -339967 778567 778567 951749 951749 -31115 -31115 -976043 -976043 -735724 -735724 398223 398223 1048441 1048441 425438 425438 -714321 -714321 -986495 -986495 -60653 -60653 938896 938896
S 0 0 0 0 0 0 0 0 0 0 0 0 0 0 0 0 1352123 15728640 228363 14680064 1352535 0 1355586 2064384 760 14614528 7538803 5115164 0 0 25940 2027740 1397298 1956684 2074660 1956684 2074660 1877726 1877861 0 24958 11324 8388607 0 0 0 0 0 0 0 0 0 0 0 0 0 0 0 0 0 0 0 0 0 760 14614528 2012163 2011734 1334841 1334991 15814994 15814187 14685317 14685717 16097239 16097327 1556850 1557419 1903711 1903288 16715098 16714877 14825301 14824960 15305536 15306003 796315 796578 2096820 2096945 851126 850628 15348689 15348461 14804192 14804261 16655662 16656160 1877726 1877861
B 798140 798140 -311902 -311902 -1043179 -1043179 -507518 -507518 644486 644486 1013798 1013798 151861 151861 -894493 -894493 -854524 -854524 223251 223251 1029882 1029882 585757 585757 -569764 -569764 -1033316 -1033316 -241941 -241941 843269 843269
S 0 0 0 0 0 0 0 0 0 0 0 0 0 0 0 0 1352503 15728640 228363 14680064 1352820 0 1355357 16744448 760 14614528 8278020 6435227 0 0 22951 2089926 1648195 1795449 1989661 1795449 1989661 1686414 1686663 0 26041 14253 8388607 0 0 0 0 0 0 0 0 0 0 0 0 0 0 0 0 0 0 0 0 0 760 14614528 1877726 1877861 1596396 1596164 16153640 16153185 14690863 14690855 15762007 15762354 1288788 1289157 2027663 2027529 303926 303520 14988353 14988110 15068036 15068302 446299 446708 2059718 2059812 1171700 1171329 15637866 15637512 14710553 14710618 16293120 16293548 1686414 1686663
B 904345 904345 -132877 -132877 -1008729 -1008729 -659505 -659505 490667 490667 1044938 1044938 330157 330157 -785590 -785590 -947262 -947262 41491 41491 979851 979851 728209 728209 -407826 -407826 -1048567 -1048567 -415855 -415855 721902 721902
S 0 0 0 0 0 0 0 0 0 0 0 0 0 0 0 0 1352883 15728640 228363 14680064 1353105 0 1355129 14647296 760 14614528 8319011 7449021 0 0 18718 2088294 1848762 1579386 1843907 1579386 1843907 1443648 1443961 0 25618 16506 8388607 0 0 0 0 0 0 0 0 0 0 0 0 0 0 0 0 0 0 0 0 0 760 14614528 1686414 1686663 1808797 1808585 16511679 16511245 14759815 14759701 15458042 15458373 981141 981527 2089896 2089856 660518 660111 15206181 15205893 14882599 14882787 82768 83197 1959624 1959781 1456576 1456262 15961764 15961367 14680084 14680081 15945309 15945706 1443648 1443961
B 982926 982926 50213 50213 -943485 -943485 -791346 -791346 321859 321859 1044175 1044175 498366 498366 -652695 -652695 -1011077 -1011077 -141535 -141535 899897 899897 848427 848427 -233436 -233436 -1031798 -1031798 -577071 -577071 578492 578492
S 0 0 0 0 0 0 0 0 0 0 0 0 0 0 0 0 1353263 15728640 228363 14680064 1353390 0 1354901 12550144 760 14614528 7658316 8108296 0 0 13551 2022893 1992874 1315096 1641845 1315096 1641845 1156805 1157166 0 23677 17976 8388607 0 0 0 0 0 0 0 0 0 0 0 0 0 0 0 0 0 0 0 0 0 760 14614528 1443648 1443961 1965928 1965779 100643 100210 14890341 14890153 15194384 15194666 643512 643925 2088330 2088370 996924 996543 15471997 15471657 14755004 14755120 16493933 16494361 1799684 1799905 1696982 1696727 16310556 16310135 14713660 14713582 15622895 15623255 1156805 1157166
B 1031491 1031491 231771 231771 -849430 -849430 -899022 -899022 143223 143223 1011526 1011526 651357 651357 -499868 -499868 -1044019 -1044019 -320237 -320237 792462 792462 942737 942737 -51918 -51918 -983521 -983521 -720666 -720666 417417 417417
S 0 0 0 0 0 0 0 0 0 0 0 0 0 0 0 0 1353643 15728640 228363 14680064 1353675 0 1354673 10452992 760 14614528 6351664 8381677 0 0 7842 1895720 2076131 1010647 1389647 1010647 1389647 834637 835034 0 20338 18593 8388607 0 0 0 0 0 0 0 0 0 0 0 0 0 0 0 0 0 0 0 0 0 760 14614528 1156805 1157166 2063021 2062943 463753 463331 15078484 15078230 14979061 14979284 286232 286660 2022997 2023110 1302884 1302546 15777671 15777290 14689158 14689200 16136537 16136947 1584783 1585066 1885569 1885381 16673597 16673165 14810250 14810100 15335729 15336042 834637 835034
B 1048557 1048557 406251 406251 -729437 -729437 -979245 -979245 -39788 -39788 947990 947990 784458 784458 -331778 -331778 -1045080 -1045080 -489162 -489162 660829 660829 1008259 1008259 131185 131185 -905211 -905211 -842254 -842254 243596 243596
S 0 0 0 0 0 0 0 0 0 0 0 0 0 0 0 0 1354023 15728640 228363 14680064 1353960 0 1354445 8355840 760 14614528 4509267 8256152 0 0 2030 1710659 2095991 675337 1095014 675337 1095014 486984 487403 0 15841 18327 8388607 0 0 0 0 0 0 0 0 0 0 0 0 0 0 0 0 0 0 0 0 0 760 14614528 834637 835034 2097116 2097114 812703 812303 15318498 15318188 14818649 14818803 16697425 16697858 1895888 1896072 1569060 1568773 16113866 16113456 14687076 14687039 15798702 15799084 1321490 1321826 2016579 2016460 262586 262157 14966904 14966686 15092580 15092837 486984 487403
B 1033604 1033604 568327 568327 -587170 -587170 -1029566 -1029566 -221583 -221583 855505 855505 893604 893604 -153556 -153556 -1014227 -1014227 -643149 -643149 509016 509016 1042993 1042993 310283 310283 -799259 -799259 -938123 -938123 62337 62337
S 0 0 0 0 0 0 0 0 0 0 0 0 0 0 0 0 1354403 15728640 228363 14680064 1354245 0 1354217 6258688 760 14614528 2286526 7737694 0 0 16773783 1473360 2051846 319403 766944 319403 766944 124458 124890 0 10528 17191 8388607 0 0 0 0 0 0 0 0 0 0 0 0 0 0 0 0 0 0 0 0 0 760 14614528 486984 487403 2067173 2067246 1136836 1136472 15603057 15602698 14718045 14718126 16333839 16334261 1710885 1711135 1787322 1787096 16470319 16469891 14748817 14748707 15490748 15491090 1017844 1018221 2086009 2085965 620773 620359 15178838 15178559 14900874 14901067 124458 124890
B 987089 987089 713047 713047 -426972 -426972 -1048447 -1048447 -396612 -396612 736896 736896 975463 975463 29355 29355 -952405 -952405 -777496 -777496 341659 341659 1045878 1045878 479905 479905 -668901 -668901 -1005345 -1005345 -120827 -120827
S 0 0 0 0 0 0 0 0 0 0 0 0 0 0 0 0 1354783 15728640 228363 14680064 1354530 0 1353989 4161536 760 14614528 16648138 6850980 0 0 16769096 1191071 1945046 16730933 415454 16730933 415454 16535349 16535778 0 4811 15238 8388607 0 0 0 0 0 0 0 0 0 0 0 0 0 0 0 0 0 0 0 0 0 760 14614528 124458 124890 1974106 1974252 1426253 1425937 15923469 15923075 14680319 14680326 15983793 15984192 1473639 1473947 1951006 1950847 58927 58496 14872497 14872317 15222081 15222370 683115 683524 2091741 2091771 960002 959618 15439581 15439249 14766465 14766588 16535349 16535778
B 910432 910432 835994 835994 -253737 -253737 -1035312 -1035312 -559530 -559530 595785 595785 1027534 1027534 211369 211369 -861499 -861499 -888102 -888102 163870 163870 1016825 1016825 634872 634872 -518117 -518117 -1041868 -1041868 -300300 -300300
S 0 0 0 0 0 0 0 0 0 0 0 0 0 0 0 0 1355163 15728640 228363 14680064 1354815 0 1353761 2064384 760 14614528 14243423 5638210 0 0 16765545 872410 1778851 16366661 51278 16366661 51278 16176410 16176824 0 16776356 12562 8388607 0 0 0 0 0 0 0 0 0 0 0 0 0 0 0 0 0 0 0 0 0 760 14614528 16535349 16535778 1820758 1820971 1672120 1671858 16269952 16269533 14706626 14706558 15657975 15658339 1191393 1191749 2055113 2055026 422951 422528 15054343 15054095 15000898 15001128 327528 327954 2033597 2033703 1269918 1269573 15741171 15740796 14693456 14693506 16176410 16176824
B 805973 805973 933412 933412 -72753 -72753 -990564 -990564 -705362 -705362 436481 436481 1048229 1048229 386930 386930 -744286 -744286 -971588 -971588 -18924 -18924 956722 956722 770453 770453 -351511 -351511 -1046576 -1046576 -470604 -470604
S 0 0 0 0 0 0 0 0 0 0 0 0 0 0 0 0 1355543 15728640 228363 14680064 1355100 0 1353532 16744448 760 14614528 12052425 4157102 0 0 16763401 527109 1558337 16014924 16462752 16014924 16462752 15835816 15836203 0 16771177 9290 8388607 0 0 0 0 0 0 0 0 0 0 0 0 0 0 0 0 0 0 0 0 0 760 14614528 16176410 16176824 1611808 1612085 1866924 1866727 16631926 16631494 14796161 14796018 15366332 15366653 872766 873160 2096464 2096453 774061 773659 15288797 15288492 14833959 14834122 16739154 16739585 1913356 1913533 1541053 1540761 16074399 16073991 14684079 14684051 15835816 15836203
B 676903 676903 1002328 1002328 110452 110452 -915566 -915566 -829655 -829655 263848 263848 1036914 1036914 550675 550675 -604346 -604346 -1025405 -1025405 -201139 -201139 867404 867404 882507 882507 -174171 -174171 -1019325 -1019325 -626537 -626537
S 0 0 0 0 0 0 0 0 0 0 0 0 0 0 0 0 1355923 15728640 228363 14680064 1355385 0 1353304 14647296 760 14614528 10259950 2478147 0 0 16762813 165712 1290236 15686465 16106612 15686465 16106612 15523970 15524317 0 16766899 5577 8388607 0 0 0 0 0 0 0 0 0 0 0 0 0 0 0 0 0 0 0 0 0 760 14614528 15835816 15836203 1353641 1353972 2004720 2004593 221119 220690 14946190 14945979 15117775 15118039 527488 527907 2073796 2073861 1101535 1101165 15568701 15568350 14726362 14726451 16374726 16375151 1734687 1734930 1765131 1764899 16429087 16428661 14738617 14738516 15523970 15524317
B 527162 527162 1040636 1040636 290284 290284 -812611 -812611 -928613 -928613 83159 83159 993935 993935 697604 697604 -445951 -445951 -1047910 -1047910 -377213 -377213 751599 751599 967612 967612 8487 8487 -960948 -960948 -763337 -763337
S 0 0 0 0 0 0 0 0 0 0 0 0 0 0 0 0 1356303 15728640 228363 14680064 1355670 0 1353076 12550144 760 14614528 9017188 681251 0 0 16763806 16576471 982736 15391315 15770949 15391315 15770949 15250394 15250690 0 16763856 1600 8388607 0 0 0 0 0 0 0 0 0 0 0 0 0 0 0 0 0 0 0 0 0 760 14614528 15523970 15524317 1054138 1054512 2081299 2081246 580776 580360 15152133 15151858 14919889 14920091 166105 166533 1987802 1987941 1395370 1395046 15885510 15885119 14681390 14681403 16022589 16022992 1503048 1503349 1935309 1935142 17190 16758 14855408 14855233 15250394 15250690
B 361324 361324 1047167 1047167 461252 461252 -684841 -684841 -999215 -999215 -100070 -100070 920606 920606 823230 823230 -273938 -273938 -1038417 -1038417 -541768 -541768 612842 612842 1023171 1023171 190885 190885 -873227 -873227 -876829 -876829
S 0 0 0 0 0 0 0 0 0 0 0 0 0 0 0 0 1356683 15728640 228363 14680064 1355955 0 1352848 10452992 760 14614528 8428962 15629148 0 0 16766270 16216144 645227 15138484 15466016 15138484 15466016 15023440 15023677 0 16762279 16774764 8388607 0 0 0 0 0 0 0 0 0 0 0 0 0 0 0 0 0 0 0 0 0 760 14614528 15250394 15250690 722445 722851 2094323 2094345 922699 922310 15407698 15407371 14778721 14778852 16576862 16577291 1841110 1841316 1646594 1646327 16229550 16229132 14700413 14700353 15693496 15693867 1225511 1225860 2046389 2046295 381983 381557 15030883 15030644 15023440 15023677
B 184453 184453 1021720 1021720 618136 618136 -536160 -536160 -1039304 -1039304 -280243 -280243 819164 819164 923718 923718 -93560 -93560 -997213 -997213 -689779 -689779 455372 455372 1047485 1047485 367455 367455 -758841 -758841 -963545 -963545
S 0 0 0 0 0 0 0 0 0 0 0 0 0 0 0 0 1357063 15728640 228363 14680064 1356240 0 1352620 8355840 760 14614528 8544889 13854469 0 0 16769975 15872950 288015 14935695 15201120 14935695 15201120 14850041 14850211 0 16762279 16770830 8388607 0 0 0 0 0 0 0 0 0 0 0 0 0 0 0 0 0 0 0 0 0 760 14614528 15023440 15023677 368693 369119 2043393 2043489 1236447 1236098 15705083 15704711 14698579 14698637 16216522 16216938 1638194 1638464 1847539 1847334 16590312 16589882 14782857 14782723 15397496 15397822 910549 910939 2094980 2094960 735112 734708 15259685 15259386 14850041 14850211
ENDSET
SET 2 A=4096
P 127 127 127 127 127 127 127 127
B 297 297 38189 38189 460585 460585 677039 677039 136475 136475 833842 833842 617691 617691 391869 391869 -196808 -196808 -561317 -561317 133669 133669 -399736 -399736 -850097 -850097 -811913 -811913 -807109 -807109 -909358 -909358
S 0 0 0 0 8323072 8323072 8323072 8323072 8323072 8323072 8323072 8323072 0 0 0 0 1352184 0 12453360 0 1363138 0 1358401 16707584 380 7307264 10882083 15027253 16776368 3379904 5680678 14698040 16549720 15090779 15636538 15090779 15636538 14241027 15675975 8514115 9659269 4791488 7896325 0 0 0 0 0 0 0 0 0 0 0 0 0 0 0 0 0 0 0 0 0 380 7307264 0 0 0 1188 17024 135733 469094 1373248 1233011 1475148 530681 15221 1813723 1521647 739443 1731323 16273676 2071017 175873 15814112 16122621 15186543 16055202 1256692 16677186 15278304 15854074 14299970 15059767 15247016 15694518 14631479 14241027 15675975
B -493998 -493998 -824970 -824970 -738424 -738424 -59933 -59933 951284 951284 -254471 -254471 1049253 1049253 842201 842201 261053 261053 -94812 -94812 42046 42046 -124038 -124038 -762682 -762682 -430480 -430480 389739 389739 1232350 1232350
S 0 0 0 0 8323072 8323072 8323072 8323072 8323072 8323072 8323072 8323072 0 0 0 0 1359864 0 12453360 0 1358212 0 1357758 14454784 380 7307264 9046997 11002258 16774418 3791744 8742709 1726823 15198298 1761107 1101112 1761107 1101112 3175807 1753593 15288181 14513851 10894008 7896325 0 0 0 0 0 0 0 0 0 0 0 0 0 0 0 0 0 0 0 0 0 380 7307264 14241027 15675975 15425569 16152873 14346797 15907758 15950745 14649991 15728844 808643 1868829 1936307 15209832 549503 1739005 2458009 2570865 797939 321604 722608 15907441 490528 762079 16183324 15267432 1013633 14640287 15863417 16734215 15098298 16543545 1792627 3175807 1753593
B -444744 -444744 -867546 -867546 -269079 -269079 -31533 -31533 -1281318 -1281318 15230 15230 -446362 -446362 556106 556106 -384772 -384772 540112 540112 228546 228546 638843 638843 -960335 -960335 576381 576381 -528896 -528896 109900 109900
S 0 0 0 0 8323072 8323072 8323072 8323072 8323072 8323072 8323072 8323072 0 0 0 0 1359352 0 12453360 0 1353286 0 1353951 10608640 380 7307264 8388767 9039522 16773467 5805952 9031178 15710572 16776759 165395 15751117 165395 15751117 16105893 1110923 12576132 11496315 9434177 7896325 0 0 0 0 0 0 0 0 0 0 0 0 0 0 0 0 0 0 0 0 0 380 7307264 3175807 1753593 16136689 15638767 15576471 14507780 15011709 689192 16286798 364286 13890875 14538286 598170 16239967 15160515 16608470 1327891 896535 16428399 15586946 15930798 3006867 1110935 16580466 1440057 1115317 15250425 14462667 1614967 690560 14928028 16510823 16105893 1110923
B -283192 -283192 902185 902185 317483 317483 100309 100309 136229 136229 -869424 -869424 -206556 -206556 -1277422 -1277422 -228313 -228313 409845 409845 830942 830942 -86709 -86709 842638 842638 -184158 -184158 -250130 -250130 -883643 -883643
S 0 0 0 0 8323072 8323072 8323072 8323072 8323072 8323072 8323072 8323072 0 0 0 0 1358840 0 12453360 0 1348360 0 1358962 8122368 380 7307264 9007602 3650442 1768 8674688 9865731 1692557 15424784 16689531 753495 16689531 753495 14905804 15114056 8330989 9225566 13444968 7896325 0 0 0 0 0 0 0 0 0 0 0 0 0 0 0 0 0 0 0 0 0 380 7307264 16105893 1110923 386641 15257810 1189093 2419648 963269 306663 16452004 726451 206817 338102 15878523 14198214 15721512 229480 13697805 14746942 707493 15156472 730994 908387 2518653 805117 73888 16356493 1106540 2264015 103955 15936630 15455295 321403 14905804 15114056
B 911722 911722 -794059 -794059 644866 644866 -208662 -208662 1584168 1584168 433537 433537 339309 339309 58252 58252 583477 583477 -988873 -988873 -760392 -760392 -438636 -438636 73925 73925 -214608 -214608 263249 263249 1078748 1078748
S 0 0 0 0 8323072 8323072 8323072 8323072 8323072 8323072 8323072 8323072 0 0 0 0 1358328 0 12453360 0 1351626 0 1356758 991232 380 7307264 10809291 6569351 3182 10583616 12401168 2067791 1740998 1015822 1144572 1015822 1144572 2292542 2022453 7970966 8751001 347724 7896325 0 0 0 0 0 0 0 0 0 0 0 0 0 0 0 0 0 0 0 0 0 380 7307264 14905804 15114056 2630749 1016142 14310918 16067279 1289206 1290259 104195 15838373 2109261 4227412 2071270 16440095 1441868 16692586 892893 16117332 1029529 1304381 14413789 15185152 14918794 15594071 280774 14741898 614940 16457979 16476486 16219516 859042 193954 2292542 2022453
B 230149 230149 -238144 -238144 -1190491 -1190491 -6543 -6543 -1193574 -1193574 -280824 -280824 -293745 -293745 1202246 1202246 611271 611271 -288346 -288346 -333871 -333871 662351 662351 -1156844 -1156844 -663468 -663468 80594 80594 651471 651471
S 0 0 0 0 8323072 8323072 8323072 8323072 8323072 8323072 8323072 8323072 0 0 0 0 1357816 0 12453360 0 1363084 0 1351807 999424 380 7307264 13519542 15578182 16776635 1814144 15608861 1644053 16243968 2555754 1440576 2555754 1440576 1464876 1141008 7406711 9040702 5262891 7896325 0 0 0 0 0 0 0 0 0 0 0 0 0 0 0 0 0 0 0 0 0 380 7307264 2292542 2022453 93531 827066 15693728 130915 13978241 14814229 794366 15956678 14179478 14600659 15354107 299813 15223059 379180 2890633 1918351 986984 1458100 16706225 15694823 16381934 15837015 1391048 1258359 14398344 14528715 14679941 16220621 16418209 681385 1464876 1141008
B 616617 616617 58722 58722 1105919 1105919 -459808 -459808 264414 264414 -845388 -845388 -276531 -276531 113157 113157 -551558 -551558 -504992 -504992 -11467 -11467 -643642 -643642 1287705 1287705 375705 375705 881853 881853 -229596 -229596
S 0 0 0 0 8323072 8323072 8323072 8323072 8323072 8323072 8323072 8323072 0 0 0 0 1357304 0 12453360 0 1349966 0 1354235 13844480 380 7307264 16725744 8293032 4017 11687424 2162641 778127 2096478 15428396 853706 15428396 853706 15922982 16713067 7665898 9930539 735749 7896325 0 0 0 0 0 0 0 0 0 0 0 0 0 0 0 0 0 0 0 0 0 380 7307264 1464876 1141008 2013187 453284 16419914 592191 2110283 2313393 14869598 68386 1296680 16538195 15558029 14614852 15357629 313465 1847538 15382308 14712887 16635313 15921241 15613224 16267784 463566 15446274 15533590 2756646 2394176 1416377 86446 1001417 2525997 15922982 16713067
B 774975 774975 355172 355172 -1323459 -1323459 -320114 -320114 885216 885216 1072901 1072901 407548 407548 906826 906826 715954 715954 336849 336849 -1026380 -1026380 -389786 -389786 -846230 -846230 -973885 -973885 -434688 -434688 -175731 -175731
S 0 0 0 0 8323072 8323072 8323072 8323072 8323072 8323072 8323072 8323072 0 0 0 0 1356792 0 12453360 0 1361424 0 1352773 15368192 380 7307264 3162567 8434205 16773174 1513664 5194998 947729 15356287 15806683 1814623 15806683 1814623 15532578 541715 3450016 12493639 15183843 7896325 0 0 0 0 0 0 0 0 0 0 0 0 0 0 0 0 0 0 0 0 0 380 7307264 15922982 16713067 1043697 2056206 1693921 16503983 14045013 14215584 16341090 15932886 2351086 1189779 1939773 2351834 387434 1242760 1444333 2182974 1881668 982149 1292861 54537 14432370 15016545 106256 15111817 14506831 15662681 14978185 14680708 81795 14956670 15532578 541715
B 577577 577577 150338 150338 491608 491608 220379 220379 132720 132720 -562422 -562422 1141054 1141054 -1360109 -1360109 -920588 -920588 -317422 -317422 890195 890195 358236 358236 -106795 -106795 284222 284222 137080 137080 -322775 -322775
S 0 0 0 0 8323072 8323072 8323072 8323072 8323072 8323072 8323072 8323072 0 0 0 0 1356280 0 12453360 0 1356498 0 1354788 888832 380 7307264 5895133 14030071 16775885 1679936 7498563 14682513 15760293 13835297 14437072 13835297 14437072 15433587 52531 6880618 15714485 9488087 7896325 0 0 0 0 0 0 0 0 0 0 0 0 0 0 0 0 0 0 0 0 0 380 7307264 15532578 541715 1682854 627454 1070404 16308166 16632266 2111384 1505122 16153611 16270789 1037310 16215092 15089654 1498792 3065424 13941926 14172071 14702122 15169961 16269490 16015256 2019282 1541499 1626356 16583804 16249079 100960 16398638 1515468 714702 16610837 15433587 52531
B -1309435 -1309435 534158 534158 -1089895 -1089895 1032109 1032109 -154926 -154926 -852171 -852171 -319260 -319260 433442 433442 1111461 1111461 468956 468956 87440 87440 -250479 -250479 -92360 -92360 -1439744 -1439744 -537895 -537895 -939951 -939951
S 0 0 0 0 8323072 8323072 8323072 8323072 8323072 8323072 8323072 8323072 0 0 0 0 1355768 0 12453360 0 1351572 0 1355945 16183296 380 7307264 7730219 950186 460 5592448 8034505 15593230 14711578 15204798 15504762 15204798 15504762 14748800 15045829 6879242 2263366 10651278 7896325 0 0 0 0 0 0 0 0 0 0 0 0 0 0 0 0 0 0 0 0 0 380 7307264 15433587 52531 14484661 13832031 2200684 16713167 14185842 15009010 2566966 1561470 253058 15904457 16169526 13976225 16068052 16209343 2147528 16363457 2207504 2238343 346827 1529000 826069 16300909 15701852 73449 16123461 284316 14831148 12964311 14981902 16420952 14748800 15045829
B -495272 -495272 -732763 -732763 83805 83805 146321 146321 8699 8699 975573 975573 627273 627273 54801 54801 -763899 -763899 327800 327800 -241514 -241514 334600 334600 547299 547299 700993 700993 498356 498356 44609 44609
S 0 0 0 0 8323072 8323072 8323072 8323072 8323072 8323072 8323072 8323072 0 0 0 0 1355256 0 12453360 0 1354838 0 1356572 7512064 380 7307264 8388449 10923419 16774380 522560 7746037 14710161 15359053 799541 98392 799541 98392 285446 16670206 7426707 5280901 9636764 7896325 0 0 0 0 0 0 0 0 0 0 0 0 0 0 0 0 0 0 0 0 0 380 7307264 14748800 15045829 16323270 15250077 16075367 14548016 16224052 888387 317753 267532 622774 16189240 248841 3653454 2686719 16599591 369895 16626525 15465859 15032980 1181390 129812 15636509 174652 16568621 1546996 2109223 79976 16423907 3157284 2437974 16332668 285446 16670206
B -661105 -661105 -826054 -826054 577741 577741 64474 64474 -217030 -217030 1097103 1097103 -10064 -10064 -166696 -166696 856054 856054 42943 42943 -117916 -117916 -1281951 -1281951 -26048 -26048 -209600 -209600 251715 251715 -40467 -40467
S 0 0 0 0 8323072 8323072 8323072 8323072 8323072 8323072 8323072 8323072 0 0 0 0 1354744 0 12453360 0 1358104 0 1352929 13447168 380 7307264 7769614 15229118 16776465 16748672 6911484 465134 1710223 1108382 2271457 1108382 2271457 16768456 16624108 14368780 7551651 13131047 7896325 0 0 0 0 0 0 0 0 0 0 0 0 0 0 0 0 0 0 0 0 0 380 7307264 285446 16670206 14941258 15968757 15300194 14950022 1112186 1198779 16500561 534554 16528772 16157543 1250112 3138301 795195 15941767 15209933 900501 994109 2430109 16628065 320926 16463631 16619139 14677059 13749572 1245032 15427995 16695713 16020322 1264524 16519553 16768456 16624108
B 1266216 1266216 350182 350182 558844 558844 -599534 -599534 1063477 1063477 -907067 -907067 -840612 -840612 123228 123228 789417 789417 -57836 -57836 117572 117572 1376390 1376390 94468 94468 587735 587735 -4035 -4035 885740 885740
S 0 0 0 0 8323072 8323072 8323072 8323072 8323072 8323072 8323072 8323072 0 0 0 0 1354232 0 12453360 0 1353178 0 1356111 11198464 380 7307264 5967925 12084707 16774942 10676032 4376048 14834373 14710086 917287 773797 917287 773797 815662 2727301 10144551 8026214 9324550 7896325 0 0 0 0 0 0 0 0 0 0 0 0 0 0 0 0 0 0 0 0 0 380 7307264 16768456 16624108 1699985 3364882 1077527 323201 1897164 338214 15036754 16119543 2000357 2253554 14281030 15645135 15320184 14871801 423234 69678 1344522 1813147 546530 15999343 675079 16572428 2200066 3305497 16227724 927364 2079715 271228 427570 16333507 815662 2727301
B -1008541 -1008541 -60941 -60941 267126 267126 -989301 -989301 183961 183961 477114 477114 670062 670062 445728 445728 93141 93141 554035 554035 509052 509052 -1210022 -1210022 93315 93315 -683393 -683393 -689725 -689725 -691743 -691743
S 0 0 0 0 8323072 8323072 8323072 8323072 8323072 8323072 8323072 8323072 0 0 0 0 1353720 0 12453360 0 1356444 0 1352845 1089536 380 7307264 3257674 1077920 522 3627008 1168355 16118290 2081321 15766838 15262098 15766838 15262098 15746520 15040943 8738164 7736513 2090127 7896325 0 0 0 0 0 0 0 0 0 0 0 0 0 0 0 0 0 0 0 0 0 380 7307264 815662 2727301 14870331 14649937 16424679 108776 1257871 16587850 15831757 13765473 16279993 1233067 1292057 616402 1129887 1550362 16371994 2188135 16767244 382537 1673675 542466 1976737 59473 13820555 14893790 1000534 16149943 13801844 241803 15425057 15370478 15746520 15040943
B 243305 243305 817309 817309 31258 31258 -348162 -348162 -57905 -57905 412656 412656 -497714 -497714 1462648 1462648 -758116 -758116 -839690 -839690 52891 52891 849849 849849 216813 216813 260639 260639 991553 991553 296266 296266
S 0 0 0 0 8323072 8323072 8323072 8323072 8323072 8323072 8323072 8323072 0 0 0 0 1353208 0 12453360 0 1351518 0 1357164 7565312 380 7307264 51472 8023652 3887 3204864 14614575 16085581 14682126 1201889 842314 1201889 842314 613966 571098 15345819 6846677 4569955 7896325 0 0 0 0 0 0 0 0 0 0 0 0 0 0 0 0 0 0 0 0 0 380 7307264 15746520 15040943 97196 876025 2100146 1169092 907699 15994551 14825450 559119 869892 15675707 676520 974105 16147383 15416194 1933826 3916769 15908203 14613767 14911484 15284190 16264604 724179 1642320 1757077 236971 630284 524749 517809 1331927 2634285 613966 571098
B -447624 -447624 -1340113 -1340113 -382491 -382491 -878735 -878735 -411340 -411340 -573320 -573320 -121473 -121473 -501202 -501202 542623 542623 734607 734607 -197129 -197129 1030439 1030439 -148364 -148364 225724 225724 -846400 -846400 -338369 -338369
S 0 0 0 0 8323072 8323072 8323072 8323072 8323072 8323072 8323072 8323072 0 0 0 0 1352696 0 12453360 0 1354784 0 1359645 10018816 380 7307264 13614649 10183928 16774021 12960256 11582218 14999682 1390821 14636933 14806357 14636933 14806357 14794146 629594 8572020 4283577 9068221 7896325 0 0 0 0 0 0 0 0 0 0 0 0 0 0 0 0 0 0 0 0 0 380 7307264 613966 571098 15945049 15818888 14309084 13884897 16469522 15554948 15446776 14592718 15174568 16734505 15218562 16042590 1365826 14925501 15059591 16490035 2018002 152491 1115072 1823359 16231032 16534884 2282562 1839197 16733226 16227750 16712357 967758 16007023 14161811 14794146 629594
ENDSET
SET 3 A=16000
P 127 64 64 64 64 64 64 64
B 1160 1160 36445 36445 213463 213463 562736 562736 931244 931244 1012844 1012844 537481 537481 -355548 -355548 -1010659 -1010659 -547192 -547192 699163 699163 822069 822069 -591353 -591353 -663471 -663471 870452 870452 -31900 -31900
S 0 0 0 0 8323072 4194304 4194304 4194304 4194304 4194304 4194304 4194304 0 0 0 0 1355676 6291456 801568 12582912 1353472 0 1353130 7181824 1486 1281024 10310629 6422828 1568 1228800 80023 14759628 16531795 16225367 15187940 16225367 15187940 16718177 16708657 465612 102376 1010923 8388606 0 0 0 0 0 0 0 0 0 0 0 0 0 0 0 0 0 0 0 0 0 1486 1281024 0 0 0 4640 66388 79392 424579 429275 1120158 1130787 1864649 1860329 2026130 2025248 1078380 1071545 16072949 16059292 14757428 14754368 15673213 15692454 1407406 1389249 1638319 1649959 15601984 15587038 15446541 15454009 1740694 1741116 16718177 16708657
B -758577 -758577 910493 910493 -537074 -537074 -84255 -84255 632292 632292 -969148 -969148 954209 954209 -651531 -651531 191985 191985 327943 327943 -767050 -767050 1050235 1050235 -1072945 -1072945 705649 705649 -106645 -106645 -580748 -580748
S 0 0 0 0 8323072 4194304 4194304 4194304 4194304 4194304 4194304 4194304 0 0 0 0 1356724 6291456 801568 12582912 1355264 0 1357160 2741760 1486 1281024 8442324 10510083 16775685 15740928 16345717 2075682 386107 16451321 1233888 16451321 1233888 15612413 15619027 591510 15980686 311327 8388606 0 0 0 0 0 0 0 0 0 0 0 0 0 0 0 0 0 0 0 0 0 1486 1281024 16718177 16708657 15248064 15272063 1861947 1780028 15670653 15735483 16626420 16590993 1245910 1283258 14880211 14797632 1875289 1941549 15478200 15470111 390697 377244 654851 656922 15250757 15235476 2080108 2120832 14672920 14589733 1370184 1452414 16571067 16556785 15612413 15619027
B 1011444 1011444 -991353 -991353 567126 567126 110219 110219 -687081 -687081 997634 997634 -911500 -911500 489367 489367 49596 49596 -601603 -601603 987568 987568 -1067601 -1067601 781504 781504 -136590 -136590 -551533 -551533 1019365 1019365
S 0 0 0 0 8323072 4194304 4194304 4194304 4194304 4194304 4194304 4194304 0 0 0 0 1357772 6291456 801568 12582912 1357056 0 1352032 12518912 1486 1281024 11675448 16179363 16777070 667648 171680 15059363 15048968 1600301 196689 1600301 196689 2049096 2028367 516907 16216396 595663 8388606 0 0 0 0 0 0 0 0 0 0 0 0 0 0 0 0 0 0 0 0 0 1486 1281024 15612413 15619027 2038917 2006862 14760513 14828507 1163109 1105395 212313 228564 15402793 15403318 1975541 2014995 14982705 14925727 964719 992752 82169 116217 15606978 15541042 1960361 1989911 14642712 14641318 1536738 1589281 16546014 16462061 15644350 15703951 2049096 2028367
B -990709 -990709 488406 488406 212445 212445 -840419 -840419 1029341 1029341 -743368 -743368 109394 109394 562260 562260 -957551 -957551 994362 994362 -588235 -588235 -38167 -38167 635819 635819 -1017200 -1017200 991093 991093 -582381 -582381
S 0 0 0 0 8323072 4194304 4194304 4194304 4194304 4194304 4194304 4194304 0 0 0 0 1358820 6291456 801568 12582912 1358848 0 1354412 13092352 1486 1281024 1253930 10679654 16775727 5660672 699901 16113577 1613363 14983503 14712954 14983503 14712954 15608142 15616767 422829 45426 16761521 8388606 0 0 0 0 0 0 0 0 0 0 0 0 0 0 0 0 0 0 0 0 0 1486 1281024 2049096 2028367 14800499 14791100 989344 964283 385885 463896 15132230 15060529 2041722 2075642 15291983 15288978 212668 224910 1149192 1099851 14836174 14888054 1982790 1994659 15623702 15577791 16683503 16718261 1268739 1274540 14757757 14727875 1974448 1989925 15608142 15616767
B -135981 -135981 788461 788461 -1072308 -1072308 826431 826431 -139647 -139647 -554823 -554823 975581 975581 -915964 -915964 462856 462856 178205 178205 -777088 -777088 1029756 1029756 -912832 -912832 449736 449736 236804 236804 -835696 -835696
S 0 0 0 0 8323072 4194304 4194304 4194304 4194304 4194304 4194304 4194304 0 0 0 0 1359868 6291456 801568 12582912 1360640 0 1356563 4601344 1486 1281024 6842150 12387600 16776144 5308416 801013 2047882 1170147 15798836 631069 15798836 631069 15097778 15113872 362159 625019 313404 8388606 0 0 0 0 0 0 0 0 0 0 0 0 0 0 0 0 0 0 0 0 0 1486 1281024 15608142 15616767 16493021 16517489 1610412 1543435 14603559 14661644 1669485 1636240 16502601 16493243 15663742 15671400 1935517 1966809 14967483 14923093 919565 931859 350985 361838 15226383 15219700 2081346 2037680 14912328 14990778 915699 883248 484930 462289 15097778 15113872
B 1098290 1098290 -812702 -812702 142826 142826 574869 574869 -988259 -988259 893564 893564 -437198 -437198 -204682 -204682 763475 763475 -1024830 -1024830 927345 927345 -461326 -461326 -139726 -139726 737163 737163 -1070395 -1070395 950088 950088
S 0 0 0 0 8323072 4194304 4194304 4194304 4194304 4194304 4194304 4194304 0 0 0 0 1352724 6291456 801568 12582912 1354240 0 1359303 9737728 1486 1281024 8242584 5028041 1227 9211904 411912 16175824 14684226 2078939 1529969 2078939 1529969 1903908 1896445 302592 822113 627411 8388606 0 0 0 0 0 0 0 0 0 0 0 0 0 0 0 0 0 0 0 0 0 1486 1281024 15097778 15113872 2192579 2200584 15160819 15142807 282735 288572 1127928 1171551 14823359 14778038 1783638 1790618 15890147 15915494 16381953 16353752 1528871 1525030 14718767 14736345 1844392 1864990 15873404 15835727 16504523 16491006 1452830 1495824 14655416 14617436 1903908 1896445
B -473303 -473303 -254180 -254180 863189 863189 -1064580 -1064580 727167 727167 -11895 -11895 -675693 -675693 1035424 1035424 -841510 -841510 260769 260769 427811 427811 -927513 -927513 1002690 1002690 -676130 -676130 52079 52079 564395 564395
S 0 0 0 0 8323072 4194304 4194304 4194304 4194304 4194304 4194304 4194304 0 0 0 0 1353772 6291456 801568 12582912 1356032 0 1353321 12428800 1486 1281024 4598085 8393605 16775169 3690496 16547916 14780161 18277 331895 15405966 331895 15405966 1153080 1104500 622787 516029 257870 8388606 0 0 0 0 0 0 0 0 0 0 0 0 0 0 0 0 0 0 0 0 0 1486 1281024 1903908 1896445 15802504 15858716 16290270 16247442 1730237 1722520 14641029 14655085 1452505 1456164 16763709 16743144 15416169 15435491 2057166 2084533 15120536 15067859 512230 530847 843794 867451 14933993 14910387 2005208 2005555 15411183 15438732 100264 108054 1153080 1104500
B -945561 -945561 1014279 1014279 -683718 -683718 125574 125574 463964 463964 -899874 -899874 1012723 1012723 -847948 -847948 413775 413775 134022 134022 -607339 -607339 964477 964477 -1064654 -1064654 861964 861964 -360363 -360363 -331810 -331810
S 0 0 0 0 8323072 4194304 4194304 4194304 4194304 4194304 4194304 4194304 0 0 0 0 1354820 6291456 801568 12582912 1357824 0 1357517 6817280 1486 1281024 14916512 15450970 16776892 3514368 16047049 1882673 16538644 255256 1674309 255256 1674309 16062919 16164276 322170 16671322 538424 8388606 0 0 0 0 0 0 0 0 0 0 0 0 0 0 0 0 0 0 0 0 0 1486 1281024 1153080 1104500 14869889 14902300 2014612 2042505 15438344 15381218 236191 266108 922138 933719 14978760 14976177 2047872 2003021 15068115 15094526 820490 834610 282910 253180 15570106 15554972 1890850 1967059 14683585 14612232 1712053 1735804 16081922 16031058 16062919 16164276
B 888182 888182 -1097922 -1097922 794849 794849 -138594 -138594 -555983 -555983 1014672 1014672 -930910 -930910 393719 393719 341773 341773 -885277 -885277 1009251 1009251 -721969 -721969 52633 52633 646884 646884 -1068140 -1068140 933932 933932
S 0 0 0 0 8323072 4194304 4194304 4194304 4194304 4194304 4194304 4194304 0 0 0 0 1355868 6291456 801568 12582912 1359616 0 1358868 15992320 1486 1281024 9596580 13005603 16776295 3289088 15993086 48474 14837586 2068565 1820286 2068565 1820286 1865188 1870540 217822 16114212 179515 8388606 0 0 0 0 0 0 0 0 0 0 0 0 0 0 0 0 0 0 0 0 0 1486 1281024 16062919 16164276 1827403 1725328 14543577 14619168 1603761 1575635 16483521 16516536 15708156 15622345 1974849 2083839 14959354 14871438 764018 810860 695507 671587 14981308 15032017 2059732 1977272 15313862 15352694 92052 118482 1311847 1275692 14631949 14649926 1865188 1870540
B -282221 -282221 -493905 -493905 999226 999226 -907978 -907978 327903 327903 479534 479534 -1009851 -1009851 933368 933368 -363324 -363324 -400489 -400489 912248 912248 -982888 -982888 564070 564070 122194 122194 -719855 -719855 1061646 1061646
S 0 0 0 0 8323072 4194304 4194304 4194304 4194304 4194304 4194304 4194304 0 0 0 0 1356916 6291456 801568 12582912 1361408 0 1351817 11662848 1486 1281024 8671606 16198617 16777074 12423168 16419055 15263548 14894254 1836422 548819 1836422 548819 2106885 2139700 332935 15962898 344669 8388606 0 0 0 0 0 0 0 0 0 0 0 0 0 0 0 0 0 0 0 0 0 1486 1281024 1865188 1870540 16222500 16203050 15800699 15778113 1971562 2025344 14978025 14944496 656626 654987 950621 967515 14755859 14759170 1895868 1837605 16012414 16088724 15993381 15959095 1818683 1830309 14822034 14800849 1096610 1159671 290252 198524 15314066 15360949 2106885 2139700
B -901857 -901857 331404 331404 431534 431534 -979326 -979326 988461 988461 -517148 -517148 -223115 -223115 793916 793916 -993759 -993759 787183 787183 -247838 -247838 -356800 -356800 855643 855643 -1038627 -1038627 885919 885919 -443457 -443457
S 0 0 0 0 8323072 4194304 4194304 4194304 4194304 4194304 4194304 4194304 0 0 0 0 1357964 6291456 801568 12582912 1355008 0 1354475 9160192 1486 1281024 12707728 7066417 1725 3346432 287023 16118139 1658352 15104436 14699884 15104436 14699884 15873894 15906713 495844 16309993 1005212 8388606 0 0 0 0 0 0 0 0 0 0 0 0 0 0 0 0 0 0 0 0 0 1486 1281024 2106885 2139700 14992808 14954197 661730 663889 862358 863780 14816424 14820706 1996786 1957058 15714504 15771336 16339398 16322576 1597802 1577863 14785055 14794342 1564252 1584480 16307710 16255373 16052100 16075134 1706334 1716238 14688840 14711085 1802354 1741322 15873894 15906713
B -217828 -217828 816898 816898 -1092933 -1092933 892832 892832 -268842 -268842 -435155 -435155 929170 929170 -965884 -965884 603742 603742 -21543 -21543 -587480 -587480 944352 944352 -1000863 -1000863 747666 747666 -254413 -254413 -335125 -335125
S 0 0 0 0 8323072 4194304 4194304 4194304 4194304 4194304 4194304 4194304 0 0 0 0 1359012 6291456 801568 12582912 1356800 0 1357636 11990528 1486 1281024 2457393 10631267 16775715 8794112 756533 1779996 16355040 368458 1811617 368458 1811617 16112190 16101742 569048 165839 58763 8388606 0 0 0 0 0 0 0 0 0 0 0 0 0 0 0 0 0 0 0 0 0 1486 1281024 15873894 15906713 16335794 16347328 1655125 1612469 14562917 14619786 1792088 1779242 16236093 16242973 15924444 15889371 1828591 1888091 14865182 14825717 1211512 1203459 16719018 16749243 15592259 15612254 1914479 1862932 14759369 14791614 1496245 1494419 16271207 16265573 16112190 16101742
B 889954 889954 -1113041 -1113041 902800 902800 -297409 -297409 -455755 -455755 940428 940428 -988018 -988018 532863 532863 180219 180219 -807959 -807959 1051804 1051804 -777720 -777720 204155 204155 465701 465701 -945367 -945367 1018218 1018218
S 0 0 0 0 8323072 4194304 4194304 4194304 4194304 4194304 4194304 4194304 0 0 0 0 1351868 6291456 801568 12582912 1358592 0 1359643 525824 1486 1281024 7480209 11790470 16775998 8937472 763001 15730837 14709632 2072579 1119727 2072579 1119727 2027516 2045359 489834 697398 257104 8388606 0 0 0 0 0 0 0 0 0 0 0 0 0 0 0 0 0 0 0 0 0 1486 1281024 16112190 16101742 1764447 1795370 14543500 14558771 1842649 1768551 16153386 16211410 15876546 15854866 1886640 1875075 14804607 14797754 1038787 1092668 390925 329952 15149384 15173213 2104970 2102246 15211489 15232065 441009 375614 882768 980036 14914594 14858373 2027516 2045359
B -668427 -668427 -1070 -1070 655370 655370 -1032025 -1032025 938111 938111 -432543 -432543 -196434 -196434 754353 754353 -993920 -993920 883066 883066 -509140 -509140 -32156 -32156 518159 518159 -910932 -910932 1079948 1079948 -925457 -925457
S 0 0 0 0 8323072 4194304 4194304 4194304 4194304 4194304 4194304 4194304 0 0 0 0 1352916 6291456 801568 12582912 1360384 0 1355404 4924928 1486 1281024 7924709 10951131 16775793 10334208 302469 768306 2094234 14654378 15336403 14654378 15336403 14945556 14907050 498231 802110 218992 8388606 0 0 0 0 0 0 0 0 0 0 0 0 0 0 0 0 0 0 0 0 0 1486 1281024 2027516 2045359 15458802 15421924 16746703 26233 1339532 1281949 14698285 14728047 1871068 1881378 15905972 15918290 16417587 16351112 1474129 1543284 14807122 14771633 1769177 1763088 15763739 15754135 16689398 16736411 1037327 1035311 14993670 14917037 2121179 2198614 14945556 14907050
B 477234 477234 181218 181218 -775774 -775774 1062471 1062471 -928497 -928497 400580 400580 271953 271953 -867271 -867271 1059709 1059709 -742586 -742586 114340 114340 571057 571057 -968954 -968954 967024 967024 -561504 -561504 -74901 -74901
S 0 0 0 0 8323072 4194304 4194304 4194304 4194304 4194304 4194304 4194304 0 0 0 0 1353964 6291456 801568 12582912 1353984 0 1358056 8365568 1486 1281024 3518836 2490438 608 286720 16434025 1437794 15750825 704643 1970666 704643 1970666 16596591 16658237 431374 415884 696005 8388606 0 0 0 0 0 0 0 0 0 0 0 0 0 0 0 0 0 0 0 0 0 1486 1281024 14945556 14907050 938182 970756 383762 341110 15181241 15270098 2165100 2084786 14902851 14937593 812054 790266 515663 572152 15084667 15000682 2079737 2159102 15300273 15283817 242627 214735 1139934 1144296 14830161 14848458 1942426 1925673 15667496 15640922 16596591 16658237
B 639325 639325 -1025957 -1025957 1002303 1002303 -572126 -572126 -140924 -140924 813872 813872 -1061644 -1061644 801654 801654 -120308 -120308 -573608 -573608 963243 963243 -928042 -928042 469802 469802 139983 139983 -699118 -699118 998154 998154
S 0 0 0 0 8323072 4194304 4194304 4194304 4194304 4194304 4194304 4194304 0 0 0 0 1355012 6291456 801568 12582912 1355776 0 1352457 13022720 1486 1281024 13736449 13884644 16776509 13516800 15998417 14824544 15490567 1601875 16746314 1601875 16746314 2002645 1989971 562618 16552330 211749 8388606 0 0 0 0 0 0 0 0 0 0 0 0 0 0 0 0 0 0 0 0 0 1486 1281024 16596591 16658237 1287105 1270196 14758000 14692606 1971698 2037516 15645176 15620752 16482598 16508140 1644274 1611217 14620667 14687192 1638462 1568154 16524359 16548841 15624243 15635759 1924003 1928972 14939291 14902974 906807 972403 293821 266114 15384192 15373768 2002645 1989971
ENDSET
SET 4 A=2048
P 0 64 64 64 64 64 64 64
B 148 148 4531 4531 19081 19081 15795 15795 -10549 -10549 -37047 -37047 -78610 -78610 -74264 -74264 -16667 -16667 55427 55427 134864 134864 240294 240294 374419 374419 557989 557989 737860 737860 908328 908328
S 0 0 0 0 0 4194304 4194304 4194304 4194304 4194304 4194304 4194304 0 0 0 0 1356711 6291456 2283638 12582912 1351775 0 1353663 16515072 190 3653632 9980965 8386386 2047 7675904 16458885 1962147 2049090 1841001 1884688 1841001 1884688 1817034 1816279 91046 16605281 281103 8388606 0 0 0 0 0 0 0 0 0 0 0 0 0 0 0 0 0 0 0 0 0 190 3653632 0 0 0 594 8513 9613 35770 40557 30400 32781 16758742 16753495 16699736 16706511 16627663 16612330 16626373 16631004 16746480 16741287 117356 104355 276461 262996 483260 477919 755765 741913 1119904 1112054 1479544 1471897 1817034 1816279
B 1020453 1020453 1042586 1042586 955616 955616 741051 741051 437833 437833 136307 136307 -131119 -131119 -364895 -364895 -584049 -584049 -765227 -765227 -906522 -906522 -1007175 -1007175 -1042886 -1042886 -1035180 -1035180 -948835 -948835 -815362 -815362
S 0 0 0 0 0 4194304 4194304 4194304 4194304 4194304 4194304 4194304 0 0 0 0 1352319 6291456 2283638 12582912 1351870 0 1359292 11444224 190 3653632 7728655 8314868 2029 16728064 16671759 15372375 15620607 15175816 15234650 15175816 15234650 15139613 15153372 16760807 694747 218583 8388606 0 0 0 0 0 0 0 0 0 0 0 0 0 0 0 0 0 0 0 0 0 190 3653632 1817034 1816279 2042187 2039625 2084978 2085366 1912009 1910456 1483356 1480851 877518 873817 277489 267741 16518257 16511700 16052933 16041922 15614387 15603852 15247927 15245598 14970219 14958127 14760187 14765546 14696215 14686673 14701248 14712467 14882386 14876707 15139613 15153372
B -597740 -597740 -324240 -324240 -3317 -3317 330340 330340 612959 612959 815161 815161 921946 921946 998601 998601 1036650 1036650 1047465 1047465 1029344 1029344 970967 970967 885652 885652 752580 752580 591129 591129 383062 383062
S 0 0 0 0 0 4194304 4194304 4194304 4194304 4194304 4194304 4194304 0 0 0 0 1356119 6291456 2283638 12582912 1351965 0 1355795 15835136 190 3653632 8512797 8350697 2038 12488704 18398 504853 261340 729679 643922 729679 643922 760852 771396 16770303 16003612 238411 8388606 0 0 0 0 0 0 0 0 0 0 0 0 0 0 0 0 0 0 0 0 0 190 3653632 15139613 15153372 15585522 15577952 16121270 16136204 16775783 16765384 652488 668873 1231269 1220569 1623081 1637566 1852006 1835778 1991225 2003181 2080303 2066300 2088503 2101358 2064162 2053217 1935019 1948851 1775056 1767555 1498178 1512142 1185069 1179450 760852 771396
B 138061 138061 -138584 -138584 -432653 -432653 -686603 -686603 -896785 -896785 -998499 -998499 -1045150 -1045150 -1045320 -1045320 -1026506 -1026506 -980757 -980757 -910607 -910607 -820028 -820028 -698496 -698496 -554976 -554976 -381193 -381193 -180776 -180776
S 0 0 0 0 0 4194304 4194304 4194304 4194304 4194304 4194304 4194304 0 0 0 0 1351727 6291456 2283638 12582912 1352060 0 1351913 6070272 190 3653632 8376039 8330158 2033 12247040 133243 16672610 140724 16437401 16507198 16437401 16507198 16415481 16415850 16640808 794943 233589 8388606 0 0 0 0 0 0 0 0 0 0 0 0 0 0 0 0 0 0 0 0 0 190 3653632 760852 771396 281457 270788 16495850 16504246 15919200 15904622 15398722 15409300 14990612 14976682 14774331 14786107 14690966 14682868 14683218 14689936 14728063 14720348 14813915 14817491 14960429 14951575 15136623 15137699 15384734 15375717 15668123 15666408 16018781 16010881 16415481 16415850
B 46911 46911 303812 303812 551389 551389 787868 787868 939987 939987 1036176 1036176 1044330 1044330 1041321 1041321 1003177 1003177 948365 948365 861398 861398 742837 742837 599280 599280 422679 422679 224452 224452 3777 3777
S 0 0 0 0 0 4194304 4194304 4194304 4194304 4194304 4194304 4194304 0 0 0 0 1355527 6291456 2283638 12582912 1352155 0 1356259 12451840 190 3653632 8719423 8314868 2029 16728064 16510816 16524773 16285659 16738355 16662400 16738355 16662400 6405 8704 16712575 16064683 262494 8388606 0 0 0 0 0 0 0 0 0 0 0 0 0 0 0 0 0 0 0 0 0 190 3653632 16415481 16415850 94965 92682 604820 610429 1104208 1101348 1571739 1579734 1882675 1877273 2069509 2075195 2090915 2086405 2080598 2084687 2006836 2005875 1894152 1899310 1722176 1723417 1482251 1489098 1197006 1200115 841995 848723 446377 451434 6405 8704
B -238673 -238673 -482529 -482529 -723842 -723842 -903227 -903227 -1028385 -1028385 -1044344 -1044344 -1024777 -1024777 -963107 -963107 -897111 -897111 -807672 -807672 -704528 -704528 -582870 -582870 -438003 -438003 -281542 -281542 -102971 -102971 90514 90514
S 0 0 0 0 0 4194304 4194304 4194304 4194304 4194304 4194304 4194304 0 0 0 0 1359327 6291456 2283638 12582912 1352250 0 1352215 15167488 190 3653632 7326009 7645298 1866 8855552 345634 419442 636693 191091 274194 191091 274194 179690 182366 16625744 557094 182095 8388606 0 0 0 0 0 0 0 0 0 0 0 0 0 0 0 0 0 0 0 0 0 190 3653632 6405 8704 16299609 16300134 15813166 15811150 15330794 15328273 14970491 14971035 14722023 14718871 14687548 14689510 14726676 14728651 14850177 14851827 14978831 14987158 15160769 15162975 15362746 15373576 15609140 15613812 15895330 15907092 16211135 16217130 16564440 16578108 179690 182366
B 298054 298054 522880 522880 726926 726926 912091 912091 1012143 1012143 1056771 1056771 1016966 1016966 973791 973791 898290 898290 817834 817834 715395 715395 595154 595154 456566 456566 292934 292934 118654 118654 -77555 -77555
S 0 0 0 0 0 4194304 4194304 4194304 4194304 4194304 4194304 4194304 0 0 0 0 1354935 6291456 2283638 12582912 1352345 0 1356305 3342336 190 3653632 10558968 7364465 1797 16191488 16287296 16407088 16183005 16583158 16517711 16583158 16517711 16629044 16615169 16624278 16329159 150682 8388606 0 0 0 0 0 0 0 0 0 0 0 0 0 0 0 0 0 0 0 0 0 190 3653632 179690 182366 591105 601114 1047239 1044282 1450520 1457185 1825714 1822651 2022246 2026329 2115387 2111697 2032440 2035425 1952182 1942984 1795846 1797314 1642024 1629315 1430975 1430606 1197290 1183326 914844 911423 592888 578850 239784 234835 16629044 16615169
B -286993 -286993 -504119 -504119 -721496 -721496 -892545 -892545 -1019172 -1019172 -1044216 -1044216 -1026397 -1026397 -958499 -958499 -892244 -892244 -792316 -792316 -672338 -672338 -517494 -517494 -332923 -332923 -127726 -127726 99945 99945 325952 325952
S 0 0 0 0 0 4194304 4194304 4194304 4194304 4194304 4194304 4194304 0 0 0 0 1358735 6291456 2283638 12582912 1352440 0 1352591 13905920 190 3653632 4791356 8314868 2029 16728064 620314 929300 1142877 673364 763566 673364 763566 657358 646451 16734453 326216 310512 8388606 0 0 0 0 0 0 0 0 0 0 0 0 0 0 0 0 0 0 0 0 0 190 3653632 16629044 16615169 16202402 16204061 15774068 15763888 15331312 15337137 14996317 14987938 14735960 14741784 14691815 14685753 14721066 14727780 14864333 14856105 14988552 14996906 15199400 15185769 15430339 15434741 15749295 15735164 16110238 16112503 16528302 16515226 199455 200326 657358 646451
B 556773 556773 769786 769786 935469 935469 1039385 1039385 1030161 1030161 942057 942057 776302 776302 626313 626313 461460 461460 295276 295276 127240 127240 -53680 -53680 -227650 -227650 -414202 -414202 -582082 -582082 -747558 -747558
S 0 0 0 0 0 4194304 4194304 4194304 4194304 4194304 4194304 4194304 0 0 0 0 1354343 6291456 2283638 12582912 1352535 0 1357265 11292672 190 3653632 13658648 8327086 2032 16441344 16113792 15133996 14994573 15250965 15219205 15250965 15219205 15285215 15278986 16622401 16639809 276221 8388606 0 0 0 0 0 0 0 0 0 0 0 0 0 0 0 0 0 0 0 0 0 190 3653632 657358 646451 1110151 1116941 1543759 1535387 1865284 1876594 2083972 2073571 2054957 2065687 1890387 1877844 1545013 1560195 1256859 1248393 912930 932910 594952 586152 244034 264928 16673628 16666087 16312500 16331333 15951730 15945895 15605297 15620808 15285215 15278986
B -882534 -882534 -991597 -991597 -1047477 -1047477 -1019204 -1019204 -912373 -912373 -708995 -708995 -490058 -490058 -286838 -286838 -112718 -112718 61950 61950 243087 243087 410312 410312 585761 585761 732221 732221 872853 872853 969061 969061
S 0 0 0 0 0 4194304 4194304 4194304 4194304 4194304 4194304 4194304 0 0 0 0 1358143 6291456 2283638 12582912 1352630 0 1353674 3575808 190 3653632 1285729 8340979 2036 6238208 860709 2029401 2072376 1948601 1982846 1948601 1982846 1944598 1931648 16694612 112038 282420 8388606 0 0 0 0 0 0 0 0 0 0 0 0 0 0 0 0 0 0 0 0 0 190 3653632 15285215 15278986 15006514 15017785 14799655 14788392 14676239 14688286 14744840 14732777 14945318 14959625 15365036 15353416 15791792 15802410 16211733 16195349 16547199 16556363 135403 112397 480890 491461 831446 809803 1166814 1176231 1473183 1455704 1741516 1749898 1944598 1931648
B 1035339 1035339 1044556 1044556 986824 986824 851318 851318 624500 624500 347507 347507 58102 58102 -164950 -164950 -341742 -341742 -505489 -505489 -642165 -642165 -783238 -783238 -883071 -883071 -980806 -980806 -1026683 -1026683 -1051356 -1051356
S 0 0 0 0 0 4194304 4194304 4194304 4194304 4194304 4194304 4194304 0 0 0 0 1353751 6291456 2283638 12582912 1352725 0 1358305 4546560 190 3653632 613093 5839956 1425 12926976 16032330 14697968 14746317 14679175 14686166 14679175 14686166 14676769 14672242 16598000 115557 50905 8388606 0 0 0 0 0 0 0 0 0 0 0 0 0 0 0 0 0 0 0 0 0 190 3653632 1944598 1931648 2065742 2075615 2094407 2083819 1968573 1978724 1709118 1696155 1244530 1253473 701348 688680 111851 120559 16456253 16438381 16093121 16094345 15775211 15757267 15492247 15493528 15218215 15203268 15009870 15012281 14820663 14810546 14721979 14725724 14676769 14672242
B -1017177 -1017177 -936009 -936009 -785897 -785897 -561351 -561351 -281751 -281751 35882 35882 326338 326338 537985 537985 691285 691285 806669 806669 906963 906963 970346 970346 1029094 1029094 1042483 1042483 1044040 1044040 996166 996166
S 0 0 0 0 0 4194304 4194304 4194304 4194304 4194304 4194304 4194304 0 0 0 0 1357551 6291456 2283638 12582912 1352820 0 1354526 9723904 190 3653632 14296764 5386066 1314 16064512 636425 1915843 1827377 1991017 1962452 1991017 1962452 1993302 1991364 16642759 16563416 16774669 8388606 0 0 0 0 0 0 0 0 0 0 0 0 0 0 0 0 0 0 0 0 0 190 3653632 14676769 14672242 14739760 14745966 14906306 14904091 15201771 15209076 15656043 15652987 16210008 16217420 72444 71087 649542 655811 1071163 1080779 1379441 1385699 1609674 1617003 1811808 1816047 1938933 1942451 2057120 2059256 2084676 2085256 2089056 2087105 1993302 1991364
B 919764 919764 789973 789973 606607 606607 368587 368587 78284 78284 -220290 -220290 -493689 -493689 -687861 -687861 -805699 -805699 -905764 -905764 -967526 -967526 -1028325 -1028325 -1042269 -1042269 -1042567 -1042567 -986190 -986190 -903049 -903049
S 0 0 0 0 0 4194304 4194304 4194304 4194304 4194304 4194304 4194304 0 0 0 0 1353159 6291456 2283638 12582912 1352915 0 1358970 4870144 190 3653632 4220511 4903593 1197 2789376 16248489 15107195 15270727 14990763 15029661 14990763 15029661 14965665 14976574 16585766 311352 16764913 8388606 0 0 0 0 0 0 0 0 0 0 0 0 0 0 0 0 0 0 0 0 0 190 3653632 1993302 1991364 1842153 1836903 1581129 1578766 1214922 1211508 738363 735988 157911 155226 16337193 16336080 15793203 15786474 15401588 15401401 15169315 15162322 14965025 14966352 14846881 14837450 14718912 14722223 14695266 14690091 14688898 14695268 14805761 14803911 14965665 14976574
B -765201 -765201 -585763 -585763 -354961 -354961 -76136 -76136 221515 221515 519389 519389 756444 756444 907633 907633 988677 988677 1027067 1027067 1051828 1051828 1038322 1038322 1018490 1018490 957775 957775 884512 884512 774075 774075
S 0 0 0 0 0 4194304 4194304 4194304 4194304 4194304 4194304 4194304 0 0 0 0 1356959 6291456 2283638 12582912 1353010 0 1355055 10301440 190 3653632 11033248 8387894 2047 13852672 344837 1399134 1272249 1531948 1483779 1531948 1483779 1540812 1555491 16563945 16299298 309696 8388606 0 0 0 0 0 0 0 0 0 0 0 0 0 0 0 0 0 0 0 0 0 190 3653632 14965665 14976574 15246816 15246813 15600308 15611072 16068200 16066389 16621195 16628695 443997 442066 1034966 1042593 1515318 1510461 1810643 1819890 1984596 1970113 2048234 2060037 2110086 2097228 2070408 2082880 2041700 2032262 1909061 1922042 1772580 1765468 1540812 1555491
B 638850 638850 468553 468553 254962 254962 10507 10507 -266618 -266618 -530055 -530055 -762648 -762648 -909545 -909545 -984124 -984124 -1030260 -1030260 -1043599 -1043599 -1048895 -1048895 -1020717 -1020717 -983271 -983271 -907268 -907268 -813629 -813629
S 0 0 0 0 0 4194304 4194304 4194304 4194304 4194304 4194304 4194304 0 0 0 0 1352567 6291456 2283638 12582912 1353105 0 1359083 12083200 190 3653632 6972636 8388123 2047 14790656 16507714 15288587 15432694 15170162 15196844 15170162 15196844 15147227 15152691 16461272 546156 298207 8388606 0 0 0 0 0 0 0 0 0 0 0 0 0 0 0 0 0 0 0 0 0 190 3653632 1540812 1555491 1281010 1274392 931107 943108 515102 504747 17695 24334 16249328 16238633 15714265 15719950 15257182 15246659 14952145 14964110 14813663 14804273 14710451 14722941 14695359 14684679 14674355 14684497 14741444 14730120 14807097 14814253 14968789 14956573 15147227 15152691
B -684109 -684109 -522371 -522371 -323998 -323998 -78799 -78799 184498 184498 464613 464613 701305 701305 878376 878376 966651 966651 1015751 1015751 1045745 1045745 1043632 1043632 1026820 1026820 962325 962325 872658 872658 729670 729670
S 0 0 0 0 0 4194304 4194304 4194304 4194304 4194304 4194304 4194304 0 0 0 0 1356367 6291456 2283638 12582912 1353200 0 1355207 2023424 190 3653632 8933754 3358187 819 14594048 127077 1279799 1099135 1442605 1370785 1442605 1370785 1457844 1460838 16677321 16102052 16652152 8388606 0 0 0 0 0 0 0 0 0 0 0 0 0 0 0 0 0 0 0 0 0 190 3653632 15147227 15152691 15415979 15402017 15728509 15736442 16134044 16124399 16613880 16625357 372109 365886 923965 934490 1405830 1399392 1752191 1761314 1937511 1929094 2025092 2037913 2097305 2085676 2081429 2093102 2060530 2046752 1921185 1928118 1753339 1737296 1457844 1460838
ENDSET
SET 5 A=9102
P 5 64 64 64 64 64 64 64
B 660 660 20711 20711 120937 120937 323002 323002 585771 585771 852970 852970 1026957 1026957 985682 985682 635041 635041 14878 14878 -679619 -679619 -1035197 -1035197 -610987 -610987 391556 391556 1031725 1031725 542205 542205
S 0 0 0 0 327680 4194304 4194304 4194304 4194304 4194304 4194304 4194304 0 0 0 0 1355623 1048576 4107658 2097152 1353949 0 1357683 14400192 845 6571408 3000625 5917977 1444 13733888 456912 16375568 15255548 909942 482393 909942 482393 1084043 1084777 136793 16729514 1007392 8388606 0 0 0 0 0 0 0 0 0 0 0 0 0 0 0 0 0 0 0 0 0 845 6571408 0 0 0 2640 37815 45031 241348 242402 646941 645069 1179371 1163713 1704575 1707306 2052324 2055506 1973868 1968861 1273030 1267136 35273 24242 15415567 15420392 14708897 14704748 15553614 15556871 783134 783092 2064546 2062354 1084043 1084777
B -630468 -630468 -953812 -953812 172406 172406 1056163 1056163 241919 241919 -942551 -942551 -673211 -673211 612449 612449 977910 977910 -104084 -104084 -1038390 -1038390 -315115 -315115 925484 925484 683129 683129 -626123 -626123 -949807 -949807
S 0 0 0 0 327680 4194304 4194304 4194304 4194304 4194304 4194304 4194304 0 0 0 0 1351851 1048576 4107658 2097152 1356218 0 1353177 4832448 845 6571408 11942056 7727718 1886 10903552 440620 16213530 883152 14985627 15316680 14985627 15316680 14878877 14876327 376017 16386057 968588 8388606 0 0 0 0 0 0 0 0 0 0 0 0 0 0 0 0 0 0 0 0 0 845 6571408 1084043 1084777 15509133 15523427 14872203 14866983 348886 340738 2109453 2115202 484738 482941 14890846 14893385 15433579 15428010 1229916 1219882 1954082 1957559 16567208 16570889 14702211 14698662 16146759 16147216 1856941 1844997 1361732 1370784 15520080 15529863 14878877 14876327
B 231457 231457 1039874 1039874 53400 53400 -1037875 -1037875 -326685 -326685 934776 934776 654673 654673 -685587 -685587 -868273 -868273 477132 477132 986926 986926 -232667 -232667 -1050244 -1050244 -98000 -98000 1007911 1007911 335156 335156
S 0 0 0 0 327680 4194304 4194304 4194304 4194304 4194304 4194304 4194304 0 0 0 0 1356271 1048576 4107658 2097152 1358487 0 1358595 7827136 845 6571408 6372631 12553230 16776184 12640256 16328651 15480265 14707648 397504 16548207 397504 16548207 660719 679906 464723 383962 342532 8388606 0 0 0 0 0 0 0 0 0 0 0 0 0 0 0 0 0 0 0 0 0 845 6571408 14878877 14876327 465960 459868 2076541 2082957 104836 108764 14694406 14708529 16132861 16114834 1870939 1868165 1309724 1308970 15401753 15410333 15046678 15034662 958431 950097 1975869 1971838 16302048 16321716 14678711 14674745 16577818 16584616 2020613 2011031 660719 679906
B -966440 -966440 -483363 -483363 890889 890889 688147 688147 -677557 -677557 -867348 -867348 471700 471700 971325 971325 -324958 -324958 -1026267 -1026267 119279 119279 1044425 1044425 113938 113938 -1021915 -1021915 -239552 -239552 1019316 1019316
S 0 0 0 0 327680 4194304 4194304 4194304 4194304 4194304 4194304 4194304 0 0 0 0 1352499 1048576 4107658 2097152 1360756 0 1356570 9965760 845 6571408 9258630 10531512 16775691 2850816 359248 1586484 242229 2091566 2073698 2091566 2073698 2046493 2030772 407686 16312351 197455 8388606 0 0 0 0 0 0 0 0 0 0 0 0 0 0 0 0 0 0 0 0 0 845 6571408 660719 679906 14841519 14847156 15816603 15804379 1787118 1776438 1375107 1377484 15427305 15416899 15040442 15044599 953436 933365 1939965 1945338 16116829 16137772 14725833 14723533 235507 241609 2086411 2091291 222501 233251 14731219 14735554 16305760 16290465 2046493 2030772
B 359528 359528 -948513 -948513 -575250 -575250 799380 799380 726970 726970 -703012 -703012 -811994 -811994 621619 621619 904483 904483 -444244 -444244 -969268 -969268 304038 304038 1020576 1020576 -213278 -213278 -1047712 -1047712 28864 28864
S 0 0 0 0 327680 4194304 4194304 4194304 4194304 4194304 4194304 4194304 0 0 0 0 1356919 1048576 4107658 2097152 1354833 0 1354838 5362368 845 6571408 8202616 7938586 1938 2203648 16400704 1723653 2084534 322466 905549 322466 905549 55710 59747 459882 449227 1206739 8388606 0 0 0 0 0 0 0 0 0 0 0 0 0 0 0 0 0 0 0 0 0 845 6571408 2046493 2030772 715312 722802 14885488 14874895 15624410 15629022 1610188 1587334 1442904 1464978 15366885 15375502 15150177 15156282 1245458 1241021 1806686 1811248 15891982 15885474 14832958 14844402 623100 593054 2038080 2044227 16351147 16350176 14681368 14682217 55710 59747
B 1042828 1042828 215305 215305 -993526 -993526 -367632 -367632 966951 966951 484800 484800 -886340 -886340 -664020 -664020 731828 731828 800727 800727 -613209 -613209 -899981 -899981 462106 462106 1003823 1003823 -179038 -179038 -1034492 -1034492
S 0 0 0 0 327680 4194304 4194304 4194304 4194304 4194304 4194304 4194304 0 0 0 0 1353147 1048576 4107658 2097152 1357102 0 1352871 2532544 845 6571408 8394518 3120807 761 15364096 477762 15643253 354439 14724027 14899122 14724027 14899122 14701792 14714672 516457 16419700 887604 8388606 0 0 0 0 0 0 0 0 0 0 0 0 0 0 0 0 0 0 0 0 0 845 6571408 55710 59747 2084008 2087305 423576 437646 14786235 14794093 16044576 16039328 1935404 1932401 969027 970176 15007908 15001167 15451407 15446947 1475525 1451788 1593298 1609611 15553780 15547818 14973338 14981172 925749 922677 2003645 2011649 16416163 16422120 14701792 14714672
B -71363 -71363 1038128 1038128 237991 237991 -1001061 -1001061 -453151 -453151 872448 872448 686969 686969 -692447 -692447 -858940 -858940 509343 509343 987647 987647 -208388 -208388 -1044769 -1044769 -158372 -158372 998824 998824 424894 424894
S 0 0 0 0 327680 4194304 4194304 4194304 4194304 4194304 4194304 4194304 0 0 0 0 1357567 1048576 4107658 2097152 1359371 0 1358342 11302592 845 6571408 8047768 8894259 16775291 7548928 16318408 15716665 14787531 594556 16766862 594556 16766862 851770 847807 274542 374684 16563176 8388606 0 0 0 0 0 0 0 0 0 0 0 0 0 0 0 0 0 0 0 0 0 845 6571408 14701792 14714672 16643124 16625859 2071437 2081077 479588 472377 14774304 14775887 15875514 15866317 1746283 1743512 1373255 1374623 15389748 15394898 15061141 15057533 1018480 1018892 1972334 1978255 16357399 16363482 14687173 14688183 16463117 16457830 1995244 2000052 851770 847807
B -905462 -905462 -662527 -662527 693267 693267 915652 915652 -320834 -320834 -1035229 -1035229 -34563 -34563 1034565 1034565 414887 414887 -847859 -847859 -803697 -803697 472713 472713 1002126 1002126 -109296 -109296 -1052348 -1052348 -297672 -297672
S 0 0 0 0 327680 4194304 4194304 4194304 4194304 4194304 4194304 4194304 0 0 0 0 1353795 1048576 4107658 2097152 1353448 0 1354108 3066048 845 6571408 9558812 4877456 1190 13172736 342689 1121327 1966967 16418229 185778 16418229 185778 16193085 16170662 32683 16297353 915426 8388606 0 0 0 0 0 0 0 0 0 0 0 0 0 0 0 0 0 0 0 0 0 845 6571408 851770 847807 14962212 14970373 15459296 15445030 1387206 1385865 1832466 1830142 16133493 16137605 14711144 14702373 16704604 16711578 2076928 2061332 819968 839580 15081721 15081275 15167633 15172014 946339 944516 1999960 2008545 16558503 16558745 14664303 14680739 16193085 16170662
B 912507 912507 746603 746603 -524016 -524016 -993902 -993902 103782 103782 1048751 1048751 390303 390303 -828664 -828664 -855983 -855983 352222 352222 1033996 1033996 103210 103210 -1004835 -1004835 -543074 -543074 726567 726567 933213 933213
S 0 0 0 0 327680 4194304 4194304 4194304 4194304 4194304 4194304 4194304 0 0 0 0 1358215 1048576 4107658 2097152 1355717 0 1357147 6953664 845 6571408 5945557 10404323 16775660 1978368 16413548 594703 15992204 1751468 1417661 1751468 1417661 1869995 1862857 131442 460861 16659813 8388606 0 0 0 0 0 0 0 0 0 0 0 0 0 0 0 0 0 0 0 0 0 845 6571408 16193085 16170662 1823498 1826531 1495656 1490759 15728880 15729488 14794272 14784555 206828 208303 2104079 2090928 771118 790096 15124204 15115572 15063341 15067159 701898 706993 2063287 2072699 209872 202969 14764001 14771092 15695897 15686242 1446066 1460202 1869995 1862857
B -209064 -209064 -1042029 -1042029 -262402 -262402 941879 941879 645891 645891 -665342 -665342 -944037 -944037 241607 241607 1036735 1036735 98164 98164 -1026554 -1026554 -408009 -408009 876993 876993 753810 753810 -560755 -560755 -955048 -955048
S 0 0 0 0 327680 4194304 4194304 4194304 4194304 4194304 4194304 4194304 0 0 0 0 1354443 1048576 4107658 2097152 1357986 0 1353248 14769344 845 6571408 12469785 8458982 16775185 3039232 121094 16279239 969762 14969286 15335570 14969286 15335570 14871846 14862395 434947 16436772 16612414 8388606 0 0 0 0 0 0 0 0 0 0 0 0 0 0 0 0 0 0 0 0 0 845 6571408 1869995 1862857 16361788 16356391 14696714 14689603 16248056 16256770 1889393 1878123 1289086 1294479 15453806 15439259 14884891 14893394 483464 482965 2071108 2075832 199134 193522 14717657 14730559 15963521 15958877 1747736 1760237 1511369 1503871 15651047 15660368 14871846 14862395
B 266777 266777 1041432 1041432 -9393 -9393 -1044342 -1044342 -330458 -330458 919120 919120 595245 595245 -790867 -790867 -771282 -771282 624957 624957 935657 935657 -312550 -312550 -1025618 -1025618 -8629 -8629 1037177 1037177 208412 208412
S 0 0 0 0 327680 4194304 4194304 4194304 4194304 4194304 4194304 4194304 0 0 0 0 1358863 1048576 4107658 2097152 1360255 0 1358680 2207424 845 6571408 2404667 8782252 16775264 1753088 313407 15316507 14684297 148641 16280209 148641 16280209 426973 406676 368019 359330 16723175 8388606 0 0 0 0 0 0 0 0 0 0 0 0 0 0 0 0 0 0 0 0 0 845 6571408 14871846 14862395 530731 536379 2088934 2076795 16757268 16759595 14692934 14684132 16115415 16117185 1845240 1831240 1182204 1198779 15200544 15190423 15226588 15242716 1250674 1249154 1868240 1874388 16149858 16154377 14720228 14731733 16769002 16750917 2068210 2080499 426973 406676
B -1012192 -1012192 -420295 -420295 894173 894173 658721 658721 -727846 -727846 -809339 -809339 602269 602269 916944 916944 -412736 -412736 -1017144 -1017144 110635 110635 1034323 1034323 74948 74948 -1044505 -1044505 -195005 -195005 1018599 1018599
S 0 0 0 0 327680 4194304 4194304 4194304 4194304 4194304 4194304 4194304 0 0 0 0 1355091 1048576 4107658 2097152 1354332 0 1356511 11452608 845 6571408 16423050 13034366 16776302 3661824 16339805 1620968 347240 2097735 2077503 2097735 2077503 2039865 2034531 494172 16684880 534367 8388606 0 0 0 0 0 0 0 0 0 0 0 0 0 0 0 0 0 0 0 0 0 845 6571408 426973 406676 14750867 14754798 15940664 15932588 1791326 1785369 1319425 1315459 15315903 15327146 15160029 15157049 1196140 1212939 1836629 1831150 15946325 15957166 14743484 14742375 222711 219829 2069189 2068103 156225 143570 14688464 14687951 16388174 16386241 2039865 2034531
B 392014 392014 -916853 -916853 -569573 -569573 832168 832168 682420 682420 -761877 -761877 -800552 -800552 581823 581823 920945 920945 -398158 -398158 -985205 -985205 308650 308650 1020464 1020464 -202030 -202030 -1051274 -1051274 -15647 -15647
S 0 0 0 0 327680 4194304 4194304 4194304 4194304 4194304 4194304 4194304 0 0 0 0 1359511 1048576 4107658 2097152 1356601 0 1354891 1155776 845 6571408 15059121 9745678 16775499 5300224 369893 1712947 2075133 220080 843881 220080 843881 16737192 16754653 614067 16447747 192112 8388606 0 0 0 0 0 0 0 0 0 0 0 0 0 0 0 0 0 0 0 0 0 845 6571408 2039865 2034531 778740 789319 14940140 14946881 15638853 15637287 1654647 1674027 1373933 1355747 15246708 15260219 15181590 15170634 1167738 1159556 1847990 1835793 15981174 15980628 14810346 14803266 608496 626106 2046890 2034966 16363328 16382986 14675513 14673824 16737192 16754653
B 1032902 1032902 175415 175415 -1028477 -1028477 -305828 -305828 976603 976603 509206 509206 -845815 -845815 -675408 -675408 744410 744410 773265 773265 -672279 -672279 -873377 -873377 485316 485316 976859 976859 -247712 -247712 -1037652 -1037652
S 0 0 0 0 327680 4194304 4194304 4194304 4194304 4194304 4194304 4194304 0 0 0 0 1355739 1048576 4107658 2097152 1358870 0 1353028 16573632 845 6571408 3684798 8399355 16775170 10465280 16378466 15869717 607449 14757541 15026163 14757541 15026163 14706677 14697150 444016 429084 16699257 8388606 0 0 0 0 0 0 0 0 0 0 0 0 0 0 0 0 0 0 0 0 0 845 6571408 16737192 16754653 2066510 2065098 356284 345379 14720591 14719935 16168078 16163043 1956895 1949517 1018129 1018698 15090311 15080862 15423826 15428977 1481297 1496344 1551403 1541657 15424882 15440434 15034278 15026646 966569 974697 1958574 1948865 16283827 16279760 14706677 14697150
B 63884 63884 1053481 1053481 149872 149872 -1011872 -1011872 -423037 -423037 892067 892067 613382 613382 -799988 -799988 -759137 -759137 636049 636049 931333 931333 -328994 -328994 -1026283 -1026283 44155 44155 1047987 1047987 215561 215561
S 0 0 0 0 327680 4194304 4194304 4194304 4194304 4194304 4194304 4194304 0 0 0 0 1351967 1048576 4107658 2097152 1361139 0 1358517 11806400 845 6571408 11352097 13752196 16776477 7880704 460241 15406502 14705491 178650 16344521 178650 16344521 430111 432133 229363 16403830 339008 8388606 0 0 0 0 0 0 0 0 0 0 0 0 0 0 0 0 0 0 0 0 0 845 6571408 14706677 14697150 124043 131493 2112520 2101406 296245 303243 14757971 14748976 15920877 15941410 1784272 1783997 1224746 1228784 15177936 15176547 15257738 15260147 1270596 1273602 1863108 1862224 16127204 16111253 14723896 14725407 88332 88289 2098060 2093891 430111 432133
B -989219 -989219 -542402 -542402 777313 777313 797961 797961 -554126 -554126 -962387 -962387 288837 288837 1052542 1052542 136343 136343 -976545 -976545 -552926 -552926 766378 766378 841142 841142 -469012 -469012 -1022948 -1022948 3908 3908
S 0 0 0 0 327680 4194304 4194304 4194304 4194304 4194304 4194304 4194304 0 0 0 0 1356387 1048576 4107658 2097152 1355216 0 1354567 4257984 845 6571408 6832132 15897382 16777001 3301376 16355189 1571715 2094761 241809 758604 241809 758604 4831 10802 222094 408000 164043 8388606 0 0 0 0 0 0 0 0 0 0 0 0 0 0 0 0 0 0 0 0 0 845 6571408 430111 432133 14803933 14793624 15686890 15697935 1552674 1556581 1594970 1596874 15670588 15667343 14847403 14857482 579386 575965 2100199 2109970 279412 265961 14821076 14827177 15675343 15667386 1530594 1534920 1689050 1675520 15838768 15839618 14734498 14728142 4831 10802
ENDSET
SET 6 A=6400
P 11 64 64 64 64 64 64 64
B 464 464 14728 14728 93101 93101 273494 273494 517139 517139 764368 764368 949657 949657 1038382 1038382 985925 985925 696941 696941 197541 197541 -389616 -389616 -892492 -892492 -1030463 -1030463 -629379 -629379 164999 164999
S 0 0 0 0 720896 4194304 4194304 4194304 4194304 4194304 4194304 4194304 0 0 0 0 1358189 10485760 4514931 4194304 1356964 0 1353859 9673728 594 7223296 9822516 10841027 16775766 12333056 16368568 1327230 1928698 459949 770217 459949 770217 324324 335673 292928 16540460 138823 8388606 0 0 0 0 0 0 0 0 0 0 0 0 0 0 0 0 0 0 0 0 0 594 7223296 0 0 0 1856 26597 32317 188622 183782 553471 540508 1034498 1034059 1533130 1524344 1898804 1899826 2074726 2078805 1974369 1969333 1398977 1388787 399375 390789 15996035 15999933 14988102 14996363 14716019 14716562 15518721 15518198 324324 335673
B 904387 904387 918773 918773 59314 59314 -847319 -847319 -942354 -942354 -57116 -57116 918749 918749 868471 868471 -125909 -125909 -998526 -998526 -761358 -761358 283345 283345 1035312 1035312 729336 729336 -259152 -259152 -1007332 -1007332
S 0 0 0 0 720896 4194304 4194304 4194304 4194304 4194304 4194304 4194304 0 0 0 0 1353685 10485760 4514931 4194304 1354056 0 1359624 2944000 594 7223296 5172973 8104988 1978 12697600 16714624 14839123 15467262 14713179 14673379 14713179 14673379 14766008 14759096 160169 594830 1053924 8388606 0 0 0 0 0 0 0 0 0 0 0 0 0 0 0 0 0 0 0 0 0 594 7223296 324324 335673 1812901 1804648 1835604 1839490 123723 113535 15080188 15084970 14895935 14889082 16666026 16659944 1838033 1836963 1737507 1736380 16524060 16526739 14779406 14780925 15254669 15254334 562671 570710 2072590 2068658 1462448 1454897 16262406 16255421 14766008 14759096
B -751745 -751745 225321 225321 964525 964525 798629 798629 -202723 -202723 -963011 -963011 -829620 -829620 151154 151154 993295 993295 804091 804091 -181607 -181607 -1007176 -1007176 -760371 -760371 273283 273283 1031093 1031093 694975 694975
S 0 0 0 0 720896 4194304 4194304 4194304 4194304 4194304 4194304 4194304 0 0 0 0 1357373 10485760 4514931 4194304 1359340 0 1357069 6671360 594 7223296 13888419 8635337 16775228 3969024 334818 180892 15874497 1249241 907166 1249241 907166 1393084 1386818 447385 16414153 16478226 8388606 0 0 0 0 0 0 0 0 0 0 0 0 0 0 0 0 0 0 0 0 0 594 7223296 14766008 14759096 15271652 15275803 450873 450411 1932930 1925173 1594619 1599899 16373235 16370308 14850723 14851666 15113951 15122003 299578 305038 1985014 1988169 1610419 1605946 16415001 16413005 14759836 14765895 15257592 15255357 547120 546014 2058569 2065803 1393084 1386818
B -344000 -344000 -1034866 -1034866 -682256 -682256 307485 307485 994162 994162 746945 746945 -260652 -260652 -974183 -974183 -798829 -798829 202386 202386 1002826 1002826 804701 804701 -164743 -164743 -1004701 -1004701 -774341 -774341 236081 236081
S 0 0 0 0 720896 4194304 4194304 4194304 4194304 4194304 4194304 4194304 0 0 0 0 1352869 10485760 4514931 4194304 1356432 0 1354229 10734592 594 7223296 324030 16539191 16777157 14905344 16227457 1622708 2074535 641540 1034965 641540 1034965 473540 470785 340801 118466 464451 8388606 0 0 0 0 0 0 0 0 0 0 0 0 0 0 0 0 0 0 0 0 0 594 7223296 1393084 1386818 16082809 16095624 14709015 14705956 15411774 15413637 609688 620254 1985719 1990932 1497978 1489802 16254228 16257597 14832409 14825292 15177970 15181147 408062 401482 2003918 2007389 1609959 1608848 16452787 16442674 14771037 14764593 15225348 15231720 473540 470785
B 1014632 1014632 735604 735604 -285086 -285086 -1018975 -1018975 -756649 -756649 203660 203660 964350 964350 827045 827045 -114924 -114924 -908005 -908005 -898656 -898656 2836 2836 895130 895130 940054 940054 112685 112685 -875875 -875875
S 0 0 0 0 720896 4194304 4194304 4194304 4194304 4194304 4194304 4194304 0 0 0 0 1356557 10485760 4514931 4194304 1353524 0 1359201 6523904 594 7223296 2272207 1756255 428 12972032 712344 14680609 14973924 14936851 14784789 14936851 14784789 15024236 15026697 394873 138585 910320 8388606 0 0 0 0 0 0 0 0 0 0 0 0 0 0 0 0 0 0 0 0 0 594 7223296 473540 470785 2025156 2033372 1472045 1470374 16204952 16209136 14738971 14739564 15266749 15261089 410349 404293 1929187 1928215 1656028 1652155 16547418 16547321 14963729 14958686 14979485 14980323 610 10737 1792490 1788030 1876290 1883929 223629 227111 15024236 15026697
B -949353 -949353 -99544 -99544 867832 867832 939625 939625 30132 30132 -907485 -907485 -900152 -900152 44492 44492 925191 925191 888743 888743 -12703 -12703 -862072 -862072 -942561 -942561 -91097 -91097 829278 829278 973825 973825
S 0 0 0 0 720896 4194304 4194304 4194304 4194304 4194304 4194304 4194304 0 0 0 0 1352053 10485760 4514931 4194304 1358808 0 1356376 13159424 594 7223296 12129468 8391807 16775168 13103104 15971519 1201949 139165 1904716 1729554 1904716 1729554 1950455 1944848 302862 16395082 16679312 8388606 0 0 0 0 0 0 0 0 0 0 0 0 0 0 0 0 0 0 0 0 0 594 7223296 15024236 15026697 14878718 14878302 16578500 16577756 1734628 1736701 1878041 1880460 65294 55236 14959168 14965325 14977132 14976693 85872 92099 1846490 1854274 1779773 1775199 16750795 16752825 15048890 15057257 14894775 14889416 16593498 16596547 1658099 1659016 1950455 1944848
B 205404 205404 -813879 -813879 -996847 -996847 -247726 -247726 774320 774320 1001109 1001109 186204 186204 -804865 -804865 -979565 -979565 -135091 -135091 826828 826828 979615 979615 181763 181763 -756151 -756151 -1002513 -1002513 -268049 -268049
S 0 0 0 0 720896 4194304 4194304 4194304 4194304 4194304 4194304 4194304 0 0 0 0 1355741 10485760 4514931 4194304 1355900 0 1353382 2726912 594 7223296 6571850 7501566 1831 7331840 820793 675304 1510840 16411971 20370 16411971 20370 16241305 16240932 310080 588569 925715 8388606 0 0 0 0 0 0 0 0 0 0 0 0 0 0 0 0 0 0 0 0 0 594 7223296 1950455 1944848 413132 408485 15152884 15146033 14780424 14786620 16283669 16279860 1552176 1545105 2001830 2002608 372620 372199 15168527 15166446 14813897 14822277 16506106 16507964 1648940 1658374 1962274 1956189 368410 358642 15268456 15261374 14771694 14772689 16241305 16240932
B 698473 698473 1016488 1016488 394001 394001 -652026 -652026 -1039577 -1039577 -489592 -489592 574401 574401 1058842 1058842 471744 471744 -566849 -566849 -1053366 -1053366 -426068 -426068 631123 631123 1040745 1040745 353258 353258 -679327 -679327
S 0 0 0 0 720896 4194304 4194304 4194304 4194304 4194304 4194304 4194304 0 0 0 0 1359429 10485760 4514931 4194304 1361184 0 1358910 3685376 594 7223296 8919584 13330814 16776374 9953280 16021050 14728811 14784332 15295198 15033402 15295198 15033402 15414927 15422200 198142 16039380 168752 8388606 0 0 0 0 0 0 0 0 0 0 0 0 0 0 0 0 0 0 0 0 0 594 7223296 16241305 16240932 1394776 1399118 2036121 2029834 784508 791498 15474578 15471753 14697660 14698464 15792223 15803844 1145925 1151680 2117503 2117865 944989 941987 15645612 15641426 14668501 14672468 15926640 15923521 1262765 1261727 2077990 2084992 709239 703794 15414927 15422200
B -1028439 -1028439 -358527 -358527 624149 624149 1029096 1029096 471960 471960 -570992 -570992 -1036494 -1036494 -566276 -566276 498934 498934 1061833 1061833 585774 585774 -443080 -443080 -1059494 -1059494 -546418 -546418 506138 506138 1049876 1049876
S 0 0 0 0 720896 4194304 4194304 4194304 4194304 4194304 4194304 4194304 0 0 0 0 1354925 10485760 4514931 4194304 1358276 0 1355961 236544 594 7223296 8380199 13728206 16776471 10280960 618093 1646508 782846 2090135 2006640 2090135 2006640 2096090 2103416 366477 815437 266260 8388606 0 0 0 0 0 0 0 0 0 0 0 0 0 0 0 0 0 0 0 0 0 594 7223296 15414927 15422200 14721124 14719553 16059026 16061301 1244049 1252549 2056774 2059613 949357 938484 15632905 15637560 14707986 14700470 15644606 15644723 1000478 995261 2122657 2124677 1171785 1171313 15895815 15886298 14660466 14655992 15680859 15687904 1013998 1010555 2096090 2103416
B 496066 496066 -556398 -556398 -1045512 -1045512 -494203 -494203 525103 525103 1033395 1033395 542368 542368 -499327 -499327 -1028849 -1028849 -624275 -624275 428504 428504 1050871 1050871 678380 678380 -334640 -334640 -1051194 -1051194 -661597 -661597
S 0 0 0 0 720896 4194304 4194304 4194304 4194304 4194304 4194304 4194304 0 0 0 0 1358613 10485760 4514931 4194304 1355368 0 1352989 6630400 594 7223296 8688416 10997593 16775804 16093184 16357232 16636749 934602 15585170 15924423 15585170 15924423 15453610 15454436 491383 15963382 293186 8388606 0 0 0 0 0 0 0 0 0 0 0 0 0 0 0 0 0 0 0 0 0 594 7223296 2096090 2103416 991630 992634 15662160 15666682 14685533 14686851 15791364 15786258 1053832 1046580 2065813 2067767 1086872 1082600 15778949 15778177 14719195 14719841 15527306 15530026 851590 862426 2104787 2098699 1353205 1360316 16105090 16110785 14674532 14675124 15453610 15454436
B 356630 356630 1035772 1035772 631610 631610 -432604 -432604 -1042615 -1042615 -561172 -561172 505215 505215 1040882 1040882 541851 541851 -479614 -479614 -1026180 -1026180 -649225 -649225 390309 390309 1036335 1036335 721804 721804 -281178 -281178
S 0 0 0 0 720896 4194304 4194304 4194304 4194304 4194304 4194304 4194304 0 0 0 0 1354109 10485760 4514931 4194304 1360652 0 1358320 15543296 594 7223296 7011736 9892984 16775535 4685824 181082 15088972 14694865 16037049 15637086 16037049 15637086 16217310 16212411 222561 733184 61566 8388606 0 0 0 0 0 0 0 0 0 0 0 0 0 0 0 0 0 0 0 0 0 594 7223296 15453610 15454436 713554 712968 2072672 2070417 1263742 1262698 15916267 15907752 14689243 14694732 15653359 15656387 1009643 1011218 2079970 2083560 1085699 1081705 15817917 15818059 14721811 14727901 15482242 15475293 779749 781490 2071694 2073648 1449303 1437913 16217310 16212411
B -1039775 -1039775 -737640 -737640 238906 238906 1011895 1011895 725068 725068 -316393 -316393 -1019600 -1019600 -675480 -675480 381434 381434 1027977 1027977 644118 644118 -392874 -392874 -1022179 -1022179 -665331 -665331 385221 385221 1033762 1033762
S 0 0 0 0 720896 4194304 4194304 4194304 4194304 4194304 4194304 4194304 0 0 0 0 1357797 10485760 4514931 4194304 1357744 0 1355620 6224896 594 7223296 11523594 14989517 16776779 9228288 75408 1938301 1286488 2073791 2085543 2073791 2085543 2064459 2070589 423459 16195896 526843 8388606 0 0 0 0 0 0 0 0 0 0 0 0 0 0 0 0 0 0 0 0 0 594 7223296 16217310 16212411 14699938 14695394 15299053 15304820 478463 477161 2026728 2020855 1449047 1451227 16144836 16144027 14739375 14736658 15420943 15431570 760728 765008 2053572 2058337 1289838 1286636 15997083 15985854 14733662 14732056 15443408 15449703 772035 768851 2064459 2070589
B 711503 711503 -297399 -297399 -1042101 -1042101 -748915 -748915 215084 215084 1012601 1012601 746284 746284 -263302 -263302 -999247 -999247 -724121 -724121 329069 329069 1021997 1021997 657379 657379 -409343 -409343 -1036595 -1036595 -623412 -623412
S 0 0 0 0 720896 4194304 4194304 4194304 4194304 4194304 4194304 4194304 0 0 0 0 1353293 10485760 4514931 4194304 1354836 0 1352954 1166336 594 7223296 2985223 12090042 16776071 11247616 16452642 70 998333 15671052 16049150 15671052 16049150 15529185 15531601 178246 372992 48878 8388606 0 0 0 0 0 0 0 0 0 0 0 0 0 0 0 0 0 0 0 0 0 594 7223296 2064459 2070589 1422916 1423098 16179849 16184990 14692900 14693128 15279826 15278947 423422 436916 2023873 2026532 1494344 1490795 16250600 16250624 14781857 14775587 15329806 15328145 659668 656611 2044498 2043493 1312193 1317326 15959546 15957514 14704406 14703649 15529185 15531601
B 410524 410524 1028729 1028729 719113 719113 -279332 -279332 -1029104 -1029104 -786568 -786568 162412 162412 997559 997559 807679 807679 -147128 -147128 -956087 -956087 -810756 -810756 211749 211749 987544 987544 760823 760823 -278538 -278538
S 0 0 0 0 720896 4194304 4194304 4194304 4194304 4194304 4194304 4194304 0 0 0 0 1356981 10485760 4514931 4194304 1360120 0 1358342 10746880 594 7223296 16350345 9087556 16775338 10764288 542214 15133675 14701710 16049216 15694044 16049216 15694044 16217027 16223254 460891 16648780 16687308 8388606 0 0 0 0 0 0 0 0 0 0 0 0 0 0 0 0 0 0 0 0 0 594 7223296 15529185 15531601 821065 821032 2056143 2058773 1440429 1436026 16224689 16212415 14716081 14721935 15207000 15201160 328142 321508 1995165 1995072 1616272 1614445 16482186 16483736 14867115 14862971 15155048 15156362 420165 426831 1977380 1972796 1520034 1523261 16217027 16223254
B -1012577 -1012577 -713572 -713572 319540 319540 1021838 1021838 718054 718054 -312788 -312788 -1041649 -1041649 -747205 -747205 222412 222412 1018417 1018417 785016 785016 -159009 -159009 -965278 -965278 -805317 -805317 201886 201886 970090 970090
S 0 0 0 0 720896 4194304 4194304 4194304 4194304 4194304 4194304 4194304 0 0 0 0 1352477 10485760 4514931 4194304 1357212 0 1355522 10472448 594 7223296 14604272 9926236 16775543 6668288 16070027 2006596 1393305 2001273 2082923 2001273 2082923 1940582 1939781 404835 16648620 189186 8388606 0 0 0 0 0 0 0 0 0 0 0 0 0 0 0 0 0 0 0 0 0 594 7223296 16217027 16223254 14751461 14752666 15349195 15350949 639009 639153 2047980 2039375 1430950 1441266 16154236 16149046 14694203 14693633 15277688 15287925 441737 447911 2034246 2039422 1572269 1567795 16458456 16459941 14842932 14850390 15168667 15164497 402103 405443 1940582 1939781
B 790104 790104 -236416 -236416 -1002987 -1002987 -732760 -732760 310562 310562 1028744 1028744 697187 697187 -328451 -328451 -1028897 -1028897 -773060 -773060 173645 173645 995352 995352 846571 846571 -54720 -54720 -925655 -925655 -887624 -887624
S 0 0 0 0 720896 4194304 4194304 4194304 4194304 4194304 4194304 4194304 0 0 0 0 1356165 10485760 4514931 4194304 1354304 0 1352485 5381120 594 7223296 4561700 7613200 1858 11599872 803474 16008866 244470 15116230 15406430 15116230 15406430 15000807 15003129 357461 373137 1341778 8388606 0 0 0 0 0 0 0 0 0 0 0 0 0 0 0 0 0 0 0 0 0 594 7223296 1940582 1939781 1584744 1575673 16307642 16301127 14772104 14770380 15310673 15312720 617052 625198 2059418 2055559 1394283 1394466 16121560 16119069 14721110 14717736 15231241 15230951 350686 343894 1991283 1990127 1691948 1694337 16675169 16660383 14927518 14924296 15000807 15003129
ENDSET
SET 7 A=12288
P 64 0 64 64 64 64 64 64
B 891 891 27845 27845 162571 162571 436252 436252 769137 769137 1014403 1014403 940661 940661 383157 383157 -463792 -463792 -1005161 -1005161 -567981 -567981 625616 625616 942926 942926 -248152 -248152 -1007010 -1007010 193242 193242
S 0 0 0 0 4194304 0 4194304 4194304 4194304 4194304 4194304 4194304 0 0 0 0 1357302 9437184 3216073 2097152 1360603 0 1355722 12632064 1141 5144576 4900656 14776419 16776727 8794112 16030986 2058495 1646333 679205 1366590 679205 1366590 375357 397611 16574746 114340 16347172 8388606 0 0 0 0 0 0 0 0 0 0 0 0 0 0 0 0 0 0 0 0 0 1141 5144576 0 0 0 3564 51025 60355 326774 323510 869540 875470 1535564 1540986 2033034 2024581 1880617 1882030 763858 768772 15848503 15850764 14769517 14764271 15641343 15641167 1248940 1253525 1888441 1883264 16272794 16289033 14772012 14754381 375357 397611
B 979156 979156 -467835 -467835 -897651 -897651 664062 664062 749292 749292 -778477 -778477 -631196 -631196 900293 900293 471684 471684 -965404 -965404 -343400 -343400 1010333 1010333 124779 124779 -1043093 -1043093 173415 173415 985373 985373
S 0 0 0 0 4194304 0 4194304 4194304 4194304 4194304 4194304 4194304 0 0 0 0 1355546 9437184 3216073 2097152 1361334 0 1358037 10469376 1141 5144576 11227402 16301357 16777099 13815808 419210 31142 15190505 1831974 1321817 1831974 1321817 1980750 1960742 21923 16366664 324216 8388606 0 0 0 0 0 0 0 0 0 0 0 0 0 0 0 0 0 0 0 0 0 1141 5144576 375357 397611 1963389 1953236 15831378 15851716 14984115 14979715 1337855 1318396 1493951 1503217 15232557 15207969 15509557 15520093 1808292 1792882 926634 960103 14847046 14845770 16083948 16096887 2033268 2008066 243382 255735 14697581 14684481 350374 343287 1980750 1960742
B -503990 -503990 -810483 -810483 796560 796560 506295 506295 -1001494 -1001494 -88622 -88622 1056779 1056779 -300070 -300070 -927866 -927866 640592 640592 684404 684404 -913729 -913729 -279072 -279072 1045316 1045316 -189435 -189435 -973781 -973781
S 0 0 0 0 4194304 0 4194304 4194304 4194304 4194304 4194304 4194304 0 0 0 0 1353790 9437184 3216073 2097152 1353873 0 1354143 9072640 1141 5144576 9411403 1351652 329 16662528 433725 195495 1758059 15016831 15589214 15016831 15589214 14825833 14833475 80398 16379812 241697 8388606 0 0 0 0 0 0 0 0 0 0 0 0 0 0 0 0 0 0 0 0 0 1141 5144576 1980750 1960742 15759717 15778756 15161809 15150692 1589812 1596429 1012678 1012504 14760552 14787905 16606486 16593460 2104070 2123047 16191372 16162783 14924142 14918827 1285899 1276472 1368416 1369203 14951098 14948421 16220926 16217219 2079848 2101417 16404727 16391967 14825833 14833475
B 603746 603746 706291 706291 -907688 -907688 -349155 -349155 1035645 1035645 -94336 -94336 -1000127 -1000127 524564 524564 766245 766245 -864118 -864118 -389076 -389076 1043139 1043139 -31455 -31455 -1021272 -1021272 421089 421089 886896 886896
S 0 0 0 0 4194304 0 4194304 4194304 4194304 4194304 4194304 4194304 0 0 0 0 1352034 9437184 3216073 2097152 1354604 0 1358357 3166208 1141 5144576 2278013 5231648 1277 4325376 16383800 16322482 14911093 1541869 910731 1541869 910731 1766899 1780686 16738319 433915 428997 8388606 0 0 0 0 0 0 0 0 0 0 0 0 0 0 0 0 0 0 0 0 0 1141 5144576 14825833 14833475 1215986 1198998 1401136 1424028 14969230 14954453 16070559 16087256 2090352 2052230 16573018 16604070 14783421 14770506 1042220 1056039 1544774 1520207 15039127 15058834 16010485 15987646 2087819 2084738 16716487 16712126 14727055 14742289 838977 845381 1766899 1780686
B -707878 -707878 -629582 -629582 930448 930448 280785 280785 -1049222 -1049222 130608 130608 984495 984495 -534900 -534900 -756621 -756621 880313 880313 326715 326715 -1054638 -1054638 152348 152348 979251 979251 -573793 -573793 -749819 -749819
S 0 0 0 0 4194304 0 4194304 4194304 4194304 4194304 4194304 4194304 0 0 0 0 1358470 9437184 3216073 2097152 1355335 0 1354567 14172160 1141 5144576 8377676 8217226 2006 2662400 16376126 913051 2037771 15549435 16311500 15549435 16311500 15277602 15277554 16732154 426964 380039 8388606 0 0 0 0 0 0 0 0 0 0 0 0 0 0 0 0 0 0 0 0 0 1141 5144576 1766899 1780686 15362691 15360229 15527877 15508227 1858059 1863734 563714 559427 14680431 14677115 264963 257470 1967123 1970859 15706240 15708594 15267247 15260702 1756655 1764600 645542 661321 14669091 14666792 303566 305827 1973841 1943164 15626256 15633004 15277602 15277554
B 866282 866282 422835 422835 -1020997 -1020997 -61033 -61033 1063525 1063525 -194857 -194857 -999780 -999780 393301 393301 907561 907561 -640656 -640656 -716498 -716498 868429 868429 468813 468813 -989906 -989906 -189326 -189326 1037295 1037295
S 0 0 0 0 4194304 0 4194304 4194304 4194304 4194304 4194304 4194304 0 0 0 0 1356714 9437184 3216073 2097152 1356066 0 1357568 10416128 1141 5144576 1443243 6946144 1695 14024704 430651 781448 15766278 2065604 1811690 2065604 1811690 2067998 2081183 12317 237288 678806 8388606 0 0 0 0 0 0 0 0 0 0 0 0 0 0 0 0 0 0 0 0 0 1141 5144576 15277602 15277554 1727723 1737405 840605 850738 14731241 14739205 16666056 16644245 2118334 2135767 16397606 16377399 14774012 14781301 790105 783102 1813605 1816639 15494155 15497653 15339301 15349140 1738052 1735667 932972 942283 14799923 14794885 16403210 16393918 2067998 2081183
B -142528 -142528 -993880 -993880 521640 521640 774772 774772 -855923 -855923 -420640 -420640 1025099 1025099 -22059 -22059 -1024376 -1024376 437991 437991 846039 846039 -769721 -769721 -541281 -541281 989697 989697 156742 156742 -1040356 -1040356
S 0 0 0 0 4194304 0 4194304 4194304 4194304 4194304 4194304 4194304 0 0 0 0 1354958 9437184 3216073 2097152 1356797 0 1353724 13471744 1141 5144576 9040610 11035007 16775814 1568768 411106 16290156 1309925 14740766 15101578 14740766 15101578 14681192 14711818 158615 16359324 16551129 8388606 0 0 0 0 0 0 0 0 0 0 0 0 0 0 0 0 0 0 0 0 0 1141 5144576 2067998 2081183 16502868 16481455 14791113 14787802 1045171 1041392 1539384 1559704 15062790 15067950 15933728 15938146 2046431 2053967 16729334 16736862 14735619 14721309 875882 876084 1707243 1676913 15223846 15251704 15705699 15683610 1975840 1982951 316252 310717 14681192 14711818
B 290710 290710 915584 915584 -707222 -707222 -595991 -595991 977762 977762 188626 188626 -1047016 -1047016 223935 223935 945536 945536 -635971 -635971 -665637 -665637 945927 945927 213429 213429 -1056054 -1056054 236701 236701 951408 951408
S 0 0 0 0 4194304 0 4194304 4194304 4194304 4194304 4194304 4194304 0 0 0 0 1353202 9437184 3216073 2097152 1357528 0 1358248 10813440 1141 5144576 11897470 8388964 16775168 1458176 84777 16517271 14997098 1717074 1142326 1717074 1142326 1905494 1900139 55377 16335973 16100206 8388606 0 0 0 0 0 0 0 0 0 0 0 0 0 0 0 0 0 0 0 0 0 1141 5144576 14681192 14711818 586489 576352 1825077 1837261 15370655 15354892 15576822 15593646 1967338 1943710 366419 388088 14692751 14673617 446496 449247 1883536 1898608 15510463 15500086 15448546 15443340 1898540 1885169 414621 439097 14673987 14656232 469102 477704 1905494 1900139
B -622384 -622384 -705484 -705484 905437 905437 374747 374747 -1028867 -1028867 -19145 -19145 1034252 1034252 -354535 -354535 -889910 -889910 715147 715147 587954 587954 -978611 -978611 -159747 -159747 1049874 1049874 -285161 -285161 -933973 -933973
S 0 0 0 0 4194304 0 4194304 4194304 4194304 4194304 4194304 4194304 0 0 0 0 1359638 9437184 3216073 2097152 1358259 0 1354215 7618560 1141 5144576 5569085 15077625 16776801 1019904 16342609 349385 1826926 15116404 15712588 15116404 15712588 14914735 14903806 49059 396605 16415427 8388606 0 0 0 0 0 0 0 0 0 0 0 0 0 0 0 0 0 0 0 0 0 1141 5144576 1905494 1900139 15516044 15548853 15375266 15357233 1799595 1822154 767106 731883 14710050 14728915 16750308 16727545 2071026 2065982 16068225 16068069 14995946 14998846 1423140 1437450 1177169 1174650 14816630 14823358 16455107 16460339 2100549 2098950 16206173 16207617 14914735 14903806
B 659621 659621 664382 664382 -933412 -933412 -304389 -304389 1047288 1047288 -60338 -60338 -1029119 -1029119 376862 376862 927220 927220 -604972 -604972 -759885 -759885 814775 814775 537776 537776 -969680 -969680 -240841 -240841 1048057 1048057
S 0 0 0 0 4194304 0 4194304 4194304 4194304 4194304 4194304 4194304 0 0 0 0 1357882 9437184 3216073 2097152 1358990 0 1357423 7667712 1141 5144576 7353462 9155931 16775355 5615616 16342958 959332 15982863 2103068 1885138 2103068 1885138 2088709 2103519 16716596 396921 16548600 8388606 0 0 0 0 0 0 0 0 0 0 0 0 0 0 0 0 0 0 0 0 0 1141 5144576 14914735 14903806 1330739 1307747 1317184 1340345 14916062 14904722 16162120 16174758 2096166 2092987 16656990 16656090 14717489 14720469 758440 749008 1860870 1848013 15562638 15571906 15262605 15252290 1621025 1638077 1076041 1075064 14827345 14848367 16308857 16282211 2088709 2103519
B -52940 -52940 -1020250 -1020250 378886 378886 894725 894725 -692185 -692185 -634696 -634696 936204 936204 244079 244079 -1050531 -1050531 214522 214522 951297 951297 -638524 -638524 -712501 -712501 889008 889008 368475 368475 -1027907 -1027907
S 0 0 0 0 4194304 0 4194304 4194304 4194304 4194304 4194304 4194304 0 0 0 0 1356126 9437184 3216073 2097152 1351529 0 1353356 4796416 1141 5144576 14474444 7370618 1799 7839744 393427 15816397 837238 14682530 14852938 14682530 14852938 14725525 14717280 96361 16343311 682348 8388606 0 0 0 0 0 0 0 0 0 0 0 0 0 0 0 0 0 0 0 0 0 1141 5144576 2088709 2103519 16682823 16659852 14722021 14751412 768606 746938 1785429 1793471 15396483 15389209 15497269 15518380 1875029 1869788 480585 495734 14674454 14677854 428563 429528 1909530 1895658 15503946 15496392 15358443 15345986 1779942 1776091 722254 751647 14725525 14717280
B 36856 36856 1020592 1020592 -456577 -456577 -830628 -830628 791875 791875 509012 509012 -1000441 -1000441 -71115 -71115 1048043 1048043 -342249 -342249 -894410 -894410 703789 703789 601973 601973 -966965 -966965 -152579 -152579 1042237 1042237
S 0 0 0 0 4194304 0 4194304 4194304 4194304 4194304 4194304 4194304 0 0 0 0 1354370 9437184 3216073 2097152 1360452 0 1357911 10342400 1141 5144576 8400891 12856941 16776258 15126528 401211 320256 15354630 2021130 1598958 2021130 1598958 2088762 2080187 102042 16350361 16697562 8388606 0 0 0 0 0 0 0 0 0 0 0 0 0 0 0 0 0 0 0 0 0 1141 5144576 14725525 14717280 70892 76535 2038292 2044078 15854275 15873851 15123356 15108566 1582285 1585216 1018837 1017211 14774374 14778296 16644603 16625371 2091762 2100412 16096831 16088608 14974751 15002044 1410307 1404852 1204388 1203506 14850115 14836459 16464922 16479194 2088762 2080187
B -363608 -363608 -886969 -886969 754367 754367 537476 537476 -993806 -993806 -138239 -138239 1041569 1041569 -296274 -296274 -921239 -921239 674292 674292 659020 659020 -932927 -932927 -268776 -268776 1045208 1045208 -173434 -173434 -970814 -970814
S 0 0 0 0 4194304 0 4194304 4194304 4194304 4194304 4194304 4194304 0 0 0 0 1352614 9437184 3216073 2097152 1361183 0 1354109 11669504 1141 5144576 15359330 13184809 16776338 15896576 16346735 190093 1730224 15006384 15583624 15006384 15583624 14825353 14845823 6361 16544726 7834 8388606 0 0 0 0 0 0 0 0 0 0 0 0 0 0 0 0 0 0 0 0 0 1141 5144576 2088762 2080187 16042928 16057073 15003304 15003253 1502560 1514909 1074742 1075165 14793418 14785791 16502881 16498598 2094415 2071863 16168083 16201254 14949533 14919946 1344543 1352627 1322511 1313570 14895528 14927199 16246903 16232425 2079276 2101556 16437230 16423467 14825353 14845823
B 595798 595798 730749 730749 -877914 -877914 -380400 -380400 1029280 1029280 -39454 -39454 -1019217 -1019217 462913 462913 846696 846696 -766694 -766694 -642911 -642911 893964 893964 459677 459677 -971426 -971426 -211264 -211264 1051542 1051542
S 0 0 0 0 4194304 0 4194304 4194304 4194304 4194304 4194304 4194304 0 0 0 0 1359050 9437184 3216073 2097152 1353722 0 1357499 9478144 1141 5144576 7746517 1579704 385 11239424 16366806 834665 15853727 2085478 1838233 2085478 1838233 2099635 2106534 16631882 418523 202128 8388606 0 0 0 0 0 0 0 0 0 0 0 0 0 0 0 0 0 0 0 0 0 1141 5144576 14825353 14845823 1209233 1173962 1453177 1469822 15031634 15011142 16007283 16025552 2054649 2062473 16700198 16696418 14736851 14740716 933722 917932 1695138 1691647 15237992 15249667 15499086 15483704 1790115 1785742 915383 923328 14836204 14832526 16350473 16358905 2099635 2106534
B -118410 -118410 -1016123 -1016123 415397 415397 894894 894894 -667121 -667121 -675891 -675891 907030 907030 342535 342535 -1035174 -1035174 72602 72602 1006476 1006476 -486278 -486278 -793730 -793730 845963 845963 412502 412502 -1045433 -1045433
S 0 0 0 0 4194304 0 4194304 4194304 4194304 4194304 4194304 4194304 0 0 0 0 1357294 9437184 3216073 2097152 1354453 0 1353306 7471104 1141 5144576 4858789 4861739 1186 15904768 16697099 15716099 748030 14667969 14824240 14667969 14824240 14697076 14675624 16776443 441071 512366 8388606 0 0 0 0 0 0 0 0 0 0 0 0 0 0 0 0 0 0 0 0 0 1141 5144576 2099635 2106534 16542836 16537956 14745119 14744821 839740 821849 1786339 1793237 15437552 15448399 15431863 15419006 1808341 1819780 681208 688933 14698132 14715607 155781 134628 2007172 2018733 15808257 15801065 15189088 15190424 1706098 1677754 817200 832809 14697076 14675624
B 3928 3928 1024577 1024577 -391093 -391093 -876531 -876531 740907 740907 551829 551829 -986584 -986584 -124674 -124674 1051114 1051114 -316008 -316008 -912126 -912126 691191 691191 645536 645536 -939321 -939321 -246045 -246045 1049047 1049047
S 0 0 0 0 4194304 0 4194304 4194304 4194304 4194304 4194304 4194304 0 0 0 0 1355538 9437184 3216073 2097152 1355184 0 1357692 12390400 1141 5144576 11188910 11821565 16776006 2084864 434775 656147 15639428 2075844 1769872 2075844 1769872 2092247 2103941 220517 16380763 16723120 8388606 0 0 0 0 0 0 0 0 0 0 0 0 0 0 0 0 0 0 0 0 0 1141 5144576 14697076 14675624 16768402 24528 2051264 2047045 15986982 16003079 15023482 15024828 1480007 1483623 1104121 1103196 14813743 14794353 16523838 16531900 2105970 2098486 16140279 16150123 14959774 14946154 1378308 1386456 1293683 1288464 14882054 14915094 16298970 16271283 2092247 2103941
ENDSET
SET 8 A=9102
P 64 127 64 64 64 64 64 64
B 660 660 20109 20109 104724 104724 247054 247054 446985 446985 708824 708824 934027 934027 1040138 1040138 871983 871983 359014 359014 -353552 -353552 -929285 -929285 -986323 -986323 -395640 -395640 534926 534926 1031431 1031431
S 0 0 0 0 4194304 8323072 4194304 4194304 4194304 4194304 4194304 4194304 0 0 0 0 1355623 1048576 4107658 2097152 1353699 12320768 1355983 6204096 845 6571408 3000625 4665809 1139 1904640 456912 1730856 861140 2064907 2031453 2064907 2031453 2063140 2062587 16411727 16729514 16719294 8388606 0 0 0 0 0 0 0 0 0 0 0 0 0 0 0 0 0 0 0 0 0 845 6571408 0 0 0 2640 37815 42621 213031 205868 494120 494098 898020 889920 1415470 1419827 1864473 1871637 2084238 2076315 1743197 1744735 720109 715949 16070923 16069304 14923896 14913398 14799777 14809365 15980496 15991378 1064099 1075607 2063140 2062587
B 536688 536688 -586426 -586426 -1030336 -1030336 -204567 -204567 856398 856398 901527 901527 -117025 -117025 -995374 -995374 -763512 -763512 256301 256301 1003462 1003462 777607 777607 -202608 -202608 -988522 -988522 -724199 -724199 379598 379598
S 0 0 0 0 4194304 8323072 4194304 4194304 4194304 4194304 4194304 4194304 0 0 0 0 1351851 1048576 4107658 2097152 1355719 7864320 1354647 13634752 845 6571408 11942056 8380870 2046 1859584 440620 1854925 2083917 928811 1323122 928811 1323122 750756 767639 16463795 16386057 16727953 8388606 0 0 0 0 0 0 0 0 0 0 0 0 0 0 0 0 0 0 0 0 0 845 6571408 2063140 2062587 1065110 1081644 15601821 15606907 14717913 14715178 16368355 16367811 1711863 1713730 1802603 1803505 16532587 16553746 14785686 14787251 15246846 15253541 502701 522504 2004813 2009036 1558219 1552209 16371648 16372354 14797932 14802413 15331875 15325762 750756 767639
B 1041879 1041879 426371 426371 -725162 -725162 -983069 -983069 -67753 -67753 919919 919919 836398 836398 -225475 -225475 -1028116 -1028116 -616170 -616170 513173 513173 1035898 1035898 287640 287640 -833609 -833609 -874971 -874971 248286 248286
S 0 0 0 0 4194304 8323072 4194304 4194304 4194304 4194304 4194304 4194304 0 0 0 0 1356271 1048576 4107658 2097152 1357739 3407872 1354578 15154880 845 6571408 6372631 8466665 16775187 954368 16328651 1779572 2095061 709507 1142840 709507 1142840 504849 488295 16493716 383962 15547460 8388606 0 0 0 0 0 0 0 0 0 0 0 0 0 0 0 0 0 0 0 0 0 845 6571408 750756 767639 2085037 2082482 850134 855351 15327828 15325956 14806910 14815246 16644053 16639370 1839097 1840582 1679802 1665792 16333009 16319525 14724841 14717129 15549489 15540263 1032962 1019733 2071120 2072475 571921 578641 15114237 15105760 15022123 15032425 504849 488295
B 1049163 1049163 472356 472356 -686538 -686538 -1009426 -1009426 -165092 -165092 865868 865868 906848 906848 -85777 -85777 -978386 -978386 -737376 -737376 390831 390831 1051243 1051243 420256 420256 -718431 -718431 -986831 -986831 -54301 -54301
S 0 0 0 0 4194304 8323072 4194304 4194304 4194304 4194304 4194304 4194304 0 0 0 0 1352499 1048576 4107658 2097152 1351566 15728640 1354082 4423872 845 6571408 9258630 7059474 1723 8462336 359248 1301515 1998831 82926 558831 82926 558831 16668147 16669081 16485259 16312351 207122 8388606 0 0 0 0 0 0 0 0 0 0 0 0 0 0 0 0 0 0 0 0 0 845 6571408 504849 488295 2099468 2097187 943963 945464 15406097 15402186 14759499 14757229 16442207 16451859 1723126 1740346 1813972 1813420 16596009 16615318 14817962 14822927 15299521 15305407 783616 779708 2102225 2102749 842957 838068 15340125 15340585 14805458 14801653 16668147 16669081
B 945194 945194 782408 782408 -351486 -351486 -1054957 -1054957 -486448 -486448 628051 628051 1037429 1037429 335340 335340 -719239 -719239 -997121 -997121 -143056 -143056 900736 900736 839410 839410 -267074 -267074 -1045662 -1045662 -526915 -526915
S 0 0 0 0 4194304 8323072 4194304 4194304 4194304 4194304 4194304 4194304 0 0 0 0 1356919 1048576 4107658 2097152 1353586 11272192 1353404 2671296 845 6571408 8202616 3458130 844 4530176 16400704 395977 1429720 15895102 16333087 15895102 16333087 15714402 15732371 16278269 449227 16652331 8388606 0 0 0 0 0 0 0 0 0 0 0 0 0 0 0 0 0 0 0 0 0 845 6571408 16668147 16669081 1881836 1898943 1570237 1559398 16074835 16073653 14673795 14660811 15801370 15807270 1268229 1243977 2073261 2076456 678499 662863 15341326 15336153 14782784 14783164 16494382 16487827 1801310 1801636 1684050 1673592 16243051 16243085 14695412 14676372 15714402 15732371
B 617997 617997 1030694 1030694 258226 258226 -825545 -825545 -920568 -920568 107564 107564 999295 999295 684445 684445 -470918 -470918 -1047451 -1047451 -307744 -307744 826950 826950 899272 899272 -183247 -183247 -1023249 -1023249 -648679 -648679
S 0 0 0 0 4194304 8323072 4194304 4194304 4194304 4194304 4194304 4194304 0 0 0 0 1353147 1048576 4107658 2097152 1355606 6815744 1353207 7288000 845 6571408 8394518 7010412 1711 8830976 477762 57091 1192651 15642581 16029712 15642581 16029712 15487298 15472419 16349330 16419700 48151 8388606 0 0 0 0 0 0 0 0 0 0 0 0 0 0 0 0 0 0 0 0 0 845 6571408 15714402 15732371 1248799 1223191 2058347 2064432 515994 516913 15121368 15130886 14937329 14934834 206949 223307 1994037 2003143 1369059 1368724 15830218 15840543 14686079 14678551 16153483 16169974 1657220 1650580 1794014 1803075 16413058 16408386 14722989 14738447 15487298 15472419
B 475322 475322 1048609 1048609 396463 396463 -723839 -723839 -982524 -982524 -44904 -44904 958651 958651 733031 733031 -445191 -445191 -1047797 -1047797 -342208 -342208 783581 783581 925468 925468 -130710 -130710 -1022292 -1022292 -567652 -567652
S 0 0 0 0 4194304 8323072 4194304 4194304 4194304 4194304 4194304 4194304 0 0 0 0 1357567 1048576 4107658 2097152 1357626 2359296 1353484 2021056 845 6571408 8047768 8389026 16775168 1712128 16318408 376175 1473858 15817238 16276746 15817238 16276746 15645422 15638405 16468639 374684 15480951 8388606 0 0 0 0 0 0 0 0 0 0 0 0 0 0 0 0 0 0 0 0 0 845 6571408 15487298 15472419 944387 956902 2094894 2099545 798344 787509 15329314 15329765 14815472 14808866 16686333 16688484 1925930 1908677 1463759 1468368 15896416 15877254 14677862 14685383 16101180 16084420 1566718 1567608 1847693 1854179 16516497 16515098 14734177 14731090 15645422 15638405
B 623874 623874 1018643 1018643 151955 151955 -876849 -876849 -903462 -903462 79044 79044 974796 974796 711212 711212 -447847 -447847 -1036282 -1036282 -263252 -263252 874020 874020 853734 853734 -254002 -254002 -1037121 -1037121 -522232 -522232
S 0 0 0 0 4194304 8323072 4194304 4194304 4194304 4194304 4194304 4194304 0 0 0 0 1353795 1048576 4107658 2097152 1351453 14680064 1353493 7968960 845 6571408 9558812 1294471 316 552960 342689 450460 1517606 15909000 16365507 15909000 16365507 15732260 15733247 16472957 16297353 16593930 8388606 0 0 0 0 0 0 0 0 0 0 0 0 0 0 0 0 0 0 0 0 0 845 6571408 15645422 15638405 1244960 1250537 2043768 2030807 299505 308318 15025857 15021179 14965281 14975305 155028 161148 1945880 1953304 1420536 1424314 15882519 15880525 14701917 14707389 16256183 16245241 1744158 1751923 1714096 1700842 16272499 16265928 14702164 14703785 15732260 15733247
B 650372 650372 1011764 1011764 133137 133137 -897934 -897934 -853354 -853354 227987 227987 1031069 1031069 516349 516349 -688492 -688492 -984018 -984018 3668 3668 974740 974740 761576 761576 -343475 -343475 -1041317 -1041317 -534899 -534899
S 0 0 0 0 4194304 8323072 4194304 4194304 4194304 4194304 4194304 4194304 0 0 0 0 1358215 1048576 4107658 2097152 1353473 10223616 1353409 15121088 845 6571408 5945557 8056674 1966 16130048 16413548 361231 1430638 15868997 16304672 15868997 16304672 15699868 15714969 16385555 460861 446356 8388606 0 0 0 0 0 0 0 0 0 0 0 0 0 0 0 0 0 0 0 0 0 845 6571408 15732260 15733247 1299409 1302079 2022822 2024236 265406 267143 14982757 14979942 15071729 15069288 466666 445284 2061617 2062662 1037702 1027694 15397942 15402524 14808189 14810174 5717 8957 1948076 1950887 1521843 1524461 16083985 16096548 14703130 14686035 15699868 15714969
B 605083 605083 1025829 1025829 188245 188245 -897890 -897890 -815231 -815231 346136 346136 1049468 1049468 406193 406193 -765851 -765851 -934132 -934132 135627 135627 1022074 1022074 583781 583781 -610692 -610692 -1014587 -1014587 -103817 -103817
S 0 0 0 0 4194304 8323072 4194304 4194304 4194304 4194304 4194304 4194304 0 0 0 0 1354443 1048576 4107658 2097152 1355493 5767168 1354119 3390656 845 6571408 12469785 8355428 2039 15089664 121094 1266255 1994611 5193 464678 5193 464678 16577218 16561946 16531854 16436772 16696580 8388606 0 0 0 0 0 0 0 0 0 0 0 0 0 0 0 0 0 0 0 0 0 845 6571408 15699868 15714969 1213574 1206761 2047373 2055943 375887 377093 14974597 14988275 15145370 15148138 687873 696673 2094069 2103803 815678 809096 15235915 15255115 14917548 14900358 266648 275861 2051166 2037131 1166756 1168370 15564337 15547328 14746336 14749749 16577218 16561946
B 935109 935109 766094 766094 -395781 -395781 -1053426 -1053426 -423778 -423778 694881 694881 1004497 1004497 160898 160898 -860044 -860044 -925655 -925655 11219 11219 931849 931849 834873 834873 -204516 -204516 -1017250 -1017250 -659460 -659460
S 0 0 0 0 4194304 8323072 4194304 4194304 4194304 4194304 4194304 4194304 0 0 0 0 1358863 1048576 4107658 2097152 1357513 1310720 1353197 6733504 845 6571408 2404667 12122107 16776079 8368128 313407 20524 1157541 15602884 16013769 15602884 16013769 15456640 15459954 16473096 359330 16001474 8388606 0 0 0 0 0 0 0 0 0 0 0 0 0 0 0 0 0 0 0 0 0 845 6571408 16577218 16561946 1870503 1869934 1529323 1535053 15990401 15980909 14666497 14674233 15930129 15929194 1390090 1389435 2014172 2003819 320782 322810 15064503 15049754 14923110 14928702 22560 22317 1862542 1864854 1666032 1673460 16362816 16373552 14741022 14744411 15456640 15459954
B 459298 459298 1040751 1040751 358721 358721 -778986 -778986 -929231 -929231 110297 110297 1012758 1012758 679793 679793 -425318 -425318 -1044078 -1044078 -515892 -515892 595221 595221 1024675 1024675 214179 214179 -866844 -866844 -833217 -833217
S 0 0 0 0 4194304 8323072 4194304 4194304 4194304 4194304 4194304 4194304 0 0 0 0 1355091 1048576 4107658 2097152 1351340 13631488 1353087 14414016 845 6571408 16423050 1103438 269 6610944 16339805 16466463 942888 15236910 15624012 15236910 15624012 15107679 15113887 16558957 16684880 16605430 8388606 0 0 0 0 0 0 0 0 0 0 0 0 0 0 0 0 0 0 0 0 0 845 6571408 15456640 15459954 909466 927727 2087236 2075771 711587 723299 15222081 15216410 14910686 14926823 215624 225566 2021690 2029342 1359534 1359641 15920731 15932430 14687925 14690197 15754349 15736517 1188337 1192548 2051246 2047454 429307 427410 15046656 15040401 15107679 15113887
B 322192 322192 1053533 1053533 399549 399549 -752858 -752858 -953720 -953720 53651 53651 995427 995427 661928 661928 -525974 -525974 -1024368 -1024368 -142020 -142020 951084 951084 675064 675064 -603112 -603112 -991421 -991421 83511 83511
S 0 0 0 0 4194304 8323072 4194304 4194304 4194304 4194304 4194304 4194304 0 0 0 0 1359511 1048576 4107658 2097152 1353360 9175040 1354412 258752 845 6571408 15059121 2200119 537 2322432 369893 1603099 2089830 376335 874473 376335 874473 157299 176747 16525708 16447747 16615159 8388606 0 0 0 0 0 0 0 0 0 0 0 0 0 0 0 0 0 0 0 0 0 845 6571408 15107679 15113887 644770 643998 2108733 2105400 796802 801396 15273352 15269648 14868553 14870999 118581 96024 1991770 1989939 1324935 1322780 15723617 15726920 14730388 14726573 16486473 16499882 1896801 1907535 1352031 1348225 15561883 15580101 14800237 14788512 157299 176747
B 1026414 1026414 585199 585199 -601139 -601139 -1022683 -1022683 -174525 -174525 887917 887917 871243 871243 -180496 -180496 -1014411 -1014411 -613095 -613095 553591 553591 1039202 1039202 281349 281349 -807091 -807091 -925203 -925203 96627 96627
S 0 0 0 0 4194304 8323072 4194304 4194304 4194304 4194304 4194304 4194304 0 0 0 0 1355739 1048576 4107658 2097152 1355380 4718592 1354337 12580032 845 6571408 3684798 8171900 1995 1556480 16378466 1540406 2075684 400240 828008 400240 828008 198495 188013 16465797 429084 16679991 8388606 0 0 0 0 0 0 0 0 0 0 0 0 0 0 0 0 0 0 0 0 0 845 6571408 157299 176747 2057831 2047827 1168376 1172421 15575905 15573971 14732415 14731286 16433369 16422966 1776429 1775241 1741308 1743664 16425501 16406949 14743024 14753765 15556633 15545421 1104795 1109570 2084410 2072399 560213 565185 15170507 15155563 14926045 14927578 198495 188013
B 999487 999487 640380 640380 -539764 -539764 -1044276 -1044276 -294780 -294780 776909 776909 969656 969656 62897 62897 -921739 -921739 -807080 -807080 313435 313435 1040118 1040118 423959 423959 -750611 -750611 -957922 -957922 35239 35239
S 0 0 0 0 4194304 8323072 4194304 4194304 4194304 4194304 4194304 4194304 0 0 0 0 1351967 1048576 4107658 2097152 1357400 262144 1354207 4351680 845 6571408 11352097 9763273 16775503 10260480 460241 1433349 2043134 264064 731210 264064 731210 66143 74813 16565182 16403830 16013199 8388606 0 0 0 0 0 0 0 0 0 0 0 0 0 0 0 0 0 0 0 0 0 845 6571408 198495 188013 2001378 1996570 1269962 1291558 15701453 15693925 14684391 14692937 16183147 16192166 1547642 1559996 1946178 1932448 121097 130491 14934202 14933276 15159381 15166731 619284 634456 2080587 2079885 838308 857528 15272553 15279437 14859572 14863172 66143 74813
B 979258 979258 705252 705252 -460148 -460148 -1045557 -1045557 -282571 -282571 836939 836939 869302 869302 -265844 -265844 -1048693 -1048693 -387334 -387334 806828 806828 901461 901461 -210627 -210627 -1037302 -1037302 -577915 -577915 576032 576032
S 0 0 0 0 4194304 8323072 4194304 4194304 4194304 4194304 4194304 4194304 0 0 0 0 1356387 1048576 4107658 2097152 1351227 12582912 1354889 9189568 845 6571408 6832132 2527275 617 176128 16355189 2022138 1996008 1310569 1642943 1310569 1642943 1155965 1148164 16378812 408000 16463846 8388606 0 0 0 0 0 0 0 0 0 0 0 0 0 0 0 0 0 0 0 0 0 845 6571408 66143 74813 1952826 1964207 1420154 1400855 15860360 15853483 14685794 14686412 16220250 16203898 1676589 1671170 1740796 1736414 16242374 16248685 14682060 14677603 16003241 16001858 1622078 1605236 1800139 1805706 16358162 16353763 14710213 14695011 15613898 15628874 1155965 1148164
ENDSET
SET 9 A=11776
P 64 64 63 64 64 64 64 64
B 853 853 26265 26265 144093 144093 369794 369794 668648 668648 947349 947349 1022093 1022093 680313 680313 -88224 -88224 -848782 -848782 -969982 -969982 -134000 -134000 893718 893718 772495 772495 -486718 -486718 -958948 -958948
S 0 0 0 0 4194304 4194304 4128768 4194304 4194304 4194304 4194304 4194304 0 0 0 0 1358087 9437184 7888043 2097152 1357156 0 1353469 6481920 1093 12619776 11280670 12698589 16776220 4050944 161506 16265646 1089907 14934137 15265447 14934137 15265447 14856970 14861671 16646876 16133238 15848050 8388607 0 0 0 0 0 0 0 0 0 0 0 0 0 0 0 0 0 0 0 0 0 1093 12619776 0 0 0 3415 48904 56159 290772 285601 730949 748229 1335862 1338731 1897822 1891574 2041037 2047336 1367026 1354226 16603341 16598196 15079115 15080191 14840108 14834396 16506798 16511635 1795194 1779681 1537966 1552015 15816132 15791428 14856970 14861671
B 266404 266404 994304 994304 -354334 -354334 -1010767 -1010767 298627 298627 967627 967627 -362653 -362653 -1009448 -1009448 374001 374001 962248 962248 -332304 -332304 -995002 -995002 415169 415169 990981 990981 -277780 -277780 -993016 -993016
S 0 0 0 0 4194304 4194304 4128768 4194304 4194304 4194304 4194304 4194304 0 0 0 0 1355371 9437184 7888043 2097152 1354440 0 1353385 3516416 1093 12619776 13948529 14914160 16776761 2555904 16157777 16331975 1108864 14862562 15267442 14862562 15267442 14792992 14789377 16305483 16613823 16115858 8388607 0 0 0 0 0 0 0 0 0 0 0 0 0 0 0 0 0 0 0 0 0 1093 12619776 14856970 14861671 536482 529136 1998969 1978249 16062850 16074247 14757492 14753875 598997 595513 1935227 1935282 16043846 16059975 14761405 14755237 754804 741202 1919965 1929030 16114031 16111185 14791256 14783168 830395 830284 1987001 1976926 16214779 16228536 14792992 14789377
B 296423 296423 1040629 1040629 -203730 -203730 -993167 -993167 203741 203741 1056010 1056010 -238747 -238747 -1016572 -1016572 121699 121699 1042864 1042864 -147717 -147717 -1059654 -1059654 11786 11786 1015635 1015635 8531 8531 -1084109 -1084109
S 0 0 0 0 4194304 4194304 4128768 4194304 4194304 4194304 4194304 4194304 0 0 0 0 1352655 9437184 7888043 2097152 1351724 0 1352852 5056512 1093 12619776 8269939 8387716 2047 13123584 773355 15604790 301487 14660708 14867154 14660708 14867154 14609647 14608352 16467032 780732 241042 8388607 0 0 0 0 0 0 0 0 0 0 0 0 0 0 0 0 0 0 0 0 0 1093 12619776 14792992 14789377 590027 595665 2086441 2076075 16363154 16376359 14797201 14784566 405264 409700 2110962 2113079 16303299 16296146 14744886 14743261 243031 243765 2090046 2081413 16484048 16479516 14654569 14661250 29688 17456 2028172 2034368 10818 23307 14609647 14608352
B -71629 -71629 1003466 1003466 147280 147280 -1063205 -1063205 -132878 -132878 1031908 1031908 263631 263631 -988662 -988662 -301316 -301316 1022028 1022028 376287 376287 -924515 -924515 -367195 -367195 1033360 1033360 326315 326315 -966694 -966694
S 0 0 0 0 4194304 4194304 4128768 4194304 4194304 4194304 4194304 4194304 0 0 0 0 1358131 9437184 7888043 2097152 1357200 0 1352620 15828992 1093 12619776 11497615 11555633 16775941 3346432 16637326 15127980 16577817 14771247 14703042 14771247 14703042 14842933 14844725 16575587 16174149 15681665 8388607 0 0 0 0 0 0 0 0 0 0 0 0 0 0 0 0 0 0 0 0 0 1093 12619776 14609647 14608352 16639627 16628289 2003750 2010115 296146 292976 14650469 14651144 16512433 16510490 2071548 2056087 518997 535530 14802464 14797320 16173621 16175549 2045592 2042520 748131 757019 14932970 14923402 16038307 16047346 2065894 2067546 656476 648785 14842933 14844725
B -376432 -376432 985062 985062 365315 365315 -991860 -991860 -454917 -454917 889676 889676 509549 509549 -943200 -943200 -583503 -583503 794141 794141 646454 646454 -841505 -841505 -685206 -685206 763856 763856 753444 753444 -665914 -665914
S 0 0 0 0 4194304 4194304 4128768 4194304 4194304 4194304 4194304 4194304 0 0 0 0 1355415 9437184 7888043 2097152 1354484 0 1351864 12068864 1093 12619776 13683676 918216 224 2916352 16140971 14724135 15587742 15199450 14814145 15199450 14814145 15447852 15442925 16264390 16587721 16444640 8388607 0 0 0 0 0 0 0 0 0 0 0 0 0 0 0 0 0 0 0 0 0 1093 12619776 14842933 14844725 16025217 16023487 1975656 1964592 731138 730123 14792370 14794625 15873455 15861311 1775319 1783386 1015418 1022778 14888369 14893266 15613635 15606788 1586847 1589720 1294747 1291069 15088563 15099851 15409120 15404489 1535575 1519849 1499992 1513787 15447852 15442925
B -825268 -825268 659040 659040 852080 852080 -535143 -535143 -855059 -855059 659990 659990 852678 852678 -593889 -593889 -840483 -840483 606689 606689 878568 878568 -598025 -598025 -892217 -892217 456710 456710 946074 946074 -474717 -474717
S 0 0 0 0 4194304 4194304 4128768 4194304 4194304 4194304 4194304 4194304 0 0 0 0 1352699 9437184 7888043 2097152 1351768 0 1359569 3794944 1093 12619776 8312670 8377200 2045 3604480 763697 14700601 15035419 15579026 15138265 15579026 15138265 15823488 15832077 16432299 788856 239095 8388607 0 0 0 0 0 0 0 0 0 0 0 0 0 0 0 0 0 0 0 0 0 1093 12619776 15447852 15442925 15127724 15125639 1316671 1319492 1702993 1705328 15707770 15706090 15062374 15071823 1319237 1320726 1708414 1702298 15586818 15592060 15098029 15094472 1218569 1208188 1754612 1759660 15583722 15578611 14996143 14989421 910487 916355 1891665 1892634 15823488 15832077
B -979459 -979459 298912 298912 978246 978246 -320620 -320620 -1041772 -1041772 230376 230376 1001743 1001743 -118565 -118565 -1069454 -1069454 85737 85737 1028364 1028364 14190 14190 -1036262 -1036262 95543 95543 1073793 1073793 -65807 -65807
S 0 0 0 0 4194304 4194304 4128768 4194304 4194304 4194304 4194304 4194304 0 0 0 0 1358175 9437184 7888043 2097152 1357244 0 1359338 7829504 1093 12619776 11720573 10540110 16775693 4513792 16664692 14914915 14798518 16396169 15779448 16396169 15779448 16641857 16649349 16621933 16193275 15619773 8388607 0 0 0 0 0 0 0 0 0 0 0 0 0 0 0 0 0 0 0 0 0 1093 12619776 15823488 15832077 14817142 14819454 599813 595836 1957033 1955952 16127553 16144402 14695842 14691505 466846 454660 1999749 2007225 16541936 16538239 14640214 14636402 168701 174249 2059302 2054157 24816 31944 14701871 14707516 190245 191930 2149134 2146038 16641857 16649349
B -1008109 -1008109 89027 89027 1082351 1082351 -90259 -90259 -1023887 -1023887 -26795 -26795 1058970 1058970 25932 25932 -1053370 -1053370 -154944 -154944 1003904 1003904 133283 133283 -1080684 -1080684 -186448 -186448 981273 981273 264366 264366
S 0 0 0 0 4194304 4194304 4128768 4194304 4194304 4194304 4194304 4194304 0 0 0 0 1355459 9437184 7888043 2097152 1354528 0 1358839 5154816 1093 12619776 13422346 4633678 1131 4513792 16123844 15232215 14680759 227854 16272414 227854 16272414 529705 527761 16277859 16560887 28591 8388607 0 0 0 0 0 0 0 0 0 0 0 0 0 0 0 0 0 0 0 0 0 1093 12619776 16641857 16649349 14763217 14758779 181113 174995 2160292 2169112 16601784 16591612 14729183 14729701 16723227 16724025 2119389 2116494 48129 55602 14665012 14675941 16472471 16462186 2006459 2009157 258607 274526 14616979 14614717 16408279 16400364 1961603 1963491 529705 527761
B -1042405 -1042405 -291257 -291257 974771 974771 346634 346634 -988603 -988603 -255135 -255135 1055245 1055245 252186 252186 -975194 -975194 -220869 -220869 1072669 1072669 211181 211181 -988871 -988871 -298932 -298932 1015011 1015011 308011 308011
S 0 0 0 0 4194304 4194304 4128768 4194304 4194304 4194304 4194304 4194304 0 0 0 0 1352743 9437184 7888043 2097152 1351812 0 1358651 16459776 1093 12619776 8345935 8374359 2044 8744960 753124 15415494 14695989 301802 16442635 301802 16442635 613157 618890 16486913 796042 300675 8388607 0 0 0 0 0 0 0 0 0 0 0 0 0 0 0 0 0 0 0 0 0 1093 12619776 529705 527761 14694244 14690571 16191989 16197415 1955439 1943647 687008 699528 14799171 14800852 16265784 16268110 2111280 2109702 500082 508664 14829273 14824383 16336545 16334412 2140644 2150033 428164 416563 14797202 14801748 16180676 16178028 2032218 2027827 613157 618890
B -997357 -997357 -395034 -395034 935860 935860 370821 370821 -1026837 -1026837 -395277 -395277 914447 914447 445403 445403 -977266 -977266 -465537 -465537 907793 907793 496951 496951 -923671 -923671 -423092 -423092 1004773 1004773 407442 407442
S 0 0 0 0 4194304 4194304 4128768 4194304 4194304 4194304 4194304 4194304 0 0 0 0 1358219 9437184 7888043 2097152 1357288 0 1358749 8378368 1093 12619776 11949289 9752704 16775501 524288 16692185 15541181 14695163 575313 16707312 575313 16707312 810563 819206 16662884 16213064 15575428 8388607 0 0 0 0 0 0 0 0 0 0 0 0 0 0 0 0 0 0 0 0 0 1093 12619776 613157 618890 14774822 14790182 15993964 15980333 1869088 1874355 734880 748405 14723789 14723297 15989381 15983946 1829423 1828368 891234 890379 14824137 14821231 15844007 15848279 1824095 1807080 986125 1001679 14930184 14929567 15929768 15932298 2009831 2009262 810563 819206
B -922830 -922830 -374309 -374309 1032306 1032306 362625 362625 -940771 -940771 -433544 -433544 961875 961875 450412 450412 -940398 -940398 -515866 -515866 875379 875379 496776 496776 -973164 -973164 -511733 -511733 856269 856269 550921 550921
S 0 0 0 0 4194304 4194304 4128768 4194304 4194304 4194304 4194304 4194304 0 0 0 0 1355503 9437184 7888043 2097152 1354572 0 1358467 14264320 1093 12619776 13164835 7463760 1822 3473408 16107460 15711644 14753499 842581 126420 842581 126420 1102239 1101445 16279417 16534299 300158 8388607 0 0 0 0 0 0 0 0 0 0 0 0 0 0 0 0 0 0 0 0 0 1093 12619776 810563 819206 14933918 14929196 16028552 16028645 2059910 2069314 731297 719204 14892303 14899047 15912557 15907702 1926088 1921415 898496 903152 14887720 14905122 15753196 15737774 1747214 1754304 987974 999131 14830286 14831491 15755990 15751513 1713606 1711471 1102239 1101445
B -918565 -918565 -573789 -573789 847026 847026 598237 598237 -857582 -857582 -544438 -544438 946497 946497 520472 520472 -868486 -868486 -479181 -479181 990674 990674 457036 457036 -903305 -903305 -505340 -505340 924782 924782 518904 518904
S 0 0 0 0 4194304 4194304 4128768 4194304 4194304 4194304 4194304 4194304 0 0 0 0 1352787 9437184 7888043 2097152 1351856 0 1358403 15816704 1093 12619776 8369695 8385409 2047 3674112 741695 15761619 14785980 731468 96698 731468 96698 1036289 1039328 16504691 802321 279650 8388607 0 0 0 0 0 0 0 0 0 0 0 0 0 0 0 0 0 0 0 0 0 1093 12619776 1102239 1101445 14940703 14939471 15628384 15630894 1704292 1683812 1187714 1205237 15063052 15061053 15687402 15689280 1892397 1893592 1037075 1044816 15041994 15038496 15818514 15819194 1976202 1986494 920782 907362 14965981 14975231 15770284 15762790 1851284 1847847 1036289 1039328
B -909098 -909098 -563511 -563511 847240 847240 541599 541599 -951299 -951299 -548361 -548361 835332 835332 582046 582046 -898417 -898417 -605928 -605928 825214 825214 649054 649054 -805793 -805793 -647042 -647042 859947 859947 665130 665130
S 0 0 0 0 4194304 4194304 4128768 4194304 4194304 4194304 4194304 4194304 0 0 0 0 1358263 9437184 7888043 2097152 1357332 0 1358325 4368384 1093 12619776 12183503 9158621 16775355 16633856 16719775 16120398 14879510 1127180 552235 1127180 552235 1326691 1333829 16645207 16233495 15539808 8388607 0 0 0 0 0 0 0 0 0 0 0 0 0 0 0 0 0 0 0 0 0 1093 12619776 1036289 1039328 14949354 14968689 15658970 15641418 1689792 1699170 1078891 1087507 14873030 14876209 15683173 15677817 1671363 1669967 1164913 1163273 14980100 14980666 15564329 15566391 1661521 1639338 1289016 1307203 15166986 15164277 15482453 15483814 1718538 1721252 1326691 1333829
B -753486 -753486 -664607 -664607 859894 859894 680593 680593 -746115 -746115 -724546 -724546 743811 743811 772496 772496 -705937 -705937 -792062 -792062 634506 634506 802468 802468 -730786 -730786 -812352 -812352 597848 597848 833182 833182
S 0 0 0 0 4194304 4194304 4128768 4194304 4194304 4194304 4194304 4194304 0 0 0 0 1355547 9437184 7888043 2097152 1354616 0 1357962 13232128 1093 12619776 12911439 8386532 2047 8273920 16091840 16465449 15110370 1494049 904177 1494049 904177 1666709 1666022 16248322 16507988 39707 8388607 0 0 0 0 0 0 0 0 0 0 0 0 0 0 0 0 0 0 0 0 0 1093 12619776 1326691 1333829 15271807 15268681 15446134 15449872 1715393 1724184 1367155 1355217 15280075 15289899 15332062 15324188 1490646 1484601 1542962 1547023 15356082 15374602 15200954 15185233 1264366 1273658 1602509 1607366 15312962 15318327 15152788 15152236 1198283 1193112 1666709 1666022
B -641122 -641122 -880151 -880151 545122 545122 893303 893303 -485200 -485200 -945437 -945437 493624 493624 949045 949045 -357110 -357110 -966922 -966922 427918 427918 1002498 1002498 -291141 -291141 -984231 -984231 249488 249488 1055036 1055036
S 0 0 0 0 4194304 4194304 4128768 4194304 4194304 4194304 4194304 4194304 0 0 0 0 1352831 9437184 7888043 2097152 1351900 0 1357290 7571456 1093 12619776 8383924 8065575 1969 2256896 729421 718295 15969262 1982596 1641543 1982596 1641543 2108100 2112044 16504403 807686 300567 8388607 0 0 0 0 0 0 0 0 0 0 0 0 0 0 0 0 0 0 0 0 0 1093 12619776 1666709 1666022 15492233 15497712 15015424 15018404 1101783 1078707 1777408 1795806 15809720 15803913 14886267 14886418 984330 990166 1895743 1900438 16064077 16061915 14838758 14847987 853874 857801 2008355 2001639 16190297 16199574 14812423 14805086 502984 494969 2108100 2112044
B -188161 -188161 -1003200 -1003200 134253 134253 1047047 1047047 -237572 -237572 -1037353 -1037353 144676 144676 1013856 1013856 -185065 -185065 -1070037 -1070037 101091 101091 1011742 1011742 -14240 -14240 -1078677 -1078677 -26785 -26785 1025349 1025349
S 0 0 0 0 4194304 4194304 4128768 4194304 4194304 4194304 4194304 4194304 0 0 0 0 1358307 9437184 7888043 2097152 1357376 0 1356974 9377792 1093 12619776 12422948 8759217 16775258 8065024 16747430 1337418 16552835 2061921 1981038 2061921 1981038 2049930 2051469 16593232 16254546 15488036 8388607 0 0 0 0 0 0 0 0 0 0 0 0 0 0 0 0 0 0 0 0 0 1093 12619776 2108100 2112044 16394404 16407387 14774356 14767279 265819 271193 2094601 2093590 16298580 16305567 14698712 14706308 294662 284043 2026793 2028633 16402121 16412053 14635004 14639280 212161 192205 2015839 2031132 16753056 16744417 14620170 14619555 16720086 16727208 2049930 2051469
ENDSET
SET 10 A=3300
P 64 64 65 64 64 64 64 64
B 239 239 7854 7854 53880 53880 169982 169982 322293 322293 456801 456801 573568 573568 668570 668570 777372 777372 905007 905007 998633 998633 1041743 1041743 951351 951351 618841 618841 50951 50951 -568789 -568789
S 0 0 0 0 4194304 4194304 4259840 4194304 4194304 4194304 4194304 4194304 0 0 0 0 1359769 10485760 5277131 4194304 1358184 0 1357774 11974768 306 8443104 8910611 8388671 16775168 258048 15967785 15113117 14799203 15558114 15391740 15558114 15391740 15636925 15642351 253118 16092647 16233742 8388605 0 0 0 0 0 0 0 0 0 0 0 0 0 0 0 0 0 0 0 0 0 306 8443104 0 0 0 957 13716 17703 104737 110783 333748 346180 640396 648777 914213 912992 1144608 1149666 1333861 1340419 1548104 1561386 1809792 1810238 1998602 1995931 2084364 2082609 1903166 1902239 1239725 1235639 101482 102322 15636925 15642351
B -968986 -968986 -1034131 -1034131 -787420 -787420 -338591 -338591 225219 225219 712059 712059 1010145 1010145 994309 994309 626076 626076 46138 46138 -575524 -575524 -962416 -962416 -1011644 -1011644 -625143 -625143 -7175 -7175 642053 642053
S 0 0 0 0 4194304 4194304 4259840 4194304 4194304 4194304 4194304 4194304 0 0 0 0 1358081 10485760 5277131 4194304 1356496 0 1353867 12293232 306 8443104 11830004 5532605 1350 12308480 320418 1782383 2038270 1364737 1529720 1364737 1529720 1279110 1289105 586967 16277179 1045537 8388605 0 0 0 0 0 0 0 0 0 0 0 0 0 0 0 0 0 0 0 0 0 306 8443104 15636925 15642351 14843456 14835034 14709762 14708146 15198473 15206281 16096451 16103617 442742 458136 1428589 1419650 2019095 2021488 1991698 1985540 1250189 1254118 90671 93884 15627553 15624785 14856366 14848402 14752623 14755233 15525691 15528169 16755986 16769748 1279110 1289105
B 1006477 1006477 962194 962194 509682 509682 -145723 -145723 -737335 -737335 -1049017 -1049017 -912722 -912722 -427980 -427980 234312 234312 764699 764699 1050759 1050759 928347 928347 489368 489368 -120931 -120931 -637930 -637930 -979496 -979496
S 0 0 0 0 4194304 4194304 4259840 4194304 4194304 4194304 4194304 4194304 0 0 0 0 1356393 10485760 5277131 4194304 1354808 0 1358463 1986672 306 8443104 5169173 2952880 720 15400960 811181 14681020 14735622 14774082 14721373 14774082 14721373 14816987 14819462 246953 452417 589581 8388605 0 0 0 0 0 0 0 0 0 0 0 0 0 0 0 0 0 0 0 0 0 306 8443104 1279110 1289105 2015222 2010689 1922544 1926234 1022689 1016042 16485632 16485909 15299406 15305686 14679761 14678606 14949235 14954312 15916399 15926113 468665 468584 1523648 1535148 2099669 2103370 1857702 1855689 975764 981709 16538308 16532403 15500759 15501953 14816987 14819462
B -1037142 -1037142 -771154 -771154 -284939 -284939 281267 281267 739543 739543 1034464 1034464 988949 988949 663090 663090 136703 136703 -368949 -368949 -794829 -794829 -1033438 -1033438 -1016463 -1016463 -815683 -815683 -410784 -410784 106582 106582
S 0 0 0 0 4194304 4194304 4259840 4194304 4194304 4194304 4194304 4194304 0 0 0 0 1354705 10485760 5277131 4194304 1353120 0 1352978 1510512 306 8443104 7765665 4487885 1095 11325440 90682 886823 1386382 291028 519213 291028 519213 205540 220790 207749 777897 829044 8388605 0 0 0 0 0 0 0 0 0 0 0 0 0 0 0 0 0 0 0 0 0 306 8443104 14816987 14819462 14701506 14704360 15235104 15234715 16207890 16206789 561068 564003 1472622 1485552 2068359 2069498 1977612 1978185 1328053 1324310 275250 271565 16039109 16039528 15185769 15189350 14711632 14709049 14744858 14743723 15146442 15145261 15953623 15957675 205540 220790
B 660827 660827 990783 990783 1009171 1009171 709406 709406 216839 216839 -324096 -324096 -786648 -786648 -999436 -999436 -1023582 -1023582 -780149 -780149 -321377 -321377 278343 278343 779779 779779 1026032 1026032 953774 953774 535499 535499
S 0 0 0 0 4194304 4194304 4259840 4194304 4194304 4194304 4194304 4194304 0 0 0 0 1353017 10485760 5277131 4194304 1359624 0 1356347 13457520 306 8443104 15842214 9585378 16775460 3022848 16022643 396390 16515451 999207 815004 999207 815004 1071299 1070700 312299 16755431 16564793 8388605 0 0 0 0 0 0 0 0 0 0 0 0 0 0 0 0 0 0 0 0 0 306 8443104 205540 220790 1318074 1325236 1982557 1980575 2019421 2017265 1419042 1418583 434554 432803 16129220 16128829 15207699 15200141 14777367 14779321 14730470 14729636 15214402 15219436 16128323 16140602 551256 562119 1561377 1557741 2050972 2053156 1907892 1907205 1071299 1070700
B -71519 -71519 -676456 -676456 -996444 -996444 -996057 -996057 -633218 -633218 -30870 -30870 616716 616716 1004972 1004972 985695 985695 599462 599462 -40825 -40825 -671364 -671364 -1043157 -1043157 -937187 -937187 -471806 -471806 195401 195401
S 0 0 0 0 4194304 4194304 4259840 4194304 4194304 4194304 4194304 4194304 0 0 0 0 1359521 10485760 5277131 4194304 1357936 0 1353271 6059120 306 8443104 8501747 12953971 16776282 9908224 16300661 1076968 1616275 479631 693659 479631 693659 387687 393919 558519 16010587 103118 8388605 0 0 0 0 0 0 0 0 0 0 0 0 0 0 0 0 0 0 0 0 0 306 8443104 1071299 1070700 16629927 16638429 15427355 15421256 14785434 14783224 14784102 14786105 15508845 15512715 16708503 16722450 1228199 1238665 2012421 2007467 1972016 1970766 1202680 1195171 16694419 16696715 15431219 15437760 14692127 14689680 14903627 14902057 15835615 15831596 387687 393919
B 762366 762366 1050756 1050756 885060 885060 379495 379495 -273466 -273466 -804289 -804289 -1037250 -1037250 -900410 -900410 -426649 -426649 179276 179276 738119 738119 1009256 1009256 981459 981459 600241 600241 14344 14344 -620305 -620305
S 0 0 0 0 4194304 4194304 4259840 4194304 4194304 4194304 4194304 4194304 0 0 0 0 1357833 10485760 5277131 4194304 1356248 0 1357891 7000176 306 8443104 13200078 2994992 731 3342336 476728 15031296 14762224 15455981 15287002 15455981 15287002 15540874 15532338 532278 16418764 800716 8388605 0 0 0 0 0 0 0 0 0 0 0 0 0 0 0 0 0 0 0 0 0 306 8443104 387687 393919 1520003 1529464 2099342 2103685 1773323 1766917 763683 754298 16236856 16223714 15165338 15171938 14703601 14701834 14974049 14978744 15925364 15922472 360980 356126 1474769 1477708 2015303 2021721 1964854 1960982 1201627 1199340 36189 21187 15540874 15532338
B -995700 -995700 -985215 -985215 -589130 -589130 22995 22995 619771 619771 1005399 1005399 1011411 1011411 722977 722977 169214 169214 -447717 -447717 -946681 -946681 -1028770 -1028770 -682643 -682643 -60770 -60770 531217 531217 937012 937012
S 0 0 0 0 4194304 4194304 4259840 4194304 4194304 4194304 4194304 4194304 0 0 0 0 1356145 10485760 5277131 4194304 1354560 0 1354228 8825968 306 8443104 6325060 8336783 2035 5828608 772381 2082587 2077243 1929356 2010330 1929356 2010330 1874026 1874024 120598 574216 742526 8388605 0 0 0 0 0 0 0 0 0 0 0 0 0 0 0 0 0 0 0 0 0 306 8443104 15540874 15532338 14784372 14787261 14807339 14806234 15597738 15600175 45769 46212 1242428 1236656 2009084 2012514 2021985 2023660 1445323 1446586 340682 336174 15888614 15874952 14886598 14881111 14718633 14720722 15411875 15411987 16653674 16657679 1063088 1061781 1874026 1874024
B 1057268 1057268 849197 849197 437787 437787 -117585 -117585 -630359 -630359 -1004759 -1004759 -1008980 -1008980 -673374 -673374 -93323 -93323 491062 491062 922164 922164 1054948 1054948 829733 829733 366961 366961 -225938 -225938 -733117 -733117
S 0 0 0 0 4194304 4194304 4259840 4194304 4194304 4194304 4194304 4194304 0 0 0 0 1354457 10485760 5277131 4194304 1361064 0 1358062 15149168 306 8443104 7025830 15935782 16777010 9592832 16731429 14864159 14692813 15248089 15080357 15248089 15080357 15316262 15305702 264711 734494 298059 8388605 0 0 0 0 0 0 0 0 0 0 0 0 0 0 0 0 0 0 0 0 0 306 8443104 1874026 1874024 2114808 2114267 1697255 1699536 874401 876748 16543677 16540415 15523640 15509358 14768688 14766709 14758892 14759622 15425605 15435332 16586115 16595026 983714 980536 1846079 1842577 2109488 2110307 1659165 1659768 731443 736404 16328293 16322389 15316262 15305702
B -1040662 -1040662 -952322 -952322 -532327 -532327 99625 99625 686080 686080 1019306 1019306 946941 946941 469084 469084 -187316 -187316 -785031 -785031 -1031506 -1031506 -877482 -877482 -336859 -336859 309300 309300 860266 860266 1047086 1047086
S 0 0 0 0 4194304 4194304 4259840 4194304 4194304 4194304 4194304 4194304 0 0 0 0 1352769 10485760 5277131 4194304 1359376 0 1355070 9610352 306 8443104 14282938 8784202 16775264 9740288 16008103 1955748 1603978 2083984 2067382 2083984 2067382 2096944 2091403 388325 16629052 16496166 8388605 0 0 0 0 0 0 0 0 0 0 0 0 0 0 0 0 0 0 0 0 0 306 8443104 15316262 15305702 14697643 14694141 14870429 14874717 15707352 15717772 193910 204590 1374225 1370096 2039475 2037751 1895216 1892549 937877 938461 16399150 16406021 15209548 15204763 14715096 14713314 15020556 15023950 16101594 16105402 612535 624668 1715520 1725544 2096944 2091403
B 833508 833508 292974 292974 -334904 -334904 -838520 -838520 -1059142 -1059142 -886187 -886187 -435494 -435494 141239 141239 627295 627295 985312 985312 1036872 1036872 828186 828186 369867 369867 -206189 -206189 -763249 -763249 -1051281 -1051281
S 0 0 0 0 4194304 4194304 4259840 4194304 4194304 4194304 4194304 4194304 0 0 0 0 1359273 10485760 5277131 4194304 1357688 0 1359037 11874416 306 8443104 8391399 8445551 16775181 15134720 16437464 14745464 15033709 14678157 14685255 14678157 14685255 14675248 14674060 534878 15992565 16480140 8388605 0 0 0 0 0 0 0 0 0 0 0 0 0 0 0 0 0 0 0 0 0 306 8443104 2096944 2091403 1663509 1670525 590181 581717 16106643 16108174 15097904 15102449 14658634 14659232 15004123 15005561 15903328 15909131 280539 284417 1248679 1260504 1968139 1973109 2075371 2072118 1659862 1652883 744018 735451 16363912 16365764 15247719 15253718 14675248 14674060
B -891896 -891896 -378173 -378173 276336 276336 782770 782770 1052900 1052900 938082 938082 540724 540724 -49346 -49346 -617340 -617340 -994711 -994711 -993453 -993453 -565745 -565745 85547 85547 683066 683066 987578 987578 1020575 1020575
S 0 0 0 0 4194304 4194304 4259840 4194304 4194304 4194304 4194304 4194304 0 0 0 0 1357585 10485760 5277131 4194304 1356000 0 1355133 15977584 306 8443104 14699188 8498221 16775194 12767232 596737 1762455 1431669 2011447 1927737 2011447 1927737 2042300 2040002 245835 16527467 16699207 8388605 0 0 0 0 0 0 0 0 0 0 0 0 0 0 0 0 0 0 0 0 0 306 8443104 14675248 14674060 14990432 14996417 16017326 16024417 549274 556070 1562315 1568765 2102642 2108961 1879856 1872475 1084899 1077997 16685276 16671775 15539300 15545772 14787615 14787975 14788097 14792524 15643737 15647716 170048 172140 1364168 1368097 1972316 1977996 2042300 2040002
B 732155 732155 269559 269559 -301898 -301898 -766543 -766543 -1029603 -1029603 -954673 -954673 -535582 -535582 76677 76677 671828 671828 997450 997450 982821 982821 569367 569367 -38334 -38334 -664250 -664250 -1008403 -1008403 -961989 -961989
S 0 0 0 0 4194304 4194304 4259840 4194304 4194304 4194304 4194304 4194304 0 0 0 0 1355897 10485760 5277131 4194304 1354312 0 1359677 743536 306 8443104 7252787 8355997 2040 643072 726650 15305761 15850033 14885371 15008496 14885371 15008496 14855202 14851276 448393 694260 1032247 8388605 0 0 0 0 0 0 0 0 0 0 0 0 0 0 0 0 0 0 0 0 0 306 8443104 2042300 2040002 1465898 1462723 545230 533007 16178764 16168078 15241881 15246382 14717430 14718590 14866280 14869463 15705361 15706744 156729 149981 1341344 1345971 1992230 1997573 1966947 1964339 1140141 1137330 16707229 16693870 15453829 15443606 14757983 14762838 14855202 14851276
B -514320 -514320 137098 137098 736312 736312 1049803 1049803 897133 897133 376866 376866 -313527 -313527 -835319 -835319 -1057775 -1057775 -826087 -826087 -268038 -268038 416862 416862 891433 891433 1042450 1042450 816286 816286 289264 289264
S 0 0 0 0 4194304 4194304 4259840 4194304 4194304 4194304 4194304 4194304 0 0 0 0 1354209 10485760 5277131 4194304 1360816 0 1356659 12289136 306 8443104 6032557 10768740 16775749 1458176 16604984 16608206 15976270 506512 264408 506512 264408 584371 572685 202614 634262 16715835 8388605 0 0 0 0 0 0 0 0 0 0 0 0 0 0 0 0 0 0 0 0 0 306 8443104 14855202 14851276 15745099 15752053 274164 274228 1475914 1469337 2099026 2100188 1797085 1791449 758649 748817 16149861 16150464 15111593 15101564 14663110 14660222 15123846 15126241 16245703 16236578 829607 837843 1782680 1783052 2085815 2083986 1634644 1630500 584371 572685
B -346796 -346796 -843519 -843519 -1032601 -1032601 -931647 -931647 -519472 -519472 43651 43651 627560 627560 968919 968919 1015914 1015914 684546 684546 92683 92683 -555605 -555605 -975230 -975230 -1018288 -1018288 -740527 -740527 -219404 -219404
S 0 0 0 0 4194304 4194304 4259840 4194304 4194304 4194304 4194304 4194304 0 0 0 0 1352521 10485760 5277131 4194304 1359128 0 1352569 4001904 306 8443104 12813636 13161570 16776333 4595712 15983896 192689 802126 16408048 16593395 16408048 16593395 16337256 16339561 267814 16474129 356631 8388605 0 0 0 0 0 0 0 0 0 0 0 0 0 0 0 0 0 0 0 0 0 306 8443104 584371 572685 16089367 16077882 15089173 15091184 14714391 14709637 14911543 14916301 15738491 15738055 81807 92799 1249927 1260316 1939903 1935776 2031085 2032571 1371994 1366191 191745 178987 15670778 15661237 14826145 14827367 14740692 14740588 15293166 15299158 16337256 16339561
B 343970 343970 846250 846250 1038125 1038125 879049 879049 359002 359002 -300337 -300337 -857731 -857731 -1060410 -1060410 -876537 -876537 -442530 -442530 100668 100668 582124 582124 962206 962206 1034830 1034830 816310 816310 305938 305938
S 0 0 0 0 4194304 4194304 4259840 4194304 4194304 4194304 4194304 4194304 0 0 0 0 1359025 10485760 5277131 4194304 1357440 0 1356613 8780912 306 8443104 8583545 950186 231 16424960 16547319 16727267 16110457 526917 321791 526917 321791 613978 609774 377961 15967337 736193 8388605 0 0 0 0 0 0 0 0 0 0 0 0 0 0 0 0 0 0 0 0 0 306 8443104 16337256 16339561 681715 694168 1688314 1696689 2078180 2074323 1756207 1759990 721551 714458 16181249 16171837 15062479 15061032 14655941 14656854 15023458 15024829 15889291 15895024 200452 202220 1157687 1170810 1922421 1926405 2069894 2069426 1631725 1633517 613978 609774
ENDSET
SET 11 A=15000
P 64 64 127 64 64 64 64 64
B 1087 1087 33349 33349 178734 178734 427721 427721 715193 715193 973402 973402 996217 996217 549346 549346 -290614 -290614 -960993 -960993 -795730 -795730 295618 295618 1008276 1008276 39335 39335 -993832 -993832 234931 234931
S 0 0 0 0 4194304 4194304 8323072 4194304 4194304 4194304 4194304 4194304 0 0 0 0 1356449 5242880 2062190 10485760 1355220 0 1356421 15064480 1393 3298112 9988753 6996245 1708 1134592 16648840 2094354 1064489 837536 1577287 837536 1577287 470589 469137 16524208 16099160 344787 7896325 0 0 0 0 0 0 0 0 0 0 0 0 0 0 0 0 0 0 0 0 0 1393 3298112 0 0 0 4350 62253 71145 362384 352553 855407 855479 1436298 1424476 1943694 1949916 1993312 1991559 1100975 1096410 16190023 16201954 14862228 14848233 15182544 15188969 585956 596516 2008869 2024235 87225 70116 14786475 14792631 470589 469137
B 853908 853908 -823741 -823741 -166469 -166469 997696 997696 -759417 -759417 -287380 -287380 1028336 1028336 -649905 -649905 -414512 -414512 1037569 1037569 -586560 -586560 -489131 -489131 1059353 1059353 -496664 -496664 -616759 -616759 1027281 1027281
S 0 0 0 0 4194304 4194304 8323072 4194304 4194304 4194304 4194304 4194304 0 0 0 0 1351797 5242880 2062190 10485760 1350568 0 1358168 11830688 1393 3298112 8218919 3539994 864 4300800 16725070 392534 15234582 2087712 1784656 2087712 1784656 2052102 2057023 16475289 743035 16388782 7896325 0 0 0 0 0 0 0 0 0 0 0 0 0 0 0 0 0 0 0 0 0 1393 3298112 470589 469137 1701882 1713751 15112661 15146807 16462517 16426042 1990058 2000729 15273053 15243713 16193611 16211304 2055193 2058151 15477066 15477749 15943965 15952420 2076615 2073661 15610043 15598152 15805917 15791994 2119293 2118119 15776171 15791607 15544968 15542429 2052102 2057023
B -285324 -285324 -782026 -782026 979662 979662 -68142 -68142 -916941 -916941 850795 850795 185902 185902 -997145 -997145 699370 699370 366139 366139 -1049775 -1049775 588833 588833 511436 511436 -1037770 -1037770 453042 453042 594428 594428
S 0 0 0 0 4194304 4194304 8323072 4194304 4194304 4194304 4194304 4194304 0 0 0 0 1355337 5242880 2062190 10485760 1354108 0 1359860 12352928 1393 3298112 8599991 3463990 845 11755520 16711974 14983492 14937751 756333 16410905 756333 16410905 1188201 1189512 16662105 16037243 41148 7896325 0 0 0 0 0 0 0 0 0 0 0 0 0 0 0 0 0 0 0 0 0 1393 3298112 2052102 2057023 16204491 16208647 15219574 15206757 1967848 1950801 16640154 16641712 14937202 14949466 1698825 1704356 370356 373252 14782396 14783458 1403173 1394308 740969 723588 14678915 14676418 1171073 1184261 1021926 1023820 14695282 14708071 910022 902146 1188201 1189512
B -1036771 -1036771 434549 434549 615383 615383 -1044111 -1044111 437357 437357 581230 581230 -1042750 -1042750 500571 500571 559441 559441 -1068733 -1068733 458890 458890 624781 624781 -1026229 -1026229 329792 329792 727053 727053 -1017822 -1017822
S 0 0 0 0 4194304 4194304 8323072 4194304 4194304 4194304 4194304 4194304 0 0 0 0 1358877 5242880 2062190 10485760 1357648 0 1353926 5469600 1393 3298112 6670845 13728206 16776471 10280960 282284 16189103 1388374 14683810 14892765 14683810 14892765 14748561 14734586 16461957 477887 15913312 7896325 0 0 0 0 0 0 0 0 0 0 0 0 0 0 0 0 0 0 0 0 0 1393 3298112 1188201 1189512 14716417 14690933 869711 868486 1229034 1232501 14686563 14691425 870729 878701 1160093 1164829 14695603 14687830 1001374 1000911 1135132 1102633 14631687 14647815 921770 913793 1242227 1256898 14723529 14725987 657191 661980 1460840 1447374 14748561 14734586
B 194710 194710 849998 849998 -919676 -919676 -51945 -51945 962098 962098 -794577 -794577 -256512 -256512 1028093 1028093 -645621 -645621 -451387 -451387 1034875 1034875 -497670 -497670 -571797 -571797 1045936 1045936 -443536 -443536 -615877 -615877
S 0 0 0 0 4194304 4194304 8323072 4194304 4194304 4194304 4194304 4194304 0 0 0 0 1354225 5242880 2062190 10485760 1352996 0 1355730 3149216 1393 3298112 12807613 5469460 1335 5324800 16251213 1763728 1857825 15982404 304126 15982404 304126 15543156 15547768 16688254 16577051 153870 7896325 0 0 0 0 0 0 0 0 0 0 0 0 0 0 0 0 0 0 0 0 0 1393 3298112 14748561 14734586 393122 385720 1694677 1705317 14939349 14936380 16665584 16681070 1923763 1924630 15194226 15181900 16272322 16256064 2056416 2055956 15484639 15487311 15871818 15877066 2065819 2073682 15777829 15785924 15639253 15627994 2101565 2082181 15891399 15888892 15543156 15547768
B 1032277 1032277 -409731 -409731 -615831 -615831 1049958 1049958 -435603 -435603 -615124 -615124 1046966 1046966 -417480 -417480 -621618 -621618 1036999 1036999 -408741 -408741 -665745 -665745 1048401 1048401 -306525 -306525 -762922 -762922 975302 975302
S 0 0 0 0 4194304 4194304 8323072 4194304 4194304 4194304 4194304 4194304 0 0 0 0 1357765 5242880 2062190 10485760 1356536 0 1357946 14099872 1393 3298112 557334 8733202 16775252 2170880 757685 736625 15506316 2069388 1945771 2069388 1945771 1945125 1956084 16551895 16738243 15653730 7896325 0 0 0 0 0 0 0 0 0 0 0 0 0 0 0 0 0 0 0 0 0 1393 3298112 15543156 15547768 2063992 2065118 15952735 15962774 15544224 15546886 2093851 2105981 15923146 15888875 15545935 15548004 2096390 2091474 15938046 15946469 15534437 15533523 2066549 2081448 15958076 15961395 15448845 15442610 2109736 2083868 16160448 16167886 15253747 15248998 1945125 1956084
B -105310 -105310 -885662 -885662 903920 903920 102321 102321 -988664 -988664 742994 742994 333049 333049 -1026827 -1026827 604607 604607 460750 460750 -1054338 -1054338 517807 517807 564701 564701 -1033990 -1033990 430741 430741 611739 611739
S 0 0 0 0 4194304 4194304 8323072 4194304 4194304 4194304 4194304 4194304 0 0 0 0 1353113 5242880 2062190 10485760 1351884 0 1359871 4758944 1393 3298112 2954761 6062099 1480 77824 16071465 14979749 14959110 768088 16430237 768088 16430237 1215037 1231919 16615579 151005 263709 7896325 0 0 0 0 0 0 0 0 0 0 0 0 0 0 0 0 0 0 0 0 0 1393 3298112 1945125 1956084 16564106 16569087 14999609 15012177 1813882 1801800 211441 197846 14802590 14797189 1486407 1485569 662560 669637 14717110 14730014 1206587 1211843 924388 918612 14676497 14660586 1035351 1035879 1134513 1124294 14704579 14713893 857407 865559 1215037 1231919
B -1038779 -1038779 443069 443069 601499 601499 -1039901 -1039901 460217 460217 561917 561917 -1056507 -1056507 514080 514080 551804 551804 -1060468 -1060468 438332 438332 644012 644012 -1026338 -1026338 291708 291708 775157 775157 -990755 -990755
S 0 0 0 0 4194304 4194304 8323072 4194304 4194304 4194304 4194304 4194304 0 0 0 0 1356653 5242880 2062190 10485760 1355424 0 1353820 13632928 1393 3298112 10839607 5680951 1386 15953920 450764 16019121 1236208 14699944 14828473 14699944 14828473 14795866 14795546 16473436 16395246 52389 7896325 0 0 0 0 0 0 0 0 0 0 0 0 0 0 0 0 0 0 0 0 0 1393 3298112 1215037 1231919 14703187 14696132 891221 881056 1204846 1201152 14697234 14697597 924747 916123 1115847 1131822 14662303 14666102 1017182 1039141 1115187 1092032 14654457 14658103 880675 872655 1287557 1288491 14727242 14721839 570782 596052 1548509 1552119 14795866 14795546
B 106424 106424 891685 891685 -869938 -869938 -118744 -118744 979364 979364 -780208 -780208 -277386 -277386 1031711 1031711 -651354 -651354 -422668 -422668 1029044 1029044 -563619 -563619 -484662 -484662 1054226 1054226 -556548 -556548 -492404 -492404
S 0 0 0 0 4194304 4194304 8323072 4194304 4194304 4194304 4194304 4194304 0 0 0 0 1352001 5242880 2062190 10485760 1350772 0 1355974 155040 1393 3298112 7856927 1875600 457 15269888 16596906 1934364 1651476 16264738 608925 16264738 608925 15793827 15790991 16716710 626946 16538504 7896325 0 0 0 0 0 0 0 0 0 0 0 0 0 0 0 0 0 0 0 0 0 1393 3298112 14795866 14795546 221550 204147 1781526 1785214 15041433 15033250 16537878 16541580 1952512 1964947 15208317 15225286 16226722 16218168 2066635 2060209 15478610 15470407 15933620 15930143 2056666 2059513 15646432 15653525 15796163 15819622 2110885 2106020 15666817 15661423 15793827 15790991
B 1035407 1035407 -570660 -570660 -451138 -451138 1058753 1058753 -615413 -615413 -463661 -463661 1049393 1049393 -530348 -530348 -537734 -537734 1046384 1046384 -458597 -458597 -635792 -635792 1045091 1045091 -283089 -283089 -786317 -786317 959421 959421
S 0 0 0 0 4194304 4194304 8323072 4194304 4194304 4194304 4194304 4194304 0 0 0 0 1355541 5242880 2062190 10485760 1354312 0 1357891 7218592 1393 3298112 8408283 4162689 1016 4722688 16723639 847766 15598953 2068342 1981933 2068342 1981933 1923334 1914352 16468559 15938417 16574195 7896325 0 0 0 0 0 0 0 0 0 0 0 0 0 0 0 0 0 0 0 0 0 1393 3298112 15793827 15790991 2077042 2064586 15632358 15639436 15878179 15871703 2103386 2131627 15544519 15548261 15850849 15848941 2100817 2096755 15720538 15712502 15705509 15697987 2089707 2095832 15856402 15863644 15493590 15517674 2095416 2084949 16209292 16212787 15209760 15199404 1923334 1914352
B -49769 -49769 -916981 -916981 864418 864418 164363 164363 -1000118 -1000118 701799 701799 367406 367406 -1035562 -1035562 597487 597487 468667 468667 -1050732 -1050732 531060 531060 525516 525516 -1035507 -1035507 508619 508619 541744 541744
S 0 0 0 0 4194304 4194304 8323072 4194304 4194304 4194304 4194304 4194304 0 0 0 0 1359081 5242880 2062190 10485760 1357852 0 1351774 15416736 1393 3298112 7381916 13377806 16776386 1105920 181921 14879232 15055028 593102 16250435 593102 16250435 1078898 1088078 16656319 564559 16170456 7896325 0 0 0 0 0 0 0 0 0 0 0 0 0 0 0 0 0 0 0 0 0 1393 3298112 1923334 1914352 16676781 16678575 14934787 14951723 1723847 1733825 328927 328527 14778599 14775361 1406705 1400493 740133 729493 14707295 14704889 1185386 1204563 931454 943214 14676742 14674762 1061965 1062275 1054855 1047209 14709205 14703202 1022438 1012039 1078898 1088078
B -1054610 -1054610 522946 522946 527001 527001 -1038963 -1038963 527210 527210 509279 509279 -1067039 -1067039 536535 536535 554685 554685 -1050766 -1050766 401007 401007 679546 679546 -1015534 -1015534 235157 235157 824152 824152 -956220 -956220
S 0 0 0 0 4194304 4194304 8323072 4194304 4194304 4194304 4194304 4194304 0 0 0 0 1354429 5242880 2062190 10485760 1353200 0 1353708 3265952 1393 3298112 11704545 6898905 1684 5083136 16368882 15824504 1081418 14717384 14765359 14717384 14765359 14857237 14872316 16478252 16501790 185540 7896325 0 0 0 0 0 0 0 0 0 0 0 0 0 0 0 0 0 0 0 0 0 1393 3298112 1078898 1088078 14656667 14679326 1046825 1044962 1054646 1053359 14700858 14697725 1057297 1051543 1023755 1013361 14646934 14639342 1060181 1085960 1106887 1111856 14675065 14676304 804548 799481 1360302 1357885 14753745 14738554 471649 468980 1642109 1654499 14857237 14872316
B 6489 6489 936106 936106 -818105 -818105 -195188 -195188 996682 996682 -742857 -742857 -322989 -322989 1036186 1036186 -626674 -626674 -434182 -434182 1034158 1034158 -577913 -577913 -454953 -454953 1050313 1050313 -595879 -595879 -436370 -436370
S 0 0 0 0 4194304 4194304 8323072 4194304 4194304 4194304 4194304 4194304 0 0 0 0 1357969 5242880 2062190 10485760 1356740 0 1356071 16276896 1393 3298112 1854821 9642291 16775474 1257472 647572 1990265 1549205 16378935 756217 16378935 756217 15900693 15908262 16759763 14825 15699138 7896325 0 0 0 0 0 0 0 0 0 0 0 0 0 0 0 0 0 0 0 0 0 1393 3298112 14857237 14872316 13211 12747 1871265 1873159 15147161 15134851 16391097 16382586 1996250 1990479 15285670 15297335 16125576 16136902 2071150 2073596 15520624 15527112 15915590 15902117 2071786 2064849 15630057 15612725 15858851 15875769 2098790 2102465 15584745 15586171 15900693 15908262
B 1033015 1033015 -637211 -637211 -392486 -392486 1052316 1052316 -655965 -655965 -431337 -431337 1042428 1042428 -529873 -529873 -555800 -555800 1054148 1054148 -407159 -407159 -687692 -687692 1015307 1015307 -189221 -189221 -838835 -838835 924385 924385
S 0 0 0 0 4194304 4194304 8323072 4194304 4194304 4194304 4194304 4194304 0 0 0 0 1353317 5242880 2062190 10485760 1352088 0 1357809 6194592 1393 3298112 1695259 7404148 1807 10960896 15925214 981682 15692194 2033510 2025043 2033510 2025043 1851596 1845944 16427165 18532 162713 7896325 0 0 0 0 0 0 0 0 0 0 0 0 0 0 0 0 0 0 0 0 0 1393 3298112 15900693 15908262 2067201 2064862 15508773 15496815 15998370 15986118 2107760 2101506 15457163 15473412 15916342 15912745 2080773 2088939 15715725 15719215 15670035 15661199 2116707 2099888 15966055 15959741 15396055 15407609 2027677 2033554 16398257 16399293 15096613 15102480 1851596 1845944
B 21404 21404 -955061 -955061 827764 827764 218771 218771 -1005632 -1005632 683440 683440 362420 362420 -1031786 -1031786 639214 639214 418381 418381 -1044459 -1044459 605753 605753 423049 423049 -1032572 -1032572 638914 638914 402111 402111
S 0 0 0 0 4194304 4194304 8323072 4194304 4194304 4194304 4194304 4194304 0 0 0 0 1356857 5242880 2062190 10485760 1355628 0 1351926 2751904 1393 3298112 11835527 5826085 1422 6443008 566559 14779492 15201597 303295 15947220 303295 15947220 820908 787536 16624271 16500132 150957 7896325 0 0 0 0 0 0 0 0 0 0 0 0 0 0 0 0 0 0 0 0 0 1393 3298112 1851596 1845944 52713 32905 14869998 14864191 1650566 1660492 435126 439959 14761345 14770560 1367675 1366085 724748 724933 14723836 14703452 1283143 1273715 834057 839468 14686137 14690462 1207075 1215937 843972 848226 14714348 14709799 1278002 1277656 820908 787536
B -1054595 -1054595 634099 634099 424905 424905 -1035183 -1035183 589658 589658 465549 465549 -1063217 -1063217 539040 539040 575922 575922 -1041317 -1041317 340819 340819 738844 738844 -992199 -992199 140326 140326 877590 877590 -899023 -899023
S 0 0 0 0 4194304 4194304 8323072 4194304 4194304 4194304 4194304 4194304 0 0 0 0 1352205 5242880 2062190 10485760 1350976 0 1353581 9524640 1393 3298112 7302976 5812182 1418 16605184 16505441 15643462 901297 14789236 14717172 14789236 14717172 14977428 14980914 16508924 544097 95712 7896325 0 0 0 0 0 0 0 0 0 0 0 0 0 0 0 0 0 0 0 0 0 1393 3298112 820908 787536 14661737 14674315 1270782 1265617 843932 855690 14705017 14708685 1176334 1182301 934421 927777 14659322 14642243 1084490 1071671 1146794 1156897 14696137 14693027 674368 688908 1475511 1479865 14796100 14789538 288849 272457 1758929 1751433 14977428 14980914
ENDSET
SET 12 A=24000
P 64 64 64 127 64 64 64 64
B 1739 1739 53420 53420 288528 288528 678120 678120 993421 993421 848365 848365 -57886 -57886 -953227 -953227 -392528 -392528 920019 920019 84178 84178 -893532 -893532 700123 700123 -56362 -56362 -461459 -461459 692998 692998
S 0 0 0 0 4194304 4194304 4194304 8323072 4194304 4194304 4194304 4194304 0 0 0 0 1357674 9437184 1202353 2097152 1357348 0 1354727 13670656 2229 1921536 14698019 10333742 16774094 5911680 16027763 15109421 1318172 1100948 15433240 1100948 15433240 1392793 1379201 16435094 16682932 16050272 8388606 0 0 0 0 0 0 0 0 0 0 0 0 0 0 0 0 0 0 0 0 0 2229 1921536 0 0 0 6958 99345 114335 584337 569775 1356579 1355901 1989358 1984328 1698103 1695358 16667302 16655587 14874586 14866938 15992906 15991416 1835226 1844852 165335 171378 14992511 14987794 1394590 1405904 16674691 16654293 15842425 15866172 1392793 1379201
B -707032 -707032 578968 578968 -466867 -466867 382997 382997 -302654 -302654 249208 249208 -201949 -201949 171371 171371 -162587 -162587 156775 156775 -166770 -166770 158062 158062 -163089 -163089 159850 159850 -157378 -157378 154316 154316
S 0 0 0 0 4194304 4194304 4194304 8323072 4194304 4194304 4194304 4194304 0 0 0 0 1355150 9437184 1202353 2097152 1354824 0 1359388 8562944 2229 1921536 9928325 13650438 16775701 3030656 16315635 1411572 15004720 14737681 1209787 14737681 1209787 16544172 850310 252902 16253396 16532768 8388606 0 0 0 0 0 0 0 0 0 0 0 0 0 0 0 0 0 0 0 0 0 2229 1921536 1392793 1379201 15344113 15382191 1096414 1219460 16139416 15547550 229869 1302121 223888 15342713 16165223 1608826 995107 14974313 15506159 1956544 1421151 14705717 15288826 2115492 1469115 14641023 15369298 2040167 1240104 14884759 15782389 1634228 666491 15481216 16544172 850310
B -144087 -144087 153992 153992 -149281 -149281 137750 137750 -123673 -123673 90936 90936 -78436 -78436 62140 62140 -51745 -51745 49488 49488 -42596 -42596 46809 46809 -47968 -47968 69284 69284 -83279 -83279 113471 113471
S 0 0 0 0 4194304 4194304 4194304 8323072 4194304 4194304 4194304 4194304 0 0 0 0 1352626 9437184 1202353 2097152 1352300 0 1356148 3922176 2229 1921536 6969728 4772194 2311 16246656 16543631 127326 2063770 499513 14681796 499513 14681796 15574116 1656984 16634046 578689 253767 8388606 0 0 0 0 0 0 0 0 0 0 0 0 0 0 0 0 0 0 0 0 0 2229 1921536 16544172 850310 16544420 16433664 853124 16540060 15292333 887761 2013468 15314748 14455588 1826939 2428241 14712721 14428103 2035370 2065954 14959823 15169941 1400296 1068524 15906644 16301396 305436 16731658 232794 528192 16057152 15920191 1134162 1099298 15344805 15574116 1656984
B -126491 -126491 116772 116772 -114231 -114231 97310 97310 -90627 -90627 82324 82324 -80739 -80739 82072 82072 -70189 -70189 71096 71096 -67623 -67623 78150 78150 -70024 -70024 60578 60578 -67475 -67475 50067 50067
S 0 0 0 0 4194304 4194304 4194304 8323072 4194304 4194304 4194304 4194304 0 0 0 0 1358294 9437184 1202353 2097152 1357968 0 1353453 6293760 2229 1921536 1872072 8799972 16773351 4900608 833811 14898126 16091819 1106393 1273248 1106393 1273248 2274482 14703005 22647 144496 16368179 8388606 0 0 0 0 0 0 0 0 0 0 0 0 0 0 0 0 0 0 0 0 0 2229 1921536 15574116 1656984 1330276 14940978 15250856 1993449 1690553 14629740 14962858 2203601 1794283 14620427 15131123 1975391 1357123 15097138 15815605 1289902 511961 15984500 16744510 317092 16330153 176572 985560 16104258 15330813 1166308 1857035 15162494 14589596 1917722 2274482 14703005
B -40918 -40918 23237 23237 -7047 -7047 -3107 -3107 18880 18880 -22286 -22286 29346 29346 -26634 -26634 26308 26308 -42718 -42718 36173 36173 -33894 -33894 28273 28273 -19572 -19572 18267 18267 -15100 -15100
S 0 0 0 0 4194304 4194304 4194304 8323072 4194304 4194304 4194304 4194304 0 0 0 0 1355770 9437184 1202353 2097152 1363636 0 1359597 16701696 2229 1921536 8470711 15387479 16776542 12061248 16540510 864410 14790768 15142225 1754456 15142225 1754456 16576846 139972 16585867 15995537 73501 8388606 0 0 0 0 0 0 0 0 0 0 0 0 0 0 0 0 0 0 0 0 0 2229 1921536 2274482 14703005 14560089 2053455 1987974 14882192 15138435 1610593 1193900 15570890 16130521 722217 67914 16620158 537249 16357352 15673161 997521 1650679 15231772 14683971 1922373 2248483 14673425 14596268 2045374 1890092 15000218 15368108 1330823 835689 16014596 16576846 139972
B 29259 29259 -35158 -35158 56244 56244 -64093 -64093 49082 49082 -57252 -57252 51869 51869 -58235 -58235 62823 62823 -66169 -66169 65186 65186 -44227 -44227 31949 31949 -10004 -10004 -5134 -5134 19832 19832
S 0 0 0 0 4194304 4194304 4194304 8323072 4194304 4194304 4194304 4194304 0 0 0 0 1353246 9437184 1202353 2097152 1361112 0 1356430 9345280 2229 1921536 4059285 9542680 16773711 1833472 16256376 590398 1936464 232482 14697414 232482 14697414 15231790 1624757 16529247 318495 16124087 8388606 0 0 0 0 0 0 0 0 0 0 0 0 0 0 0 0 0 0 0 0 0 2229 1921536 16576846 139972 16421516 472736 833089 15803495 15620463 1381732 1477633 15043211 15001283 1972262 1892311 14655900 14872748 2111947 1752287 14791991 15313217 1715294 1045331 15467209 16281694 756266 16723715 16653810 560178 16344835 15813948 923252 1293453 15463230 15231790 1624757
B -37637 -37637 41233 41233 -59885 -59885 66141 66141 -95405 -95405 107400 107400 -105835 -105835 116839 116839 -112752 -112752 121726 121726 -118890 -118890 106777 106777 -93818 -93818 70016 70016 -52042 -52042 17920 17920
S 0 0 0 0 4194304 4194304 4194304 8323072 4194304 4194304 4194304 4194304 0 0 0 0 1358914 9437184 1202353 2097152 1358588 0 1353323 15481088 2229 1921536 5407923 14870274 16776292 2523008 583854 15006702 15899368 877692 1486548 877692 1486548 2148597 14700299 16734217 370757 154708 8388606 0 0 0 0 0 0 0 0 0 0 0 0 0 0 0 0 0 0 0 0 0 2229 1921536 15231790 1624757 1717076 14909592 14922304 2019847 1847367 14690309 14999343 2042440 1611109 14784489 15365753 1841063 1120210 15233667 16018555 1226018 336227 15989981 146218 340686 16103091 198567 1159311 16045016 15184473 1217473 1885022 15172261 14693328 1875720 2148597 14700299
B -9674 -9674 7620 7620 6041 6041 -18817 -18817 35262 35262 -33389 -33389 41860 41860 -54482 -54482 47975 47975 -60650 -60650 60659 60659 -60225 -60225 55114 55114 -52493 -52493 67310 67310 -67739 -67739
S 0 0 0 0 4194304 4194304 4194304 8323072 4194304 4194304 4194304 4194304 0 0 0 0 1356390 9437184 1202353 2097152 1356064 0 1359018 7194880 2229 1921536 8856338 2410445 1167 13085888 113226 1456100 15203172 15004145 1391344 15004145 1391344 16543264 16740213 16365624 16089506 65533 8388606 0 0 0 0 0 0 0 0 0 0 0 0 0 0 0 0 0 0 0 0 0 2229 1921536 2148597 14700299 14586802 2151720 2035703 14771993 15030884 1770496 1346503 15355445 15951482 966783 243724 16399939 399815 16544843 15658904 900386 1716810 15252306 14586864 1947753 2316135 14703719 14622748 1913569 1768239 15229436 15531627 1035618 716316 16330142 16543264 16740213
B 78049 78049 -73010 -73010 74748 74748 -64662 -64662 41721 41721 -39838 -39838 16415 16415 -21300 -21300 27203 27203 -33710 -33710 49781 49781 -62317 -62317 100764 100764 -111206 -111206 120336 120336 -113544 -113544
S 0 0 0 0 4194304 4194304 4194304 8323072 4194304 4194304 4194304 4194304 0 0 0 0 1353866 9437184 1202353 2097152 1353540 0 1355386 7256320 2229 1921536 248074 13776215 16775762 1935936 16001969 15723181 1927217 1745991 15153965 1745991 15153965 16572022 16528237 16564469 88056 16149142 8388606 0 0 0 0 0 0 0 0 0 0 0 0 0 0 0 0 0 0 0 0 0 2229 1921536 16543264 16740213 16617766 471646 490838 15994341 16015390 1060819 1005328 15513241 15451246 1492855 1562950 15054915 14909307 1933572 1980152 14711864 14757766 2128262 1931491 14710885 15022216 1954125 1483968 15043980 15592625 1587650 815195 15517198 16435434 823129 16572022 16528237
B 89282 89282 -74053 -74053 49117 49117 -33132 -33132 3552 3552 22435 22435 -46753 -46753 83619 83619 -113289 -113289 146920 146920 -160873 -160873 191348 191348 -199233 -199233 201044 201044 -200302 -200302 204149 204149
S 0 0 0 0 4194304 4194304 4194304 8323072 4194304 4194304 4194304 4194304 0 0 0 0 1359534 9437184 1202353 2097152 1359208 0 1358833 3893504 2229 1921536 7743737 13454440 16775606 3794432 325062 1788938 15491037 14679463 774983 14679463 774983 204077 612521 16656085 624096 16735052 8388606 0 0 0 0 0 0 0 0 0 0 0 0 0 0 0 0 0 0 0 0 0 2229 1921536 16572022 16528237 674489 16459858 15648826 832180 1457811 15515874 15052159 1592529 1837835 14953589 14897419 1969537 1821586 14768620 15093132 2018562 1521388 14802673 15447936 1916962 1130582 15003144 15880139 1662471 661956 15318330 16394332 1187062 83677 15892333 204077 612521
B -219952 -219952 214855 214855 -209135 -209135 188822 188822 -182587 -182587 176207 176207 -148953 -148953 130793 130793 -99873 -99873 79541 79541 -51955 -51955 15143 15143 -7272 -7272 -14083 -14083 16143 16143 -13545 -13545
S 0 0 0 0 4194304 4194304 4194304 8323072 4194304 4194304 4194304 4194304 0 0 0 0 1357010 9437184 1202353 2097152 1348492 0 1356557 16705792 2229 1921536 10999633 5176139 2507 11177280 349458 593355 1904389 602449 14688466 602449 14688466 15679585 1043451 247238 16303483 422021 8388606 0 0 0 0 0 0 0 0 0 0 0 0 0 0 0 0 0 0 0 0 0 2229 1921536 204077 612521 16232102 16442525 900011 16736625 15498575 442104 1631589 15900916 14735867 1311004 2398743 15083304 14212918 1968488 2600196 14700195 14319702 2058024 2200397 14894984 14940173 1629223 1365103 15472687 15964956 783174 154899 16565988 514077 16327713 15679585 1043451
B 3890 3890 15263 15263 -7244 -7244 8266 8266 -2275 -2275 11558 11558 -22593 -22593 15258 15258 -18205 -18205 3647 3647 6791 6791 1901 1901 -5097 -5097 17266 17266 -25442 -25442 30841 30841
S 0 0 0 0 4194304 4194304 4194304 8323072 4194304 4194304 4194304 4194304 0 0 0 0 1354486 9437184 1202353 2097152 1354160 0 1355544 14403840 2229 1921536 13159030 5714006 2768 4106880 16066710 15696147 1959469 1890564 15256945 1890564 15256945 862568 16038015 161376 16545360 368533 8388606 0 0 0 0 0 0 0 0 0 0 0 0 0 0 0 0 0 0 0 0 0 2229 1921536 15679585 1043451 1539446 15253333 14913657 1924613 2102655 14645587 14701183 2109099 1830987 14937131 15367824 1455625 787225 15899620 16673808 164442 16168282 536115 1177853 15613953 15076060 1728320 2084487 14700334 14586085 2170746 1957440 14888842 15289658 1385790 862568 16038015
B -37649 -37649 17767 17767 -16004 -16004 4362 4362 1416 1416 713 713 6759 6759 7696 7696 -5614 -5614 9079 9079 -7277 -7277 -11144 -11144 17513 17513 -33120 -33120 36369 36369 -51845 -51845
S 0 0 0 0 4194304 4194304 4194304 8323072 4194304 4194304 4194304 4194304 0 0 0 0 1351962 9437184 1202353 2097152 1359828 0 1359861 4794624 2229 1921536 8361191 8449355 16773181 7212352 94325 259560 14684446 16033523 2047780 16033523 2047780 1354820 15215017 16327592 829695 15779049 8388606 0 0 0 0 0 0 0 0 0 0 0 0 0 0 0 0 0 0 0 0 0 2229 1921536 862568 16038015 16530010 96612 16286097 562188 1129414 15583786 15082527 1712140 1998426 14784455 14736714 2043356 1845551 14958704 15286314 1521686 1035316 15719445 16238601 574933 33055 16715054 351546 16381097 16065901 781367 961084 15683653 15578410 1344285 1354820 15215017
B 61851 61851 -75375 -75375 92780 92780 -106977 -106977 136020 136020 -139455 -139455 163493 163493 -179216 -179216 207165 207165 -234868 -234868 258888 258888 -288258 -288258 302573 302573 -320750 -320750 323551 323551 -329176 -329176
S 0 0 0 0 4194304 4194304 4194304 8323072 4194304 4194304 4194304 4194304 0 0 0 0 1357630 9437184 1202353 2097152 1357304 0 1354538 1751296 2229 1921536 14424994 9672913 16773774 3402688 604780 14835142 1006625 2112563 16324586 2112563 16324586 16540114 15697614 37456 16534752 16646750 8388606 0 0 0 0 0 0 0 0 0 0 0 0 0 0 0 0 0 0 0 0 0 2229 1921536 1354820 15215017 15298849 1725772 1559048 14916668 15181506 1966833 1603058 14746252 15233496 2087803 1541122 14678275 15362357 2068833 1288841 14771513 15689788 1916091 912595 14925149 16073969 1738800 521222 15102963 16436559 1550951 161587 15332630 25622 1268583 16540114 15697614
B 318754 318754 -302534 -302534 285572 285572 -261541 -261541 261275 261275 -240284 -240284 213872 213872 -188131 -188131 160006 160006 -143423 -143423 106012 106012 -80250 -80250 69684 69684 -61432 -61432 78206 78206 -85383 -85383
S 0 0 0 0 4194304 4194304 4194304 8323072 4194304 4194304 4194304 4194304 0 0 0 0 1355106 9437184 1202353 2097152 1354780 0 1352245 12011776 2229 1921536 10095657 10132545 16773996 14749632 16283136 16306863 14791231 16442615 2086859 16442615 2086859 1067107 15368577 16633694 16258900 16546218 8388606 0 0 0 0 0 0 0 0 0 0 0 0 0 0 0 0 0 0 0 0 0 2229 1921536 16540114 15697614 512332 762685 15964543 16379753 1196550 16722957 15198836 532218 2122529 15699788 14245842 1570238 2798758 14833947 13927415 2097277 2691634 14725608 14438983 1764543 1849728 15351536 15581018 875201 503527 16552425 181052 16350437 16108816 981225 1067107 15368577
B 101852 101852 -113134 -113134 116873 116873 -126183 -126183 124253 124253 -135216 -135216 132459 132459 -134619 -134619 132688 132688 -117820 -117820 110554 110554 -97034 -97034 97444 97444 -92922 -92922 78018 78018 -66963 -66963
S 0 0 0 0 4194304 4194304 4194304 8323072 4194304 4194304 4194304 4194304 0 0 0 0 1352582 9437184 1202353 2097152 1360448 0 1358002 11798784 2229 1921536 7123268 11139006 16774484 7983232 16551250 2072299 13488 15219085 16017428 15219085 16017428 14455903 2053462 16749777 585591 16695279 8388606 0 0 0 0 0 0 0 0 0 0 0 0 0 0 0 0 0 0 0 0 0 2229 1921536 1067107 15368577 15469651 1714975 1485948 14838734 15198360 2046349 1598522 14673964 15261225 2013003 1337995 14898358 15715013 1592039 692784 15545959 16565741 742230 16502570 16580582 820196 16399237 15458529 930551 1842330 15324663 14577423 1828107 2367430 14721861 14455903 2053462
ENDSET
SET 13 A=11776
P 64 64 64 0 64 64 64 64
B 853 853 26257 26257 142872 142872 356314 356314 634778 634778 928099 928099 1027327 1027327 693049 693049 -33922 -33922 -792127 -792127 -989159 -989159 -188329 -188329 872670 872670 817688 817688 -412160 -412160 -946333 -946333
S 0 0 0 0 4194304 4194304 4194304 0 4194304 4194304 4194304 4194304 0 0 0 0 1358087 9437184 7888043 2097152 1357156 0 1353659 14231552 1093 12619776 11280670 9465747 0 0 161506 16430109 1295848 14952660 15311373 14952660 15311373 14881208 14887894 3951 16133238 16132455 8388606 0 0 0 0 0 0 0 0 0 0 0 0 0 0 0 0 0 0 0 0 0 1093 12619776 0 0 0 3415 48904 56125 288622 282868 707460 717797 1271479 1267635 1859951 1852445 2051085 2058224 1390689 1381510 16708876 16709870 15191255 15194669 14800587 14797212 16399808 16401309 1749846 1740837 1629572 1641181 15960109 15945683 14881208 14887894
B 337603 337603 949809 949809 -556089 -556089 -868395 -868395 629988 629988 719107 719107 -855006 -855006 -566737 -566737 926659 926659 388203 388203 -988381 -988381 -151900 -151900 1087366 1087366 -33064 -33064 -992174 -992174 255661 255661
S 0 0 0 0 4194304 4194304 4194304 0 4194304 4194304 4194304 4194304 0 0 0 0 1355371 9437184 7888043 2097152 1354440 0 1355703 6248448 1093 12619776 13948529 7168551 0 0 16157777 2085028 1588986 891605 1551198 891605 1551198 507874 514773 16588493 16613823 755537 8388606 0 0 0 0 0 0 0 0 0 0 0 0 0 0 0 0 0 0 0 0 0 1093 12619776 14881208 14887894 682528 667884 1902739 1896499 15661027 15669051 15040783 15040069 1264572 1255383 1432035 1444395 15072456 15061953 15636895 15650592 1863939 1842700 764861 787954 14808516 14792394 16467266 16479569 2183299 2166166 16700472 16721707 14800726 14785011 507874 514773
B 1013520 1013520 -499102 -499102 -867768 -867768 603071 603071 745383 745383 -869828 -869828 -573562 -573562 887900 887900 383154 383154 -1032291 -1032291 -135374 -135374 1054983 1054983 -33583 -33583 -1005142 -1005142 309919 309919 1005297 1005297
S 0 0 0 0 4194304 4194304 4194304 0 4194304 4194304 4194304 4194304 0 0 0 0 1352655 9437184 7888043 2097152 1351724 0 1357857 1591296 1093 12619776 8269939 283041 0 0 773355 146995 15345377 1795268 1304592 1795268 1304592 2018978 2002211 140630 780732 16686411 8388606 0 0 0 0 0 0 0 0 0 0 0 0 0 0 0 0 0 0 0 0 0 1093 12619776 507874 514773 2030029 2024051 15774468 15783556 15045025 15038336 1206760 1205527 1488251 1493283 15039587 15035533 15626988 15633196 1782121 1769479 758476 774141 14719061 14706210 16499793 16513145 2119907 2100027 16698062 16722039 14776387 14757479 613120 626556 2018978 2002211
B -486407 -486407 -843746 -843746 653465 653465 731466 731466 -879152 -879152 -545871 -545871 889966 889966 345246 345246 -1071300 -1071300 -109766 -109766 1018583 1018583 -65542 -65542 -1029730 -1029730 362350 362350 973346 973346 -483154 -483154
S 0 0 0 0 4194304 4194304 4194304 0 4194304 4194304 4194304 4194304 0 0 0 0 1358131 9437184 7888043 2097152 1357200 0 1352023 7485440 1093 12619776 11497615 9331156 0 0 16637326 14688905 15586496 15573780 15027670 15573780 15027670 15799594 15822222 46574 16174149 16110929 8388606 0 0 0 0 0 0 0 0 0 0 0 0 0 0 0 0 0 0 0 0 0 1093 12619776 2018978 2002211 15793121 15815686 15099699 15079749 1301626 1312237 1466637 1459230 15013417 15024407 15691066 15679885 1778045 1781820 689225 691760 14635750 14633482 16556446 16558924 2041141 2033193 16639458 16652809 14723969 14711546 718956 730445 1955021 1938365 15799594 15822222
B -829061 -829061 722362 722362 706878 706878 -862543 -862543 -516790 -516790 924709 924709 300355 300355 -1080592 -1080592 -92369 -92369 999245 999245 -117881 -117881 -1049664 -1049664 389516 389516 933366 933366 -501184 -501184 -821535 -821535
S 0 0 0 0 4194304 4194304 4194304 0 4194304 4194304 4194304 4194304 0 0 0 0 1355415 9437184 7888043 2097152 1354484 0 1354197 13613056 1093 12619776 13683676 7017470 0 0 16140971 630369 1892942 15365461 16080599 15365461 16080599 15139754 15128538 16590632 16587721 744078 8388606 0 0 0 0 0 0 0 0 0 0 0 0 0 0 0 0 0 0 0 0 0 1093 12619776 15799594 15822222 15129377 15108811 1437468 1451981 1421687 1405828 15040883 15063377 15755204 15732070 1842106 1856731 605262 596159 14609925 14622139 16599926 16585033 1993870 2003113 16541947 16540961 14678097 14677682 779463 778601 1868115 1865351 15770082 15779615 15139754 15128538
B 781154 781154 675708 675708 -839559 -839559 -487437 -487437 979455 979455 257902 257902 -1058672 -1058672 -75113 -75113 1006411 1006411 -182095 -182095 -1049916 -1049916 393845 393845 900812 900812 -547993 -547993 -812531 -812531 809652 809652
S 0 0 0 0 4194304 4194304 4194304 0 4194304 4194304 4194304 4194304 0 0 0 0 1352699 9437184 7888043 2097152 1351768 0 1356359 6244352 1093 12619776 8312670 565761 0 0 763697 1967064 809050 1780323 2032384 1780323 2032384 1621028 1617582 136344 788856 16713970 8388606 0 0 0 0 0 0 0 0 0 0 0 0 0 0 0 0 0 0 0 0 0 1093 12619776 15139754 15128538 1557452 1567167 1357927 1344906 15088239 15107958 15812783 15791901 1951164 1966658 523196 508414 14649279 14670466 16639380 16614602 2003637 2022009 16418552 16407500 14671002 14683769 796357 779025 1794456 1808795 15683841 15678619 15151396 15152913 1621028 1617582
B 641939 641939 -834683 -834683 -454285 -454285 1030945 1030945 225001 225001 -1022671 -1022671 -47872 -47872 1033624 1033624 -241079 -241079 -1026011 -1026011 391733 391733 883919 883919 -615396 -615396 -795317 -795317 805423 805423 609894 609894
S 0 0 0 0 4194304 4194304 4194304 0 4194304 4194304 4194304 4194304 0 0 0 0 1358175 9437184 7888043 2097152 1357244 0 1358718 3553280 1093 12619776 11720573 9205044 0 0 16664692 15746976 14714748 1007441 312513 1007441 312513 1210492 1229084 52902 16193275 16095148 8388606 0 0 0 0 0 0 0 0 0 0 0 0 0 0 0 0 0 0 0 0 0 1093 12619776 1621028 1617582 1282807 1284950 15105498 15110202 15873217 15864076 2057814 2065968 454759 445246 14723988 14739760 16691345 16671600 2059146 2075351 16301977 16288141 14715651 14734738 795891 771041 1757117 1778561 15553090 15539759 15180075 15193092 1620116 1601579 1210492 1229084
B -861228 -861228 -415685 -415685 1056864 1056864 201564 201564 -996845 -996845 -3817 -3817 1063705 1063705 -279455 -279455 -987067 -987067 402924 402924 880069 880069 -682023 -682023 -768055 -768055 784995 784995 581531 581531 -914184 -914184
S 0 0 0 0 4194304 4194304 4194304 0 4194304 4194304 4194304 4194304 0 0 0 0 1355459 9437184 7888043 2097152 1354528 0 1352704 7985152 1093 12619776 13422346 6858398 0 0 16123844 15213330 16735230 14756134 14672258 14756134 14672258 14956720 14940977 16589002 16560887 731982 8388606 0 0 0 0 0 0 0 0 0 0 0 0 0 0 0 0 0 0 0 0 0 1093 12619776 1210492 1229084 15059744 15049778 15943944 15947749 2116409 2111047 399947 406311 14783877 14783178 16772600 16766566 2124105 2130716 16221511 16215104 14797451 14808713 814412 797287 1752001 1768276 15419722 15406619 15232825 15249387 1581703 1558277 1151381 1174744 14956720 14940977
B -375811 -375811 1048466 1048466 182008 182008 -997153 -997153 54720 54720 1077893 1077893 -294158 -294158 -950134 -950134 440327 440327 879372 879372 -725496 -725496 -733446 -733446 773972 773972 553740 553740 -973767 -973767 -340432 -340432
S 0 0 0 0 4194304 4194304 4194304 0 4194304 4194304 4194304 4194304 0 0 0 0 1352743 9437184 7888043 2097152 1351812 0 1354862 8562688 1093 12619776 8345935 847835 0 0 753124 1473465 2096336 16447121 371331 16447121 371331 16089360 16103344 131631 796042 16741611 8388606 0 0 0 0 0 0 0 0 0 0 0 0 0 0 0 0 0 0 0 0 0 1093 12619776 14956720 14940977 16018990 16032199 2106254 2087610 353213 374819 14790302 14775521 106134 112748 2159196 2152378 16184075 16193728 14880022 14873874 881592 879718 1756351 1761137 15328127 15324321 15306987 15313662 1554547 1541343 1099803 1115159 14835933 14823431 16089360 16103344
B 1017029 1017029 157925 157925 -1023276 -1023276 115012 115012 1065794 1065794 -295862 -295862 -928981 -928981 502000 502000 871880 871880 -735503 -735503 -698320 -698320 791030 791030 522597 522597 -1015240 -1015240 -311942 -311942 986779 986779
S 0 0 0 0 4194304 4194304 4194304 0 4194304 4194304 4194304 4194304 0 0 0 0 1358219 9437184 7888043 2097152 1357288 0 1357220 16046080 1093 12619776 11949289 9087556 0 0 16692185 1244867 16279575 2031939 2005178 2031939 2005178 1977745 1969373 59154 16213064 16080144 8388606 0 0 0 0 0 0 0 0 0 0 0 0 0 0 0 0 0 0 0 0 0 1093 12619776 16089360 16103344 2044459 2023658 303939 327764 14739647 14721681 223244 236805 2140555 2122624 16173912 16197073 14928822 14909689 999033 1008967 1747791 1739729 15300261 15312162 15386121 15375033 1580519 1583604 1043990 1046400 14747570 14745902 16152124 16154540 1977745 1969373
B 121233 121233 -1060598 -1060598 161868 161868 1031555 1031555 -303285 -303285 -925627 -925627 571978 571978 851635 851635 -721736 -721736 -668434 -668434 838424 838424 488216 488216 -1022734 -1022734 -288674 -288674 979019 979019 70396 70396
S 0 0 0 0 4194304 4194304 4194304 0 4194304 4194304 4194304 4194304 0 0 0 0 1355503 9437184 7888043 2097152 1354572 0 1359403 2324480 1093 12619776 13164835 6691515 0 0 16107460 14860447 14849622 16532367 15747171 16532367 15747171 141145 140442 16587586 16534299 719052 8388606 0 0 0 0 0 0 0 0 0 0 0 0 0 0 0 0 0 0 0 0 0 1093 12619776 1977745 1969373 235874 249058 14661921 14650121 317937 329535 2071797 2054426 16159301 16181992 14935754 14916173 1136886 1151028 1711640 1694900 15322106 15345385 15451614 15429084 1670050 1683646 981121 971744 14725143 14738355 16207415 16192321 1953824 1962254 141145 140442
B -1088343 -1088343 186854 186854 991969 991969 -331721 -331721 -931549 -931549 627539 627539 819104 819104 -707781 -707781 -643493 -643493 901717 901717 453580 453580 -1000166 -1000166 -264813 -264813 1000557 1000557 12507 12507 -1090479 -1090479
S 0 0 0 0 4194304 4194304 4194304 0 4194304 4194304 4194304 4194304 0 0 0 0 1352787 9437184 7888043 2097152 1351856 0 1353365 12208128 1093 12619776 8369695 1128945 0 0 741695 16025261 915722 14721856 15050236 14721856 15050236 14589368 14603149 126768 802321 16769292 8388606 0 0 0 0 0 0 0 0 0 0 0 0 0 0 0 0 0 0 0 0 0 1093 12619776 141145 140442 14600443 14600619 374309 373109 1985509 1982368 16108909 16118642 14919463 14908774 1250315 1259843 1644992 1631424 15351621 15371690 15500302 15480160 1796019 1810852 914845 899475 14765818 14787950 16259867 16235314 1992502 2009729 30491 19539 14589368 14603149
B 195103 195103 965208 965208 -385207 -385207 -934387 -934387 652363 652363 781791 781791 -715661 -715661 -619358 -619358 956076 956076 422199 422199 -968726 -968726 -233603 -233603 1041354 1041354 -39068 -39068 -1064941 -1064941 202030 202030
S 0 0 0 0 4194304 4194304 4194304 0 4194304 4194304 4194304 4194304 0 0 0 0 1358263 9437184 7888043 2097152 1357332 0 1355723 10631168 1093 12619776 12183503 8978824 0 0 16719775 2049421 1655107 663458 1332052 663458 1332052 416566 391556 65338 16233495 16065933 8388606 0 0 0 0 0 0 0 0 0 0 0 0 0 0 0 0 0 0 0 0 0 1093 12619776 14589368 14603149 399154 381258 1923598 1937237 16009094 16004512 14907452 14909434 1306757 1302696 1562596 1564570 15343309 15348479 15542931 15534071 1908279 1916027 849302 839495 14831624 14847907 16319691 16300329 2075007 2090412 16706124 16692038 14637312 14657356 416566 391556
B 959224 959224 -454159 -454159 -923816 -923816 648792 648792 748632 748632 -754883 -754883 -592188 -592188 980391 980391 394794 394794 -953207 -953207 -190808 -190808 1080739 1080739 -72946 -72946 -1025628 -1025628 223210 223210 969020 969020
S 0 0 0 0 4194304 4194304 4194304 0 4194304 4194304 4194304 4194304 0 0 0 0 1355547 9437184 7888043 2097152 1354616 0 1357909 13187072 1093 12619776 12911439 6517012 0 0 16091840 16764716 15230031 1817225 1259656 1817225 1259656 1930287 1945795 16586385 16507988 705303 8388606 0 0 0 0 0 0 0 0 0 0 0 0 0 0 0 0 0 0 0 0 0 1093 12619776 416566 391556 1908268 1928628 15875313 15862484 14922647 14936523 1307283 1287886 1488188 1506340 15271968 15262932 15590838 15594844 1963868 1957696 786330 792847 14870865 14870739 16398637 16392566 2158432 2164527 16634512 16628139 14720082 14731840 454974 437869 1930287 1945795
B -517720 -517720 -896855 -896855 635571 635571 723889 723889 -817306 -817306 -561654 -561654 970429 970429 368938 368938 -967492 -967492 -138239 -138239 1098282 1098282 -89334 -89334 -993318 -993318 267661 267661 981333 981333 -556473 -556473
S 0 0 0 0 4194304 4194304 4194304 0 4194304 4194304 4194304 4194304 0 0 0 0 1352831 9437184 7888043 2097152 1351900 0 1351869 288768 1093 12619776 8383924 1408768 0 0 729421 14683631 15434442 15412251 14979841 15412251 14979841 15666004 15662539 121761 807686 19766 8388606 0 0 0 0 0 0 0 0 0 0 0 0 0 0 0 0 0 0 0 0 0 1093 12619776 1930287 1945795 15748274 15735278 14974810 14992204 1283101 1259185 1436512 1459044 15150067 15135141 15647007 15660810 1950707 1931011 727113 748640 14849089 14835376 16497521 16503958 2200396 2192733 16593479 16603617 14793396 14787767 536465 534181 1960496 1964836 15666004 15662539
B -859374 -859374 636145 636145 704893 704893 -880731 -880731 -530253 -530253 941789 941789 340694 340694 -1007656 -1007656 -86079 -86079 1085073 1085073 -98639 -98639 -982202 -982202 331720 331720 982241 982241 -565338 -565338 -822555 -822555
S 0 0 0 0 4194304 4194304 4194304 0 4194304 4194304 4194304 4194304 0 0 0 0 1358307 9437184 7888043 2097152 1357376 0 1354226 4032512 1093 12619776 12422948 8878973 0 0 16747430 433123 1852485 15290455 15865199 15290455 15865199 15137505 15126708 71449 16254546 16052533 8388606 0 0 0 0 0 0 0 0 0 0 0 0 0 0 0 0 0 0 0 0 0 1093 12619776 15666004 15662539 15054970 15061966 1279029 1265551 1402400 1417174 15021802 15009708 15709440 15723983 1894317 1872842 669721 693057 14770385 14753423 16598167 16611949 2179659 2160635 16568199 16591677 14821877 14803750 658759 668124 1968885 1960082 15640192 15652891 15137505 15126708
ENDSET
SET 14 A=16000
P 64 64 64 64 127 64 64 64
B 1160 1160 35643 35643 193268 193268 469813 469813 790676 790676 1027681 1027681 887600 887600 214979 214979 -715819 -715819 -967793 -967793 31168 31168 992370 992370 152989 152989 -1004010 -1004010 153640 153640 847172 847172
S 0 0 0 0 4194304 4194304 4194304 4194304 8323072 4194304 4194304 4194304 0 0 0 0 1357596 0 5130040 0 1352728 0 1359402 415232 1486 1281024 180138 8101661 1977 15847424 16721045 15695655 14687127 1498622 686043 1498622 686043 1709487 1679203 16721390 631882 297628 8388606 0 0 0 0 0 0 0 0 0 0 0 0 0 0 0 0 0 0 0 0 0 1486 1281024 0 0 0 4640 66388 76187 392223 380850 942899 936353 1586271 1576433 2053535 2057191 1777126 1773275 434789 425130 15348556 15342601 14845514 14837748 65035 59639 1984296 1985186 300158 311801 14787075 14751319 297249 317311 1709487 1679203
B -790443 -790443 783 783 782472 782472 -1002494 -1002494 536624 536624 319539 319539 -947585 -947585 979605 979605 -375512 -375512 -428258 -428258 978725 978725 -941158 -941158 291057 291057 520401 520401 -1033549 -1033549 883440 883440
S 0 0 0 0 4194304 4194304 4194304 4194304 8323072 4194304 4194304 4194304 0 0 0 0 1359388 0 5130040 0 1353776 0 1358564 15619584 1486 1281024 8586834 5201416 1269 14712832 29476 330162 15032922 2026619 1917257 2026619 1917257 1776407 1757355 18681 16013646 150902 8388606 0 0 0 0 0 0 0 0 0 0 0 0 0 0 0 0 0 0 0 0 0 1486 1281024 1709487 1679203 15189820 15202842 22370 16757979 1546045 1583843 14796101 14748355 1062759 1083738 662066 616092 14847480 14916614 1972457 1945965 16021268 16031118 15937620 15903783 1939809 1975092 14921440 14868362 538617 625611 1058694 1022912 14706007 14714232 1776407 1757355
B -170618 -170618 -658426 -658426 1055735 1055735 -723659 -723659 -105918 -105918 893094 893094 -1019644 -1019644 356412 356412 586194 586194 -1036830 -1036830 663636 663636 260649 260649 -966398 -966398 903860 903860 -122929 -122929 -730889 -730889
S 0 0 0 0 4194304 4194304 4194304 4194304 8323072 4194304 4194304 4194304 0 0 0 0 1352988 0 5130040 0 1354824 0 1356095 13940224 1486 1281024 13401350 10759767 16775746 15036416 16036048 1877410 1623862 15782421 293625 15782421 293625 15320005 15310871 16659816 16551390 15941686 8388606 0 0 0 0 0 0 0 0 0 0 0 0 0 0 0 0 0 0 0 0 0 1486 1281024 1776407 1757355 16422830 16449130 15465632 15455098 2094437 2128503 15333963 15325836 16575811 16554951 1778444 1793932 14730594 14745262 706185 719465 1171403 1173375 14709258 14697856 1339931 1314614 503321 539277 14840949 14847891 1816991 1798451 16531519 16531198 15320005 15310871
B 1020738 1020738 -579638 -579638 -334234 -334234 984600 984600 -913662 -913662 154289 154289 717177 717177 -1033038 -1033038 588448 588448 315754 315754 -974247 -974247 924482 924482 -165288 -165288 -734681 -734681 1048885 1048885 -502137 -502137
S 0 0 0 0 4194304 4194304 4194304 4194304 8323072 4194304 4194304 4194304 0 0 0 0 1354780 0 5130040 0 1355872 0 1353507 5027328 1486 1281024 6873184 8364921 2042 3641344 16544710 15220578 598899 15320516 14737741 15320516 14737741 15777292 15768595 16531362 579667 16711570 8388606 0 0 0 0 0 0 0 0 0 0 0 0 0 0 0 0 0 0 0 0 0 1486 1281024 15320005 15310871 2042582 2040372 15609932 15625949 16106313 16111186 1991950 1946451 14939949 14959838 318002 299155 1421768 1446943 14711485 14710798 1181123 1172671 650892 612126 14807476 14849968 1848848 1849083 16442799 16450482 15303816 15311892 2108223 2087318 15777292 15768595
B -435890 -435890 1021215 1021215 -779761 -779761 -103361 -103361 896260 896260 -977879 -977879 263685 263685 633389 633389 -1056210 -1056210 614556 614556 336226 336226 -993560 -993560 843874 843874 -23673 -23673 -789322 -789322 1016267 1016267
S 0 0 0 0 4194304 4194304 4194304 4194304 8323072 4194304 4194304 4194304 0 0 0 0 1356572 0 5130040 0 1356920 0 1358938 11154944 1486 1281024 6057650 9169428 16775358 10567680 569583 16459971 14763828 2075265 1530817 2075265 1530817 2016602 2048467 23980 459146 15761264 8388606 0 0 0 0 0 0 0 0 0 0 0 0 0 0 0 0 0 0 0 0 0 1486 1281024 15777292 15768595 15883435 15927440 2045322 2039539 15219953 15215437 16566030 16574959 1804569 1780472 14803448 14839469 525848 528892 1271212 1262346 14680812 14648780 1212385 1245840 689682 655224 14771497 14808698 1698510 1676989 16738919 16720821 15206849 15190298 2016602 2048467
B -492980 -492980 -382287 -382287 1003431 1003431 -909392 -909392 126355 126355 772223 772223 -1041380 -1041380 452726 452726 492324 492324 -1045936 -1045936 703146 703146 210056 210056 -960022 -960022 900210 900210 -111704 -111704 -770316 -770316
S 0 0 0 0 4194304 4194304 4194304 4194304 8323072 4194304 4194304 4194304 0 0 0 0 1358364 0 5130040 0 1357968 0 1355807 13444608 1486 1281024 12267609 13788234 16776486 4497408 494623 1739733 1849738 15678042 147329 15678042 147329 15236147 15237024 16674617 16434973 16193002 8388606 0 0 0 0 0 0 0 0 0 0 0 0 0 0 0 0 0 0 0 0 0 1486 1281024 2016602 2048467 15803039 15779474 15997405 16027880 2017887 1995837 14973001 14943864 237018 268405 1540508 1548387 14703155 14685760 901267 909638 987016 982280 14689192 14681497 1380232 1432354 429628 410598 14858711 14855633 1807011 1793832 16546358 16561258 15236147 15237024
B 1038509 1038509 -431706 -431706 -510151 -510151 1024809 1024809 -726950 -726950 -116594 -116594 879371 879371 -993436 -993436 391562 391562 515453 515453 -1053101 -1053101 783138 783138 118501 118501 -927990 -927990 930190 930190 -195240 -195240
S 0 0 0 0 4194304 4194304 4194304 4194304 8323072 4194304 4194304 4194304 0 0 0 0 1351964 0 5130040 0 1350824 0 1353054 6813184 1486 1281024 8960005 3708262 905 5660672 16469788 14868340 16669965 15834394 14925197 15834394 14925197 16372052 16401422 16605364 16158145 18486 8388606 0 0 0 0 0 0 0 0 0 0 0 0 0 0 0 0 0 0 0 0 0 1486 1281024 15236147 15237024 2058478 2095561 15938340 15889269 15758147 15755683 2045446 2053793 15315460 15331174 16552541 16535515 1751286 1766201 14812978 14767713 778164 788085 1018556 1043256 14680742 14661287 1564087 1568466 248156 225848 14927265 14915210 1848366 1872396 16372052 16401422
B -722674 -722674 1037679 1037679 -507796 -507796 -431881 -431881 1025642 1025642 -783217 -783217 -78774 -78774 899258 899258 -976953 -976953 256252 256252 654478 654478 -1022971 -1022971 619959 619959 259003 259003 -940070 -940070 955182 955182
S 0 0 0 0 4194304 4194304 4194304 4194304 8323072 4194304 4194304 4194304 0 0 0 0 1353756 0 5130040 0 1351872 0 1358651 13563392 1486 1281024 1459482 5737517 1400 12767232 16139344 120306 14923711 2088414 1793454 2088414 1793454 1924721 1896009 16622021 212489 160590 8388606 0 0 0 0 0 0 0 0 0 0 0 0 0 0 0 0 0 0 0 0 0 1486 1281024 16372052 16401422 15350778 15312960 2068224 2082493 15765766 15757484 15905815 15921094 2046571 2056000 15207270 15214297 16634314 16605023 1786567 1810467 14819303 14827319 509249 515761 1312076 1305839 14735333 14727218 1253085 1226751 499519 536493 14892906 14901248 1924721 1896009
B -297459 -297459 -593550 -593550 1052806 1052806 -745247 -745247 -161290 -161290 910555 910555 -958157 -958157 248801 248801 683950 683950 -1052767 -1052767 571985 571985 387782 387782 -1006087 -1006087 805721 805721 61961 61961 -878092 -878092
S 0 0 0 0 4194304 4194304 4194304 4194304 8323072 4194304 4194304 4194304 0 0 0 0 1355548 0 5130040 0 1352920 0 1355662 7431680 1486 1281024 8386673 6172157 1506 14667776 179164 1560279 1946732 15406617 16556038 15406617 16556038 15012443 15029622 16666442 848420 396179 8388606 0 0 0 0 0 0 0 0 0 0 0 0 0 0 0 0 0 0 0 0 0 1486 1281024 1924721 1896009 16178989 16185607 15606269 15573963 2101248 2109976 15280399 15293048 16452281 16456992 1839244 1802976 14852985 14868822 506463 488744 1358407 1377395 14666062 14677304 1157503 1130438 783037 768092 14752442 14777642 1603804 1619083 126051 121794 15012443 15029622
B 979635 979635 -297466 -297466 -575463 -575463 1027792 1027792 -735287 -735287 -93837 -93837 847313 847313 -1035794 -1035794 474615 474615 423336 423336 -1027529 -1027529 837229 837229 3212 3212 -818881 -818881 1023460 1023460 -396638 -396638
S 0 0 0 0 4194304 4194304 4194304 4194304 8323072 4194304 4194304 4194304 0 0 0 0 1357340 0 5130040 0 1353968 0 1353352 1410560 1486 1281024 1812835 5276788 1288 4669440 850264 15126427 384173 15483243 14758514 15483243 14758514 16004904 15962976 16584763 152316 102736 8388606 0 0 0 0 0 0 0 0 0 0 0 0 0 0 0 0 0 0 0 0 0 1486 1281024 15012443 15029622 1975339 1943201 16180056 16184515 15612096 15640487 2052606 2058565 15315017 15298268 16578396 16600688 1720574 1668680 14684995 14726261 945061 953402 854494 838851 14730481 14713837 1667008 1681910 17119 16772946 15127456 15151452 2046958 2046883 16004904 15962976
B -536329 -536329 1047463 1047463 -708006 -708006 -183688 -183688 926574 926574 -946432 -946432 209448 209448 694515 694515 -1036771 -1036771 592577 592577 286803 286803 -974254 -974254 915776 915776 -187547 -187547 -695865 -695865 1047926 1047926
S 0 0 0 0 4194304 4194304 4194304 4194304 8323072 4194304 4194304 4194304 0 0 0 0 1359132 0 5130040 0 1355016 0 1359048 3356160 1486 1281024 9097876 12074046 16776067 12836864 193407 16238534 14716867 2036621 1336042 2036621 1336042 2097942 2093763 16740660 16162134 16075918 8388606 0 0 0 0 0 0 0 0 0 0 0 0 0 0 0 0 0 0 0 0 0 1486 1281024 16004904 15962976 15701887 15707232 2094477 2095375 15356381 15366028 16409171 16410512 1851969 1854327 14910391 14858314 392749 445046 1392508 1385554 14699894 14707456 1193842 1176468 566266 580946 14844237 14813182 1800019 1863086 16410397 16393847 15385747 15385228 2097942 2093763
B -612913 -612913 -274847 -274847 970446 970446 -914366 -914366 208427 208427 687285 687285 -1064573 -1064573 604064 604064 342031 342031 -1005782 -1005782 824955 824955 27483 27483 -870689 -870689 987985 987985 -287118 -287118 -634161 -634161
S 0 0 0 0 4194304 4194304 4194304 4194304 8323072 4194304 4194304 4194304 0 0 0 0 1352732 0 5130040 0 1356064 0 1356181 16250368 1486 1281024 11968051 8184782 1998 3989504 16196765 1938765 1541841 16004080 491485 16004080 491485 15510353 15507436 16621367 16507517 16709170 8388606 0 0 0 0 0 0 0 0 0 0 0 0 0 0 0 0 0 0 0 0 0 1486 1281024 2097942 2093763 15554014 15548767 16219089 16235956 1927735 1954049 14957031 14939937 433541 400170 1365710 1383432 14650547 14645594 1202738 1213521 681975 686151 14776291 14755016 1661385 1638436 38950 70983 15043941 15027735 1973760 1978183 16213793 16192169 15510353 15507436
B 1025239 1025239 -640250 -640250 -264111 -264111 964297 964297 -929103 -929103 190547 190547 690538 690538 -1027695 -1027695 630931 630931 251363 251363 -940224 -940224 967706 967706 -281928 -281928 -652054 -652054 1063059 1063059 -613964 -613964
S 0 0 0 0 4194304 4194304 4194304 4194304 8323072 4194304 4194304 4194304 0 0 0 0 1354524 0 5130040 0 1357112 0 1353596 16586240 1486 1281024 5802897 8392961 16775169 1052672 16468554 15344217 738288 15138092 14698923 15138092 14698923 15540602 15557975 16590529 510686 15831879 8388606 0 0 0 0 0 0 0 0 0 0 0 0 0 0 0 0 0 0 0 0 0 1486 1281024 15510353 15507436 2046993 2053964 15480707 15512726 16259631 16238357 1934327 1922864 14911691 14926329 383715 378475 1365763 1396392 14719748 14723905 1266010 1257715 513963 491491 14881328 14912210 1941181 1929644 16199808 16226913 15477163 15469053 2139327 2112909 15540602 15557975
B -346011 -346011 991473 991473 -824856 -824856 -24248 -24248 854574 854574 -1000761 -1000761 337370 337370 568242 568242 -1045723 -1045723 699209 699209 231243 231243 -956817 -956817 918672 918672 -127007 -127007 -726058 -726058 1023066 1023066
S 0 0 0 0 4194304 4194304 4194304 4194304 8323072 4194304 4194304 4194304 0 0 0 0 1356316 0 5130040 0 1349968 0 1358964 4937216 1486 1281024 7073343 1319892 322 4014080 466512 16363742 14745803 2056734 1442750 2056734 1442750 2031744 2060523 13844 567256 16530627 8388606 0 0 0 0 0 0 0 0 0 0 0 0 0 0 0 0 0 0 0 0 0 1486 1281024 15540602 15557975 16073553 16096837 1992668 1973226 15128792 15126217 16734318 16723122 1722068 1696229 14758235 14793154 673469 676011 1143035 1129936 14696164 14675376 1394616 1402223 471264 453708 14838043 14889121 1852086 1822604 16528668 16517737 15324483 15325719 2031744 2060523
B -542798 -542798 -349574 -349574 982971 982971 -923887 -923887 151750 151750 740771 740771 -1049474 -1049474 504764 504764 429650 429650 -1025236 -1025236 782179 782179 103024 103024 -914257 -914257 958412 958412 -211051 -211051 -697306 -697306
S 0 0 0 0 4194304 4194304 4194304 4194304 8323072 4194304 4194304 4194304 0 0 0 0 1358108 0 5130040 0 1351016 0 1355890 14468608 1486 1281024 13734201 5788943 1413 5304320 573345 1839781 1762717 15842797 320911 15842797 320911 15382480 15382728 16606572 16506279 231396 8388606 0 0 0 0 0 0 0 0 0 0 0 0 0 0 0 0 0 0 0 0 0 1486 1281024 2031744 2060523 15702689 15680554 16055881 16100255 1987740 1944146 14926773 14932114 290308 316694 1477346 1485739 14678168 14678370 1007949 1011109 874165 844437 14723150 14730340 1542176 1586540 226807 185289 14942395 14955009 1924635 1909013 16351813 16358416 15382480 15382728
B 1051956 1051956 -496162 -496162 -452392 -452392 1022622 1022622 -750725 -750725 -91012 -91012 851850 851850 -1001846 -1001846 419148 419148 456489 456489 -1035306 -1035306 857322 857322 -14257 -14257 -849038 -849038 996354 996354 -332971 -332971
S 0 0 0 0 4194304 4194304 4194304 4194304 8323072 4194304 4194304 4194304 0 0 0 0 1351708 0 5130040 0 1352064 0 1353211 12871168 1486 1281024 8516548 5931641 1448 2592768 16518626 14993387 166116 15606829 14806959 15606829 14806959 16108802 16113746 16532329 16019560 249164 8388606 0 0 0 0 0 0 0 0 0 0 0 0 0 0 0 0 0 0 0 0 0 1486 1281024 15382480 15382728 2094585 2113242 15812215 15757572 15863601 15881265 2044881 2045607 15269133 15282402 16595829 16594558 1701367 1706034 14801833 14745218 813140 863452 909548 916411 14705896 14707315 1710677 1718614 16755932 16741475 15083082 15075199 1975021 2010398 16108802 16113746
ENDSET
SET 15 A=2048
P 64 64 64 64 0 64 64 64
B 148 148 4167 4167 18842 18842 45667 45667 86332 86332 130427 130427 161589 161589 175074 175074 226698 226698 286267 286267 308099 308099 342180 342180 353525 353525 340782 340782 307336 307336 276928 276928
S 0 0 0 0 4194304 4194304 4194304 4194304 0 4194304 4194304 4194304 0 0 0 0 1359792 16515072 57090 16252928 1355480 0 1352039 6438912 190 3653632 1116291 8319888 2031 3735552 288136 529546 554786 545532 520930 545532 520930 558093 549622 16007001 16359280 16318408 8388606 0 0 0 0 0 0 0 0 0 0 0 0 0 0 0 0 0 0 0 0 0 190 3653632 0 0 0 594 8513 8156 45655 29716 98280 84388 174430 170898 270683 251027 320853 325504 346171 354125 454815 451980 566020 579051 622896 609502 675172 693548 711715 702386 676588 686542 609195 620149 558093 549622
B 263913 263913 293350 293350 269395 269395 201989 201989 50940 50940 -157176 -157176 -415022 -415022 -661167 -661167 -856740 -856740 -964475 -964475 -1013966 -1013966 -1037398 -1037398 -1042577 -1042577 -1046757 -1046757 -1045295 -1045295 -1046368 -1046368
S 0 0 0 0 4194304 4194304 4194304 4194304 0 4194304 4194304 4194304 0 0 0 0 1351695 16515072 57090 16252928 1351088 0 1357945 10055680 190 3653632 1718586 6176513 1507 15732736 16717790 14686556 14686824 14686001 14686473 14686001 14686473 14683542 14685419 16116251 16577252 16596031 8388606 0 0 0 0 0 0 0 0 0 0 0 0 0 0 0 0 0 0 0 0 0 190 3653632 558093 549622 528255 527399 585620 587780 544239 533344 406200 401756 107123 96639 16465728 16460000 15952958 15941387 15453828 15455939 15063725 15063748 14847736 14848798 14748682 14749889 14701975 14702865 14692177 14691949 14682879 14684525 14687123 14686131 14683542 14685419
B -1044269 -1044269 -1042630 -1042630 -1035222 -1035222 -1031430 -1031430 -1033029 -1033029 -1043202 -1043202 -1047115 -1047115 -1029677 -1029677 -977723 -977723 -905337 -905337 -856713 -856713 -853081 -853081 -882889 -882889 -934550 -934550 -983439 -983439 -1021644 -1021644
S 0 0 0 0 4194304 4194304 4194304 4194304 0 4194304 4194304 4194304 0 0 0 0 1351790 16515072 57090 16252928 1354888 0 1357727 5332992 190 3653632 2311760 4835488 1180 9043968 2162 14709822 14693992 14733628 14722748 14733628 14722748 14735627 14732229 16200388 16636756 16521923 8388606 0 0 0 0 0 0 0 0 0 0 0 0 0 0 0 0 0 0 0 0 0 190 3653632 14683542 14685419 14689558 14687801 14691367 14692546 14708052 14705494 14714133 14714582 14712228 14710090 14690870 14690757 14682751 14683222 14717340 14718387 14821242 14822298 14967034 14966051 15064639 15062944 15073920 15068188 15011592 15011285 14911314 14904919 14810389 14810289 14735627 14732229
B -1040155 -1040155 -1048671 -1048671 -1046605 -1046605 -1040271 -1040271 -1029085 -1029085 -1025832 -1025832 -1031825 -1031825 -1043392 -1043392 -1048138 -1048138 -1038449 -1038449 -1019644 -1019644 -1015792 -1015792 -1030867 -1030867 -1046199 -1046199 -1042154 -1042154 -1006577 -1006577
S 0 0 0 0 4194304 4194304 4194304 4194304 0 4194304 4194304 4194304 0 0 0 0 1351885 16515072 57090 16252928 1358688 0 1358496 1536000 190 3653632 2892666 11391150 16775901 712704 56314 14824518 14889748 14769925 14791271 14769925 14791271 14762484 14765640 16307810 16690280 15385083 8388606 0 0 0 0 0 0 0 0 0 0 0 0 0 0 0 0 0 0 0 0 0 190 3653632 14735627 14732229 14697049 14696763 14679760 14679988 14684341 14683671 14696883 14696468 14719632 14718463 14726055 14725052 14714515 14712618 14690125 14690739 14681661 14680220 14699342 14701294 14738525 14737334 14745519 14745747 14717096 14713869 14683727 14685909 14693407 14692409 14762484 14765640
B -948814 -948814 -885902 -885902 -835657 -835657 -792997 -792997 -746827 -746827 -722025 -722025 -724383 -724383 -760052 -760052 -817261 -817261 -883026 -883026 -937357 -937357 -967856 -967856 -961788 -961788 -918506 -918506 -840272 -840272 -726974 -726974
S 0 0 0 0 4194304 4194304 4194304 4194304 0 4194304 4194304 4194304 0 0 0 0 1351980 16515072 57090 16252928 1354296 0 1359166 9531392 190 3653632 3458221 14366771 16776627 8597504 109853 15464797 15593448 15335247 15383499 15335247 15383499 15320293 15326244 16302013 16743982 15372681 8388606 0 0 0 0 0 0 0 0 0 0 0 0 0 0 0 0 0 0 0 0 0 190 3653632 14762484 14765640 14877964 14881215 15003900 15006925 15104443 15107363 15191400 15191047 15286623 15280502 15334376 15331956 15330758 15326144 15260287 15253939 15143555 15141833 15015019 15007310 14901777 14903227 14844146 14838864 14850551 14856730 14939619 14940791 15094179 15099167 15320293 15326244
B -603330 -603330 -493678 -493678 -428133 -428133 -409735 -409735 -428642 -428642 -455303 -455303 -514036 -514036 -592293 -592293 -693079 -693079 -794366 -794366 -886595 -886595 -951565 -951565 -988113 -988113 -993409 -993409 -974965 -974965 -937188 -937188
S 0 0 0 0 4194304 4194304 4194304 4194304 0 4194304 4194304 4194304 0 0 0 0 1352075 16515072 57090 16252928 1358096 0 1358645 11673600 190 3653632 4005424 8870340 16775285 10240000 162797 14961829 15024146 14910363 14932457 14910363 14932457 14900929 14904753 16231160 20632 15083723 8388606 0 0 0 0 0 0 0 0 0 0 0 0 0 0 0 0 0 0 0 0 0 190 3653632 15320293 15326244 15568026 15573089 15785862 15793860 15918597 15923305 15955016 15960479 15919694 15920173 15872066 15861156 15749850 15748440 15596357 15588903 15394207 15387909 15189872 15187098 15007812 15000240 14873571 14874601 14803821 14798159 14787664 14793134 14827283 14827289 14900929 14904753
B -880407 -880407 -825442 -825442 -790849 -790849 -796718 -796718 -838655 -838655 -903104 -903104 -960981 -960981 -1014643 -1014643 -1042613 -1042613 -1047017 -1047017 -1023308 -1023308 -979560 -979560 -928441 -928441 -888223 -888223 -881340 -881340 -902441 -902441
S 0 0 0 0 4194304 4194304 4194304 4194304 0 4194304 4194304 4194304 0 0 0 0 1352170 16515072 57090 16252928 1353704 0 1357273 16347136 190 3653632 4531370 340907 83 3846144 214876 14934435 14894018 14970437 14959026 14970437 14959026 14974332 14970339 16212774 74388 15622858 8388606 0 0 0 0 0 0 0 0 0 0 0 0 0 0 0 0 0 0 0 0 0 190 3653632 14900929 14904753 15014428 15018378 15124597 15128067 15192795 15198243 15182370 15185193 15098054 15101758 14970804 14971215 14858240 14852271 14747599 14748264 14692708 14691272 14683224 14683141 14729207 14731993 14817341 14818851 14918421 14922247 14999409 15002134 15016204 15012870 14974332 14970339
B -936475 -936475 -971926 -971926 -990789 -990789 -993287 -993287 -971117 -971117 -918929 -918929 -826347 -826347 -697601 -697601 -528849 -528849 -347419 -347419 -164290 -164290 3221 3221 147135 147135 254233 254233 322186 322186 342869 342869
S 0 0 0 0 4194304 4194304 4194304 4194304 0 4194304 4194304 4194304 0 0 0 0 1352265 16515072 57090 16252928 1357504 0 1355357 1114112 190 3653632 5033270 9188512 16775363 4849664 265815 688032 678129 686972 677812 686972 677812 690874 680605 16046642 127749 15137219 8388606 0 0 0 0 0 0 0 0 0 0 0 0 0 0 0 0 0 0 0 0 0 190 3653632 14974332 14970339 14904206 14904326 14836219 14830509 14795374 14795903 14792570 14788716 14835309 14834655 14940882 14937834 15124013 15125033 15377717 15386313 15718433 15720605 16077532 16087227 16444928 16452346 3302 9583 288915 299627 507184 509749 638798 649947 690874 680605
B 337848 337848 328591 328591 327881 327881 372598 372598 466997 466997 618434 618434 789337 789337 945767 945767 1032226 1032226 1043719 1043719 972357 972357 853078 853078 706252 706252 560308 560308 430680 430680 325829 325829
S 0 0 0 0 4194304 4194304 4194304 4194304 0 4194304 4194304 4194304 0 0 0 0 1352360 16515072 57090 16252928 1353112 0 1351947 110592 190 3653632 5508458 3823245 933 6868992 315343 565261 498794 640955 609158 640955 609158 656750 646568 15873287 180433 15800252 8388606 0 0 0 0 0 0 0 0 0 0 0 0 0 0 0 0 0 0 0 0 0 190 3653632 690874 680605 677187 674206 658966 655400 659963 651561 746134 744259 937744 930245 1237701 1236035 1580789 1576562 1892089 1890981 2062182 2066722 2088702 2086174 1945952 1943479 1708466 1703846 1415346 1409663 1124530 1116702 863775 858948 656750 646568
B 250558 250558 192407 192407 141374 141374 71081 71081 -50065 -50065 -222274 -222274 -450888 -450888 -690645 -690645 -900985 -900985 -1020596 -1020596 -1050601 -1050601 -1001983 -1001983 -925675 -925675 -838502 -838502 -762935 -762935 -700300 -700300
S 0 0 0 0 4194304 4194304 4194304 4194304 0 4194304 4194304 4194304 0 0 0 0 1352455 16515072 57090 16252928 1356912 0 1356614 5472256 190 3653632 5954415 13866534 16776505 6447104 363197 15433190 15482172 15379601 15407114 15379601 15407114 15375001 15378231 15865102 232158 15500943 8388606 0 0 0 0 0 0 0 0 0 0 0 0 0 0 0 0 0 0 0 0 0 190 3653632 656750 646568 497915 504317 383049 386582 281164 284334 138566 145758 16676110 16678064 16329153 16336186 15874594 15876289 15393670 15398182 14974634 14975858 14738431 14733617 14675063 14676966 14772595 14773906 14923981 14927754 15098269 15102156 15248134 15254558 15375001 15378231
B -650586 -650586 -609294 -609294 -572543 -572543 -546877 -546877 -510041 -510041 -428607 -428607 -296658 -296658 -96780 -96780 147337 147337 411938 411938 638335 638335 794530 794530 858604 858604 885992 885992 875535 875535 849199 849199
S 0 0 0 0 4194304 4194304 4194304 4194304 0 4194304 4194304 4194304 0 0 0 0 1352550 16515072 57090 16252928 1352520 0 1354679 2269184 190 3653632 6368773 1712190 418 253952 409125 1648221 1612453 1691444 1677872 1691444 1677872 1696280 1700517 16152216 282652 15899819 8388606 0 0 0 0 0 0 0 0 0 0 0 0 0 0 0 0 0 0 0 0 0 190 3653632 15375001 15378231 15471697 15480392 15560803 15556454 15632996 15631266 15685508 15681417 15759868 15754402 15921354 15918653 16187061 16180739 16584980 16582332 297583 291765 824842 822911 1273560 1279780 1588290 1589833 1714302 1720117 1770716 1773252 1749465 1752676 1696280 1700517
B 806506 806506 764185 764185 725940 725940 697317 697317 656771 656771 620712 620712 617489 617489 648369 648369 720132 720132 808476 808476 898981 898981 961674 961674 993118 993118 983180 983180 952004 952004 883829 883829
S 0 0 0 0 4194304 4194304 4194304 4194304 0 4194304 4194304 4194304 0 0 0 0 1352645 16515072 57090 16252928 1356320 0 1354787 12234752 190 3653632 6749332 7158508 1747 11452416 452880 1665667 1559806 1754324 1730297 1754324 1730297 1765640 1769679 16362111 331646 16198078 8388606 0 0 0 0 0 0 0 0 0 0 0 0 0 0 0 0 0 0 0 0 0 190 3653632 1696280 1700517 1611747 1614280 1525386 1531356 1452770 1450993 1394857 1394412 1315868 1311219 1244438 1238410 1236044 1233915 1300465 1293013 1441010 1439519 1619649 1614258 1798650 1797274 1922643 1924056 1986345 1986128 1964561 1968162 1903943 1904075 1765640 1769679
B 787993 787993 671891 671891 563910 563910 477578 477578 420332 420332 361008 361008 313019 313019 302404 302404 326037 326037 391861 391861 478135 478135 573299 573299 642325 642325 661032 661032 594006 594006 471498 471498
S 0 0 0 0 4194304 4194304 4194304 4194304 0 4194304 4194304 4194304 0 0 0 0 1352740 16515072 57090 16252928 1351928 0 1355543 16109568 190 3653632 7094074 450162 109 15147008 494233 745177 571961 919930 861510 919930 861510 942809 943185 16495954 378880 15951549 8388606 0 0 0 0 0 0 0 0 0 0 0 0 0 0 0 0 0 0 0 0 0 190 3653632 1765640 1769679 1574795 1577179 1341627 1345938 1125146 1130496 955000 955315 840101 841230 725034 718999 629705 622371 605813 603803 656933 647216 784566 782881 960321 952222 1147842 1145357 1285684 1283617 1322269 1321860 1184099 1191928 942809 943185
B 294315 294315 102511 102511 -76483 -76483 -206089 -206089 -282072 -282072 -310090 -310090 -329175 -329175 -334424 -334424 -305915 -305915 -248967 -248967 -157864 -157864 -53386 -53386 55290 55290 132251 132251 151966 151966 78915 78915
S 0 0 0 0 4194304 4194304 4194304 4194304 0 4194304 4194304 4194304 0 0 0 0 1352835 16515072 57090 16252928 1355728 0 1355942 2797568 190 3653632 7401169 8383831 2046 13987840 532963 31161 16667218 139860 113404 139860 113404 152253 163410 16357997 424103 16352540 8388606 0 0 0 0 0 0 0 0 0 0 0 0 0 0 0 0 0 0 0 0 0 190 3653632 942809 943185 585601 591659 202580 207467 16622547 16625956 16360794 16369285 16212974 16213173 16153681 16160393 16123425 16114308 16110831 16105907 16166897 16163877 16283473 16275094 16462821 16460157 16674465 16666424 112512 108649 267050 261957 304579 303286 152253 163410
B -43039 -43039 -197447 -197447 -335868 -335868 -439579 -439579 -483484 -483484 -471597 -471597 -406816 -406816 -319983 -319983 -213653 -213653 -83478 -83478 56234 56234 205978 205978 344414 344414 465472 465472 545295 545295 578223 578223
S 0 0 0 0 4194304 4194304 4194304 4194304 0 4194304 4194304 4194304 0 0 0 0 1352930 16515072 57090 16252928 1351336 0 1355107 10522624 190 3653632 7668986 3765865 919 6721536 568865 1123251 1091793 1151529 1147268 1151529 1147268 1156949 1155943 16229890 467076 16148160 8388606 0 0 0 0 0 0 0 0 0 0 0 0 0 0 0 0 0 0 0 0 0 190 3653632 152253 163410 16691378 16690899 16378754 16385892 16102905 16108056 15896427 15899691 15805839 15814658 15833383 15834662 15959087 15968081 16141609 16132893 16351633 16348187 16611317 16609205 116744 108194 412618 411296 692849 684808 932235 929656 1093262 1087919 1156949 1155943
B 545355 545355 481694 481694 389263 389263 309354 309354 265091 265091 284711 284711 365215 365215 496135 496135 635774 635774 769101 769101 884060 884060 961850 961850 1015279 1015279 1038886 1038886 1049496 1049496 1047286 1047286
S 0 0 0 0 4194304 4194304 4194304 4194304 0 4194304 4194304 4194304 0 0 0 0 1353025 16515072 57090 16252928 1355136 0 1353683 4313088 190 3653632 7896106 7446060 1817 14860288 601747 2094203 2094539 2096132 2095408 2096132 2095408 2093968 2095178 16066997 507570 16254002 8388606 0 0 0 0 0 0 0 0 0 0 0 0 0 0 0 0 0 0 0 0 0 190 3653632 1156949 1155943 1085802 1095618 963912 962867 774432 782622 616336 621081 527564 532803 564871 573976 728991 731869 987333 997207 1275264 1267833 1538902 1537504 1768348 1767895 1925702 1921701 2030338 2030781 2078419 2077125 2099165 2098819 2093968 2095178
ENDSET
SET 16 A=11776
P 64 64 64 64 64 63 64 64
B 853 853 26257 26257 143781 143781 368080 368080 665570 665570 945235 945235 1022812 1022812 684617 684617 -82258 -82258 -844726 -844726 -972407 -972407 -140901 -140901 890942 890942 776718 776718 -480732 -480732 -961909 -961909
S 0 0 0 0 4194304 4194304 4194304 4194304 4194304 4128768 4194304 4194304 0 0 0 0 1358087 9437184 7888043 2097152 1357156 0 1353453 12781568 1093 12619776 11280670 12698589 16776220 4050944 161506 16244349 1069919 14926272 15252095 14926272 15252095 14851090 14855708 16639568 16133238 15848050 8388606 0 0 0 0 0 0 0 0 0 0 0 0 0 0 0 0 0 0 0 0 0 1093 12619776 0 0 0 3415 48904 56125 290142 284982 727457 744866 1329563 1332719 1893427 1887515 2042605 2048645 1375614 1362856 16615416 16609986 15087412 15088118 14835285 14829522 16492955 16497876 1789586 1774184 1546513 1560360 15828051 15803456 14851090 14855708
B 256270 256270 998277 998277 -339325 -339325 -1015964 -1015964 280662 280662 974089 974089 -339476 -339476 -1019255 -1019255 344960 344960 972131 972131 -299439 -299439 -1009325 -1009325 373210 373210 1005480 1005480 -230525 -230525 -1006606 -1006606
S 0 0 0 0 4194304 4194304 4194304 4194304 4194304 4128768 4194304 4194304 0 0 0 0 1355371 9437184 7888043 2097152 1354440 0 1353304 16680960 1093 12619776 13948529 14914160 16776761 2555904 16157777 16215450 1001014 14819362 15189274 14819362 15189274 14765748 14762261 16298020 16613823 16115858 8388606 0 0 0 0 0 0 0 0 0 0 0 0 0 0 0 0 0 0 0 0 0 1093 12619776 14851090 14855708 516061 509021 2006995 1986113 16093091 16104044 14746917 14743661 563270 559378 1948007 1948351 16090110 16106420 14741664 14735749 696875 682967 1939680 1948847 16179907 16176770 14762346 14754787 746626 746216 2016291 2005632 16309131 16323201 14765748 14762261
B 236905 236905 1054621 1054621 -137225 -137225 -1002709 -1002709 130648 130648 1071789 1071789 -154813 -154813 -1026787 -1026787 34559 34559 1051832 1051832 -44348 -44348 -1063236 -1063236 -94603 -94603 1007933 1007933 127643 127643 -1074452 -1074452
S 0 0 0 0 4194304 4194304 4194304 4194304 4194304 4128768 4194304 4194304 0 0 0 0 1352655 9437184 7888043 2097152 1351724 0 1352689 7178240 1093 12619776 8269939 8387716 2047 13123584 773355 15403324 44634 14642927 14775454 14642927 14775454 14628414 14628211 16456103 780732 241042 8388606 0 0 0 0 0 0 0 0 0 0 0 0 0 0 0 0 0 0 0 0 0 1093 12619776 14765748 14762261 471100 476523 2114089 2104398 16496264 16509270 14778032 14765565 258737 263857 2142409 2144749 16471453 16463728 14724241 14723045 68820 69416 2108515 2098814 16690463 16686577 14647892 14653598 16594197 16581826 2012577 2019157 249185 261390 14628414 14628211
B -199219 -199219 978408 978408 276153 276153 -1037449 -1037449 -280171 -280171 993260 993260 403744 403744 -934496 -934496 -458521 -458521 954800 954800 528487 528487 -845863 -845863 -527332 -527332 959982 959982 502804 502804 -886209 -886209
S 0 0 0 0 4194304 4194304 4194304 4194304 4194304 4128768 4194304 4194304 0 0 0 0 1358131 9437184 7888043 2097152 1357200 0 1352375 7440384 1093 12619776 11497615 11555633 16775941 3346432 16637326 14918782 16194948 14890095 14707907 14890095 14707907 15003534 15006065 16562836 16174149 15681665 8388606 0 0 0 0 0 0 0 0 0 0 0 0 0 0 0 0 0 0 0 0 0 1093 12619776 14628414 14628211 16383979 16373578 1954075 1959559 553955 550658 14700778 14703861 16218078 16215672 1994780 1978260 799159 815818 14910905 14905544 15859522 15860828 1910127 1909073 1053104 1060846 15089617 15081363 15717440 15727666 1919209 1920721 1009319 1001897 15003534 15006065
B -542504 -542504 899570 899570 554625 554625 -894226 -894226 -629451 -629451 771290 771290 692789 692789 -806215 -806215 -761651 -761651 634224 634224 808686 808686 -666009 -666009 -864720 -864720 567952 567952 896227 896227 -449245 -449245
S 0 0 0 0 4194304 4194304 4194304 4194304 4194304 4128768 4194304 4194304 0 0 0 0 1355415 9437184 7888043 2097152 1354484 0 1359714 8554496 1093 12619776 13683676 918216 224 2916352 16140971 14682912 15183464 15594304 15070593 15594304 15070593 15881149 15876303 16255184 16587721 16444640 8388606 0 0 0 0 0 0 0 0 0 0 0 0 0 0 0 0 0 0 0 0 0 1093 12619776 15003534 15006065 15693196 15691220 1805118 1793162 1108760 1109741 14988942 14988589 15523846 15512782 1538555 1546605 1382930 1388229 15161412 15168161 15255838 15251991 1268112 1268784 1618988 1615758 15437933 15452464 15050183 15045369 1143460 1128351 1786538 1798373 15881149 15876303
B -973896 -973896 416101 416101 973202 973202 -289270 -289270 -982436 -982436 400575 400575 1001166 1001166 -334826 -334826 -965274 -965274 336938 336938 1026560 1026560 -310476 -310476 -1001632 -1001632 161371 161371 1047428 1047428 -146856 -146856
S 0 0 0 0 4194304 4194304 4194304 4194304 4194304 4128768 4194304 4194304 0 0 0 0 1352699 9437184 7888043 2097152 1351768 0 1359144 15644672 1093 12619776 8312670 8377200 2045 3604480 763697 14899249 14754594 16192207 15636270 16192207 15636270 16478680 16488331 16420501 788856 239095 8388606 0 0 0 0 0 0 0 0 0 0 0 0 0 0 0 0 0 0 0 0 0 1093 12619776 15881149 15876303 14830758 14828090 829569 834835 1946433 1946378 16197991 16199363 14807674 14817016 800663 801638 2004428 2000239 16104633 16110496 14848506 14844830 678424 669328 2049352 2056888 16160473 16152055 14775697 14772207 320540 324945 2096280 2093433 16478680 16488331
B -1053816 -1053816 -27090 -27090 1017803 1017803 32099 32099 -1086050 -1086050 -128934 -128934 990329 990329 242293 242293 -1044025 -1044025 -300133 -300133 965289 965289 376908 376908 -977279 -977279 -307508 -307508 1037037 1037037 323646 323646
S 0 0 0 0 4194304 4194304 4194304 4194304 4194304 4128768 4194304 4194304 0 0 0 0 1358175 9437184 7888043 2097152 1357244 0 1358831 10467328 1093 12619776 11720573 10540110 16775693 4513792 16664692 15413252 14682589 403362 16534308 403362 16534308 643752 650834 16610509 16193275 15619773 8388606 0 0 0 0 0 0 0 0 0 0 0 0 0 0 0 0 0 0 0 0 0 1093 12619776 16478680 16488331 14666047 14673121 16726558 16719515 2035458 2035754 55267 73129 14606809 14603425 16523519 16515179 1979308 1982008 485935 483238 14690834 14687501 16173321 16180580 1934766 1926390 748543 759092 14820928 14824390 16161844 16162559 2073869 2074279 643752 650834
B -952984 -952984 -313507 -313507 1045868 1045868 329626 329626 -948116 -948116 -424374 -424374 964010 964010 460186 460186 -926819 -926819 -552108 -552108 847218 847218 563491 563491 -923677 -923677 -608849 -608849 781339 781339 668312 668312
S 0 0 0 0 4194304 4194304 4194304 4194304 4194304 4128768 4194304 4194304 0 0 0 0 1355459 9437184 7888043 2097152 1354528 0 1358243 13604864 1093 12619776 13422346 4633678 1131 4513792 16123844 16006992 14870026 1106602 434483 1106602 434483 1336722 1336526 16268972 16560887 28591 8388606 0 0 0 0 0 0 0 0 0 0 0 0 0 0 0 0 0 0 0 0 0 1093 12619776 643752 650834 14873213 14869286 16151347 16149060 2086676 2096799 665373 653131 14878531 14883440 15929419 15927518 1931549 1924492 916997 923750 14915767 14931390 15679448 15666552 1692140 1696734 1120336 1133630 14929895 14929832 15560296 15558743 1564936 1560423 1336722 1336526
B -820632 -820632 -717634 -717634 725193 725193 731420 731420 -745419 -745419 -703064 -703064 833762 833762 682354 682354 -749274 -749274 -668930 -668930 859116 859116 680065 680065 -745745 -745745 -724096 -724096 746859 746859 772377 772377
S 0 0 0 0 4194304 4194304 4194304 4194304 4194304 4128768 4194304 4194304 0 0 0 0 1352743 9437184 7888043 2097152 1351812 0 1357984 870400 1093 12619776 8345935 8374359 2044 8744960 753124 16364909 15087436 1287186 716855 1287186 716855 1542763 1546748 16477127 796042 300675 8388606 0 0 0 0 0 0 0 0 0 0 0 0 0 0 0 0 0 0 0 0 0 1093 12619776 1336722 1336526 15136789 15135115 15338726 15345170 1457895 1442879 1455569 1470114 15286967 15285790 15370866 15371311 1665918 1669131 1361422 1367997 15280379 15276960 15437894 15440819 1713608 1722859 1366136 1354124 15281283 15290172 15331838 15326212 1497860 1489579 1542763 1546748
B -699811 -699811 -801616 -801616 618949 618949 819334 819334 -706808 -706808 -833199 -833199 568909 568909 855672 855672 -606637 -606637 -900821 -900821 519098 519098 880314 880314 -541498 -541498 -885247 -885247 639703 639703 851147 851147
S 0 0 0 0 4194304 4194304 4194304 4194304 4194304 4128768 4194304 4194304 0 0 0 0 1358219 9437184 7888043 2097152 1357288 0 1358009 10852352 1093 12619776 11949289 9752704 16775501 524288 16692185 16638310 15154170 1542958 1049446 1542958 1049446 1699712 1704879 16652622 16213064 15575428 8388606 0 0 0 0 0 0 0 0 0 0 0 0 0 0 0 0 0 0 0 0 0 1093 12619776 1542763 1546748 15368240 15386951 15181395 15166576 1234434 1241362 1634605 1642733 15362321 15364879 15109556 15112082 1141904 1133733 1710730 1711958 15563586 15564300 14973026 14978125 1047862 1028533 1752674 1768582 15696004 15692437 15006843 15006604 1276791 1282022 1699712 1704879
B -563823 -563823 -840681 -840681 678503 678503 854502 854502 -565739 -565739 -866133 -866133 557106 557106 923903 923903 -507162 -507162 -917209 -917209 429247 429247 946656 946656 -516884 -516884 -949074 -949074 385693 385693 952734 952734
S 0 0 0 0 4194304 4194304 4194304 4194304 4194304 4128768 4194304 4194304 0 0 0 0 1355503 9437184 7888043 2097152 1354572 0 1357646 2263040 1093 12619776 13164835 7463760 1822 3473408 16107460 194517 15463337 1800101 1331005 1800101 1331005 1904697 1906239 16270461 16534299 300158 8388606 0 0 0 0 0 0 0 0 0 0 0 0 0 0 0 0 0 0 0 0 0 1093 12619776 1699712 1704879 15650749 15648392 15093012 15098699 1353001 1361014 1714496 1703515 15640453 15651023 15048752 15041151 1118297 1110129 1846558 1849054 15753375 15772409 14950112 14935484 854526 862465 1891390 1895236 15741079 15745818 14876661 14881475 776223 766549 1904697 1906239
B -416376 -416376 -1000933 -1000933 331453 331453 961217 961217 -344685 -344685 -995004 -995004 442256 442256 954584 954584 -383269 -383269 -944330 -944330 506723 506723 958818 958818 -412541 -412541 -939989 -939989 405747 405747 1000883 1000883
S 0 0 0 0 4194304 4194304 4194304 4194304 4194304 4128768 4194304 4194304 0 0 0 0 1352787 9437184 7888043 2097152 1351856 0 1357513 13219840 1093 12619776 8369695 8385409 2047 3674112 741695 363301 15644786 1824665 1393643 1824665 1393643 2001105 2002430 16495739 802321 279650 8388606 0 0 0 0 0 0 0 0 0 0 0 0 0 0 0 0 0 0 0 0 0 1093 12619776 1904697 1906239 15942490 15946441 14773515 14777186 673257 652558 1914236 1930632 16090552 16085143 14787776 14786643 880911 888115 1907543 1910796 16011079 16010277 14885059 14892055 1009888 1017006 1922769 1912506 15946202 15958068 14901878 14892600 815020 807969 2001105 2002430
B -366736 -366736 -967944 -967944 300481 300481 1003253 1003253 -391446 -391446 -998954 -998954 269480 269480 991454 991454 -296464 -296464 -1042624 -1042624 207351 207351 997647 997647 -173549 -173549 -1057925 -1057925 204686 204686 1023638 1023638
S 0 0 0 0 4194304 4194304 4194304 4194304 4194304 4128768 4194304 4194304 0 0 0 0 1358263 9437184 7888043 2097152 1357332 0 1357357 11245568 1093 12619776 12183503 9158621 16775355 16633856 16719775 854628 15978076 1995114 1755186 1995114 1755186 2046078 2048474 16634238 16233495 15539808 8388606 0 0 0 0 0 0 0 0 0 0 0 0 0 0 0 0 0 0 0 0 0 1093 12619776 2001105 2002430 16034312 16053178 14848307 14834350 596657 605269 2006225 2006789 15991016 15997635 14776508 14782109 543865 534056 1982276 1983540 16180798 16187781 14690119 14693820 425303 404102 1986881 2003709 16433939 16426299 14661788 14660947 405581 413163 2046078 2048474
B -107208 -107208 -1034212 -1034212 177844 177844 1065164 1065164 -62251 -62251 -1012978 -1012978 19101 19101 1083438 1083438 42024 42024 -1007599 -1007599 -106616 -106616 1065451 1065451 54705 54705 -1049554 -1049554 -164285 -164285 1011352 1011352
S 0 0 0 0 4194304 4194304 4194304 4194304 4194304 4128768 4194304 4194304 0 0 0 0 1355547 9437184 7888043 2097152 1354616 0 1356910 9750528 1093 12619776 12911439 8386532 2047 8273920 16091840 1274552 16539356 2088793 1995778 2088793 1995778 2021504 2023905 16238243 16507988 39707 8388606 0 0 0 0 0 0 0 0 0 0 0 0 0 0 0 0 0 0 0 0 0 1093 12619776 2046078 2048474 16563304 16562297 14703479 14714105 354483 356895 2132718 2127939 16648046 16657382 14754887 14747634 42317 34090 2165865 2167888 77685 90414 14765247 14758792 16561337 16566634 2133349 2128455 105527 113294 14672668 14683549 16454696 16442599 2021504 2023905
B 175305 175305 -1061089 -1061089 -267958 -267958 957403 957403 337300 337300 -1022990 -1022990 -371211 -371211 939075 939075 459986 459986 -937837 -937837 -463569 -463569 952514 952514 549464 549464 -824887 -824887 -617324 -617324 868723 868723
S 0 0 0 0 4194304 4194304 4194304 4194304 4194304 4128768 4194304 4194304 0 0 0 0 1352831 9437184 7888043 2097152 1351900 0 1356150 6232064 1093 12619776 8383924 8065575 1969 2256896 729421 1970162 963786 1873784 2060876 1873784 2060876 1737341 1737551 16495707 807686 300567 8388606 0 0 0 0 0 0 0 0 0 0 0 0 0 0 0 0 0 0 0 0 0 1093 12619776 2021504 2023905 344849 356373 14653005 14657072 16248729 16233874 1909047 1920568 679426 669777 14732094 14730379 16030803 16038785 1878903 1877399 919867 920079 14895187 14907899 15852714 15847444 1902690 1907368 1096956 1100903 15128929 15125958 15545542 15539596 1737341 1737551
B 671935 671935 -738899 -738899 -689627 -689627 821865 821865 671343 671343 -809404 -809404 -690229 -690229 751655 751655 714237 714237 -799437 -799437 -757727 -757727 640275 640275 813454 813454 -664367 -664367 -875932 -875932 519328 519328
S 0 0 0 0 4194304 4194304 4194304 4194304 4194304 4128768 4194304 4194304 0 0 0 0 1358307 9437184 7888043 2097152 1357376 0 1355749 9787392 1093 12619776 12422948 8759217 16775258 8065024 16747430 2093902 1547596 1240536 1683012 1240536 1683012 1041853 1035459 16580467 16254546 15488036 8388606 0 0 0 0 0 0 0 0 0 0 0 0 0 0 0 0 0 0 0 0 0 1093 12619776 1737341 1737551 1343326 1344416 15295844 15302993 15399216 15396711 1648763 1638697 1339637 1345736 15150407 15166410 15403172 15390344 1501358 1505263 1422390 1434558 15176625 15180061 15263053 15260473 1280052 1281051 1630757 1623059 15450144 15446822 15021972 15028733 1041853 1035459
ENDSET
SET 17 A=6400
P 64 64 64 64 64 65 64 64
B 464 464 14778 14778 93046 93046 269018 269018 501285 501285 739250 739250 930886 930886 1039825 1039825 995429 995429 739526 739526 270282 270282 -361515 -361515 -897612 -897612 -1031617 -1031617 -643634 -643634 178756 178756
S 0 0 0 0 4194304 4194304 4194304 4194304 4194304 4259840 4194304 4194304 0 0 0 0 1358189 10485760 4514931 4194304 1355368 0 1353862 7052288 594 7223296 9822516 8960005 16775307 8409088 16368568 1388599 1945838 497329 833070 497329 833070 350721 364305 189254 16540460 16762990 8388606 0 0 0 0 0 0 0 0 0 0 0 0 0 0 0 0 0 0 0 0 0 594 7223296 0 0 0 1856 26597 32517 186576 185610 539155 536920 997299 1007844 1482334 1474667 1860254 1863290 2077681 2081620 1993306 1988411 1479820 1478287 550446 530683 16056143 16052229 14980590 14983395 14714295 14713671 15493594 15486302 350721 364305
B 931805 931805 919872 919872 107457 107457 -802816 -802816 -992299 -992299 -250101 -250101 736364 736364 1020126 1020126 358926 358926 -670189 -670189 -1048861 -1048861 -497131 -497131 501945 501945 1061210 1061210 684413 684413 -235015 -235015
S 0 0 0 0 4194304 4194304 4194304 4194304 4194304 4259840 4194304 4194304 0 0 0 0 1353685 10485760 4514931 4194304 1359056 0 1358118 1481728 594 7223296 5172973 8636888 16775228 10321920 16714624 15230613 14749434 16149597 15794440 16149597 15794440 16307765 16306609 121903 594830 16384257 8388606 0 0 0 0 0 0 0 0 0 0 0 0 0 0 0 0 0 0 0 0 0 594 7223296 350721 364305 1869391 1857831 1841507 1837983 218474 211355 15171028 15172141 14793859 14791380 16281115 16272916 1471397 1474061 2042305 2038202 720722 714983 15439781 15433896 14679146 14679842 15784700 15781209 999993 1007790 2120581 2124261 1371272 1366382 16307765 16306609
B -989323 -989323 -858183 -858183 8393 8393 878123 878123 966959 966959 193661 193661 -727757 -727757 -1036348 -1036348 -440866 -440866 501437 501437 1035901 1035901 700179 700179 -208633 -208633 -927896 -927896 -928355 -928355 -155903 -155903
S 0 0 0 0 4194304 4194304 4194304 4194304 4194304 4259840 4194304 4194304 0 0 0 0 1357373 10485760 4514931 4194304 1354552 0 1353324 826368 594 7223296 13888419 7355204 1795 11812864 334818 751153 1517340 16608713 160159 16608713 160159 16465341 16465479 47834 16414153 1003999 8388606 0 0 0 0 0 0 0 0 0 0 0 0 0 0 0 0 0 0 0 0 0 594 7223296 16307765 16306609 14794592 14802550 15061051 15060652 15517 18056 1753731 1758764 1932483 1935353 389891 384753 15321390 15322016 14703972 14705069 15894648 15896323 1002283 1003468 2069930 2073677 1403442 1397276 16363696 16356204 14920329 14922522 14919200 14921813 16465341 16465479
B 698952 698952 1037479 1037479 566987 566987 -373166 -373166 -1000743 -1000743 -809994 -809994 89084 89084 898842 898842 954764 954764 197737 197737 -726475 -726475 -1035163 -1035163 -511368 -511368 450378 450378 1022103 1022103 798574 798574
S 0 0 0 0 4194304 4194304 4194304 4194304 4194304 4259840 4194304 4194304 0 0 0 0 1352869 10485760 4514931 4194304 1358240 0 1356612 6597632 594 7223296 324030 13626571 16776446 13414400 16227457 623892 16410771 1506673 1241201 1506673 1241201 1595835 1598464 16717827 118466 17577 8388606 0 0 0 0 0 0 0 0 0 0 0 0 0 0 0 0 0 0 0 0 0 594 7223296 16465341 16465479 1396680 1399130 2072876 2077041 1132755 1135196 16031902 16029868 14777080 14774380 15151353 15163106 175870 180468 1797861 1797508 1908287 1910769 391638 399311 15326194 15322341 14706235 14707548 15749392 15759570 896963 904549 2043353 2045059 1595835 1598464
B -77734 -77734 -900061 -900061 -979317 -979317 -313332 -313332 644764 644764 1051275 1051275 616675 616675 -334720 -334720 -1020750 -1020750 -801244 -801244 96958 96958 932749 932749 935106 935106 148018 148018 -762769 -762769 -1036923 -1036923
S 0 0 0 0 4194304 4194304 4194304 4194304 4194304 4259840 4194304 4194304 0 0 0 0 1356557 10485760 4514931 4194304 1353736 0 1351842 11537408 594 7223296 2272207 4745702 1158 10379264 712344 15259263 16062842 14748345 14892871 14748345 14892871 14703935 14702808 159644 138585 826833 8388606 0 0 0 0 0 0 0 0 0 0 0 0 0 0 0 0 0 0 0 0 0 594 7223296 1595835 1598464 16620886 16622611 14976359 14977829 14816954 14820210 16149490 16151615 1293608 1285450 2102560 2102540 1233313 1233389 16114523 16101031 14738133 14733302 15172440 15177018 194400 193433 1869365 1861633 1869925 1870502 297619 294456 15255790 15247568 14703935 14702808
B -431746 -431746 509367 509367 1050446 1050446 669417 669417 -249181 -249181 -964697 -964697 -879255 -879255 -43856 -43856 793845 793845 1012005 1012005 361154 361154 -593671 -593671 -1040618 -1040618 -586056 -586056 387889 387889 1010525 1010525
S 0 0 0 0 4194304 4194304 4194304 4194304 4194304 4259840 4194304 4194304 0 0 0 0 1352053 10485760 4514931 4194304 1357424 0 1355416 2784256 594 7223296 12129468 9645676 16775474 15122432 15971519 1989411 1434840 2053091 2091534 2053091 2091534 2020717 2021384 82714 16395082 16582454 8388606 0 0 0 0 0 0 0 0 0 0 0 0 0 0 0 0 0 0 0 0 0 594 7223296 14703935 14702808 15909849 15917600 1020626 1016845 2101663 2100121 1337092 1340576 16280540 16277168 14851451 14844194 15017985 15019430 16689693 16689316 1586932 1588448 2026365 2021655 724495 720122 15590071 15589679 14697596 14694366 15607269 15602942 773821 777738 2020717 2021384
B 790800 790800 -110152 -110152 -901499 -901499 -953377 -953377 -201236 -201236 732307 732307 1034407 1034407 529692 529692 -437311 -437311 -1025707 -1025707 -813767 -813767 36781 36781 884320 884320 977206 977206 268429 268429 -695957 -695957
S 0 0 0 0 4194304 4194304 4194304 4194304 4194304 4259840 4194304 4194304 0 0 0 0 1355741 10485760 4514931 4194304 1361112 0 1358693 13118464 594 7223296 6571850 11941728 16776035 7733248 820793 14757541 14721179 15262999 15036334 15262999 15036334 15380469 15390137 103549 588569 16710829 8388606 0 0 0 0 0 0 0 0 0 0 0 0 0 0 0 0 0 0 0 0 0 594 7223296 2020717 2021384 1586156 1577045 16560927 16552897 14974869 14973569 14871643 14869283 16375035 16374454 1465105 1464126 2070429 2067202 1059684 1059084 15900170 15905020 14725434 14726172 15150214 15149153 66195 80930 1765600 1771682 1956544 1952283 536206 537513 15380469 15390137
B -1047699 -1047699 -514142 -514142 450266 450266 1045936 1045936 753549 753549 -132903 -132903 -935612 -935612 -950677 -950677 -215702 -215702 684271 684271 1057614 1057614 573696 573696 -308653 -308653 -983484 -983484 -877408 -877408 -58287 -58287
S 0 0 0 0 4194304 4194304 4194304 4194304 4194304 4259840 4194304 4194304 0 0 0 0 1359429 10485760 4514931 4194304 1356608 0 1353605 1162240 594 7223296 8919584 6517012 1591 1130496 16021050 1002391 1743821 25620 376553 25620 376553 16658860 16662426 120699 16039380 859804 8388606 0 0 0 0 0 0 0 0 0 0 0 0 0 0 0 0 0 0 0 0 0 594 7223296 15380469 15390137 14682942 14680695 15747474 15750390 895108 905956 2089108 2094639 1510292 1503906 16509609 16513212 14904777 14907207 14877106 14874621 16343532 16348092 1364325 1372761 2116745 2113712 1148697 1146087 16159933 16159888 14812334 14808163 15022116 15022686 16658860 16662426
B 805590 805590 1009989 1009989 337866 337866 -602695 -602695 -1044628 -1044628 -599327 -599327 340752 340752 988586 988586 842343 842343 -4117 -4117 -816330 -816330 -1003770 -1003770 -360353 -360353 562512 562512 1029212 1029212 699457 699457
S 0 0 0 0 4194304 4194304 4194304 4194304 4194304 4259840 4194304 4194304 0 0 0 0 1354925 10485760 4514931 4194304 1360296 0 1356764 12606464 594 7223296 8380199 9002760 16775317 15761408 618093 334084 16153452 1279503 952113 1279503 952113 1403820 1394008 34413 815437 16557816 8388606 0 0 0 0 0 0 0 0 0 0 0 0 0 0 0 0 0 0 0 0 0 594 7223296 16658860 16662426 1610136 1612225 2021012 2018947 677186 674279 15572814 15570838 14687409 14688514 15576872 15580255 680089 682922 1976481 1977863 1684494 1684878 16767864 16770103 15144400 15144712 14770326 14769027 16051881 16061141 1121842 1128208 2059316 2057533 1403820 1394008
B -230432 -230432 -946055 -946055 -906283 -906283 -77744 -77744 824181 824181 998093 998093 302182 302182 -677383 -677383 -1045757 -1045757 -536071 -536071 441155 441155 1038481 1038481 768093 768093 -133737 -133737 -952584 -952584 -933145 -933145
S 0 0 0 0 4194304 4194304 4194304 4194304 4194304 4259840 4194304 4194304 0 0 0 0 1358613 10485760 4514931 4194304 1355792 0 1352229 5168128 594 7223296 8688416 11968051 16776041 14888960 16357232 15680036 16625301 14986306 15186556 14986306 15186556 14910011 14911842 207612 15963382 16605926 8388606 0 0 0 0 0 0 0 0 0 0 0 0 0 0 0 0 0 0 0 0 0 594 7223296 1403820 1394008 16320688 16312018 14884381 14885833 14966132 14963168 16625709 16617749 1646478 1650246 1996504 1995870 610747 597982 15426413 15418489 14683490 14687917 15707178 15702971 885720 878903 2076402 2077522 1537906 1534466 16515127 16504360 14873199 14870897 14910011 14911842
B -168935 -168935 758220 758220 1042319 1042319 458001 458001 -473013 -473013 -1045718 -1045718 -706409 -706409 223504 223504 971918 971918 870782 870782 12736 12736 -837129 -837129 -995295 -995295 -300220 -300220 621134 621134 1041177 1041177
S 0 0 0 0 4194304 4194304 4194304 4194304 4194304 4259840 4194304 4194304 0 0 0 0 1354109 10485760 4514931 4194304 1359480 0 1355754 14191616 594 7223296 7011736 9304666 16775391 10854400 181082 1700026 950527 2080432 2010057 2080432 2010057 2080728 2083983 16770292 733184 16381992 8388606 0 0 0 0 0 0 0 0 0 0 0 0 0 0 0 0 0 0 0 0 0 594 7223296 14910011 14911842 16440556 16438136 1514056 1518826 2082866 2086410 919542 912464 15830991 15831392 14683285 14688277 15363671 15365128 445916 448102 1942237 1945437 1741168 1741961 27541 23405 15103038 15102879 14786575 14786680 16176658 16176896 1242027 1242512 2080728 2083983
B 569594 569594 -374794 -374794 -992510 -992510 -826120 -826120 43330 43330 842748 842748 996588 996588 338546 338546 -611507 -611507 -1040946 -1040946 -596486 -596486 382783 382783 1015411 1015411 797212 797212 -103242 -103242 -913216 -913216
S 0 0 0 0 4194304 4194304 4194304 4194304 4194304 4259840 4194304 4194304 0 0 0 0 1357797 10485760 4514931 4194304 1354976 0 1359077 7416832 594 7223296 11523594 14976947 16776776 8073216 75408 14680270 14919054 14889957 14769444 14889957 14769444 14951961 14949610 196413 16195896 68171 8388606 0 0 0 0 0 0 0 0 0 0 0 0 0 0 0 0 0 0 0 0 0 594 7223296 2080728 2083983 1142704 1135675 16031013 16024243 14791113 14793280 15121421 15128534 82970 90352 1684973 1686022 1991774 1994580 674155 680029 15555848 15552558 14695812 14694836 15577916 15590574 762281 768852 2032118 2029527 1592740 1596109 16566748 16574717 14951961 14949610
B -959004 -959004 -229633 -229633 715755 715755 1046924 1046924 567763 567763 -375182 -375182 -1022234 -1022234 -858195 -858195 -76709 -76709 802117 802117 1024056 1024056 423820 423820 -538151 -538151 -1055623 -1055623 -663581 -663581 267230 267230
S 0 0 0 0 4194304 4194304 4194304 4194304 4194304 4259840 4194304 4194304 0 0 0 0 1353293 10485760 4514931 4194304 1358664 0 1354023 3537920 594 7223296 2985223 8896462 16775291 16572416 16452642 1574764 2034571 683816 1027687 683816 1027687 535346 533575 19542 372992 16389293 8388606 0 0 0 0 0 0 0 0 0 0 0 0 0 0 0 0 0 0 0 0 0 594 7223296 14951961 14949610 14858099 14860319 16312909 16322992 1429253 1433767 2093354 2094345 1134720 1136335 16028503 16025203 14734531 14730966 15058344 15063308 16624026 16623572 1608380 1600088 2047844 2048382 848356 846925 15706292 15695536 14668580 14663360 15447150 15452959 535346 533575
B 993296 993296 869391 869391 45266 45266 -817742 -817742 -1020777 -1020777 -389771 -389771 523014 523014 1049403 1049403 701750 701750 -178110 -178110 -922193 -922193 -941320 -941320 -174969 -174969 711852 711852 1033668 1033668 453939 453939
S 0 0 0 0 4194304 4194304 4194304 4194304 4194304 4259840 4194304 4194304 0 0 0 0 1356981 10485760 4514931 4194304 1354160 0 1357190 285696 594 7223296 16350345 7596910 1854 11984896 542214 16514691 15590635 762469 404851 762469 404851 909091 906665 197112 16648780 835692 8388606 0 0 0 0 0 0 0 0 0 0 0 0 0 0 0 0 0 0 0 0 0 594 7223296 535346 533575 1989279 1983908 1739131 1738435 91746 89318 15146086 15137380 14734775 14736552 15994029 16001322 1047742 1044314 2099611 2098003 1401727 1405273 16423019 16418976 14936136 14929527 14893549 14895604 16426979 16427580 1422389 1425022 2069634 2065041 909091 906665
B -515824 -515824 -1036411 -1036411 -658983 -658983 300208 300208 982272 982272 851647 851647 -6705 -6705 -841638 -841638 -989821 -989821 -309586 -309586 650880 650880 1038716 1038716 601063 601063 -373062 -373062 -1013694 -1013694 -834490 -834490
S 0 0 0 0 4194304 4194304 4194304 4194304 4194304 4259840 4194304 4194304 0 0 0 0 1352477 10485760 4514931 4194304 1357848 0 1352461 5549056 594 7223296 14604272 13342550 16776377 7692288 16070027 16019765 255858 15190249 15440880 15190249 15440880 15108428 15108044 114480 16648620 60553 8388606 0 0 0 0 0 0 0 0 0 0 0 0 0 0 0 0 0 0 0 0 0 594 7223296 909091 906665 15746499 15744640 14705432 14703358 15461475 15457026 598348 602484 1964441 1964650 1706840 1699749 16767954 16759659 15095687 15092196 14798463 14796686 16158621 16157470 1303070 1300453 2078563 2076303 1202263 1201990 16028161 16034025 14749708 14749948 15108428 15108044
B 16565 16565 881472 881472 975499 975499 252737 252737 -712503 -712503 -1045570 -1045570 -492675 -492675 470875 470875 1049792 1049792 735971 735971 -163464 -163464 -955400 -955400 -920973 -920973 -138903 -138903 747523 747523 1041317 1041317
S 0 0 0 0 4194304 4194304 4194304 4194304 4194304 4259840 4194304 4194304 0 0 0 0 1356165 10485760 4514931 4194304 1361536 0 1355863 12606464 594 7223296 4561700 16198617 16777074 12423168 803474 1547685 785502 2043534 1906707 2043534 1906707 2084326 2080944 28084 373137 308342 8388606 0 0 0 0 0 0 0 0 0 0 0 0 0 0 0 0 0 0 0 0 0 594 7223296 15108428 15108044 25894 40366 1759861 1766030 1953175 1948824 504636 506314 15347558 15356865 14687062 14685093 15790379 15793356 936322 947181 2097213 2101957 1475288 1468598 16448254 16452324 14865557 14867278 14936596 14933945 16497062 16501760 1491546 1498547 2084326 2080944
ENDSET
SET 18 A=12288
P 64 64 64 64 64 127 64 64
B 891 891 27447 27447 157835 157835 467925 467925 894162 894162 1009569 1009569 454479 454479 -608040 -608040 -1008886 -1008886 65362 65362 816230 816230 -591247 -591247 -270658 -270658 910056 910056 -963387 -963387 302339 302339
S 0 0 0 0 4194304 4194304 4194304 4194304 4194304 8323072 4194304 4194304 0 0 0 0 1357302 9437184 3216073 2097152 1358116 0 1358635 7344128 1141 5144576 4900656 11053795 16775818 11415552 16030986 930686 15116458 1059155 2032433 1059155 2032433 492897 716459 1278956 114340 16119843 8388606 0 0 0 0 0 0 0 0 0 0 0 0 0 0 0 0 0 0 0 0 0 1141 5144576 0 0 0 3564 51025 58765 317114 314226 908511 963192 1784861 1791788 2028434 2009843 918737 899182 15596877 15525398 14752117 14766771 116173 145275 1676732 1588189 15530598 15658849 16311021 16160782 1832980 1807244 14888686 14812199 492897 716459
B 272681 272681 -785425 -785425 1245894 1245894 -453114 -453114 -948957 -948957 594748 594748 877883 877883 -482936 -482936 -1013551 -1013551 273785 273785 1006329 1006329 15104 15104 -1058633 -1058633 -12822 -12822 1030420 1030420 -73935 -73935
S 0 0 0 0 4194304 4194304 4194304 4194304 4194304 8323072 4194304 4194304 0 0 0 0 1355546 9437184 3216073 2097152 1356360 0 1359431 12910592 1141 5144576 11227402 10304997 16775635 14569472 419210 14827824 14840791 16314660 15590672 16314660 15590672 16693336 16565359 16371264 16366664 16313674 8388606 0 0 0 0 0 0 0 0 0 0 0 0 0 0 0 0 0 0 0 0 0 1141 5144576 492897 716459 618862 471862 15318620 15094115 2276017 2707561 16104497 15637482 14712959 15045648 1365027 1013966 1610804 1900731 15901874 15720814 14675247 14824982 586331 508810 1939844 2085472 64593 16773041 14609011 14710890 16775700 16727445 2024630 2097050 16693336 16565359
B -1065250 -1065250 200019 200019 996343 996343 -343940 -343940 -918481 -918481 667295 667295 716071 716071 -853996 -853996 -572650 -572650 897128 897128 494950 494950 -913617 -913617 -282706 -282706 1045078 1045078 -102277 -102277 -1030566 -1030566
S 0 0 0 0 4194304 4194304 4194304 4194304 4194304 8323072 4194304 4194304 0 0 0 0 1353790 9437184 3216073 2097152 1354604 0 1353732 6197248 1141 5144576 9411403 7981214 1948 9035776 433725 16489792 1418326 14859824 15325435 14859824 15325435 14725669 14706499 16620651 16379812 502312 8388606 0 0 0 0 0 0 0 0 0 0 0 0 0 0 0 0 0 0 0 0 0 1141 5144576 16693336 16565359 14627139 14666293 437690 362387 1980573 2004801 16123178 16055497 14922827 14957684 1307666 1361516 1422878 1441406 15050825 15087623 15639494 15624339 1770215 1818298 1010662 969138 14988079 14911887 16209042 16214566 2102802 2077511 16562294 16583031 14725669 14706499
B 416525 416525 893754 893754 -658503 -658503 -655974 -655974 930372 930372 160312 160312 -1050987 -1050987 385961 385961 873890 873890 -742868 -742868 -538692 -538692 996965 996965 56518 56518 -1057785 -1057785 403732 403732 929960 929960
S 0 0 0 0 4194304 4194304 4194304 4194304 4194304 8323072 4194304 4194304 0 0 0 0 1352034 9437184 3216073 2097152 1361040 0 1358010 2314240 1141 5144576 2278013 11884069 16776021 6443008 16383800 16675555 15131659 1671735 1078525 1671735 1078525 1863358 1856482 16690963 433915 16456858 8388606 0 0 0 0 0 0 0 0 0 0 0 0 0 0 0 0 0 0 0 0 0 1141 5144576 14725669 14706499 804830 861270 1767602 1807414 15445771 15474650 15491171 15439368 1868806 1852682 318712 322539 14704275 14646209 766361 777483 1767622 1727941 15234722 15348241 15702640 15697027 1979365 2008496 143406 82667 14649182 14674112 839180 775749 1863358 1856482
B -587243 -587243 -805922 -805922 711512 711512 566220 566220 -973609 -973609 -156501 -156501 1069392 1069392 -245087 -245087 -959645 -959645 554681 554681 725678 725678 -900820 -900820 -171866 -171866 1046358 1046358 -465976 -465976 -806551 -806551
S 0 0 0 0 4194304 4194304 4194304 4194304 4194304 8323072 4194304 4194304 0 0 0 0 1358470 9437184 3216073 2097152 1351092 0 1354559 10616832 1141 5144576 8377676 3399410 829 15671296 16376126 874963 2023744 15456371 16160346 15456371 16160346 15143671 15184559 442164 426964 137828 8388606 0 0 0 0 0 0 0 0 0 0 0 0 0 0 0 0 0 0 0 0 0 1141 5144576 1863358 1856482 15631665 15573797 15144622 15186124 1392514 1453537 1139707 1125176 14808688 14851309 16464879 16463552 2133213 2144355 16311321 16262763 14882170 14833682 1118209 1100517 1432843 1469872 14966034 14985119 16438790 16428178 2061081 2124353 15854732 15835798 15143671 15184559
B 845181 845181 394866 394866 -1034226 -1034226 132326 132326 993778 993778 -609301 -609301 -778290 -778290 788966 788966 592609 592609 -893172 -893172 -271195 -271195 1047470 1047470 -232034 -232034 -964279 -964279 648403 648403 693952 693952
S 0 0 0 0 4194304 4194304 4194304 4194304 4194304 8323072 4194304 4194304 0 0 0 0 1356714 9437184 3216073 2097152 1357528 0 1358870 3342336 1141 5144576 1443243 14237674 16776595 16687104 430651 15689916 14699125 1105023 382989 1105023 382989 1372606 1403205 42934 237288 253883 8388606 0 0 0 0 0 0 0 0 0 0 0 0 0 0 0 0 0 0 0 0 0 1141 5144576 15143671 15184559 1747785 1632941 784704 794761 14724482 14693047 226746 302559 2002438 1972675 15522936 15594292 15226122 15215150 1546425 1609441 1211165 1159274 15022469 14959278 16234907 16234748 2102667 2087215 16307212 16319087 14849272 14848045 1268584 1325030 1372606 1403205
B -886944 -886944 -292680 -292680 1019428 1019428 -353190 -353190 -831729 -831729 889996 889996 363341 363341 -1044289 -1044289 106769 106769 977036 977036 -596851 -596851 -682039 -682039 955696 955696 304634 304634 -1036279 -1036279 -33106 -33106
S 0 0 0 0 4194304 4194304 4194304 4194304 4194304 8323072 4194304 4194304 0 0 0 0 1354958 9437184 3216073 2097152 1355772 0 1355500 6074368 1141 5144576 9040610 14262214 16776601 16539648 411106 1899591 1901042 224319 1024653 224319 1024653 16685183 16736828 16718349 16359324 16195611 8388606 0 0 0 0 0 0 0 0 0 0 0 0 0 0 0 0 0 0 0 0 0 1141 5144576 1372606 1403205 14987318 15019338 16229567 16154146 2052105 2025607 16065430 16076245 15127321 15100197 1764598 1795387 736946 716418 14645288 14731989 214252 212827 1944990 1963155 15632019 15535011 15399525 15426754 1943268 1879518 588984 629555 14726672 14682645 16685183 16736828
B 1021791 1021791 -293576 -293576 -940899 -940899 659080 659080 774484 774484 -790879 -790879 -670913 -670913 826744 826744 564204 564204 -918293 -918293 -259098 -259098 1053559 1053559 -131512 -131512 -1012337 -1012337 415607 415607 872339 872339
S 0 0 0 0 4194304 4194304 4194304 4194304 4194304 8323072 4194304 4194304 0 0 0 0 1353202 9437184 3216073 2097152 1354016 0 1358340 7020544 1141 5144576 11897470 8291085 2024 3198976 84777 16337238 14891598 1552198 911085 1552198 911085 1733735 1755621 197556 16335973 790900 8388606 0 0 0 0 0 0 0 0 0 0 0 0 0 0 0 0 0 0 0 0 0 1141 5144576 16685183 16736828 2016383 2070783 16174764 16205367 14903871 14886966 1334340 1301981 1543507 1554431 15220795 15170123 15455115 15415665 1669002 1637977 1098622 1158196 14940610 14940653 16258975 16259065 2069704 2144535 16514842 16513544 14732982 14772102 882647 779783 1733735 1755621
B -694532 -694532 -625513 -625513 964238 964238 201460 201460 -1068399 -1068399 173804 173804 985746 985746 -483270 -483270 -778429 -778429 846758 846758 440194 440194 -1038463 -1038463 -126991 -126991 1051386 1051386 -40326 -40326 -1023470 -1023470
S 0 0 0 0 4194304 4194304 4194304 4194304 4194304 8323072 4194304 4194304 0 0 0 0 1359638 9437184 3216073 2097152 1360452 0 1353802 2310144 1141 5144576 5569085 9852789 16775525 7819264 16342609 16339285 1404095 14805594 15157263 14805594 15157263 14715149 14745405 318054 396605 16617454 8388606 0 0 0 0 0 0 0 0 0 0 0 0 0 0 0 0 0 0 0 0 0 1141 5144576 1733735 1755621 15408396 15367909 15521808 15530575 1948558 1908396 365661 440181 14620199 14660640 330906 364310 1977674 1965311 15831850 15789505 15207391 15233328 1727681 1659351 882599 878177 14718409 14682173 16494870 16551601 2084319 2121225 16695070 16698061 14715149 14745405
B 325121 325121 876388 876388 -763830 -763830 -535654 -535654 1009650 1009650 130208 130208 -1020534 -1020534 282201 282201 899593 899593 -755606 -755606 -480886 -480886 1051617 1051617 -34728 -34728 -1012242 -1012242 471626 471626 757016 757016
S 0 0 0 0 4194304 4194304 4194304 4194304 4194304 8323072 4194304 4194304 0 0 0 0 1357882 9437184 3216073 2097152 1350504 0 1358813 8708096 1141 5144576 7353462 2268337 553 13307904 16342958 15729582 14709689 1250790 460330 1250790 460330 1523622 1504444 190996 396921 16691319 8388606 0 0 0 0 0 0 0 0 0 0 0 0 0 0 0 0 0 0 0 0 0 1141 5144576 14715149 14745405 644236 656248 1747231 1758323 15301676 15197439 15702492 15709326 2047608 1990994 220288 300546 14754362 14717937 542476 586328 1784112 1814262 15249770 15282241 15846557 15784334 2128449 2078020 16722564 16692959 14746133 14759332 926704 959801 1523622 1504444
B -886492 -886492 -323826 -323826 1076164 1076164 -94520 -94520 -1048310 -1048310 258285 258285 981585 981585 -460175 -460175 -811125 -811125 816027 816027 493884 493884 -1011121 -1011121 -155024 -155024 1021438 1021438 -205999 -205999 -937240 -937240
S 0 0 0 0 4194304 4194304 4194304 4194304 4194304 8323072 4194304 4194304 0 0 0 0 1356126 9437184 3216073 2097152 1356940 0 1354411 5976064 1141 5144576 14474444 3025020 738 8896512 393427 466161 1904690 15104560 15709031 15104560 15709031 14921960 14883515 94889 16343311 726230 8388606 0 0 0 0 0 0 0 0 0 0 0 0 0 0 0 0 0 0 0 0 0 1141 5144576 1523622 1504444 14974163 15034302 16124951 16134177 2142890 2161768 16614026 16562326 14701708 14659487 521050 512092 1969791 1956550 15864141 15849591 15159749 15150184 1579029 1685079 993728 981810 14724940 14785011 16505477 16428860 2022384 2063369 16388425 16342011 14921960 14883515
B 680311 680311 566074 566074 -1031318 -1031318 -60014 -60014 1035488 1035488 -375809 -375809 -832753 -832753 803545 803545 454759 454759 -1052688 -1052688 -39789 -39789 1064040 1064040 -150378 -150378 -1006016 -1006016 387263 387263 849719 849719
S 0 0 0 0 4194304 4194304 4194304 4194304 4194304 8323072 4194304 4194304 0 0 0 0 1354370 9437184 3216073 2097152 1355184 0 1358570 4919296 1141 5144576 8400891 14428468 16776642 9650176 401211 16115958 14790719 1496257 700711 1496257 700711 1695600 1703277 16661957 16350361 16691800 8388606 0 0 0 0 0 0 0 0 0 0 0 0 0 0 0 0 0 0 0 0 0 1141 5144576 14921960 14883515 1376902 1344343 1102025 1162272 14688317 14740844 16643539 16670838 2076050 2065905 16035377 16015821 15102606 15120816 1639785 1574396 918419 900619 14679572 14664109 16673637 16721641 2109336 2146826 16473086 16479835 14753413 14776956 765299 783754 1695600 1703277
B -784338 -784338 -513915 -513915 1012765 1012765 132923 132923 -1018934 -1018934 275975 275975 883941 883941 -781381 -781381 -385223 -385223 1074952 1074952 -256904 -256904 -920042 -920042 703958 703958 539927 539927 -1007500 -1007500 -12703 -12703
S 0 0 0 0 4194304 4194304 4194304 4194304 4194304 8323072 4194304 4194304 0 0 0 0 1352614 9437184 3216073 2097152 1353428 0 1355647 3661824 1141 5144576 15359330 5542271 1353 1568768 16346735 2011876 1700804 371270 1213178 371270 1213178 16749282 16754338 70950 16544726 344068 8388606 0 0 0 0 0 0 0 0 0 0 0 0 0 0 0 0 0 0 0 0 0 1141 5144576 1695600 1703277 15261180 15155902 15741953 15756820 2055136 1995924 230185 301508 14757491 14721205 530742 573161 1749404 1786362 15198407 15230502 16040962 15972581 2173161 2126648 16280186 16246633 14925429 14948836 1390322 1425513 1084070 1075639 14739582 14784852 16749282 16754338
B 1048284 1048284 -457330 -457330 -902032 -902032 647260 647260 714833 714833 -843264 -843264 -311641 -311641 1049144 1049144 -285400 -285400 -916596 -916596 733657 733657 559665 559665 -982339 -982339 -35928 -35928 976340 976340 -656923 -656923
S 0 0 0 0 4194304 4194304 4194304 4194304 4194304 8323072 4194304 4194304 0 0 0 0 1359050 9437184 3216073 2097152 1351672 0 1352704 13451264 1141 5144576 7746517 642767 156 15527936 16366806 14979028 16568479 15102840 14739816 15102840 14739816 15424502 15502239 350179 418523 285107 8388606 0 0 0 0 0 0 0 0 0 0 0 0 0 0 0 0 0 0 0 0 0 1141 5144576 16749282 16754338 2092290 2100849 15894697 15830415 14991157 14955147 1307904 1281138 1410460 1448872 15098038 15083341 16152008 16155862 2057363 2139213 16211342 16201493 14936369 14951679 1511027 1423602 1117579 1121082 14823542 14801534 16681029 16729692 1974540 1930822 15424502 15502239
B -563138 -563138 1043168 1043168 -19119 -19119 -1004554 -1004554 496737 496737 759304 759304 -913530 -913530 -254013 -254013 1066032 1066032 -205776 -205776 -971120 -971120 534706 534706 749307 749307 -869579 -869579 -378164 -378164 1073293 1073293
S 0 0 0 0 4194304 4194304 4194304 4194304 4194304 8323072 4194304 4194304 0 0 0 0 1357294 9437184 3216073 2097152 1358108 0 1357231 15323136 1141 5144576 4858789 8659109 16775234 675840 16697099 1118310 16246257 2162120 1973893 2162120 1973893 2154104 2139070 16386956 441071 16039276 8388606 0 0 0 0 0 0 0 0 0 0 0 0 0 0 0 0 0 0 0 0 0 1141 5144576 15424502 15502239 15653736 15648144 2069192 2103482 16763563 16714393 14796035 14740182 999995 986955 1504237 1532979 14933801 14966512 16273196 16265184 2099960 2164171 16371933 16359397 14813277 14856675 1123620 1015207 1500579 1496650 15052945 15023174 16002139 16039637 2154104 2139070
B 38955 38955 -1054910 -1054910 113927 113927 1019533 1019533 -315081 -315081 -889525 -889525 689117 689117 630835 630835 -963308 -963308 -287503 -287503 1022063 1022063 -40008 -40008 -1017268 -1017268 477538 477538 783492 783492 -875733 -875733
S 0 0 0 0 4194304 4194304 4194304 4194304 4194304 8323072 4194304 4194304 0 0 0 0 1355538 9437184 3216073 2097152 1356352 0 1352791 5775360 1141 5144576 11188910 10219885 16775615 1495040 434775 15139440 16665557 14865085 14663071 14865085 14663071 15071099 14980401 16703213 16380763 16272469 8388606 0 0 0 0 0 0 0 0 0 0 0 0 0 0 0 0 0 0 0 0 0 1141 5144576 2154104 2139070 62276 93546 14641545 14693250 212502 243208 2043806 2034327 16173279 16120832 14981395 15014937 1414880 1341589 1265583 1257758 14866189 14835012 16182305 16222117 2016997 2071255 16696860 16697541 14734757 14750603 960795 949360 1561097 1572874 15071099 14980401
ENDSET
SET 19 A=11776
P 64 64 64 64 64 64 0 64
B 853 853 26530 26530 149957 149957 385385 385385 677992 677992 950502 950502 1032721 1032721 753535 753535 65613 65613 -731943 -731943 -1019210 -1019210 -353710 -353710 740830 740830 905436 905436 -277912 -277912 -1005954 -1005954
S 0 0 0 0 4194304 4194304 4194304 4194304 4194304 4194304 0 4194304 0 0 0 0 1358087 9437184 7888043 2097152 1357156 0 1353343 10512384 1093 12619776 11280670 12698589 16776220 4050944 7177 16007862 887696 14816235 15075874 14816235 15075874 14766808 14763810 56 16765827 16749512 8388606 0 0 0 0 0 0 0 0 0 0 0 0 0 0 0 0 0 0 0 0 0 1093 12619776 0 0 0 3415 48904 57217 301473 298357 768645 772897 1355364 1356605 1900959 1901049 2066001 2064886 1509428 1504715 132544 129911 15314389 15312274 14737677 14739917 16069698 16069894 1481446 1481874 1810616 1811130 16220030 16222756 14766808 14763810
B 146517 146517 1005501 1005501 -331001 -331001 -956885 -956885 550618 550618 828264 828264 -719086 -719086 -681286 -681286 869525 869525 491743 491743 -970875 -970875 -287724 -287724 1034647 1034647 65360 65360 -1046760 -1046760 155768 155768
S 0 0 0 0 4194304 4194304 4194304 4194304 4194304 4194304 0 4194304 0 0 0 0 1355371 9437184 7888043 2097152 1354440 0 1355570 9623552 1093 12619776 13948529 14914160 16776761 2555904 16762411 2024501 1760326 636127 1304691 636127 1304691 312233 310842 16775534 16771779 16733161 8388606 0 0 0 0 0 0 0 0 0 0 0 0 0 0 0 0 0 0 0 0 0 1093 12619776 14766808 14763810 293488 292582 2016104 2005902 16111042 16119387 14863733 14863160 1105314 1097160 1652157 1660901 15340885 15337206 15412893 15416398 1743441 1734659 978675 988297 14837324 14833608 16201451 16202088 2071741 2066848 126769 134672 14685393 14682000 312233 310842
B 1014973 1014973 -372627 -372627 -934857 -934857 570211 570211 814577 814577 -743660 -743660 -656411 -656411 882235 882235 470046 470046 -982040 -982040 -262097 -262097 1037190 1037190 43359 43359 -1046506 -1046506 177446 177446 1009019 1009019
S 0 0 0 0 4194304 4194304 4194304 4194304 4194304 4194304 0 4194304 0 0 0 0 1352655 9437184 7888043 2097152 1351724 0 1357779 7690240 1093 12619776 8269939 8387716 2047 13123584 17167 291495 15428439 1903073 1466289 1903073 1466289 2017316 2018760 16772548 19012 16733241 8388606 0 0 0 0 0 0 0 0 0 0 0 0 0 0 0 0 0 0 0 0 0 1093 12619776 312233 310842 2030629 2029265 16028922 16035003 14909382 14905624 1141402 1139442 1628516 1629795 15287799 15291993 15466567 15462222 1765165 1763777 938590 941596 14812049 14814226 16255370 16250674 2074436 2074324 84819 88617 14684149 14684260 357154 352633 2017316 2018760
B -389732 -389732 -927155 -927155 584647 584647 804303 804303 -753392 -753392 -646454 -646454 888801 888801 460436 460436 -985042 -985042 -254763 -254763 1038234 1038234 38334 38334 -1046181 -1046181 179357 179357 1008964 1008964 -388900 -388900
S 0 0 0 0 4194304 4194304 4194304 4194304 4194304 4194304 0 4194304 0 0 0 0 1358131 9437184 7888043 2097152 1357200 0 1351767 11290624 1093 12619776 11497615 11555633 16775941 3346432 112 14681464 15317262 15702765 15134150 15702765 15134150 15997427 16001407 16768399 16766146 16683606 8388606 0 0 0 0 0 0 0 0 0 0 0 0 0 0 0 0 0 0 0 0 0 1093 12619776 2017316 2018760 15995907 15999598 14923789 14922026 1171151 1167438 1607161 1610053 15269031 15271834 15485912 15482705 1778787 1776417 918917 922828 14806450 14807814 16269705 16265678 2076805 2076131 74515 78822 14685024 14684685 360778 356651 2017376 2018482 15997427 16001407
B -928252 -928252 581251 581251 807963 807963 -748384 -748384 -653385 -653385 883135 883135 471404 471404 -980232 -980232 -269893 -269893 1035621 1035621 57531 57531 -1047435 -1047435 156779 156779 1015433 1015433 -363929 -363929 -941270 -941270
S 0 0 0 0 4194304 4194304 4194304 4194304 4194304 4194304 0 4194304 0 0 0 0 1355415 9437184 7888043 2097152 1354484 0 1353910 2070528 1093 12619776 13683676 918216 224 2916352 16761929 79638 1608654 15063138 15601644 15063138 15601644 14895612 14893742 16762751 16771043 16677469 8388606 0 0 0 0 0 0 0 0 0 0 0 0 0 0 0 0 0 0 0 0 0 1093 12619776 15997427 16001407 14921715 14919710 1164257 1160748 1614587 1617267 15278953 15281943 15472115 15468780 1767408 1765134 940919 944700 14815992 14817512 16239484 16235376 2071575 2070911 112948 117179 14682445 14682247 315655 311461 2030342 2031390 16047364 16051352 14895612 14893742
B 555485 555485 828428 828428 -723603 -723603 -681776 -681776 861588 861588 507609 507609 -964132 -964132 -313246 -313246 1027155 1027155 106750 106750 -1048647 -1048647 103472 103472 1027936 1027936 -308867 -308867 -966320 -966320 501429 501429
S 0 0 0 0 4194304 4194304 4194304 4194304 4194304 4194304 0 4194304 0 0 0 0 1352699 9437184 7888043 2097152 1351768 0 1356006 16205824 1093 12619776 8312670 8377200 2045 3604480 16728 2090808 1282331 1279018 1783444 1279018 1783444 1004720 1000996 16756564 18970 16674694 8388606 0 0 0 0 0 0 0 0 0 0 0 0 0 0 0 0 0 0 0 0 0 1093 12619776 14895612 14893742 1112767 1109174 1655564 1658151 15328469 15331551 15415281 15412050 1724385 1721969 1013366 1017070 14848115 14849790 16152751 16148699 2054737 2053884 211392 215611 14679919 14679925 209052 204838 2055457 2056287 16157455 16161512 14845401 14843753 1004720 1000996
B 866608 866608 -673512 -673512 -733053 -733053 818668 818668 571249 571249 -931434 -931434 -387764 -387764 1007670 1007670 189913 189913 -1044960 -1044960 14559 14559 1042083 1042083 -217814 -217814 -999712 -999712 412226 412226 919709 919709
S 0 0 0 0 4194304 4194304 4194304 4194304 4194304 4194304 0 4194304 0 0 0 0 1358175 9437184 7888043 2097152 1357244 0 1358051 9775104 1093 12619776 11720573 10540110 16775693 4513792 609 16614360 15119502 1659387 1101236 1659387 1101236 1838401 1840435 16749704 16766510 16629410 8388606 0 0 0 0 0 0 0 0 0 0 0 0 0 0 0 0 0 0 0 0 0 1093 12619776 1004720 1000996 1732027 1734405 15428563 15431824 15312628 15309592 1638662 1636010 1140723 1144274 14913367 14915330 16003663 15999714 2015928 2014755 377743 381911 14687115 14687479 31241 26997 2083930 2084403 16339516 16343662 14778430 14777154 826402 822504 1838401 1840435
B -590398 -590398 -805509 -805509 746003 746003 661728 661728 -873323 -873323 -494004 -494004 968041 968041 308755 308755 -1027062 -1027062 -112960 -112960 1048528 1048528 -86240 -86240 -1032243 -1032243 281610 281610 979037 979037 -466161 -466161
S 0 0 0 0 4194304 4194304 4194304 4194304 4194304 4194304 0 4194304 0 0 0 0 1355459 9437184 7888043 2097152 1354528 0 1351847 8624128 1093 12619776 13422346 4633678 1131 4513792 16761495 14681315 15420012 15563563 15039995 15563563 15039995 15842994 15846794 16741927 16770344 16638322 8388606 0 0 0 0 0 0 0 0 0 0 0 0 0 0 0 0 0 0 0 0 0 1093 12619776 1838401 1840435 15594666 15598174 15167556 15164843 1493495 1490519 1321818 1325095 15029392 15031750 15791080 15787336 1936899 1935266 615486 619535 14722656 14723529 16553408 16549184 2097084 2097031 16602622 16606852 14713102 14712360 565268 561175 1957316 1958834 15842994 15846794
B -891355 -891355 633600 633600 772608 772608 -778105 -778105 -627305 -627305 895092 895092 460774 460774 -980666 -980666 -279034 -279034 1032283 1032283 88428 88428 -1048634 -1048634 104383 104383 1029454 1029454 -292915 -292915 -975973 -975973
S 0 0 0 0 4194304 4194304 4194304 4194304 4194304 4194304 0 4194304 0 0 0 0 1352743 9437184 7888043 2097152 1351812 0 1353775 9439232 1093 12619776 8345935 8374359 2044 8744960 16298 16662922 1469499 14968231 15454881 14968231 15454881 14826043 14824497 16734221 18934 16635505 8388606 0 0 0 0 0 0 0 0 0 0 0 0 0 0 0 0 0 0 0 0 0 1093 12619776 15842994 15846794 14995625 14993390 1268888 1265513 1543789 1546645 15219579 15222433 15524307 15520907 1791285 1789083 919652 923445 14815128 14816642 16221194 16217102 2064941 2064191 174748 178965 14679959 14679937 210879 206654 2058505 2059311 16189350 16193424 14826043 14824497
B 470938 470938 890256 890256 -632614 -632614 -775592 -775592 772994 772994 636057 636057 -887552 -887552 -476513 -476513 973070 973070 302331 302331 -1027089 -1027089 -119269 -119269 1048295 1048295 -66874 -66874 -1036507 -1036507 250129 250129
S 0 0 0 0 4194304 4194304 4194304 4194304 4194304 4194304 0 4194304 0 0 0 0 1358219 9437184 7888043 2097152 1357288 0 1355641 9865216 1093 12619776 11949289 9752704 16775501 524288 1132 2058943 1684266 809695 1434713 809695 1434713 502321 498197 16726351 16766911 16592954 8388606 0 0 0 0 0 0 0 0 0 0 0 0 0 0 0 0 0 0 0 0 0 1093 12619776 14826043 14824497 943776 939979 1779394 1781633 15510298 15513680 15227460 15224605 1547421 1544555 1270435 1273796 15000978 15003246 15826079 15822301 1946929 1945352 602640 606685 14722602 14723477 16540790 16536569 2096643 2096539 16641360 16645577 14704518 14703889 502321 498197
B 992352 992352 -424845 -424845 -917755 -917755 585780 585780 815296 815296 -728036 -728036 -688526 -688526 847731 847731 541568 541568 -941392 -941392 -379091 -379091 1006712 1006712 206068 206068 -1042084 -1042084 -27820 -27820 1046811 1046811
S 0 0 0 0 4194304 4194304 4194304 4194304 4194304 4194304 0 4194304 0 0 0 0 1355503 9437184 7888043 2097152 1354572 0 1357444 4356096 1093 12619776 13164835 7463760 1822 3473408 16761102 770491 15861833 2049464 1765768 2049464 1765768 2093498 2093748 16717892 16769676 16612701 8388606 0 0 0 0 0 0 0 0 0 0 0 0 0 0 0 0 0 0 0 0 0 1093 12619776 502321 498197 1984020 1985390 15925589 15929463 14942730 14940684 1173318 1169805 1629263 1631921 15319618 15322670 15401764 15398567 1696709 1694216 1081328 1084947 14893495 14895371 16021009 16017059 2014018 2012830 410064 414211 14692804 14693294 16723698 16719456 2093498 2093748
B -150461 -150461 -1021306 -1021306 323582 323582 966557 966557 -486689 -486689 -884634 -884634 635382 635382 778123 778123 -765499 -765499 -650369 -650369 873860 873860 505198 505198 -957590 -957590 -346876 -346876 1014820 1014820 179856 179856
S 0 0 0 0 4194304 4194304 4194304 4194304 4194304 4194304 0 4194304 0 0 0 0 1352787 9437184 7888043 2097152 1351856 0 1359182 14002176 1093 12619776 8369695 8385409 2047 3674112 15871 15058828 14728753 37247 16083391 37247 16083391 357631 361793 16709795 18899 16606814 8388606 0 0 0 0 0 0 0 0 0 0 0 0 0 0 0 0 0 0 0 0 0 1093 12619776 2093498 2093748 16474200 16478389 14735079 14734129 649185 645146 1932293 1933937 15801965 15805713 15009082 15006815 1272448 1269082 1554831 1557663 15244771 15247667 15478138 15474821 1748889 1746553 1008549 1012244 14861170 14862905 16085462 16081466 2030174 2029106 357631 361793
B -1044391 -1044391 -8813 -8813 1045803 1045803 -161713 -161713 -1019559 -1019559 327175 327175 966585 966585 -483240 -483240 -888767 -888767 626114 626114 788410 788410 -752155 -752155 -668425 -668425 858579 858579 532127 532127 -942857 -942857
S 0 0 0 0 4194304 4194304 4194304 4194304 4194304 4194304 0 4194304 0 0 0 0 1358263 9437184 7888043 2097152 1357332 0 1352664 14686208 1093 12619776 12183503 9158621 16775355 16633856 1674 15142020 16631797 14772988 14683196 14772988 14683196 14890573 14892433 16701590 16767344 16563347 8388606 0 0 0 0 0 0 0 0 0 0 0 0 0 0 0 0 0 0 0 0 0 1093 12619776 357631 361793 14688234 14688634 16761712 16757471 2091450 2091762 16451701 16455881 14738589 14737607 656364 652336 1932351 1933990 15808861 15812614 15000806 14998561 1253926 1250532 1575431 1578210 15271431 15274384 15441994 15438739 1718371 1715946 1062441 1066070 14890573 14892433
B -383194 -383194 1003241 1003241 225465 225465 -1038657 -1038657 -63027 -63027 1048456 1048456 -100117 -100117 -1032974 -1032974 260042 260042 992810 992810 -412928 -412928 -929390 -929390 555413 555413 844515 844515 -684126 -684126 -740499 -740499
S 0 0 0 0 4194304 4194304 4194304 4194304 4194304 4194304 0 4194304 0 0 0 0 1355547 9437184 7888043 2097152 1354616 0 1354273 1800192 1093 12619776 12911439 8386532 2047 8273920 16760747 704309 1927435 15540897 16202541 15540897 16202541 15297713 15294725 16692878 16769036 16578725 8388606 0 0 0 0 0 0 0 0 0 0 0 0 0 0 0 0 0 0 0 0 0 1093 12619776 14890573 14892433 16012797 16008859 2007100 2005865 448871 452992 14699608 14700199 16653273 16649053 2096876 2096949 16574878 16579087 14711631 14710906 522133 518036 1984943 1986300 15949419 15953302 14919415 14917459 1112618 1109036 1687785 1690278 15407359 15410569 15297713 15294725
B 796452 796452 620061 620061 -889994 -889994 -486199 -486199 962916 962916 342124 342124 -1014029 -1014029 -191240 -191240 1042372 1042372 36964 36964 -1047887 -1047887 117306 117306 1030668 1030668 -268127 -268127 -991547 -991547 412474 412474
S 0 0 0 0 4194304 4194304 4194304 4194304 4194304 4194304 0 4194304 0 0 0 0 1352831 9437184 7888043 2097152 1351900 0 1355813 15316992 1093 12619776 8383924 8065575 1969 2256896 15443 2095192 1493330 1109413 1654641 1109413 1654641 826885 823013 16684249 18859 16576973 8388606 0 0 0 0 0 0 0 0 0 0 0 0 0 0 0 0 0 0 0 0 0 1093 12619776 15297713 15294725 1594278 1591531 1238426 1241821 14996104 14998354 15806692 15802944 1926669 1924996 682257 686239 14748619 14749700 16396812 16392662 2084977 2084513 71820 76037 14681526 14681361 236703 232521 2060955 2061719 16238920 16243004 14794810 14793437 826885 823013
B 931711 931711 -547296 -547296 -852706 -852706 670067 670067 756536 756536 -778406 -778406 -645422 -645422 870250 870250 521898 521898 -944187 -944187 -388659 -388659 998839 998839 248539 248539 -1033653 -1033653 -104369 -104369 1048171 1048171
S 0 0 0 0 4194304 4194304 4194304 4194304 4194304 4194304 0 4194304 0 0 0 0 1358307 9437184 7888043 2097152 1357376 0 1357287 1181696 1093 12619776 12422948 8759217 16775258 8065024 2229 970131 16079723 2081566 1866880 2081566 1866880 2096411 2096274 16675631 16767805 16530427 8388606 0 0 0 0 0 0 0 0 0 0 0 0 0 0 0 0 0 0 0 0 0 1093 12619776 826885 823013 1862463 1864381 15680819 15684431 15073034 15070574 1341757 1338514 1511617 1514527 15218985 15221826 15488036 15484709 1741675 1739325 1041970 1045625 14887923 14889762 16001855 15997942 1998322 1997037 495035 499122 14709556 14710267 16570569 16566389 2096411 2096274
ENDSET
SET 20 A=24000
P 64 64 64 64 64 64 127 64
B 1739 1739 16756 16756 -290533 -290533 -754563 -754563 -178374 -178374 409082 409082 -56685 -56685 -998356 -998356 -332954 -332954 465366 465366 704582 704582 -215694 -215694 -185280 -185280 1002604 1002604 132351 132351 -1014799 -1014799
S 0 0 0 0 4194304 4194304 4194304 4194304 4194304 4194304 8323072 4194304 0 0 0 0 1357674 9437184 1202353 2097152 1357348 0 1351955 5548288 2229 1921536 14698019 12327446 16776129 10575872 9230545 1106035 15714762 15358558 14682430 15358558 14682430 14618403 14876836 9991866 4963093 9100900 8388606 0 0 0 0 0 0 0 0 0 0 0 0 0 0 0 0 0 0 0 0 0 2229 1921536 0 0 0 6958 99345 16744896 65797 15549287 16192778 14343404 516711 15547009 787590 848738 16375673 174803 15871830 13689178 15441279 4123 1964833 16673850 1122361 1695968 16424575 16267084 16078670 16734645 1358530 2651887 818730 16487893 14618403 14876836
B 148271 148271 344693 344693 368843 368843 -434456 -434456 -199121 -199121 -503602 -503602 -496391 -496391 -107036 -107036 493953 493953 320703 320703 405300 405300 398995 398995 91516 91516 10909 10909 -445609 -445609 -493085 -493085
S 0 0 0 0 4194304 4194304 4194304 4194304 4194304 4194304 8323072 4194304 0 0 0 0 1355150 9437184 1202353 2097152 1354824 0 1356817 1865984 2229 1921536 9928325 385903 94 3600384 9057943 548030 16349008 15063266 15291799 15063266 15291799 14908256 16673838 15640093 15059171 14439989 8388606 0 0 0 0 0 0 0 0 0 0 0 0 0 0 0 0 0 0 0 0 0 2229 1921536 14618403 14876836 1965638 15404665 509174 869601 1539860 16712730 15974674 15841934 16299460 16458489 973 14761836 14973692 16595177 2050914 14298159 541826 1433987 1636984 16423047 1306668 314535 1097156 498824 1467578 15675704 16677738 143115 1174084 13820698 14908256 16673838
B -310913 -310913 -376719 -376719 -376390 -376390 203299 203299 121236 121236 650325 650325 273677 273677 523251 523251 340531 340531 -277087 -277087 -423999 -423999 -304470 -304470 -336753 -336753 -547071 -547071 -268908 -268908 -128579 -128579
S 0 0 0 0 4194304 4194304 4194304 4194304 4194304 4194304 8323072 4194304 0 0 0 0 1352626 9437184 1202353 2097152 1352300 0 1353364 8521984 2229 1921536 6969728 2063220 503 12009472 3164140 15768627 16573483 1156962 1078001 1156962 1078001 1323900 14939003 13129710 7916762 2346656 8388606 0 0 0 0 0 0 0 0 0 0 0 0 0 0 0 0 0 0 0 0 0 2229 1921536 14908256 16673838 445982 15087584 15618249 16429309 16635838 15413036 247659 565537 1484458 15777702 1598614 1002687 569769 524942 1701980 391024 805521 556604 1126475 14542393 14954014 127208 766580 14792758 15204934 225273 16016155 15349995 14963960 737627 1323900 14939003
B 373939 373939 195091 195091 193361 193361 7347 7347 651585 651585 -310026 -310026 -125827 -125827 -802733 -802733 48304 48304 -404808 -404808 370933 370933 428462 428462 350417 350417 198662 198662 497552 497552 -571270 -571270
S 0 0 0 0 4194304 4194304 4194304 4194304 4194304 4194304 8323072 4194304 0 0 0 0 1358294 9437184 1202353 2097152 1357968 0 1353479 8808704 2229 1921536 1872072 9618708 16775468 5324800 7886907 15395521 15525268 1270765 16091055 1270765 16091055 1217921 13274215 7460437 11591867 9159743 8388606 0 0 0 0 0 0 0 0 0 0 0 0 0 0 0 0 0 0 0 0 0 2229 1921536 1323900 14939003 16165429 2107544 1294873 16262709 15939733 1610929 830805 15975801 394186 2212157 53406 15483709 1307499 14966409 14554139 15789361 2558285 14412147 15574205 16360995 2724562 15536388 1460365 253484 589309 812361 1848351 15723515 692199 1298011 1217921 13274215
B -35680 -35680 -470743 -470743 -262391 -262391 -169895 -169895 -415605 -415605 87906 87906 762386 762386 -17022 -17022 184097 184097 -4714 -4714 -380927 -380927 -551345 -551345 425851 425851 72408 72408 507077 507077 -133980 -133980
S 0 0 0 0 4194304 4194304 4194304 4194304 4194304 4194304 8323072 4194304 0 0 0 0 1355770 9437184 1202353 2097152 1355444 0 1354497 15137024 2229 1921536 8470711 7671551 1872 15724544 9480480 426653 16341612 16523284 2043974 16523284 2043974 16750144 16268368 9464947 10640520 6937086 8388606 0 0 0 0 0 0 0 0 0 0 0 0 0 0 0 0 0 0 0 0 0 2229 1921536 1217921 13274215 16026446 608053 1043871 13850373 15813137 16691734 267328 15830311 16584363 15307649 1143490 15985352 3091013 16735750 15520156 1188972 2674936 14838671 15498864 1259496 1165309 14088200 14095118 476718 1256513 446891 16754045 312803 810347 1217963 16750144 16268368
B 692949 692949 38144 38144 -64222 -64222 -591040 -591040 -332913 -332913 -465676 -465676 -374610 -374610 45415 45415 -26027 -26027 363378 363378 -16175 -16175 481589 481589 -223448 -223448 390794 390794 397051 397051 319311 319311
S 0 0 0 0 4194304 4194304 4194304 4194304 4194304 4194304 8323072 4194304 0 0 0 0 1353246 9437184 1202353 2097152 1352920 0 1355375 6166784 2229 1921536 4059285 6410395 1565 634880 15311062 1539318 2046115 587002 15153576 587002 15153576 16136364 1918097 11988571 7498579 5891188 8388606 0 0 0 0 0 0 0 0 0 0 0 0 0 0 0 0 0 0 0 0 0 2229 1921536 16750144 16268368 732175 2039623 1106592 15823200 14641629 1878700 16270910 14919364 15404820 40747 16082800 15608930 15682900 16373092 16431417 527462 476620 16196489 71651 1381863 972435 15740084 800938 1125418 1513540 14369886 474556 1088620 2874718 15490702 16136364 1918097
B 246296 246296 511224 511224 -290218 -290218 -3697 -3697 -591611 -591611 -396344 -396344 -455428 -455428 -266226 -266226 -351672 -351672 795979 795979 102234 102234 555526 555526 430133 430133 -428359 -428359 -252789 -252789 -180862 -180862
S 0 0 0 0 4194304 4194304 4194304 4194304 4194304 4194304 8323072 4194304 0 0 0 0 1358914 9437184 1202353 2097152 1358588 0 1353484 15079680 2229 1921536 5407923 11565710 16775943 11067392 7937704 14940734 656724 1840398 14850327 1840398 14850327 1664452 14389318 7320445 15967521 10697403 8388606 0 0 0 0 0 0 0 0 0 0 0 0 0 0 0 0 0 0 0 0 0 2229 1921536 16136364 1918097 2492665 15269737 16513473 2308639 1182883 14433461 16256276 506154 624770 13786005 15106625 85217 16366712 15366008 15957784 16531745 1300234 14070297 1616537 1567380 1159710 16026443 2718995 16280327 993996 726537 1595451 13468330 15278400 487662 1664452 14389318
B -300165 -300165 97054 97054 -486817 -486817 388772 388772 529295 529295 47296 47296 89388 89388 -13278 -13278 -590221 -590221 -365255 -365255 443607 443607 308307 308307 464922 464922 198517 198517 642155 642155 56942 56942
S 0 0 0 0 4194304 4194304 4194304 4194304 4194304 4194304 8323072 4194304 0 0 0 0 1356390 9437184 1202353 2097152 1356064 0 1355471 11270400 2229 1921536 8856338 7712618 1882 16162816 11371554 15014966 16494963 1097880 1552695 1097880 1552695 692830 16312155 9789367 8658011 6941476 8388606 0 0 0 0 0 0 0 0 0 0 0 0 0 0 0 0 0 0 0 0 0 2229 1921536 1664452 14389318 15645457 16708315 961364 16204070 16302761 15304406 1437142 117949 2793817 16100582 15425925 1540475 2443392 14691377 14818468 1905639 233924 14182410 14353111 963086 229681 1544748 731126 502105 161735 1697956 605129 188942 1005973 1562649 692830 16312155
B 83060 83060 -553441 -553441 -188342 -188342 -349356 -349356 -116288 -116288 -569046 -569046 362454 362454 94253 94253 956963 956963 -130814 -130814 497080 497080 -371245 -371245 -453647 -453647 -363589 -363589 -256967 -256967 -576622 -576622
S 0 0 0 0 4194304 4194304 4194304 4194304 4194304 4194304 8323072 4194304 0 0 0 0 1353866 9437184 1202353 2097152 1353540 0 1352638 10799360 2229 1921536 248074 1944515 474 12333056 10853896 14797210 817700 15502172 2262021 15502172 2262021 15671531 15576413 258029 7096032 11975860 8388606 0 0 0 0 0 0 0 0 0 0 0 0 0 0 0 0 0 0 0 0 0 2229 1921536 692830 16312155 15563060 1546399 16242527 15098141 16109337 16691730 16559543 15597465 16147472 164594 15984116 15294134 409374 1040445 14848421 2305809 2734036 1093818 13962725 2291236 1472087 516234 13953615 1338624 15369865 16369982 16058558 16041521 14813829 935519 15671531 15576413
B 549670 549670 100461 100461 404755 404755 237000 237000 73207 73207 601161 601161 -56789 -56789 -774544 -774544 79795 79795 -481846 -481846 -78875 -78875 39795 39795 -142377 -142377 590877 590877 322811 322811 202383 202383
S 0 0 0 0 4194304 4194304 4194304 4194304 4194304 4194304 8323072 4194304 0 0 0 0 1359534 9437184 1202353 2097152 1351016 0 1357568 7670016 2229 1921536 7743737 7311469 1785 446464 7521374 2093456 958647 15024490 1811216 15024490 1811216 15835525 1751223 7698441 3862525 16208743 8388606 0 0 0 0 0 0 0 0 0 0 0 0 0 0 0 0 0 0 0 0 0 2229 1921536 15671531 15576413 15539572 3436324 928786 16250276 15495764 2900475 1016690 16708529 16118134 951913 171367 2233279 15567172 982888 13779845 16676413 1032875 16063523 13581774 1268061 1228715 15233003 14246970 2689428 311961 15895748 15395130 3745597 1554089 16514373 15835525 1751223
B 532933 532933 -47650 -47650 -594813 -594813 -38683 -38683 -371236 -371236 143837 143837 117994 117994 32678 32678 424762 424762 133339 133339 -104053 -104053 275291 275291 -381361 -381361 -43127 -43127 -266058 -266058 -402131 -402131
S 0 0 0 0 4194304 4194304 4194304 4194304 4194304 4194304 8323072 4194304 0 0 0 0 1357010 9437184 1202353 2097152 1356684 0 1357504 15919360 2229 1921536 10999633 905424 221 851968 15717937 402739 2057723 15507644 14836422 15507644 14836422 13802401 1366291 11020809 9050553 4189715 8388606 0 0 0 0 0 0 0 0 0 0 0 0 0 0 0 0 0 0 0 0 0 2229 1921536 15835525 1751223 790397 1341337 15331882 1254736 14437013 16738169 275264 16347223 14009192 1283083 1750309 15602258 14254942 2994250 1018072 15889858 15559831 2916435 1022915 16287659 15748488 612519 232639 868525 15665781 16363209 14931495 1673214 16613499 15876704 13802401 1366291
B -20891 -20891 -305479 -305479 -351331 -351331 736433 736433 175679 175679 21958 21958 -60090 -60090 -378628 -378628 -627880 -627880 68715 68715 277327 277327 469783 469783 207967 207967 520846 520846 323753 323753 174700 174700
S 0 0 0 0 4194304 4194304 4194304 4194304 4194304 4194304 8323072 4194304 0 0 0 0 1354486 9437184 1202353 2097152 1354160 0 1356055 10111232 2229 1921536 13159030 15058728 16776796 7503872 8638432 16648224 384811 1690877 14874733 1690877 14874733 751098 16724921 15055869 3240548 9773138 8388606 0 0 0 0 0 0 0 0 0 0 0 0 0 0 0 0 0 0 0 0 0 2229 1921536 13802401 1366291 1433856 15259796 13759239 1796061 152066 15219826 15303828 4419121 1782596 15697336 15479403 1385646 333618 16203241 16526459 15513463 14543845 16499069 2449183 14602893 16449267 1437258 2059122 16597226 232028 599842 1421163 662222 305542 989472 751098 16724921
B -338478 -338478 -351957 -351957 -345379 -345379 -95968 -95968 -535974 -535974 -1257 -1257 145500 145500 607340 607340 386832 386832 1307 1307 -6134 -6134 -442461 -442461 -363051 -363051 -81363 -81363 -501890 -501890 138745 138745
S 0 0 0 0 4194304 4194304 4194304 4194304 4194304 4194304 8323072 4194304 0 0 0 0 1351962 9437184 1202353 2097152 1351636 0 1354776 9820416 2229 1921536 8361191 1931995 471 11382784 7115608 519242 1150205 2828016 15009773 2828016 15009773 1026006 16306192 1320992 7829330 16726095 8388606 0 0 0 0 0 0 0 0 0 0 0 0 0 0 0 0 0 0 0 0 0 2229 1921536 751098 16724921 292914 15130391 15232458 136930 40165 15355536 15727916 665431 10096 14623226 15409224 1362964 2794495 14564722 748896 1680467 2333745 15990800 1374559 15407885 16734287 18395 1290559 13716815 15399418 16702811 985736 15466030 16019624 15527249 1026006 16306192
B 298736 298736 153768 153768 571256 571256 208399 208399 294483 294483 306491 306491 -506327 -506327 -344741 -344741 -210884 -210884 -376895 -376895 22172 22172 666996 666996 -13852 -13852 42509 42509 -294384 -294384 3454 3454
S 0 0 0 0 4194304 4194304 4194304 4194304 4194304 4194304 8323072 4194304 0 0 0 0 1357630 9437184 1202353 2097152 1357304 0 1355076 1235200 2229 1921536 14424994 11899760 16776025 3604480 3621812 15214437 15701477 1553464 861871 1553464 861871 1330276 15460756 3411612 9473323 9089177 8388606 0 0 0 0 0 0 0 0 0 0 0 0 0 0 0 0 0 0 0 0 0 2229 1921536 1026006 16306192 1980693 15991470 134788 480286 3119427 15942815 15824526 1786289 2432558 15522591 16540543 1462640 1745687 13006224 15011544 386711 1788351 14145330 15931376 16115476 1266664 15599240 1911940 756047 15960132 761679 1426189 15521065 15039894 559786 1330276 15460756
B -67565 -67565 -700664 -700664 63974 63974 139004 139004 518791 518791 253539 253539 333180 333180 135645 135645 273295 273295 -74809 -74809 -15089 -15089 76767 76767 -207303 -207303 472301 472301 -880308 -880308 -106265 -106265
S 0 0 0 0 4194304 4194304 4194304 4194304 4194304 4194304 8323072 4194304 0 0 0 0 1355106 9437184 1202353 2097152 1354780 0 1356991 14776576 2229 1921536 10095657 16339904 16777109 3932160 9028113 972137 15907102 14855167 15532590 14855167 15532590 16288257 63900 15554852 15393877 13047395 8388606 0 0 0 0 0 0 0 0 0 0 0 0 0 0 0 0 0 0 0 0 0 2229 1921536 1330276 15460756 15677776 829180 149003 13825559 16030022 1003092 16642822 690410 1646529 428635 16599932 1191440 2046708 16063231 16023960 1295837 2161095 15709304 15446257 1031724 1620501 15096360 15992896 1091388 1492660 14455345 1077436 811769 16706559 13326641 16288257 63900
B -602451 -602451 -181500 -181500 -602758 -602758 311045 311045 -93591 -93591 775805 775805 126666 126666 522973 522973 49595 49595 301329 301329 -804786 -804786 47714 47714 -1078836 -1078836 323862 323862 215204 215204 305152 305152
S 0 0 0 0 4194304 4194304 4194304 4194304 4194304 4194304 8323072 4194304 0 0 0 0 1352582 9437184 1202353 2097152 1352256 0 1356030 8575232 2229 1921536 7123268 1160814 283 6742016 3471580 2096962 1945776 1446710 14744892 1446710 14744892 1235841 16761985 13406495 7944528 1894910 8388606 0 0 0 0 0 0 0 0 0 0 0 0 0 0 0 0 0 0 0 0 0 2229 1921536 16288257 63900 16193441 14951188 16618941 16209491 15294855 15848545 1044040 200142 338492 16064361 1942926 1160295 16463654 820226 1088944 1002948 295972 16679624 1780809 16201724 14719842 15615448 2960141 14007932 13920421 15318668 3391925 14680740 374802 486014 1235841 16761985
ENDSET
SET 21 A=640
P 30 100 110 20 90 40 70 127
B 46 46 590 590 -8613 -8613 -28394 -28394 -32290 -32290 -44679 -44679 -49595 -49595 -70913 -70913 -94823 -94823 -122067 -122067 -147817 -147817 -174064 -174064 -220055 -220055 -262468 -262468 -296450 -296450 -335091 -335091
S 0 0 0 0 1966080 6553600 7208960 1310720 5898240 2621440 4587520 8323072 0 0 0 0 1357888 14680064 9291593 12582912 1359168 8126464 1359340 8529408 59 7433216 15196722 16352755 16777183 10338048 16008274 16066650 15990566 16090121 16072196 16090121 16072196 16090316 16123754 16484483 228720 16111951 8248685 0 0 0 0 0 0 0 0 0 0 0 0 0 0 0 0 0 0 0 0 0 59 7433216 0 0 0 185 2660 16776918 16768044 16751939 16711584 16729272 16710391 16714882 16690044 16685674 16666569 16689485 16651895 16618886 16574403 16600738 16555003 16511163 16469295 16493872 16435736 16422441 16333494 16340719 16239285 16265278 16196023 16172612 16090316 16123754
B -386503 -386503 -427518 -427518 -470410 -470410 -530019 -530019 -569741 -569741 -595061 -595061 -622208 -622208 -672692 -672692 -708898 -708898 -721496 -721496 -770991 -770991 -806703 -806703 -831695 -831695 -838003 -838003 -872830 -872830 -878564 -878564
S 0 0 0 0 1966080 6553600 7208960 1310720 5898240 2621440 4587520 8323072 0 0 0 0 1352056 14680064 9291593 12582912 1358464 16252928 1358583 15234560 59 7433216 9148220 11821565 16776837 15331584 16284431 15029709 15018667 15014524 15021996 15014524 15021996 15009394 15030785 16582971 15939504 15750945 8248685 0 0 0 0 0 0 0 0 0 0 0 0 0 0 0 0 0 0 0 0 0 59 7433216 16090316 16123754 16026748 15981672 15911525 15932836 15847758 15825034 15711822 15722536 15633162 15642308 15596199 15577992 15518556 15547044 15449163 15414501 15347322 15371518 15344454 15323997 15231190 15239280 15159823 15167800 15120503 15107152 15090357 15112064 15044514 15018598 15009394 15030785
B -875820 -875820 -875532 -875532 -879174 -879174 -867968 -867968 -846684 -846684 -845278 -845278 -826535 -826535 -809837 -809837 -782957 -782957 -774313 -774313 -743789 -743789 -721445 -721445 -698743 -698743 -682258 -682258 -668717 -668717 -653475 -653475
S 0 0 0 0 1966080 6553600 7208960 1310720 5898240 2621440 4587520 8323072 0 0 0 0 1354416 14680064 9291593 12582912 1357761 7602176 1358993 15758848 59 7433216 5196998 8646297 16776595 11074816 16191279 15475925 15466328 15449837 15466188 15449837 15466188 15461313 15479222 16530099 595958 15580177 8248685 0 0 0 0 0 0 0 0 0 0 0 0 0 0 0 0 0 0 0 0 0 59 7433216 15009394 15030785 15035645 15015507 15020113 15032192 15019476 15018263 15043557 15039005 15075953 15091743 15096994 15076328 15113871 15134421 15167889 15147196 15205119 15217486 15229929 15227254 15291459 15287819 15325984 15342669 15390393 15369070 15400757 15424646 15453137 15426429 15461313 15479222
B -656938 -656938 -653311 -653311 -670682 -670682 -668339 -668339 -692756 -692756 -709699 -709699 -735387 -735387 -751884 -751884 -787351 -787351 -826193 -826193 -847260 -847260 -885394 -885394 -919349 -919349 -955481 -955481 -967666 -967666 -1001159 -1001159
S 0 0 0 0 1966080 6553600 7208960 1310720 5898240 2621440 4587520 8323072 0 0 0 0 1356776 14680064 9291593 12582912 1357057 15728640 1358087 16193024 59 7433216 5165373 9545939 16776664 4988672 849886 14754318 14731356 14765823 14773092 14765823 14773092 14772519 14777277 16472843 461468 15376633 8248685 0 0 0 0 0 0 0 0 0 0 0 0 0 0 0 0 0 0 0 0 0 59 7433216 15461313 15479222 15468270 15458410 15470469 15470721 15427905 15443802 15451825 15429252 15378027 15405382 15373063 15342573 15296889 15315998 15279588 15267311 15201941 15203088 15118369 15131292 15091747 15073647 14995133 15017725 14951025 14926013 14857868 14874643 14848490 14835280 14772519 14777277
B -1018897 -1018897 -1031894 -1031894 -1038577 -1038577 -1047230 -1047230 -1049264 -1049264 -1047399 -1047399 -1046767 -1046767 -1042225 -1042225 -1041906 -1041906 -1042585 -1042585 -1040801 -1040801 -1041601 -1041601 -1044219 -1044219 -1045869 -1045869 -1046766 -1046766 -1047670 -1047670
S 0 0 0 0 1966080 6553600 7208960 1310720 5898240 2621440 4587520 8323072 0 0 0 0 1359136 14680064 9291593 12582912 1356354 7077888 1357859 8132096 59 7433216 9131587 14845221 16777068 10074368 266728 14680270 14680094 14680702 14679668 14680702 14679668 14681449 14682306 16621838 15904086 16269172 8248685 0 0 0 0 0 0 0 0 0 0 0 0 0 0 0 0 0 0 0 0 0 59 7433216 14772519 14777277 14737289 14741558 14717183 14709674 14695045 14705081 14687480 14678032 14675501 14681877 14684448 14680391 14682448 14684917 14693658 14691875 14691972 14694839 14694214 14689878 14693054 14698174 14696483 14691546 14686534 14691024 14686742 14684217 14683131 14684238 14681449 14682306
B -1049063 -1049063 -1047465 -1047465 -1046698 -1046698 -1042933 -1042933 -1039157 -1039157 -1035597 -1035597 -1031833 -1031833 -1030214 -1030214 -1028578 -1028578 -1029439 -1029439 -1032694 -1032694 -1033810 -1033810 -1037537 -1037537 -1039440 -1039440 -1045592 -1045592 -1045101 -1045101
S 0 0 0 0 1966080 6553600 7208960 1310720 5898240 2621440 4587520 8323072 0 0 0 0 1353304 14680064 9291593 12582912 1355650 15204352 1357838 16619008 59 7433216 15236231 4268376 325 10926080 15596311 14681404 14680645 14685778 14684562 14685778 14684562 14689230 14684801 16280940 16652505 16753768 8248685 0 0 0 0 0 0 0 0 0 0 0 0 0 0 0 0 0 0 0 0 0 59 7433216 14681449 14682306 14679719 14678462 14681798 14682776 14683851 14683791 14692091 14690611 14698079 14699728 14706526 14705519 14713541 14713562 14715210 14718367 14722318 14717805 14715617 14721062 14714969 14708688 14707805 14711388 14703105 14701181 14698640 14698034 14684320 14687744 14689230 14684801
B -1048820 -1048820 -1047549 -1047549 -1045599 -1045599 -1040400 -1040400 -1028802 -1028802 -1011213 -1011213 -994924 -994924 -973533 -973533 -939057 -939057 -905084 -905084 -886691 -886691 -844405 -844405 -803037 -803037 -775197 -775197 -761325 -761325 -725835 -725835
S 0 0 0 0 1966080 6553600 7208960 1310720 5898240 2621440 4587520 8323072 0 0 0 0 1355664 14680064 9291593 12582912 1354947 6553600 1356758 12334592 59 7433216 8376127 7501566 572 5436928 291276 15360108 15346878 15326618 15342501 15326618 15342501 15311342 15339752 16446832 1142663 106982 8248685 0 0 0 0 0 0 0 0 0 0 0 0 0 0 0 0 0 0 0 0 0 59 7433216 14689230 14684801 14677332 14681820 14683798 14680438 14685530 14686509 14696171 14696664 14720241 14718986 14755293 14754287 14786064 14788675 14833224 14827079 14893461 14904744 14971395 14962702 14998822 15008847 15090784 15086028 15173778 15168507 15221365 15232280 15265234 15243900 15311342 15339752
B -708139 -708139 -714588 -714588 -708452 -708452 -706976 -706976 -712374 -712374 -742390 -742390 -743926 -743926 -767974 -767974 -786511 -786511 -815909 -815909 -829766 -829766 -851711 -851711 -872399 -872399 -883899 -883899 -896578 -896578 -894824 -894824
S 0 0 0 0 1966080 6553600 7208960 1310720 5898240 2621440 4587520 8323072 0 0 0 0 1358024 14680064 9291593 12582912 1354243 14680064 1357124 3237376 59 7433216 14347520 8269468 630 15272960 838522 14981034 14973195 14971353 14977218 14971353 14977218 14977197 14997940 16485629 16400579 329479 8248685 0 0 0 0 0 0 0 0 0 0 0 0 0 0 0 0 0 0 0 0 0 59 7433216 15311342 15339752 15373487 15348390 15336002 15360081 15366653 15353973 15363650 15362879 15347524 15357414 15303791 15281082 15275875 15302853 15254167 15228369 15191859 15216529 15152979 15137818 15114981 15120388 15072654 15074936 15039396 15025442 15000336 15018503 14994036 14974085 14977197 14997940
B -904038 -904038 -896138 -896138 -894674 -894674 -879115 -879115 -879270 -879270 -864138 -864138 -844895 -844895 -827048 -827048 -808162 -808162 -774618 -774618 -724149 -724149 -696648 -696648 -642039 -642039 -578935 -578935 -512564 -512564 -476806 -476806
S 0 0 0 0 1966080 6553600 7208960 1310720 5898240 2621440 4587520 8323072 0 0 0 0 1352192 14680064 9291593 12582912 1353540 6029312 1356229 3982848 59 7433216 9552879 8388449 639 16573696 16176121 15923281 15976238 15809294 15868078 15809294 15868078 15813172 15834038 16324357 15992442 730836 8248685 0 0 0 0 0 0 0 0 0 0 0 0 0 0 0 0 0 0 0 0 0 59 7433216 14977197 14997940 14975755 14962528 14981492 14988389 14987837 14987901 15024482 15013490 15011297 15026056 15057929 15039951 15076889 15097963 15130382 15115859 15155238 15166549 15230110 15225851 15333157 15324679 15376531 15391310 15504483 15481793 15603800 15634894 15763661 15740516 15813172 15834038
B -400567 -400567 -325949 -325949 -282892 -282892 -235496 -235496 -165023 -165023 -103775 -103775 -94913 -94913 -46709 -46709 -17905 -17905 -3695 -3695 -22921 -22921 -5257 -5257 -14607 -14607 -44950 -44950 -67692 -67692 -88840 -88840
S 0 0 0 0 1966080 6553600 7208960 1310720 5898240 2621440 4587520 8323072 0 0 0 0 1354552 14680064 9291593 12582912 1352836 14155776 1355952 15017472 59 7433216 5854372 8058464 614 13623296 16321740 16573478 16499508 16595034 16624123 16595034 16624123 16597461 16601613 16579199 709239 313459 8248685 0 0 0 0 0 0 0 0 0 0 0 0 0 0 0 0 0 0 0 0 0 59 7433216 15813172 15834038 15980068 15972099 16131163 16119476 16201412 16221455 16322490 16289960 16426738 16467605 16585153 16554181 16572834 16601946 16691116 16676483 16743368 16739447 16762863 16776791 16746815 16715936 16747076 9114 16766843 16729161 16668965 16705670 16652853 16630814 16597461 16601613
B -114488 -114488 -165999 -165999 -182859 -182859 -222466 -222466 -243003 -243003 -280537 -280537 -286579 -286579 -299798 -299798 -302507 -302507 -303311 -303311 -297969 -297969 -273944 -273944 -272835 -272835 -248657 -248657 -228176 -228176 -179506 -179506
S 0 0 0 0 1966080 6553600 7208960 1310720 5898240 2621440 4587520 8323072 0 0 0 0 1356912 14680064 9291593 12582912 1352133 5505024 1355927 3425792 59 7433216 4449088 6159069 469 15094016 877379 16410364 16447368 16418523 16432266 16418523 16432266 16427027 16409381 16420687 338700 16542891 8248685 0 0 0 0 0 0 0 0 0 0 0 0 0 0 0 0 0 0 0 0 0 59 7433216 16597461 16601613 16544103 16552378 16459129 16431309 16394423 16428575 16349882 16314689 16273594 16308829 16227139 16205147 16199013 16209104 16177247 16177994 16181973 16162432 16157237 16183954 16197535 16165024 16210494 16248162 16244355 16218739 16271517 16288287 16322497 16319234 16427027 16409381
B -162826 -162826 -106603 -106603 -41237 -41237 20677 20677 72495 72495 150163 150163 239103 239103 278501 278501 346354 346354 415188 415188 482309 482309 501472 501472 565194 565194 616122 616122 641338 641338 657943 657943
S 0 0 0 0 1966080 6553600 7208960 1310720 5898240 2621440 4587520 8323072 0 0 0 0 1359272 14680064 9291593 12582912 1351429 13631488 1354809 10688000 59 7433216 8813765 2459700 187 11076608 117779 1344210 1394041 1317104 1332332 1317104 1332332 1330268 1301507 16619259 15774753 16753189 8248685 0 0 0 0 0 0 0 0 0 0 0 0 0 0 0 0 0 0 0 0 0 59 7433216 16427027 16409381 16438503 16464628 16580746 16547275 16674938 16714546 54587 28122 134472 155509 303719 296934 484672 471740 546310 567697 709024 676393 809709 851044 979672 949566 989103 1016786 1136536 1124243 1235972 1228517 1274362 1290991 1330268 1301507
B 687794 687794 706536 706536 688833 688833 695867 695867 688263 688263 678658 678658 643120 643120 636686 636686 609631 609631 580494 580494 551110 551110 528880 528880 507372 507372 475852 475852 468738 468738 449631 449631
S 0 0 0 0 1966080 6553600 7208960 1310720 5898240 2621440 4587520 8323072 0 0 0 0 1353440 14680064 9291593 12582912 1358918 4980736 1355198 11589120 59 7433216 16103179 14713996 16777058 9878528 15636541 896804 903218 915567 918288 915567 918288 915250 883277 16568545 23565 16007704 8248685 0 0 0 0 0 0 0 0 0 0 0 0 0 0 0 0 0 0 0 0 0 59 7433216 1330268 1301507 1358532 1392645 1427136 1399011 1364718 1390617 1399065 1384405 1375947 1377107 1354141 1360493 1296328 1276155 1260279 1286466 1233012 1205514 1146546 1175432 1111627 1092816 1054593 1060928 1012852 1016637 962807 940603 923151 951803 915250 883277
B 455753 455753 443054 443054 455827 455827 461530 461530 481994 481994 491652 491652 513045 513045 554266 554266 578769 578769 619207 619207 660182 660182 724163 724163 749973 749973 801539 801539 848119 848119 888437 888437
S 0 0 0 0 1966080 6553600 7208960 1310720 5898240 2621440 4587520 8323072 0 0 0 0 1355800 14680064 9291593 12582912 1358214 13107200 1354346 4892160 59 7433216 8282975 10395963 16776729 2500352 380823 1783084 1826061 1794046 1784365 1794046 1784365 1786411 1767338 16369908 1096448 15467560 8248685 0 0 0 0 0 0 0 0 0 0 0 0 0 0 0 0 0 0 0 0 0 59 7433216 915250 883277 894510 928505 896875 875343 905695 917613 923657 922466 972188 955789 971881 994729 1040654 1011529 1091240 1125826 1169472 1145605 1229590 1247238 1322697 1318034 1454565 1442087 1489849 1510043 1616413 1589746 1681326 1711153 1786411 1767338
B 909897 909897 943971 943971 978458 978458 988340 988340 1007059 1007059 1020159 1020159 1034645 1034645 1032551 1032551 1040807 1040807 1041585 1041585 1042688 1042688 1039617 1039617 1040055 1040055 1037857 1037857 1032204 1032204 1027982 1027982
S 0 0 0 0 1966080 6553600 7208960 1310720 5898240 2621440 4587520 8323072 0 0 0 0 1358160 14680064 9291593 12582912 1357511 4456448 1354030 7165440 59 7433216 13524730 8390684 16776576 2657280 782479 2048516 2051748 2057519 2048290 2057519 2048290 2057397 2054533 16719862 16351916 15705044 8248685 0 0 0 0 0 0 0 0 0 0 0 0 0 0 0 0 0 0 0 0 0 59 7433216 1786411 1767338 1812434 1827154 1890230 1885654 1960046 1953786 1971639 1981724 2021297 2006939 2032484 2048153 2074870 2063713 2060322 2069883 2084274 2078955 2082565 2083776 2085162 2085591 2080544 2077926 2078249 2081972 2077491 2073937 2062288 2066528 2057397 2054533
B 1022478 1022478 1016533 1016533 1005058 1005058 999601 999601 989245 989245 982033 982033 973004 973004 968215 968215 966765 966765 964564 964564 967924 967924 967651 967651 980641 980641 982478 982478 993282 993282 1001744 1001744
S 0 0 0 0 1966080 6553600 7208960 1310720 5898240 2621440 4587520 8323072 0 0 0 0 1352328 14680064 9291593 12582912 1356807 12582912 1354039 15504896 59 7433216 10036071 11039699 16776778 4398848 16062775 2027561 2038872 2008938 2008279 2008938 2008279 2003834 2003145 16454066 16043864 15512879 8248685 0 0 0 0 0 0 0 0 0 0 0 0 0 0 0 0 0 0 0 0 0 59 7433216 2057397 2054533 2044905 2045009 2032522 2033611 2012947 2007288 1995389 2003018 1983051 1973929 1958594 1969539 1949867 1942149 1934569 1938293 1933386 1933674 1933553 1924703 1929938 1941759 1942437 1928168 1953555 1969012 1969904 1960011 1983583 1989546 2003834 2003145
ENDSET
SET 22 A=0
P 64 64 64 64 64 64 64 64
B 0 0 0 0 0 0 0 0 0 0 0 0 0 0 0 0 0 0 0 0 0 0 0 0 0 0 0 0 0 0 0 0
S 0 0 0 0 4194304 4194304 4194304 4194304 4194304 4194304 4194304 4194304 0 0 0 0 1351680 0 0 0 1351680 0 1351680 0 0 0 0 0 0 0 0 0 0 0 0 0 0 0 0 0 0 0 8388606 0 0 0 0 0 0 0 0 0 0 0 0 0 0 0 0 0 0 0 0 0 0 0 0 0 0 0 0 0 0 0 0 0 0 0 0 0 0 0 0 0 0 0 0 0 0 0 0 0 0 0 0 0 0 0 0 0
B 0 0 0 0 0 0 0 0 0 0 0 0 0 0 0 0 0 0 0 0 0 0 0 0 0 0 0 0 0 0 0 0
S 0 0 0 0 4194304 4194304 4194304 4194304 4194304 4194304 4194304 4194304 0 0 0 0 1351680 0 0 0 1351680 0 1351680 0 0 0 0 0 0 0 0 0 0 0 0 0 0 0 0 0 0 0 8388606 0 0 0 0 0 0 0 0 0 0 0 0 0 0 0 0 0 0 0 0 0 0 0 0 0 0 0 0 0 0 0 0 0 0 0 0 0 0 0 0 0 0 0 0 0 0 0 0 0 0 0 0 0 0 0 0 0
B 0 0 0 0 0 0 0 0 0 0 0 0 0 0 0 0 0 0 0 0 0 0 0 0 0 0 0 0 0 0 0 0
S 0 0 0 0 4194304 4194304 4194304 4194304 4194304 4194304 4194304 4194304 0 0 0 0 1351680 0 0 0 1351680 0 1351680 0 0 0 0 0 0 0 0 0 0 0 0 0 0 0 0 0 0 0 8388606 0 0 0 0 0 0 0 0 0 0 0 0 0 0 0 0 0 0 0 0 0 0 0 0 0 0 0 0 0 0 0 0 0 0 0 0 0 0 0 0 0 0 0 0 0 0 0 0 0 0 0 0 0 0 0 0 0
B 0 0 0 0 0 0 0 0 0 0 0 0 0 0 0 0 0 0 0 0 0 0 0 0 0 0 0 0 0 0 0 0
S 0 0 0 0 4194304 4194304 4194304 4194304 4194304 4194304 4194304 4194304 0 0 0 0 1351680 0 0 0 1351680 0 1351680 0 0 0 0 0 0 0 0 0 0 0 0 0 0 0 0 0 0 0 8388606 0 0 0 0 0 0 0 0 0 0 0 0 0 0 0 0 0 0 0 0 0 0 0 0 0 0 0 0 0 0 0 0 0 0 0 0 0 0 0 0 0 0 0 0 0 0 0 0 0 0 0 0 0 0 0 0 0
B 0 0 0 0 0 0 0 0 0 0 0 0 0 0 0 0 0 0 0 0 0 0 0 0 0 0 0 0 0 0 0 0
S 0 0 0 0 4194304 4194304 4194304 4194304 4194304 4194304 4194304 4194304 0 0 0 0 1351680 0 0 0 1351680 0 1351680 0 0 0 0 0 0 0 0 0 0 0 0 0 0 0 0 0 0 0 8388606 0 0 0 0 0 0 0 0 0 0 0 0 0 0 0 0 0 0 0 0 0 0 0 0 0 0 0 0 0 0 0 0 0 0 0 0 0 0 0 0 0 0 0 0 0 0 0 0 0 0 0 0 0 0 0 0 0
B 0 0 0 0 0 0 0 0 0 0 0 0 0 0 0 0 0 0 0 0 0 0 0 0 0 0 0 0 0 0 0 0
S 0 0 0 0 4194304 4194304 4194304 4194304 4194304 4194304 4194304 4194304 0 0 0 0 1351680 0 0 0 1351680 0 1351680 0 0 0 0 0 0 0 0 0 0 0 0 0 0 0 0 0 0 0 8388606 0 0 0 0 0 0 0 0 0 0 0 0 0 0 0 0 0 0 0 0 0 0 0 0 0 0 0 0 0 0 0 0 0 0 0 0 0 0 0 0 0 0 0 0 0 0 0 0 0 0 0 0 0 0 0 0 0
B 0 0 0 0 0 0 0 0 0 0 0 0 0 0 0 0 0 0 0 0 0 0 0 0 0 0 0 0 0 0 0 0
S 0 0 0 0 4194304 4194304 4194304 4194304 4194304 4194304 4194304 4194304 0 0 0 0 1351680 0 0 0 1351680 0 1351680 0 0 0 0 0 0 0 0 0 0 0 0 0 0 0 0 0 0 0 8388606 0 0 0 0 0 0 0 0 0 0 0 0 0 0 0 0 0 0 0 0 0 0 0 0 0 0 0 0 0 0 0 0 0 0 0 0 0 0 0 0 0 0 0 0 0 0 0 0 0 0 0 0 0 0 0 0 0
B 0 0 0 0 0 0 0 0 0 0 0 0 0 0 0 0 0 0 0 0 0 0 0 0 0 0 0 0 0 0 0 0
S 0 0 0 0 4194304 4194304 4194304 4194304 4194304 4194304 4194304 4194304 0 0 0 0 1351680 0 0 0 1351680 0 1351680 0 0 0 0 0 0 0 0 0 0 0 0 0 0 0 0 0 0 0 8388606 0 0 0 0 0 0 0 0 0 0 0 0 0 0 0 0 0 0 0 0 0 0 0 0 0 0 0 0 0 0 0 0 0 0 0 0 0 0 0 0 0 0 0 0 0 0 0 0 0 0 0 0 0 0 0 0 0
B 0 0 0 0 0 0 0 0 0 0 0 0 0 0 0 0 0 0 0 0 0 0 0 0 0 0 0 0 0 0 0 0
S 0 0 0 0 4194304 4194304 4194304 4194304 4194304 4194304 4194304 4194304 0 0 0 0 1351680 0 0 0 1351680 0 1351680 0 0 0 0 0 0 0 0 0 0 0 0 0 0 0 0 0 0 0 8388606 0 0 0 0 0 0 0 0 0 0 0 0 0 0 0 0 0 0 0 0 0 0 0 0 0 0 0 0 0 0 0 0 0 0 0 0 0 0 0 0 0 0 0 0 0 0 0 0 0 0 0 0 0 0 0 0 0
B 0 0 0 0 0 0 0 0 0 0 0 0 0 0 0 0 0 0 0 0 0 0 0 0 0 0 0 0 0 0 0 0
S 0 0 0 0 4194304 4194304 4194304 4194304 4194304 4194304 4194304 4194304 0 0 0 0 1351680 0 0 0 1351680 0 1351680 0 0 0 0 0 0 0 0 0 0 0 0 0 0 0 0 0 0 0 8388606 0 0 0 0 0 0 0 0 0 0 0 0 0 0 0 0 0 0 0 0 0 0 0 0 0 0 0 0 0 0 0 0 0 0 0 0 0 0 0 0 0 0 0 0 0 0 0 0 0 0 0 0 0 0 0 0 0
B 0 0 0 0 0 0 0 0 0 0 0 0 0 0 0 0 0 0 0 0 0 0 0 0 0 0 0 0 0 0 0 0
S 0 0 0 0 4194304 4194304 4194304 4194304 4194304 4194304 4194304 4194304 0 0 0 0 1351680 0 0 0 1351680 0 1351680 0 0 0 0 0 0 0 0 0 0 0 0 0 0 0 0 0 0 0 8388606 0 0 0 0 0 0 0 0 0 0 0 0 0 0 0 0 0 0 0 0 0 0 0 0 0 0 0 0 0 0 0 0 0 0 0 0 0 0 0 0 0 0 0 0 0 0 0 0 0 0 0 0 0 0 0 0 0
B 0 0 0 0 0 0 0 0 0 0 0 0 0 0 0 0 0 0 0 0 0 0 0 0 0 0 0 0 0 0 0 0
S 0 0 0 0 4194304 4194304 4194304 4194304 4194304 4194304 4194304 4194304 0 0 0 0 1351680 0 0 0 1351680 0 1351680 0 0 0 0 0 0 0 0 0 0 0 0 0 0 0 0 0 0 0 8388606 0 0 0 0 0 0 0 0 0 0 0 0 0 0 0 0 0 0 0 0 0 0 0 0 0 0 0 0 0 0 0 0 0 0 0 0 0 0 0 0 0 0 0 0 0 0 0 0 0 0 0 0 0 0 0 0 0
B 0 0 0 0 0 0 0 0 0 0 0 0 0 0 0 0 0 0 0 0 0 0 0 0 0 0 0 0 0 0 0 0
S 0 0 0 0 4194304 4194304 4194304 4194304 4194304 4194304 4194304 4194304 0 0 0 0 1351680 0 0 0 1351680 0 1351680 0 0 0 0 0 0 0 0 0 0 0 0 0 0 0 0 0 0 0 8388606 0 0 0 0 0 0 0 0 0 0 0 0 0 0 0 0 0 0 0 0 0 0 0 0 0 0 0 0 0 0 0 0 0 0 0 0 0 0 0 0 0 0 0 0 0 0 0 0 0 0 0 0 0 0 0 0 0
B 0 0 0 0 0 0 0 0 0 0 0 0 0 0 0 0 0 0 0 0 0 0 0 0 0 0 0 0 0 0 0 0
S 0 0 0 0 4194304 4194304 4194304 4194304 4194304 4194304 4194304 4194304 0 0 0 0 1351680 0 0 0 1351680 0 1351680 0 0 0 0 0 0 0 0 0 0 0 0 0 0 0 0 0 0 0 8388606 0 0 0 0 0 0 0 0 0 0 0 0 0 0 0 0 0 0 0 0 0 0 0 0 0 0 0 0 0 0 0 0 0 0 0 0 0 0 0 0 0 0 0 0 0 0 0 0 0 0 0 0 0 0 0 0 0
B 0 0 0 0 0 0 0 0 0 0 0 0 0 0 0 0 0 0 0 0 0 0 0 0 0 0 0 0 0 0 0 0
S 0 0 0 0 4194304 4194304 4194304 4194304 4194304 4194304 4194304 4194304 0 0 0 0 1351680 0 0 0 1351680 0 1351680 0 0 0 0 0 0 0 0 0 0 0 0 0 0 0 0 0 0 0 8388606 0 0 0 0 0 0 0 0 0 0 0 0 0 0 0 0 0 0 0 0 0 0 0 0 0 0 0 0 0 0 0 0 0 0 0 0 0 0 0 0 0 0 0 0 0 0 0 0 0 0 0 0 0 0 0 0 0
B 0 0 0 0 0 0 0 0 0 0 0 0 0 0 0 0 0 0 0 0 0 0 0 0 0 0 0 0 0 0 0 0
S 0 0 0 0 4194304 4194304 4194304 4194304 4194304 4194304 4194304 4194304 0 0 0 0 1351680 0 0 0 1351680 0 1351680 0 0 0 0 0 0 0 0 0 0 0 0 0 0 0 0 0 0 0 8388606 0 0 0 0 0 0 0 0 0 0 0 0 0 0 0 0 0 0 0 0 0 0 0 0 0 0 0 0 0 0 0 0 0 0 0 0 0 0 0 0 0 0 0 0 0 0 0 0 0 0 0 0 0 0 0 0 0
ENDSET
SET 23 A=1000
P 64 64 64 64 64 64 64 64
B 72 72 2556 2556 23981 23981 92812 92812 178068 178068 227347 227347 267531 267531 320901 320901 408564 408564 532620 532620 667537 667537 793520 793520 933672 933672 1038093 1038093 1035343 1035343 940126 940126
S 0 0 0 0 4194304 4194304 4194304 4194304 4194304 4194304 4194304 4194304 0 0 0 0 1359088 12582912 9225137 8388608 1357360 0 1355005 13109344 92 14760128 8638834 8474744 16775189 491520 16458951 1685307 1450195 1857143 1807873 1857143 1807873 1881959 1878548 529032 16316142 16637134 8388606 0 0 0 0 0 0 0 0 0 0 0 0 0 0 0 0 0 0 0 0 0 92 14760128 0 0 0 289 4156 6069 49515 46412 194014 177234 358175 354099 455070 454321 538032 532092 632083 651523 815875 818382 1062593 1067889 1333614 1336536 1594425 1579656 1865531 1869159 2079058 2073315 2067606 2073767 1881959 1878548
B 742094 742094 453099 453099 141676 141676 -166456 -166456 -510668 -510668 -814354 -814354 -986287 -986287 -1044820 -1044820 -1006914 -1006914 -830283 -830283 -550667 -550667 -250514 -250514 65920 65920 430107 430107 740103 740103 917070 917070
S 0 0 0 0 4194304 4194304 4194304 4194304 4194304 4194304 4194304 4194304 0 0 0 0 1356576 12582912 9225137 8388608 1354848 0 1353636 6152288 92 14760128 929406 11697822 16775975 15327232 548123 1962016 2045416 1849805 1893301 1849805 1893301 1835588 1832693 545368 16774793 186714 8388606 0 0 0 0 0 0 0 0 0 0 0 0 0 0 0 0 0 0 0 0 0 92 14760128 1881959 1878548 1481991 1486388 913038 899361 285282 281425 16445526 16443082 15761039 15750724 15153388 15143628 14804522 14804765 14688933 14686222 14762178 14764600 15120135 15113165 15673994 15677773 16275957 16276421 130223 133457 858317 862111 1473079 1487335 1835588 1832693
B 1016732 1016732 1044028 1044028 963131 963131 800955 800955 597145 597145 327011 327011 -28459 -28459 -370313 -370313 -622643 -622643 -829977 -829977 -994184 -994184 -1053780 -1053780 -1007437 -1007437 -905131 -905131 -712392 -712392 -436057 -436057
S 0 0 0 0 4194304 4194304 4194304 4194304 4194304 4194304 4194304 4194304 0 0 0 0 1354064 12582912 9225137 8388608 1360528 0 1359851 10672224 92 14760128 7490736 9428208 16775421 13565952 400825 16219138 16488081 15944517 16051884 15944517 16051884 15900565 15909641 278451 776573 19005 8388606 0 0 0 0 0 0 0 0 0 0 0 0 0 0 0 0 0 0 0 0 0 92 14760128 1835588 1832693 2031379 2035552 2090392 2085721 1926287 1926237 1606050 1597770 1193429 1195154 655522 652522 16714556 16726041 16038404 16034777 15532655 15531207 15117646 15116880 14789082 14788614 14671308 14668007 14760482 14764202 14967142 14966768 15347337 15357530 15900565 15909641
B -157712 -157712 98632 98632 380399 380399 679559 679559 902434 902434 1008040 1008040 1046908 1046908 990352 990352 834419 834419 638646 638646 423474 423474 133472 133472 -193221 -193221 -461395 -461395 -667741 -667741 -859340 -859340
S 0 0 0 0 4194304 4194304 4194304 4194304 4194304 4194304 4194304 4194304 0 0 0 0 1359744 12582912 9225137 8388608 1358016 0 1357704 4542560 92 14760128 10627984 11580849 16775947 5967872 15964390 14861748 14748066 15035814 14973145 15035814 14973145 15057414 15059660 394475 16251724 275406 8388606 0 0 0 0 0 0 0 0 0 0 0 0 0 0 0 0 0 0 0 0 0 92 14760128 15900565 15909641 16458363 16465222 196354 198177 760736 760862 1362809 1355427 1804545 1805194 2014896 2017264 2094784 2092848 1981458 1979953 1672425 1665254 1278640 1275947 848389 845507 272274 261617 16397315 16384236 15855923 15852932 15443807 15439663 15057414 15059660
B -1006768 -1006768 -1052676 -1052676 -998912 -998912 -880566 -880566 -651699 -651699 -360035 -360035 -99749 -99749 143009 143009 425966 425966 696677 696677 876897 876897 981896 981896 1042745 1042745 1018898 1018898 899719 899719 723290 723290
S 0 0 0 0 4194304 4194304 4194304 4194304 4194304 4194304 4194304 4194304 0 0 0 0 1357232 12582912 9225137 8388608 1355504 0 1355362 6133856 92 14760128 13571493 13407241 16776393 4231168 166198 1222143 969409 1424189 1356231 1424189 1356231 1446025 1447135 546147 16367383 189352 8388606 0 0 0 0 0 0 0 0 0 0 0 0 0 0 0 0 0 0 0 0 0 92 14760128 15057414 15059660 14763074 14764289 14670864 14672864 14780462 14778325 15014429 15017740 15472542 15475096 16050367 16063926 16577071 16578367 283770 288268 847911 855953 1387163 1399547 1754302 1753289 1961435 1966149 2087195 2083786 2035600 2039994 1801223 1797655 1446025 1447135
B 499862 499862 180742 180742 -153534 -153534 -402384 -402384 -607451 -607451 -815444 -815444 -975489 -975489 -1042005 -1042005 -1041657 -1041657 -982570 -982570 -822598 -822598 -591669 -591669 -350003 -350003 -83522 -83522 249222 249222 556085 556085
S 0 0 0 0 4194304 4194304 4194304 4194304 4194304 4194304 4194304 4194304 0 0 0 0 1354720 12582912 9225137 8388608 1361184 0 1352871 12419168 92 14760128 8383098 13424926 16776397 9560064 697039 1340699 1512681 1142261 1222941 1142261 1222941 1105375 1118965 225516 811102 207131 8388606 0 0 0 0 0 0 0 0 0 0 0 0 0 0 0 0 0 0 0 0 0 92 14760128 1446025 1447135 1001398 998051 362839 360132 16477781 16462517 15972470 15972426 15564591 15560037 15148383 15144275 14830584 14821895 14691274 14695139 14695839 14691968 14810395 14813759 15136063 15127980 15591906 15595851 16077107 16077314 16608942 16611405 497232 499658 1105375 1118965
B 750001 750001 889019 889019 1002722 1002722 1050703 1050703 1020117 1020117 941002 941002 799579 799579 557653 557653 272067 272067 12290 12290 -253883 -253883 -556784 -556784 -806775 -806775 -937488 -937488 -1013432 -1013432 -1047009 -1047009
S 0 0 0 0 4194304 4194304 4194304 4194304 4194304 4194304 4194304 4194304 0 0 0 0 1352208 12582912 9225137 8388608 1358672 0 1358364 10352736 92 14760128 14141282 9238589 16775375 8638464 16125296 14707818 14773242 14683460 14685816 14683460 14685816 14682101 14684296 206590 16621844 16686761 8388606 0 0 0 0 0 0 0 0 0 0 0 0 0 0 0 0 0 0 0 0 0 92 14760128 1105375 1118965 1500384 1499621 1776227 1779849 2005221 2005668 2099363 2103451 2042849 2037621 1880820 1883188 1600437 1597880 1110429 1120183 545876 542394 25296 23866 16270076 16268827 15664691 15662608 15168909 15158426 14901692 14902790 14751546 14749159 14682101 14684296
B -1009867 -1009867 -913862 -913862 -787430 -787430 -600074 -600074 -319133 -319133 -16178 -16178 237450 237450 485044 485044 746311 746311 939663 939663 1018246 1018246 1046748 1046748 1022201 1022201 925766 925766 786214 786214 629376 629376
S 0 0 0 0 4194304 4194304 4194304 4194304 4194304 4194304 4194304 4194304 0 0 0 0 1357888 12582912 9225137 8388608 1356160 0 1355470 3788896 92 14760128 10230934 7449021 1818 10211328 16534460 1045339 797035 1234569 1171212 1234569 1171212 1258927 1258577 421214 16074383 1148931 8388606 0 0 0 0 0 0 0 0 0 0 0 0 0 0 0 0 0 0 0 0 0 92 14760128 14682101 14684296 14757514 14757453 14946730 14952255 15202789 15201926 15576303 15577836 16144008 16133895 16743502 16746221 473706 476096 970027 970150 1491699 1493548 1875628 1883025 2037081 2035903 2092847 2094147 2046395 2042412 1853023 1850043 1575153 1569705 1258927 1258577
B 413554 413554 112025 112025 -194504 -194504 -435357 -435357 -659712 -659712 -877050 -877050 -1015451 -1015451 -1047063 -1047063 -1033907 -1033907 -959783 -959783 -814674 -814674 -641589 -641589 -462947 -462947 -228797 -228797 81298 81298 380838 380838
S 0 0 0 0 4194304 4194304 4194304 4194304 4194304 4194304 4194304 4194304 0 0 0 0 1355376 12582912 9225137 8388608 1353648 0 1352653 8767584 92 14760128 7197627 3275452 799 11255808 821082 1016747 1225178 793383 876477 793383 876477 760960 762393 344101 645133 958050 8388606 0 0 0 0 0 0 0 0 0 0 0 0 0 0 0 0 0 0 0 0 0 92 14760128 1258927 1258577 827457 826760 219070 229030 16389238 16387181 15908020 15904985 15457437 15458149 15023895 15022338 14748641 14743988 14682465 14683716 14709572 14709235 14854921 14860381 15145106 15150631 15491427 15496652 15850635 15852011 16319629 16319616 167358 157834 760960 762393
B 602170 602170 797697 797697 967142 967142 1050095 1050095 1037490 1037490 986584 986584 869308 869308 683885 683885 485271 485271 291832 291832 47662 47662 -261159 -261159 -545134 -545134 -741458 -741458 -903683 -903683 -1022337 -1022337
S 0 0 0 0 4194304 4194304 4194304 4194304 4194304 4194304 4194304 4194304 0 0 0 0 1352864 12582912 9225137 8388608 1359328 0 1358110 5927008 92 14760128 1530705 8518796 16775199 13156352 16447812 14681274 14691553 14718793 14696138 14718793 14696138 14733109 14731975 176183 253281 16452004 8388606 0 0 0 0 0 0 0 0 0 0 0 0 0 0 0 0 0 0 0 0 0 92 14760128 760960 762393 1202613 1206068 1596083 1594706 1933636 1934935 2099083 2101298 2075605 2074355 1973471 1972865 1741938 1735294 1371625 1363915 972970 968117 584805 582525 95002 95647 16250476 16259321 15687361 15686537 15296156 15292444 14968895 14970808 14733109 14731975
B -1050000 -1050000 -995879 -995879 -910795 -910795 -755993 -755993 -537397 -537397 -320017 -320017 -117845 -117845 129029 129029 427933 427933 688759 688759 855231 855231 980221 980221 1045821 1045821 1018821 1018821 925948 925948 810065 810065
S 0 0 0 0 4194304 4194304 4194304 4194304 4194304 4194304 4194304 4194304 0 0 0 0 1358544 12582912 9225137 8388608 1356816 0 1355149 4790368 92 14760128 8512935 9526450 16775445 13312000 16185675 1434638 1207882 1598710 1544934 1598710 1544934 1621369 1618894 323220 15955588 16753396 8388606 0 0 0 0 0 0 0 0 0 0 0 0 0 0 0 0 0 0 0 0 0 92 14760128 14733109 14731975 14677276 14677158 14784891 14786025 14954850 14956403 15261456 15269007 15697640 15707204 16135015 16139350 16539982 16543072 258667 257450 859848 851885 1377400 1377639 1708556 1712369 1961608 1959278 2091110 2092174 2038465 2036819 1852349 1851444 1621369 1618894
B 622939 622939 377686 377686 147615 147615 -57819 -57819 -300659 -300659 -581367 -581367 -811468 -811468 -943317 -943317 -1027707 -1027707 -1039439 -1039439 -960464 -960464 -833595 -833595 -692382 -692382 -480492 -480492 -217293 -217293 17899 17899
S 0 0 0 0 4194304 4194304 4194304 4194304 4194304 4194304 4194304 4194304 0 0 0 0 1356032 12582912 9225137 8388608 1354304 0 1352114 192608 92 14760128 4228153 7800761 1904 8097792 741612 257294 462950 59053 132050 59053 132050 34333 37264 315926 319260 1316829 8388606 0 0 0 0 0 0 0 0 0 0 0 0 0 0 0 0 0 0 0 0 0 92 14760128 1621369 1618894 1249989 1241770 760917 749828 297076 293385 16663480 16659676 16175056 16176742 15611041 15617923 15154108 15154452 14892480 14888685 14720478 14723129 14698898 14697779 14854783 14857795 15109790 15110263 15390762 15394145 15811945 15820520 16336513 16348749 34333 37264
B 220290 220290 452448 452448 708613 708613 904091 904091 1000777 1000777 1046196 1046196 1009463 1009463 886725 886725 733696 733696 574289 574289 346013 346013 73141 73141 -161280 -161280 -356634 -356634 -574754 -574754 -804767 -804767
S 0 0 0 0 4194304 4194304 4194304 4194304 4194304 4194304 4194304 4194304 0 0 0 0 1353520 12582912 9225137 8388608 1359984 0 1357468 5699680 92 14760128 5317944 8425307 16775176 16101376 74758 14962126 14840511 15129698 15068563 15129698 15068563 15165379 15169988 242607 599155 16730809 8388606 0 0 0 0 0 0 0 0 0 0 0 0 0 0 0 0 0 0 0 0 0 92 14760128 34333 37264 438380 442781 905929 903863 1420085 1414370 1808625 1807739 1999712 2003397 2093826 2090960 2018277 2019578 1775401 1771501 1467351 1467434 1150663 1146493 696363 687690 152768 139798 16455743 16453571 16066371 16061526 15626538 15628879 15165379 15169988
B -966826 -966826 -1031858 -1031858 -1043386 -1043386 -966311 -966311 -808972 -808972 -636855 -636855 -464928 -464928 -226367 -226367 50844 50844 281375 281375 468030 468030 671140 671140 875773 875773 1007253 1007253 1044745 1044745 1027480 1027480
S 0 0 0 0 4194304 4194304 4194304 4194304 4194304 4194304 4194304 4194304 0 0 0 0 1359200 12582912 9225137 8388608 1357472 0 1354618 10453088 92 14760128 8843319 11656955 16775965 15708160 15983510 1956970 1809136 2044149 2021740 2044149 2021740 2056434 2053486 329423 16040442 16711121 8388606 0 0 0 0 0 0 0 0 0 0 0 0 0 0 0 0 0 0 0 0 0 92 14760128 15165379 15169988 14842902 14844227 14715250 14711750 14688967 14691924 14845368 14843821 15157114 15161433 15503851 15503162 15844960 15849763 16320174 16328793 95003 108374 562019 563482 933483 938640 1343538 1341024 1753361 1749732 2015326 2013688 2087860 2091121 2056434 2053486
B 917413 917413 733124 733124 547383 547383 367045 367045 122431 122431 -155690 -155690 -380666 -380666 -558134 -558134 -746498 -746498 -927574 -927574 -1031807 -1031807 -1045690 -1045690 -1004120 -1004120 -866998 -866998 -661491 -661491 -465796 -465796
S 0 0 0 0 4194304 4194304 4194304 4194304 4194304 4194304 4194304 4194304 0 0 0 0 1356688 12582912 9225137 8388608 1354960 0 1359685 583776 92 14760128 210691 10557349 16775697 8015872 478326 16039384 16240280 15866547 15926632 15866547 15926632 15846550 15844700 350765 16691472 89795 8388606 0 0 0 0 0 0 0 0 0 0 0 0 0 0 0 0 0 0 0 0 0 92 14760128 2056434 2053486 1833910 1835745 1468429 1464070 1094119 1095413 736743 731438 249106 240621 16472605 16459068 16016298 16015470 15663630 15658269 15282917 15285526 14920679 14923459 14712671 14714533 14687332 14684342 14767544 14770410 15044291 15042150 15452160 15456311 15846550 15844700
B -279581 -279581 -31465 -31465 245627 245627 464329 464329 632680 632680 806874 806874 966019 966019 1045623 1045623 1038785 1038785 976199 976199 816367 816367 593855 593855 390883 390883 200641 200641 -49098 -49098 -323748 -323748
S 0 0 0 0 4194304 4194304 4194304 4194304 4194304 4194304 4194304 4194304 0 0 0 0 1354176 12582912 9225137 8388608 1360640 0 1356608 11104352 92 14760128 7787079 9831072 16775520 2752512 460390 15881170 15691858 16096096 16009780 16096096 16009780 16136479 16122964 140436 796524 16753172 8388606 0 0 0 0 0 0 0 0 0 0 0 0 0 0 0 0 0 0 0 0 0 92 14760128 15846550 15844700 16215204 16220905 16710135 16718438 484474 498035 928530 928787 1262619 1268104 1615071 1612428 1933050 1931026 2092258 2090236 2076214 2078929 1953774 1951024 1631492 1633977 1189591 1185829 780586 782947 404302 398262 16683054 16674986 16136479 16122964
ENDSET
SET 24 A=24000
P 64 64 64 64 64 64 64 64
B 1739 1739 53420 53420 288241 288241 671295 671295 982340 982340 927498 927498 161204 161204 -858361 -858361 -637746 -637746 769912 769912 418189 418189 -940720 -940720 423664 423664 331672 331672 -771813 -771813 819801 819801
S 0 0 0 0 4194304 4194304 4194304 4194304 4194304 4194304 4194304 4194304 0 0 0 0 1357674 9437184 1202353 2097152 1357348 0 1353276 1296640 2229 1921536 14698019 12327446 16776129 10575872 16027763 14782903 16026943 1852198 293593 1852198 293593 1685618 1593588 16135676 16682932 16063152 8388606 0 0 0 0 0 0 0 0 0 0 0 0 0 0 0 0 0 0 0 0 0 2229 1921536 0 0 0 6958 99345 114335 584337 568627 1344128 1341053 1967943 1961420 1855539 1854453 325677 319141 15066871 15054120 15502426 15501025 1545443 1534205 837741 835017 14897339 14894213 837080 857577 676427 650262 15206219 15260961 1685618 1593588
B -605781 -605781 317754 317754 -114503 -114503 -41538 -41538 144926 144926 -215005 -215005 265765 265765 -281841 -281841 298581 298581 -285954 -285954 272905 272905 -244358 -244358 225609 225609 -210642 -210642 187123 187123 -168116 -168116
S 0 0 0 0 4194304 4194304 4194304 4194304 4194304 4194304 4194304 4194304 0 0 0 0 1355150 9437184 1202353 2097152 1354824 0 1355494 13404416 2229 1921536 9928325 385903 94 3600384 16315635 16173147 2031936 989911 14806752 989911 14806752 14712069 1392685 16189716 16253396 16101213 8388606 0 0 0 0 0 0 0 0 0 0 0 0 0 0 0 0 0 0 0 0 0 2229 1921536 1685618 1593588 15472216 15659092 877784 393233 16260882 58325 201318 16409749 52013 527694 16495723 16198692 496072 566989 16072916 16354155 928595 265732 15627674 5729 1353739 16515097 15253005 546779 1648929 16030725 14963240 971409 1929001 15596710 14712069 1392685
B 128106 128106 -88702 -88702 32197 32197 575 575 -32590 -32590 58472 58472 -82043 -82043 115055 115055 -132322 -132322 167141 167141 -186178 -186178 219690 219690 -253557 -253557 305540 305540 -354561 -354561 401122 401122
S 0 0 0 0 4194304 4194304 4194304 4194304 4194304 4194304 4194304 4194304 0 0 0 0 1352626 9437184 1202353 2097152 1352300 0 1356509 16537856 2229 1921536 6969728 2063220 503 12009472 16543631 1150704 1758926 15610449 15019002 15610449 15019002 16629738 1751968 15902345 578689 15946545 8388606 0 0 0 0 0 0 0 0 0 0 0 0 0 0 0 0 0 0 0 0 0 2229 1921536 14712069 1392685 2097003 15192637 14687731 1734678 1975716 14930290 14856524 1922994 1857521 14789335 14967755 2043349 1746191 14702854 15132228 2105211 1561733 14686198 15371929 2073851 1275192 14757314 15712308 1943671 852972 14910018 16200863 1798515 365382 14993591 16629738 1751968
B -445725 -445725 479051 479051 -522637 -522637 564331 564331 -617773 -617773 632984 632984 -648430 -648430 632998 632998 -625606 -625606 600634 600634 -567633 -567633 539526 539526 -496580 -496580 466488 466488 -432179 -432179 425191 425191
S 0 0 0 0 4194304 4194304 4194304 4194304 4194304 4194304 4194304 4194304 0 0 0 0 1358294 9437184 1202353 2097152 1357968 0 1358252 2009344 2229 1921536 1872072 9618708 16775468 5324800 833811 2055359 16229955 14678581 212914 14678581 212914 908135 792632 16460796 144496 15657099 8388606 0 0 0 0 0 0 0 0 0 0 0 0 0 0 0 0 0 0 0 0 0 2229 1921536 16629738 1751968 16750922 15020613 183824 1732382 16423182 15040702 517601 1739725 16105553 14977790 692031 1839907 16065656 14895057 634052 1897940 16174473 14877535 506453 1896084 16308639 14975264 458921 1699184 16264148 15303964 622019 1243934 16015400 15810316 908135 792632
B -409685 -409685 392225 392225 -370711 -370711 333315 333315 -300329 -300329 259120 259120 -248808 -248808 224622 224622 -213717 -213717 194961 194961 -167961 -167961 148428 148428 -108822 -108822 82171 82171 -41799 -41799 1900 1900
S 0 0 0 0 4194304 4194304 4194304 4194304 4194304 4194304 4194304 4194304 0 0 0 0 1355770 9437184 1202353 2097152 1355444 0 1352904 13744384 2229 1921536 8470711 7671551 1872 15724544 16540510 15249733 15421062 1255344 1513986 1255344 1513986 1960225 14824593 16361608 15995537 128595 8388606 0 0 0 0 0 0 0 0 0 0 0 0 0 0 0 0 0 0 0 0 0 2229 1921536 908135 792632 15707664 16208028 1231483 337419 15354091 16717499 1580907 16529572 15051231 524670 1798659 16015040 14857912 924075 2026103 15649603 14608298 1314052 2319836 15237225 14355545 1749829 2510195 14860736 14308446 2033485 2400064 14705836 14575811 2034212 1960225 14824593
B 53663 53663 -106750 -106750 141892 141892 -177108 -177108 190566 190566 -213159 -213159 214545 214545 -224290 -224290 221713 221713 -211628 -211628 202766 202766 -186953 -186953 190080 190080 -191521 -191521 215193 215193 -228403 -228403
S 0 0 0 0 4194304 4194304 4194304 4194304 4194304 4194304 4194304 4194304 0 0 0 0 1353246 9437184 1202353 2097152 1352920 0 1353616 12663040 2229 1921536 4059285 6410395 1565 634880 16256376 14680113 16698443 2073666 16643761 2073666 16643761 15336498 527108 15725160 318495 16459893 8388606 0 0 0 0 0 0 0 0 0 0 0 0 0 0 0 0 0 0 0 0 0 2229 1921536 1960225 14824593 15136320 1855551 1381442 14968776 15654567 1690219 876005 15192781 16157802 1381678 349742 15574840 16700823 934575 16584722 16072553 458812 428043 16086410 16621511 897201 16691081 15727031 302374 1180572 16356964 15499882 511252 1365363 16272628 15336498 527108
B 257817 257817 -290430 -290430 357390 357390 -416746 -416746 476869 476869 -522182 -522182 560042 560042 -598682 -598682 644722 644722 -691660 -691660 710007 710007 -728389 -728389 707881 707881 -694742 -694742 657461 657461 -624211 -624211
S 0 0 0 0 4194304 4194304 4194304 4194304 4194304 4194304 4194304 4194304 0 0 0 0 1358914 9437184 1202353 2097152 1358588 0 1353860 15456512 2229 1921536 5407923 11565710 16775943 11067392 583854 14684823 191922 2086360 16743041 2086360 16743041 14936086 16121505 16136495 370757 15420100 8388606 0 0 0 0 0 0 0 0 0 0 0 0 0 0 0 0 0 0 0 0 0 2229 1921536 15336498 527108 1508861 16299623 15198105 417393 1663719 16543058 15045434 64798 1801494 105982 14931913 16533791 1899704 340467 14836852 16322852 1999022 579868 14777284 16010511 1981218 858811 14842033 15798845 1882441 949084 14927720 15847745 1832227 797617 14936086 16121505
B 584916 584916 -541309 -541309 506844 506844 -480316 -480316 483820 483820 -470558 -470558 470049 470049 -446006 -446006 434226 434226 -411610 -411610 378770 378770 -348916 -348916 298128 298128 -249174 -249174 181339 181339 -131795 -131795
S 0 0 0 0 4194304 4194304 4194304 4194304 4194304 4194304 4194304 4194304 0 0 0 0 1356390 9437184 1202353 2097152 1356064 0 1356222 6568192 2229 1921536 8856338 7712618 1882 16162816 113226 486329 2014535 16756692 14707412 16756692 14707412 14299927 1950112 16287207 16089506 16388691 8388606 0 0 0 0 0 0 0 0 0 0 0 0 0 0 0 0 0 0 0 0 0 2229 1921536 14936086 16121505 1868322 471342 14878038 16511158 1930954 96423 14829179 26773 1976251 16736245 14773116 121871 2050591 16606823 14672542 320652 2173331 16340791 14471136 659642 2417542 15874754 14198338 1183217 2642426 15327304 14111746 1668777 2555730 14946844 14299927 1950112
B 81418 81418 -35907 -35907 -4509 -4509 57527 57527 -110108 -110108 179474 179474 -215515 -215515 255400 255400 -267503 -267503 280585 280585 -284828 -284828 274420 274420 -273759 -273759 253850 253850 -242169 -242169 221071 221071
S 0 0 0 0 4194304 4194304 4194304 4194304 4194304 4194304 4194304 4194304 0 0 0 0 1353866 9437184 1202353 2097152 1353540 0 1358595 15698176 2229 1921536 248074 1944515 474 12333056 16001969 1888486 15723269 14750027 757149 14750027 757149 723649 160637 16362845 88056 16347203 8388606 0 0 0 0 0 0 0 0 0 0 0 0 0 0 0 0 0 0 0 0 0 2229 1921536 14299927 1950112 2347960 14754929 14564096 2069495 2038836 14720345 14977515 2029810 1537026 14799759 15520166 1974949 1088317 14826840 15865752 1933065 808270 14898934 16122744 1776814 503858 15134049 16480420 1394478 55309 15626874 212076 803326 16298257 16287499 723649 160637
B -221465 -221465 221356 221356 -214081 -214081 207702 207702 -180882 -180882 158184 158184 -119282 -119282 102087 102087 -78141 -78141 52046 52046 -21643 -21643 -21882 -21882 50601 50601 -95347 -95347 124023 124023 -166328 -166328
S 0 0 0 0 4194304 4194304 4194304 4194304 4194304 4194304 4194304 4194304 0 0 0 0 1359534 9437184 1202353 2097152 1351016 0 1352349 3033344 2229 1921536 7743737 7311469 1785 446464 325062 15771441 14944943 844077 1862175 844077 1862175 1352606 14759300 16173401 624096 18371 8388606 0 0 0 0 0 0 0 0 0 0 0 0 0 0 0 0 0 0 0 0 0 2229 1921536 723649 160637 15845880 45478 1164806 16497834 15414437 506456 1588010 16020017 15037095 1016596 1878424 15531528 14859169 1440921 2003113 15182454 14717050 1747604 2081982 14903420 14724596 1966048 1948459 14741230 14915513 2064107 1696358 14699470 15213488 2059820 1352606 14759300
B 206231 206231 -263529 -263529 306597 306597 -334480 -334480 357252 357252 -363199 -363199 380258 380258 -371176 -371176 376426 376426 -366397 -366397 358162 358162 -350035 -350035 345091 345091 -356291 -356291 357216 357216 -372481 -372481
S 0 0 0 0 4194304 4194304 4194304 4194304 4194304 4194304 4194304 4194304 0 0 0 0 1357010 9437184 1202353 2097152 1356684 0 1353697 14637312 2229 1921536 10999633 905424 221 851968 349458 14680169 16730742 2094841 23665 2094841 23665 15599557 16464951 16008190 16303483 16061366 8388606 0 0 0 0 0 0 0 0 0 0 0 0 0 0 0 0 0 0 0 0 0 2229 1921536 1352606 14759300 15630155 1971985 881375 14841725 16058625 1944979 575733 14863565 16305714 1900511 367853 14956570 16526350 1771899 139845 15152669 12958 1492746 16610915 15477929 350606 1082045 16241965 15912330 721686 658680 15888661 16240609 1041909 386958 15599557 16464951
B 371574 371574 -382368 -382368 388702 388702 -424476 -424476 447090 447090 -466041 -466041 472781 472781 -469644 -469644 473894 473894 -451322 -451322 435910 435910 -396771 -396771 354212 354212 -300415 -300415 247485 247485 -208539 -208539
S 0 0 0 0 4194304 4194304 4194304 4194304 4194304 4194304 4194304 4194304 0 0 0 0 1354486 9437184 1202353 2097152 1354160 0 1355687 4458752 2229 1921536 13159030 15058728 16776796 7503872 16066710 16403756 2082879 800751 14746342 800751 14746342 14376713 1566349 16239851 16545360 15660875 8388606 0 0 0 0 0 0 0 0 0 0 0 0 0 0 0 0 0 0 0 0 0 2229 1921536 15599557 16464951 1297655 188644 15374268 16650694 1495538 59272 15200927 16655602 1642498 145864 15078414 16611857 1758469 132656 14971489 16704367 1890866 4711 14800924 171007 2107391 16413465 14539998 650135 2335960 15858104 14388796 1186763 2372456 15394702 14376713 1566349
B 161390 161390 -126453 -126453 74601 74601 -24123 -24123 -41168 -41168 82741 82741 -116283 -116283 141666 141666 -156541 -156541 180496 180496 -177862 -177862 186604 186604 -179837 -179837 172315 172315 -166291 -166291 160921 160921
S 0 0 0 0 4194304 4194304 4194304 4194304 4194304 4194304 4194304 4194304 0 0 0 0 1351962 9437184 1202353 2097152 1351636 0 1358332 7665920 2229 1921536 8361191 1931995 471 11382784 94325 2024193 16097215 14679769 327522 14679769 327522 16648444 772457 16345037 829695 16265769 8388606 0 0 0 0 0 0 0 0 0 0 0 0 0 0 0 0 0 0 0 0 0 2229 1921536 14376713 1566349 2364163 15058615 14425170 1846237 2239194 14836428 14677283 2003442 1877508 14735039 15026965 2081218 1635517 14676567 15209612 2134268 1492806 14658247 15364048 2135154 1347236 14718535 15573646 1949986 1014356 15043515 16032022 1434457 437676 15674376 16648444 772457
B -177129 -177129 175510 175510 -180419 -180419 165560 165560 -147604 -147604 123098 123098 -110713 -110713 111894 111894 -103744 -103744 113339 113339 -96839 -96839 92499 92499 -69215 -69215 44834 44834 -19775 -19775 -19051 -19051
S 0 0 0 0 4194304 4194304 4194304 4194304 4194304 4194304 4194304 4194304 0 0 0 0 1357630 9437184 1202353 2097152 1357304 0 1352664 11393280 2229 1921536 14424994 11899760 16776025 3604480 604780 15473104 15177933 966705 1713190 966705 1713190 1969462 14731551 16419184 16534752 16050065 8388606 0 0 0 0 0 0 0 0 0 0 0 0 0 0 0 0 0 0 0 0 0 2229 1921536 16648444 772457 16594607 16251312 477240 224801 16012139 43403 1023791 16415668 15558943 627858 1362682 15906929 15328478 1005888 1599121 15625673 15073078 1289163 1908170 15322405 14752641 1637220 2182757 14964456 14551258 1949101 2229094 14727458 14633087 2065029 1969462 14731551
B 58618 58618 -118804 -118804 150931 150931 -185728 -185728 202871 202871 -216425 -216425 227891 227891 -233845 -233845 247471 247471 -239956 -239956 238993 238993 -226044 -226044 227452 227452 -226768 -226768 243278 243278 -260597 -260597
S 0 0 0 0 4194304 4194304 4194304 4194304 4194304 4194304 4194304 4194304 0 0 0 0 1355106 9437184 1202353 2097152 1354780 0 1353654 13723904 2229 1921536 10095657 16339904 16777109 3932160 16283136 14680239 16738569 2083081 16636473 2083081 16636473 15410459 324372 15814648 16258900 15731868 8388606 0 0 0 0 0 0 0 0 0 0 0 0 0 0 0 0 0 0 0 0 0 2229 1921536 1969462 14731551 15043358 1968331 1464868 14837133 15513846 1867096 1038873 14995433 15943308 1645393 590646 15320871 16431569 1257212 85295 15756544 171348 818539 16356464 16238147 650317 305657 15925783 16724476 1013253 16673774 15625416 244729 1264455 16485873 15410459 324372
B 277766 277766 -306045 -306045 344632 344632 -408171 -408171 456857 456857 -508254 -508254 537998 537998 -575821 -575821 607408 607408 -660820 -660820 685332 685332 -706566 -706566 702818 702818 -681607 -681607 659548 659548 -618006 -618006
S 0 0 0 0 4194304 4194304 4194304 4194304 4194304 4194304 4194304 4194304 0 0 0 0 1352582 9437184 1202353 2097152 1352256 0 1353988 15698176 2229 1921536 7123268 1160814 283 6742016 16551250 14698722 359584 2093224 16650810 2093224 16650810 14913185 16169226 16107617 585591 15972409 8388606 0 0 0 0 0 0 0 0 0 0 0 0 0 0 0 0 0 0 0 0 0 2229 1921536 15410459 324372 1452703 16435578 15245997 307041 1616862 16538883 15086223 58312 1759155 68275 14964617 16556800 1855931 296062 14871735 16379413 1951511 478123 14781704 16129448 1975936 765393 14819546 15908623 1898142 913131 14907787 15920218 1853696 784496 14913185 16169226
ENDSET
