000000: jmp      func_ff0000                                 ; 0AF080 FF0000
000002: jmp      int_000002                                  ; 0C0002
000003: nop                                                  ; 000000
000004: jmp      int_000004                                  ; 0C0004
000005: nop                                                  ; 000000
000006: jmp      int_000006                                  ; 0C0006
000007: nop                                                  ; 000000
000008: jmp      int_000008                                  ; 0C0008
000009: nop                                                  ; 000000
00000A: jmp      int_00000a                                  ; 0C000A
00000B: nop                                                  ; 000000
00000C: jsr      func_000235                                 ; 0BF080 000235
00000E: nop                                                  ; 000000
00000F: nop                                                  ; 000000
000010: jsr      func_000219                                 ; 0BF080 000219
000012: jsr      func_000220                                 ; 0BF080 000220
000014: jsr      func_000227                                 ; 0BF080 000227
000016: jsr      func_00022e                                 ; 0BF080 00022E
000018: jmp      int_000018                                  ; 0C0018
000019: nop                                                  ; 000000
00001A: jsset    #$1,x:<<$fffff4,func_00023e                 ; 0BB4A1 00023E
00001C: jmp      int_00001c                                  ; 0C001C
00001D: nop                                                  ; 000000
00001E: jmp      int_00001e                                  ; 0C001E
00001F: nop                                                  ; 000000
000020: jsset    #$4,x:<<$fffff4,func_000259                 ; 0BB4A4 000259
000022: bset     #$1,x:<<$fffffe                             ; 0ABE21
000023: nop                                                  ; 000000
000024: jmp      int_000024                                  ; 0C0024
000025: nop                                                  ; 000000
000026: jmp      int_000026                                  ; 0C0026
000027: nop                                                  ; 000000
000028: jmp      int_000028                                  ; 0C0028
000029: nop                                                  ; 000000
00002A: jmp      int_00002a                                  ; 0C002A
00002B: nop                                                  ; 000000
00002C: jmp      int_00002c                                  ; 0C002C
00002D: nop                                                  ; 000000
00002E: jmp      int_00002e                                  ; 0C002E
00002F: nop                                                  ; 000000
000030: jmp      int_000030                                  ; 0C0030
000031: nop                                                  ; 000000
000032: jmp      int_000032                                  ; 0C0032
000033: nop                                                  ; 000000
000034: jmp      int_000034                                  ; 0C0034
000035: nop                                                  ; 000000
000036: jmp      int_000036                                  ; 0C0036
000037: nop                                                  ; 000000
000038: jmp      int_000038                                  ; 0C0038
000039: nop                                                  ; 000000
00003A: jmp      int_00003a                                  ; 0C003A
00003B: nop                                                  ; 000000
00003C: nop                                                  ; 000000
00003D: nop                                                  ; 000000
00003E: nop                                                  ; 000000
00003F: nop                                                  ; 000000
000040: jmp      int_000040                                  ; 0C0040
000041: nop                                                  ; 000000
000042: jmp      int_000042                                  ; 0C0042
000043: nop                                                  ; 000000
000044: jmp      int_000044                                  ; 0C0044
000045: nop                                                  ; 000000
000046: jmp      int_000046                                  ; 0C0046
000047: nop                                                  ; 000000
000048: jmp      int_000048                                  ; 0C0048
000049: nop                                                  ; 000000
00004A: jmp      int_00004a                                  ; 0C004A
00004B: nop                                                  ; 000000
00004C: nop                                                  ; 000000
00004D: nop                                                  ; 000000
00004E: nop                                                  ; 000000
00004F: nop                                                  ; 000000
000050: jmp      int_000050                                  ; 0C0050
000051: nop                                                  ; 000000
000052: jmp      int_000052                                  ; 0C0052
000053: nop                                                  ; 000000
000054: jmp      int_000054                                  ; 0C0054
000055: nop                                                  ; 000000
000056: jmp      int_000056                                  ; 0C0056
000057: nop                                                  ; 000000
000058: jmp      int_000058                                  ; 0C0058
000059: nop                                                  ; 000000
00005A: nop                                                  ; 000000
00005B: nop                                                  ; 000000
00005C: nop                                                  ; 000000
00005D: nop                                                  ; 000000
00005E: nop                                                  ; 000000
00005F: nop                                                  ; 000000
000060: jmp      int_000060                                  ; 0C0060
000061: nop                                                  ; 000000
000062: jmp      int_000062                                  ; 0C0062
000063: nop                                                  ; 000000
000064: movep    a0,x:<<$ffffc7                              ; 08C807
000065: nop                                                  ; 000000
000066: ori      #$3,mr                                      ; 0003F8
000067: move     #>$490d,omr                                 ; 05F43A 00490D
000069: move     #>$80300,sr                                 ; 05F439 080300
00006B: nop                                                  ; 000000
00006C: nop                                                  ; 000000
00006D: nop                                                  ; 000000
00006E: nop                                                  ; 000000
00006F: nop                                                  ; 000000
000070: nop                                                  ; 000000
000071: pflush                                               ; 000003
000072: move     #>$4d0d,omr                                 ; 05F43A 004D0D
000074: nop                                                  ; 000000
000075: nop                                                  ; 000000
000076: jsr      func_100077                                 ; 0BF080 100077
000078: jsr      func_100139                                 ; 0BF080 100139
00007A: jsr      func_145cce                                 ; 0BF080 145CCE
00007C: jsr      func_100109                                 ; 0BF080 100109
00007E: jsr      func_10009e                                 ; 0BF080 10009E
000080: jsr      func_10012e                                 ; 0BF080 10012E
000082: jsr      func_100110                                 ; 0BF080 100110
000084: bset     #$14,x:<<$ffffff                            ; 0ABF34
000085: bset     #$15,x:<<$ffffff                            ; 0ABF35
000086: andi     #$fc,mr                                     ; 00FCB8
000087: movep    x:<<$ffffeb,a                               ; 084E2B
000088: cmp      #>$180,a                                    ; 0140C5 000180
00008A: beq      int_000092                                  ; 05A408
00008B: cmp      #>$160,a                                    ; 0140C5 000160
00008D: beq      int_00009f                                  ; 05A412
00008E: cmp      #>$140,a                                    ; 0140C5 000140
000090: beq      int_0000ac                                  ; 05A41C
000091: bra      int_000087                                  ; 050FD6
000092: move     #>$140,r1                                   ; 61F400 000140
000094: move     #>$1a0,r2                                   ; 62F400 0001A0
000096: move     #>$200,r3                                   ; 63F400 000200
000098: move     #>$260,r0                                   ; 60F400 000260
00009A: move     #>$2cc,x0                                   ; 44F400 0002CC
00009C: move     #>$32c,x1                                   ; 45F400 00032C
00009E: bra      int_0000b8                                  ; 050C1A
00009F: move     #>$180,r1                                   ; 61F400 000180
0000A1: move     #>$1e0,r2                                   ; 62F400 0001E0
0000A3: move     #>$240,r3                                   ; 63F400 000240
0000A5: move     #>$2a0,r0                                   ; 60F400 0002A0
0000A7: move     #>$2fc,x0                                   ; 44F400 0002FC
0000A9: move     #>$2cc,x1                                   ; 45F400 0002CC
0000AB: bra      int_0000b8                                  ; 050C0D
0000AC: move     #>$160,r1                                   ; 61F400 000160
0000AE: move     #>$1c0,r2                                   ; 62F400 0001C0
0000B0: move     #>$220,r3                                   ; 63F400 000220
0000B2: move     #>$280,r0                                   ; 60F400 000280
0000B4: move     #>$32c,x0                                   ; 44F400 00032C
0000B6: move     #>$2fc,x1                                   ; 45F400 0002FC
0000B8: move     a,x:>$2c8                                   ; 567000 0002C8
0000BA: move     r1,x:>$2c0                                  ; 617000 0002C0
0000BC: move     r2,x:>$2c1                                  ; 627000 0002C1
0000BE: move     r3,x:>$2c2                                  ; 637000 0002C2
0000C0: move     r0,x:>$2c3                                  ; 607000 0002C3
0000C2: move     x0,x:>$2c9                                  ; 447000 0002C9
0000C4: move     x0,x:>$2cb                                  ; 447000 0002CB
0000C6: move     x1,x:>$2ca                                  ; 457000 0002CA
0000C8: move     #>$528,x0                                   ; 44F400 000528
0000CA: move     x0,y:>$123                                  ; 4C7000 000123
0000CC: move     #$0,x0                                      ; 240000
0000CD: move     x0,y:>$124                                  ; 4C7000 000124
0000CF: move     y:>$123,r6                                  ; 6EF000 000123
0000D1: move     #>$ffffff,m0                                ; 05F420 FFFFFF
0000D3: move     m0,m1                                       ; 0461A0
0000D4: move     m0,m2                                       ; 0462A0
0000D5: move     m0,m3                                       ; 0463A0
0000D6: move     m0,m6                                       ; 0466A0
0000D7: move     m0,m5                                       ; 0465A0
0000D8: move     m0,m4                                       ; 0464A0
0000D9: move     m0,m7                                       ; 0467A0
0000DA: move     #$0,x0                                      ; 240000
0000DB: move     x0,x:(r6-$1c)                               ; 039684
0000DC: move     y:(r6-$3),x0                                ; 03F6F4
0000DD: move     x0,x:>$2c4                                  ; 447000 0002C4
0000DF: move     y:>$124,r1                                  ; 69F000 000124
0000E1: move     y:(r6),a                                    ; 5EE600
0000E2: bclr     #$7,a1                                      ; 0ACC47
0000E3: move     a,y:(r6)                                    ; 5E6600
0000E4: bcc      func_000100                                 ; 05041C
0000E5: move     y:(r6-$4),x0                                ; 03F6B4
0000E6: move     x0,r0                                       ; 209000
0000E7: move     y:(r1+$120),a                               ; 0B71CE 000120
0000E9: cmp      x0,a                                        ; 200045
0000EA: beq      int_0000f7                                  ; 05A40D
0000EB: move     x:(r0+$10016b),r2                           ; 0A70D2 10016B
0000ED: move     x0,y:(r1+$120)                              ; 0B7184 000120
0000EF: move     y:(r6+$1),b                                 ; 0206FF
0000F0: move     #$20,x0                                     ; 242000
0000F1: move     x0,x:(r6-$1d)                               ; 038EC4
0000F2: move     #>$1,x0                                     ; 44F400 000001
0000F4: move     x0,x:(r6-$19)                               ; 039EC4
0000F5: move     b,x:(r6-$20)                                ; 03868F
0000F6: jsr      (r2)                                        ; 0BE280
0000F7: move     y:>$124,r1                                  ; 69F000 000124
0000F9: move     y:(r1+$120),r0                              ; 0B71D0 000120
0000FB: move     x:(r0+$10018d),r1                           ; 0A70D1 10018D
0000FD: move     y:>$123,r6                                  ; 6EF000 000123
0000FF: jsr      (r1)                                        ; 0BE180
000100: move     y:>$124,r1                                  ; 69F000 000124
000102: move     #>$100,r7                                   ; 67F400 000100
000104: move     y:(r1+$120),r0                              ; 0B71D0 000120
000106: move     x:(r0+$1001af),r1                           ; 0A70D1 1001AF
000108: move     y:>$123,r6                                  ; 6EF000 000123
00010A: move     #>$ffffff,m0                                ; 05F420 FFFFFF
00010C: move     m0,m1                                       ; 0461A0
00010D: move     m0,m2                                       ; 0462A0
00010E: move     m0,m3                                       ; 0463A0
00010F: move     m0,m4                                       ; 0464A0
000110: move     m0,m5                                       ; 0465A0
000111: move     m0,m6                                       ; 0466A0
000112: move     m0,m7                                       ; 0467A0
000113: move     x:>$2c4,x1                                  ; 45F000 0002C4
000115: move     x:>$2c3,r2                                  ; 62F000 0002C3
000117: brset    #$6,x1,func_0002ed                          ; 0CC5A6 0001D6
000119: brset    #$7,x1,func_000302                          ; 0CC5A7 0001E9
00011B: move     y:(r6+$b),b                                 ; 022EFF
00011C: move     #$40,y0                                     ; 264000
00011D: move     x:>$2c4,a                                   ; 56F000 0002C4
00011F: brclr    #$4,a,func_000125                           ; 0CCE84 000006
000121: move     x:>$2c3,r0                                  ; 60F000 0002C3
000123: tfr      y0,b                                        ; 200059
000124: jmp      func_000262                                 ; 0C0262
000125: btst     #$3,a                                       ; 0BCE63
000126: tfr      y0,b ifcs                                   ; 202859
000127: move     x:>$2c0,r0                                  ; 60F000 0002C0
000129: brset    #$c,a,func_000262                           ; 0CCEAC 000139
00012B: move     x:>$2c1,r0                                  ; 60F000 0002C1
00012D: brset    #$d,a,func_000262                           ; 0CCEAD 000135
00012F: move     x:>$2c2,r0                                  ; 60F000 0002C2
000131: jmp      func_000262                                 ; 0C0262
000132: move     #>$ffffff,m0                                ; 05F420 FFFFFF
000134: move     m0,m6                                       ; 0466A0
000135: move     m0,m1                                       ; 0461A0
000136: move     m0,m2                                       ; 0462A0
000137: move     m0,m3                                       ; 0463A0
000138: move     y:>$123,r6                                  ; 6EF000 000123
00013A: move     m0,m4                                       ; 0464A0
00013B: move     m0,m5                                       ; 0465A0
00013C: move     m0,m7                                       ; 0467A0
00013D: lua      (r6-$28),r6                                 ; 042E86
00013E: move     #>$100,r7                                   ; 67F400 000100
000140: move     x:>$2c3,r5                                  ; 65F000 0002C3
000142: jmp      func_0004a8                                 ; 0C04A8
000143: move     y:>$123,r6                                  ; 6EF000 000123
000145: move     #$0,x0                                      ; 240000
000146: move     x:>$2c4,a                                   ; 56F000 0002C4
000148: move     x0,y:(r6)                                   ; 4C6600
000149: brset    #$3,a,func_0001f3                           ; 0CCEA3 0000AA
00014B: brclr    #$0,a,func_000153                           ; 0CCE80 000008
00014D: move     x:>$2c0,r2                                  ; 62F000 0002C0
00014F: move     #$0,r4                                      ; 340000
000150: bsr      func_0001e2                                 ; 050912
000151: move     x:>$2c4,a                                   ; 56F000 0002C4
000153: brclr    #$1,a,func_00015b                           ; 0CCE81 000008
000155: move     x:>$2c1,r2                                  ; 62F000 0002C1
000157: move     #$0,r4                                      ; 340000
000158: bsr      func_0001e2                                 ; 05090A
000159: move     x:>$2c4,a                                   ; 56F000 0002C4
00015B: brclr    #$2,a,func_000163                           ; 0CCE82 000008
00015D: move     x:>$2c2,r2                                  ; 62F000 0002C2
00015F: move     #$0,r4                                      ; 340000
000160: bsr      func_0001e2                                 ; 050902
000161: move     x:>$2c4,a                                   ; 56F000 0002C4
000163: move     y:>$123,b                                   ; 5FF000 000123
000165: add      #>$100,b                                    ; 0140C8 000100
000167: move     y:>$124,a                                   ; 5EF000 000124
000169: add      #<$1,a                                      ; 014180
00016A: move     b,y:>$123                                   ; 5F7000 000123
00016C: move     a,y:>$124                                   ; 5E7000 000124
00016E: cmp      #<$3,a                                      ; 014385
00016F: beq      func_0001a3                                 ; 05A454
000170: move     x:>$2c8,y0                                  ; 46F000 0002C8
000172: move     y:>$124,a                                   ; 5EF000 000124
000174: cmp      #<$1,a                                      ; 014185
000175: bne      func_000179                                 ; 052404
000176: move     #>$a,x0                                     ; 44F400 00000A
000178: bra      func_00017f                                 ; 050C07
000179: movep    x:<<$ffffeb,a                               ; 084E2B
00017A: sub      y0,a                                        ; 200054
00017B: tst      a                                           ; 200003
00017C: bmi      func_000184                                 ; 05B408
00017D: move     #>$15,x0                                    ; 44F400 000015
00017F: movep    x:<<$ffffeb,a                               ; 084E2B
000180: sub      y0,a                                        ; 200054
000181: nop                                                  ; 000000
000182: cmp      x0,a                                        ; 200045
000183: blt      func_00017f                                 ; 0597DC
000184: move     y:>$124,a                                   ; 5EF000 000124
000186: cmp      #<$1,a                                      ; 014185
000187: beq      func_000189                                 ; 05A402
000188: bra      int_0000cf                                  ; 050E87
000189: move     x:<<$ffffb8,x0                              ; 44F000 FFFFB8
00018B: movep    x:<<$ffffbd,b                               ; 044FDD
00018C: eor      #<$2,b                                      ; 01428B
00018D: move     #>$60,x1                                    ; 45F400 000060
00018F: move     b,x:<<$ffffbd                               ; 577000 FFFFBD
000191: move     x:>$2c0,a                                   ; 56F000 0002C0
000193: add      #<$20,a                                     ; 016080
000194: cmp      #>$1a0,a                                    ; 0140C5 0001A0
000196: sub      x1,a ifeq                                   ; 202A64
000197: movep    #>$a5140,x:<<$ffffdc                        ; 08F49C 0A5140
000199: movep    #>$41,x:<<$fffff1                           ; 08F4B1 000041
00019B: movep    a1,x:<<$ffffde                              ; 08CC1E
00019C: movep    #>$ffffb8,x:<<$ffffdf                       ; 08F49F FFFFB8
00019E: movep    #>$301f,x:<<$ffffdd                         ; 08F49D 00301F
0001A0: movep    #>$ca5140,x:<<$ffffdc                       ; 08F49C CA5140
0001A2: bra      int_0000cf                                  ; 050E4D
0001A3: move     #$0,x0                                      ; 240000
0001A4: move     x0,x:>$4fe                                  ; 447000 0004FE
0001A6: move     x:>$2c4,a                                   ; 56F000 0002C4
0001A8: brset    #$8,a,func_0001ad                           ; 0CCEA8 000005
0001AA: brset    #$a,a,func_0001c2                           ; 0CCEAA 000018
0001AC: jmp      int_000087                                  ; 0C0087
0001AD: move     x:>$2c0,r1                                  ; 61F000 0002C0
0001AF: move     x:>$2c1,r2                                  ; 62F000 0002C1
0001B1: move     x:>$2c2,r3                                  ; 63F000 0002C2
0001B3: move     r1,r0                                       ; 223000
0001B4: move     #>$7fffff,y0                                ; 46F400 7FFFFF
0001B6: move     x:(r1)+,x0                                  ; 44D900
0001B7: do       #<$10,>$1c1                                 ; 061080 0001C0
0001B9: mpy      y0,x0,a         x:(r1)+,x0                  ; 44D9D0
0001BA: mpy      y0,x0,b x:(r2)+,x0                          ; 44DAD8
0001BB: mac      y0,x0,a x:(r2)+,x0                          ; 44DAD2
0001BC: mac      y0,x0,b x:(r3)+,x0                          ; 44DBDA
0001BD: mac      y0,x0,a x:(r3)+,x0                          ; 44DBD2
0001BE: mac      y0,x0,b         x:(r1)+,x0                  ; 44D9DA
0001BF: move     a,x:(r0)+                                   ; 565800
0001C0: move     b,x:(r0)+                                   ; 575800
0001C1: jmp      int_000087                                  ; 0C0087
0001C2: move     x:>$2ca,r0                                  ; 60F000 0002CA
0001C4: move     #$10,n0                                     ; 381000
0001C5: move     x:>$2c0,r2                                  ; 62F000 0002C0
0001C7: lua      (r0)+n0,r1                                  ; 044811
0001C8: do       #<$10,>$1ce                                 ; 061080 0001CD
0001CA: move     x:(r0)+,x0                                  ; 44D800
0001CB: move     x:(r1)+,x1                                  ; 45D900
0001CC: move     x0,x:(r2)+                                  ; 445A00
0001CD: move     x1,x:(r2)+                                  ; 455A00
0001CE: move     x:>$2c1,r2                                  ; 62F000 0002C1
0001D0: move     x:>$2cb,r0                                  ; 60F000 0002CB
0001D2: do       #<$10,>$1d8                                 ; 061080 0001D7
0001D4: move     x:(r1)+,x0                                  ; 44D900
0001D5: move     x:(r0)+,x1                                  ; 45D800
0001D6: move     x0,x:(r2)+                                  ; 445A00
0001D7: move     x1,x:(r2)+                                  ; 455A00
0001D8: move     x:>$2c2,r2                                  ; 62F000 0002C2
0001DA: lua      (r0)+n0,r1                                  ; 044811
0001DB: do       #<$10,>$1e1                                 ; 061080 0001E0
0001DD: move     x:(r0)+,x0                                  ; 44D800
0001DE: move     x:(r1)+,x1                                  ; 45D900
0001DF: move     x0,x:(r2)+                                  ; 445A00
0001E0: move     x1,x:(r2)+                                  ; 455A00
0001E1: jmp      int_000087                                  ; 0C0087
0001E2: move     r2,r3                                       ; 225300
0001E3: move     x:(r2)+,b y:(r4)+,y0                        ; FC9A00
0001E4: add      y0,b                                        ; 200058
0001E5: do       #<$10,>$1eb                                 ; 061080 0001EA
0001E7: move     x:(r2)+,a y:(r4)+,y0                        ; F89A00
0001E8: add      y0,a b,x:(r3)+                              ; 575B50
0001E9: move     x:(r2)+,b y:(r4)+,y0                        ; FC9A00
0001EA: add      y0,b a,x:(r3)+                              ; 565B58
0001EB: rts                                                  ; 00000C
0001EC: move     y:(r4)+,a                                   ; 5EDC00
0001ED: move     y:(r4)+,b                                   ; 5FDC00
0001EE: do       #<$10,>$1f2                                 ; 061080 0001F1
0001F0: move     a,x:(r2)+ y:(r4)+,a                         ; FA1A00
0001F1: move     b,x:(r2)+ y:(r4)+,b                         ; FF1A00
0001F2: rts                                                  ; 00000C
0001F3: brclr    #$0,a,func_000200                           ; 0CCE80 00000D
0001F5: move     #$0,r4                                      ; 340000
0001F6: move     x:>$2c0,r2                                  ; 62F000 0002C0
0001F8: bsclr    #$c,a,func_0001e2                           ; 0DCE8C FFFFEA
0001FA: move     x:>$2c4,a                                   ; 56F000 0002C4
0001FC: bsset    #$c,a,func_0001ec                           ; 0DCEAC FFFFF0
0001FE: move     x:>$2c4,a                                   ; 56F000 0002C4
000200: brclr    #$1,a,func_00020d                           ; 0CCE81 00000D
000202: move     #$0,r4                                      ; 340000
000203: move     x:>$2c1,r2                                  ; 62F000 0002C1
000205: bsclr    #$d,a,func_0001e2                           ; 0DCE8D FFFFDD
000207: move     x:>$2c4,a                                   ; 56F000 0002C4
000209: bsset    #$d,a,func_0001ec                           ; 0DCEAD FFFFE3
00020B: move     x:>$2c4,a                                   ; 56F000 0002C4
00020D: brclr    #$2,a,func_000218                           ; 0CCE82 00000B
00020F: move     #$0,r4                                      ; 340000
000210: move     x:>$2c2,r2                                  ; 62F000 0002C2
000212: bsclr    #$e,a,func_0001e2                           ; 0DCE8E FFFFD0
000214: move     x:>$2c4,a                                   ; 56F000 0002C4
000216: bsset    #$e,a,func_0001ec                           ; 0DCEAE FFFFD6
000218: bra      func_000163                                 ; 050E8B
000219: movep    #>$500,x:<<$ffffda                          ; 08F49A 000500
00021B: movep    #>$33,x:<<$ffffd9                           ; 08F499 000033
00021D: movep    #>$8e9ac4,x:<<$ffffd8                       ; 08F498 8E9AC4
00021F: rti                                                  ; 000004
000220: movep    #>$600,x:<<$ffffda                          ; 08F49A 000600
000222: movep    #>$33,x:<<$ffffd9                           ; 08F499 000033
000224: movep    #>$8e9ac4,x:<<$ffffd8                       ; 08F498 8E9AC4
000226: rti                                                  ; 000004
000227: movep    #>$700,x:<<$ffffda                          ; 08F49A 000700
000229: movep    #>$33,x:<<$ffffd9                           ; 08F499 000033
00022B: movep    #>$8e9ac4,x:<<$ffffd8                       ; 08F498 8E9AC4
00022D: rti                                                  ; 000004
00022E: movep    x:<<$ffffc6,x:<<$ffffda                     ; 087086 FFFFDA
000230: movep    #>$7ff,x:<<$ffffd9                          ; 08F499 0007FF
000232: movep    #>$8e9ac4,x:<<$ffffd8                       ; 08F498 8E9AC4
000234: rti                                                  ; 000004
000235: move     r0,x:>$4ff                                  ; 607000 0004FF
000237: brclr    #$0,x:<<$ffffc3,func_000237                 ; 0CC300 000000
000239: movep    x:<<$ffffc6,r0                              ; 085006
00023A: movep    x:(r0),x:<<$ffffc7                          ; 08E087
00023B: move     x:>$4ff,r0                                  ; 60F000 0004FF
00023D: rti                                                  ; 000004
00023E: move     a2,x:>$2c7                                  ; 527000 0002C7
000240: move     a1,x:>$2c6                                  ; 547000 0002C6
000242: move     a0,x:>$2c5                                  ; 507000 0002C5
000244: move     x:>$4fe,a                                   ; 56F000 0004FE
000246: add      #<$1,a                                      ; 014180
000247: cmp      #<$3,a                                      ; 014385
000248: bge      func_000252                                 ; 05140A
000249: move     a,x:>$4fe                                   ; 567000 0004FE
00024B: move     x:>$2c6,a1                                  ; 54F000 0002C6
00024D: move     x:>$2c7,a2                                  ; 52F000 0002C7
00024F: move     x:>$2c5,a0                                  ; 50F000 0002C5
000251: rti                                                  ; 000004
000252: movep    #>$0,x:<<$ffffe8                            ; 08F4A8 000000
000254: movep    #>$0,x:<<$ffffe4                            ; 08F4A4 000000
000256: movep    #>$0,x:<<$ffffe0                            ; 08F4A0 000000
000258: jmp      func_000258                                 ; 0C0258
000259: movep    #>$4a5a20,x:<<$ffffdc                       ; 08F49C 4A5A20
00025B: movep    x:>$2ca,x:<<$ffffde                         ; 08F09E 0002CA
00025D: movep    #>$2f,x:<<$ffffdd                           ; 08F49D 00002F
00025F: movep    #>$8a52c0,x:<<$ffffdc                       ; 08F49C 8A52C0
000261: rti                                                  ; 000004
000262: move     b,x:$1                                      ; 570100
000263: move     y:(r6+$1),b                                 ; 0206FF
000264: move     x:(r6-$21),a                                ; 037EDE
000265: cmp      a,b                                         ; 20000D
000266: beq      func_000270                                 ; 05A40A
000267: move     x:(r6-$20),x0                               ; 038694
000268: cmp      x0,b                                        ; 20004D
000269: blt      func_00026d                                 ; 059404
00026A: cmp      x0,a                                        ; 200045
00026B: bge      func_000270                                 ; 051405
00026C: move     a,x:(r6-$22)                                ; 037E8E
00026D: cmp      x0,a                                        ; 200045
00026E: blt      func_000270                                 ; 059402
00026F: move     a,x:(r6-$22)                                ; 037E8E
000270: move     b,x:(r6-$21)                                ; 037ECF
000271: move     y:(r6-$6),b                                 ; 03EEBF
000272: move     x:(r6-$26),a                                ; 036E9E
000273: cmp      a,b                                         ; 20000D
000274: beq      func_00027e                                 ; 05A40A
000275: move     x:(r6-$24),x0                               ; 037694
000276: cmp      x0,b                                        ; 20004D
000277: blt      func_00027b                                 ; 059404
000278: cmp      x0,a                                        ; 200045
000279: bge      func_00027e                                 ; 051405
00027A: move     a,x:(r6-$25)                                ; 036ECE
00027B: cmp      x0,a                                        ; 200045
00027C: blt      func_00027e                                 ; 059402
00027D: move     a,x:(r6-$25)                                ; 036ECE
00027E: move     b,x:(r6-$26)                                ; 036E8F
00027F: move     #>$1449c6,r4                                ; 64F400 1449C6
000281: move     r4,r3                                       ; 229300
000282: move     #>$7f,y0                                    ; 46F400 00007F
000284: move     y:(r6-$c),b                                 ; 03D6BF
000285: move     y:(r6-$21),a                                ; 037EFE
000286: asr      #$10,a,a                                    ; 0C1C20
000287: asr      #$10,b,b                                    ; 0C1CA1
000288: move     a,n4                                        ; 21DC00
000289: move     b,n3                                        ; 21FB00
00028A: move     y:(r6+$2),y1                                ; 020EB7
00028B: move     y:(r4+n4),x0                                ; 4CEC00
00028C: move     y:(r3+n3),x1                                ; 4DEB00
00028D: mpy      x0,y1,a                                     ; 2000C0
00028E: tfr      y0,a ifmi                                   ; 202B51
00028F: mpy      y1,x1,b                                     ; 2000F8
000290: tfr      y0,b ifmi                                   ; 202B59
000291: asr      #$8,a,a                                     ; 0C1C10
000292: asr      #$8,b,b                                     ; 0C1C91
000293: move     a0,y0                                       ; 210600
000294: move     b0,y1                                       ; 212700
000295: move     x:(r6-$26),b                                ; 036E9F
000296: move     x:(r6-$25),a                                ; 036EDE
000297: sub      a,b                                         ; 20001C
000298: move     x:(r6-$24),a                                ; 03769E
000299: move     x:(r6-$23),a0                               ; 0376D8
00029A: move     b,x0                                        ; 21E400
00029B: mac      x0,y1,a                                     ; 2000C2
00029C: tst      b                                           ; 20000B
00029D: bmi      func_0002a4                                 ; 05B407
00029E: move     y:(r6-$6),b                                 ; 03EEBF
00029F: cmp      b,a                                         ; 200005
0002A0: ble      func_0002a9                                 ; 05F409
0002A1: move     b,x:(r6-$25)                                ; 036ECF
0002A2: move     b,a                                         ; 21EE00
0002A3: bra      func_0002a9                                 ; 050C06
0002A4: move     y:(r6-$6),b                                 ; 03EEBF
0002A5: cmp      b,a                                         ; 200005
0002A6: bge      func_0002a9                                 ; 051403
0002A7: move     b,x:(r6-$25)                                ; 036ECF
0002A8: move     b,a                                         ; 21EE00
0002A9: move     x:(r6-$21),b                                ; 037EDF
0002AA: move     a,l:<$0                                     ; 480000
0002AB: move     a1,x:(r6-$24)                               ; 03768C
0002AC: move     a0,x:(r6-$23)                               ; 0376C8
0002AD: move     x:(r6-$22),a                                ; 037E9E
0002AE: sub      a,b                                         ; 20001C
0002AF: move     x:(r6-$20),a                                ; 03869E
0002B0: move     x:(r6-$1f),a0                               ; 0386D8
0002B1: move     b,x0                                        ; 21E400
0002B2: mac      y0,x0,a                                     ; 2000D2
0002B3: tst      b                                           ; 20000B
0002B4: bmi      func_0002bb                                 ; 05B407
0002B5: move     y:(r6+$1),b                                 ; 0206FF
0002B6: cmp      b,a                                         ; 200005
0002B7: ble      func_0002c0                                 ; 05F409
0002B8: move     b,x:(r6-$22)                                ; 037E8F
0002B9: move     b,a                                         ; 21EE00
0002BA: bra      func_0002c0                                 ; 050C06
0002BB: move     y:(r6+$1),b                                 ; 0206FF
0002BC: cmp      b,a                                         ; 200005
0002BD: bge      func_0002c0                                 ; 051403
0002BE: move     b,x:(r6-$22)                                ; 037E8F
0002BF: move     b,a                                         ; 21EE00
0002C0: move     x:$1,x0                                     ; 448100
0002C1: move     #>$2ab,x1                                   ; 45F400 0002AB
0002C3: mpy      x1,x0,b                                     ; 2000A8
0002C4: move     a1,x:(r6-$20)                               ; 03868C
0002C5: move     a0,x:(r6-$1f)                               ; 0386C8
0002C6: move     y:(r6-$2),x0                                ; 03FEB4
0002C7: add      x0,a                                        ; 200040
0002C8: move     y:(r6-$a),x0                                ; 03DEB4
0002C9: add      b,a                                         ; 200010
0002CA: maci     #>$b000,x0,a                                ; 0141C2 00B000
0002CC: sub      #>$5800,a                                   ; 0140C4 005800
0002CE: move     l:<$0,b                                     ; 498000
0002CF: add      b,a                                         ; 200010
0002D0: clr      a               ifmi                        ; 202B13
0002D1: move     #>$5800,x0                                  ; 44F400 005800
0002D3: cmp      x0,a                                        ; 200045
0002D4: tfr      x0,a ifge                                   ; 202141
0002D5: move     y:>$124,b                                   ; 5FF000 000124
0002D7: move     a,x:(r6-$27)                                ; 0366CE
0002D8: cmp      #>$2,b                                      ; 0140CD 000002
0002DA: beq      func_0002dd                                 ; 05A403
0002DB: move     a,x:(r6+$ff)                                ; 0A768E 0000FF
0002DD: asr      #$b,a,b                                     ; 0C1C17
0002DE: and      #>$7ff,a                                    ; 0140C6 0007FF
0002E0: move     a,r2                                        ; 21D200
0002E1: move     b,x0                                        ; 21E400
0002E2: move     x:(r2+$140000),a                            ; 0A72CE 140000
0002E4: asr      #$a,a,a                                     ; 0C1C14
0002E5: asl      x0,a,a                                      ; 0C1E48
0002E6: move     #>$1d22a,y0                                 ; 46F400 01D22A
0002E8: move     a,x0                                        ; 21C400
0002E9: mpy      y0,x0,a                                     ; 2000D0
0002EA: asr      #$3,a,a                                     ; 0C1C06
0002EB: jsr      (r1)                                        ; 0BE180
0002EC: jmp      func_000132                                 ; 0C0132
0002ED: move     #>$100,b                                    ; 57F400 000100
0002EF: move     #>$120,x0                                   ; 44F400 000120
0002F1: move     x:<<$ffffee,a                               ; 56F000 FFFFEE
0002F3: cmp      x0,a                                        ; 200045
0002F4: tlt      x0,b                                        ; 029048
0002F5: move     #$3f,m0                                     ; 053FA0
0002F6: move     b,r0                                        ; 21F000
0002F7: move     #$2,n0                                      ; 380200
0002F8: brset    #$7,x1,func_000319                          ; 0CC5A7 000021
0002FA: do       #<$10,>$2ff                                 ; 061080 0002FE
0002FC: move     x:(r0)+n0,x0                                ; 44C800
0002FD: move     x0,x:(r2)+                                  ; 445A00
0002FE: move     x0,x:(r2)+                                  ; 445A00
0002FF: move     #>$ffffff,m0                                ; 05F420 FFFFFF
000301: jmp      func_00011b                                 ; 0C011B
000302: move     #>$100,b                                    ; 57F400 000100
000304: move     #>$120,x0                                   ; 44F400 000120
000306: move     x:<<$ffffee,a                               ; 56F000 FFFFEE
000308: cmp      x0,a                                        ; 200045
000309: tlt      x0,b                                        ; 029048
00030A: move     #$3f,m0                                     ; 053FA0
00030B: move     b,r0                                        ; 21F000
00030C: move     #$2,n0                                      ; 380200
00030D: brset    #$6,x1,func_000319                          ; 0CC5A6 00000C
00030F: move     x:(r0)+,x0                                  ; 44D800
000310: do       #<$10,>$315                                 ; 061080 000314
000312: move     x:(r0)+n0,x0                                ; 44C800
000313: move     x0,x:(r2)+                                  ; 445A00
000314: move     x0,x:(r2)+                                  ; 445A00
000315: move     x:(r0)-,x0                                  ; 44D000
000316: move     #>$ffffff,m0                                ; 05F420 FFFFFF
000318: jmp      func_00011b                                 ; 0C011B
000319: do       #<$20,>$31d                                 ; 062080 00031C
00031B: move     x:(r0)+,x0                                  ; 44D800
00031C: move     x0,x:(r2)+                                  ; 445A00
00031D: move     #>$ffffff,m0                                ; 05F420 FFFFFF
00031F: jmp      func_00011b                                 ; 0C011B
000320: nop                                                  ; 000000
000321: nop                                                  ; 000000
000322: nop                                                  ; 000000
000323: nop                                                  ; 000000
000324: nop                                                  ; 000000
000325: nop                                                  ; 000000
000326: nop                                                  ; 000000
000327: nop                                                  ; 000000
000328: nop                                                  ; 000000
000329: nop                                                  ; 000000
00032A: nop                                                  ; 000000
00032B: nop                                                  ; 000000
00032C: nop                                                  ; 000000
00032D: nop                                                  ; 000000
00032E: nop                                                  ; 000000
00032F: nop                                                  ; 000000
000330: nop                                                  ; 000000
000331: nop                                                  ; 000000
000332: nop                                                  ; 000000
000333: nop                                                  ; 000000
000334: nop                                                  ; 000000
000335: nop                                                  ; 000000
000336: nop                                                  ; 000000
000337: nop                                                  ; 000000
000338: nop                                                  ; 000000
000339: nop                                                  ; 000000
00033A: nop                                                  ; 000000
00033B: nop                                                  ; 000000
00033C: nop                                                  ; 000000
00033D: nop                                                  ; 000000
00033E: nop                                                  ; 000000
00033F: nop                                                  ; 000000
000340: move     x:(r0)+,x0                                  ; 44D800
000341: move     #$2,n1                                      ; 390200
000342: tfr      x0,a x:(r0)+,x0 y:(r4)+,y0                  ; F09841
000343: do       #<$10,>$34f                                 ; 061080 00034E
000345: mac      y0,x0,a x:(r0)-,x1 y:(r4)+,y1               ; F590D2
000346: mac      y0,x0,a                                     ; 2000D2
000347: mac      y1,x1,a x:(r1)+,x0                          ; 44D9F2
000348: mac      -x0,y1,a x:(r1)-,x0                         ; 44D1C6
000349: mac      -y0,x0,a b,y:(r1)+n1                        ; 5F49D6
00034A: mac      -y0,x0,a x:(r0)+,x0 y:(r4)+,y0              ; F098D6
00034B: mpy      x1,y0,b y:(r4)+,y1                          ; 4FDCE8
00034C: tfr      x0,a a,x:(r1)- a,y0                         ; 181141
00034D: mac      y1,y0,b x:(r0)+,x0 y:(r4)+,y0               ; F098BA
00034E: asl      #$2,b,b                                     ; 0C1D85
00034F: rts                                                  ; 00000C
000350: move     x:(r0)+,x0      y:(r4)+,y1                  ; F19800
000351: move     #>$fffffe,n4                                ; 74F400 FFFFFE
000353: move     b,x1                                        ; 21E500
000354: do       #<$10,>$364                                 ; 061080 000363
000356: asr      #$4,b,b                                     ; 0C1C89
000357: mac      x0,y1,b y:(r4)+,y1                          ; 4FDCCA
000358: asl      #$4,b,b                                     ; 0C1D89
000359: mac      y1,x1,b a,x0 y:(r4)+n4,y0                   ; 10CCFA
00035A: mac      -y0,x0,b a,l:(r1)+                          ; 4859DE
00035B: mac      x0,y1,a x:(r0)+,x0 y:(r4)+,y1               ; F198C2
00035C: mac      x1,y0,a b,x1                                ; 21E5E2
00035D: asr      #$4,b,b                                     ; 0C1C89
00035E: mac      x0,y1,b y:(r4)+,y1                          ; 4FDCCA
00035F: asl      #$4,b,b                                     ; 0C1D89
000360: mac      y1,x1,b a,x0 y:(r4)+,y0                     ; 10DCFA
000361: mac      -y0,x0,b a,l:(r1)+                          ; 4859DE
000362: mac      x0,y1,a x:(r0)+,x0 y:(r4)+,y1               ; F198C2
000363: mac      x1,y0,a b,x1                                ; 21E5E2
000364: rts                                                  ; 00000C
000365: move     x:(r0)+,x1 y:(r4)+,y1                       ; F59800
000366: move     x:(r1),x0 y:(r5),y0                         ; C0A100
000367: move     #>$fffffe,n4                                ; 74F400 FFFFFE
000369: do       #<$10,>$37b                                 ; 061080 00037A
00036B: mac      -y1,x1,b b,x1 y:(r4)+,y1                    ; 1DDCFE
00036C: mac      y0,x0,a a,l:(r2)                            ; 4862D2
00036D: asl      #$7,a,a                                     ; 0C1D0E
00036E: mac      y1,x1,b x:(r2),x0 y:(r4)+n4,y0              ; D082FA
00036F: mac      -y0,x0,b a,l:(r1)+                          ; 4859DE
000370: move     l:(r2),a                                    ; 48E200
000371: mac      x0,y1,a x:(r1),x0 y:(r4)+,y1                ; F181C2
000372: mac      x1,y0,a x:(r0)+,x1 y:(r5),y0                ; C4B8E2
000373: mac      -y1,x1,b b,x1 y:(r4)+,y1                    ; 1DDCFE
000374: mac      y0,x0,a a,l:(r2)                            ; 4862D2
000375: asl      #$7,a,a                                     ; 0C1D0E
000376: mac      y1,x1,b x:(r2),x0 y:(r4)+,y0                ; F082FA
000377: mac      -y0,x0,b a,l:(r1)+                          ; 4859DE
000378: move     l:(r2),a                                    ; 48E200
000379: mac      x0,y1,a x:(r1),x0 y:(r4)+,y1                ; F181C2
00037A: mac      x1,y0,a x:(r0)+,x1 y:(r5),y0                ; C4B8E2
00037B: rts                                                  ; 00000C
00037C: move     x:(r0)+,x0 y:(r4)+n4,y0                     ; D09800
00037D: do       #<$10,>$387                                 ; 061080 000386
00037F: mac      y0,x0,a a,x:(r1)+ a,y1                      ; 1919D2
000380: mac      -y1,y0,a x:(r2)+,x0                         ; 44DAB6
000381: mac      y0,x0,b b,x:(r3)+ b,y1                      ; 1F1BDA
000382: mac      -y1,y0,b x:(r0)+,x0                         ; 44D8BE
000383: mac      y0,x0,a a,x:(r1)+ a,y1                      ; 1919D2
000384: mac      -y1,y0,a x:(r2)+,x0                         ; 44DAB6
000385: mac      y0,x0,b b,x:(r3)+ b,y1                      ; 1F1BDA
000386: mac      -y1,y0,b x:(r0)+,x0 y:(r4)+n4,y0            ; D098BE
000387: move     a,x:(r1)+                                   ; 565900
000388: move     b,x:(r3)+                                   ; 575B00
000389: rts                                                  ; 00000C
00038A: move     x:(r0)+,y0                                  ; 46D800
00038B: do       #<$10,>$394                                 ; 061080 000393
00038D: move     l:(r4)+,x                                   ; 42DC00
00038E: mac      -y0,x0,a a,x:(r1)+ a,y0                     ; 1819D6
00038F: mac      -x1,y0,a x:(r0),y0                          ; 46E0E6
000390: mac      y0,x0,a x:(r2)+,y0                          ; 46DAD2
000391: mac      -y0,x0,b b,x:(r3)+ b,y0                     ; 1E1BDE
000392: mac      -x1,y0,b x:(r2),y0                          ; 46E2EE
000393: mac      y0,x0,b x:(r0)+,y0                          ; 46D8DA
000394: move     a,x:(r1)+                                   ; 565900
000395: move     b,x:(r3)+                                   ; 575B00
000396: rts                                                  ; 00000C
000397: do       #<$8,>$3a7                                  ; 060880 0003A6
000399: move     x:(r4),r1                                   ; 61E400
00039A: mpy      -x1,y0,a a,x:(r2)+                          ; 565AE4
00039B: add      x1,a x:(r0)+n0,x1                           ; 45C860
00039C: macr     x1,y0,a x:(r0)+,x1                          ; 45D8E3
00039D: mpy      -x1,y0,b b,x:(r3)+                          ; 575BEC
00039E: add      x1,b x:(r0),x1                              ; 45E068
00039F: macr     x1,y0,b x:(r1)+,x1 y:(r4)+,y0               ; F499EB
0003A0: move     x:(r4),r0                                   ; 60E400
0003A1: mpy      -x1,y0,a a,x:(r2)+                          ; 565AE4
0003A2: add      x1,a x:(r1)+n1,x1                           ; 45C960
0003A3: macr     x1,y0,a x:(r1)+,x1                          ; 45D9E3
0003A4: mpy      -x1,y0,b b,x:(r3)+                          ; 575BEC
0003A5: add      x1,b x:(r1),x1                              ; 45E168
0003A6: macr     x1,y0,b x:(r0)+,x1 y:(r4)+,y0               ; F498EB
0003A7: move     a,x:(r2)+                                   ; 565A00
0003A8: move     b,x:(r3)+                                   ; 575B00
0003A9: rts                                                  ; 00000C
0003AA: move     x:(r1),a                                    ; 56E100
0003AB: asr      a #$0,r1                                    ; 310022
0003AC: move     #$1f,n4                                     ; 3C1F00
0003AD: move     #>$ffffe1,n5                                ; 75F400 FFFFE1
0003AF: move     #$3f,m0                                     ; 053FA0
0003B0: move     m0,m2                                       ; 0462A0
0003B1: move     x:(r1)+,n0                                  ; 70D900
0003B2: move     #>$312,x0                                   ; 44F400 000312
0003B4: move     #$10,n2                                     ; 3A1000
0003B5: do       a1,>$3cf                                    ; 06CC00 0003CE
0003B7: move     r3,r0                                       ; 227000
0003B8: move     #>$152,b                                    ; 57F400 000152
0003BA: move     l:(r1)+,y                                   ; 43D900
0003BB: move     (r0)+n0                                     ; 204800
0003BC: sub      y1,b r0,r2                                  ; 22127C
0003BD: tfr      y1,a y:(r7)+,y1                             ; 4FDF71
0003BE: add      x0,a b1,r4                                  ; 21B440
0003BF: mpysu    y1,y0,b                                     ; 0127A3
0003C0: asr      b a,r5                                      ; 21D52A
0003C1: move     (r0)-                                       ; 205000
0003C2: neg      b b,x1                                      ; 21E53E
0003C3: add      y1,b (r2)+n2                                ; 204A78
0003C4: move     x:(r2),a y:(r5)-,y1                         ; E9A200
0003C5: move     x:(r0),b b,y0                               ; 1EA000
0003C6: do       #<$10,>$3cd                                 ; 061080 0003CC
0003C8: mac      y1,x1,a y:(r5)+n5,y1                        ; 4FCDF2
0003C9: mac      y1,y0,a b,x:(r0)+                           ; 5758B2
0003CA: move     x:(r0),b y:(r4)+,y1                         ; FD8000
0003CB: mac      y1,x1,b a,x:(r2)+ y:(r4)+n4,y1              ; D91AFA
0003CC: mac      y1,y0,b x:(r2),a y:(r5)-,y1                 ; E9A2BA
0003CD: move     x:(r1)+,n0                                  ; 70D900
0003CE: move     b,x:(r0)+                                   ; 575800
0003CF: move     #>$ffffff,m0                                ; 05F420 FFFFFF
0003D1: move     m0,m2                                       ; 0462A0
0003D2: rts                                                  ; 00000C
0003D3: move     #>$10,y1                                    ; 47F400 000010
0003D5: bra      func_0003db                                 ; 050C06
0003D6: move     b0,y0                                       ; 212600
0003D7: mpysu    y1,y0,a                                     ; 012783
0003D8: move     l:(r0)+,x                                   ; 42D800
0003D9: add      x,b b1,x:(r1)+                              ; 555928
0003DA: move     a,l:(r1)+                                   ; 485900
0003DB: cmp      #<$10,b                                     ; 01508D
0003DC: ble      func_0003d6                                 ; 05F7DA
0003DD: sub      #<$10,b                                     ; 01508C
0003DE: move     r1,x:(r1)                                   ; 616100
0003DF: rts                                                  ; 00000C
0003E0: move     #>$10,y1                                    ; 47F400 000010
0003E2: bra      func_0003e7                                 ; 050C05
0003E3: move     b0,y0                                       ; 212600
0003E4: mpysu    y1,y0,a                                     ; 012783
0003E5: add      x,b b1,x:(r1)+                              ; 555928
0003E6: move     a,l:(r1)+                                   ; 485900
0003E7: cmp      #<$10,b                                     ; 01508D
0003E8: ble      func_0003e3                                 ; 05F7DB
0003E9: sub      #<$10,b                                     ; 01508C
0003EA: move     r1,x:(r1)                                   ; 616100
0003EB: rts                                                  ; 00000C
0003EC: move     #$1f,r0                                     ; 301F00
0003ED: move     x:$1f,a                                     ; 569F00
0003EE: do       n2,>$3f4                                    ; 06DA00 0003F3
0003F0: add      x1,b b,x0 y:(r4)+,y0                        ; 18DC68
0003F1: mpy      y0,x0,a a,x:(r0)+ y:(r5)+,y0                ; F838D0
0003F2: add      y0,a                                        ; 200050
0003F3: mac      -y0,x0,a                                    ; 2000D6
0003F4: move     #>$ffffff,m4                                ; 05F424 FFFFFF
0003F6: move     m4,m5                                       ; 0465A4
0003F7: move     a,x:(r0)+                                   ; 565800
0003F8: move     #$20,r0                                     ; 302000
0003F9: move     r0,r2                                       ; 221200
0003FA: move     x:(r6+$31),x1                               ; 02C6D5
0003FB: move     x:(r0)+,x0                                  ; 44D800
0003FC: mpy      x1,x0,a x:(r0)+,x0                          ; 44D8A0
0003FD: move     x:(r6+$30),y1                               ; 02C697
0003FE: mpy      x1,x0,a x:(r0)+,x0 a,y0                     ; 1098A0
0003FF: mpy      y1,y0,b                                     ; 2000B8
000400: asl      #$16,b,b                                    ; 0C1DAD
000401: do       n2,>$406                                    ; 06DA00 000405
000403: mpy      x1,x0,a x:(r0)+,x0 a,y0                     ; 1098A0
000404: mpy      y1,y0,b b,x:(r2)+                           ; 575AB8
000405: asl      #$16,b,b                                    ; 0C1DAD
000406: move     r6,n6                                       ; 22DE00
000407: bra      int_000421                                  ; 050C1A
000408: move     #$fc,r2                                     ; 32FC00
000409: move     #$1f,r0                                     ; 301F00
00040A: move     #>$8000,x1                                  ; 45F400 008000
00040C: move     #>$8008,y0                                  ; 46F400 008008
00040E: move     y0,x:(r2)+                                  ; 465A00
00040F: move     x0,x:(r2)-                                  ; 445200
000410: move     x:(r0),b y:(r5)+,y0                         ; FCA000
000411: mpy      x1,y0,a x:(r2)+,x0 y:(r5)+,y0               ; F0BAE0
000412: insert   x0,y0,a                                     ; 0C1B58
000413: do       n2,>$41a                                    ; 06DA00 000419
000415: move     b,x:(r0)+ y:(r5)+,y0                        ; FC3800
000416: mpy      x1,y0,a a0,x0                               ; 2104E0
000417: mpy      x0,y1,b x:(r2)-,x0 y:(r4)+,y0               ; F092C8
000418: mac      y0,x0,b         x:(r2)+,x0      y:(r5)+,y0  ; F0BADA
000419: insert   x0,y0,a                                     ; 0C1B58
00041A: move     b,x:(r0)+                                   ; 575800
00041B: move     a0,x0                                       ; 210400
00041C: mpy      x0,y1,b x:(r2)-,x0 y:(r4)+,y0               ; F092C8
00041D: mac      y0,x0,b r6,n6                               ; 22DEDA
00041E: move     m0,m4                                       ; 0464A0
00041F: move     m4,m5                                       ; 0465A4
000420: move     b,x:(r0)+                                   ; 575800
000421: move     #$0,r6                                      ; 360000
000422: move     r6,r4                                       ; 22D400
000423: move     #>$344,x1                                   ; 45F400 000344
000425: move     #>$10,x0                                    ; 44F400 000010
000427: move     #>$47f,r2                                   ; 62F400 00047F
000429: do       #<$10,>$42f                                 ; 061080 00042E
00042B: tfr      x1,a y:(r4)+,y1                             ; 4FDC61
00042C: mac      x0,y1,a b,l:(r2)+                           ; 495AC2
00042D: tfr      x1,b y:(r4)+,y1                             ; 4FDC69
00042E: mac      x0,y1,b a,l:(r2)+                           ; 485ACA
00042F: move     #>$480,r0                                   ; 60F400 000480
000431: move     r7,n0                                       ; 22F800
000432: move     r0,r7                                       ; 221700
000433: move     x:(r6)+,r3                                  ; 63DE00
000434: move     x:(r0)+,r4                                  ; 64D800
000435: move     #$20,n4                                     ; 3C2000
000436: move     x:(r0)+,r5                                  ; 65D800
000437: move     n4,n5                                       ; 239D00
000438: move     b,l:(r2)+                                   ; 495A00
000439: move     x:(r3)+,x0 y:(r4)+n4,y1                     ; D19B00
00043A: do       #<$10,>$454                                 ; 061080 000453
00043C: mpy      x0,y1,a x:(r3)+,x1 y:(r4)+n4,y1             ; D59BC0
00043D: mpy      x0,y1,b b,x:(r1)+ y:(r4)+n4,y1              ; DD19C8
00043E: mac      y1,x1,a l:(r4)+n4,y                         ; 43CCF2
00043F: mac      y1,x1,b x:(r3)+,x0 y:(r4)+n4,y1             ; D19BFA
000440: mac      y0,x0,a x:(r6)+,r2                          ; 62DED2
000441: mac      x0,y1,b x:(r3)+,x0 y:(r4)+n4,y1             ; D19BCA
000442: mac      x0,y1,a l:(r4)+n4,y                         ; 43CCC2
000443: mac      y0,x0,b x:(r3)+,x1 y:(r4)+n4,y0             ; D49BDA
000444: mac      y1,x1,a x:(r0)+,r4                          ; 64D8F2
000445: move     x:(r2)+,x0 y:(r5)+n5,y1                     ; D1BA00
000446: mac      x1,y0,b a,x1 y:(r7)+,y0                     ; 14DFEA
000447: macsu    x1,y0,b                                     ; 0126A6
000448: mpy      x0,y1,a x:(r2)+,x1 y:(r5)+n5,y1             ; D5BAC0
000449: mpy      x0,y1,b b,x:(r1)+ y:(r5)+n5,y1              ; DD39C8
00044A: mac      y1,x1,a l:(r5)+n5,y                         ; 43CDF2
00044B: mac      y1,x1,b x:(r2)+,x0 y:(r5)+n5,y1             ; D1BAFA
00044C: mac      y0,x0,a x:(r6)+,r3                          ; 63DED2
00044D: mac      x0,y1,b x:(r2)+,x0 y:(r5)+n5,y1             ; D1BACA
00044E: mac      x0,y1,a l:(r5)+n5,y                         ; 43CDC2
00044F: mac      y0,x0,b x:(r2)+,x1 y:(r5)+n5,y0             ; D4BADA
000450: mac      y1,x1,a x:(r0)+,r5                          ; 65D8F2
000451: move     x:(r3)+,x0 y:(r4)+n4,y1                     ; D19B00
000452: mac      x1,y0,b a,x1 y:(r7)+,y0                     ; 14DFEA
000453: macsu    x1,y0,b                                     ; 0126A6
000454: move     n6,r6                                       ; 23D600
000455: move     b,x:(r1)+                                   ; 575900
000456: move     n0,r7                                       ; 231700
000457: rts                                                  ; 00000C
000458: move     #$1e,r4                                     ; 341E00
000459: move     #$20,r5                                     ; 352000
00045A: move     r4,r0                                       ; 229000
00045B: move     l:(r6)+,x                                   ; 42DE00
00045C: move     x1,y:(r4)+                                  ; 4D5C00
00045D: move     x0,y:(r4)-                                  ; 4C5400
00045E: move     l:(r6)-,x                                   ; 42D600
00045F: tfr      x0,b y:(r5)+,y0                             ; 4EDD49
000460: move     y:(r4)+,a                                   ; 5EDC00
000461: move     #>$5da6b,y1                                 ; 47F400 05DA6B
000463: move     #>$1583e8,x0                                ; 44F400 1583E8
000465: do       #<$10,>$46b                                 ; 061080 00046A
000467: mac      y0,x0,a         x1,x:(r0)+      y:(r5)+,y0  ; F438D2
000468: mac      -x1,x0,a        b,x1            y:(r4)+,b   ; 1FDCA6
000469: mac      y1,y0,b         x1,x:(r0)+      y:(r5)+,y0  ; F438BA
00046A: mac      -y1,x1,b        a,x1            y:(r4)+,a   ; 16DCFE
00046B: move     x1,x:(r0)+                                  ; 455800
00046C: move     b,x:(r0)+ y:(r4)+,y0                        ; FC1800
00046D: move     a,x:(r6)                                    ; 566600
00046E: tfr      x1,a y0,y:(r6)+                             ; 4E5E61
00046F: move     #$20,r1                                     ; 312000
000470: move     ab,l:(r6)+                                  ; 4A5E00
000471: move     #$1e,r0                                     ; 301E00
000472: move     r0,r4                                       ; 221400
000473: move     l:(r6),y                                    ; 43E600
000474: tfr      y0,b x:(r1)+,x0                             ; 44D959
000475: move     x:(r0)+,a                                   ; 56D800
000476: move     #>$2a8f65,x1                                ; 45F400 2A8F65
000478: move     #>$4092ff,y0                                ; 46F400 4092FF
00047A: do       #<$10,>$480                                 ; 061080 00047F
00047C: mac      y0,x0,a         x:(r1)+,x0      y1,y:(r4)+  ; B199D2
00047D: mac      -y1,y0,a        x:(r0)+,b       b,y1        ; 1F98B6
00047E: mac      x1,x0,b         x:(r1)+,x0      y1,y:(r4)+  ; B199AA
00047F: mac      -y1,x1,b        x:(r0)+,a       a,y1        ; 1998FE
000480: move     y1,y:(r4)+                                  ; 4F5C00
000481: tfr      y1,a b,y:(r4)+                              ; 5F5C71
000482: move     #$20,r5                                     ; 352000
000483: move     ab,l:(r6)+                                  ; 4A5E00
000484: move     #$1e,r4                                     ; 341E00
000485: move     r4,r0                                       ; 229000
000486: move     l:(r6),x                                    ; 42E600
000487: tfr      x0,b y:(r5)+,y0                             ; 4EDD49
000488: move     y:(r4)+,a                                   ; 5EDC00
000489: move     #>$54e3ce,y1                                ; 47F400 54E3CE
00048B: move     #>$66e24c,x0                                ; 44F400 66E24C
00048D: do       #<$10,>$493                                 ; 061080 000492
00048F: mac      y0,x0,a         x1,x:(r0)+      y:(r5)+,y0  ; F438D2
000490: mac      -x1,x0,a        b,x1            y:(r4)+,b   ; 1FDCA6
000491: mac      y1,y0,b         x1,x:(r0)+      y:(r5)+,y0  ; F438BA
000492: mac      -y1,x1,b        a,x1            y:(r4)+,a   ; 16DCFE
000493: move     x1,x:(r6)                                   ; 456600
000494: move     x1,x:(r0)+ b,y:(r6)+                        ; B75800
000495: move     b,x:(r0)+                                   ; 575800
000496: move     #$1e,r0                                     ; 301E00
000497: move     #$1f,r1                                     ; 311F00
000498: move     #$fe,r7                                     ; 37FE00
000499: move     #$2,n7                                      ; 3F0200
00049A: move     #>$778898,x1                                ; 45F400 778898
00049C: move     l:(r6),y                                    ; 43E600
00049D: tfr      y0,b x:(r1)+,x0                             ; 44D959
00049E: do       #<$10,>$4a4                                 ; 061080 0004A3
0004A0: mac      x1,x0,b x:(r1)+,x0                          ; 44D9AA
0004A1: mac      -y1,x1,b x:(r0)+,a a,y:(r7)+n7              ; 9AF8FE
0004A2: add      b,a x:(r1)+,x0                              ; 44D910
0004A3: asr      a x:(r0)+,b b,y1                            ; 1F9822
0004A4: move     y1,x:(r6)                                   ; 476600
0004A5: move     b,y:(r6)                                    ; 5F6600
0004A6: move     a,y:(r7)+n7                                 ; 5E4F00
0004A7: rts                                                  ; 00000C
0004A8: move     y:>$124,a                                   ; 5EF000 000124
0004AA: tst      a                                           ; 200003
0004AB: bne      func_0004f5                                 ; 05248A
0004AC: move     x:(r6+$0),a                                 ; 02069E
0004AD: move     y:(r6+$21),b                                ; 0286FF
0004AE: tst      b #$0,x0                                    ; 24000B
0004AF: tfr      b,a ifne                                    ; 202201
0004B0: move     x0,y:(r6+$21)                               ; 0286E4
0004B1: move     a,x:(r6+$0)                                 ; 02068E
0004B2: cmp      #<$1,a                                      ; 014185
0004B3: bne      func_0004c7                                 ; 052414
0004B4: move     y:(r6+$18),a                                ; 0266BE
0004B5: asr      #$10,a,a                                    ; 0C1C20
0004B6: move     #>$141800,r4                                ; 64F400 141800
0004B8: move     a,n4                                        ; 21DC00
0004B9: move     y:>$4ff,a                                   ; 5EF000 0004FF
0004BB: move     y:(r4+n4),y0                                ; 4EEC00
0004BC: add      y0,a                                        ; 200050
0004BD: bes      func_0004c1                                 ; 05D404
0004BE: move     a,y:>$4ff                                   ; 5E7000 0004FF
0004C0: bra      func_0004f5                                 ; 050C55
0004C1: move     a,y:>$4ff                                   ; 5E7000 0004FF
0004C3: move     #>$4,x0                                     ; 44F400 000004
0004C5: move     x0,x:(r6+$0)                                ; 020684
0004C6: bra      func_0004f5                                 ; 050C4F
0004C7: cmp      #<$4,a                                      ; 014485
0004C8: bne      func_0004dc                                 ; 052414
0004C9: move     y:(r6+$1a),y0                               ; 026EB6
0004CA: mpy      y0,y0,b #>$141880,r4                        ; 64F498 141880
0004CC: move     y:(r6+$19),a                                ; 0266FE
0004CD: asr      #$10,a,a                                    ; 0C1C20
0004CE: move     a,n4                                        ; 21DC00
0004CF: move     y:>$4ff,x1                                  ; 4DF000 0004FF
0004D1: move     y:(r4+n4),y0                                ; 4EEC00
0004D2: mpy      -x1,y0,a                                    ; 2000E4
0004D3: cmp      b,a                                         ; 200005
0004D4: ble      func_0004d8                                 ; 05F404
0004D5: move     a,y:>$4ff                                   ; 5E7000 0004FF
0004D7: bra      func_0004f5                                 ; 050C1E
0004D8: move     #>$5,x0                                     ; 44F400 000005
0004DA: move     x0,x:(r6+$0)                                ; 020684
0004DB: bra      int_0004f5                                  ; 050C1A
0004DC: cmp      #<$5,a                                      ; 014585
0004DD: bne      func_0004e3                                 ; 052406
0004DE: move     y:(r6+$1a),x0                               ; 026EB4
0004DF: mpy      x0,x0,a                                     ; 200080
0004E0: move     a,y:>$4ff                                   ; 5E7000 0004FF
0004E2: bra      func_0004f5                                 ; 050C13
0004E3: cmp      #<$2,a                                      ; 014285
0004E4: bne      func_0004f1                                 ; 05240D
0004E5: move     y:(r6+$1b),a                                ; 026EFE
0004E6: asr      #$10,a,a                                    ; 0C1C20
0004E7: move     #>$141880,r4                                ; 64F400 141880
0004E9: move     a,n4                                        ; 21DC00
0004EA: move     y:>$4ff,x1                                  ; 4DF000 0004FF
0004EC: move     y:(r4+n4),y0                                ; 4EEC00
0004ED: mpy      -x1,y0,a                                    ; 2000E4
0004EE: move     a,y:>$4ff                                   ; 5E7000 0004FF
0004F0: jmp      func_0004f5                                 ; 0C04F5
0004F1: move     #>$7fffff,x0                                ; 44F400 7FFFFF
0004F3: move     x0,y:>$4ff                                  ; 4C7000 0004FF
0004F5: move     #$dc,n6                                     ; 3EDC00
0004F6: move     r5,x:>$ff                                   ; 657000 0000FF
0004F8: move     #$97,r2                                     ; 329700
0004F9: move     #$d7,r3                                     ; 33D700
0004FA: do       #<$11,>$4fe                                 ; 061180 0004FD
0004FC: move     a,x:(r2)+ y:(r7)+,a                         ; FA7A00
0004FD: move     b,x:(r3)+ y:(r7)+,b                         ; FF7B00
0004FE: lua      (r6)+n6,r7                                  ; 044E17
0004FF: move     y:(r6+$20),a                                ; 0286BE
000500: cmp      #<$1,a                                      ; 014185
000501: bne      func_000506                                 ; 052405
000502: move     #$0,x0                                      ; 240000
000503: move     x0,y:(r7-$1)                                ; 03FFE4
000504: move     x0,y:(r6+$20)                               ; 0286A4
000505: move     x0,x:(r7-$1)                                ; 03FFC4
000506: move     y:(r7-$1),a                                 ; 03FFFE
000507: tst      a                                           ; 200003
000508: bne      func_000517                                 ; 05240F
000509: move     y:(r6+$c),a                                 ; 0236BE
00050A: asr      #$10,a,a                                    ; 0C1C20
00050B: move     x:(r7-$1),b                                 ; 03FFDF
00050C: move     a,r4                                        ; 21D400
00050D: move     y:(r4+$141800),y0                           ; 0B74C6 141800
00050F: add      y0,b                                        ; 200058
000510: bec      func_000515                                 ; 055405
000511: move     #>$1,x0                                     ; 44F400 000001
000513: move     x0,y:(r7-$1)                                ; 03FFE4
000514: move     x0,x:(r7-$2)                                ; 03FF84
000515: move     b,x:(r7-$1)                                 ; 03FFCF
000516: bra      func_000537                                 ; 050C41
000517: cmp      #<$1,a                                      ; 014185
000518: bne      func_00052b                                 ; 052413
000519: clr      a                                           ; 200013
00051A: move     y:(r6+$23),y0                               ; 028EF6
00051B: move     a,x0                                        ; 21C400
00051C: mpy      y0,x0,b                                     ; 2000D8
00051D: move     x:(r7-$2),a                                 ; 03FF9E
00051E: move     b,x1                                        ; 21E500
00051F: mpyi     #>$791fd0,x1,b                              ; 0141E8 791FD0
000521: asl      b                                           ; 20003A
000522: add      #<$1,a                                      ; 014180
000523: cmp      b,a                                         ; 200005
000524: blt      func_000529                                 ; 059405
000525: move     #>$2,x0                                     ; 44F400 000002
000527: move     x0,y:(r7-$1)                                ; 03FFE4
000528: bra      func_00052b                                 ; 050C03
000529: move     a,x:(r7-$2)                                 ; 03FF8E
00052A: bra      int_000537                                  ; 050C0D
00052B: move     y:(r6+$d),a                                 ; 0236FE
00052C: add      #>$7fff,a                                   ; 0140C0 007FFF
00052E: asr      #$10,a,a                                    ; 0C1C20
00052F: rnd      a                                           ; 200011
000530: move     a,r4                                        ; 21D400
000531: move     x:(r7-$1),b                                 ; 03FFDF
000532: move     y:(r4+$141a00),y0                           ; 0B74C6 141A00
000534: sub      y0,b                                        ; 20005C
000535: clr      b               ifmi                        ; 202B1B
000536: move     b,x:(r7-$1)                                 ; 03FFCF
000537: move     y:(r6+$8),x0                                ; 0226B4
000538: mpyi     #>$800,x0,a                                 ; 0141C0 000800
00053A: sub      #>$80,a                                     ; 0140C4 000080
00053C: rnd      a                                           ; 200011
00053D: tfr      a,b                                         ; 200009
00053E: move     y:(r6+$e),a                                 ; 023EBE
00053F: add      #>$c00000,a                                 ; 0140C0 C00000
000541: abs      a a,y0                                      ; 21C626
000542: move     #>$700,x1                                   ; 45F400 000700
000544: move     a,y1                                        ; 21C700
000545: mpy      y1,y0,a                                     ; 2000B0
000546: asl      #$2,a,a                                     ; 0C1D04
000547: move     x:(r7-$1),y1                                ; 03FFD7
000548: move     a,y0                                        ; 21C600
000549: mpy      y1,y0,a                                     ; 2000B0
00054A: move     a,y1                                        ; 21C700
00054B: mpy      y1,x1,a                                     ; 2000F0
00054C: add      b,a                                         ; 200010
00054D: cmp      x1,a                                        ; 200065
00054E: tfr      x1,a ifge                                   ; 202161
00054F: move     #$8,y0                                      ; 260800
000550: move     x:(r6+$1),x1                                ; 0206D5
000551: move     y:(r6+$25),b                                ; 0296FF
000552: move     a1,x:(r7-$3)                                ; 03F7CC
000553: mac      x1,y0,a                                     ; 2000E2
000554: btst     #$b,b                                       ; 0BCF6B
000555: bcc      func_000557                                 ; 050402
000556: move     a1,x:(r7-$3)                                ; 03F7CC
000557: move     y:(r6+$9),x0                                ; 0226F4
000558: btst     #$9,b                                       ; 0BCF69
000559: mac      -x1,y0,a ifcc                               ; 2020E6
00055A: maci     #>$800,x0,a                                 ; 0141C2 000800
00055C: move     y:(r6+$f),b                                 ; 023EFF
00055D: add      #>$c00000,b                                 ; 0140C8 C00000
00055F: abs      b b,y0                                      ; 21E62E
000560: move     #>$700,x1                                   ; 45F400 000700
000562: move     b,y1                                        ; 21E700
000563: mpy      y1,y0,b                                     ; 2000B8
000564: asl      #$2,b,b                                     ; 0C1D85
000565: move     x:(r7-$1),y1                                ; 03FFD7
000566: tfr      a,b             b,y0                        ; 21E609
000567: mpy      y1,y0,a                                     ; 2000B0
000568: move     a,y1                                        ; 21C700
000569: mac      y1,x1,b                                     ; 2000FA
00056A: clr      b               ifmi                        ; 202B1B
00056B: move     y:(r7-$3),a                                 ; 03F7FE
00056C: move     b1,y:(r7-$2)                                ; 03FFAD
00056D: move     y:(r6+$10),b                                ; 0246BF
00056E: sub      a,b                                         ; 20001C
00056F: asl      #$8,b,b                                     ; 0C1D91
000570: rnd      b                                           ; 200019
000571: asr      #$8,b,b                                     ; 0C1C91
000572: add      b,a                                         ; 200010
000573: move     #$3,m4                                      ; 0503A4
000574: move     a,x0                                        ; 21C400
000575: move     x0,y:(r7-$3)                                ; 03F7E4
000576: mpyi     #>$4af,x0,a                                 ; 0141C0 0004AF
000578: move     y:(r6+$11),y0                               ; 0246F6
000579: move     a,r0                                        ; 21D000
00057A: mpyi     #>$80,y0,b                                  ; 0141D8 000080
00057C: move     b,r2                                        ; 21F200
00057D: move     x:(r0+$143f95),x0                           ; 0A70C4 143F95
00057F: move     x:(r2+$144446),y1                           ; 0A72C7 144446
000581: move     x0,b                                        ; 208F00
000582: add      y1,b                                        ; 200078
000583: asr      b #$1,a                                     ; 2E012A
000584: andi     #$fe,ccr                                    ; 00FEB9
000585: move     b,x1                                        ; 21E500
000586: do       #<$18,>$589                                 ; 061880 000588
000588: div      x1,a                                        ; 018060
000589: move     y1,b                                        ; 20EF00
00058A: sub      x0,b a0,x1                                  ; 21054C
00058B: move     x:(r0+$141ca7),y0                           ; 0A70C6 141CA7
00058D: move     b,x0                                        ; 21E400
00058E: mpy      x1,x0,b                                     ; 2000A8
00058F: asl      #$6,b,b                                     ; 0C1D8D
000590: move     #$4,r4                                      ; 340400
000591: move     b,x0                                        ; 21E400
000592: mpy      -y0,x0,a                                    ; 2000D4
000593: sub      y0,a #$96,r0                                ; 309654
000594: asr      a #$93,r1                                   ; 319322
000595: move     x:(r2+$1444c6),y0                           ; 0A72C6 1444C6
000597: move     x:(r2+$144546),y1                           ; 0A72C7 144546
000599: move     a,y:(r4)+                                   ; 5E5C00
00059A: move     x0,y:(r4)+                                  ; 4C5C00
00059B: move     l:(r7)+,x                                   ; 42DF00
00059C: move     x1,x:(r0)+ y0,y:(r4)+                       ; B41800
00059D: move     x0,x:(r0)- y1,y:(r4)+                       ; B11000
00059E: move     l:(r7)-,x                                   ; 42D700
00059F: move     x1,x:(r1)+                                  ; 455900
0005A0: move     x0,x:(r1)-                                  ; 445100
0005A1: jsr      func_000340                                 ; 0D0340
0005A2: move     x:-(r0),y0                                  ; 46F800
0005A3: move     x:-(r0),y1                                  ; 47F800
0005A4: move     x:(r1)+,x1                                  ; 45D900
0005A5: move     x:(r1)-,x0                                  ; 44D100
0005A6: move     b,y:(r1)                                    ; 5F6100
0005A7: move     y,l:(r7)+                                   ; 435F00
0005A8: move     x,l:(r7)+                                   ; 425F00
0005A9: move     x:(r6+$f),x0                                ; 023ED4
0005AA: jset     #$0,x0,func_0005bb                          ; 0AC420 0005BB
0005AC: move     #$4,r4                                      ; 340400
0005AD: move     #$d6,r0                                     ; 30D600
0005AE: move     #$d3,r1                                     ; 31D300
0005AF: move     l:(r7)+,x                                   ; 42DF00
0005B0: move     x1,x:(r0)+                                  ; 455800
0005B1: move     x0,x:(r0)-                                  ; 445000
0005B2: move     l:(r7)-,x                                   ; 42D700
0005B3: move     x1,x:(r1)+                                  ; 455900
0005B4: move     x0,x:(r1)-                                  ; 445100
0005B5: jsr      func_000340                                 ; 0D0340
0005B6: move     x:-(r0),y0                                  ; 46F800
0005B7: move     x:-(r0),y1                                  ; 47F800
0005B8: move     x:(r1)+,x1                                  ; 45D900
0005B9: move     x:(r1)-,x0                                  ; 44D100
0005BA: move     b,y:(r1)                                    ; 5F6100
0005BB: move     y,l:(r7)+                                   ; 435F00
0005BC: move     x,l:(r7)+                                   ; 425F00
0005BD: move     #>$ffffff,m4                                ; 05F424 FFFFFF
0005BF: lua      (r7-$18),r4                                 ; 043784
0005C0: move     #>$fffffe,n4                                ; 74F400 FFFFFE
0005C2: move     r4,r5                                       ; 229500
0005C3: move     #$91,r0                                     ; 309100
0005C4: move     #$d1,r2                                     ; 32D100
0005C5: move     l:(r4)+,x                                   ; 42DC00
0005C6: move     x0,y:(r0)+                                  ; 4C5800
0005C7: move     x1,y:(r0)+                                  ; 4D5800
0005C8: move     l:(r4)+,x                                   ; 42DC00
0005C9: move     x0,y:(r0)+                                  ; 4C5800
0005CA: move     x1,y:(r2)+                                  ; 4D5A00
0005CB: move     l:(r4)+,x                                   ; 42DC00
0005CC: move     x0,y:(r2)+                                  ; 4C5A00
0005CD: move     x1,y:(r2)+                                  ; 4D5A00
0005CE: move     #$91,r4                                     ; 349100
0005CF: move     #>$f528bd,x0                                ; 44F400 F528BD
0005D1: move     #>$4a4df0,x1                                ; 45F400 4A4DF0
0005D3: move     #$71,r1                                     ; 317100
0005D4: move     #$73,r2                                     ; 327300
0005D5: move     y:(r4)+,y0                                  ; 4EDC00
0005D6: move     #$3,n1                                      ; 390300
0005D7: move     n1,n2                                       ; 233A00
0005D8: do       #<$8,>$5e2                                  ; 060880 0005E1
0005DA: mpy      y0,x0,a a,x:(r1)+n1 y:(r4)+,y1              ; F909D0
0005DB: mpy      x0,y1,b b,x:(r2)+n2                         ; 574AC8
0005DC: mac      y1,x1,a         y:(r4)+,y0                  ; 4EDCF2
0005DD: mac      x1,y0,b y1,x:(r1)+                          ; 4759EA
0005DE: mac      x1,y0,a y:(r4)+,y1                          ; 4FDCE2
0005DF: mac      y1,x1,b y0,x:(r2)+                          ; 465AFA
0005E0: mac      x0,y1,a y:(r4)+n4,y0                        ; 4ECCC2
0005E1: mac      y0,x0,b         y:(r4)+,y0                  ; 4EDCDA
0005E2: move     a,x:(r1)+n1                                 ; 564900
0005E3: move     b,x:(r2)+n2                                 ; 574A00
0005E4: move     y:(r4)+,y1                                  ; 4FDC00
0005E5: move     y,l:(r5)+                                   ; 435D00
0005E6: move     y:(r4)-,y1                                  ; 4FD400
0005E7: move     y1,y:(r5)                                   ; 4F6500
0005E8: move     x:(r6+$f),y1                                ; 023ED7
0005E9: brset    #$0,y1,func_0005fb                          ; 0CC7A0 000012
0005EB: move     #$d1,r4                                     ; 34D100
0005EC: move     #$b1,r1                                     ; 31B100
0005ED: move     #$b3,r2                                     ; 32B300
0005EE: move     y:(r4)+,y0                                  ; 4EDC00
0005EF: do       #<$8,>$5f9                                  ; 060880 0005F8
0005F1: mpy      y0,x0,a a,x:(r1)+n1 y:(r4)+,y1              ; F909D0
0005F2: mpy      x0,y1,b b,x:(r2)+n2                         ; 574AC8
0005F3: mac      y1,x1,a         y:(r4)+,y0                  ; 4EDCF2
0005F4: mac      x1,y0,b y1,x:(r1)+                          ; 4759EA
0005F5: mac      x1,y0,a y:(r4)+,y1                          ; 4FDCE2
0005F6: mac      y1,x1,b y0,x:(r2)+                          ; 465AFA
0005F7: mac      x0,y1,a y:(r4)+n4,y0                        ; 4ECCC2
0005F8: mac      y0,x0,b         y:(r4)+,y0                  ; 4EDCDA
0005F9: move     a,x:(r1)+n1                                 ; 564900
0005FA: move     b,x:(r2)+n2                                 ; 574A00
0005FB: move     y0,x:(r5)+                                  ; 465D00
0005FC: move     y:(r4)+,y0                                  ; 4EDC00
0005FD: move     y:(r4)+,y1                                  ; 4FDC00
0005FE: move     y,l:(r5)                                    ; 436500
0005FF: move     y:(r7-$6),x1                                ; 03EFB5
000600: tfr      x1,a                                        ; 200061
000601: sub      #>$5bf,a                                    ; 0140C4 0005BF
000603: clr      a               ifmi                        ; 202B13
000604: move     a,y0                                        ; 21C600
000605: sub      #>$80,a                                     ; 0140C4 000080
000607: clr      a               ifmi                        ; 202B13
000608: move     a,y1                                        ; 21C700
000609: move     #>$63f,x0                                   ; 44F400 00063F
00060B: tfr      x1,a                                        ; 200061
00060C: cmp      x0,a                                        ; 200045
00060D: tfr      x0,a            ifgt                        ; 202741
00060E: move     a,x1                                        ; 21C500
00060F: move     x1,r0                                       ; 20B000
000610: move     y:(r6+$b),a                                 ; 022EFE
000611: mpyi     #>$fffdf3,x1,b                              ; 0141E8 FFFDF3
000613: maci     #>$ffe666,y0,b                              ; 0141DA FFE666
000615: maci     #>$ffa666,y1,b                              ; 0141FA FFA666
000617: asl      #$18,b,b                                    ; 0C1DB1
000618: tfr      x1,b b,y0                                   ; 21E669
000619: move     a,x0                                        ; 21C400
00061A: mac      y0,x0,a                                     ; 2000D2
00061B: clr      a               ifmi                        ; 202B13
00061C: move     a,x0                                        ; 21C400
00061D: maci     #>$fff912,x0,b                              ; 0141CA FFF912
00061F: move     x:(r7-$1e),x0                               ; 038F94
000620: move     y:(r7-$1e),a                                ; 038FBE
000621: move     b1,x:(r7-$1e)                               ; 038F8D
000622: move     x1,y:(r7-$1e)                               ; 038FA5
000623: add      x1,a b1,r2                                  ; 21B260
000624: asr      a                                           ; 200022
000625: add      x0,b                                        ; 200048
000626: asr      b a1,r1                                     ; 21912A
000627: move     a0,x0                                       ; 210400
000628: move     b0,x1                                       ; 212500
000629: move     x:(r1+$141a98),y0                           ; 0A71C6 141A98
00062B: move     x:(r1+$141a99),y1                           ; 0A71C7 141A99
00062D: tfr      y0,a b1,r3                                  ; 21B351
00062E: macsu    -y0,x0,a                                    ; 012695
00062F: macsu    y1,x0,a                                     ; 01268C
000630: move     x:(r1+$142158),y0                           ; 0A71C6 142158
000632: move     x:(r1+$142159),y1                           ; 0A71C7 142159
000634: mpysu    -y0,x0,b                                    ; 0127B5
000635: add      y0,b a,y0                                   ; 21C658
000636: macsu    y1,x0,b                                     ; 0126AC
000637: move     x:(r3+$142f06),x0                           ; 0A73C4 142F06
000639: move     x:(r3+$142f07),y1                           ; 0A73C7 142F07
00063B: mpysu    y1,x1,a                                     ; 012787
00063C: add      x0,a b,y1                                   ; 21E740
00063D: macsu    -x0,x1,a                                    ; 01269A
00063E: move     #>$7fffa4,x0                                ; 44F400 7FFFA4
000640: cmp      x0,a                                        ; 200045
000641: tgt      x0,a                                        ; 027040
000642: move     a,x0                                        ; 21C400
000643: mpy      x0,y1,b                                     ; 2000C8
000644: mpy      y0,x0,a                                     ; 2000D0
000645: move     b,y0                                        ; 21E600
000646: add      #>$800000,a                                 ; 0140C0 800000
000648: move     b,y:$1e                                     ; 5F1E00
000649: move     a,y:$1d                                     ; 5E1D00
00064A: mpy      x0,x0,b                                     ; 200088
00064B: subr     a,b                                         ; 20000E
00064C: sub      #>$400000,b                                 ; 0140CC 400000
00064E: andi     #$fe,ccr                                    ; 00FEB9
00064F: move     #>$800,a                                    ; 56F400 000800
000651: do       #<$18,>$654                                 ; 061880 000653
000653: div      y0,a                                        ; 018050
000654: move     b1,y1                                       ; 21A700
000655: move     b0,y0                                       ; 212600
000656: move     a0,x1                                       ; 210500
000657: mpysu    x1,y0,b                                     ; 0127A6
000658: dmac     ss x1,y1,b                                  ; 0124AF
000659: asl      #$a,b,b                                     ; 0C1D95
00065A: move     y:(r6+$4),a                                 ; 0216BE
00065B: asl      a b,y1                                      ; 21E732
00065C: move     a,x0                                        ; 21C400
00065D: mpyi     #>$100,x0,a                                 ; 0141C0 000100
00065F: move     a,r1                                        ; 21D100
000660: move     x:(r1+$143c06),x0                           ; 0A71C4 143C06
000662: mpy      x0,y1,b                                     ; 2000C8
000663: move     x:(r0+$141a98),y0                           ; 0A70C6 141A98
000665: move     b,y:$1c                                     ; 5F1C00
000666: move     x:(r0+$142158),y1                           ; 0A70C7 142158
000668: move     x:(r2+$142f06),a                            ; 0A72CE 142F06
00066A: move     #>$7fffa4,x0                                ; 44F400 7FFFA4
00066C: cmp      x0,a                                        ; 200045
00066D: tfr      x0,a            ifgt                        ; 202741
00066E: move     #$5,r4                                      ; 340500
00066F: move     a,x0                                        ; 21C400
000670: mpy      y0,x0,a                                     ; 2000D0
000671: mpy      x0,y1,b                                     ; 2000C8
000672: move     a,y:(r4)+                                   ; 5E5C00
000673: move     b,y:(r4)+                                   ; 5F5C00
000674: mpy      x0,x0,b b,y0                                ; 21E688
000675: subr     a,b                                         ; 20000E
000676: add      #>$400000,b                                 ; 0140C8 400000
000678: andi     #$fe,ccr                                    ; 00FEB9
000679: move     #>$800,a                                    ; 56F400 000800
00067B: do       #<$18,>$67e                                 ; 061880 00067D
00067D: div      y0,a                                        ; 018050
00067E: move     b1,y1                                       ; 21A700
00067F: move     b0,y0                                       ; 212600
000680: move     a0,x1                                       ; 210500
000681: mpysu    x1,y0,b                                     ; 0127A6
000682: dmac     ss x1,y1,b                                  ; 0124AF
000683: move     #$2,n0                                      ; 380200
000684: asl      #$a,b,b                                     ; 0C1D95
000685: move     y:(r6+$4),a                                 ; 0216BE
000686: asl      a b,y1                                      ; 21E732
000687: move     #$5,r0                                      ; 300500
000688: move     a,x0                                        ; 21C400
000689: mpyi     #>$100,x0,a                                 ; 0141C0 000100
00068B: move     a,r1                                        ; 21D100
00068C: move     x:(r1+$143c06),x0                           ; 0A71C4 143C06
00068E: move     #$4,r1                                      ; 310400
00068F: mpy      x0,y1,b y:(r0)+,a                           ; 5ED8C8
000690: add      #>$800000,a                                 ; 0140C0 800000
000692: move     b,y:$4                                      ; 5F0400
000693: move     l:(r7),x                                    ; 42E700
000694: move     a,y:(r7)                                    ; 5E6700
000695: move     y:$1d,a                                     ; 5E9D00
000696: sub      x0,a y:(r0)-,y1                             ; 4FD044
000697: move     y1,x:(r7)                                   ; 476700
000698: move     y:$1e,b                                     ; 5F9E00
000699: sub      x1,b a,y0                                   ; 21C66C
00069A: tfr      x0,a #$10,x0                                ; 241041
00069B: tfr      x1,b            b,y1                        ; 21E769
00069C: do       #<$8,>$6a0                                  ; 060880 00069F
00069E: mac      y0,x0,a a,y:(r0)+                           ; 5E58D2
00069F: mac      x0,y1,b b,y:(r0)+n0                         ; 5F48CA
0006A0: move     y:(r0)+,x0                                  ; 4CD800
0006A1: move     l:(r7)+,ba                                  ; 4BDF00
0006A2: sub      x0,a y:(r0)-,x1                             ; 4DD044
0006A3: sub      x1,b                                        ; 20006C
0006A4: tfr      x0,a            a,y0                        ; 21C641
0006A5: tfr      x1,b            b,y1                        ; 21E769
0006A6: move     #$10,x0                                     ; 241000
0006A7: do       #<$8,>$6ab                                  ; 060880 0006AA
0006A9: mac      y0,x0,a a,y:(r0)+                           ; 5E58D2
0006AA: mac      x0,y1,b b,y:(r0)+n0                         ; 5F48CA
0006AB: move     #$3,n0                                      ; 380300
0006AC: move     n0,n1                                       ; 231900
0006AD: move     #$1c,r0                                     ; 301C00
0006AE: move     y:$1c,x1                                    ; 4D9C00
0006AF: tfr      x1,a y:(r1),b                               ; 5FE161
0006B0: move     y:(r7),x0                                   ; 4CE700
0006B1: sub      x0,a b,y:(r7)+                              ; 5F5F44
0006B2: sub      x1,b                                        ; 20006C
0006B3: tfr      x0,a            a,y0                        ; 21C641
0006B4: tfr      x1,b            b,y1                        ; 21E769
0006B5: move     #$10,x0                                     ; 241000
0006B6: do       #<$8,>$6ba                                  ; 060880 0006B9
0006B8: mac      y0,x0,a a,y:(r1)+n1                         ; 5E49D2
0006B9: mac      x0,y1,b b,y:(r0)+n0                         ; 5F48CA
0006BA: move     #$74,r0                                     ; 307400
0006BB: move     r0,r1                                       ; 221100
0006BC: move     #$4,r4                                      ; 340400
0006BD: move     l:(r7)+,a                                   ; 48DF00
0006BE: move     l:(r7)-,b                                   ; 49D700
0006BF: jsr      func_000350                                 ; 0D0350
0006C0: move     a,l:(r7)+                                   ; 485F00
0006C1: move     b,l:(r7)+                                   ; 495F00
0006C2: move     x:(r6+$f),x0                                ; 023ED4
0006C3: jset     #$0,x0,func_0006cb                          ; 0AC420 0006CB
0006C5: move     #$b4,r0                                     ; 30B400
0006C6: move     r0,r1                                       ; 221100
0006C7: move     #$4,r4                                      ; 340400
0006C8: move     l:(r7)+,a                                   ; 48DF00
0006C9: move     l:(r7)-,b                                   ; 49D700
0006CA: jsr      func_000350                                 ; 0D0350
0006CB: move     a,l:(r7)+                                   ; 485F00
0006CC: move     b,l:(r7)+                                   ; 495F00
0006CD: move     x:(r7-$d),x1                                ; 03CFD5
0006CE: tfr      x1,a                                        ; 200061
0006CF: sub      #>$5bf,a                                    ; 0140C4 0005BF
0006D1: clr      a               ifmi                        ; 202B13
0006D2: move     a,y0                                        ; 21C600
0006D3: sub      #>$80,a                                     ; 0140C4 000080
0006D5: clr      a               ifmi                        ; 202B13
0006D6: move     a,y1                                        ; 21C700
0006D7: move     #>$63f,x0                                   ; 44F400 00063F
0006D9: tfr      x1,a                                        ; 200061
0006DA: cmp      x0,a                                        ; 200045
0006DB: tfr      x0,a            ifgt                        ; 202741
0006DC: tst      a                                           ; 200003
0006DD: clr      a               ifmi                        ; 202B13
0006DE: move     a,x1                                        ; 21C500
0006DF: move     x1,r0                                       ; 20B000
0006E0: move     y:(r6+$a),a                                 ; 022EBE
0006E1: mpyi     #>$fffdf3,x1,b                              ; 0141E8 FFFDF3
0006E3: maci     #>$ffe666,y0,b                              ; 0141DA FFE666
0006E5: maci     #>$ffd99a,y1,b                              ; 0141FA FFD99A
0006E7: asl      #$18,b,b                                    ; 0C1DB1
0006E8: tfr      x1,b b,y0                                   ; 21E669
0006E9: move     a,x0                                        ; 21C400
0006EA: mac      y0,x0,a                                     ; 2000D2
0006EB: clr      a               ifmi                        ; 202B13
0006EC: move     a,x0                                        ; 21C400
0006ED: maci     #>$fff912,x0,b                              ; 0141CA FFF912
0006EF: move     x:(r7-$25),x0                               ; 036FD4
0006F0: move     y:(r7-$25),a                                ; 036FFE
0006F1: move     b1,x:(r7-$25)                               ; 036FCD
0006F2: move     x1,y:(r7-$25)                               ; 036FE5
0006F3: add      x1,a b1,r2                                  ; 21B260
0006F4: asr      a                                           ; 200022
0006F5: add      x0,b                                        ; 200048
0006F6: asr      b a,r1                                      ; 21D12A
0006F7: move     a0,x0                                       ; 210400
0006F8: move     b0,x1                                       ; 212500
0006F9: move     x:(r1+$141a98),y0                           ; 0A71C6 141A98
0006FB: move     x:(r1+$141a99),y1                           ; 0A71C7 141A99
0006FD: tfr      y0,a b1,r3                                  ; 21B351
0006FE: macsu    -y0,x0,a                                    ; 012695
0006FF: macsu    y1,x0,a                                     ; 01268C
000700: move     x:(r1+$142158),y0                           ; 0A71C6 142158
000702: move     x:(r1+$142159),y1                           ; 0A71C7 142159
000704: mpysu    -y0,x0,b                                    ; 0127B5
000705: add      y0,b a,y0                                   ; 21C658
000706: macsu    y1,x0,b                                     ; 0126AC
000707: move     x:(r3+$142f07),y1                           ; 0A73C7 142F07
000709: move     x:(r3+$142f06),x0                           ; 0A73C4 142F06
00070B: mpysu    y1,x1,a                                     ; 012787
00070C: add      x0,a b,y1                                   ; 21E740
00070D: macsu    -x0,x1,a                                    ; 01269A
00070E: move     #>$7fffa4,x0                                ; 44F400 7FFFA4
000710: cmp      x0,a                                        ; 200045
000711: tgt      x0,a                                        ; 027040
000712: move     a,x0                                        ; 21C400
000713: mpy      x0,y1,b                                     ; 2000C8
000714: mpy      y0,x0,a                                     ; 2000D0
000715: move     b,y0                                        ; 21E600
000716: add      #>$800000,a                                 ; 0140C0 800000
000718: move     b,y:$1e                                     ; 5F1E00
000719: move     a,y:$1d                                     ; 5E1D00
00071A: mpy      x0,x0,b                                     ; 200088
00071B: subr     a,b                                         ; 20000E
00071C: sub      #>$400000,b                                 ; 0140CC 400000
00071E: andi     #$fe,ccr                                    ; 00FEB9
00071F: move     #>$800,a                                    ; 56F400 000800
000721: do       #<$18,>$724                                 ; 061880 000723
000723: div      y0,a                                        ; 018050
000724: move     b1,y1                                       ; 21A700
000725: move     b0,y0                                       ; 212600
000726: move     a0,x1                                       ; 210500
000727: mpysu    x1,y0,b                                     ; 0127A6
000728: dmac     ss x1,y1,b                                  ; 0124AF
000729: asl      #$a,b,b                                     ; 0C1D95
00072A: move     x:(r0+$141a98),y0                           ; 0A70C6 141A98
00072C: move     b,y:$1c                                     ; 5F1C00
00072D: move     x:(r0+$142158),y1                           ; 0A70C7 142158
00072F: move     x:(r2+$142f06),a                            ; 0A72CE 142F06
000731: move     #>$7fffa4,x0                                ; 44F400 7FFFA4
000733: cmp      x0,a                                        ; 200045
000734: tgt      x0,a                                        ; 027040
000735: move     #$5,r4                                      ; 340500
000736: move     a,x0                                        ; 21C400
000737: mpy      y0,x0,a                                     ; 2000D0
000738: mpy      x0,y1,b                                     ; 2000C8
000739: move     a,y:(r4)+                                   ; 5E5C00
00073A: move     b,y0                                        ; 21E600
00073B: mpy      x0,x0,b b,y:(r4)+                           ; 5F5C88
00073C: subr     a,b                                         ; 20000E
00073D: add      #>$400000,b                                 ; 0140C8 400000
00073F: andi     #$fe,ccr                                    ; 00FEB9
000740: move     #>$800,a                                    ; 56F400 000800
000742: do       #<$18,>$745                                 ; 061880 000744
000744: div      y0,a                                        ; 018050
000745: move     b1,y1                                       ; 21A700
000746: move     b0,y0                                       ; 212600
000747: move     a0,x1                                       ; 210500
000748: mpysu    x1,y0,b                                     ; 0127A6
000749: dmac     ss x1,y1,b                                  ; 0124AF
00074A: move     #$2,n0                                      ; 380200
00074B: asl      #$a,b,b                                     ; 0C1D95
00074C: move     b,y1                                        ; 21E700
00074D: move     #$5,r0                                      ; 300500
00074E: move     #$4,r1                                      ; 310400
00074F: move     y:(r0)+,a                                   ; 5ED800
000750: add      #>$800000,a                                 ; 0140C0 800000
000752: move     b,y:$4                                      ; 5F0400
000753: move     l:(r7),x                                    ; 42E700
000754: move     a,y:(r7)                                    ; 5E6700
000755: move     y:$1d,a                                     ; 5E9D00
000756: sub      x0,a y:(r0)-,y1                             ; 4FD044
000757: move     y1,x:(r7)                                   ; 476700
000758: move     y:$1e,b                                     ; 5F9E00
000759: sub      x1,b a,y0                                   ; 21C66C
00075A: tfr      x0,a #$10,x0                                ; 241041
00075B: tfr      x1,b            b,y1                        ; 21E769
00075C: do       #<$8,>$760                                  ; 060880 00075F
00075E: mac      y0,x0,a a,y:(r0)+                           ; 5E58D2
00075F: mac      x0,y1,b b,y:(r0)+n0                         ; 5F48CA
000760: move     y:(r0)+,x0                                  ; 4CD800
000761: move     l:(r7)+,ba                                  ; 4BDF00
000762: sub      x0,a y:(r0)-,x1                             ; 4DD044
000763: sub      x1,b                                        ; 20006C
000764: tfr      x0,a            a,y0                        ; 21C641
000765: tfr      x1,b            b,y1                        ; 21E769
000766: move     #$10,x0                                     ; 241000
000767: do       #<$8,>$76b                                  ; 060880 00076A
000769: mac      y0,x0,a a,y:(r0)+                           ; 5E58D2
00076A: mac      x0,y1,b b,y:(r0)+n0                         ; 5F48CA
00076B: move     #$3,n0                                      ; 380300
00076C: move     n0,n1                                       ; 231900
00076D: move     #$1c,r0                                     ; 301C00
00076E: move     y:$1c,x1                                    ; 4D9C00
00076F: tfr      x1,a y:(r1),b                               ; 5FE161
000770: move     y:(r7),x0                                   ; 4CE700
000771: sub      x0,a b,y:(r7)+                              ; 5F5F44
000772: sub      x1,b                                        ; 20006C
000773: tfr      x0,a            a,y0                        ; 21C641
000774: tfr      x1,b            b,y1                        ; 21E769
000775: move     #$10,x0                                     ; 241000
000776: do       #<$8,>$77a                                  ; 060880 000779
000778: mac      y0,x0,a a,y:(r1)+n1                         ; 5E49D2
000779: mac      x0,y1,b b,y:(r0)+n0                         ; 5F48CA
00077A: move     #$0,r5                                      ; 350000
00077B: move     #$1,r2                                      ; 320100
00077C: move     #>$fffffe,n7                                ; 77F400 FFFFFE
00077E: move     #$74,r0                                     ; 307400
00077F: move     #$72,r1                                     ; 317200
000780: move     #$4,r4                                      ; 340400
000781: move     #$10,x0                                     ; 241000
000782: move     x0,y:(r5)                                   ; 4C6500
000783: move     l:(r7)+,y                                   ; 43DF00
000784: move     l:(r7)+,a                                   ; 48DF00
000785: move     l:(r7)+n7,b                                 ; 49CF00
000786: move     y0,x:(r1)+                                  ; 465900
000787: move     y1,x:(r1)-                                  ; 475100
000788: jsr      func_000365                                 ; 0D0365
000789: move     x:(r1)+,x0                                  ; 44D900
00078A: move     x:(r1),x1                                   ; 45E100
00078B: move     x,l:(r7)+                                   ; 425F00
00078C: move     a,l:(r7)+                                   ; 485F00
00078D: move     b,l:(r7)+                                   ; 495F00
00078E: move     x:(r6+$f),x0                                ; 023ED4
00078F: jset     #$0,x0,func_00079c                          ; 0AC420 00079C
000791: move     #$b4,r0                                     ; 30B400
000792: move     #$b2,r1                                     ; 31B200
000793: move     #$4,r4                                      ; 340400
000794: move     l:(r7)+,y                                   ; 43DF00
000795: move     l:(r7)+,a                                   ; 48DF00
000796: move     l:(r7)+n7,b                                 ; 49CF00
000797: move     y0,x:(r1)+                                  ; 465900
000798: move     y1,x:(r1)-                                  ; 475100
000799: jsr      func_000365                                 ; 0D0365
00079A: move     x:(r1)+,x0                                  ; 44D900
00079B: move     x:(r1),x1                                   ; 45E100
00079C: move     x,l:(r7)+                                   ; 425F00
00079D: move     a,l:(r7)+                                   ; 485F00
00079E: move     b,l:(r7)+                                   ; 495F00
00079F: move     x:(r6+$b),y0                                ; 022ED6
0007A0: move     #$8,a                                       ; 2E0800
0007A1: andi     #$fe,ccr                                    ; 00FEB9
0007A2: do       #<$18,>$7a5                                 ; 061880 0007A4
0007A4: div      y0,a                                        ; 018050
0007A5: move     a0,y1                                       ; 210700
0007A6: move     y:(r6+$4),a                                 ; 0216BE
0007A7: asl      a #$b2,r0                                   ; 30B232
0007A8: add      #>$800000,a                                 ; 0140C0 800000
0007AA: clr      a               ifmi                        ; 202B13
0007AB: move     #$72,r1                                     ; 317200
0007AC: move     a,x0                                        ; 21C400
0007AD: mpyi     #>$100,x0,b                                 ; 0141C8 000100
0007AF: mpy      x0,x0,a #$70,r5                             ; 357080
0007B0: move     #$b0,r4                                     ; 34B000
0007B1: move     b,r2                                        ; 21F200
0007B2: move     a,x1                                        ; 21C500
0007B3: mpyi     #>$7deccd,x1,a                              ; 0141E0 7DECCD
0007B5: add      #>$21333,a                                  ; 0140C0 021333
0007B7: move     x:(r2+$1447c6),x1                           ; 0A72C5 1447C6
0007B9: mpy      x1,y0,b a,y0                                ; 21C6E8
0007BA: mpy      y1,y0,a                                     ; 2000B0
0007BB: move     b,x1                                        ; 21E500
0007BC: move     x:(r0)+,x0 a,y0                             ; 109800
0007BD: do       #<$22,>$7c3                                 ; 062280 0007C2
0007BF: mpy      y0,x0,a x:(r1)+,x0 a,y:(r4)+                ; B299D0
0007C0: asl      #$8,a,a                                     ; 0C1D10
0007C1: mpy      y0,x0,b x:(r0)+,x0 b,y:(r5)+                ; B3B8D8
0007C2: asl      #$8,b,b                                     ; 0C1D91
0007C3: bset     #$b,sr                                      ; 0AF96B
0007C4: move     #$70,r5                                     ; 357000
0007C5: move     #$b0,r4                                     ; 34B000
0007C6: move     r5,r1                                       ; 22B100
0007C7: move     r4,r0                                       ; 229000
0007C8: move     #$80,x0                                     ; 248000
0007C9: move     y:(r4)+,y0                                  ; 4EDC00
0007CA: move     y:(r5)+,y1                                  ; 4FDD00
0007CB: do       #<$22,>$7cf                                 ; 062280 0007CE
0007CD: mpy      y0,x0,a a,x:(r0)+ y:(r4)+,y0                ; F818D0
0007CE: mpy      x0,y1,b b,x:(r1)+ y:(r5)+,y1                ; FD39C8
0007CF: move     a,x:(r0)+                                   ; 565800
0007D0: move     b,x:(r1)+                                   ; 575900
0007D1: bclr     #$b,sr                                      ; 0AF94B
0007D2: move     #>$6a3,x0                                   ; 44F400 0006A3
0007D4: move     y:(r7-$14),a                                ; 03B7BE
0007D5: cmp      x0,a x1,y1                                  ; 20A745
0007D6: tfr      x0,a ifge                                   ; 202141
0007D7: move     l:(r7),x                                    ; 42E700
0007D8: move     a,r0                                        ; 21D000
0007D9: move     x:(r0+$143546),y0                           ; 0A70C6 143546
0007DB: mpy      y1,y0,b y0,a                                ; 20CEB8
0007DC: move     #$72,r0                                     ; 307200
0007DD: move     #$4,r4                                      ; 340400
0007DE: sub      x0,a ba,l:(r7)+                             ; 4B5F44
0007DF: sub      x1,b                                        ; 20006C
0007E0: move     a,y0                                        ; 21C600
0007E1: tfr      x1,b            b,y1                        ; 21E769
0007E2: tfr      x0,a #$8,x0                                 ; 240841
0007E3: do       #<$10,>$7e7                                 ; 061080 0007E6
0007E5: mac      y0,x0,a         a,y:(r4)+                   ; 5E5CD2
0007E6: mac      x0,y1,b         b,y:(r4)+                   ; 5F5CCA
0007E7: move     #$4,r4                                      ; 340400
0007E8: move     r0,r1                                       ; 221100
0007E9: move     #$b2,r2                                     ; 32B200
0007EA: move     r2,r3                                       ; 225300
0007EB: move     l:(r7)+,a                                   ; 48DF00
0007EC: move     l:(r7)-,b                                   ; 49D700
0007ED: move     x:(r0)+,x0      y:(r4)+,y0                  ; F09800
0007EE: move     y:(r4)+,x1                                  ; 4DDC00
0007EF: do       #<$10,>$7fa                                 ; 061080 0007F9
0007F1: mac      x1,x0,a a,x:(r1)+ a,y1                      ; 1919A2
0007F2: mac      -y1,y0,a x:(r2)+,x0                         ; 44DAB6
0007F3: mac      x1,x0,b b,x:(r3)+ b,y1                      ; 1F1BAA
0007F4: mac      -y1,y0,b x:(r0)+,x0                         ; 44D8BE
0007F5: mac      x1,x0,a a,x:(r1)+ a,y1                      ; 1919A2
0007F6: mac      -y1,y0,a x:(r2)+,x0                         ; 44DAB6
0007F7: mac      x1,x0,b b,x:(r3)+ b,y1                      ; 1F1BAA
0007F8: mac      -y1,y0,b x:(r0)+,x0 y:(r4)+,y0              ; F098BE
0007F9: move     y:(r4)+,x1                                  ; 4DDC00
0007FA: move     a,x:(r1)+                                   ; 565900
0007FB: move     b,x:(r3)+                                   ; 575B00
0007FC: move     a,l:(r7)+                                   ; 485F00
0007FD: move     b,l:(r7)+                                   ; 495F00
0007FE: move     #$4,r4                                      ; 340400
0007FF: move     #$2,n4                                      ; 3C0200
000800: move     #$72,r0                                     ; 307200
000801: move     r0,r1                                       ; 221100
000802: move     #$b2,r2                                     ; 32B200
000803: move     r2,r3                                       ; 225300
000804: move     l:(r7)+,a                                   ; 48DF00
000805: move     l:(r7)-,b                                   ; 49D700
000806: jsr      func_00037c                                 ; 0D037C
000807: move     a,l:(r7)+                                   ; 485F00
000808: move     b,l:(r7)+                                   ; 495F00
000809: move     #>$eeb88,y0                                 ; 46F400 0EEB88
00080B: move     #>$39c201,y1                                ; 47F400 39C201
00080D: lua      (r7-$30),r3                                 ; 042F03
00080E: move     r3,r4                                       ; 227400
00080F: move     #$6d,r0                                     ; 306D00
000810: move     #$6c,r2                                     ; 326C00
000811: move     l:(r3)+,x                                   ; 42DB00
000812: move     x0,x:(r0)+                                  ; 445800
000813: move     x1,x:(r0)+                                  ; 455800
000814: move     l:(r3)+,x                                   ; 42DB00
000815: move     x0,x:(r0)+                                  ; 445800
000816: move     x1,x:(r0)+                                  ; 455800
000817: move     x:(r3),x1                                   ; 45E300
000818: move     x1,x:(r0)+                                  ; 455800
000819: move     #$6d,r0                                     ; 306D00
00081A: move     #>$f75277,x1                                ; 45F400 F75277
00081C: move     #>$fffffd,n0                                ; 70F400 FFFFFD
00081E: move     x:(r0)+,x0                                  ; 44D800
00081F: do       #<$10,>$828                                 ; 061080 000827
000821: mpy      x1,x0,a x:(r0)+,x0                          ; 44D8A0
000822: mac      y0,x0,a         x:(r0)+,x0                  ; 44D8D2
000823: mac      x0,y1,a x:(r0)+,x0                          ; 44D8C2
000824: mac      x0,y1,a x:(r0)+,x0                          ; 44D8C2
000825: mac      y0,x0,a         x:(r0)+n0,x0                ; 44C8D2
000826: mac      x1,x0,a b,x:(r2)+                           ; 575AA2
000827: tfr      a,b x:(r0)+,x0                              ; 44D809
000828: move     a,x:(r2)+                                   ; 565A00
000829: tfr      x0,a r0,r1                                  ; 221141
00082A: move     x:(r0)+,x1                                  ; 45D800
00082B: move     x,l:(r4)+                                   ; 425C00
00082C: move     x:(r0)+,x0                                  ; 44D800
00082D: move     x:(r0)+,x1                                  ; 45D800
00082E: move     x,l:(r4)+                                   ; 425C00
00082F: move     x:(r0)+,x1                                  ; 45D800
000830: move     x1,x:(r4)                                   ; 456400
000831: move     a,x0                                        ; 21C400
000832: move     r1,r0                                       ; 223000
000833: move     x:(r6+$f),x1                                ; 023ED5
000834: jset     #$0,x1,func_00084e                          ; 0AC520 00084E
000836: move     #$ad,r0                                     ; 30AD00
000837: move     #$ac,r2                                     ; 32AC00
000838: move     y:(r3)+,x0                                  ; 4CDB00
000839: move     x0,x:(r0)+                                  ; 445800
00083A: move     l:(r3)+,x                                   ; 42DB00
00083B: move     x0,x:(r0)+                                  ; 445800
00083C: move     x1,x:(r0)+                                  ; 455800
00083D: move     l:(r3)+,x                                   ; 42DB00
00083E: move     x0,x:(r0)+                                  ; 445800
00083F: move     x1,x:(r0)+                                  ; 455800
000840: move     #$ad,r0                                     ; 30AD00
000841: move     #>$f75277,x1                                ; 45F400 F75277
000843: move     x:(r0)+,x0                                  ; 44D800
000844: do       #<$10,>$84d                                 ; 061080 00084C
000846: mpy      x1,x0,a x:(r0)+,x0                          ; 44D8A0
000847: mac      y0,x0,a         x:(r0)+,x0                  ; 44D8D2
000848: mac      x0,y1,a x:(r0)+,x0                          ; 44D8C2
000849: mac      x0,y1,a x:(r0)+,x0                          ; 44D8C2
00084A: mac      y0,x0,a         x:(r0)+n0,x0                ; 44C8D2
00084B: mac      x1,x0,a b,x:(r2)+                           ; 575AA2
00084C: tfr      a,b x:(r0)+,x0                              ; 44D809
00084D: move     a,x:(r2)+                                   ; 565A00
00084E: move     x0,y:(r4)+                                  ; 4C5C00
00084F: move     x:(r0)+,x0                                  ; 44D800
000850: move     x:(r0)+,x1                                  ; 45D800
000851: move     x,l:(r4)+                                   ; 425C00
000852: move     x:(r0)+,x0                                  ; 44D800
000853: move     x:(r0)+,x1                                  ; 45D800
000854: move     x,l:(r4)+                                   ; 425C00
000855: move     #>$63f,x0                                   ; 44F400 00063F
000857: move     x:(r7-$1a),a                                ; 039F9E
000858: tst      a                                           ; 200003
000859: clr      a               ifmi                        ; 202B13
00085A: cmp      x0,a                                        ; 200045
00085B: tfr      x0,a            ifgt                        ; 202741
00085C: move     a,r0                                        ; 21D000
00085D: move     #>$7fffff,a                                 ; 56F400 7FFFFF
00085F: move     l:(r7),x                                    ; 42E700
000860: move     x:(r0+$1435c6),b                            ; 0A70CF 1435C6
000862: sub      b,a a,y0                                    ; 21C614
000863: add      y0,a #$6c,r0                                ; 306C50
000864: asr      a #$4,r4                                    ; 340422
000865: sub      x0,a ba,l:(r7)+                             ; 4B5F44
000866: sub      x1,b a,y0                                   ; 21C66C
000867: tfr      x0,a #$8,x0                                 ; 240841
000868: tfr      x1,b            b,y1                        ; 21E769
000869: do       #<$10,>$86d                                 ; 061080 00086C
00086B: mac      y0,x0,a a,y:(r4)                            ; 5E64D2
00086C: mac      x0,y1,b b,x:(r4)+                           ; 575CCA
00086D: move     #$4,r4                                      ; 340400
00086E: move     r0,r1                                       ; 221100
00086F: move     #$ac,r2                                     ; 32AC00
000870: move     r2,r3                                       ; 225300
000871: move     l:(r7)+,a                                   ; 48DF00
000872: move     l:(r7)+,b                                   ; 49DF00
000873: move     l:(r7),x                                    ; 42E700
000874: move     x0,x:(r0)                                   ; 446000
000875: move     x1,x:(r2)                                   ; 456200
000876: move     x:(r0+$10),x0                               ; 024094
000877: move     x:(r2+$10),x1                               ; 024295
000878: move     x,l:(r7)-                                   ; 425700
000879: jsr      func_00038a                                 ; 0D038A
00087A: move     b,l:(r7)-                                   ; 495700
00087B: move     a,l:(r7)                                    ; 486700
00087C: lua      (r7+$3),r7                                  ; 040737
00087D: move     #$4,r4                                      ; 340400
00087E: move     #$6c,r0                                     ; 306C00
00087F: move     r0,r1                                       ; 221100
000880: move     #$ac,r2                                     ; 32AC00
000881: move     r2,r3                                       ; 225300
000882: move     l:(r7)+,a                                   ; 48DF00
000883: move     l:(r7)+,b                                   ; 49DF00
000884: move     l:(r7),x                                    ; 42E700
000885: move     x0,x:(r0)                                   ; 446000
000886: move     x1,x:(r2)                                   ; 456200
000887: move     x:(r0+$10),x0                               ; 024094
000888: move     x:(r2+$10),x1                               ; 024295
000889: move     x,l:(r7)-                                   ; 425700
00088A: jsr      func_00038a                                 ; 0D038A
00088B: move     b,l:(r7)-                                   ; 495700
00088C: move     a,l:(r7)                                    ; 486700
00088D: lua      (r7+$3),r7                                  ; 040737
00088E: move     y:(r6+$28),a                                ; 02A6BE
00088F: move     y:(r7-$23),b                                ; 0377FF
000890: cmp      #<$1,a                                      ; 014185
000891: bne      func_000894                                 ; 052403
000892: move     #$0,x0                                      ; 240000
000893: move     x0,x:(r7-$22)                               ; 037F84
000894: cmp      #<$2,a                                      ; 014285
000895: blt      func_00089d                                 ; 059408
000896: move     #>$3,x0                                     ; 44F400 000003
000898: cmp      #<$3,a                                      ; 014385
000899: bne      func_00089c                                 ; 052403
00089A: move     #>$4,x0                                     ; 44F400 000004
00089C: move     x0,x:(r7-$22)                               ; 037F84
00089D: move     x:(r7-$22),a                                ; 037F9E
00089E: tst      a #$40,r0                                   ; 304003
00089F: bne      func_0008ae                                 ; 05240F
0008A0: move     y:(r6+$0),a                                 ; 0206BE
0008A1: asr      #$10,a,a                                    ; 0C1C20
0008A2: move     a,r4                                        ; 21D400
0008A3: move     y:(r7-$23),a                                ; 0377FE
0008A4: move     y:(r4+$141800),y0                           ; 0B74C6 141800
0008A6: add      y0,a                                        ; 200050
0008A7: move     a,y:(r7-$23)                                ; 0377EE
0008A8: bec      func_0008d8                                 ; 055450
0008A9: move     #>$1,x0                                     ; 44F400 000001
0008AB: move     x0,x:(r7-$22)                               ; 037F84
0008AC: move     x0,y:(r7-$22)                               ; 037FA4
0008AD: bra      func_0008d8                                 ; 050C4B
0008AE: cmp      #<$1,a                                      ; 014185
0008AF: bne      func_0008c6                                 ; 052417
0008B0: move     y:(r6+$1),a                                 ; 0206FE
0008B1: cmp      #>$10000,a                                  ; 0140C5 010000
0008B3: clr      a               iflt                        ; 202913
0008B4: move     y:(r6+$23),y0                               ; 028EF6
0008B5: move     a,x0                                        ; 21C400
0008B6: mpy      y0,x0,b                                     ; 2000D8
0008B7: move     y:(r7-$22),a                                ; 037FBE
0008B8: move     b,x1                                        ; 21E500
0008B9: mpyi     #>$791fd0,x1,b                              ; 0141E8 791FD0
0008BB: asl      b                                           ; 20003A
0008BC: add      #<$1,a                                      ; 014180
0008BD: cmp      b,a                                         ; 200005
0008BE: bgt      func_0008c1                                 ; 057403
0008BF: move     a,y:(r7-$22)                                ; 037FAE
0008C0: bra      func_0008d8                                 ; 050C18
0008C1: move     #>$2,x0                                     ; 44F400 000002
0008C3: move     x0,x:(r7-$22)                               ; 037F84
0008C4: move     x0,a                                        ; 208E00
0008C5: bra      func_0008d8                                 ; 050C13
0008C6: cmp      #<$2,a                                      ; 014285
0008C7: bne      func_0008ca                                 ; 052403
0008C8: move     y:(r6+$2),b                                 ; 020EBF
0008C9: bra      func_0008ce                                 ; 050C05
0008CA: move     y:(r6+$3),b                                 ; 020EFF
0008CB: cmp      #<$4,a                                      ; 014485
0008CC: bne      func_0008ce                                 ; 052402
0008CD: move     #$20,b                                      ; 2F2000
0008CE: add      #>$7fff,b                                   ; 0140C8 007FFF
0008D0: asr      #$10,b,b                                    ; 0C1CA1
0008D1: rnd      b                                           ; 200019
0008D2: move     b,r4                                        ; 21F400
0008D3: move     y:(r7-$23),x1                               ; 0377F5
0008D4: move     y:(r4+$141880),y0                           ; 0B74C6 141880
0008D6: mpy      -x1,y0,a                                    ; 2000E4
0008D7: move     a,y:(r7-$23)                                ; 0377EE
0008D8: move     y:(r6+$6),x0                                ; 021EB4
0008D9: move     #>$408e05,y0                                ; 46F400 408E05
0008DB: mpy      y0,x0,b #$11,r3                             ; 3311D8
0008DC: asl      b #$10,n0                                   ; 38103A
0008DD: move     b,a                                         ; 21EE00
0008DE: asr      #$c,a,a                                     ; 0C1C18
0008DF: move     y:(r6+$5),x0                                ; 0216F4
0008E0: mpy      x0,x0,a a,r2                                ; 21D280
0008E1: move     a,x0                                        ; 21C400
0008E2: move     y:(r7-$23),x1                               ; 0377F5
0008E3: mpy      x1,x0,a                                     ; 2000A0
0008E4: mpy      x1,x0,a                                     ; 2000A0
0008E5: move     x:(r2+$14a000),x1                           ; 0A72C5 14A000
0008E7: move     x1,y:$0                                     ; 4D0000
0008E8: move     a,x0                                        ; 21C400
0008E9: move     n0,n1                                       ; 231900
0008EA: move     #$6d,r1                                     ; 316D00
0008EB: move     x:(r2+$14a801),y1                           ; 0A72C7 14A801
0008ED: move     y1,y:$1                                     ; 4F0100
0008EE: mpy      x1,x0,b #$20,r5                             ; 3520A8
0008EF: mpy      x0,y1,a l:(r7),y                            ; 43E7C0
0008F0: move     ab,l:(r7)+                                  ; 4A5F00
0008F1: sub      y0,b #$ad,r0                                ; 30AD5C
0008F2: sub      y1,a r5,r4                                  ; 22B474
0008F3: tfr      y0,a a,x1                                   ; 21C551
0008F4: tfr      y1,b b,x0                                   ; 21E479
0008F5: move     #$8,y0                                      ; 260800
0008F6: do       #<$10,>$8fa                                 ; 061080 0008F9
0008F8: mac      y0,x0,a a,y:(r5)+                           ; 5E5DD2
0008F9: mac      x1,y0,b b,y:(r5)+                           ; 5F5DEA
0008FA: move     y:(r6+$12),x0                               ; 024EB4
0008FB: mpyri    #>$80,x0,a                                  ; 0141C1 000080
0008FD: move     x:(r6+$f),x0                                ; 023ED4
0008FE: jclr     #$0,x0,func_000901                          ; 0AC400 000901
000900: move     r1,r0                                       ; 223000
000901: move     #$0,r2                                      ; 320000
000902: move     a1,r5                                       ; 219500
000903: move     l:(r7),ab                                   ; 4AE700
000904: do       #<$10,>$910                                 ; 061080 00090F
000906: move     a,x:(r2)+ y:(r4)+,y1                        ; F91A00
000907: move     b,x:(r3)+ y:(r4)+,y0                        ; FC1B00
000908: move     l:(r1)+,x                                   ; 42D900
000909: mpysu    y0,x0,a                                     ; 012785
00090A: dmac     ss y0,x1,a                                  ; 01248E
00090B: move     l:(r0)+,x                                   ; 42D800
00090C: mpysu    y1,x0,b                                     ; 0127AC
00090D: dmac     ss y1,x1,b                                  ; 0124A7
00090E: asl      #$4,a,a                                     ; 0C1D08
00090F: asl      #$4,b,b                                     ; 0C1D89
000910: move     a,x:(r2)+                                   ; 565A00
000911: move     ab,l:(r7)+                                  ; 4A5F00
000912: move     y:(r5+$1448c6),y0                           ; 0B75C6 1448C6
000914: move     y:(r5+$144946),y1                           ; 0B75C7 144946
000916: tfr      y0,b b,x:(r3)+                              ; 575B59
000917: cmp      #>$400000,b                                 ; 0140CD 400000
000919: move     l:(r7),a                                    ; 48E700
00091A: asr      a ifeq                                      ; 202A22
00091B: move     a,l:(r7)                                    ; 486700
00091C: tfr      y1,b #>$7fffff,x1                           ; 45F479 7FFFFF
00091E: asr      #$10,b,b                                    ; 0C1CA1
00091F: move     y,l:?:>$fe                                  ; 437000 0000FE
000921: move     b0,a                                        ; 212E00
000922: lsr      a b1,y1                                     ; 21A723
000923: move     b0,y0                                       ; 212600
000924: move     a1,x0                                       ; 218400
000925: move     l:(r7)+,a                                   ; 48DF00
000926: move     a0,b                                        ; 210F00
000927: lsr      b #$80,r1                                   ; 31802B
000928: move     a1,r0                                       ; 219000
000929: do       #<$11,>$92e                                 ; 061180 00092D
00092B: add      y,a a,l:(r1)                                ; 486130
00092C: add      x0,b b1,y:(r1)+                             ; 5D5948
00092D: and      x1,b                                        ; 20006E
00092E: move     y:>$80,y0                                   ; 4EF000 000080
000930: move     #$81,r4                                     ; 348100
000931: move     #$22,r2                                     ; 322200
000932: move     #$34,r3                                     ; 333400
000933: move     l:(r7)+,ab                                  ; 4ADF00
000934: move     x:(r0)+,x1                                  ; 45D800
000935: move     a,x:(r2)+                                   ; 565A00
000936: move     b,x:(r3)+                                   ; 575B00
000937: move     l:(r7)-,ab                                  ; 4AD700
000938: jsr      func_000397                                 ; 0D0397
000939: move     #>$10,b                                     ; 57F400 000010
00093B: move     l:-(r7),a                                   ; 48FF00
00093C: sub      a,b #$11,n0                                 ; 38111C
00093D: move     y:>$fe,y0                                   ; 4EF000 0000FE
00093F: move     b1,x1                                       ; 21A500
000940: move     b0,x0                                       ; 212400
000941: mpysu    y0,x0,b                                     ; 0127A5
000942: dmac     ss y0,x1,b                                  ; 0124AE
000943: asl      b #>$22,x1                                  ; 45F43A 000022
000945: move     #>$7fffff,x0                                ; 44F400 7FFFFF
000947: add      x,b n0,n1                                   ; 231928
000948: rnd      b y:(r7)+,y0                                ; 4EDF19
000949: move     b,r0                                        ; 21F000
00094A: move     x:>$fe,a                                    ; 56F000 0000FE
00094C: asr      #$10,a,a                                    ; 0C1C20
00094D: move     x:(r0)+,x1                                  ; 45D800
00094E: move     x:(r0)+n0,y1                                ; 47C800
00094F: move     x:(r0)+,x0                                  ; 44D800
000950: move     x:(r0),y0                                   ; 46E000
000951: move     x,l:(r7)+                                   ; 425F00
000952: move     y,l:(r7)-                                   ; 435700
000953: move     x:(r0+$4b),b                                ; 0A70CF 00004B
000955: move     y:(r0+$4b),b0                               ; 0B70C9 00004B
000957: sub      #<$10,b                                     ; 01508C
000958: cmp      a,b y:>$fe,y0                               ; 4EF00D 0000FE
00095A: tfr      a,b             ifgt                        ; 202709
00095B: move     #>$23,a                                     ; 56F400 000023
00095D: move     l:-(r7),x                                   ; 42FF00
00095E: move     b,l:(r7)                                    ; 496700
00095F: mpysu    y0,x0,b                                     ; 0127A5
000960: dmac     ss y0,x1,b                                  ; 0124AE
000961: asl      b #$f,r2                                    ; 320F3A
000962: sub      b,a r2,r3                                   ; 225314
000963: move     y:>$fe,b                                    ; 5FF000 0000FE
000965: asr      #$16,b,b                                    ; 0C1CAD
000966: move     b1,y1                                       ; 21A700
000967: move     b0,y0                                       ; 212600
000968: asr      b #>$7fffff,x1                              ; 45F42A 7FFFFF
00096A: move     b0,x0                                       ; 212400
00096B: move     a0,b                                        ; 210F00
00096C: lsr      b #$80,r1                                   ; 31802B
00096D: move     a1,r0                                       ; 219000
00096E: do       #<$10,>$973                                 ; 061080 000972
000970: add      y,a a,l:(r1)                                ; 486130
000971: add      x0,b b1,y:(r1)+                             ; 5D5948
000972: and      x1,b                                        ; 20006E
000973: move     y:>$80,y0                                   ; 4EF000 000080
000975: move     #$81,r4                                     ; 348100
000976: move     x:(r0)+,x1                                  ; 45D800
000977: move     #$f,m2                                      ; 050FA2
000978: jsr      func_000397                                 ; 0D0397
000979: move     #>$ffffff,m2                                ; 05F422 FFFFFF
00097B: lua      (r6+$28),r6                                 ; 041686
00097C: move     x:(r6-$1c),a                                ; 03969E
00097D: tst      a                                           ; 200003
00097E: beq      func_000981                                 ; 05A403
00097F: move     a,r0                                        ; 21D000
000980: jmp      (r0)                                        ; 0AE080
000981: lua      (r6-$28),r6                                 ; 042E86
000982: move     #>$15c,n6                                   ; 76F400 00015C
000984: lua      (r6)+n6,r7                                  ; 044E17
000985: move     y:(r6+$13),a                                ; 024EFE
000986: add      #>$8000,a                                   ; 0140C0 008000
000988: asr      #$10,a,a                                    ; 0C1C20
000989: move     #>$1,b                                      ; 57F400 000001
00098B: move     a,r0                                        ; 21D000
00098C: move     b1,x:(r7-$8f)                               ; 0A778D FFFF71
00098E: move     b0,y:(r7-$8f)                               ; 0B7789 FFFF71
000990: move     x:(r0+$144bc9),x1                           ; 0A70C5 144BC9
000992: move     x:(r0+$144c49),x0                           ; 0A70C4 144C49
000994: move     y:(r6+$23),y0                               ; 028EF6
000995: mpyi     #>$791fd0,y0,a                              ; 0141D0 791FD0
000997: asl      #$5,a,a                                     ; 0C1D0A
000998: move     a,y0                                        ; 21C600
000999: mpy      x1,y0,a                                     ; 2000E0
00099A: cmp      #>$4000,a                                   ; 0140C5 004000
00099C: blt      func_0009ab                                 ; 05940F
00099D: move     y:(r6+$2a),y0                               ; 02AEB6
00099E: mpy      y0,x0,b                                     ; 2000D8
00099F: move     #>$21d10,x1                                 ; 45F400 021D10
0009A1: move     b1,y1                                       ; 21A700
0009A2: move     b0,y0                                       ; 212600
0009A3: mpysu    x1,y0,b                                     ; 0127A6
0009A4: dmac     ss x1,y1,b                                  ; 0124AF
0009A5: move     #>$3ff0,a                                   ; 56F400 003FF0
0009A7: move     b1,x:(r7-$8f)                               ; 0A778D FFFF71
0009A9: move     b0,y:(r7-$8f)                               ; 0B7789 FFFF71
0009AB: move     a1,x:(r7-$8e)                               ; 0A778C FFFF72
0009AD: move     a0,y:(r7-$8e)                               ; 0B7788 FFFF72
0009AF: move     x:(r7-$8e),b                                ; 0A77CF FFFF72
0009B1: move     y:(r7-$8e),b0                               ; 0B77C9 FFFF72
0009B3: move     x:(r7-$8c),a                                ; 0A77CE FFFF74
0009B5: move     y:(r7-$8c),a0                               ; 0B77C8 FFFF74
0009B7: move     #$40,y1                                     ; 274000
0009B8: move     a,l:?:>$fc                                  ; 487000 0000FC
0009BA: move     y1,x:>$fe                                   ; 477000 0000FE
0009BC: cmp      b,a                                         ; 200005
0009BD: beq      func_0009cb                                 ; 05A40E
0009BE: bgt      func_0009c5                                 ; 057407
0009BF: sub      a,b #>$4,y0                                 ; 46F41C 000004
0009C1: cmpm     y0,b                                        ; 20005F
0009C2: tfr      y0,b ifgt                                   ; 202759
0009C3: add      b,a #$30,y1                                 ; 273010
0009C4: bra      func_0009cb                                 ; 050C07
0009C5: sub      a,b #>$fffffc,y0                            ; 46F41C FFFFFC
0009C7: cmp      y0,b                                        ; 20005D
0009C8: tfr      y0,b            iflt                        ; 202959
0009C9: add      b,a #>$500000,y1                            ; 47F410 500000
0009CB: move     x:(r7-$8d),b                                ; 0A77CF FFFF73
0009CD: move     y:(r7-$8d),b0                               ; 0B77C9 FFFF73
0009CF: asl      #$a,b,b                                     ; 0C1D95
0009D0: cmp      #>$3ff,b                                    ; 0140CD 0003FF
0009D2: blt      func_0009d7                                 ; 059405
0009D3: move     y1,x:>$fe                                   ; 477000 0000FE
0009D5: move     a,l:?:>$fc                                  ; 487000 0000FC
0009D7: move     y:(r7-$8f),y0                               ; 0B77C6 FFFF71
0009D9: move     y:(r7-$8d),y1                               ; 0B77C7 FFFF73
0009DB: move     #>$ccccd,x0                                 ; 44F400 0CCCCD
0009DD: move     #>$733333,x1                                ; 45F400 733333
0009DF: mpysu    x0,y0,a                                     ; 01278D
0009E0: macsu    x1,y1,a                                     ; 01268F
0009E1: move     x:(r7-$8f),y0                               ; 0A77C6 FFFF71
0009E3: move     x:(r7-$8d),y1                               ; 0A77C7 FFFF73
0009E5: dmac     ss x0,y0,a                                  ; 01248D
0009E6: mac      y1,x1,a                                     ; 2000F2
0009E7: move     x:(r7-$8c),b                                ; 0A77CF FFFF74
0009E9: cmp      #>$3ff0,b                                   ; 0140CD 003FF0
0009EB: blt      func_0009f0                                 ; 059405
0009EC: move     a1,x:(r7-$8d)                               ; 0A778C FFFF73
0009EE: move     a0,y:(r7-$8d)                               ; 0B7788 FFFF73
0009F0: move     #>$3fff,x0                                  ; 44F400 003FFF
0009F2: move     y:(r7-$8b),x1                               ; 0B77C5 FFFF75
0009F4: move     x:(r7-$86),b                                ; 0A77CF FFFF7A
0009F6: move     y:(r7-$86),b0                               ; 0B77C9 FFFF7A
0009F8: move     l:?:>$fc,y                                  ; 43F000 0000FC
0009FA: move     y1,x:(r7-$8c)                               ; 0A7787 FFFF74
0009FC: move     y0,y:(r7-$8c)                               ; 0B7786 FFFF74
0009FE: move     y1,a                                        ; 20EE00
0009FF: sub      b,a                                         ; 200014
000A00: neg      a                                           ; 200036
000A01: and      x0,a                                        ; 200046
000A02: move     #$0,a2                                      ; 2A0000
000A03: add      x1,a a,l:?:>$c2                             ; 487060 0000C2
000A05: add      x1,b                                        ; 200068
000A06: move     a1,r4                                       ; 219400
000A07: move     b,l:?:>$c4                                  ; 497000 0000C4
000A09: add      #>$4000,a                                   ; 0140C0 004000
000A0B: add      #>$4000,b                                   ; 0140C8 004000
000A0D: move     a1,r5                                       ; 219500
000A0E: move     b,l:?:>$c5                                  ; 497000 0000C5
000A10: move     x:(r7-$8d),a                                ; 0A77CE FFFF73
000A12: move     y:(r7-$8d),a0                               ; 0B77C8 FFFF73
000A14: asl      #$4,a,a                                     ; 0C1D08
000A15: move     x:(r7-$86),b                                ; 0A77CF FFFF7A
000A17: move     y:(r7-$86),b0                               ; 0B77C9 FFFF7A
000A19: add      a,b #$40,r0                                 ; 304018
000A1A: and      x0,b #$62,r1                                ; 31624E
000A1B: move     #>$3fff,m4                                  ; 05F424 003FFF
000A1D: move     b1,x:(r7-$86)                               ; 0A778D FFFF7A
000A1F: move     b0,y:(r7-$86)                               ; 0B7789 FFFF7A
000A21: move     m4,m5                                       ; 0465A4
000A22: move     y:(r6+$14),a                                ; 0256BE
000A23: sub      #>$400000,a                                 ; 0140C4 400000
000A25: bmi      func_000a29                                 ; 0D104B 000004
000A27: move     #$62,r0                                     ; 306200
000A28: move     #$40,r1                                     ; 314000
000A29: move     y:(r4)+,a                                   ; 5EDC00
000A2A: move     y:(r4)+,b                                   ; 5FDC00
000A2B: do       #<$10,>$a2f                                 ; 061080 000A2E
000A2D: move     a,x:(r0)+ y:(r4)+,a                         ; FA1800
000A2E: move     b,x:(r0)+ y:(r4)+,b                         ; FF1800
000A2F: move     a,x:(r0)+ y:(r5)+,a                         ; FA3800
000A30: move     b,x:(r0)+ y:(r5)+,b                         ; FF3800
000A31: do       #<$11,>$a35                                 ; 061180 000A34
000A33: move     a,x:(r1)+ y:(r5)+,a                         ; FA3900
000A34: move     b,x:(r1)+ y:(r5)+,b                         ; FF3900
000A35: move     #>$ffffff,m4                                ; 05F424 FFFFFF
000A37: move     m4,m5                                       ; 0465A4
000A38: move     x:>$fe,y1                                   ; 47F000 0000FE
000A3A: move     x:(r7-$8d),x1                               ; 0A77C5 FFFF73
000A3C: move     y:(r7-$8d),x0                               ; 0B77C4 FFFF73
000A3E: mpysu    y1,x0,b                                     ; 0127AC
000A3F: dmac     ss y1,x1,b                                  ; 0124A7
000A40: asl      b #>$40,a                                   ; 56F43A 000040
000A42: move     y:>$c2,a0                                   ; 58F000 0000C2
000A44: move     b1,y1                                       ; 21A700
000A45: move     b0,y0                                       ; 212600
000A46: asr      b #>$7fffff,x1                              ; 45F42A 7FFFFF
000A48: move     #$22,n0                                     ; 382200
000A49: move     n0,n1                                       ; 231900
000A4A: move     b0,x0                                       ; 212400
000A4B: move     a0,b                                        ; 210F00
000A4C: lsr      b a1,r0                                     ; 21902B
000A4D: move     #$e0,r1                                     ; 31E000
000A4E: do       #<$11,>$a53                                 ; 061180 000A52
000A50: add      y,a a,l:(r1)                                ; 486130
000A51: add      x0,b b1,y:(r1)+                             ; 5D5948
000A52: and      x1,b                                        ; 20006E
000A53: move     #$2f,r2                                     ; 322F00
000A54: move     r2,r3                                       ; 225300
000A55: move     y:>$e0,y0                                   ; 4EF000 0000E0
000A57: move     #$e1,r4                                     ; 34E100
000A58: move     x:(r0)+,x1                                  ; 45D800
000A59: move     #$f,m2                                      ; 050FA2
000A5A: jsr      func_000397                                 ; 0D0397
000A5B: move     #>$ffffff,m2                                ; 05F422 FFFFFF
000A5D: move     y:(r6+$16),b                                ; 025EBF
000A5E: asr      #$10,b,b                                    ; 0C1CA1
000A5F: move     #>$144ac7,r3                                ; 63F400 144AC7
000A61: move     b,n3                                        ; 21FB00
000A62: move     #$20,r1                                     ; 312000
000A63: move     x:(r3+n3),b                                 ; 57EB00
000A64: asr      b b,y0                                      ; 21E62A
000A65: add      #>$800000,b                                 ; 0140C8 800000
000A67: move     #$62,r4                                     ; 346200
000A68: neg      b #$30,r0                                   ; 30303E
000A69: move     y:(r7-$88),a                                ; 0B77CE FFFF78
000A6B: move     y:(r7-$89),x0                               ; 0B77C4 FFFF77
000A6D: move     x:(r7-$89),x1                               ; 0A77C5 FFFF77
000A6F: move     x:(r1+$1f),y1                               ; 0279D7
000A70: move     y1,y:(r7-$89)                               ; 0B7787 FFFF77
000A72: move     x:(r1+$f),y1                                ; 0239D7
000A73: move     y1,x:(r7-$89)                               ; 0A7787 FFFF77
000A75: move     b,y1                                        ; 21E700
000A76: move     x:(r7-$88),b                                ; 0A77CF FFFF78
000A78: do       #<$10,>$a80                                 ; 061080 000A7F
000A7A: mac      -x0,y1,a a,x0 a,y:(r4)+                     ; 125CC6
000A7B: mac      -y1,x1,b b,x1 b,y:(r4)+                     ; 1F5CFE
000A7C: mac      -y0,x0,a x:(r0),x0                          ; 44E0D6
000A7D: mac      -x1,y0,b x:(r1),x1                          ; 45E1EE
000A7E: mac      x0,y1,a x:(r0)+,x0                          ; 44D8C2
000A7F: mac      y1,x1,b x:(r1)+,x1                          ; 45D9FA
000A80: move     a,y:(r7-$88)                                ; 0B778E FFFF78
000A82: move     b,x:(r7-$88)                                ; 0A778F FFFF78
000A84: move     y:(r6+$17),a                                ; 025EFE
000A85: move     y:(r6+$16),x0                               ; 025EB4
000A86: add      x0,a #>$144ac7,r2                           ; 62F440 144AC7
000A88: move     #$20,r4                                     ; 342000
000A89: move     #$62,r5                                     ; 356200
000A8A: move     a,b                                         ; 21CF00
000A8B: asr      #$10,b,b                                    ; 0C1CA1
000A8C: move     y:(r7-$87),a                                ; 0B77CE FFFF79
000A8E: move     b,n2                                        ; 21FA00
000A8F: move     x:(r7-$87),b                                ; 0A77CF FFFF79
000A91: move     y:(r5)+,x1                                  ; 4DDD00
000A92: move     x:(r2+n2),y0                                ; 46EA00
000A93: do       #<$10,>$a99                                 ; 061080 000A98
000A95: mac      x1,y0,a a,x0 a,y:(r4)+                      ; 125CE2
000A96: mac      -y0,x0,a y:(r5)+,x1                         ; 4DDDD6
000A97: mac      x1,y0,b b,x0 b,y:(r4)+                      ; 1B5CEA
000A98: mac      -y0,x0,b y:(r5)+,x1                         ; 4DDDDE
000A99: move     a,y:(r7-$87)                                ; 0B778E FFFF79
000A9B: move     b,x:(r7-$87)                                ; 0A778F FFFF79
000A9D: move     #$62,r4                                     ; 346200
000A9E: move     #$0,r1                                      ; 310000
000A9F: move     x:(r7-$8d),b                                ; 0A77CF FFFF73
000AA1: move     y:(r7-$8d),b0                               ; 0B77C9 FFFF73
000AA3: asr      #$11,b,b                                    ; 0C1CA3
000AA4: move     y:(r7-$90),a                                ; 0B77CE FFFF70
000AA6: move     b0,r2                                       ; 213200
000AA7: move     x:(r7-$90),b                                ; 0A77CF FFFF70
000AA9: move     x:(r2+$144b48),y0                           ; 0A72C6 144B48
000AAB: move     #$10,r3                                     ; 331000
000AAC: move     x:(r3)+,x1                                  ; 45DB00
000AAD: do       #<$10,>$ab3                                 ; 061080 000AB2
000AAF: mac      x1,y0,a a,x0 a,y:(r4)+                      ; 125CE2
000AB0: mac      -y0,x0,a x:(r1)+,x1                         ; 45D9D6
000AB1: mac      x1,y0,b b,x0 b,y:(r4)+                      ; 1B5CEA
000AB2: mac      -y0,x0,b x:(r3)+,x1                         ; 45DBDE
000AB3: move     a,y:(r7-$90)                                ; 0B778E FFFF70
000AB5: move     b,x:(r7-$90)                                ; 0A778F FFFF70
000AB7: move     y:(r6+$14),b                                ; 0256BF
000AB8: sub      #>$400000,b                                 ; 0140CC 400000
000ABA: abs      b #$62,r4                                   ; 34622E
000ABB: asl      b #$20,r1                                   ; 31203A
000ABC: move     #$51,r2                                     ; 325100
000ABD: move     b,x0                                        ; 21E400
000ABE: mpy      x0,x0,a #$40,r3                             ; 334080
000ABF: move     y:(r6+$15),y0                               ; 0256F6
000AC0: move     x:(r7-$84),b                                ; 0A77CF FFFF7C
000AC2: cmp      #<$4,b                                      ; 01448D
000AC3: bne      func_000ac5                                 ; 052402
000AC4: move     #$0,y0                                      ; 260000
000AC5: move     a,x1                                        ; 21C500
000AC6: move     y:(r1)+,x0                                  ; 4CD900
000AC7: do       #<$10,>$acf                                 ; 061080 000ACE
000AC9: mpy      y0,x0,a a,x:(r2)+ y:(r4)+,y1                ; F91AD0
000ACA: asl      #$1,a,a                                     ; 0C1D02
000ACB: mac      y1,x1,a y:(r1)+,x0                          ; 4CD9F2
000ACC: mpy      y0,x0,b b,x:(r3)+ y:(r4)+,y1                ; FD1BD8
000ACD: asl      #$1,b,b                                     ; 0C1D83
000ACE: mac      y1,x1,b y:(r1)+,x0                          ; 4CD9FA
000ACF: move     a,x:(r2)+                                   ; 565A00
000AD0: move     b,x:(r3)+                                   ; 575B00
000AD1: move     x:(r7-$8d),b                                ; 0A77CF FFFF73
000AD3: move     y:(r7-$8d),b0                               ; 0B77C9 FFFF73
000AD5: asr      #$2,b,b                                     ; 0C1C85
000AD6: move     #$1,a                                       ; 2E0100
000AD7: move     b0,y0                                       ; 212600
000AD8: andi     #$fe,ccr                                    ; 00FEB9
000AD9: do       #<$18,>$adc                                 ; 061880 000ADB
000ADB: div      y0,a                                        ; 018050
000ADC: move     a0,b                                        ; 210F00
000ADD: asr      #$11,b,b                                    ; 0C1CA3
000ADE: move     y:>$c4,x0                                   ; 4CF000 0000C4
000AE0: move     b1,y1                                       ; 21A700
000AE1: move     b0,y0                                       ; 212600
000AE2: mpyuu    y0,x0,a                                     ; 0127C5
000AE3: dmac     su y1,x0,a                                  ; 01258C
000AE4: asr      a                                           ; 200022
000AE5: clr      b               ifeq                        ; 202A1B
000AE6: sub      a,b                                         ; 20001C
000AE7: tfr      b,a                                         ; 200001
000AE8: cmp      #<$10,b                                     ; 01508D
000AE9: bge      func_000b1e                                 ; 051455
000AEA: move     #>$3fff,m2                                  ; 05F422 003FFF
000AEC: add      #>$40,a                                     ; 0140C0 000040
000AEE: move     #$90,r1                                     ; 319000
000AEF: tfr      y0,b x:>$c4,r2                              ; 62F059 0000C4
000AF1: asr      b #>$7fffff,x1                              ; 45F42A 7FFFFF
000AF3: move     b1,x0                                       ; 21A400
000AF4: move     a0,b                                        ; 210F00
000AF5: lsr      b a1,r0                                     ; 21902B
000AF6: do       #<$11,>$afb                                 ; 061180 000AFA
000AF8: add      y,a a,l:(r1)                                ; 486130
000AF9: add      x0,b b1,y:(r1)+                             ; 5D5948
000AFA: and      x1,b                                        ; 20006E
000AFB: move     y:(r7-$91),x0                               ; 0B77C4 FFFF6F
000AFD: move     x0,x:>$40                                   ; 447000 000040
000AFF: move     x:(r7-$91),x0                               ; 0A77C4 FFFF6F
000B01: move     x0,x:>$51                                   ; 447000 000051
000B03: move     x:>$50,x0                                   ; 44F000 000050
000B05: move     x0,y:(r7-$91)                               ; 0B7784 FFFF6F
000B07: move     x:>$61,x0                                   ; 44F000 000061
000B09: move     x0,x:(r7-$91)                               ; 0A7784 FFFF6F
000B0B: move     x:-(r2),a                                   ; 56FA00
000B0C: move     #$10,n0                                     ; 381000
000B0D: move     n0,n1                                       ; 231900
000B0E: move     y:>$90,y0                                   ; 4EF000 000090
000B10: move     x:(r0)+,x1                                  ; 45D800
000B11: move     #$91,r4                                     ; 349100
000B12: move     #$70,r3                                     ; 337000
000B13: jsr      func_000397                                 ; 0D0397
000B14: move     #$71,r0                                     ; 307100
000B15: move     x:>$c5,r4                                   ; 64F000 0000C5
000B17: move     m2,m4                                       ; 0464A2
000B18: move     x:(r0)+,a                                   ; 56D800
000B19: move     x:(r0)+,b                                   ; 57D800
000B1A: do       #<$8,>$b1e                                  ; 060880 000B1D
000B1C: move     x:(r0)+,a       a,y:(r4)+                   ; BA9800
000B1D: move     x:(r0)+,b       b,y:(r4)+                   ; BF9800
000B1E: move     y:(r6+$1f),x0                               ; 027EF4
000B1F: mpy      x0,x0,a                                     ; 200080
000B20: move     y:>$4ff,y0                                  ; 4EF000 0004FF
000B22: mpy      y0,y0,b a,x0                                ; 21C498
000B23: move     y:(r7-$5d),y1                               ; 0B77C7 FFFFA3
000B25: move     b,x1                                        ; 21E500
000B26: mpy      x1,x0,a                                     ; 2000A0
000B27: move     #$10,r5                                     ; 351000
000B28: move     a,y:(r7-$5d)                                ; 0B778E FFFFA3
000B2A: sub      y1,a                                        ; 200074
000B2B: tfr      y1,b #$10,y0                                ; 261079
000B2C: tfr      y1,a a,x0                                   ; 21C471
000B2D: maci     #>$80000,x0,b                               ; 0141CA 080000
000B2F: do       #<$8,>$b33                                  ; 060880 000B32
000B31: mac      y0,x0,a a,y:(r5)+                           ; 5E5DD2
000B32: mac      y0,x0,b b,y:(r5)+                           ; 5F5DDA
000B33: move     #$20,r4                                     ; 342000
000B34: move     #$10,r5                                     ; 351000
000B35: move     #$0,r2                                      ; 320000
000B36: move     x:>$2c9,r3                                  ; 63F000 0002C9
000B38: move     x:>$ff,r1                                   ; 61F000 0000FF
000B3A: move     #>$ffffff,m2                                ; 05F422 FFFFFF
000B3C: move     m2,m4                                       ; 0464A2
000B3D: move     #$0,r6                                      ; 360000
000B3E: move     l:(r5)+,x                                   ; 42DD00
000B3F: mpy      x1,x0,a x:(r2)+,x1 y:(r4)+,y0               ; F49AA0
000B40: mpy      x1,x0,b y:(r4)+,y1                          ; 4FDCA8
000B41: do       #<$10,>$b49                                 ; 061080 000B48
000B43: mac      x0,y1,b                                     ; 2000CA
000B44: mac      y0,x0,a l:(r5)+,x                           ; 42DDD2
000B45: add      a,b b,x:(r1)+ b,y:(r6)+                     ; BF5918
000B46: asr      b a,x:(r1)+ a,y:(r6)+                       ; BA592A
000B47: mpy      x1,x0,a x:(r2)+,x1 y:(r4)+,y0               ; F49AA0
000B48: mpy      x1,x0,b b,x:(r3)+ y:(r4)+,y1                ; FD1BA8
000B49: move     r3,x:>$2c9                                  ; 637000 0002C9
000B4B: pflush                                               ; 000003
000B4C: jmp      func_000143                                 ; 0C0143
000B4D: nop                                                  ; 000000
000B4E: nop                                                  ; 000000
000B4F: nop                                                  ; 000000
000B50: nop                                                  ; 000000
000B51: nop                                                  ; 000000
000B52: nop                                                  ; 000000
000B53: nop                                                  ; 000000
000B54: nop                                                  ; 000000
000B55: nop                                                  ; 000000
000B56: nop                                                  ; 000000
000B57: nop                                                  ; 000000
000B58: nop                                                  ; 000000
000B59: nop                                                  ; 000000
000B5A: nop                                                  ; 000000
000B5B: nop                                                  ; 000000
000B5C: nop                                                  ; 000000
000B5D: nop                                                  ; 000000
000B5E: nop                                                  ; 000000
000B5F: nop                                                  ; 000000
000B60: nop                                                  ; 000000
000B61: nop                                                  ; 000000
000B62: nop                                                  ; 000000
000B63: nop                                                  ; 000000
000B64: nop                                                  ; 000000
000B65: nop                                                  ; 000000
000B66: nop                                                  ; 000000
000B67: nop                                                  ; 000000
000B68: nop                                                  ; 000000
000B69: nop                                                  ; 000000
000B6A: nop                                                  ; 000000
000B6B: nop                                                  ; 000000
000B6C: nop                                                  ; 000000
000B6D: nop                                                  ; 000000
000B6E: nop                                                  ; 000000
000B6F: nop                                                  ; 000000
000B70: nop                                                  ; 000000
000B71: nop                                                  ; 000000
000B72: nop                                                  ; 000000
000B73: nop                                                  ; 000000
000B74: nop                                                  ; 000000
000B75: nop                                                  ; 000000
000B76: nop                                                  ; 000000
000B77: nop                                                  ; 000000
000B78: nop                                                  ; 000000
000B79: nop                                                  ; 000000
000B7A: nop                                                  ; 000000
000B7B: nop                                                  ; 000000
000B7C: nop                                                  ; 000000
000B7D: nop                                                  ; 000000
000B7E: nop                                                  ; 000000
000B7F: nop                                                  ; 000000
000B80: nop                                                  ; 000000
000B81: nop                                                  ; 000000
000B82: nop                                                  ; 000000
000B83: nop                                                  ; 000000
000B84: nop                                                  ; 000000
000B85: nop                                                  ; 000000
000B86: nop                                                  ; 000000
000B87: nop                                                  ; 000000
000B88: nop                                                  ; 000000
000B89: nop                                                  ; 000000
000B8A: nop                                                  ; 000000
000B8B: nop                                                  ; 000000
000B8C: nop                                                  ; 000000
000B8D: nop                                                  ; 000000
000B8E: nop                                                  ; 000000
000B8F: nop                                                  ; 000000
000B90: nop                                                  ; 000000
000B91: nop                                                  ; 000000
000B92: nop                                                  ; 000000
000B93: nop                                                  ; 000000
000B94: nop                                                  ; 000000
000B95: nop                                                  ; 000000
000B96: nop                                                  ; 000000
000B97: nop                                                  ; 000000
000B98: nop                                                  ; 000000
000B99: nop                                                  ; 000000
000B9A: nop                                                  ; 000000
000B9B: nop                                                  ; 000000
000B9C: nop                                                  ; 000000
000B9D: nop                                                  ; 000000
000B9E: nop                                                  ; 000000
000B9F: nop                                                  ; 000000
000BA0: nop                                                  ; 000000
000BA1: nop                                                  ; 000000
000BA2: nop                                                  ; 000000
000BA3: nop                                                  ; 000000
000BA4: nop                                                  ; 000000
000BA5: nop                                                  ; 000000
000BA6: nop                                                  ; 000000
000BA7: nop                                                  ; 000000
000BA8: nop                                                  ; 000000
000BA9: nop                                                  ; 000000
000BAA: nop                                                  ; 000000
000BAB: nop                                                  ; 000000
000BAC: nop                                                  ; 000000
000BAD: nop                                                  ; 000000
000BAE: nop                                                  ; 000000
000BAF: nop                                                  ; 000000
000BB0: nop                                                  ; 000000
000BB1: nop                                                  ; 000000
000BB2: nop                                                  ; 000000
000BB3: nop                                                  ; 000000
000BB4: nop                                                  ; 000000
000BB5: nop                                                  ; 000000
000BB6: nop                                                  ; 000000
000BB7: nop                                                  ; 000000
000BB8: nop                                                  ; 000000
000BB9: nop                                                  ; 000000
000BBA: nop                                                  ; 000000
000BBB: nop                                                  ; 000000
000BBC: nop                                                  ; 000000
000BBD: nop                                                  ; 000000
000BBE: nop                                                  ; 000000
000BBF: nop                                                  ; 000000
000BC0: nop                                                  ; 000000
000BC1: nop                                                  ; 000000
000BC2: nop                                                  ; 000000
000BC3: nop                                                  ; 000000
000BC4: nop                                                  ; 000000
000BC5: nop                                                  ; 000000
000BC6: nop                                                  ; 000000
000BC7: nop                                                  ; 000000
000BC8: nop                                                  ; 000000
000BC9: nop                                                  ; 000000
000BCA: nop                                                  ; 000000
000BCB: nop                                                  ; 000000
000BCC: nop                                                  ; 000000
000BCD: nop                                                  ; 000000
000BCE: nop                                                  ; 000000
000BCF: nop                                                  ; 000000
000BD0: nop                                                  ; 000000
000BD1: nop                                                  ; 000000
000BD2: nop                                                  ; 000000
000BD3: nop                                                  ; 000000
000BD4: nop                                                  ; 000000
000BD5: nop                                                  ; 000000
000BD6: nop                                                  ; 000000
000BD7: nop                                                  ; 000000
000BD8: nop                                                  ; 000000
000BD9: nop                                                  ; 000000
000BDA: nop                                                  ; 000000
000BDB: nop                                                  ; 000000
000BDC: nop                                                  ; 000000
000BDD: nop                                                  ; 000000
000BDE: nop                                                  ; 000000
000BDF: nop                                                  ; 000000
000BE0: nop                                                  ; 000000
000BE1: nop                                                  ; 000000
000BE2: nop                                                  ; 000000
000BE3: nop                                                  ; 000000
000BE4: nop                                                  ; 000000
000BE5: nop                                                  ; 000000
000BE6: nop                                                  ; 000000
000BE7: nop                                                  ; 000000
000BE8: nop                                                  ; 000000
000BE9: nop                                                  ; 000000
000BEA: nop                                                  ; 000000
000BEB: nop                                                  ; 000000
000BEC: nop                                                  ; 000000
000BED: nop                                                  ; 000000
000BEE: nop                                                  ; 000000
000BEF: nop                                                  ; 000000
000BF0: nop                                                  ; 000000
000BF1: nop                                                  ; 000000
000BF2: nop                                                  ; 000000
000BF3: nop                                                  ; 000000
000BF4: nop                                                  ; 000000
000BF5: nop                                                  ; 000000
000BF6: nop                                                  ; 000000
000BF7: nop                                                  ; 000000
000BF8: nop                                                  ; 000000
000BF9: nop                                                  ; 000000
000BFA: nop                                                  ; 000000
000BFB: nop                                                  ; 000000
000BFC: nop                                                  ; 000000
000BFD: nop                                                  ; 000000
000BFE: nop                                                  ; 000000
000BFF: nop                                                  ; 000000
000C00: nop                                                  ; 000000
000C01: nop                                                  ; 000000
000C02: nop                                                  ; 000000
000C03: nop                                                  ; 000000
000C04: nop                                                  ; 000000
000C05: nop                                                  ; 000000
000C06: nop                                                  ; 000000
000C07: nop                                                  ; 000000
000C08: nop                                                  ; 000000
000C09: nop                                                  ; 000000
000C0A: nop                                                  ; 000000
000C0B: nop                                                  ; 000000
000C0C: nop                                                  ; 000000
000C0D: nop                                                  ; 000000
000C0E: nop                                                  ; 000000
000C0F: nop                                                  ; 000000
000C10: nop                                                  ; 000000
000C11: nop                                                  ; 000000
000C12: nop                                                  ; 000000
000C13: nop                                                  ; 000000
000C14: nop                                                  ; 000000
000C15: nop                                                  ; 000000
000C16: nop                                                  ; 000000
000C17: nop                                                  ; 000000
000C18: nop                                                  ; 000000
000C19: nop                                                  ; 000000
000C1A: nop                                                  ; 000000
000C1B: nop                                                  ; 000000
000C1C: nop                                                  ; 000000
000C1D: nop                                                  ; 000000
000C1E: nop                                                  ; 000000
000C1F: nop                                                  ; 000000
000C20: nop                                                  ; 000000
000C21: nop                                                  ; 000000
000C22: nop                                                  ; 000000
000C23: nop                                                  ; 000000
000C24: nop                                                  ; 000000
000C25: nop                                                  ; 000000
000C26: nop                                                  ; 000000
000C27: nop                                                  ; 000000
000C28: nop                                                  ; 000000
000C29: nop                                                  ; 000000
000C2A: nop                                                  ; 000000
000C2B: nop                                                  ; 000000
000C2C: nop                                                  ; 000000
000C2D: nop                                                  ; 000000
000C2E: nop                                                  ; 000000
000C2F: nop                                                  ; 000000
000C30: nop                                                  ; 000000
000C31: nop                                                  ; 000000
000C32: nop                                                  ; 000000
000C33: nop                                                  ; 000000
000C34: nop                                                  ; 000000
000C35: nop                                                  ; 000000
000C36: nop                                                  ; 000000
000C37: nop                                                  ; 000000
000C38: nop                                                  ; 000000
000C39: nop                                                  ; 000000
000C3A: nop                                                  ; 000000
000C3B: nop                                                  ; 000000
000C3C: nop                                                  ; 000000
000C3D: nop                                                  ; 000000
000C3E: nop                                                  ; 000000
000C3F: nop                                                  ; 000000
000C40: nop                                                  ; 000000
000C41: nop                                                  ; 000000
000C42: nop                                                  ; 000000
000C43: nop                                                  ; 000000
000C44: nop                                                  ; 000000
000C45: nop                                                  ; 000000
000C46: nop                                                  ; 000000
000C47: nop                                                  ; 000000
000C48: nop                                                  ; 000000
000C49: nop                                                  ; 000000
000C4A: nop                                                  ; 000000
000C4B: nop                                                  ; 000000
000C4C: nop                                                  ; 000000
000C4D: nop                                                  ; 000000
000C4E: nop                                                  ; 000000
000C4F: nop                                                  ; 000000
000C50: nop                                                  ; 000000
000C51: nop                                                  ; 000000
000C52: nop                                                  ; 000000
000C53: nop                                                  ; 000000
000C54: nop                                                  ; 000000
000C55: nop                                                  ; 000000
000C56: nop                                                  ; 000000
000C57: nop                                                  ; 000000
000C58: nop                                                  ; 000000
000C59: nop                                                  ; 000000
000C5A: nop                                                  ; 000000
000C5B: nop                                                  ; 000000
000C5C: nop                                                  ; 000000
000C5D: nop                                                  ; 000000
000C5E: nop                                                  ; 000000
000C5F: nop                                                  ; 000000
000C60: nop                                                  ; 000000
000C61: nop                                                  ; 000000
000C62: nop                                                  ; 000000
000C63: nop                                                  ; 000000
000C64: nop                                                  ; 000000
000C65: nop                                                  ; 000000
000C66: nop                                                  ; 000000
000C67: nop                                                  ; 000000
000C68: nop                                                  ; 000000
000C69: nop                                                  ; 000000
000C6A: nop                                                  ; 000000
000C6B: nop                                                  ; 000000
000C6C: nop                                                  ; 000000
000C6D: nop                                                  ; 000000
000C6E: nop                                                  ; 000000
000C6F: nop                                                  ; 000000
000C70: nop                                                  ; 000000
000C71: nop                                                  ; 000000
000C72: nop                                                  ; 000000
000C73: nop                                                  ; 000000
000C74: nop                                                  ; 000000
000C75: nop                                                  ; 000000
000C76: nop                                                  ; 000000
000C77: nop                                                  ; 000000
000C78: nop                                                  ; 000000
000C79: nop                                                  ; 000000
000C7A: nop                                                  ; 000000
000C7B: nop                                                  ; 000000
000C7C: nop                                                  ; 000000
000C7D: nop                                                  ; 000000
000C7E: nop                                                  ; 000000
000C7F: nop                                                  ; 000000
000C80: nop                                                  ; 000000
000C81: nop                                                  ; 000000
000C82: nop                                                  ; 000000
000C83: nop                                                  ; 000000
000C84: nop                                                  ; 000000
000C85: nop                                                  ; 000000
000C86: nop                                                  ; 000000
000C87: nop                                                  ; 000000
000C88: nop                                                  ; 000000
000C89: nop                                                  ; 000000
000C8A: nop                                                  ; 000000
000C8B: nop                                                  ; 000000
000C8C: nop                                                  ; 000000
000C8D: nop                                                  ; 000000
000C8E: nop                                                  ; 000000
000C8F: nop                                                  ; 000000
000C90: nop                                                  ; 000000
000C91: nop                                                  ; 000000
000C92: nop                                                  ; 000000
000C93: nop                                                  ; 000000
000C94: nop                                                  ; 000000
000C95: nop                                                  ; 000000
000C96: nop                                                  ; 000000
000C97: nop                                                  ; 000000
000C98: nop                                                  ; 000000
000C99: nop                                                  ; 000000
000C9A: nop                                                  ; 000000
000C9B: nop                                                  ; 000000
000C9C: nop                                                  ; 000000
000C9D: nop                                                  ; 000000
000C9E: nop                                                  ; 000000
000C9F: nop                                                  ; 000000
000CA0: nop                                                  ; 000000
000CA1: nop                                                  ; 000000
000CA2: nop                                                  ; 000000
000CA3: nop                                                  ; 000000
000CA4: nop                                                  ; 000000
000CA5: nop                                                  ; 000000
000CA6: nop                                                  ; 000000
000CA7: nop                                                  ; 000000
000CA8: nop                                                  ; 000000
000CA9: nop                                                  ; 000000
000CAA: nop                                                  ; 000000
000CAB: nop                                                  ; 000000
000CAC: nop                                                  ; 000000
000CAD: nop                                                  ; 000000
000CAE: nop                                                  ; 000000
000CAF: nop                                                  ; 000000
000CB0: nop                                                  ; 000000
000CB1: nop                                                  ; 000000
000CB2: nop                                                  ; 000000
000CB3: nop                                                  ; 000000
000CB4: nop                                                  ; 000000
000CB5: nop                                                  ; 000000
000CB6: nop                                                  ; 000000
000CB7: nop                                                  ; 000000
000CB8: nop                                                  ; 000000
000CB9: nop                                                  ; 000000
000CBA: nop                                                  ; 000000
000CBB: nop                                                  ; 000000
000CBC: nop                                                  ; 000000
000CBD: nop                                                  ; 000000
000CBE: nop                                                  ; 000000
000CBF: nop                                                  ; 000000
000CC0: nop                                                  ; 000000
000CC1: nop                                                  ; 000000
000CC2: nop                                                  ; 000000
000CC3: nop                                                  ; 000000
000CC4: nop                                                  ; 000000
000CC5: nop                                                  ; 000000
000CC6: nop                                                  ; 000000
000CC7: nop                                                  ; 000000
000CC8: nop                                                  ; 000000
000CC9: nop                                                  ; 000000
000CCA: nop                                                  ; 000000
000CCB: nop                                                  ; 000000
000CCC: nop                                                  ; 000000
000CCD: nop                                                  ; 000000
000CCE: nop                                                  ; 000000
000CCF: nop                                                  ; 000000
000CD0: nop                                                  ; 000000
000CD1: nop                                                  ; 000000
000CD2: nop                                                  ; 000000
000CD3: nop                                                  ; 000000
000CD4: nop                                                  ; 000000
000CD5: nop                                                  ; 000000
000CD6: nop                                                  ; 000000
000CD7: nop                                                  ; 000000
000CD8: nop                                                  ; 000000
000CD9: nop                                                  ; 000000
000CDA: nop                                                  ; 000000
000CDB: nop                                                  ; 000000
000CDC: nop                                                  ; 000000
000CDD: nop                                                  ; 000000
000CDE: nop                                                  ; 000000
000CDF: nop                                                  ; 000000
000CE0: nop                                                  ; 000000
000CE1: nop                                                  ; 000000
000CE2: nop                                                  ; 000000
000CE3: nop                                                  ; 000000
000CE4: nop                                                  ; 000000
000CE5: nop                                                  ; 000000
000CE6: nop                                                  ; 000000
000CE7: nop                                                  ; 000000
000CE8: nop                                                  ; 000000
000CE9: nop                                                  ; 000000
000CEA: nop                                                  ; 000000
000CEB: nop                                                  ; 000000
000CEC: nop                                                  ; 000000
000CED: nop                                                  ; 000000
000CEE: nop                                                  ; 000000
000CEF: nop                                                  ; 000000
000CF0: nop                                                  ; 000000
000CF1: nop                                                  ; 000000
000CF2: nop                                                  ; 000000
000CF3: nop                                                  ; 000000
000CF4: nop                                                  ; 000000
000CF5: nop                                                  ; 000000
000CF6: nop                                                  ; 000000
000CF7: nop                                                  ; 000000
000CF8: nop                                                  ; 000000
000CF9: nop                                                  ; 000000
000CFA: nop                                                  ; 000000
000CFB: nop                                                  ; 000000
000CFC: nop                                                  ; 000000
000CFD: nop                                                  ; 000000
000CFE: nop                                                  ; 000000
000CFF: nop                                                  ; 000000
000D00: nop                                                  ; 000000
000D01: nop                                                  ; 000000
000D02: nop                                                  ; 000000
000D03: nop                                                  ; 000000
000D04: nop                                                  ; 000000
000D05: nop                                                  ; 000000
000D06: nop                                                  ; 000000
000D07: nop                                                  ; 000000
000D08: nop                                                  ; 000000
000D09: nop                                                  ; 000000
000D0A: nop                                                  ; 000000
000D0B: nop                                                  ; 000000
000D0C: nop                                                  ; 000000
000D0D: nop                                                  ; 000000
000D0E: nop                                                  ; 000000
000D0F: nop                                                  ; 000000
000D10: nop                                                  ; 000000
000D11: nop                                                  ; 000000
000D12: nop                                                  ; 000000
000D13: nop                                                  ; 000000
000D14: nop                                                  ; 000000
000D15: nop                                                  ; 000000
000D16: nop                                                  ; 000000
000D17: nop                                                  ; 000000
000D18: nop                                                  ; 000000
000D19: nop                                                  ; 000000
000D1A: nop                                                  ; 000000
000D1B: nop                                                  ; 000000
000D1C: nop                                                  ; 000000
000D1D: nop                                                  ; 000000
000D1E: nop                                                  ; 000000
000D1F: nop                                                  ; 000000
000D20: nop                                                  ; 000000
000D21: nop                                                  ; 000000
000D22: nop                                                  ; 000000
000D23: nop                                                  ; 000000
000D24: nop                                                  ; 000000
000D25: nop                                                  ; 000000
000D26: nop                                                  ; 000000
000D27: nop                                                  ; 000000
000D28: nop                                                  ; 000000
000D29: nop                                                  ; 000000
000D2A: nop                                                  ; 000000
000D2B: nop                                                  ; 000000
000D2C: nop                                                  ; 000000
000D2D: nop                                                  ; 000000
000D2E: nop                                                  ; 000000
000D2F: nop                                                  ; 000000
000D30: nop                                                  ; 000000
000D31: nop                                                  ; 000000
000D32: nop                                                  ; 000000
000D33: nop                                                  ; 000000
000D34: nop                                                  ; 000000
000D35: nop                                                  ; 000000
000D36: nop                                                  ; 000000
000D37: nop                                                  ; 000000
000D38: nop                                                  ; 000000
000D39: nop                                                  ; 000000
000D3A: nop                                                  ; 000000
000D3B: nop                                                  ; 000000
000D3C: nop                                                  ; 000000
000D3D: nop                                                  ; 000000
000D3E: nop                                                  ; 000000
000D3F: nop                                                  ; 000000
000D40: nop                                                  ; 000000
000D41: nop                                                  ; 000000
000D42: nop                                                  ; 000000
000D43: nop                                                  ; 000000
000D44: nop                                                  ; 000000
000D45: nop                                                  ; 000000
000D46: nop                                                  ; 000000
000D47: nop                                                  ; 000000
000D48: nop                                                  ; 000000
000D49: nop                                                  ; 000000
000D4A: nop                                                  ; 000000
000D4B: nop                                                  ; 000000
000D4C: nop                                                  ; 000000
000D4D: nop                                                  ; 000000
000D4E: nop                                                  ; 000000
000D4F: nop                                                  ; 000000
000D50: nop                                                  ; 000000
000D51: nop                                                  ; 000000
000D52: nop                                                  ; 000000
000D53: nop                                                  ; 000000
000D54: nop                                                  ; 000000
000D55: nop                                                  ; 000000
000D56: nop                                                  ; 000000
000D57: nop                                                  ; 000000
000D58: nop                                                  ; 000000
000D59: nop                                                  ; 000000
000D5A: nop                                                  ; 000000
000D5B: nop                                                  ; 000000
000D5C: nop                                                  ; 000000
000D5D: nop                                                  ; 000000
000D5E: nop                                                  ; 000000
000D5F: nop                                                  ; 000000
000D60: nop                                                  ; 000000
000D61: nop                                                  ; 000000
000D62: nop                                                  ; 000000
000D63: nop                                                  ; 000000
000D64: nop                                                  ; 000000
000D65: nop                                                  ; 000000
000D66: nop                                                  ; 000000
000D67: nop                                                  ; 000000
000D68: nop                                                  ; 000000
000D69: nop                                                  ; 000000
000D6A: nop                                                  ; 000000
000D6B: nop                                                  ; 000000
000D6C: nop                                                  ; 000000
000D6D: nop                                                  ; 000000
000D6E: nop                                                  ; 000000
000D6F: nop                                                  ; 000000
000D70: nop                                                  ; 000000
000D71: nop                                                  ; 000000
000D72: nop                                                  ; 000000
000D73: nop                                                  ; 000000
144000: dc       $004341                                     ; 004341
144001: dc       $00439e                                     ; 00439E
144002: dc       $0043fc                                     ; 0043FC
144003: dc       $00445b                                     ; 00445B
144004: andi     #$44,omr                                    ; 0044BA
144005: dc       $00451a                                     ; 00451A
144006: dc       $00457a                                     ; 00457A
144007: dc       $0045da                                     ; 0045DA
144008: dc       $00463b                                     ; 00463B
144009: dc       $00469d                                     ; 00469D
14400A: dc       $0046ff                                     ; 0046FF
14400B: dc       $004762                                     ; 004762
14400C: dc       $0047c5                                     ; 0047C5
14400D: dc       $004829                                     ; 004829
14400E: dc       $00488d                                     ; 00488D
14400F: dc       $0048f2                                     ; 0048F2
144010: dc       $004957                                     ; 004957
144011: dc       $0049bd                                     ; 0049BD
144012: dc       $004a24                                     ; 004A24
144013: dc       $004a8b                                     ; 004A8B
144014: dc       $004af2                                     ; 004AF2
144015: dc       $004b5b                                     ; 004B5B
144016: dc       $004bc3                                     ; 004BC3
144017: dc       $004c2d                                     ; 004C2D
144018: dc       $004c97                                     ; 004C97
144019: dc       $004d01                                     ; 004D01
14401A: dc       $004d6c                                     ; 004D6C
14401B: dc       $004dd8                                     ; 004DD8
14401C: dc       $004e44                                     ; 004E44
14401D: dc       $004eb1                                     ; 004EB1
14401E: dc       $004f1e                                     ; 004F1E
14401F: dc       $004f8c                                     ; 004F8C
144020: ori      #$4f,eom                                    ; 004FFB
144021: dc       $00506a                                     ; 00506A
144022: dc       $0050da                                     ; 0050DA
144023: dc       $00514a                                     ; 00514A
144024: andi     #$51,eom                                    ; 0051BB
144025: dc       $00522d                                     ; 00522D
144026: dc       $00529f                                     ; 00529F
144027: dc       $005312                                     ; 005312
144028: dc       $005385                                     ; 005385
144029: ori      #$53,ccr                                    ; 0053F9
14402A: dc       $00546e                                     ; 00546E
14402B: dc       $0054e3                                     ; 0054E3
14402C: dc       $005559                                     ; 005559
14402D: dc       $0055d0                                     ; 0055D0
14402E: dc       $005647                                     ; 005647
14402F: dc       $0056bf                                     ; 0056BF
144030: dc       $005738                                     ; 005738
144031: dc       $0057b1                                     ; 0057B1
144032: dc       $00582b                                     ; 00582B
144033: dc       $0058a5                                     ; 0058A5
144034: dc       $005921                                     ; 005921
144035: dc       $00599d                                     ; 00599D
144036: dc       $005a19                                     ; 005A19
144037: dc       $005a96                                     ; 005A96
144038: dc       $005b14                                     ; 005B14
144039: dc       $005b93                                     ; 005B93
14403A: dc       $005c12                                     ; 005C12
14403B: dc       $005c92                                     ; 005C92
14403C: dc       $005d13                                     ; 005D13
14403D: dc       $005d94                                     ; 005D94
14403E: dc       $005e16                                     ; 005E16
14403F: dc       $005e99                                     ; 005E99
144040: dc       $005f1d                                     ; 005F1D
144041: dc       $005fa1                                     ; 005FA1
144042: dc       $006026                                     ; 006026
144043: dc       $0060ab                                     ; 0060AB
144044: dc       $006132                                     ; 006132
144045: andi     #$61,ccr                                    ; 0061B9
144046: dc       $006241                                     ; 006241
144047: dc       $0062c9                                     ; 0062C9
144048: dc       $006353                                     ; 006353
144049: dc       $0063dd                                     ; 0063DD
14404A: dc       $006467                                     ; 006467
14404B: dc       $0064f3                                     ; 0064F3
14404C: dc       $00657f                                     ; 00657F
14404D: dc       $00660c                                     ; 00660C
14404E: dc       $00669a                                     ; 00669A
14404F: dc       $006729                                     ; 006729
144050: andi     #$67,mr                                     ; 0067B8
144051: dc       $006848                                     ; 006848
144052: dc       $0068d9                                     ; 0068D9
144053: dc       $00696b                                     ; 00696B
144054: dc       $0069fe                                     ; 0069FE
144055: dc       $006a91                                     ; 006A91
144056: dc       $006b25                                     ; 006B25
144057: andi     #$6b,omr                                    ; 006BBA
144058: dc       $006c50                                     ; 006C50
144059: dc       $006ce6                                     ; 006CE6
14405A: dc       $006d7e                                     ; 006D7E
14405B: dc       $006e16                                     ; 006E16
14405C: dc       $006eaf                                     ; 006EAF
14405D: dc       $006f49                                     ; 006F49
14405E: dc       $006fe4                                     ; 006FE4
14405F: dc       $00707f                                     ; 00707F
144060: dc       $00711c                                     ; 00711C
144061: andi     #$71,ccr                                    ; 0071B9
144062: dc       $007257                                     ; 007257
144063: dc       $0072f6                                     ; 0072F6
144064: dc       $007396                                     ; 007396
144065: dc       $007436                                     ; 007436
144066: dc       $0074d8                                     ; 0074D8
144067: dc       $00757a                                     ; 00757A
144068: dc       $00761d                                     ; 00761D
144069: dc       $0076c2                                     ; 0076C2
14406A: dc       $007767                                     ; 007767
14406B: dc       $00780d                                     ; 00780D
14406C: dc       $0078b4                                     ; 0078B4
14406D: dc       $00795b                                     ; 00795B
14406E: dc       $007a04                                     ; 007A04
14406F: dc       $007aae                                     ; 007AAE
144070: dc       $007b58                                     ; 007B58
144071: dc       $007c04                                     ; 007C04
144072: dc       $007cb0                                     ; 007CB0
144073: dc       $007d5d                                     ; 007D5D
144074: dc       $007e0c                                     ; 007E0C
144075: andi     #$7e,eom                                    ; 007EBB
144076: dc       $007f6b                                     ; 007F6B
144077: movep    x:<<$ffff9c,p:(r0)-n0                       ; 00801C
144078: dc       $0080ce                                     ; 0080CE
144079: dc       $008181                                     ; 008181
14407A: movep    x:<<$ffffb5,p:(r2)-n2                       ; 008235
14407B: dc       $0082ea                                     ; 0082EA
14407C: dc       $0083a0                                     ; 0083A0
14407D: movep    y:<<$ffff97,p:(r4)-n4                       ; 008457
14407E: movep    x:<<$ffff8f,p:(r5)-n5                       ; 00850F
14407F: dc       $0085c8                                     ; 0085C8
144080: dc       $008682                                     ; 008682
144081: movep    x:<<$ffffbd,p:(r7)-n7                       ; 00873D
144082: ori      #$87,ccr                                    ; 0087F9
144083: dc       $0088b6                                     ; 0088B6
144084: movep    y:<<$ffffb4,p:(r1)+n1                       ; 008974
144085: movep    x:<<$ffffb3,p:(r2)+n2                       ; 008A33
144086: dc       $008af3                                     ; 008AF3
144087: dc       $008bb5                                     ; 008BB5
144088: movep    y:<<$ffffb7,p:(r4)+n4                       ; 008C77
144089: movep    x:<<$ffffba,p:(r5)+n5                       ; 008D3A
14408A: dc       $008dfe                                     ; 008DFE
14408B: dc       $008ec4                                     ; 008EC4
14408C: dc       $008f8a                                     ; 008F8A
14408D: movep    y:<<$ffff92,p:(r0)-                         ; 009052
14408E: movep    x:<<$ffff9a,p:(r1)-                         ; 00911A
14408F: dc       $0091e4                                     ; 0091E4
144090: dc       $0092af                                     ; 0092AF
144091: movep    y:<<$ffffbb,p:(r3)-                         ; 00937B
144092: movep    y:<<$ffff88,p:(r4)-                         ; 009448
144093: movep    x:<<$ffff96,p:(r5)-                         ; 009516
144094: dc       $0095e5                                     ; 0095E5
144095: dc       $0096b5                                     ; 0096B5
144096: dc       $009787                                     ; 009787
144097: movep    y:<<$ffff9a,p:(r0)+                         ; 00985A
144098: movep    x:<<$ffffad,p:(r1)+                         ; 00992D
144099: movep    x:<<$ffff82,p:(r2)+                         ; 009A02
14409A: dc       $009ad8                                     ; 009AD8
14409B: dc       $009bb0                                     ; 009BB0
14409C: dc       $009c88                                     ; 009C88
14409D: movep    y:<<$ffffa2,p:(r5)+                         ; 009D62
14409E: movep    x:<<$ffffbc,p:(r6)+                         ; 009E3C
14409F: movep    x:<<$ffff98,p:(r7)+                         ; 009F18
1440A0: dc       $009ff5                                     ; 009FF5
1440A1: dc       $00a0d4                                     ; 00A0D4
1440A2: dc       $00a1b3                                     ; 00A1B3
1440A3: dc       $00a294                                     ; 00A294
1440A4: movep    y:<<$ffffb6,p:(r3)                          ; 00A376
1440A5: movep    y:<<$ffff99,p:(r4)                          ; 00A459
1440A6: movep    x:<<$ffffbe,p:(r5)                          ; 00A53E
1440A7: movep    x:<<$ffffa4,p:(r6)                          ; 00A624
1440A8: movep    x:<<$ffff8a,p:(r7)                          ; 00A70A
1440A9: dc       $00a7f3                                     ; 00A7F3
1440AA: dc       $00a8dc                                     ; 00A8DC
1440AB: dc       $00a9c7                                     ; 00A9C7
1440AC: dc       $00aab3                                     ; 00AAB3
1440AD: dc       $00aba0                                     ; 00ABA0
1440AE: dc       $00ac8f                                     ; 00AC8F
1440AF: movep    y:<<$ffffbf,p:(r5+n5)                       ; 00AD7F
1440B0: movep    y:<<$ffffb0,p:(r6+n6)                       ; 00AE70
1440B1: movep    y:<<$ffffa2,p:(r7+n7)                       ; 00AF62
1440B2: movep    y:<<$ffff96,p:>$b14b                        ; 00B056 00B14B
1440B4: dc       $00b242                                     ; 00B242
1440B5: dc       $00b339                                     ; 00B339
1440B6: dc       $00b433                                     ; 00B433
1440B7: dc       $00b52d                                     ; 00B52D
1440B8: dc       $00b629                                     ; 00B629
1440B9: dc       $00b726                                     ; 00B726
1440BA: movep    x:<<$ffffa5,p:-(r0)                         ; 00B825
1440BB: movep    x:<<$ffffa5,p:-(r1)                         ; 00B925
1440BC: movep    x:<<$ffffa6,p:-(r2)                         ; 00BA26
1440BD: movep    x:<<$ffffa9,p:-(r3)                         ; 00BB29
1440BE: movep    x:<<$ffffad,p:-(r4)                         ; 00BC2D
1440BF: movep    x:<<$ffffb3,p:-(r5)                         ; 00BD33
1440C0: movep    x:<<$ffffba,p:-(r6)                         ; 00BE3A
1440C1: movep    y:<<$ffff82,p:-(r7)                         ; 00BF42
1440C2: movep    p:(r0)-n0,y:<<$ffff8c                       ; 00C04C
1440C3: movep    p:(r1)-n1,y:<<$ffff97                       ; 00C157
1440C4: movep    p:(r2)-n2,y:<<$ffffa4                       ; 00C264
1440C5: movep    p:(r3)-n3,y:<<$ffffb2                       ; 00C372
1440C6: dc       $00c482                                     ; 00C482
1440C7: dc       $00c593                                     ; 00C593
1440C8: dc       $00c6a6                                     ; 00C6A6
1440C9: andi     #$c7,omr                                    ; 00C7BA
1440CA: dc       $00c8cf                                     ; 00C8CF
1440CB: dc       $00c9e7                                     ; 00C9E7
1440CC: dc       $00caff                                     ; 00CAFF
1440CD: movep    p:(r4)+n4,x:<<$ffff99                       ; 00CC19
1440CE: movep    p:(r5)+n5,x:<<$ffffb5                       ; 00CD35
1440CF: movep    p:(r6)+n6,y:<<$ffff92                       ; 00CE52
1440D0: movep    p:(r7)+n7,y:<<$ffffb1                       ; 00CF71
1440D1: dc       $00d092                                     ; 00D092
1440D2: dc       $00d1b3                                     ; 00D1B3
1440D3: dc       $00d2d7                                     ; 00D2D7
1440D4: dc       $00d3fc                                     ; 00D3FC
1440D5: movep    p:(r5)-,x:<<$ffffa3                         ; 00D523
1440D6: movep    p:(r6)-,y:<<$ffff8b                         ; 00D64B
1440D7: movep    p:(r7)-,y:<<$ffffb5                         ; 00D775
1440D8: dc       $00d8a0                                     ; 00D8A0
1440D9: dc       $00d9ce                                     ; 00D9CE
1440DA: dc       $00dafc                                     ; 00DAFC
1440DB: movep    p:(r4)+,x:<<$ffffad                         ; 00DC2D
1440DC: movep    p:(r5)+,y:<<$ffff9f                         ; 00DD5F
1440DD: dc       $00de92                                     ; 00DE92
1440DE: dc       $00dfc8                                     ; 00DFC8
1440DF: dc       $00e0ff                                     ; 00E0FF
1440E0: movep    p:(r2),x:<<$ffffb8                          ; 00E238
1440E1: movep    p:(r3),y:<<$ffffb2                          ; 00E372
1440E2: dc       $00e4ae                                     ; 00E4AE
1440E3: dc       $00e5ec                                     ; 00E5EC
1440E4: movep    p:(r7),x:<<$ffffac                          ; 00E72C
1440E5: movep    p:(r0+n0),y:<<$ffffad                       ; 00E86D
1440E6: dc       $00e9b0                                     ; 00E9B0
1440E7: dc       $00eaf5                                     ; 00EAF5
1440E8: movep    p:(r4+n4),x:<<$ffffbc                       ; 00EC3C
1440E9: dc       $00ed84                                     ; 00ED84
1440EA: dc       $00eece                                     ; 00EECE
1440EB: movep    p:>$f168,x:<<$ffff9a                        ; 00F01A 00F168
1440ED: andi     #$f2,mr                                     ; 00F2B8
1440EE: movep    #>$f55c,x:<<$ffff89                         ; 00F409 00F55C
1440F0: dc       $00f6b1                                     ; 00F6B1
1440F1: movep    p:-(r0),x:<<$ffff88                         ; 00F808
1440F2: movep    p:-(r1),y:<<$ffffa1                         ; 00F961
1440F3: dc       $00fabc                                     ; 00FABC
1440F4: movep    p:-(r4),x:<<$ffff98                         ; 00FC18
1440F5: movep    p:-(r5),y:<<$ffffb7                         ; 00FD77
1440F6: dc       $00fed7                                     ; 00FED7
1440F7: dc       $010039                                     ; 010039
1440F8: dc       $01019e                                     ; 01019E
1440F9: bclr     #$4,x:<<$ffff83                             ; 010304
1440FA: bset     #$c,y:<<$ffff84                             ; 01046C
1440FB: mac      -x0,#$5,a                                   ; 0105D6
1440FC: bclr     #$2,y:<<$ffff87                             ; 010742
1440FD: dc       $0108b0                                     ; 0108B0
1440FE: bset     #$0,x:<<$ffff8a                             ; 010A20
1440FF: dc       $010b92                                     ; 010B92
144100: bclr     #$5,x:<<$ffff8d                             ; 010D05
144101: dc       $010e7b                                     ; 010E7B
144102: macr     x1,#$f,a                                    ; 010FF3
144103: bset     #$e,y:<<$ffff91                             ; 01116E
144104: mac      y0,#$12,b                                   ; 0112EA
144105: bset     #$8,y:<<$ffff94                             ; 011468
144106: mpy      y0,#$15,b                                   ; 0115E8
144107: bset     #$a,y:<<$ffff97                             ; 01176A
144108: macr     -y0,#$18,b                                  ; 0118EF
144109: bset     #$15,y:<<$ffff9a                            ; 011A75
14410A: mac      -x1,#$1b,b                                  ; 011BFE
14410B: dc       $011d89                                     ; 011D89
14410C: bclr     #$16,x:<<$ffff9f                            ; 011F16
14410D: dc       $0120a5                                     ; 0120A5
14410E: bset     #$16,x:<<$ffffa2                            ; 012236
14410F: dc       $0123c9                                     ; 0123C9
144110: dc       $01255f                                     ; 01255F
144111: macuu    -y1,x1,b                                    ; 0126F7
144112: dc       $012891                                     ; 012891
144113: bset     #$d,x:<<$ffffaa                             ; 012A2D
144114: dc       $012bcc                                     ; 012BCC
144115: bset     #$c,y:<<$ffffad                             ; 012D6C
144116: bclr     #$f,x:<<$ffffaf                             ; 012F0F
144117: dc       $0130b5                                     ; 0130B5
144118: dc       $01325c                                     ; 01325C
144119: bclr     #$6,x:<<$ffffb4                             ; 013406
14411A: dc       $0135b2                                     ; 0135B2
14411B: bset     #$1,y:<<$ffffb7                             ; 013761
14411C: bclr     #$12,x:<<$ffffb9                            ; 013912
14411D: dc       $013ac5                                     ; 013AC5
14411E: dc       $013c7b                                     ; 013C7B
14411F: bset     #$13,x:<<$ffffbe                            ; 013E33
144120: dc       $013fed                                     ; 013FED
144121: or       #<$1,b                                      ; 0141AA
144122: btst     #$9,y:<<$ffff83                             ; 014369
144123: btst     #$a,x:<<$ffff85                             ; 01452A
144124: and      #>$148b5,b                                  ; 0146EE 0148B5
144126: dc       $014a7e                                     ; 014A7E
144127: bchg     #$9,y:<<$ffff8c                             ; 014C49
144128: bchg     #$17,x:<<$ffff8e                            ; 014E17
144129: mpyi     #>$151bb,x1,b                               ; 014FE8 0151BB
14412B: add      #<$13,a                                     ; 015390
14412C: btst     #$8,y:<<$ffff95                             ; 015568
14412D: bchg     #$3,y:<<$ffff97                             ; 015743
14412E: btst     #$0,x:<<$ffff99                             ; 015920
14412F: bchg     #$0,x:<<$ffff9b                             ; 015B00
144130: or       #>$15ec7,a                                  ; 015CE2 015EC7
144132: dc       $0160af                                     ; 0160AF
144133: dc       $016299                                     ; 016299
144134: and      #<$24,a                                     ; 016486
144135: btst     #$16,y:<<$ffffa6                            ; 016676
144136: btst     #$8,y:<<$ffffa8                             ; 016868
144137: dc       $016a5d                                     ; 016A5D
144138: bchg     #$15,y:<<$ffffac                            ; 016C55
144139: bchg     #$f,y:<<$ffffae                             ; 016E4F
14413A: bchg     #$c,y:<<$ffffb0                             ; 01704C
14413B: bchg     #$c,y:<<$ffffb2                             ; 01724C
14413C: bchg     #$f,y:<<$ffffb4                             ; 01744F
14413D: bchg     #$15,y:<<$ffffb6                            ; 017655
14413E: dc       $01785d                                     ; 01785D
14413F: btst     #$8,y:<<$ffffba                             ; 017A68
144140: btst     #$16,y:<<$ffffbc                            ; 017C76
144141: dc       $017e87                                     ; 017E87
144142: dc       $01809b                                     ; 01809B
144143: jset     #$12,x:<<$ffff82,func_0184cb                ; 0182B2 0184CB
144145: jset     #$8,y:<<$ffff86,func_018907                 ; 0186E8 018907
144147: dc       $018b2a                                     ; 018B2A
144148: div      x0,b                                        ; 018D4F
144149: div      y1,a                                        ; 018F77
14414A: jset     #$3,x:<<$ffff91,func_0193d1                 ; 0191A3 0193D1
14414C: dc       $019602                                     ; 019602
14414D: dc       $019837                                     ; 019837
14414E: div      x1,b                                        ; 019A6E
14414F: jset     #$9,x:<<$ffff9c,func_019ee7                 ; 019CA9 019EE7
144151: dc       $01a127                                     ; 01A127
144152: div      x1,b                                        ; 01A36B
144153: jset     #$12,x:<<$ffffa5,func_01a7fd                ; 01A5B2 01A7FD
144155: div      x0,b                                        ; 01AA4A
144156: dc       $01ac9b                                     ; 01AC9B
144157: jset     #$f,y:<<$ffffae,func_01b146                 ; 01AEEF 01B146
144159: jset     #$0,x:<<$ffffb3,func_01b5fe                 ; 01B3A0 01B5FE
14415B: div      y0,b                                        ; 01B85E
14415C: jclr     #$3,y:<<$ffffba,func_01bd2a                 ; 01BAC3 01BD2A
14415E: jclr     #$15,x:<<$ffffbf,func_01c203                ; 01BF95 01C203
144160: dc       $01c475                                     ; 01C475
144161: jsset    #$a,y:<<$ffff86,func_01c962                 ; 01C6EA 01C962
144163: dc       $01cbde                                     ; 01CBDE
144164: dc       $01ce5e                                     ; 01CE5E
144165: jsset    #$0,y:<<$ffff90,func_01d367                 ; 01D0E0 01D367
144167: jsset    #$11,y:<<$ffff95,func_01d87e                ; 01D5F1 01D87E
144169: dc       $01db0f                                     ; 01DB0F
14416A: jsset    #$3,x:<<$ffff9d,func_01e03b                 ; 01DDA3 01E03B
14416C: jsclr    #$17,y:<<$ffffa2,func_01e576                ; 01E2D7 01E576
14416E: dc       $01e819                                     ; 01E819
14416F: jsclr    #$0,y:<<$ffffaa,func_01ed6a                 ; 01EAC0 01ED6A
144171: dc       $01f018                                     ; 01F018
144172: jsclr    #$a,y:<<$ffffb2,func_01f57f                 ; 01F2CA 01F57F
144174: dc       $01f838                                     ; 01F838
144175: jsset    #$15,y:<<$ffffba,func_01fdb6                ; 01FAF5 01FDB6
144177: tcc      y1,b                                        ; 02007B
144178: tcc      x0,a                                        ; 020343
144179: dc       $020610                                     ; 020610
14417A: dc       $0208e0                                     ; 0208E0
14417B: move     y:(r3+$2),x0                                ; 020BB4
14417C: move     a1,x:(r6+$2)                                ; 020E8C
14417D: tge      x1,b                                        ; 021168
14417E: tge      x0,b                                        ; 021448
14417F: dc       $02172c                                     ; 02172C
144180: tge      r2,r4                                       ; 021A14
144181: tge      r5,r0                                       ; 021D00
144182: dc       $021ff1                                     ; 021FF1
144183: move     x1,y:(r2+$9)                                ; 0222E5
144184: move     x:(r5+$9),b1                                ; 0225DD
144185: move     x:(r0+$b),a2                                ; 0228DA
144186: move     x:(r3+$b),a2                                ; 022BDA
144187: move     x:(r6+$b),b                                 ; 022EDF
144188: move     a0,y:(r1+$d)                                ; 0231E8
144189: move     y:(r4+$d),x1                                ; 0234F5
14418A: tpl      r0,r7                                       ; 023807
14418B: tpl      r3,r5                                       ; 023B1D
14418C: tpl      r6,r7                                       ; 023E37
14418D: tnn      y0,a                                        ; 024155
14418E: tnn      y1,b                                        ; 024478
14418F: move     x:(r7+$10),b                                ; 02479F
144190: move     a2,x:(r2+$13)                               ; 024ACA
144191: move     y:(r5+$13),a2                               ; 024DFA
144192: dc       $02512e                                     ; 02512E
144193: tec      x1,a                                        ; 025467
144194: move     x0,y:(r7+$14)                               ; 0257A4
144195: move     y0,y:(r2+$17)                               ; 025AE6
144196: tec      r6,r4                                       ; 025E2C
144197: tlc      y1,a                                        ; 026177
144198: move     y0,x:(r4+$19)                               ; 0264C6
144199: tlc      r0,r2                                       ; 02681A
14419A: tlc      r3,r3                                       ; 026B73
14419B: dc       $026ed0                                     ; 026ED0
14419C: dc       $027232                                     ; 027232
14419D: move     x:(r5+$1c),b0                               ; 027599
14419E: tgt      r1,r4                                       ; 027904
14419F: tgt      r4,r4                                       ; 027C74
1441A0: move     b0,y:(r7+$1f)                               ; 027FE9
1441A1: tcs      x1,a                                        ; 028363
1441A2: dc       $0286e2                                     ; 0286E2
1441A3: tcs      r2,r5                                       ; 028A65
1441A4: move     b1,y:(r5+$23)                               ; 028DED
1441A5: tlt      y1,b                                        ; 02917B
1441A6: tlt      a,b                                         ; 02950D
1441A7: move     x0,y:(r0+$26)                               ; 0298A4
1441A8: tlt      r4,r0                                       ; 029C40
1441A9: dc       $029fe1                                     ; 029FE1
1441AA: move     y1,x:(r3+$28)                               ; 02A387
1441AB: dc       $02a733                                     ; 02A733
1441AC: dc       $02aae3                                     ; 02AAE3
1441AD: move     x:(r6+$2a),b0                               ; 02AE99
1441AE: tmi      y0,a                                        ; 02B253
1441AF: dc       $02b613                                     ; 02B613
1441B0: move     x:(r1+$2f),a0                               ; 02B9D8
1441B1: dc       $02bda3                                     ; 02BDA3
1441B2: tnr      y1,a                                        ; 02C172
1441B3: tnr      x0,a                                        ; 02C547
1441B4: tnr      r1,r1                                       ; 02C921
1441B5: tnr      r5,r1                                       ; 02CD01
1441B6: move     y0,y:(r0+$35)                               ; 02D0E6
1441B7: dc       $02d4d0                                     ; 02D4D0
1441B8: dc       $02d8c0                                     ; 02D8C0
1441B9: move     y:(r4+$36),y0                               ; 02DCB6
1441BA: dc       $02e0b1                                     ; 02E0B1
1441BB: dc       $02e4b1                                     ; 02E4B1
1441BC: move     y:(r0+$3a),y1                               ; 02E8B7
1441BD: dc       $02ecc2                                     ; 02ECC2
1441BE: move     x:(r0+$3d),x0                               ; 02F0D4
1441BF: move     a2,y:(r4+$3d)                               ; 02F4EA
1441C0: tle      r1,r7                                       ; 02F907
1441C1: tle      r5,r1                                       ; 02FD29
1441C2: tcc      y0,a r1,r1                                  ; 030151
1441C3: tcc      y1,b r5,r7                                  ; 03057F
1441C4: dc       $0309b3                                     ; 0309B3
1441C5: move     a1,y:(r5-$3d)                               ; 030DEC
1441C6: dc       $03122b                                     ; 03122B
1441C7: tge      y1,a r6,r1                                  ; 031671
1441C8: move     y:(r2-$3a),a1                               ; 031ABC
1441C9: tge      a,b r7,r5                                   ; 031F0D
1441CA: tne      x1,a r3,r4                                  ; 032364
1441CB: dc       $0327c1                                     ; 0327C1
1441CC: dc       $032c25                                     ; 032C25
1441CD: move     a,x:(r0-$34)                                ; 03308E
1441CE: move     y:(r4-$33),a                                ; 0334FE
1441CF: tpl      y1,a r1,r3                                  ; 033973
1441D0: move     b,y:(r5-$31)                                ; 033DEF
1441D1: tnn      y1,a r2,r1                                  ; 034271
1441D2: move     y:(r6-$2f),a2                               ; 0346FA
1441D3: move     a0,x:(r3-$2e)                               ; 034B88
1441D4: dc       $03501e                                     ; 03501E
1441D5: move     y:(r4-$2c),b0                               ; 0354B9
1441D6: tec      y0,b r1,r3                                  ; 03595B
1441D7: tec      b,a r6,r3                                   ; 035E03
1441D8: dc       $0362b2                                     ; 0362B2
1441D9: tlc      x1,a r7,r7                                  ; 036767
1441DA: dc       $036c23                                     ; 036C23
1441DB: move     y0,y:(r0-$23)                               ; 0370E6
1441DC: move     b,y:(r5-$24)                                ; 0375AF
1441DD: tgt      y1,b r2,r7                                  ; 037A7F
1441DE: tgt      y0,a r7,r5                                  ; 037F55
1441DF: dc       $038432                                     ; 038432
1441E0: dc       $038916                                     ; 038916
1441E1: tcs      b,a r6,r1                                   ; 038E01
1441E2: dc       $0392f2                                     ; 0392F2
1441E3: move     b2,y:(r7-$1b)                               ; 0397EB
1441E4: move     a2,y:(r4-$19)                               ; 039CEA
1441E5: dc       $03a1f1                                     ; 03A1F1
1441E6: move     y:(r6-$17),a                                ; 03A6FE
1441E7: dc       $03ac13                                     ; 03AC13
1441E8: dc       $03b12e                                     ; 03B12E
1441E9: tmi      y0,a r6,r1                                  ; 03B651
1441EA: tmi      y1,b r3,r2                                  ; 03BB7A
1441EB: move     b2,y:(r0-$10)                               ; 03C0AB
1441EC: dc       $03c5e3                                     ; 03C5E3
1441ED: dc       $03cb23                                     ; 03CB23
1441EE: tes      x1,b r0,r2                                  ; 03D06A
1441EF: move     y:(r5-$c),a0                                ; 03D5B8
1441F0: tes      a,b r3,r5                                   ; 03DB0D
1441F1: tls      x1,b r0,r2                                  ; 03E06A
1441F2: move     a,x:(r5-$7)                                 ; 03E5CE
1441F3: dc       $03eb3a                                     ; 03EB3A
1441F4: move     a,y:(r0-$4)                                 ; 03F0AE
1441F5: dc       $03f629                                     ; 03F629
1441F6: move     b2,y:(r3-$2)                                ; 03FBAB
1441F7: lua      (r1+$3),r6                                  ; 040136
1441F8: lua      (r6+$c),n0                                  ; 0406C8
1441F9: lua      (r4+$16),r1                                 ; 040C61
1441FA: lua      (r2+$20),r3                                 ; 041203
1441FB: lua      (r7+$2a),n4                                 ; 0417AC
1441FC: lua      (r5+$35),n6                                 ; 041D5E
1441FD: lua      (r3-$3f),r7                                 ; 042317
1441FE: lua      (r0-$23),n0                                 ; 0428D8
1441FF: lua      (r6-$26),r2                                 ; 042EA2
144200: lua      (r4-$19),r3                                 ; 043473
144201: lua      (r2-$c),n4                                  ; 043A4C
144202: dc       $04402e                                     ; 04402E
144203: lua      (r6)-n6,n0                                  ; 044618
144204: lua      (r4)+n4,a2                                  ; 044C0A
144205: lua      (r2)-,x0                                    ; 045204
144206: lua      (r0)+,y0                                    ; 045806
144207: lua      (r6)+,r1                                    ; 045E11
144208: movep    y:<<$ffff85,m4                              ; 046425
144209: lra      >*+$47065,x1                                ; 046A41 047065
14420B: dc       $047692                                     ; 047692
14420C: movep    x:<<$ffffa7,ssh                             ; 047CC7
14420D: brclr    #$6,x:<<$ffff83,func_18cb5a                 ; 048306 04894D
14420F: dc       $048f9c                                     ; 048F9C
144210: bsset    #$15,y:<<$ffff95,func_18de66                ; 0495F5 049C56
144212: bsclr    #$0,y:<<$ffffa2,func_18eb45                 ; 04A2C0 04A933
144214: bsset    #$f,x:<<$ffffaf,func_18f848                 ; 04AFAF 04B634
144216: bsclr    #$3,y:<<$ffffbc,func_190570                 ; 04BCC3 04C35A
144218: move     b0,omr                                      ; 04C9FA
144219: move     r0,m4                                       ; 04D0A4
14421A: dc       $04d757                                     ; 04D757
14421B: dc       $04de14                                     ; 04DE14
14421C: movep    m4,x:<<$ffffb9                              ; 04E4D9
14421D: dc       $04eba9                                     ; 04EBA9
14421E: dc       $04f281                                     ; 04F281
14421F: movep    sr,y:<<$ffffa4                              ; 04F964
144220: bscc     func_144250                                 ; 050050
144221: bcc      func_1441c6                                 ; 050745
144222: bra      func_144146                                 ; 050E44
144223: bge      func_1442d0                                 ; 05154D
144224: move     m0,y:$1c                                    ; 051C60
144225: move     ssl,y:$23                                   ; 05237D
144226: move     #$2a,m3                                     ; 052AA3
144227: bspl     func_14431b                                 ; 0531D4
144228: dc       $05390f                                     ; 05390F
144229: bsnn     func_14425c                                 ; 054053
14422A: move     #$47,m2                                     ; 0547A2
14422B: dc       $054efb                                     ; 054EFB
14422C: bec      func_14416a                                 ; 05565E
14422D: dc       $055dcc                                     ; 055DCC
14422E: blc      func_1442d2                                 ; 056544
14422F: dc       $056cc6                                     ; 056CC6
144230: bgt      func_144263                                 ; 057453
144231: dc       $057bea                                     ; 057BEA
144232: bscs     func_1441fe                                 ; 05838C
144233: move     x:$b,sr                                     ; 058B39
144234: dc       $0592f0                                     ; 0592F0
144235: dc       $059ab2                                     ; 059AB2
144236: move     y:$22,lc                                    ; 05A27F
144237: dc       $05aa57                                     ; 05AA57
144238: move     x:$32,sr                                    ; 05B239
144239: move     x:$3a,m7                                    ; 05BA27
14423A: move     x:(r2)-n2,m0                                ; 05C220
14423B: move     x:(r2)+n2,m4                                ; 05CA24
14423C: dc       $05d233                                     ; 05D233
14423D: dc       $05da4d                                     ; 05DA4D
14423E: dc       $05e273                                     ; 05E273
14423F: move     #$ea,m4                                     ; 05EAA4
144240: dc       $05f2e0                                     ; 05F2E0
144241: dc       $05fb28                                     ; 05FB28
144242: dc       $06037c                                     ; 06037C
144243: dc       $060bdb                                     ; 060BDB
144244: dc       $061446                                     ; 061446
144245: rep      #<$c1c                                      ; 061CBC
144246: dc       $06253f                                     ; 06253F
144247: dc       $062dcd                                     ; 062DCD
144248: dc       $063667                                     ; 063667
144249: dc       $063f0d                                     ; 063F0D
14424A: dc       $0647c0                                     ; 0647C0
14424B: dc       $06507e                                     ; 06507E
14424C: dc       $065949                                     ; 065949
14424D: rep      x:(r2)                                      ; 066220
14424E: dc       $066b03                                     ; 066B03
14424F: rep      #<$373                                      ; 0673F3
144250: rep      #<$f7c                                      ; 067CEF
144251: rep      #<$885                                      ; 0685F8
144252: dc       $068f0d                                     ; 068F0D
144253: dc       $06982f                                     ; 06982F
144254: dc       $06a15e                                     ; 06A15E
144255: dor      #<$aaa,>*+$6b3e4                            ; 06AA9A 06B3E3
144257: dc       $06bd38                                     ; 06BD38
144258: dor      #<$bc6,>*+$6d00b                            ; 06C69B 06D00A
14425A: do       #<$7d9,>$6e313                              ; 06D987 06E312
14425C: rep      #<$9ec                                      ; 06ECA9
14425D: dc       $06f64e                                     ; 06F64E
14425E: dc       $070000                                     ; 070000
14425F: movep    y:<<$ffff80,y:(r1)+n1                       ; 0709C0
144260: movep    y:<<$ffff8e,x:(r3)-                         ; 07138E
144261: dc       $071d69                                     ; 071D69
144262: dc       $072752                                     ; 072752
144263: dc       $073149                                     ; 073149
144264: dc       $073b4e                                     ; 073B4E
144265: movep    x:<<$ffffa1,y:(r5)-n5                       ; 074561
144266: dc       $074f82                                     ; 074F82
144267: dc       $0759b2                                     ; 0759B2
144268: dc       $0763ef                                     ; 0763EF
144269: movep    x:<<$ffffbb,x:(r6+n6)                       ; 076E3B
14426A: move     r5,p:-(r0)                                  ; 077895
14426B: movep    y:(r2)-n2,y:<<$ffffbe                       ; 0782FE
14426C: dc       $078d75                                     ; 078D75
14426D: movep    y:(r7)-,y:<<$ffffbb                         ; 0797FB
14426E: movep    x:(r2),y:<<$ffff8f                          ; 07A28F
14426F: dc       $07ad33                                     ; 07AD33
144270: dc       $07b7e5                                     ; 07B7E5
144271: move     p:(r2)-n2,m6                                ; 07C2A6
144272: movep    y:(r5)+n5,x:<<$ffffb7                       ; 07CD77
144273: movep    y:(r0)+,x:<<$ffff96                         ; 07D856
144274: movep    y:(r3),x:<<$ffff85                          ; 07E345
144275: movep    y:(r6+n6),x:<<$ffff83                       ; 07EE43
144276: movep    y:-(r1),x:<<$ffff91                         ; 07F951
144277: and      x1,b            a,x:(r4)-n4     x0,a        ; 08046E
144278: mac      y0,y0,b         a,x:(r7)+n7     x0,a        ; 080F9A
144279: mac      -y0,x0,a        a,x:(r2)+       x0,a        ; 081AD6
14427A: asr      a               a,x:(r6)        x0,a        ; 082622
14427B: dc       $08317e                                     ; 08317E
14427C: mpyr     x1,y0,b         a,x:-(r4)       x0,a        ; 083CE9
14427D: movep    x:<<$ffffe5,p:(r0)+n0                       ; 084865
14427E: movep    x:<<$fffff1,y:(r3)-                         ; 0853F1
14427F: movep    x:<<$ffffcd,x:(r7)+                         ; 085F8D
144280: dc       $086b39                                     ; 086B39
144281: dc       $0876f6                                     ; 0876F6
144282: macr     x0,y1,a         y0,a            a,y:(r2)-n2 ; 0882C3
144283: mpy      x1,x0,a         y0,a            a,y:(r6)+n6 ; 088EA0
144284: mac      -x0,x0,b        y0,a            a,y:(r2)+   ; 089A8E
144285: mpyr     -x0,x0,b        y0,a            a,y:(r6)    ; 08A68D
144286: dc       $08b29d                                     ; 08B29D
144287: mac      -y1,y0,b        y0,a            a,y:-(r6)   ; 08BEBE
144288: movep    y:(r2)+n2,x:<<$fffff0                       ; 08CAF0
144289: movep    r7,x:<<$fffff3                              ; 08D733
14428A: movep    x:(r3),x:<<$ffffc7                          ; 08E387
14428B: movep    y:(r7+n7),x:<<$ffffec                       ; 08EFEC
14428C: movep    p:-(r4),x:<<$ffffe3                         ; 08FC63
14428D: macr     x1,y0,b         b,x:(r0)+n0     x0,b        ; 0908EB
14428E: mpyr     -x0,x0,a        b,x:(r5)-       x0,b        ; 091585
14428F: add      y,a             b,x:(r2)        x0,b        ; 092230
144290: mac      -x1,y0,b        b,x:(r6+n6)     x0,b        ; 092EEE
144291: mpyr     -y1,y0,b        b,x:-(r3)       x0,b        ; 093BBD
144292: movep    y:<<$ffffde,x:(r0)+n0                       ; 09489E
144293: movep    y:<<$ffffd1,x:(r5)-                         ; 095591
144294: movep    y:<<$ffffd7,x:(r2)                          ; 096297
144295: movep    y:<<$ffffef,x:(r7+n7)                       ; 096FAF
144296: movep    y:<<$ffffd9,y:-(r4)                         ; 097CD9
144297: maxm     a,b             y0,b            b,y:(r2)+n2 ; 098A15
144298: cmp      x1,a            y0,b            b,y:(r7)-   ; 099765
144299: macr     -x0,y1,a        y0,b            b,y:(r4)    ; 09A4C7
14429A: dc       $09b23c                                     ; 09B23C
14429B: macr     x0,y1,a         y0,b            b,y:-(r7)   ; 09BFC3
14429C: movep    p:(r5)+n5,y:<<$ffffde                       ; 09CD5E
14429D: movep    n3,y:<<$ffffcc                              ; 09DB0C
14429E: movep    y:(r0+n0),y:<<$ffffcd                       ; 09E8CD
14429F: dc       $09f6a2                                     ; 09F6A2
1442A0: jclr     #$9,x:$4,func_0a1285                        ; 0A0489 0A1285
1442A2: jclr     #$14,x:$20,func_0a2eb7                      ; 0A2094 0A2EB7
1442A4: jset     #$e,y:$3c,func_0a4b39                       ; 0A3CEE 0A4B39
1442A6: dc       $0a5998                                     ; 0A5998
1442A7: bclr     #$b,x:(r0+n0)                               ; 0A680B
1442A8: move     r3,x:(r6+$a852f)                            ; 0A7693 0A852F
1442AA: dc       $0a93df                                     ; 0A93DF
1442AB: jset     #$5,x:<<$ffffe2,func_0ab17f                 ; 0AA2A5 0AB17F
1442AD: bset     #$e,x0                                      ; 0AC06E
1442AE: bset     #$12,b                                      ; 0ACF72
1442AF: dc       $0ade8b                                     ; 0ADE8B
1442B0: dc       $0aedba                                     ; 0AEDBA
1442B1: dc       $0afcfe                                     ; 0AFCFE
1442B2: dc       $0b0c58                                     ; 0B0C58
1442B3: jsclr    #$7,y:$1b,func_0b2b4c                       ; 0B1BC7 0B2B4C
1442B5: jsset    #$7,y:$3a,func_0b4a98                       ; 0B3AE7 0B4A98
1442B7: dc       $0b5a5f                                     ; 0B5A5F
1442B8: dc       $0b6a3c                                     ; 0B6A3C
1442B9: btst     #$10,x:-(r2)                                ; 0B7A30
1442BA: dc       $0b8a3a                                     ; 0B8A3A
1442BB: dc       $0b9a5b                                     ; 0B9A5B
1442BC: jsclr    #$13,x:<<$ffffea,func_0bbae1                ; 0BAA93 0BBAE1
1442BE: bchg     #$7,b2                                      ; 0BCB47
1442BF: dc       $0bdbc4                                     ; 0BDBC4
1442C0: dc       $0bec58                                     ; 0BEC58
1442C1: jsclr    #$4,ssl,func_0c0dc7                         ; 0BFD04 0C0DC7
1442C3: lsl      #$11,a                                      ; 0C1EA2
1442C4: dc       $0c2f95                                     ; 0C2F95
1442C5: dc       $0c409f                                     ; 0C409F
1442C6: dc       $0c51c2                                     ; 0C51C2
1442C7: dc       $0c62fd                                     ; 0C62FD
1442C8: dc       $0c7451                                     ; 0C7451
1442C9: dc       $0c85bd                                     ; 0C85BD
1442CA: brclr    #$2,y:(r7)-,func_20eba9                     ; 0C9742 0CA8DF
1442CC: brclr    #$16,x:$3a,func_210f32                      ; 0CBA96 0CCC66
1442CE: brclr    #$f,y:<<$ffffde,func_21331f                 ; 0CDE4F 0CF051
1442D0: jsr      func_00026d                                 ; 0D026D
1442D1: dc       $0d14a2                                     ; 0D14A2
1442D2: dc       $0d26f2                                     ; 0D26F2
1442D3: dc       $0d395b                                     ; 0D395B
1442D4: dc       $0d4bdf                                     ; 0D4BDF
1442D5: dc       $0d5e7c                                     ; 0D5E7C
1442D6: dc       $0d7135                                     ; 0D7135
1442D7: bsclr    #$7,x:(r4)-n4,func_21d9cc                   ; 0D8407 0D96F5
1442D9: dc       $0da9fe                                     ; 0DA9FE
1442DA: bsset    #$1,x:-(r5),func_22133a                     ; 0DBD21 0DD060
1442DC: dc       $0de3ba                                     ; 0DE3BA
1442DD: bsset    #$10,x:<<$fffff7,func_224d9e                ; 0DF730 0E0AC1
1442DF: jge      func_000e6e                                 ; 0E1E6E
1442E0: jpl      func_000238                                 ; 0E3238
1442E1: jnn      func_00061d                                 ; 0E461D
1442E2: jec      func_000a1f                                 ; 0E5A1F
1442E3: jlc      func_000e3d                                 ; 0E6E3D
1442E4: jcs      func_000278                                 ; 0E8278
1442E5: jlt      func_0006d0                                 ; 0E96D0
1442E6: jeq      func_000b45                                 ; 0EAB45
1442E7: jmi      func_000fd7                                 ; 0EBFD7
1442E8: jes      func_000486                                 ; 0ED486
1442E9: jls      func_000953                                 ; 0EE953
1442EA: jle      func_000e3d                                 ; 0EFE3D
1442EB: jsge     func_000346                                 ; 0F1346
1442EC: jsne     func_00086c                                 ; 0F286C
1442ED: jspl     func_000db1                                 ; 0F3DB1
1442EE: jsec     func_000314                                 ; 0F5314
1442EF: jslc     func_000896                                 ; 0F6896
1442F0: jsgt     func_000e36                                 ; 0F7E36
1442F1: jslt     func_0003f6                                 ; 0F93F6
1442F2: jseq     func_0009d4                                 ; 0FA9D4
1442F3: jsmi     func_000fd2                                 ; 0FBFD2
1442F4: jses     func_0005ef                                 ; 0FD5EF
1442F5: jsls     func_000c2c                                 ; 0FEC2C
1442F6: mpyr     x0,x0,b         x0,x:(r2)-n2    a,y0        ; 100289
1442F7: subr     b,a             x0,x:(r1)+      a,y0        ; 101906
1442F8: macr     x1,x0,a         x0,x:(r7+n7)    a,y0        ; 102FA3
1442F9: tfr      x1,a            a,x0            y0,y:(r6)-n6 ; 104661
1442FA: rol      b               a,x0            y0,y:(r5)+  ; 105D3F
1442FB: dc       $10743e                                     ; 10743E
1442FC: and      y0,b            x:(r3)+n3,x0    a,y0        ; 108B5E
1442FD: macr     -y0,y0,b        x:(r2),x0       a,y0        ; 10A29F
1442FE: addr     b,a             x:-(r2),x0      a,y0        ; 10BA02
1442FF: mac      -x0,x0,a        a,x0            y:(r1)-,y0  ; 10D186
144300: sub      x,b             a,x0            y:(r1+n1),y0 ; 10E92C
144301: mpyr     -y1,x1,a        x0,x:(r0)-n0    a,y1        ; 1100F5
144302: macr     -y0,x0,b        x0,x:(r0)+      a,y1        ; 1118DF
144303: mpy      -x1,y0,b        x0,x:>$11491b   a,y1        ; 1130EC 11491B
144305: cmp      x1,b            a,x0            y1,y:(r1)   ; 11616D
144306: macr     x1,y0,a         a,x0            y1,y:-(r1)  ; 1179E3
144307: eor      y1,b            x:(r2)-,x0      a,y1        ; 11927B
144308: rol      a               x:(r3+n3),x0    a,y1        ; 11AB37
144309: not      a               a,x0            y:(r4)-n4,y1 ; 11C417
14430A: clr      b               a,x0            y:(r5)+,y1  ; 11DD1B
14430B: dc       $11f643                                     ; 11F643
14430C: macr     -x0,x0,b        x0,x:(r7)+n7    b,y0        ; 120F8F
14430D: macr     -y1,x1,b        x0,x:(r0+n0)    b,y0        ; 1228FF
14430E: mpyr     -y0,y0,a        a,x0            a,y:(r2)-n2 ; 124295
14430F: cmpm     x0,b            a,x0            a,y:(r4)+   ; 125C4F
144310: dc       $12762f                                     ; 12762F
144311: sub      y,a             x:(r0)-,x0      b,y0        ; 129034
144312: cmpm     y0,b            x:(r2+n2),x0    b,y0        ; 12AA5F
144313: mpy      y1,y0,a         a,x0            y:(r4)-n4,a ; 12C4B0
144314: abs      a               a,x0            y:(r7)+,a   ; 12DF26
144315: mpy      -x0,y1,a        a,x0            y:-(r1),a   ; 12F9C4
144316: mpy      x0,x0,b         x0,x:(r4)-      b,y1        ; 131488
144317: or       y1,a            x0,x:(r7+n7)    b,y1        ; 132F72
144318: mpy      -x0,x0,a        a,x0            b,y:(r2)+n2 ; 134A84
144319: mpyr     -y1,y0,b        a,x0            b,y:(r5)    ; 1365BD
14431A: subl     a,b             x:(r1)-n1,x0    b,y1        ; 13811E
14431B: macr     -x1,x0,a        x:(r4)+,x0      b,y1        ; 139CA7
14431C: cmpm     y0,a            x:-(r0),x0      b,y1        ; 13B857
14431D: add      y,a             a,x0            y:(r4)-,b   ; 13D430
14431E: asl      a               a,x0            y:>$140c5c,b ; 13F032 140C5C
144320: macr     -x1,x0,b        x1,x:(r0+n0)    a,y0        ; 1428AF
144321: sub      x,b             a,x1            y0,y:(r5)-n5 ; 14452C
144322: mac      y0,x0,a         a,x1            y0,y:(r1)   ; 1461D2
144323: mac      x1,x0,a         a,x1            y0,y:-(r6)  ; 147EA2
144324: mpy      -y0,y0,b        x:(r3)+,x1      a,y0        ; 149B9C
144325: mpyr     x0,y1,a         x:-(r0),x1      a,y0        ; 14B8C1
144326: add      b,a             a,x1            y:(r6)-,y0  ; 14D610
144327: dc       $14f38a                                     ; 14F38A
144328: ror      b               x1,x:(r1)-      a,y1        ; 15112F
144329: move     x1,x:(r7+n7)    a,y1                        ; 152F00
14432A: mpy      -y1,x1,b        a,x1            y1,y:(r4)+n4 ; 154CFC
14432B: sub      x,a             a,x1            y1,y:(r3+n3) ; 156B24
14432C: tfr      y1,b            x:(r1)+n1,x1    a,y1        ; 158979
14432D: mac      y1,x1,b         x:(r7),x1       a,y1        ; 15A7FA
14432E: mpy      x1,x0,b         a,x1            y:(r6)-n6,y1 ; 15C6A8
14432F: macr     x0,x0,a         a,x1            y:(r5),y1   ; 15E583
144330: macr     x0,x0,b         x1,x:(r4)-n4    b,y0        ; 16048B
144331: mpyr     x0,y1,a         x1,x:(r3)       b,y0        ; 1623C1
144332: sbc      x,a             a,x1            a,y:(r3)-n3 ; 164325
144333: macr     -y1,y0,a        a,x1            a,y:(r2)    ; 1662B7
144334: add      y1,b            x:(r2)-n2,x1    b,y0        ; 168278
144335: add      x1,b            x:(r2),x1       b,y0        ; 16A268
144336: mac      -x0,x0,a        a,x1            y:(r2)-n2,a ; 16C286
144337: mpyr     -y0,x0,a        a,x1            y:(r2),a    ; 16E2D5
144338: eor      y0,a            x1,x:(r3)-n3    b,y1        ; 170353
144339: tfr      b,a             x1,x:(r4)       b,y1        ; 172401
14433A: macr     -y0,x0,b        a,x1            b,y:(r4)-n4 ; 1744DF
14433B: mac      -x1,y0,b        a,x1            b,y:(r5)    ; 1765EE
14433C: abs      b               x:(r7)-n7,x1    b,y1        ; 17872E
14433D: mpy      x1,x0,a         x:(r0+n0),x1    b,y1        ; 17A8A0
14433E: eor      x0,a            a,x1            y:(r2)+n2,b ; 17CA43
14433F: add      a,b             a,x1            y:(r4+n4),b ; 17EC18
144340: not      b               a,x:(r6)+n6     a,y0        ; 180E1F
144341: tfr      y0,b            a,x:>$1852c6    a,y0        ; 183059 1852C6
144343: dc       $187566                                     ; 187566
144344: asl      b               x:(r0)+,a       a,y0        ; 18983A
144345: or       x0,a            x:-(r3),a       a,y0        ; 18BB42
144346: and      y1,b            b,x0            y:(r6)+,y0  ; 18DE7E
144347: macr     -x1,y0,b        a,x:(r1)-n1     a,y1        ; 1901EF
144348: mpy      -y0,y0,a        a,x:(r5)        a,y1        ; 192594
144349: cmpm     x1,b            b,x0            y1,y:(r1)+n1 ; 19496F
14434A: mpy      x0,x0,a         b,x0            y1,y:(r5+n5) ; 196D80
14434B: macr     -x0,y1,a        x:(r1)-,a       a,y1        ; 1991C7
14434C: dc       $19b644                                     ; 19B644
14434D: mpy      y1,x1,b         b,x0            y:(r2)+,y1  ; 19DAF8
14434E: macr     x1,y0,a         b,x0            y:-(r7),y1  ; 19FFE3
14434F: cmp      b,a             a,x:(r5)        b,y0        ; 1A2505
144350: add      x1,a            b,x0            a,y:(r2)+n2 ; 1A4A60
144351: mac      y1,x1,a         b,x0            a,y:(r7+n7) ; 1A6FF2
144352: mac      -y1,y0,b        x:(r5)-,a       b,y0        ; 1A95BE
144353: mac      x0,y1,a         x:-(r3),a       b,y0        ; 1ABBC2
144354: move     b,x0            y:(r2),a                    ; 1AE200
144355: cmpm     y1,a            a,x:(r0)+n0     b,y1        ; 1B0877
144356: adc      x,b             a,x:(r7+n7)     b,y1        ; 1B2F29
144357: subl     b,a             b,x0            b,y:(r6)-   ; 1B5616
144358: sbc      y,b             b,x0            b,y:-(r5)   ; 1B7D3D
144359: mpy      x1,x0,a         x:(r4),a        b,y1        ; 1BA4A0
14435A: neg      b               b,x0            y:(r4)+n4,b ; 1BCC3E
14435B: rnd      b               b,x0            #>$1c1c30,b ; 1BF419 1C1C30
14435D: mpy      -x0,x0,a        b,x1            y0,y:(r4)-n4 ; 1C4484
14435E: subl     b,a             b,x1            y0,y:(r5+n5) ; 1C6D16
14435F: mac      -x1,y0,a        x:(r5)-,b       a,y0        ; 1C95E6
144360: mpy      -y1,x1,a        x:-(r6),b       a,y0        ; 1CBEF4
144361: tfr      x0,a            b,x1            y:(r0+n0),y0 ; 1CE841
144362: mpyr     -x0,y1,b        b,x:(r1)-       a,y1        ; 1D11CD
144363: mpy      y0,y0,b         b,x:-(r3)       a,y1        ; 1D3B98
144364: mpy      -x1,x0,a        b,x1            y1,y:(r5)   ; 1D65A4
144365: mpy      y1,x1,a         x:(r7)+n7,b     a,y1        ; 1D8FF0
144366: cmp      y1,b            x:-(r2),b       a,y1        ; 1DBA7D
144367: sub      x0,b            b,x1            y:(r5),y1   ; 1DE54C
144368: sub      y0,b            b,x:(r0)-       b,y0        ; 1E105C
144369: macr     -x1,x0,b        b,x:-(r3)       b,y0        ; 1E3BAF
14436A: cmp      x0,a            b,x1            a,y:(r7)    ; 1E6745
14436B: subl     a,b             x:(r3)-,b       b,y0        ; 1E931E
14436C: asl      b               x:-(r7),b       b,y0        ; 1EBF3A
14436D: mpy      -y0,y0,b        b,x1            y:(r3+n3),a ; 1EEB9C
14436E: tfr      x0,a            b,x:(r0)+       b,y1        ; 1F1841
14436F: sbc      x,b             b,x1            b,y:(r5)-n5 ; 1F452D
144370: dc       $1f725d                                     ; 1F725D
144371: mpyr     -y0,x0,a        x:(r7)+,b       b,y1        ; 1F9FD5
144372: macr     y0,y0,a         b,x1            y:(r5)+n5,b ; 1FCD93
144373: mpy      y0,y0,b         b,x1            y:-(r3),b   ; 1FFB98
144374: mpyr     -x1,y0,a        iflt                        ; 2029E5
144375: or       y1,b            (r0)+                       ; 20587A
144376: tfr      y0,b            x0,y1                       ; 208759
144377: mpy      x0,x0,a         x1,r6                       ; 20B680
144378: mac      y1,x1,a         y1,x1                       ; 20E5F2
144379: mac      -x1,x0,b        a0,r5                       ; 2115AE
14437A: mac      -y1,y0,a        a2,x1                       ; 2145B6
14437B: dc       $217608                                     ; 217608
14437C: macr     -x1,x0,a        b1,y0                       ; 21A6A7
14437D: macr     y0,y0,a         a,r7                        ; 21D793
14437E: mpy      -x0,y1,b        r0,a0                       ; 2208CC
14437F: eor      y0,a            r1,n2                       ; 223A53
144380: adc      x,b             r3,a1                       ; 226C29
144381: and      x0,b            r4,n6                       ; 229E4E
144382: mac      x0,y1,a         r6,r0                       ; 22D0C2
144383: dc       $230387                                     ; 230387
144384: mpy      -y0,y0,b        n1,r6                       ; 23369C
144385: tst      a               n3,a2                       ; 236A03
144386: mpy      -y1,y0,b        n4,n5                       ; 239DBC
144387: mpy      x0,y1,b         n6,r1                       ; 23D1C8
144388: add      x,b             #$6,x0                      ; 240628
144389: macr     y0,x0,b         #$3a,x0                     ; 243ADB
14438A: mpy      -x1,y0,a        #$6f,x0                     ; 246FE4
14438B: tfr      x0,a            #$a5,x0                     ; 24A541
14438C: mpyr     -y1,x1,a        #$da,x0                     ; 24DAF5
14438D: macr     -y1,x1,b        #$10,x1                     ; 2510FF
14438E: tfr      x1,a            #$47,x1                     ; 254761
14438F: clr      b               #$7e,x1                     ; 257E1B
144390: abs      b               #$b5,x1                     ; 25B52E
144391: mac      y0,y0,b         #$ec,x1                     ; 25EC9A
144392: tfr      x1,a            #$24,y0                     ; 262461
144393: mac      x0,x0,a         #$5c,y0                     ; 265C82
144394: macr     -y1,x1,b        #$94,y0                     ; 2694FF
144395: mpyr     y0,x0,b         #$cd,y0                     ; 26CDD9
144396: add      b,a             #$7,y1                      ; 270710
144397: mpyr     -x1,x0,a        #$40,y1                     ; 2740A5
144398: mpy      y0,y0,b         #$7a,y1                     ; 277A98
144399: macr     x1,y0,b         #$b4,y1                     ; 27B4EB
14439A: mac      -y0,y0,b        #$ef,y1                     ; 27EF9E
14439B: mac      y1,y0,a         #$2a,a0                     ; 282AB2
14439C: add      x,b             #$66,a0                     ; 286628
14439D: tfr      b,a             #$a2,a0                     ; 28A201
14439E: sbc      y,b             #$de,a0                     ; 28DE3D
14439F: mpyr     -y0,x0,b        #$1a,b0                     ; 291ADD
1443A0: macr     x1,y0,a         #$57,b0                     ; 2957E3
1443A1: cmpm     x0,b            #$95,b0                     ; 29954F
1443A2: adc      x,a             #$d3,b0                     ; 29D321
1443A3: eor      y0,b            #$11,a2                     ; 2A115B
1443A4: mac      -y1,x1,b        #$4f,a2                     ; 2A4FFE
1443A5: addr     a,b             #$8f,a2                     ; 2A8F0A
1443A6: mpyr     x0,x0,a         #$ce,a2                     ; 2ACE81
1443A7: eor      x1,a            #$e,b2                      ; 2B0E63
1443A8: mpyr     y1,y0,a         #$4e,b2                     ; 2B4EB1
1443A9: cmp      x1,b            #$8f,b2                     ; 2B8F6D
1443AA: mac      -y0,y0,a        #$d0,b2                     ; 2BD096
1443AB: ror      b               #$12,a1                     ; 2C122F
1443AC: add      y,b             #$54,a1                     ; 2C5438
1443AD: mac      y1,y0,a         #$96,a1                     ; 2C96B2
1443AE: mac      -y0,y0,b        #$d9,a1                     ; 2CD99E
1443AF: mpyr     -y1,x1,b        #$1c,b1                     ; 2D1CFD
1443B0: mpy      y0,x0,a         #$60,b1                     ; 2D60D0
1443B1: add      a,b             #$a5,b1                     ; 2DA518
1443B2: mac      -y0,x0,a        #$e9,b1                     ; 2DE9D6
1443B3: dc       $2e2f0c                                     ; 2E2F0C
1443B4: mac      y1,y0,b         #$74,a                      ; 2E74BA
1443B5: mpyr     x1,y0,a         #$ba,a                      ; 2EBAE1
1443B6: macr     x0,x0,a         #$1,b                       ; 2F0183
1443B7: mpyr     x1,x0,a         #$48,b                      ; 2F48A1
1443B8: lsl      b               #$90,b                      ; 2F903B
1443B9: eor      y0,a            #$d8,b                      ; 2FD853
1443BA: macr     x1,y0,b         #$20,r0                     ; 3020EB
1443BB: tst      a               #$6a,r0                     ; 306A03
1443BC: mpy      -y0,y0,b        #$b3,r0                     ; 30B39C
1443BD: mpy      y1,y0,b         #$fd,r0                     ; 30FDB8
1443BE: cmpm     y0,a            #$48,r1                     ; 314857
1443BF: sub      y1,b            #$93,r1                     ; 31937C
1443C0: add      x,b             #$df,r1                     ; 31DF28
1443C1: eor      y0,b            #$2b,r2                     ; 322B5B
1443C2: not      a               #$78,r2                     ; 327817
1443C3: and      y0,b            #$c5,r2                     ; 32C55E
1443C4: add      y,a             #$13,r3                     ; 331330
1443C5: mpy      y0,y0,a         #$61,r3                     ; 336190
1443C6: and      y1,b            #$b0,r3                     ; 33B07E
1443C7: macr     y1,x1,b         #$ff,r3                     ; 33FFFB
1443C8: addr     a,b             #$50,r4                     ; 34500A
1443C9: mpy      -x1,x0,b        #$a0,r4                     ; 34A0AC
1443CA: mac      x1,y0,a         #$f1,r4                     ; 34F1E2
1443CB: mpyr     -x1,x0,b        #$43,r5                     ; 3543AD
1443CC: add      b,a             #$96,r5                     ; 359610
1443CD: tst      b               #$e9,r5                     ; 35E90B
1443CE: mpyr     x1,x0,a         #$3c,r6                     ; 363CA1
1443CF: mac      y0,x0,a         #$90,r6                     ; 3690D2
1443D0: mpyr     x1,x0,a         #$e5,r6                     ; 36E5A1
1443D1: cmpm     a,b             #$3b,r7                     ; 373B0F
1443D2: max      a,b             #$91,r7                     ; 37911D
1443D3: mac      -x0,y1,b        #$e7,r7                     ; 37E7CE
1443D4: asr      a               #$3f,n0                     ; 383F22
1443D5: max      a,b             #$97,n0                     ; 38971D
1443D6: macr     -y1,y0,b        #$ef,n0                     ; 38EFBF
1443D7: addr     a,b             #$49,n1                     ; 39490A
1443D8: move     #$a3,n1                                     ; 39A300
1443D9: macr     x1,x0,a         #$fd,n1                     ; 39FDA3
1443DA: mpyr     -y1,x1,a        #$58,n2                     ; 3A58F5
1443DB: macr     -y1,x1,a        #$b4,n2                     ; 3AB4F7
1443DC: mpy      -x1,x0,b        #$11,n3                     ; 3B11AC
1443DD: subl     b,a             #$6f,n3                     ; 3B6F16
1443DE: neg      a               #$cd,n3                     ; 3BCD36
1443DF: subr     a,b             #$2c,n4                     ; 3C2C0E
1443E0: mpyr     x1,x0,a         #$8b,n4                     ; 3C8BA1
1443E1: mpyr     y1,x1,a         #$eb,n4                     ; 3CEBF1
1443E2: macr     -y1,x1,b        #$4c,n5                     ; 3D4CFF
1443E3: mac      -x0,y1,b        #$ae,n5                     ; 3DAECE
1443E4: add      x1,a            #$11,n6                     ; 3E1160
1443E5: macr     -y1,y0,a        #$74,n6                     ; 3E74B7
1443E6: mac      -y0,x0,a        #$d8,n6                     ; 3ED8D6
1443E7: macr     -y1,y0,b        #$3d,n7                     ; 3F3DBF
1443E8: sub      y1,a            #$a3,n7                     ; 3FA374
1443E9: macr     -y1,x1,a        a10,l:<$9                   ; 4009F7
1443EA: dc       $40714b                                     ; 40714B
1443EB: eor      y1,a            l:(r1)+,a10                 ; 40D973
1443EC: add      y1,a            b10,l:(r2)-n2               ; 414270
1443ED: and      x0,a            l:<$2c,b10                  ; 41AC46
1443EE: macr     -y1,x1,a        x,l:<$16                    ; 4216F7
1443EF: mpyr     -x0,x0,a        l:<$2,x                     ; 428285
1443F0: mpy      -y1,x1,a        l:(r6+n6),x                 ; 42EEF4
1443F1: and      x0,a            y,l:(r4)+                   ; 435C46
1443F2: cmp      y1,b            l:(r2)+n2,y                 ; 43CA7D
1443F3: mpyr     -y0,y0,b        x0,x:$39                    ; 44399D
1443F4: mpy      x1,x0,b         x:$29,x0                    ; 44A9A8
1443F5: mac      x1,x0,a         x1,x:$1a                    ; 451AA2
1443F6: mpyr     -x0,x0,b        x:$c,x1                     ; 458C8D
1443F7: cmp      x1,b            x:-(r7),x1                  ; 45FF6D
1443F8: dc       $467344                                     ; 467344
1443F9: maxm     a,b             x:(r0+n0),y0                ; 46E815
1443FA: mpy      -x1,y0,a        y1,x:(r5)+                  ; 475DE4
1443FB: mpyr     -y1,y0,a        x:(r4)-,y1                  ; 47D4B5
1443FC: mpyr     x0,x0,b         a,l:(r4)+n4                 ; 484C89
1443FD: and      x1,a            l:(r5)-n5,a                 ; 48C566
1443FE: cmp      x0,b            b,l:<$3f                    ; 493F4D
1443FF: sub      x0,a            l:<$3a,b                    ; 49BA44
144400: sub      x0,b            ab,l:<$36                   ; 4A364C
144401: eor      x1,b            l:<$33,ab                   ; 4AB36B
144402: macr     x1,x0,a         ba,l:<$31                   ; 4B31A3
144403: mpy      y1,x1,b         l:<$30,ba                   ; 4BB0F8
144404: cmpm     x1,b            x0,y:$31                    ; 4C316F
144405: tst      b               y:$33,x0                    ; 4CB30B
144406: mpy      y0,x0,a         x1,y:$35                    ; 4D35D0
144407: macr     x0,y1,a         y:$39,x1                    ; 4DB9C3
144408: macr     -x1,y0,a        y0,y:$3e                    ; 4E3EE7
144409: tfr      x0,a            y:(r5)-n5,y0                ; 4EC541
14440A: mpyr     -y0,x0,a        y1,y:(r4)+n4                ; 4F4CD5
14440B: mpy      x1,x0,b         y:(r5)-,y1                  ; 4FD5A8
14440C: mac      -y1,y0,b        a0,x:(r7)+                  ; 505FBE
14440D: clr      b               x:(r3+n3),a0                ; 50EB1B
14440E: dc       $5177c5                                     ; 5177C5
14440F: mpyr     x0,y1,a         a2,x:$5                     ; 5205C1
144410: addl     b,a             x:$15,a2                    ; 529512
144411: macr     -y1,y0,b        b2,x:$25                    ; 5325BF
144412: mpy      -x0,y1,b        x:$37,b2                    ; 53B7CC
144413: neg      b               a1,x:(r3)+n3                ; 544B3E
144414: sub      a,b             x:(r0),a1                   ; 54E01C
144415: dc       $55766a                                     ; 55766A
144416: sbc      x,b             a,x:$e                      ; 560E2D
144417: cmp      x1,b            x:$27,a                     ; 56A76D
144418: abs      b               b,x:(r2)-n2                 ; 57422E
144419: cmpm     y1,a            x:(r6)+,b                   ; 57DE77
14441A: cmp      x0,b            a0,y:-(r4)                  ; 587C4D
14441B: macr     -y1,y0,a        b0,y:$1b                    ; 591BB7
14441C: macr     y1,y0,b         y:$3c,b0                    ; 59BCBB
14441D: cmpm     y0,b            a2,y:(r7)+                  ; 5A5F5F
14441E: macr     x1,x0,b         b2,y:$3                     ; 5B03AB
14441F: mac      -x1,x0,a        y:$29,b2                    ; 5BA9A6
144420: cmp      y0,a            a1,y:(r1)-                  ; 5C5155
144421: mpyr     x0,y1,a         y:-(r2),a1                  ; 5CFAC1
144422: mpy      y1,x1,a         y:$25,b1                    ; 5DA5F0
144423: mac      x1,y0,b         a,y:(r2)-                   ; 5E52EA
144424: macr     -y1,y0,a        b,y:$1                      ; 5F01B7
144425: cmpm     y0,b            y:$32,b                     ; 5FB25F
144426: mpyr     x1,y0,b         r0,x:(r4)                   ; 6064E9
144427: cmp      y0,b            r1,x:$19                    ; 61195D
144428: mpyr     -x0,y1,a        x:(r7)+n7,r1                ; 61CFC5
144429: adc      x,b             x:$8,r2                     ; 628829
14442A: mpyr     y0,y0,a         r3,x:(r2)-n2                ; 634291
14442B: cmpm     b,a             x:-(r7),r3                  ; 63FF07
14442C: mpy      -y0,y0,a        x:$3d,r4                    ; 64BD94
14442D: or       x0,a            r5,x:-(r6)                  ; 657E42
14442E: rnd      b               r6,x:(r1)-n1                ; 664119
14442F: sbc      x,a             r7,x:$6                     ; 670625
144430: cmpm     x1,b            x:(r5)+n5,r7                ; 67CD6F
144431: addr     b,a             y:$17,r0                    ; 689702
144432: mpyr     x1,y0,b         r1,y:(r2)                   ; 6962E9
144433: abs      b               r2,y:$31                    ; 6A312E
144434: mac      -y0,x0,b        r3,y:$1                     ; 6B01DE
144435: tst      a               y:(r5)-,r3                  ; 6BD503
144436: macr     x1,x0,b         y:$2a,r4                    ; 6CAAAB
144437: mpy      x1,y0,a         y:$2,r5                     ; 6D82E0
144438: mpy      y1,y0,a         r6,y:(r5)+                  ; 6E5DB0
144439: add      x,b             r7,y:$3b                    ; 6F3B28
14443A: sub      y0,a            n0,x:$1b                    ; 701B54
14443B: sub      x0,a            x:-(r6),n0                  ; 70FE44
14443C: dc       $71e404                                     ; 71E404
14443D: macr     x1,x0,a         x:(r4)+n4,n2                ; 72CCA3
14443E: add      y,a             x:$38,n3                    ; 73B830
14443F: macr     y1,y0,b         x:$26,n4                    ; 74A6BB
144440: eor      y0,a            x:$18,n5                    ; 759853
144441: dc       $768d08                                     ; 768D08
144442: macr     x1,y0,b         x:$4,n7                     ; 7784EB
144443: cmp      a,b             y:$0,n0                     ; 78800D
144444: mpy      x0,x0,a         n1,y:-(r6)                  ; 797E80
144445: and      y0,a            y:$0,n2                     ; 7A8056
144446: lua      (r0-$1),n3                                  ; 0438FB
144447: dc       $047522                                     ; 047522
144448: bsset    #$1,x:<<$ffffb4,func_193bf2                 ; 04B4A1 04F7AA
14444A: dc       $053e6d                                     ; 053E6D
14444B: move     x:$9,m0                                     ; 058920
14444C: dc       $05d7fb                                     ; 05D7FB
14444D: dc       $062b39                                     ; 062B39
14444E: dc       $06831a                                     ; 06831A
14444F: dc       $06dfde                                     ; 06DFDE
144450: dc       $0741cb                                     ; 0741CB
144451: dc       $07a92c                                     ; 07A92C
144452: cmp      x0,b            a,x:(r6)-       x0,a        ; 08164D
144453: mpyr     x0,x0,a         y0,a            a,y:(r1)+n1 ; 088981
144454: subl     a,b             b,x:(r3)-n3     x0,b        ; 09031E
144455: cmpm     y1,b            y0,b            b,y:(r3)-n3 ; 09837F
144456: bclr     #$5,x:$b                                    ; 0A0B05
144457: bclr     #$16,x:<<$ffffda                            ; 0A9A16
144458: dc       $0b311c                                     ; 0B311C
144459: dc       $0bd08a                                     ; 0BD08A
14445A: dc       $0c78d7                                     ; 0C78D7
14445B: dc       $0d2a82                                     ; 0D2A82
14445C: bsclr    #$f,x:<<$ffffe6,func_22f068                 ; 0DE60F 0EAC0C
14445E: jsgt     func_000d0e                                 ; 0F7D0E
14445F: mpyr     y1,y0,a         a,x0            y0,y:(r1)+  ; 1059B1
144460: macr     y0,y0,b         a,x0            y1,y:(r2)-n2 ; 11429B
144461: or       y1,b            x0,x:-(r0)      b,y0        ; 12387A
144462: tfr      a,b             x0,x:-(r4)      b,y1        ; 133C09
144463: dc       $144e08                                     ; 144E08
144464: cmpm     x0,a            a,x1            y1,y:(r7+n7) ; 156F47
144465: mac      -y0,y0,b        x:(r0),x1       b,y0        ; 16A09E
144466: macr     y1,x1,a         a,x1            y:(r2),b    ; 17E2F3
144467: dc       $193738                                     ; 193738
144468: eor      x1,b            x:(r6)+,a       b,y0        ; 1A9E6B
144469: mpy      -y0,y0,b        b,x:(r1)+       a,y0        ; 1C199C
14446A: mac      -x1,y0,a        x:(r1+n1),b     a,y1        ; 1DA9E6
14446B: and      y1,a            b,x1            b,y:(r0)-   ; 1F5076
14446C: mac      x0,x0,b         a0,a                        ; 210E8A
14446D: add      y1,a            r7,x1                       ; 22E570
14446E: macr     x0,x0,b         #$d6,x0                     ; 24D68B
14446F: and      x0,b            #$e3,y0                     ; 26E34E
144470: cmp      x0,a            #$d,b0                      ; 290D45
144471: add      b,a             #$56,b2                     ; 2B5610
144472: sub      x1,a            #$bf,b1                     ; 2DBF64
144473: clr      a               #$4b,r0                     ; 304B13
144474: cmp      b,a             #$fb,r2                     ; 32FB05
144475: rol      b               #$d1,r5                     ; 35D13F
144476: mac      x1,y0,a         #$cf,n0                     ; 38CFE2
144477: abs      b               #$f9,n3                     ; 3BF92E
144478: macr     x0,x0,a         #$4f,n7                     ; 3F4F83
144479: or       x1,a            l:(r5)-,x                   ; 42D562
14447A: add      y1,a            x:$d,y0                     ; 468D70
14447B: add      y1,b            ab,l:-(r2)                  ; 4A7A78
14447C: cmp      x1,b            y:$1f,y0                    ; 4E9F6D
14447D: eor      x1,b            x:-(r7),a2                  ; 52FF6B
14447E: mpy      -y1,y0,b        x:$1d,b                     ; 579DBC
14447F: mpy      y0,x0,b         a1,y:-(r5)                  ; 5C7DD8
144480: and      x1,a            x:$23,r1                    ; 61A366
144481: and      x0,a            r7,x:$12                    ; 671246
144482: macr     x0,x0,b         y:(r6)+n6,r4                ; 6CCE8B
144483: macr     x0,x0,a         x:(r4)+,n2                  ; 72DC83
144484: mpy      -y1,y0,b        n1,y:(r0)-n0                ; 7940BC
144485: macr     -y1,x1,b        y:-(r7),n7                  ; 7FFFFF
144486: macr     -y1,x1,b        y:-(r7),n7                  ; 7FFFFF
144487: macr     -y1,x1,b        y:-(r7),n7                  ; 7FFFFF
144488: macr     -y1,x1,b        y:-(r7),n7                  ; 7FFFFF
144489: macr     -y1,x1,b        y:-(r7),n7                  ; 7FFFFF
14448A: macr     -y1,x1,b        y:-(r7),n7                  ; 7FFFFF
14448B: macr     -y1,x1,b        y:-(r7),n7                  ; 7FFFFF
14448C: macr     -y1,x1,b        y:-(r7),n7                  ; 7FFFFF
14448D: macr     -y1,x1,b        y:-(r7),n7                  ; 7FFFFF
14448E: macr     -y1,x1,b        y:-(r7),n7                  ; 7FFFFF
14448F: macr     -y1,x1,b        y:-(r7),n7                  ; 7FFFFF
144490: macr     -y1,x1,b        y:-(r7),n7                  ; 7FFFFF
144491: macr     -y1,x1,b        y:-(r7),n7                  ; 7FFFFF
144492: macr     -y1,x1,b        y:-(r7),n7                  ; 7FFFFF
144493: macr     -y1,x1,b        y:-(r7),n7                  ; 7FFFFF
144494: macr     -y1,x1,b        y:-(r7),n7                  ; 7FFFFF
144495: macr     -y1,x1,b        y:-(r7),n7                  ; 7FFFFF
144496: macr     -y1,x1,b        y:-(r7),n7                  ; 7FFFFF
144497: macr     -y1,x1,b        y:-(r7),n7                  ; 7FFFFF
144498: macr     -y1,x1,b        y:-(r7),n7                  ; 7FFFFF
144499: macr     -y1,x1,b        y:-(r7),n7                  ; 7FFFFF
14449A: macr     -y1,x1,b        y:-(r7),n7                  ; 7FFFFF
14449B: macr     -y1,x1,b        y:-(r7),n7                  ; 7FFFFF
14449C: macr     -y1,x1,b        y:-(r7),n7                  ; 7FFFFF
14449D: macr     -y1,x1,b        y:-(r7),n7                  ; 7FFFFF
14449E: macr     -y1,x1,b        y:-(r7),n7                  ; 7FFFFF
14449F: macr     -y1,x1,b        y:-(r7),n7                  ; 7FFFFF
1444A0: macr     -y1,x1,b        y:-(r7),n7                  ; 7FFFFF
1444A1: macr     -y1,x1,b        y:-(r7),n7                  ; 7FFFFF
1444A2: macr     -y1,x1,b        y:-(r7),n7                  ; 7FFFFF
1444A3: macr     -y1,x1,b        y:-(r7),n7                  ; 7FFFFF
1444A4: macr     -y1,x1,b        y:-(r7),n7                  ; 7FFFFF
1444A5: macr     -y1,x1,b        y:-(r7),n7                  ; 7FFFFF
1444A6: macr     -y1,x1,b        y:-(r7),n7                  ; 7FFFFF
1444A7: macr     -y1,x1,b        y:-(r7),n7                  ; 7FFFFF
1444A8: macr     -y1,x1,b        y:-(r7),n7                  ; 7FFFFF
1444A9: macr     -y1,x1,b        y:-(r7),n7                  ; 7FFFFF
1444AA: macr     -y1,x1,b        y:-(r7),n7                  ; 7FFFFF
1444AB: macr     -y1,x1,b        y:-(r7),n7                  ; 7FFFFF
1444AC: macr     -y1,x1,b        y:-(r7),n7                  ; 7FFFFF
1444AD: macr     -y1,x1,b        y:-(r7),n7                  ; 7FFFFF
1444AE: macr     -y1,x1,b        y:-(r7),n7                  ; 7FFFFF
1444AF: macr     -y1,x1,b        y:-(r7),n7                  ; 7FFFFF
1444B0: macr     -y1,x1,b        y:-(r7),n7                  ; 7FFFFF
1444B1: macr     -y1,x1,b        y:-(r7),n7                  ; 7FFFFF
1444B2: macr     -y1,x1,b        y:-(r7),n7                  ; 7FFFFF
1444B3: macr     -y1,x1,b        y:-(r7),n7                  ; 7FFFFF
1444B4: macr     -y1,x1,b        y:-(r7),n7                  ; 7FFFFF
1444B5: macr     -y1,x1,b        y:-(r7),n7                  ; 7FFFFF
1444B6: macr     -y1,x1,b        y:-(r7),n7                  ; 7FFFFF
1444B7: macr     -y1,x1,b        y:-(r7),n7                  ; 7FFFFF
1444B8: macr     -y1,x1,b        y:-(r7),n7                  ; 7FFFFF
1444B9: macr     -y1,x1,b        y:-(r7),n7                  ; 7FFFFF
1444BA: macr     -y1,x1,b        y:-(r7),n7                  ; 7FFFFF
1444BB: macr     -y1,x1,b        y:-(r7),n7                  ; 7FFFFF
1444BC: macr     -y1,x1,b        y:-(r7),n7                  ; 7FFFFF
1444BD: macr     -y1,x1,b        y:-(r7),n7                  ; 7FFFFF
1444BE: macr     -y1,x1,b        y:-(r7),n7                  ; 7FFFFF
1444BF: macr     -y1,x1,b        y:-(r7),n7                  ; 7FFFFF
1444C0: macr     -y1,x1,b        y:-(r7),n7                  ; 7FFFFF
1444C1: macr     -y1,x1,b        y:-(r7),n7                  ; 7FFFFF
1444C2: macr     -y1,x1,b        y:-(r7),n7                  ; 7FFFFF
1444C3: macr     -y1,x1,b        y:-(r7),n7                  ; 7FFFFF
1444C4: macr     -y1,x1,b        y:-(r7),n7                  ; 7FFFFF
1444C5: macr     -y1,x1,b        y:-(r7),n7                  ; 7FFFFF
1444C6: dc       $007c42                                     ; 007C42
1444C7: dc       $007c7b                                     ; 007C7B
1444C8: dc       $007cb7                                     ; 007CB7
1444C9: dc       $007cf6                                     ; 007CF6
1444CA: dc       $007d38                                     ; 007D38
1444CB: dc       $007d7e                                     ; 007D7E
1444CC: dc       $007dc8                                     ; 007DC8
1444CD: dc       $007e17                                     ; 007E17
1444CE: dc       $007e69                                     ; 007E69
1444CF: dc       $007ec0                                     ; 007EC0
1444D0: dc       $007f1c                                     ; 007F1C
1444D1: dc       $007f7e                                     ; 007F7E
1444D2: dc       $007fe4                                     ; 007FE4
1444D3: movep    y:<<$ffff90,p:(r0)-n0                       ; 008050
1444D4: dc       $0080c3                                     ; 0080C3
1444D5: movep    x:<<$ffffbb,p:(r1)-n1                       ; 00813B
1444D6: andi     #$81,eom                                    ; 0081BB
1444D7: movep    y:<<$ffff81,p:(r2)-n2                       ; 008241
1444D8: dc       $0082cf                                     ; 0082CF
1444D9: movep    y:<<$ffffa5,p:(r3)-n3                       ; 008365
1444DA: movep    x:<<$ffff83,p:(r4)-n4                       ; 008403
1444DB: dc       $0084aa                                     ; 0084AA
1444DC: movep    y:<<$ffff9a,p:(r5)-n5                       ; 00855A
1444DD: movep    x:<<$ffff94,p:(r6)-n6                       ; 008614
1444DE: dc       $0086d9                                     ; 0086D9
1444DF: dc       $0087a8                                     ; 0087A8
1444E0: dc       $008883                                     ; 008883
1444E1: movep    y:<<$ffffaa,p:(r1)+n1                       ; 00896A
1444E2: movep    y:<<$ffff9e,p:(r2)+n2                       ; 008A5E
1444E3: movep    y:<<$ffffa0,p:(r3)+n3                       ; 008B60
1444E4: movep    y:<<$ffffaf,p:(r4)+n4                       ; 008C6F
1444E5: dc       $008d8e                                     ; 008D8E
1444E6: dc       $008ebd                                     ; 008EBD
1444E7: dc       $008ffd                                     ; 008FFD
1444E8: movep    y:<<$ffff8f,p:(r1)-                         ; 00914F
1444E9: dc       $0092b3                                     ; 0092B3
1444EA: movep    x:<<$ffffab,p:(r4)-                         ; 00942B
1444EB: andi     #$95,mr                                     ; 0095B8
1444EC: movep    y:<<$ffff9b,p:(r7)-                         ; 00975B
1444ED: movep    x:<<$ffff96,p:(r1)+                         ; 009916
1444EE: dc       $009ae9                                     ; 009AE9
1444EF: dc       $009cd6                                     ; 009CD6
1444F0: dc       $009edf                                     ; 009EDF
1444F1: movep    x:<<$ffff85,p:(r1)                          ; 00A105
1444F2: movep    y:<<$ffff89,p:(r3)                          ; 00A349
1444F3: dc       $00a5ad                                     ; 00A5AD
1444F4: movep    x:<<$ffffb4,p:(r0+n0)                       ; 00A834
1444F5: dc       $00aade                                     ; 00AADE
1444F6: dc       $00adaf                                     ; 00ADAF
1444F7: dc       $00b0a7                                     ; 00B0A7
1444F8: dc       $00b3ca                                     ; 00B3CA
1444F9: dc       $00b71a                                     ; 00B71A
1444FA: dc       $00ba98                                     ; 00BA98
1444FB: movep    y:<<$ffff89,p:-(r6)                         ; 00BE49
1444FC: movep    p:(r2)-n2,x:<<$ffffae                       ; 00C22E
1444FD: movep    p:(r6)-n6,y:<<$ffff8a                       ; 00C64A
1444FE: dc       $00caa2                                     ; 00CAA2
1444FF: movep    p:(r7)+n7,x:<<$ffffb6                       ; 00CF36
144500: movep    p:(r4)-,x:<<$ffff8d                         ; 00D40D
144501: movep    p:(r1)+,x:<<$ffffa8                         ; 00D928
144502: dc       $00de8c                                     ; 00DE8C
144503: movep    p:(r4),x:<<$ffffbc                          ; 00E43C
144504: movep    p:(r2+n2),x:<<$ffffbe                       ; 00EA3E
144505: dc       $00f095                                     ; 00F095
144506: ori      #$fd,mr                                     ; 00FDF8
144507: dc       $010c1a                                     ; 010C1A
144508: bclr     #$5,x:<<$ffff9b                             ; 011B05
144509: dc       $012ac5                                     ; 012AC5
14450A: bset     #$5,y:<<$ffffbb                             ; 013B65
14450B: or       #>$15f79,a                                  ; 014CF2 015F79
14450D: bchg     #$7,x:<<$ffffb3                             ; 017307
14450E: jset     #$d,x:<<$ffff87,func_019d78                 ; 0187AD 019D78
144510: div      y1,b                                        ; 01B47A
144511: jsclr    #$4,y:<<$ffff8c,func_01e668                 ; 01CCC4 01E668
144513: tcc      y1,b                                        ; 020179
144514: tge      r6,r3                                       ; 021E0B
144515: tpl      r4,r5                                       ; 023C35
144516: tec      r4,r4                                       ; 025C0C
144517: move     a0,y:(r5+$1e)                               ; 027DA8
144518: dc       $02a124                                     ; 02A124
144519: move     x:(r6+$30),b0                               ; 02C699
14451A: tls      r6,r4                                       ; 02EE24
14451B: dc       $0317e1                                     ; 0317E1
14451C: dc       $0343f2                                     ; 0343F2
14451D: tgt      y1,a r2,r6                                  ; 037276
14451E: dc       $03a391                                     ; 03A391
14451F: tes      x1,a r7,r7                                  ; 03D767
144520: lua      (r6+$12),r0                                 ; 040E20
144521: move     m4,y1                                       ; 0447E4
144522: dc       $0484df                                     ; 0484DF
144523: movep    x1,y:<<$ffff9f                              ; 04C53F
144524: dc       $050934                                     ; 050934
144525: dc       $0550f1                                     ; 0550F1
144526: dc       $059cac                                     ; 059CAC
144527: dc       $05ec9d                                     ; 05EC9D
144528: dc       $064102                                     ; 064102
144529: dc       $069a18                                     ; 069A18
14452A: dc       $06f824                                     ; 06F824
14452B: movep    x:<<$ffffac,y:(r3)+                         ; 075B6C
14452C: movep    x:(r4)-n4,x:<<$ffffb9                       ; 07C439
14452D: dc       $0832dc                                     ; 0832DC
14452E: mac      -x1,x0,a        y0,a            a,y:(r7)    ; 08A7A6
14452F: mpyr     y1,x1,a         b,x:(r2)        x0,b        ; 0922F1
144530: not      a               y0,b            b,y:(r5)    ; 09A517
144531: dc       $0a2e7c                                     ; 0A2E7C
144532: jclr     #$6,x:<<$ffffff,func_0b58a2                 ; 0ABF86 0B58A2
144534: bchg     #$2,omr                                     ; 0BFA42
144535: brset    #$2,y:$24,func_219e35                       ; 0CA4E2 0D5900
144537: jge      func_000723                                 ; 0E1723
144538: jes      func_000fdc                                 ; 0EDFDC
144539: jsmi     func_0003bf                                 ; 0FB3BF
14453A: cmp      x1,b            x:(r3)-,x0      a,y0        ; 10936D
14453B: mac      -x0,x0,b        a,x0            y1,y:-(r7)  ; 117F8E
14453C: mac      y0,x0,a         a,x0            a,y:-(r0)   ; 1278D2
14453D: mpy      -y1,x1,a        a,x0            b,y:-(r7)   ; 137FF4
14453E: mpy      -y1,y0,b        x:(r5)-,x1      a,y0        ; 1495BC
14453F: mpy      y1,x1,b         x:-(r2),x1      a,y1        ; 15BAF8
144540: mpyr     -x0,x0,a        a,x1            y:>$18374c,a ; 16F085 18374C
144542: or       x0,a            x:(r0)-,a       a,y1        ; 199042
144543: or       x1,b            b,x0            y:-(r4),a   ; 1AFC6A
144544: mac      -y0,x0,a        b,x1            y0,y:-(r4)  ; 1C7CD6
144545: mac      -x1,x0,a        b,x:(r2)-       b,y0        ; 1E12A6
144546: dc       $007453                                     ; 007453
144547: dc       $00741a                                     ; 00741A
144548: dc       $0073df                                     ; 0073DF
144549: dc       $0073a0                                     ; 0073A0
14454A: dc       $00735d                                     ; 00735D
14454B: dc       $007317                                     ; 007317
14454C: dc       $0072cd                                     ; 0072CD
14454D: dc       $00727e                                     ; 00727E
14454E: dc       $00722c                                     ; 00722C
14454F: dc       $0071d5                                     ; 0071D5
144550: dc       $007179                                     ; 007179
144551: dc       $007118                                     ; 007118
144552: dc       $0070b1                                     ; 0070B1
144553: dc       $007045                                     ; 007045
144554: dc       $006fd2                                     ; 006FD2
144555: dc       $006f5a                                     ; 006F5A
144556: dc       $006eda                                     ; 006EDA
144557: dc       $006e54                                     ; 006E54
144558: dc       $006dc6                                     ; 006DC6
144559: dc       $006d30                                     ; 006D30
14455A: dc       $006c92                                     ; 006C92
14455B: dc       $006beb                                     ; 006BEB
14455C: dc       $006b3b                                     ; 006B3B
14455D: dc       $006a81                                     ; 006A81
14455E: dc       $0069bc                                     ; 0069BC
14455F: dc       $0068ed                                     ; 0068ED
144560: dc       $006812                                     ; 006812
144561: dc       $00672b                                     ; 00672B
144562: dc       $006637                                     ; 006637
144563: dc       $006536                                     ; 006536
144564: dc       $006426                                     ; 006426
144565: dc       $006307                                     ; 006307
144566: dc       $0061d8                                     ; 0061D8
144567: dc       $006098                                     ; 006098
144568: dc       $005f47                                     ; 005F47
144569: dc       $005de2                                     ; 005DE2
14456A: dc       $005c6a                                     ; 005C6A
14456B: dc       $005add                                     ; 005ADD
14456C: dc       $00593a                                     ; 00593A
14456D: dc       $00577f                                     ; 00577F
14456E: dc       $0055ac                                     ; 0055AC
14456F: dc       $0053bf                                     ; 0053BF
144570: dc       $0051b6                                     ; 0051B6
144571: dc       $004f91                                     ; 004F91
144572: dc       $004d4c                                     ; 004D4C
144573: dc       $004ae8                                     ; 004AE8
144574: dc       $004862                                     ; 004862
144575: dc       $0045b7                                     ; 0045B7
144576: dc       $0042e7                                     ; 0042E7
144577: dc       $003fee                                     ; 003FEE
144578: dc       $003ccb                                     ; 003CCB
144579: dc       $00397c                                     ; 00397C
14457A: dc       $0035fd                                     ; 0035FD
14457B: dc       $00324c                                     ; 00324C
14457C: dc       $002e67                                     ; 002E67
14457D: dc       $002a4b                                     ; 002A4B
14457E: dc       $0025f4                                     ; 0025F4
14457F: dc       $00215f                                     ; 00215F
144580: dc       $001c89                                     ; 001C89
144581: dc       $00176d                                     ; 00176D
144582: dc       $00120a                                     ; 00120A
144583: dc       $000c59                                     ; 000C59
144584: dc       $000657                                     ; 000657
144585: nop                                                  ; 000000
144586: mpyr     -y0,y0,b        x:(r2)-,b       y:(r7)+,b   ; FFF29D
144587: eor      y1,b            x:(r4),b        y:(r3)+,b   ; FFE47B
144588: mpy      y0,y0,a         x:(r5)-,b       y:(r2)+,b   ; FFD590
144589: mpy      y0,x0,a         x:(r5),b        y:(r2)+,b   ; FFC5D0
14458A: add      y,a             x:(r5)-,b       y:(r1)+,b   ; FFB530
14458B: macr     x1,x0,a         x:(r3),b        y:(r5)+,b   ; FFA3A3
14458C: sub      a,b             x:(r1)-,b       y:(r4)+,b   ; FF911C
14458D: mac      -x0,x0,b        b,x:(r5)+       y:(r3)+,b   ; FF7D8E
14458E: mpy      x1,y0,b         b,x:(r0)+n0     y:(r7)+,b   ; FF68E8
14458F: max      a,b             b,x:(r3)-       y:(r6)+,b   ; FF531D
144590: clr      b               b,x:(r4)+       y:(r1)+,b   ; FF3C1B
144591: mpyr     y0,x0,a         b,x:(r3)        y:(r5)+,b   ; FF23D1
144592: abs      b               b,x:(r2)+n2     y:(r4)+,b   ; FF0A2E
144593: max      a,b             x:(r7)+n7,b     y:(r3)+,a   ; FEEF1D
144594: mac      x0,x0,b         x:(r2)-,b       y:(r6)+,a   ; FED28A
144595: tfr      x1,a            x:(r4)-,b       y:(r1)+,a   ; FEB461
144596: mpyr     x0,x0,b         x:(r4)-,b       y:(r0)+,a   ; FE9489
144597: mpyr     -x1,y0,b        b,x:(r2)-       y:(r7)+,a   ; FE72ED
144598: tfr      y1,a            b,x:(r7)+n7     y:(r2)+,a   ; FE4F71
144599: mpy      -y1,x1,b        b,x:(r1)+n1     y:(r5)+,a   ; FE29FC
14459A: or       y1,a            b,x:(r2)        y:(r4)+,a   ; FE0272
14459B: mpy      -y1,y0,a        x:(r0)+,b       y:(r6)+,y1  ; FDD8B4
14459C: macr     x1,x0,a         x:(r4)+n4,b     y:(r1)+,y1  ; FDACA3
14459D: not      b               b,x:(r6)+       y:(r3)+,y1  ; FD7E1F
14459E: dc       $fd4d04                                     ; FD4D04
14459F: abs      b               b,x:(r1)+       y:(r4)+,y1  ; FD192E
1445A0: cmp      y1,a            x:(r2),b        y:(r7)+,y0  ; FCE275
1445A1: mpyr     y1,y0,a         x:(r0)+n0,b     y:(r5)+,y0  ; FCA8B1
1445A2: mac      -y1,y0,a        b,x:(r3)+n3     y:(r7)+,y0  ; FC6BB6
1445A3: and      y0,a            b,x:(r3)+n3     y:(r5)+,y0  ; FC2B56
1445A4: tfr      x1,a            x:(r7),a        y:(r3)+,b   ; FBE761
1445A5: mpy      -x1,x0,a        x:(r7)+,a       y:(r0)+,b   ; FB9FA4
1445A6: mpyr     x1,y0,b         a,x:(r3)-       y:(r6)+,b   ; FB53E9
1445A7: mpy      y1,x1,b         a,x:(r3)        y:(r4)+,b   ; FB03F8
1445A8: macr     y0,y0,a         x:(r7)+n7,a     y:(r1)+,a   ; FAAF93
1445A9: cmp      y1,b            a,x:(r6)-       y:(r2)+,a   ; FA567D
1445AA: tfr      y1,a            x:(r0)+,a       y:(r7)+,y1  ; F9F871
1445AB: asr      b               x:(r5)-,a       y:(r0)+,y1  ; F9952A
1445AC: sub      y0,b            a,x:(r4)+n4     y:(r1)+,y1  ; F92C5C
1445AD: mpyr     y1,y0,b         x:(r5)+,a       y:(r1)+,y0  ; F8BDB9
1445AE: macr     -x1,y0,b        a,x:(r0)+n0     y:(r6)+,y0  ; F848EF
1445AF: mpyr     -x1,x0,a        x:(r5)+n5,x1    y:(r2)+,b   ; F7CDA5
1445B0: and      y1,b            x1,x:(r3)+n3    y:(r6)+,b   ; F74B7E
1445B1: rnd      b               x:(r2),x1       y:(r6)+,a   ; F6C219
1445B2: add      b,a             x1,x:(r1)-      y:(r5)+,a   ; F63110
1445B3: mpy      -y1,x1,a        x:(r7)-,x1      y:(r0)+,y1  ; F597F4
1445B4: eor      y0,a            x:(r6)-,x1      y:(r3)+,y0  ; F4F653
1445B5: macr     y1,y0,a         x1,x:(r3)+n3    y:(r6)+,y0  ; F44BB3
1445B6: mpyr     -y0,y0,a        x:(r7)-,x0      y:(r0)+,b   ; F39795
1445B7: or       y1,a            x:(r1)+,x0      y:(r6)+,a   ; F2D972
1445B8: mpyr     y1,y0,b         x0,x:(r0)-      y:(r4)+,a   ; F210B9
1445B9: mac      -y0,x0,a        x0,x:(r4)+      y:(r1)+,y1  ; F13CD6
1445BA: add      x,b             x0,x:(r5)+      y:(r2)+,y0  ; F05D28
1445BB: dc       $ef7108                                     ; EF7108
1445BC: mpy      -x0,y1,a        b,x:(r7)-       y:(r3)-,a   ; EE77C4
1445BD: mpyr     x1,x0,a         b,x:(r0)-       y:(r7)-,y1  ; ED70A1
1445BE: mac      y0,x0,b         b,x:(r2)+       y:(r6)-,y0  ; EC5ADA
1445BF: mpyr     -y0,y0,b        a,x:(r5)-       y:(r1)-,b   ; EB359D
1445C0: add      b,a             a,x:(r0)        y:(r4)-,a   ; EA0010
1445C1: tfr      x0,b            x:(r1)+,a       y:(r5)-,y0  ; E8B949
1445C2: eor      y0,a            x1,x:(r0)       y:(r7)-,b   ; E76053
1445C3: lsr      b               x:(r4)-,x1      y:(r3)-,y1  ; E5F42B
1445C4: macr     -y1,y0,b        x1,x:(r3)-      y:(r7)-,y0  ; E473BF
1445C5: mpy      y1,x1,a         x:(r5)+,x0      y:(r2)-,a   ; E2DDF0
1445C6: eor      x1,a            x:(r7)+n7,b     y:(r0)+,a   ; FE8F63
1445C7: sbc      y,a             b,x:(r0)        y:(r5)+,y1  ; FD2035
1445C8: eor      y1,a            x:(r2)-,a       y:(r5)+,b   ; FBB273
1445C9: addl     a,b             a,x:(r6)        y:(r2)+,a   ; FA461A
1445CA: ror      a               x:(r3)+,a       y:(r6)+,y0  ; F8DB27
1445CB: macr     -y0,y0,a        x1,x:(r1)-      y:(r7)+,b   ; F77197
1445CC: cmpm     x1,a            x1,x:(r1)+n1    y:(r4)+,a   ; F60967
1445CD: mac      -y0,y0,a        x:(r2),x1       y:(r5)+,y0  ; F4A296
1445CE: add      x,a             x0,x:(r5)+      y:(r1)+,b   ; F33D20
1445CF: addr     b,a             x:(r1)+,x0      y:(r6)+,y1  ; F1D902
1445D0: lsl      b               x0,x:(r6)-      y:(r3)+,y0  ; F0763B
1445D1: macr     -x0,y1,a        b,x:(r4)-       y:(r0)-,b   ; EF14C7
1445D2: mpy      -x1,x0,a        x:(r4)-,b       y:(r1)-,y1  ; EDB4A4
1445D3: mpy      y0,x0,a         b,x:(r5)-       y:(r2)-,y0  ; EC55D0
1445D4: cmpm     x0,a            x:(r0)+,a       y:(r7)-,a   ; EAF847
1445D5: tfr      a,b             x:(r4)+,a       y:(r0)-,y1  ; E99C09
1445D6: rnd      a               a,x:(r1)        y:(r6)-,y0  ; E84111
1445D7: and      y0,b            x:(r7),x1       y:(r3)-,a   ; E6E75E
1445D8: mac      -x1,y0,b        x:(r6)+n6,x1    y:(r0)-,y1  ; E58EEE
1445D9: mpyr     -y1,y0,b        x1,x:(r7)-      y:(r1)-,y0  ; E437BD
1445DA: macr     x0,y1,b         x:(r1),x0       y:(r7)-,a   ; E2E1CB
1445DB: clr      a               x:(r5)+n5,x0    y:(r0)-,y1  ; E18D13
1445DC: mpyr     -y0,y0,a        x0,x:(r1)+      y:(r5)-,y0  ; E03995
1445DD: and      x0,b            x:(r7),b        y:(r3)+n3,a ; DEE74E
1445DE: sub      y,b             x:(r6)-,b       y:(r0)+n0,y1 ; DD963C
1445DF: sub      y0,b            b,x:(r6)        y:(r2)+n2,y0 ; DC465C
1445E0: mpyr     -x1,x0,b        x:(r7)-,a       y:(r3)+n3,a ; DAF7AD
1445E1: sub      x,b             x:(r2)+n2,a     y:(r5)+n5,y1 ; D9AA2C
1445E2: macr     -y0,x0,a        a,x:(r5)+       y:(r2)+n2,y0 ; D85DD7
1445E3: mpy      -x1,x0,b        x1,x:(r2)-      y:(r4)+n4,b ; D712AC
1445E4: mpy      x1,x0,b         x:(r0)+n0,x1    y:(r6)+n6,y1 ; D5C8A8
1445E5: macr     x0,y1,b         x1,x:(r7)+      y:(r3)+n3,y0 ; D47FCB
1445E6: addl     b,a             x0,x:(r0)+      y:(r5)+n5,b ; D33812
1445E7: or       y1,b            x:(r1)-,x0      y:(r7)+n7,y1 ; D1F17A
1445E8: addr     b,a             x:(r4)+n4,x0    y:(r1)+n1,y0 ; D0AC02
1445E9: mpy      x1,x0,b         b,x:(r7)        y:(r3),b    ; CF67A8
1445EA: or       x1,b            b,x:(r4)        y:(r1),a    ; CE246A
1445EB: cmp      x0,a            x:(r2),b        y:(r7),y0   ; CCE245
1445EC: adc      y,b             x:(r1),a        y:(r5),b    ; CBA139
1445ED: eor      x0,a            a,x:(r1)        y:(r7),a    ; CA6143
1445EE: tfr      x1,a            a,x:(r2)        y:(r5),y1   ; C92261
1445EF: mac      y0,y0,a         x:(r4),x1       y:(r3),b    ; C7E492
1445F0: macr     y0,x0,a         x:(r7),x1       y:(r1),a    ; C6A7D3
1445F1: lsr      a               x1,x:(r4)+n4    y:(r3),y1   ; C56C23
1445F2: mpy      x0,x0,a         x1,x:(r1)-      y:(r5),y0   ; C43180
1445F3: mpy      x1,y0,b         x:(r7)-,x0      y:(r3),a    ; C2F7E8
1445F4: tfr      y0,b            x:(r7)+,x0      y:(r1),y1   ; C1BF59
1445F5: mac      y0,x0,a         x:(r7),x0       y:(r0),y0   ; C087D2
1445F6: tfr      y0,a            b,x:(r1)-       b,y:(r6)+   ; BF5151
1445F7: mpy      -y0,x0,a        b,x:(r3)+       a,y:(r4)+   ; BE1BD4
1445F8: or       y0,b            x:(r7),b        y0,y:(r3)+  ; BCE75A
1445F9: mpy      x1,y0,a         x:(r3)-,a       b,y:(r5)+   ; BBB3E0
1445FA: and      x1,a            x:(r1),a        a,y:(r4)+   ; BA8166
1445FB: mpyr     x1,y0,b         a,x:(r7)+n7     y1,y:(r2)+  ; B94FE9
1445FC: add      x1,b            a,x:(r7)+       y0,y:(r0)+  ; B81F68
1445FD: mpyr     x1,y0,a         x:(r7)+n7,x1    a,y:(r3)+   ; B6EFE1
1445FE: eor      y0,a            x:(r1),x1       y1,y:(r6)+  ; B5C153
1445FF: mpy      -y1,y0,b        x:(r3)-,x1      y0,y:(r4)+  ; B493BC
144600: addl     a,b             x0,x:(r7)       b,y:(r3)+   ; B3671A
144601: sub      x1,b            x0,x:(r3)+      a,y:(r5)+   ; B23B6C
144602: mpyr     y1,y0,a         x0,x:(r0)-      y1,y:(r4)+  ; B110B1
144603: macr     -x1,y0,a        x:(r6),b        b,y:(r3)-   ; AFE6E7
144604: dc       $aebe0c                                     ; AEBE0C
144605: subl     a,b             x:(r6)-,b       y1,y:(r0)-  ; AD961E
144606: max      a,b             b,x:(r7)+n7     y0,y:(r3)-  ; AC6F1D
144607: dc       $ab4908                                     ; AB4908
144608: macr     y0,x0,b         a,x:(r3)        a,y:(r5)-   ; AA23DB
144609: macr     -y0,y0,a        x:(r7)+,a       y0,y:(r3)-  ; A8FF97
14460A: adc      y,b             x:(r4)+,x1      b,y:(r2)-   ; A7DC39
14460B: mpy      x0,y1,a         x:(r1)+,x1      a,y:(r5)-   ; A6B9C0
14460C: lsr      b               x:(r0)+,x1      y1,y:(r4)-  ; A5982B
14460D: add      y1,b            x1,x:(r7)-      y0,y:(r3)-  ; A47778
14460E: macr     -x1,x0,a        x0,x:(r7)-      b,y:(r2)-   ; A357A7
14460F: mpyr     -y1,y0,a        x0,x:(r0)+      a,y:(r5)-   ; A238B5
144610: mpyr     x1,x0,a         x0,x:(r2)+      y1,y:(r4)-  ; A11AA1
144611: or       x1,b            x:(r5)+,b       b,y:(r3)+n3 ; 9FFD6A
144612: cmpm     a,b             x:(r1),b        a,y:(r7)+n7 ; 9EE10F
144613: mac      -x0,x0,b        x:(r5),b        y1,y:(r2)+n2 ; 9DC58E
144614: mac      -x1,y0,a        x:(r2)+n2,b     y0,y:(r5)+n5 ; 9CAAE6
144615: maxm     a,b             x:(r1)-,a       b,y:(r4)+n4 ; 9B9115
144616: clr      b               a,x:(r0)+       a,y:(r7)+n7 ; 9A781B
144617: macr     -y1,x1,a        a,x:(r7)+       y1,y:(r2)+n2 ; 995FF7
144618: mac      -x1,x0,a        a,x:(r0)+n0     y0,y:(r6)+n6 ; 9848A6
144619: ror      a               x1,x:(r2)-      b,y:(r5)+n5 ; 973227
14461A: or       y1,b            x1,x:(r4)+      a,y:(r0)+n0 ; 961C7A
14461B: mac      -y0,y0,b        x1,x:(r7)       y1,y:(r0)+n0 ; 95079E
14461C: mpy      y0,y0,a         x:(r3)-,x0      b,y:(r7)+n7 ; 93F390
14461D: add      y0,a            x:(r0),x0       a,y:(r7)+n7 ; 92E050
14461E: mpy      -y0,x0,b        x:(r5)+n5,x0    y1,y:(r2)+n2 ; 91CDDC
14461F: sub      y,a             x:(r4)+,x0      y0,y:(r1)+n1 ; 90BC34
144620: and      y0,a            x:(r3)+n3,b     b,y:(r5)    ; 8FAB56
144621: tfr      x0,a            x:(r3)+,b       a,y:(r4)    ; 8E9B41
144622: mpy      -y1,x1,a        x:(r3)+n3,b     y1,y:(r4)   ; 8D8BF4
144623: cmp      x1,b            b,x:(r5)+       y0,y:(r3)   ; 8C7D6D
144624: mpy      -x1,x0,b        a,x:(r7)+n7     b,y:(r3)    ; 8B6FAC
144625: mpy      y1,y0,a         a,x:(r2)        a,y:(r7)    ; 8A62B0
144626: cmpm     y1,a            a,x:(r6)-       y1,y:(r2)   ; 895677
144627: move     a,x:(r3)+n3     y0,y:(r6)                   ; 884B00
144628: eor      x0,b            x1,x:(r0)       b,y:(r6)    ; 87404B
144629: cmp      y0,a            x1,x:(r6)-      a,y:(r1)    ; 863655
14462A: subl     a,b             x1,x:(r5)+n5    y1,y:(r1)   ; 852D1E
14462B: mac      -x1,x0,a        x1,x:(r4)       y0,y:(r1)   ; 8424A6
14462C: mac      x1,y0,b         x0,x:(r4)+      b,y:(r0)    ; 831CEA
14462D: mac      x1,y0,b         x0,x:(r5)-      a,y:(r0)    ; 8215EA
14462E: mpyr     -x1,x0,a        x0,x:(r7)+n7    y1,y:(r0)   ; 810FA5
14462F: rnd      b               x0,x:(r2)+n2    y0,y:(r4)   ; 800A19
144630: and      x0,a            n7,y:$5                     ; 7F0546
144631: lsr      b               n6,y:$1                     ; 7E012B
144632: macr     -x0,y1,a        y:-(r5),n4                  ; 7CFDC7
144633: add      a,b             y:-(r3),n3                  ; 7BFB18
144634: subl     a,b             y:-(r1),n2                  ; 7AF91E
144635: dc       $79f7d7                                     ; 79F7D7
144636: dc       $78f744                                     ; 78F744
144637: dc       $77f762                                     ; 77F762
144638: adc      y,a             x:-(r0),n6                  ; 76F831
144639: mpy      y1,y0,a         x:-(r1),n5                  ; 75F9B0
14463A: mpyr     -y0,x0,b        x:-(r3),n4                  ; 74FBDD
14463B: mpyr     y1,y0,b         x:-(r6),n3                  ; 73FEB9
14463C: or       x0,a            n3,x:$2                     ; 730242
14463D: cmpm     y1,a            n2,x:$6                     ; 720677
14463E: cmpm     y0,a            n1,x:$b                     ; 710B57
14463F: mpyr     x1,y0,a         n0,x:$10                    ; 7010E1
144640: maxm     a,b             r7,y:$17                    ; 6F1715
144641: mpyr     y1,x1,a         r6,y:$1d                    ; 6E1DF1
144642: cmp      y1,a            r5,y:$25                    ; 6D2575
144643: macr     -y0,y0,b        r4,y:$2d                    ; 6C2D9F
144644: add      y1,a            r3,y:$36                    ; 6B3670
144645: mpyr     -x1,y0,a        r2,y:$3f                    ; 6A3FE5
144646: macr     -y1,x1,b        r1,y:(r1)+n1                ; 6949FF
144647: mpy      -y1,y0,b        r0,y:(r4)-                  ; 6854BC
144648: clr      b               r7,x:(r0)                   ; 67601B
144649: sub      a,b             r6,x:(r4+n4)                ; 666C1C
14464A: mac      -y1,y0,b        r5,x:-(r0)                  ; 6578BE
14464B: move     x:$6,r4                                     ; 648600
14464C: mpy      x1,y0,a         x:$13,r3                    ; 6393E0
14464D: add      x1,a            x:$22,r2                    ; 62A260
14464E: sub      y1,b            x:$31,r1                    ; 61B17C
14464F: neg      a               x:(r1)-n1,r0                ; 60C136
144650: macr     x0,x0,b         y:(r1)-,b                   ; 5FD18B
144651: sub      y1,b            y:(r2),a                    ; 5EE27C
144652: subr     b,a             #>$5d062b,b1                ; 5DF406 5D062B
144654: mpy      x1,y0,b         a1,y:$18                    ; 5C18E8
144655: sbc      y,b             b2,y:$2c                    ; 5B2C3D
144656: asr      b               a2,y:(r0)-n0                ; 5A402A
144657: mpyr     -x1,x0,b        b0,y:(r4)-                  ; 5954AD
144658: mpyr     -x0,y1,a        a0,y:(r1+n1)                ; 5869C5
144659: eor      y1,a            b,x:-(r7)                   ; 577F73
14465A: mpyr     -y1,y0,a        x:$15,a                     ; 5695B5
14465B: macr     x0,x0,b         x:$2c,b1                    ; 55AC8B
14465C: mpy      -y1,x1,a        x:(r3)-n3,a1                ; 54C3F4
14465D: mac      -x1,y0,b        x:(r3)+,b2                  ; 53DBEE
14465E: or       y1,b            #>$520d97,a2                ; 52F47A 520D97
144660: sub      x0,a            b0,x:$27                    ; 512744
144661: mpy      x0,x0,a         a0,x:(r1)-n1                ; 504180
144662: or       x0,b            y1,y:(r4)+                  ; 4F5C4A
144663: dc       $4e77a3                                     ; 4E77A3
144664: mpyr     x0,x0,b         y:$13,x1                    ; 4D9389
144665: macr     y1,x1,b         y:$2f,x0                    ; 4CAFFB
144666: mpyr     y1,x1,b         l:(r4)+n4,ba                ; 4BCCF9
144667: macr     x0,x0,a         l:(r2+n2),ab                ; 4AEA83
144668: mac      -y0,y0,a        ab,l:<$8                    ; 4A0896
144669: sub      y,a             b,l:<$27                    ; 492734
14466A: eor      y0,b            a,l:(r6)-n6                 ; 48465B
14466B: tst      b               y1,x:(r6)                   ; 47660B
14466C: or       x0,a            x:$6,y0                     ; 468642
14466D: tfr      b,a             x:$27,x1                    ; 45A701
14466E: and      x0,a            x:(r0)+n0,x0                ; 44C846
14466F: addl     b,a             l:(r2+n2),y                 ; 43EA12
144670: or       x1,a            y,l:<$c                     ; 430C62
144671: add      y,b             x,l:<$2f                    ; 422F38
144672: mpyr     y0,y0,a         b10,l:(r2)-                 ; 415291
144673: dc       $40766e                                     ; 40766E
144674: mac      -x0,y1,b        #$9a,n7                     ; 3F9ACE
144675: mpyr     y1,y0,a         #$bf,n6                     ; 3EBFB1
144676: maxm     a,b             #$e5,n5                     ; 3DE515
144677: mac      y1,x1,b         #$a,n5                      ; 3D0AFA
144678: add      x1,a            #$31,n4                     ; 3C3160
144679: cmp      x0,a            #$58,n3                     ; 3B5845
14467A: mac      x1,x0,b         #$7f,n2                     ; 3A7FAA
14467B: mac      -x0,x0,b        #$a7,n1                     ; 39A78E
14467C: macr     -x1,y0,b        #$cf,n0                     ; 38CFEF
14467D: macr     -x0,y1,b        #$f8,r7                     ; 37F8CF
14467E: lsr      b               #$22,r7                     ; 37222B
14467F: dc       $364c04                                     ; 364C04
144680: tfr      y0,b            #$76,r5                     ; 357659
144681: adc      x,b             #$a1,r4                     ; 34A129
144682: sub      y1,a            #$cc,r3                     ; 33CC74
144683: adc      y,b             #$f8,r2                     ; 32F839
144684: add      y1,b            #$24,r2                     ; 322478
144685: add      y,a             #$51,r1                     ; 315130
144686: add      x1,a            #$7e,r0                     ; 307E60
144687: tfr      a,b             #$ac,b                      ; 2FAC09
144688: adc      x,b             #$da,a                      ; 2EDA29
144689: mpy      x0,y1,a         #$8,a                       ; 2E08C0
14468A: mpyr     -x0,y1,b        #$37,b1                     ; 2D37CD
14468B: tfr      y0,a            #$67,a1                     ; 2C6751
14468C: or       x0,b            #$97,b2                     ; 2B974A
14468D: mpy      y1,y0,b         #$c7,a2                     ; 2AC7B8
14468E: mac      y0,y0,b         #$f8,b0                     ; 29F89A
14468F: mpy      y1,x1,a         #$29,b0                     ; 2929F0
144690: mac      y1,y0,b         #$5b,a0                     ; 285BBA
144691: mac      -y1,x1,a        #$8d,y1                     ; 278DF6
144692: mpyr     -x1,x0,a        #$c0,y0                     ; 26C0A5
144693: mac      -x0,y1,a        #$f3,x1                     ; 25F3C6
144694: add      y0,b            #$27,x1                     ; 252758
144695: eor      y0,b            #$5b,x0                     ; 245B5B
144696: mac      -x0,y1,b        n4,b                        ; 238FCE
144697: mac      y1,y0,a         r6,x0                       ; 22C4B2
144698: cmp      b,a             b,n2                        ; 21FA05
144699: macr     -x0,y1,a        b0,b                        ; 212FC7
14469A: dc       $2065f7                                     ; 2065F7
14469B: mpyr     -y0,y0,a        x:(r4)+,b       b,y1        ; 1F9C95
14469C: mpyr     x1,x0,a         b,x1            y:(r3)-,a   ; 1ED3A1
14469D: addl     a,b             b,x:(r3)+n3     b,y0        ; 1E0B1A
14469E: move     b,x1            y1,y:(r3)-n3                ; 1D4300
14469F: or       y0,a            b,x1            y0,y:-(r3)  ; 1C7B52
1446A0: add      b,a             #>$1aed39,a     b,y1        ; 1BB410 1AED39
1446A2: mpy      -x0,y1,b        a,x:(r6)        b,y0        ; 1A26CC
1446A3: mac      x0,y1,b         b,x0            y1,y:(r0)   ; 1960CA
1446A4: lsl      a               x:(r3)+,a       a,y0        ; 189B33
1446A5: dc       $17d604                                     ; 17D604
1446A6: rol      b               x1,x:(r1)-      b,y1        ; 17113F
1446A7: mac      x1,y0,a         a,x1            a,y:(r4)+n4 ; 164CE2
1446A8: mpyr     -x1,y0,b        x:(r0)+n0,x1    a,y1        ; 1588ED
1446A9: add      x1,a            a,x1            y:(r5)-n5,y0 ; 14C560
1446AA: lsl      b               x1,x:(r2)-n2    a,y0        ; 14023B
1446AB: sub      y1,b            x0,x:-(r7)      b,y1        ; 133F7C
1446AC: sub      x,a             a,x0            a,y:-(r5)   ; 127D24
1446AD: asl      a               x:-(r3),x0      a,y1        ; 11BB32
1446AE: mac      -x1,x0,a        a,x0            y:-(r1),y0  ; 10F9A6
1446AF: and      y1,b            x0,x:-(r0)      a,y0        ; 10387E
1446B0: jsgt     func_0007bc                                 ; 0F77BC
1446B1: jmi      func_00075e                                 ; 0EB75E
1446B2: bsset    #$4,y:<<$fffff7,func_217e80                 ; 0DF764 0D37CE
1446B4: dc       $0c789a                                     ; 0C789A
1446B5: jsclr    #$a,y:<<$fffff9,func_0afb5c                 ; 0BB9CA 0AFB5C
1446B7: bclr     #$10,y:$3d                                  ; 0A3D50
1446B8: movep    y:<<$ffffe5,x:-(r7)                         ; 097FA5
1446B9: movep    p:(r2)-n2,x:<<$ffffdc                       ; 08C25C
1446BA: eor      y1,a            a,x:(r5)-n5     x0,a        ; 080573
1446BB: dc       $0748eb                                     ; 0748EB
1446BC: dc       $068cc3                                     ; 068CC3
1446BD: dc       $05d0fb                                     ; 05D0FB
1446BE: bge      func_144790                                 ; 051592
1446BF: movep    x:<<$ffff88,n2                              ; 045A88
1446C0: move     x:(r7-$19),a1                               ; 039FDC
1446C1: move     b,x:(r5+$38)                                ; 02E58F
1446C2: move     x:(r3+$a),b                                 ; 022B9F
1446C3: bchg     #$d,x:<<$ffffb2                             ; 01720D
1446C4: dc       $00b8d8                                     ; 00B8D8
1446C5: nop                                                  ; 000000
1446C6: rol      b               a,x:(r0)        a,y0        ; 18203F
1446C7: rnd      b               x1,x:-(r6)      b,y1        ; 173E19
1446C8: cmpm     x0,b            a,x1            a,y:(r3)    ; 16634F
1446C9: macr     -y1,y0,a        x:(r7)+n7,x1    a,y1        ; 158FB7
1446CA: abs      a               a,x1            y:(r3)-n3,y0 ; 14C326
1446CB: and      x1,b            a,x0            y:-(r5),b   ; 13FD6E
1446CC: eor      x1,a            x0,x:-(r6)      b,y1        ; 133E63
1446CD: macr     y0,x0,b         x:(r5)-n5,x0    b,y0        ; 1285DB
1446CE: macr     -x1,x0,a        a,x0            y:(r3)-,y1  ; 11D3A7
1446CF: mpyr     -y0,y0,b        x0,x:(r7)       a,y1        ; 11279D
1446D0: mpy      y0,y0,a         x:(r1)-n1,x0    a,y0        ; 108190
1446D1: jsls     func_000155                                 ; 0FE155
1446D2: jsnn     func_0006c0                                 ; 0F46C0
1446D3: jmi      func_0001a8                                 ; 0EB1A8
1446D4: jne      func_0001e2                                 ; 0E21E2
1446D5: bsclr    #$6,y:(r7)-,func_21587e                     ; 0D9746 0D11A9
1446D7: brset    #$5,y:$10,func_205ba8                       ; 0C90E5 0C14D1
1446D9: bchg     #$8,y:<<$ffffdd                             ; 0B9D48
1446DA: btst     #$5,x:$2a                                   ; 0B2A25
1446DB: bclr     #$1,y:<<$fffffb                             ; 0ABB41
1446DC: dc       $0a5079                                     ; 0A5079
1446DD: movep    x:(r1+n1),y:<<$ffffeb                       ; 09E9AB
1446DE: macr     y1,y0,a         y0,b            b,y:(r6)-n6 ; 0986B3
1446DF: tfr      y1,a            b,x:(r7)        x0,b        ; 092771
1446E0: movep    y:(r3)+n3,x:<<$ffffc3                       ; 08CBC3
1446E1: dc       $08738b                                     ; 08738B
1446E2: mpyr     x1,x0,b         a,x:(r6)+       x0,a        ; 081EA9
1446E3: dc       $07ccff                                     ; 07CCFF
1446E4: movep    x:<<$ffffb1,y:-(r6)                         ; 077E71
1446E5: dc       $0732e2                                     ; 0732E2
1446E6: dc       $06ea37                                     ; 06EA37
1446E7: dc       $06a455                                     ; 06A455
1446E8: dc       $066122                                     ; 066122
1446E9: do       #<$620,>$5e26a                              ; 062086 05E269
1446EB: dc       $05a6b2                                     ; 05A6B2
1446EC: dc       $056d4c                                     ; 056D4C
1446ED: move     m1,x:$36                                    ; 053621
1446EE: bscc     func_144788                                 ; 05011A
1446EF: movep    a,y:<<$ffff85                               ; 04CE25
1446F0: brset    #$d,x:<<$ffff9d,func_18b50e                 ; 049D2D 046E1E
1446F2: dc       $0440e8                                     ; 0440E8
1446F3: lua      (r5+$27),r7                                 ; 041577
1446F4: move     y:(r3-$6),b2                                ; 03EBBB
1446F5: dc       $03c3a2                                     ; 03C3A2
1446F6: dc       $039d1e                                     ; 039D1E
1446F7: dc       $03781e                                     ; 03781E
1446F8: move     x:(r4-$2c),x0                               ; 035494
1446F9: tpl      y1,a r2,r2                                  ; 033272
1446FA: move     b0,y:(r1-$3c)                               ; 0311A9
1446FB: dc       $02f22c                                     ; 02F22C
1446FC: move     b,y:(r3+$35)                                ; 02D3EF
1446FD: move     x0,y:(r6+$2d)                               ; 02B6E4
1446FE: tlt      r3,r1                                       ; 029B01
1446FF: dc       $028039                                     ; 028039
144700: dc       $026682                                     ; 026682
144701: dc       $024dd1                                     ; 024DD1
144702: dc       $02361c                                     ; 02361C
144703: tge      r7,r1                                       ; 021F59
144704: tcc      r1,r6                                       ; 02097E
144705: jsclr    #$2,x:<<$ffffb4,func_01e05d                 ; 01F482 01E05D
144707: dc       $01cd06                                     ; 01CD06
144708: div      y1,a                                        ; 01BA75
144709: jset     #$2,x:<<$ffffa8,func_019785                 ; 01A8A2 019785
14470B: dc       $018719                                     ; 018719
14470C: bchg     #$14,y:<<$ffffb7                            ; 017754
14470D: btst     #$12,x:<<$ffffa8                            ; 016832
14470E: eor      #<$19,b                                     ; 0159AB
14470F: dc       $014bb9                                     ; 014BB9
144710: bclr     #$16,y:<<$ffffbe                            ; 013E56
144711: dc       $01317d                                     ; 01317D
144712: bset     #$8,x:<<$ffffa5                             ; 012528
144713: bclr     #$12,y:<<$ffff99                            ; 011952
144714: mac      -x1,#$d,a                                   ; 010DF6
144715: bclr     #$f,x:<<$ffff83                             ; 01030F
144716: dc       $00f898                                     ; 00F898
144717: dc       $00ee8d                                     ; 00EE8D
144718: dc       $00e4e9                                     ; 00E4E9
144719: dc       $00dba9                                     ; 00DBA9
14471A: dc       $00d2c8                                     ; 00D2C8
14471B: movep    p:(r2)+n2,y:<<$ffff83                       ; 00CA43
14471C: movep    p:(r2)-n2,x:<<$ffff96                       ; 00C216
14471D: movep    x:<<$ffffbd,p:-(r2)                         ; 00BA3D
14471E: dc       $00b2b5                                     ; 00B2B5
14471F: movep    y:<<$ffffbb,p:(r3+n3)                       ; 00AB7B
144720: dc       $00a48b                                     ; 00A48B
144721: dc       $009de3                                     ; 009DE3
144722: dc       $009780                                     ; 009780
144723: movep    y:<<$ffff9f,p:(r1)-                         ; 00915F
144724: movep    y:<<$ffffbd,p:(r3)+n3                       ; 008B7D
144725: dc       $0085d8                                     ; 0085D8
144726: movep    y:<<$ffffae,p:(r0)-n0                       ; 00806E
144727: dc       $007b3b                                     ; 007B3B
144728: dc       $00763e                                     ; 00763E
144729: dc       $007175                                     ; 007175
14472A: dc       $006cdd                                     ; 006CDD
14472B: dc       $006875                                     ; 006875
14472C: dc       $00643a                                     ; 00643A
14472D: dc       $00602b                                     ; 00602B
14472E: dc       $005c47                                     ; 005C47
14472F: dc       $00588a                                     ; 00588A
144730: dc       $0054f4                                     ; 0054F4
144731: dc       $005183                                     ; 005183
144732: dc       $004e36                                     ; 004E36
144733: dc       $004b0b                                     ; 004B0B
144734: dc       $004801                                     ; 004801
144735: dc       $004517                                     ; 004517
144736: dc       $00424a                                     ; 00424A
144737: dc       $003f9b                                     ; 003F9B
144738: dc       $003d07                                     ; 003D07
144739: dc       $003a8e                                     ; 003A8E
14473A: dc       $00382f                                     ; 00382F
14473B: dc       $0035e8                                     ; 0035E8
14473C: andi     #$33,ccr                                    ; 0033B9
14473D: dc       $0031a1                                     ; 0031A1
14473E: dc       $002f9e                                     ; 002F9E
14473F: dc       $002db0                                     ; 002DB0
144740: dc       $002bd6                                     ; 002BD6
144741: dc       $002a0f                                     ; 002A0F
144742: dc       $00285b                                     ; 00285B
144743: andi     #$26,mr                                     ; 0026B8
144744: dc       $002527                                     ; 002527
144745: dc       $0023a5                                     ; 0023A5
144746: teq      x0,a                                        ; 02A544
144747: dc       $029029                                     ; 029029
144748: move     y:(r3+$1e),x1                               ; 027BB5
144749: dc       $0267e2                                     ; 0267E2
14474A: move     a1,y:(r4+$14)                               ; 0254AC
14474B: tnn      a,b                                         ; 02420E
14474C: tpl      b,a                                         ; 023003
14474D: move     a0,x:(r6+$6)                                ; 021E88
14474E: move     x:(r5+$2),y1                                ; 020D97
14474F: dc       $01fd2c                                     ; 01FD2C
144750: dc       $01ed44                                     ; 01ED44
144751: dc       $01ddd9                                     ; 01DDD9
144752: jsset    #$a,y:<<$ffff8e,func_01c071                 ; 01CEEA 01C071
144754: div      x1,b                                        ; 01B26B
144755: jclr     #$14,y:<<$ffffa4,func_0197aa                ; 01A4D4 0197AA
144757: jset     #$8,y:<<$ffff8a,func_017e8d                 ; 018AE8 017E8D
144759: eor      #<$32,a                                     ; 017293
14475A: dc       $0166f9                                     ; 0166F9
14475B: eor      #<$1b,b                                     ; 015BBB
14475C: dc       $0150d7                                     ; 0150D7
14475D: bchg     #$a,y:<<$ffff86                             ; 01464A
14475E: bclr     #$11,x:<<$ffffbc                            ; 013C11
14475F: bset     #$a,x:<<$ffffb2                             ; 01322A
144760: dc       $012892                                     ; 012892
144761: bclr     #$6,y:<<$ffff9f                             ; 011F46
144762: bclr     #$5,y:<<$ffff96                             ; 011645
144763: dc       $010d8c                                     ; 010D8C
144764: dc       $010518                                     ; 010518
144765: dc       $00fce8                                     ; 00FCE8
144766: ori      #$f4,ccr                                    ; 00F4F9
144767: movep    p:(r5+n5),y:<<$ffff8a                       ; 00ED4A
144768: dc       $00e5d9                                     ; 00E5D9
144769: dc       $00dea3                                     ; 00DEA3
14476A: dc       $00d7a6                                     ; 00D7A6
14476B: dc       $00d0e2                                     ; 00D0E2
14476C: movep    p:(r2)+n2,y:<<$ffff94                       ; 00CA54
14476D: ori      #$c3,omr                                    ; 00C3FA
14476E: dc       $00bdd3                                     ; 00BDD3
14476F: dc       $00b7de                                     ; 00B7DE
144770: dc       $00b218                                     ; 00B218
144771: dc       $00ac80                                     ; 00AC80
144772: movep    x:<<$ffff96,p:(r7)                          ; 00A716
144773: dc       $00a1d7                                     ; 00A1D7
144774: dc       $009cc1                                     ; 009CC1
144775: dc       $0097d5                                     ; 0097D5
144776: movep    x:<<$ffff90,p:(r3)-                         ; 009310
144777: movep    y:<<$ffffb2,p:(r6)+n6                       ; 008E72
144778: ori      #$89,mr                                     ; 0089F8
144779: dc       $0085a2                                     ; 0085A2
14477A: movep    y:<<$ffffb0,p:(r1)-n1                       ; 008170
14477B: dc       $007d5e                                     ; 007D5E
14477C: dc       $00796e                                     ; 00796E
14477D: dc       $00759d                                     ; 00759D
14477E: dc       $0071eb                                     ; 0071EB
14477F: dc       $006e56                                     ; 006E56
144780: dc       $006adf                                     ; 006ADF
144781: dc       $006783                                     ; 006783
144782: dc       $006442                                     ; 006442
144783: dc       $00611b                                     ; 00611B
144784: dc       $005e0d                                     ; 005E0D
144785: dc       $005b19                                     ; 005B19
144786: dc       $00583b                                     ; 00583B
144787: dc       $005575                                     ; 005575
144788: dc       $0052c5                                     ; 0052C5
144789: dc       $00502b                                     ; 00502B
14478A: dc       $004da6                                     ; 004DA6
14478B: dc       $004b35                                     ; 004B35
14478C: dc       $0048d7                                     ; 0048D7
14478D: dc       $00468d                                     ; 00468D
14478E: dc       $004455                                     ; 004455
14478F: dc       $00422f                                     ; 00422F
144790: dc       $00401a                                     ; 00401A
144791: dc       $003e16                                     ; 003E16
144792: dc       $003c22                                     ; 003C22
144793: dc       $003a3e                                     ; 003A3E
144794: dc       $003869                                     ; 003869
144795: dc       $0036a3                                     ; 0036A3
144796: dc       $0034eb                                     ; 0034EB
144797: dc       $003341                                     ; 003341
144798: dc       $0031a4                                     ; 0031A4
144799: dc       $003014                                     ; 003014
14479A: dc       $002e91                                     ; 002E91
14479B: dc       $002d1a                                     ; 002D1A
14479C: dc       $002baf                                     ; 002BAF
14479D: dc       $002a4f                                     ; 002A4F
14479E: ori      #$28,omr                                    ; 0028FA
14479F: dc       $0027b0                                     ; 0027B0
1447A0: dc       $002670                                     ; 002670
1447A1: dc       $00253b                                     ; 00253B
1447A2: dc       $00240f                                     ; 00240F
1447A3: dc       $0022ec                                     ; 0022EC
1447A4: dc       $0021d3                                     ; 0021D3
1447A5: dc       $0020c3                                     ; 0020C3
1447A6: andi     #$1f,eom                                    ; 001FBB
1447A7: andi     #$1e,eom                                    ; 001EBB
1447A8: dc       $001dc4                                     ; 001DC4
1447A9: dc       $001cd4                                     ; 001CD4
1447AA: dc       $001bec                                     ; 001BEC
1447AB: dc       $001b0b                                     ; 001B0B
1447AC: dc       $001a31                                     ; 001A31
1447AD: dc       $00195e                                     ; 00195E
1447AE: dc       $001892                                     ; 001892
1447AF: dc       $0017cc                                     ; 0017CC
1447B0: dc       $00170c                                     ; 00170C
1447B1: dc       $001652                                     ; 001652
1447B2: dc       $00159e                                     ; 00159E
1447B3: dc       $0014f0                                     ; 0014F0
1447B4: dc       $001448                                     ; 001448
1447B5: dc       $0013a4                                     ; 0013A4
1447B6: dc       $001306                                     ; 001306
1447B7: dc       $00126d                                     ; 00126D
1447B8: dc       $0011d8                                     ; 0011D8
1447B9: dc       $001148                                     ; 001148
1447BA: dc       $0010bd                                     ; 0010BD
1447BB: dc       $001036                                     ; 001036
1447BC: dc       $000fb4                                     ; 000FB4
1447BD: dc       $000f35                                     ; 000F35
1447BE: andi     #$e,eom                                     ; 000EBB
1447BF: dc       $000e44                                     ; 000E44
1447C0: dc       $000dd1                                     ; 000DD1
1447C1: dc       $000d62                                     ; 000D62
1447C2: dc       $000cf6                                     ; 000CF6
1447C3: dc       $000c8d                                     ; 000C8D
1447C4: dc       $000c28                                     ; 000C28
1447C5: dc       $000bc6                                     ; 000BC6
1447C6: macr     -y1,x1,b        y:-(r7),n7                  ; 7FFFFF
1447C7: macr     -x1,x0,b        y:(r1),n7                   ; 7FE1AF
1447C8: addl     b,a             y:$7,n7                     ; 7F8712
1447C9: dc       $7ef12b                                     ; 7EF12B
1447CA: mpyr     y0,y0,b         n6,y:$21                    ; 7E2199
1447CB: mpy      -y0,y0,a        n5,y:$1a                    ; 7D1A94
1447CC: mpy      x1,y0,a         y:(r6)+,n3                  ; 7BDEE0
1447CD: dc       $7a71b6                                     ; 7A71B6
1447CE: mpy      -x1,x0,b        y:(r6)-,n0                  ; 78D6AC
1447CF: mpyr     -x1,x0,b        n7,x:$11                    ; 7711AD
1447D0: mpyr     -y0,x0,a        n5,x:$26                    ; 7526D5
1447D1: sub      x1,a            n3,x:$1a                    ; 731A64
1447D2: mac      -x1,x0,a        x:>$6eade3,n0               ; 70F0A6 6EADE3
1447D4: cmp      x0,b            r4,y:(r6)-                  ; 6C564D
1447D5: mpy      y1,x1,a         y:(r5+n5),r1                ; 69EDF0
1447D6: mpyr     x1,x0,b         r7,x:-(r0)                  ; 6778A9
1447D7: clr      b               x:-(r2),r4                  ; 64FA1B
1447D8: dc       $6275a6                                     ; 6275A6
1447D9: or       x1,b            y:(r6+n6),b                 ; 5FEE6A
1447DA: asl      b               b1,y:(r7)                   ; 5D673A
1447DB: macr     x1,x0,a         y:(r2),a2                   ; 5AE2A3
1447DC: mpyr     x1,y0,b         a0,y:(r2)                   ; 5862E9
1447DD: cmp      a,b             x:(r2+n2),b1                ; 55EA0D
1447DE: mac      x0,y1,b         b2,x:-(r1)                  ; 5379CA
1447DF: mpy      -y0,y0,b        b0,x:$13                    ; 51139C
1447E0: mpy      -x0,y1,a        y:$38,y0                    ; 4EB8C4
1447E1: cmp      x0,b            x0,y:(r2+n2)                ; 4C6A4D
1447E2: cmpm     a,b             ab,l:<$29                   ; 4A290F
1447E3: dc       $47f5b4                                     ; 47F5B4
1447E4: mpy      x0,y1,a         x:(r0)-,x1                  ; 45D0C0
1447E5: macr     -x0,x0,b        l:<$3a,y                    ; 43BA8F
1447E6: and      y0,b            l:<$33,b10                  ; 41B35E
1447E7: mac      -y0,y0,b        #$dd,n7                     ; 3FDD9E
1447E8: macr     x0,y1,b         #$e6,n6                     ; 3EE6CB
1447E9: macr     -x1,y0,b        #$f3,n5                     ; 3DF3EF
1447EA: adc      x,b             #$5,n5                      ; 3D0529
1447EB: macr     y0,y0,a         #$1a,n4                     ; 3C1A93
1447EC: sub      y,b             #$34,n3                     ; 3B343C
1447ED: lsl      a               #$52,n2                     ; 3A5233
1447EE: and      y1,b            #$74,n1                     ; 39747E
1447EF: add      x,a             #$9b,n0                     ; 389B20
1447F0: rnd      b               #$c6,r7                     ; 37C619
1447F1: sub      x1,a            #$f5,r6                     ; 36F564
1447F2: mpyr     y1,x1,b         #$28,r6                     ; 3628F9
1447F3: mpy      y0,x0,a         #$60,r5                     ; 3560D0
1447F4: mpyr     -y0,x0,b        #$9c,r4                     ; 349CDD
1447F5: addl     b,a             #$dd,r3                     ; 33DD12
1447F6: cmpm     y0,b            #$21,r3                     ; 33215F
1447F7: mpyr     -y1,y0,a        #$69,r2                     ; 3269B5
1447F8: addr     b,a             #$b6,r1                     ; 31B602
1447F9: lsl      a               #$6,r1                      ; 310633
1447FA: sbc      y,a             #$5a,r0                     ; 305A35
1447FB: mac      -y1,x1,a        #$b1,b                      ; 2FB1F6
1447FC: add      x1,a            #$d,b                       ; 2F0D60
1447FD: add      x1,a            #$6c,a                      ; 2E6C60
1447FE: mac      x1,y0,a         #$ce,b1                     ; 2DCEE2
1447FF: sbc      y,b             #$41,b1                     ; 2D413D
144800: sbc      y,b             #$41,b1                     ; 2D413D
144801: sbc      y,b             #$41,b1                     ; 2D413D
144802: sbc      y,b             #$41,b1                     ; 2D413D
144803: sbc      y,b             #$41,b1                     ; 2D413D
144804: sbc      y,b             #$41,b1                     ; 2D413D
144805: sbc      y,b             #$41,b1                     ; 2D413D
144806: sbc      y,b             #$41,b1                     ; 2D413D
144807: sbc      y,b             #$41,b1                     ; 2D413D
144808: sbc      y,b             #$41,b1                     ; 2D413D
144809: sbc      y,b             #$41,b1                     ; 2D413D
14480A: sbc      y,b             #$41,b1                     ; 2D413D
14480B: sbc      y,b             #$41,b1                     ; 2D413D
14480C: sbc      y,b             #$41,b1                     ; 2D413D
14480D: sbc      y,b             #$41,b1                     ; 2D413D
14480E: sbc      y,b             #$41,b1                     ; 2D413D
14480F: sbc      y,b             #$41,b1                     ; 2D413D
144810: sbc      y,b             #$41,b1                     ; 2D413D
144811: sbc      y,b             #$41,b1                     ; 2D413D
144812: sbc      y,b             #$41,b1                     ; 2D413D
144813: sbc      y,b             #$41,b1                     ; 2D413D
144814: sbc      y,b             #$41,b1                     ; 2D413D
144815: sbc      y,b             #$41,b1                     ; 2D413D
144816: sbc      y,b             #$41,b1                     ; 2D413D
144817: sbc      y,b             #$41,b1                     ; 2D413D
144818: sbc      y,b             #$41,b1                     ; 2D413D
144819: sbc      y,b             #$41,b1                     ; 2D413D
14481A: sbc      y,b             #$41,b1                     ; 2D413D
14481B: sbc      y,b             #$41,b1                     ; 2D413D
14481C: sbc      y,b             #$41,b1                     ; 2D413D
14481D: sbc      y,b             #$41,b1                     ; 2D413D
14481E: sbc      y,b             #$41,b1                     ; 2D413D
14481F: sbc      y,b             #$41,b1                     ; 2D413D
144820: sbc      y,b             #$41,b1                     ; 2D413D
144821: sbc      y,b             #$41,b1                     ; 2D413D
144822: sbc      y,b             #$41,b1                     ; 2D413D
144823: sbc      y,b             #$41,b1                     ; 2D413D
144824: sbc      y,b             #$41,b1                     ; 2D413D
144825: sbc      y,b             #$41,b1                     ; 2D413D
144826: sbc      y,b             #$41,b1                     ; 2D413D
144827: sbc      y,b             #$41,b1                     ; 2D413D
144828: sbc      y,b             #$41,b1                     ; 2D413D
144829: sbc      y,b             #$41,b1                     ; 2D413D
14482A: sbc      y,b             #$41,b1                     ; 2D413D
14482B: sbc      y,b             #$41,b1                     ; 2D413D
14482C: sbc      y,b             #$41,b1                     ; 2D413D
14482D: sbc      y,b             #$41,b1                     ; 2D413D
14482E: sbc      y,b             #$41,b1                     ; 2D413D
14482F: sbc      y,b             #$41,b1                     ; 2D413D
144830: sbc      y,b             #$41,b1                     ; 2D413D
144831: sbc      y,b             #$41,b1                     ; 2D413D
144832: sbc      y,b             #$41,b1                     ; 2D413D
144833: sbc      y,b             #$41,b1                     ; 2D413D
144834: sbc      y,b             #$41,b1                     ; 2D413D
144835: sbc      y,b             #$41,b1                     ; 2D413D
144836: sbc      y,b             #$41,b1                     ; 2D413D
144837: sbc      y,b             #$41,b1                     ; 2D413D
144838: sbc      y,b             #$41,b1                     ; 2D413D
144839: sbc      y,b             #$41,b1                     ; 2D413D
14483A: sbc      y,b             #$41,b1                     ; 2D413D
14483B: sbc      y,b             #$41,b1                     ; 2D413D
14483C: sbc      y,b             #$41,b1                     ; 2D413D
14483D: sbc      y,b             #$41,b1                     ; 2D413D
14483E: sbc      y,b             #$41,b1                     ; 2D413D
14483F: sbc      y,b             #$41,b1                     ; 2D413D
144840: sbc      y,b             #$41,b1                     ; 2D413D
144841: sbc      y,b             #$41,b1                     ; 2D413D
144842: sbc      y,b             #$41,b1                     ; 2D413D
144843: sbc      y,b             #$41,b1                     ; 2D413D
144844: sbc      y,b             #$41,b1                     ; 2D413D
144845: sbc      y,b             #$41,b1                     ; 2D413D
144846: sbc      y,b             #$41,b1                     ; 2D413D
144847: sbc      y,b             #$41,b1                     ; 2D413D
144848: sbc      y,b             #$41,b1                     ; 2D413D
144849: sbc      y,b             #$41,b1                     ; 2D413D
14484A: sbc      y,b             #$41,b1                     ; 2D413D
14484B: sbc      y,b             #$41,b1                     ; 2D413D
14484C: sbc      y,b             #$41,b1                     ; 2D413D
14484D: sbc      y,b             #$41,b1                     ; 2D413D
14484E: sbc      y,b             #$41,b1                     ; 2D413D
14484F: sbc      y,b             #$41,b1                     ; 2D413D
144850: sbc      y,b             #$41,b1                     ; 2D413D
144851: sbc      y,b             #$41,b1                     ; 2D413D
144852: sbc      y,b             #$41,b1                     ; 2D413D
144853: sbc      y,b             #$41,b1                     ; 2D413D
144854: sbc      y,b             #$41,b1                     ; 2D413D
144855: sbc      y,b             #$41,b1                     ; 2D413D
144856: sbc      y,b             #$41,b1                     ; 2D413D
144857: sbc      y,b             #$41,b1                     ; 2D413D
144858: sbc      y,b             #$41,b1                     ; 2D413D
144859: sbc      y,b             #$41,b1                     ; 2D413D
14485A: sbc      y,b             #$41,b1                     ; 2D413D
14485B: sbc      y,b             #$41,b1                     ; 2D413D
14485C: sbc      y,b             #$41,b1                     ; 2D413D
14485D: sbc      y,b             #$41,b1                     ; 2D413D
14485E: sbc      y,b             #$41,b1                     ; 2D413D
14485F: sbc      y,b             #$41,b1                     ; 2D413D
144860: sbc      y,b             #$41,b1                     ; 2D413D
144861: sbc      y,b             #$41,b1                     ; 2D413D
144862: sbc      y,b             #$41,b1                     ; 2D413D
144863: sbc      y,b             #$41,b1                     ; 2D413D
144864: sbc      y,b             #$41,b1                     ; 2D413D
144865: sbc      y,b             #$41,b1                     ; 2D413D
144866: sbc      y,b             #$41,b1                     ; 2D413D
144867: sbc      y,b             #$41,b1                     ; 2D413D
144868: sbc      y,b             #$41,b1                     ; 2D413D
144869: sbc      y,b             #$41,b1                     ; 2D413D
14486A: sbc      y,b             #$41,b1                     ; 2D413D
14486B: sbc      y,b             #$41,b1                     ; 2D413D
14486C: sbc      y,b             #$41,b1                     ; 2D413D
14486D: sbc      y,b             #$41,b1                     ; 2D413D
14486E: sbc      y,b             #$41,b1                     ; 2D413D
14486F: sbc      y,b             #$41,b1                     ; 2D413D
144870: sbc      y,b             #$41,b1                     ; 2D413D
144871: sbc      y,b             #$41,b1                     ; 2D413D
144872: sbc      y,b             #$41,b1                     ; 2D413D
144873: sbc      y,b             #$41,b1                     ; 2D413D
144874: sbc      y,b             #$41,b1                     ; 2D413D
144875: sbc      y,b             #$41,b1                     ; 2D413D
144876: sbc      y,b             #$41,b1                     ; 2D413D
144877: sbc      y,b             #$41,b1                     ; 2D413D
144878: sbc      y,b             #$41,b1                     ; 2D413D
144879: sbc      y,b             #$41,b1                     ; 2D413D
14487A: sbc      y,b             #$41,b1                     ; 2D413D
14487B: sbc      y,b             #$41,b1                     ; 2D413D
14487C: sbc      y,b             #$41,b1                     ; 2D413D
14487D: sbc      y,b             #$41,b1                     ; 2D413D
14487E: sbc      y,b             #$41,b1                     ; 2D413D
14487F: sbc      y,b             #$41,b1                     ; 2D413D
144880: sbc      y,b             #$41,b1                     ; 2D413D
144881: sbc      y,b             #$41,b1                     ; 2D413D
144882: sbc      y,b             #$41,b1                     ; 2D413D
144883: sbc      y,b             #$41,b1                     ; 2D413D
144884: sbc      y,b             #$41,b1                     ; 2D413D
144885: sbc      y,b             #$41,b1                     ; 2D413D
144886: sbc      y,b             #$41,b1                     ; 2D413D
144887: sbc      y,b             #$41,b1                     ; 2D413D
144888: sbc      y,b             #$41,b1                     ; 2D413D
144889: sbc      y,b             #$41,b1                     ; 2D413D
14488A: sbc      y,b             #$41,b1                     ; 2D413D
14488B: sbc      y,b             #$41,b1                     ; 2D413D
14488C: sbc      y,b             #$41,b1                     ; 2D413D
14488D: sbc      y,b             #$41,b1                     ; 2D413D
14488E: sbc      y,b             #$41,b1                     ; 2D413D
14488F: sbc      y,b             #$41,b1                     ; 2D413D
144890: sbc      y,b             #$41,b1                     ; 2D413D
144891: sbc      y,b             #$41,b1                     ; 2D413D
144892: sbc      y,b             #$41,b1                     ; 2D413D
144893: sbc      y,b             #$41,b1                     ; 2D413D
144894: sbc      y,b             #$41,b1                     ; 2D413D
144895: sbc      y,b             #$41,b1                     ; 2D413D
144896: sbc      y,b             #$41,b1                     ; 2D413D
144897: sbc      y,b             #$41,b1                     ; 2D413D
144898: sbc      y,b             #$41,b1                     ; 2D413D
144899: sbc      y,b             #$41,b1                     ; 2D413D
14489A: sbc      y,b             #$41,b1                     ; 2D413D
14489B: sbc      y,b             #$41,b1                     ; 2D413D
14489C: sbc      y,b             #$41,b1                     ; 2D413D
14489D: sbc      y,b             #$41,b1                     ; 2D413D
14489E: sbc      y,b             #$41,b1                     ; 2D413D
14489F: sbc      y,b             #$41,b1                     ; 2D413D
1448A0: sbc      y,b             #$41,b1                     ; 2D413D
1448A1: sbc      y,b             #$41,b1                     ; 2D413D
1448A2: sbc      y,b             #$41,b1                     ; 2D413D
1448A3: sbc      y,b             #$41,b1                     ; 2D413D
1448A4: sbc      y,b             #$41,b1                     ; 2D413D
1448A5: sbc      y,b             #$41,b1                     ; 2D413D
1448A6: sbc      y,b             #$41,b1                     ; 2D413D
1448A7: sbc      y,b             #$41,b1                     ; 2D413D
1448A8: sbc      y,b             #$41,b1                     ; 2D413D
1448A9: sbc      y,b             #$41,b1                     ; 2D413D
1448AA: sbc      y,b             #$41,b1                     ; 2D413D
1448AB: sbc      y,b             #$41,b1                     ; 2D413D
1448AC: sbc      y,b             #$41,b1                     ; 2D413D
1448AD: sbc      y,b             #$41,b1                     ; 2D413D
1448AE: sbc      y,b             #$41,b1                     ; 2D413D
1448AF: sbc      y,b             #$41,b1                     ; 2D413D
1448B0: sbc      y,b             #$41,b1                     ; 2D413D
1448B1: sbc      y,b             #$41,b1                     ; 2D413D
1448B2: sbc      y,b             #$41,b1                     ; 2D413D
1448B3: sbc      y,b             #$41,b1                     ; 2D413D
1448B4: sbc      y,b             #$41,b1                     ; 2D413D
1448B5: sbc      y,b             #$41,b1                     ; 2D413D
1448B6: sbc      y,b             #$41,b1                     ; 2D413D
1448B7: sbc      y,b             #$41,b1                     ; 2D413D
1448B8: sbc      y,b             #$41,b1                     ; 2D413D
1448B9: sbc      y,b             #$41,b1                     ; 2D413D
1448BA: sbc      y,b             #$41,b1                     ; 2D413D
1448BB: sbc      y,b             #$41,b1                     ; 2D413D
1448BC: sbc      y,b             #$41,b1                     ; 2D413D
1448BD: sbc      y,b             #$41,b1                     ; 2D413D
1448BE: sbc      y,b             #$41,b1                     ; 2D413D
1448BF: sbc      y,b             #$41,b1                     ; 2D413D
1448C0: sbc      y,b             #$41,b1                     ; 2D413D
1448C1: sbc      y,b             #$41,b1                     ; 2D413D
1448C2: sbc      y,b             #$41,b1                     ; 2D413D
1448C3: sbc      y,b             #$41,b1                     ; 2D413D
1448C4: sbc      y,b             #$41,b1                     ; 2D413D
1448C5: sbc      y,b             #$41,b1                     ; 2D413D
1448C6: move     a10,l:<$0                                   ; 400000
1448C7: and      x1,a            #$49,n1                     ; 394966
1448C8: max      a,b             #$d9,r3                     ; 33D91D
1448C9: sub      x0,a            #$5a,b                      ; 2F5A44
1448CA: add      b,a             #$93,b2                     ; 2B9310
1448CB: mpy      -x0,y1,b        #$5a,a0                     ; 285ACC
1448CC: macr     -y1,x1,a        #$93,x1                     ; 2593F7
1448CD: macr     -x1,x0,a        n1,a0                       ; 2328A7
1448CE: or       x0,a            a0,a0                       ; 210842
1448CF: mac      -y1,x1,a        b,x:(r5)        b,y1        ; 1F25F6
1448D0: dc       $1d77b6                                     ; 1D77B6
1448D1: dc       $1bf584                                     ; 1BF584
1448D2: macr     -x1,y0,b        x:(r0)+,a       b,y0        ; 1A98EF
1448D3: macr     y1,y0,b         b,x0            y1,y:(r4)+  ; 195CBB
1448D4: macr     -y0,y0,a        a,x:-(r4)       a,y0        ; 183C97
1448D5: dc       $1734f1                                     ; 1734F1
1448D6: mpy      x0,y1,b         a,x1            a,y:(r2)-n2 ; 1642C8
1448D7: mpy      y0,y0,b         a,x1            y1,y:(r3)   ; 156398
1448D8: asl      b               x:(r5)-,x1      a,y0        ; 14953A
1448D9: mac      y0,x0,b         a,x0            y:(r5)-,b   ; 13D5DA
1448DA: macr     x1,y0,a         x0,x:(r3)       b,y1        ; 1323E3
1448DB: mac      y1,x1,b         a,x0            a,y:-(r5)   ; 127DFA
1448DC: macr     -x1,y0,b        a,x0            y:(r2),y1   ; 11E2EF
1448DD: mac      y1,y0,b         a,x0            y1,y:(r1)-  ; 1151BA
1448DE: tfr      y1,a            a,x0            y:(r1)+n1,y0 ; 10C971
1448DF: or       x0,b            a,x0            y0,y:(r1)+n1 ; 10494A
1448E0: jses     int_00008e                                  ; 0FD08E
1448E1: jsec     func_000e9e                                 ; 0F5E9E
1448E2: jle      func_0002eb                                 ; 0EF2EB
1448E3: jcs      func_000cf6                                 ; 0E8CF6
1448E4: jne      func_000c4a                                 ; 0E2C4A
1448E5: bsclr    #$3,r0,func_21c228                          ; 0DD083 0D7943
1448E7: dc       $0d2637                                     ; 0D2637
1448E8: brclr    #$12,x:<<$ffffd7,func_20d479                ; 0CD712 0C8B91
1448EA: dc       $0c4373                                     ; 0C4373
1448EB: jsr      -(r6)                                       ; 0BFE80
1448EC: jsclr    #$4,x:<<$fffffc,func_0b7d4f                 ; 0BBC84 0B7D4F
1448EE: jsset    #$14,x:(r0)-n0,func_0b068c                  ; 0B40B4 0B068C
1448F0: dc       $0aceb1                                     ; 0ACEB1
1448F1: bclr     #$1,x:<<$ffffd9                             ; 0A9901
1448F2: dc       $0a655c                                     ; 0A655C
1448F3: jset     #$5,x:$33,func_0a03c1                       ; 0A33A5 0A03C1
1448F5: movep    x:(r5)-,y:<<$ffffd7                         ; 09D597
1448F6: subr     a,b             y0,b            b,y:(r1+n1) ; 09A90E
1448F7: movep    y:<<$ffffd2,la                              ; 097E12
1448F8: movep    y:<<$ffffce,x:(r4)-                         ; 09548E
1448F9: cmpm     x1,b            b,x:(r4+n4)     x0,b        ; 092C6F
1448FA: mpy      -x1,x0,a        b,x:(r5)-n5     x0,b        ; 0905A4
1448FB: movep    m0,x:<<$ffffdb                              ; 08E01B
1448FC: mpyr     -x0,y1,a        y0,a            a,y:-(r3)   ; 08BBC5
1448FD: mpy      -y0,y0,a        y0,a            a,y:(r0)+   ; 089894
1448FE: dc       $08767b                                     ; 08767B
1448FF: movep    x:<<$ffffec,p:(r5)-                         ; 08556C
144900: dc       $08355b                                     ; 08355B
144901: sbc      y,b             a,x:(r6)-       x0,a        ; 08163D
144902: movep    x:-(r0),x:<<$ffff88                         ; 07F808
144903: move     p:(r2)+,sc                                  ; 07DAB1
144904: dc       $07be2f                                     ; 07BE2F
144905: dc       $07a27a                                     ; 07A27A
144906: movep    x:(r7)-n7,y:<<$ffff88                       ; 078788
144907: movep    x:<<$ffff91,y:(r5+n5)                       ; 076D51
144908: dc       $0753cf                                     ; 0753CF
144909: movep    y:<<$ffffb9,y:-(r2)                         ; 073AF9
14490A: movep    y:<<$ffff8a,y:(r2)                          ; 0722CA
14490B: move     omr,p:<$b                                   ; 070B3A
14490C: dc       $06f444                                     ; 06F444
14490D: rep      #<$2dd                                      ; 06DDE2
14490E: dc       $06c80e                                     ; 06C80E
14490F: dc       $06b2c3                                     ; 06B2C3
144910: rep      #<$c9d                                      ; 069DFC
144911: rep      #<$489                                      ; 0689B4
144912: rep      #<$875                                      ; 0675E8
144913: dor      #<$262,>*+$64faf                            ; 066292 064FAE
144915: dc       $063d39                                     ; 063D39
144916: dc       $062b2e                                     ; 062B2E
144917: do       #<$b19,>$6084c                              ; 06198B 06084B
144919: dc       $05f76c                                     ; 05F76C
14491A: dc       $05e6eb                                     ; 05E6EB
14491B: bes      func_14487e                                 ; 05D6C3
14491C: dc       $05c6f3                                     ; 05C6F3
14491D: move     y:$37,sz                                    ; 05B778
14491E: dc       $05a84f                                     ; 05A84F
14491F: dc       $059976                                     ; 059976
144920: dc       $058ae9                                     ; 058AE9
144921: dc       $057ca8                                     ; 057CA8
144922: dc       $056eaf                                     ; 056EAF
144923: dc       $0560fd                                     ; 0560FD
144924: bsec     func_1448f3                                 ; 05538F
144925: move     m3,y:(r6)-n6                                ; 054663
144926: move     sz,y:$39                                    ; 053978
144927: dc       $052ccc                                     ; 052CCC
144928: bsne     func_144964                                 ; 05205C
144929: dc       $051428                                     ; 051428
14492A: dc       $05082d                                     ; 05082D
14492B: movep    ssh,y:<<$ffffab                             ; 04FC6B
14492C: movep    vba,x:<<$ffffbe                             ; 04F0DE
14492D: movep    m5,x:<<$ffff87                              ; 04E587
14492E: movep    n2,y:<<$ffffa3                              ; 04DA63
14492F: movep    b,y:<<$ffffb2                               ; 04CF72
144930: dc       $04c4b2                                     ; 04C4B2
144931: brset    #$1,x:<<$ffffba,func_18f8ef                 ; 04BA21 04AFBE
144933: bsclr    #$9,x:<<$ffffa5,func_18e4b3                 ; 04A589 049B80
144935: bsset    #$2,x:<<$ffff91,func_18d123                 ; 0491A2 0487EE
144937: movep    y:<<$ffffa3,la                              ; 047E63
144938: dc       $0474ff                                     ; 0474FF
144939: dc       $046bc3                                     ; 046BC3
14493A: dc       $0462ac                                     ; 0462AC
14493B: move     sp,n1                                       ; 0459BB
14493C: dc       $0450ed                                     ; 0450ED
14493D: lra      >*+$43fbc,y1                                ; 044843 043FBC
14493F: lua      (r7-$1b),r6                                 ; 043756
144940: lua      (r7-$2f),r2                                 ; 042F12
144941: lua      (r6-$32),n5                                 ; 0426ED
144942: lua      (r6+$3e),n0                                 ; 041EE8
144943: lua      (r7+$20),r1                                 ; 041701
144944: lua      (r7+$13),n1                                 ; 040F39
144945: lua      (r7+$8),n6                                  ; 04078E
144946: bclr     #$0,x:<<$ffff80                             ; 010000
144947: bclr     #$0,x:<<$ffff9e                             ; 011E00
144948: bclr     #$0,x:<<$ffffbc                             ; 013C00
144949: bchg     #$0,x:<<$ffff9a                             ; 015A00
14494A: bchg     #$0,x:<<$ffffb8                             ; 017800
14494B: dc       $019600                                     ; 019600
14494C: dc       $01b400                                     ; 01B400
14494D: dc       $01d200                                     ; 01D200
14494E: dc       $01f000                                     ; 01F000
14494F: tcc      r6,r0                                       ; 020E00
144950: tne      r4,r0                                       ; 022C00
144951: tnn      r2,r0                                       ; 024A00
144952: tlc      r0,r0                                       ; 026800
144953: tcs      b,a                                         ; 028600
144954: teq      b,a                                         ; 02A400
144955: tnr      b,a                                         ; 02C200
144956: tls      b,a                                         ; 02E000
144957: tle      r6,r0                                       ; 02FE00
144958: tge      b,a r4,r0                                   ; 031C00
144959: tpl      b,a r2,r0                                   ; 033A00
14495A: tec      b,a r0,r0                                   ; 035800
14495B: tgt      b,a r6,r0                                   ; 037600
14495C: tlt      b,a r4,r0                                   ; 039400
14495D: tmi      b,a r2,r0                                   ; 03B200
14495E: tes      b,a r0,r0                                   ; 03D000
14495F: tls      b,a r6,r0                                   ; 03EE00
144960: lua      (r4+$10),r0                                 ; 040C00
144961: lua      (r2-$30),r0                                 ; 042A00
144962: lua      (r0)+n0,x0                                  ; 044800
144963: dc       $046600                                     ; 046600
144964: brclr    #$0,x:<<$ffff84,func_18eb64                 ; 048400 04A200
144966: lra      r0,x0                                       ; 04C000
144967: dc       $04de00                                     ; 04DE00
144968: dc       $04fc00                                     ; 04FC00
144969: dc       $051a00                                     ; 051A00
14496A: dc       $053800                                     ; 053800
14496B: bec      func_14486b                                 ; 055600
14496C: bgt      func_14496c                                 ; 057400
14496D: bslt     func_14486d                                 ; 059200
14496E: bsmi     func_14496e                                 ; 05B000
14496F: dc       $05ce00                                     ; 05CE00
144970: dc       $05ec00                                     ; 05EC00
144971: do       x:$a,>$62801                                ; 060A00 062800
144973: do       x:(r6)-n6,p:>$66401                         ; 064600 066400
144975: dc       $068200                                     ; 068200
144976: dc       $06a000                                     ; 06A000
144977: dc       $06be00                                     ; 06BE00
144978: do       n4,>$6fa01                                  ; 06DC00 06FA00
14497A: dc       $071800                                     ; 071800
14497B: dc       $073600                                     ; 073600
14497C: movep    x:<<$ffff80,x:(r4)-                         ; 075400
14497D: dc       $077200                                     ; 077200
14497E: dc       $079000                                     ; 079000
14497F: dc       $07ae00                                     ; 07AE00
144980: movep    x:(r4)+n4,x:<<$ffff80                       ; 07CC00
144981: movep    x:(r2+n2),x:<<$ffff80                       ; 07EA00
144982: move     a,x:(r0)+n0     x0,a                        ; 080800
144983: move     a,x:(r6)        x0,a                        ; 082600
144984: movep    x:<<$ffffc0,x0                              ; 084400
144985: movep    x:<<$ffffc0,m2                              ; 086200
144986: move     y0,a            a,y:(r0)-n0                 ; 088000
144987: move     y0,a            a,y:(r6)+                   ; 089E00
144988: move     y0,a            a,y:-(r4)                   ; 08BC00
144989: movep    n2,x:<<$ffffc0                              ; 08DA00
14498A: movep    sz,x:<<$ffffc0                              ; 08F800
14498B: move     b,x:(r6)-       x0,b                        ; 091600
14498C: move     b,#>$95200      x0,b                        ; 093400 095200
14498E: movep    y:<<$ffffc0,vba                             ; 097000
14498F: move     y0,b            b,y:(r6)+n6                 ; 098E00
144990: move     y0,b            b,y:(r4+n4)                 ; 09AC00
144991: movep    a2,y:<<$ffffc0                              ; 09CA00
144992: dc       $09e800                                     ; 09E800
144993: bclr     #$0,x:$6                                    ; 0A0600
144994: bclr     #$0,x:$24                                   ; 0A2400
144995: bclr     #$0,x:(r2)-n2                               ; 0A4200
144996: bclr     #$0,x:(r0)                                  ; 0A6000
144997: bclr     #$0,x:-(r6)                                 ; 0A7E00
144998: bclr     #$0,x:<<$ffffdc                             ; 0A9C00
144999: bclr     #$0,x:<<$fffffa                             ; 0ABA00
14499A: jclr     #$0,n0,func_0af600                          ; 0AD800 0AF600
14499C: bchg     #$0,x:$14                                   ; 0B1400
14499D: bchg     #$0,x:$32                                   ; 0B3200
14499E: bchg     #$0,x:(r0)-                                 ; 0B5000
14499F: bchg     #$0,x:(r6+n6)                               ; 0B6E00
1449A0: bchg     #$0,x:<<$ffffcc                             ; 0B8C00
1449A1: bchg     #$0,x:<<$ffffea                             ; 0BAA00
1449A2: jsclr    #$0,a0,func_0be600                          ; 0BC800 0BE600
1449A4: jmp      func_000400                                 ; 0C0400
1449A5: dc       $0c2200                                     ; 0C2200
1449A6: dc       $0c4000                                     ; 0C4000
1449A7: dc       $0c5e00                                     ; 0C5E00
1449A8: dc       $0c7c00                                     ; 0C7C00
1449A9: brclr    #$0,x:(r2)+,func_2101a9                     ; 0C9A00 0CB800
1449AB: brclr    #$0,x:<<$ffffd6,func_213dab                 ; 0CD600 0CF400
1449AD: dc       $0d1200                                     ; 0D1200
1449AE: dc       $0d3000                                     ; 0D3000
1449AF: dc       $0d4e00                                     ; 0D4E00
1449B0: dc       $0d6c00                                     ; 0D6C00
1449B1: bsclr    #$0,x:(r2)+n2,func_21f1b1                   ; 0D8A00 0DA800
1449B3: bsclr    #$0,x:<<$ffffc6,func_222db3                 ; 0DC600 0DE400
1449B5: jcc      func_000200                                 ; 0E0200
1449B6: jne      int_000000                                  ; 0E2000
1449B7: jpl      func_000e00                                 ; 0E3E00
1449B8: jec      func_000c00                                 ; 0E5C00
1449B9: jgt      func_000a00                                 ; 0E7A00
1449BA: jlt      func_000800                                 ; 0E9800
1449BB: jmi      func_000600                                 ; 0EB600
1449BC: jes      func_000400                                 ; 0ED400
1449BD: jle      func_000200                                 ; 0EF200
1449BE: jsge     int_000000                                  ; 0F1000
1449BF: jsne     func_000e00                                 ; 0F2E00
1449C0: jsnn     func_000c00                                 ; 0F4C00
1449C1: jslc     func_000a00                                 ; 0F6A00
1449C2: jscs     func_000800                                 ; 0F8800
1449C3: jseq     func_000600                                 ; 0FA600
1449C4: jsnr     func_000400                                 ; 0FC400
1449C5: jsls     func_000200                                 ; 0FE200
1449C6: macr     y1,y0,b         x:(r4)+,b       y:(r2)+,a   ; FEDCBB
1449C7: dc       $010f79                                     ; 010F79
1449C8: movep    p:-(r5),x:<<$ffff85                         ; 00FD05
1449C9: dc       $00ebd1                                     ; 00EBD1
1449CA: dc       $00dbca                                     ; 00DBCA
1449CB: dc       $00ccd9                                     ; 00CCD9
1449CC: dc       $00beec                                     ; 00BEEC
1449CD: dc       $00b1f2                                     ; 00B1F2
1449CE: dc       $00a5d9                                     ; 00A5D9
1449CF: dc       $009a93                                     ; 009A93
1449D0: movep    x:<<$ffff91,p:(r0)-                         ; 009011
1449D1: movep    y:<<$ffff86,p:(r6)-n6                       ; 008646
1449D2: dc       $007d25                                     ; 007D25
1449D3: dc       $0074a4                                     ; 0074A4
1449D4: dc       $006cb6                                     ; 006CB6
1449D5: dc       $006552                                     ; 006552
1449D6: dc       $005e6f                                     ; 005E6F
1449D7: dc       $005804                                     ; 005804
1449D8: dc       $005208                                     ; 005208
1449D9: dc       $004c74                                     ; 004C74
1449DA: dc       $004742                                     ; 004742
1449DB: dc       $00426a                                     ; 00426A
1449DC: dc       $003de6                                     ; 003DE6
1449DD: dc       $0039b1                                     ; 0039B1
1449DE: dc       $0035c5                                     ; 0035C5
1449DF: dc       $00321d                                     ; 00321D
1449E0: dc       $002eb5                                     ; 002EB5
1449E1: dc       $002b88                                     ; 002B88
1449E2: dc       $002893                                     ; 002893
1449E3: dc       $0025d1                                     ; 0025D1
1449E4: dc       $00233f                                     ; 00233F
1449E5: dc       $0020d9                                     ; 0020D9
1449E6: dc       $001e9e                                     ; 001E9E
1449E7: dc       $001c89                                     ; 001C89
1449E8: dc       $001a98                                     ; 001A98
1449E9: dc       $0018ca                                     ; 0018CA
1449EA: dc       $00171a                                     ; 00171A
1449EB: dc       $001588                                     ; 001588
1449EC: dc       $001411                                     ; 001411
1449ED: dc       $0012b4                                     ; 0012B4
1449EE: dc       $00116f                                     ; 00116F
1449EF: dc       $00103f                                     ; 00103F
1449F0: dc       $000f25                                     ; 000F25
1449F1: dc       $000e1d                                     ; 000E1D
1449F2: dc       $000d28                                     ; 000D28
1449F3: dc       $000c43                                     ; 000C43
1449F4: dc       $000b6d                                     ; 000B6D
1449F5: dc       $000aa6                                     ; 000AA6
1449F6: dc       $0009ed                                     ; 0009ED
1449F7: dc       $000940                                     ; 000940
1449F8: dc       $00089f                                     ; 00089F
1449F9: dc       $000809                                     ; 000809
1449FA: dc       $00077d                                     ; 00077D
1449FB: ori      #$6,eom                                     ; 0006FB
1449FC: dc       $000682                                     ; 000682
1449FD: dc       $000610                                     ; 000610
1449FE: dc       $0005a7                                     ; 0005A7
1449FF: dc       $000545                                     ; 000545
144A00: dc       $0004e9                                     ; 0004E9
144A01: dc       $000493                                     ; 000493
144A02: dc       $000444                                     ; 000444
144A03: ori      #$3,omr                                     ; 0003FA
144A04: dc       $0003b4                                     ; 0003B4
144A05: dc       $000374                                     ; 000374
144A06: dc       $000338                                     ; 000338
144A07: debugcc                                              ; 000300
144A08: dc       $0002cc                                     ; 0002CC
144A09: dc       $00029b                                     ; 00029B
144A0A: dc       $00026e                                     ; 00026E
144A0B: dc       $000243                                     ; 000243
144A0C: brknr                                                ; 00021C
144A0D: dc       $0001f7                                     ; 0001F7
144A0E: dc       $0001d5                                     ; 0001D5
144A0F: dc       $0001b5                                     ; 0001B5
144A10: dc       $000197                                     ; 000197
144A11: dc       $00017c                                     ; 00017C
144A12: dc       $000162                                     ; 000162
144A13: dc       $00014a                                     ; 00014A
144A14: dc       $000133                                     ; 000133
144A15: dc       $00011f                                     ; 00011F
144A16: dc       $00010b                                     ; 00010B
144A17: ori      #$0,ccr                                     ; 0000F9
144A18: dc       $0000e8                                     ; 0000E8
144A19: dc       $0000d8                                     ; 0000D8
144A1A: dc       $0000ca                                     ; 0000CA
144A1B: dc       $0000bc                                     ; 0000BC
144A1C: dc       $0000af                                     ; 0000AF
144A1D: dc       $0000a3                                     ; 0000A3
144A1E: dc       $000098                                     ; 000098
144A1F: dc       $00008e                                     ; 00008E
144A20: reset                                                ; 000084
144A21: dc       $00007b                                     ; 00007B
144A22: dc       $000073                                     ; 000073
144A23: dc       $00006b                                     ; 00006B
144A24: dc       $000064                                     ; 000064
144A25: dc       $00005d                                     ; 00005D
144A26: dc       $000057                                     ; 000057
144A27: dc       $000051                                     ; 000051
144A28: dc       $00004b                                     ; 00004B
144A29: dc       $000046                                     ; 000046
144A2A: dc       $000041                                     ; 000041
144A2B: dc       $00003d                                     ; 00003D
144A2C: dc       $000039                                     ; 000039
144A2D: dc       $000035                                     ; 000035
144A2E: dc       $000031                                     ; 000031
144A2F: dc       $00002e                                     ; 00002E
144A30: dc       $00002b                                     ; 00002B
144A31: dc       $000028                                     ; 000028
144A32: dc       $000025                                     ; 000025
144A33: dc       $000023                                     ; 000023
144A34: dc       $000020                                     ; 000020
144A35: trapls                                               ; 00001E
144A36: trapnr                                               ; 00001C
144A37: trapeq                                               ; 00001A
144A38: trapcs                                               ; 000018
144A39: trapgt                                               ; 000017
144A3A: trapec                                               ; 000015
144A3B: trapnn                                               ; 000014
144A3C: trapne                                               ; 000012
144A3D: trapge                                               ; 000011
144A3E: trapcc                                               ; 000010
144A3F: plockr   >*+$e                                       ; 00000F 00000E
144A41: dc       $00000d                                     ; 00000D
144A42: rts                                                  ; 00000C
144A43: dec      b                                           ; 00000B
144A44: dec      a                                           ; 00000A
144A45: dec      a                                           ; 00000A
144A46: nop                                                  ; 000000
144A47: enddo                                                ; 00008C
144A48: dc       $000098                                     ; 000098
144A49: dc       $0000a6                                     ; 0000A6
144A4A: dc       $0000b5                                     ; 0000B5
144A4B: dc       $0000c5                                     ; 0000C5
144A4C: stop                                                 ; 0000D7
144A4D: dc       $0000eb                                     ; 0000EB
144A4E: dc       $000100                                     ; 000100
144A4F: dc       $000117                                     ; 000117
144A50: dc       $000130                                     ; 000130
144A51: dc       $00014c                                     ; 00014C
144A52: dc       $00016a                                     ; 00016A
144A53: dc       $00018b                                     ; 00018B
144A54: dc       $0001af                                     ; 0001AF
144A55: dc       $0001d6                                     ; 0001D6
144A56: debug                                                ; 000200
144A57: dc       $00022e                                     ; 00022E
144A58: dc       $000261                                     ; 000261
144A59: dc       $000298                                     ; 000298
144A5A: dc       $0002d4                                     ; 0002D4
144A5B: dc       $000316                                     ; 000316
144A5C: dc       $00035d                                     ; 00035D
144A5D: dc       $0003ab                                     ; 0003AB
144A5E: dc       $000400                                     ; 000400
144A5F: dc       $00045d                                     ; 00045D
144A60: dc       $0004c2                                     ; 0004C2
144A61: dc       $000530                                     ; 000530
144A62: dc       $0005a8                                     ; 0005A8
144A63: dc       $00062b                                     ; 00062B
144A64: andi     #$6,omr                                     ; 0006BA
144A65: dc       $000756                                     ; 000756
144A66: dc       $000800                                     ; 000800
144A67: andi     #$8,ccr                                     ; 0008B9
144A68: dc       $000983                                     ; 000983
144A69: dc       $000a60                                     ; 000A60
144A6A: dc       $000b50                                     ; 000B50
144A6B: dc       $000c56                                     ; 000C56
144A6C: dc       $000d74                                     ; 000D74
144A6D: dc       $000eac                                     ; 000EAC
144A6E: dc       $001000                                     ; 001000
144A6F: dc       $001173                                     ; 001173
144A70: dc       $001307                                     ; 001307
144A71: dc       $0014c0                                     ; 0014C0
144A72: dc       $0016a1                                     ; 0016A1
144A73: dc       $0018ad                                     ; 0018AD
144A74: dc       $001ae9                                     ; 001AE9
144A75: dc       $001d58                                     ; 001D58
144A76: dc       $002000                                     ; 002000
144A77: dc       $0022e5                                     ; 0022E5
144A78: dc       $00260e                                     ; 00260E
144A79: dc       $002980                                     ; 002980
144A7A: dc       $002d41                                     ; 002D41
144A7B: dc       $00315a                                     ; 00315A
144A7C: dc       $0035d1                                     ; 0035D1
144A7D: dc       $003ab0                                     ; 003AB0
144A7E: dc       $004000                                     ; 004000
144A7F: dc       $0045cb                                     ; 0045CB
144A80: dc       $004c1c                                     ; 004C1C
144A81: dc       $0052ff                                     ; 0052FF
144A82: dc       $005a83                                     ; 005A83
144A83: dc       $0062b4                                     ; 0062B4
144A84: dc       $006ba2                                     ; 006BA2
144A85: dc       $007560                                     ; 007560
144A86: movep    x:<<$ffff80,p:(r0)-n0                       ; 008000
144A87: dc       $008b96                                     ; 008B96
144A88: movep    x:<<$ffffb8,p:(r0)+                         ; 009838
144A89: dc       $00a5ff                                     ; 00A5FF
144A8A: dc       $00b505                                     ; 00B505
144A8B: movep    p:(r5)-n5,y:<<$ffffa7                       ; 00C567
144A8C: movep    p:(r7)-,y:<<$ffff85                         ; 00D745
144A8D: dc       $00eac1                                     ; 00EAC1
144A8E: bclr     #$0,x:<<$ffff80                             ; 010000
144A8F: bset     #$c,x:<<$ffff97                             ; 01172C
144A90: bset     #$10,y:<<$ffffb0                            ; 013070
144A91: maci     -#>$16a0a,y1,b                              ; 014BFE 016A0A
144A93: jclr     #$e,y:<<$ffff8a,func_01ae8a                 ; 018ACE 01AE8A
144A95: jsclr    #$2,x:<<$ffff95,func_020000                 ; 01D582 020000
144A97: tne      r6,r7                                       ; 022E57
144A98: dc       $0260e0                                     ; 0260E0
144A99: move     y:(r7+$25),b2                               ; 0297FB
144A9A: dc       $02d414                                     ; 02D414
144A9B: move     x:(r5-$3c),b1                               ; 03159D
144A9C: dc       $035d14                                     ; 035D14
144A9D: teq      b,a r3,r3                                   ; 03AB03
144A9E: lua      (r0+$0),r0                                  ; 040000
144A9F: dc       $045cae                                     ; 045CAE
144AA0: dc       $04c1bf                                     ; 04C1BF
144AA1: dc       $052ff7                                     ; 052FF7
144AA2: dc       $05a828                                     ; 05A828
144AA3: dc       $062b39                                     ; 062B39
144AA4: dc       $06ba28                                     ; 06BA28
144AA5: movep    x:<<$ffff86,x:(r6)-                         ; 075606
144AA6: move     a,x:(r0)-n0     x0,a                        ; 080000
144AA7: sub      y0,b            y0,a            a,y:-(r1)   ; 08B95C
144AA8: cmpm     y1,b            y0,b            b,y:(r3)-n3 ; 09837F
144AA9: jset     #$d,y:(r7)+,func_0b504f                     ; 0A5FED 0B504F
144AAB: dc       $0c5673                                     ; 0C5673
144AAC: dc       $0d7450                                     ; 0D7450
144AAD: jeq      func_000c0c                                 ; 0EAC0C
144AAE: move     x0,x:(r0)-n0    a,y0                        ; 100000
144AAF: dc       $1172b8                                     ; 1172B8
144AB0: mac      -y1,x1,b        x0,x:(r6)-n6    b,y1        ; 1306FE
144AB1: macr     y0,x0,b         x:-(r7),x1      a,y0        ; 14BFDB
144AB2: mac      -y0,y0,b        x:(r0),x1       b,y0        ; 16A09E
144AB3: mpyr     -x1,y0,a        x:(r4+n4),a     a,y0        ; 18ACE5
144AB4: mpy      x1,x0,a         b,x0            y:(r0+n0),a ; 1AE8A0
144AB5: rnd      b               b,x1            y1,y:(r0)+  ; 1D5819
144AB6: dc       $200000                                     ; 200000
144AB7: add      y1,a            r7,x1                       ; 22E570
144AB8: mpy      -y1,x1,b        #$d,y0                      ; 260DFC
144AB9: mac      -y1,y0,a        #$7f,b0                     ; 297FB6
144ABA: sbc      y,b             #$41,b1                     ; 2D413D
144ABB: mac      x0,y1,b         #$59,r1                     ; 3159CA
144ABC: rol      b               #$d1,r5                     ; 35D13F
144ABD: asl      a               #$b0,n2                     ; 3AB032
144ABE: move     a10,l:<$0                                   ; 400000
144ABF: mpyr     x1,y0,a         x:(r2)+n2,x1                ; 45CAE1
144AC0: mpy      y1,x1,b         x0,y:$1b                    ; 4C1BF8
144AC1: eor      x1,b            x:-(r7),a2                  ; 52FF6B
144AC2: or       y1,b            y:$2,a2                     ; 5A827A
144AC3: mpyr     -y0,y0,a        x:$33,r2                    ; 62B395
144AC4: and      y1,b            y:$22,r3                    ; 6BA27E
144AC5: eor      x1,a            n5,x:(r0)                   ; 756063
144AC6: macr     -y1,x1,b        y:-(r7),n7                  ; 7FFFFF
144AC7: dc       $004876                                     ; 004876
144AC8: dc       $004ce3                                     ; 004CE3
144AC9: dc       $005196                                     ; 005196
144ACA: dc       $005692                                     ; 005692
144ACB: dc       $005bdc                                     ; 005BDC
144ACC: dc       $006179                                     ; 006179
144ACD: dc       $00676d                                     ; 00676D
144ACE: dc       $006dbe                                     ; 006DBE
144ACF: dc       $007472                                     ; 007472
144AD0: dc       $007b8e                                     ; 007B8E
144AD1: movep    x:<<$ffff99,p:(r3)-n3                       ; 008319
144AD2: movep    x:<<$ffff9a,p:(r3)+n3                       ; 008B1A
144AD3: dc       $009398                                     ; 009398
144AD4: dc       $009c9a                                     ; 009C9A
144AD5: movep    x:<<$ffffa9,p:(r6)                          ; 00A629
144AD6: movep    y:<<$ffff8c,p:>$bb0e                        ; 00B04C 00BB0E
144AD8: movep    p:(r6)-n6,y:<<$ffffb6                       ; 00C676
144AD9: dc       $00d291                                     ; 00D291
144ADA: movep    p:(r7)+,y:<<$ffffa7                         ; 00DF67
144ADB: movep    p:(r5+n5),x:<<$ffff86                       ; 00ED06
144ADC: movep    p:-(r3),y:<<$ffffb8                         ; 00FB78
144ADD: mac      y1,#$a,b                                    ; 010ACA
144ADE: bclr     #$a,x:<<$ffff9b                             ; 011B0A
144ADF: bclr     #$7,y:<<$ffffac                             ; 012C47
144AE0: dc       $013e8f                                     ; 013E8F
144AE1: maci     #>$16682,y1,a                               ; 0151F2 016682
144AE3: bchg     #$11,y:<<$ffffbc                            ; 017C51
144AE4: div      y1,a                                        ; 019370
144AE5: jset     #$15,y:<<$ffffab,func_01c5f5                ; 01ABF5 01C5F5
144AE7: jsclr    #$7,x:<<$ffffa1,func_01fec1                 ; 01E187 01FEC1
144AE9: move     y:(r5+$6),a                                 ; 021DBE
144AEA: move     x:(r6+$e),a0                                ; 023E98
144AEB: tlc      x1,b                                        ; 02616B
144AEC: tcs      y0,a                                        ; 028654
144AED: teq      r5,r4                                       ; 02AD74
144AEE: move     b2,y:(r6+$35)                               ; 02D6EB
144AEF: move     x:(r2-$3f),b1                               ; 0302DD
144AF0: tpl      x1,b r1,r6                                  ; 03316E
144AF1: move     x1,x:(r2-$27)                               ; 0362C5
144AF2: tlt      a,b r7,r3                                   ; 03970B
144AF3: tnr      x1,b r6,r3                                  ; 03CE6B
144AF4: lua      (r1+$11),r4                                 ; 040914
144AF5: movep    y:<<$ffff95,y1                              ; 044735
144AF6: brclr    #$0,x:<<$ffff89,func_1919a2                 ; 048900 04CEAC
144AF8: dc       $05186e                                     ; 05186E
144AF9: blc      func_144a3d                                 ; 056684
144AFA: dc       $05b928                                     ; 05B928
144AFB: dor      #<$e10,>*+$66d28                            ; 06109E 066D27
144AFD: dc       $06cf0c                                     ; 06CF0C
144AFE: dc       $073696                                     ; 073696
144AFF: move     p:<$24,r3                                   ; 07A413
144B00: mpy      -y0,x0,a        a,x:(r7)-       x0,a        ; 0817D4
144B01: abs      b               y0,a            a,y:(r2)-   ; 08922E
144B02: add      y1,b            b,x:(r3)-       x0,b        ; 091378
144B03: subr     a,b             y0,b            b,y:(r4)+   ; 099C0E
144B04: bclr     #$e,y:$2c                                   ; 0A2C4E
144B05: dc       $0ac49d                                     ; 0AC49D
144B06: dc       $0b655e                                     ; 0B655E
144B07: jmp      func_000efd                                 ; 0C0EFD
144B08: dc       $0cc1e5                                     ; 0CC1E5
144B09: dc       $0d7e86                                     ; 0D7E86
144B0A: jnn      func_000553                                 ; 0E4553
144B0B: jsge     func_0006c0                                 ; 0F16C0
144B0C: jsle     func_000345                                 ; 0FF345
144B0D: eor      y0,b            a,x0            y:(r3)+,y0  ; 10DB5B
144B0E: sub      y1,b            a,x0            y:(r7)+n7,y1 ; 11CF7C
144B0F: lsr      a               a,x0            y:(r0)-,a   ; 12D023
144B10: mpy      -x0,y1,b        a,x0            y:(r5)+,b   ; 13DDCC
144B11: mac      y1,x1,a         a,x1            y:-(r0),y0  ; 14F8F2
144B12: dc       $16220c                                     ; 16220C
144B13: macr     y0,y0,a         a,x1            b,y:(r1)+   ; 175993
144B14: macr     -y1,x1,a        x:(r7)+,a       a,y0        ; 189FF7
144B15: dc       $19f5a8                                     ; 19F5A8
144B16: tst      b               b,x0            b,y:(r3)+   ; 1B5B0B
144B17: mpyr     x0,x0,a         b,x1            y:(r0)-,y0  ; 1CD081
144B18: and      y0,b            b,x1            a,y:(r6)-   ; 1E565E
144B19: mpy      -x1,y0,b        b,x1            y:(r4+n4),b ; 1FECEC
144B1A: and      x1,a            a1,r4                       ; 219466
144B1B: mpyr     y1,x1,b         n2,a1                       ; 234CF9
144B1C: mpyr     -y1,y0,b        #$16,x1                     ; 2516BD
144B1D: mpyr     -y1,y0,a        #$f1,y0                     ; 26F1B5
144B1E: macr     -x0,y1,b        #$dd,a0                     ; 28DDCF
144B1F: mpy      -y0,x0,b        #$da,a2                     ; 2ADADC
144B20: mpyr     y0,y0,a         #$e8,a1                     ; 2CE891
144B21: macr     x0,x0,a         #$6,b                       ; 2F0683
144B22: lsr      a               #$34,r1                     ; 313423
144B23: mpyr     -y1,y0,b        #$70,r3                     ; 3370BD
144B24: tfr      y1,b            #$bb,r5                     ; 35BB79
144B25: add      y0,a            #$13,n0                     ; 381350
144B26: sub      b,a             #$77,n2                     ; 3A7714
144B27: or       x1,b            #$e5,n4                     ; 3CE56A
144B28: macr     x0,y1,b         #$5c,n7                     ; 3F5CCB
144B29: mpyr     -x0,x0,a        l:(r3)+,b10                 ; 41DB85
144B2A: mac      y1,y0,b         x0,x:(r7)+                  ; 445FBA
144B2B: or       x1,b            x:(r7),y0                   ; 46E76A
144B2C: sub      x1,b            b,l:?:>$4bf87c              ; 49706C 4BF87C
144B2E: add      x0,a            y0,y:-(r5)                  ; 4E7D40
144B2F: tfr      x0,b            x:-(r4),a0                  ; 50FC49
144B30: dc       $537323                                     ; 537323
144B31: cmp      y0,b            x:(r7)+,b1                  ; 55DF5D
144B32: mpyr     -x0,x0,b        a0,y:$3e                    ; 583E8D
144B33: eor      x1,a            y:$e,a2                     ; 5A8E63
144B34: macr     x1,x0,b         y:(r4)+n4,a1                ; 5CCCAB
144B35: dc       $5ef75c                                     ; 5EF75C
144B36: mpy      -y0,y0,b        r1,x:$c                     ; 610C9C
144B37: mpy      -x0,y1,b        r3,x:$a                     ; 630ACC
144B38: mpyr     x0,x0,b         x:>$66bcb0,r4               ; 64F089 66BCB0
144B3A: or       x1,a            r0,y:(r6+n6)                ; 686E62
144B3B: mpyr     -y1,x1,b        r2,y:$4                     ; 6A04FD
144B3C: not      b               y:$0,r3                     ; 6B801F
144B3D: mpy      y0,y0,b         y:(r7)+,r4                  ; 6CDF98
144B3E: eor      x1,b            r6,y:$23                    ; 6E236B
144B3F: mac      y1,y0,b         r7,y:(r3)+n3                ; 6F4BBA
144B40: mpyr     x0,y1,a         n0,x:(r0)+                  ; 7058C1
144B41: mpyr     x0,y1,a         n1,x:(r2)+n2                ; 714AC1
144B42: macr     y1,x1,a         n2,x:$21                    ; 7221F3
144B43: tfr      y1,a            x:(r6)+,n2                  ; 72DE71
144B44: max      a,b             x:$0,n3                     ; 73801D
144B45: cmp      y1,b            n4,x:$6                     ; 74067D
144B46: macr     y0,y0,a         n4,x:>$74bc9a               ; 747093 74BC9A
144B48: movep    x:<<$ffff80,r1                              ; 045180
144B49: movep    x:<<$ffffc3,p:-(r5)                         ; 087D43
144B4A: brset    #$d,x:(r4)-n4,func_24b26c                   ; 0C842D 106722
144B4C: addr     a,b             x1,x:(r7)       a,y0        ; 14270A
144B4D: mac      -x0,y1,b        a,x1            y:(r4)-n4,b ; 17C4CE
144B4E: eor      y0,b            b,x0            b,y:(r1)-n1 ; 1B415B
144B4F: mpy      -y0,y0,b        x:(r5)+,b       b,y0        ; 1E9D9C
144B50: cmpm     y1,b            a,n2                        ; 21DA7F
144B51: macr     -x1,y0,b        #$f8,x0                     ; 24F8EF
144B52: mpy      y0,x0,b         #$f9,y1                     ; 27F9D8
144B53: sub      x,a             #$de,a2                     ; 2ADE24
144B54: mac      y1,y0,b         #$a6,b1                     ; 2DA6BA
144B55: mpyr     x0,x0,a         #$54,r0                     ; 305481
144B56: eor      y0,b            #$e8,r2                     ; 32E85B
144B57: ror      a               #$63,r5                     ; 356327
144B58: mpyr     x0,y1,a         #$c5,r7                     ; 37C5C1
144B59: addr     b,a             #$11,n2                     ; 3A1102
144B5A: mpyr     -y1,y0,b        #$45,n4                     ; 3C45BD
144B5B: mac      x0,y1,a         #$64,n6                     ; 3E64C2
144B5C: macr     y0,x0,b         a10,l:(r6+n6)               ; 406EDB
144B5D: macr     -x0,y1,b        x,l:(r4)                    ; 4264CF
144B5E: and      y0,b            x0,x:(r7)-n7                ; 44475E
144B5F: eor      x0,a            y0,x:$17                    ; 461743
144B60: sbc      y,a             x:(r5)-,y1                  ; 47D535
144B61: mac      -x1,y0,a        l:<$1,b                     ; 4981E6
144B62: tfr      b,a             ba,l:<$1e                   ; 4B1E01
144B63: sbc      x,b             y:$2a,x0                    ; 4CAA2D
144B64: addr     a,b             y0,y:$27                    ; 4E270A
144B65: sbc      y,a             y:$15,y1                    ; 4F9535
144B66: dc       $50f544                                     ; 50F544
144B67: macr     -x0,y1,a        a2,x:(r7)-n7                ; 5247C7
144B68: sub      x0,b            x:$d,b2                     ; 538D4C
144B69: cmpm     y0,a            x:(r6)-n6,a1                ; 54C657
144B6A: dc       $55f36d                                     ; 55F36D
144B6B: tfr      a,b             b,x:$15                     ; 571509
144B6C: mpy      -x1,x0,a        a0,y:$2b                    ; 582BA4
144B6D: mpy      y1,y0,a         b0,y:$37                    ; 5937B0
144B6E: mpyr     -y0,y0,b        a2,y:$39                    ; 5A399D
144B6F: mac      -y0,x0,a        b2,y:$31                    ; 5B31D6
144B70: mpy      x0,y1,a         a1,y:$20                    ; 5C20C0
144B71: mpyr     -y1,y0,b        b1,y:$6                     ; 5D06BD
144B72: lsr      b               y:(r4),b1                   ; 5DE42B
144B73: sub      x1,a            y:$39,a                     ; 5EB964
144B74: macr     -y1,y0,b        y:$6,b                      ; 5F86BF
144B75: mpyr     -x0,x0,b        r0,x:(r4)+n4                ; 604C8D
144B76: subl     a,b             r1,x:$b                     ; 610B1E
144B77: mpyr     -y1,y0,b        x:(r2)-n2,r1                ; 61C2BD
144B78: dc       $6273b3                                     ; 6273B3
144B79: cmp      x0,a            r3,x:$1e                    ; 631E45
144B7A: mac      -y1,y0,a        x:(r2)-n2,r3                ; 63C2B6
144B7B: sub      x0,a            r4,x:(r1)                   ; 646144
144B7C: sub      x,b             x:-(r2),r4                  ; 64FA2C
144B7D: mpyr     x1,x0,b         x:$d,r5                     ; 658DA9
144B7E: mpyr     y1,x1,a         r6,x:$1b                    ; 661BF1
144B7F: adc      y,b             x:$25,r6                    ; 66A539
144B80: mpyr     -y1,y0,a        r7,x:$29                    ; 6729B5
144B81: mpyr     -y0,y0,a        x:$29,r7                    ; 67A995
144B82: subr     b,a             r0,y:$25                    ; 682506
144B83: neg      a               y:$1c,r0                    ; 689C36
144B84: and      x0,b            r1,y:$f                     ; 690F4E
144B85: cmpm     y1,a            r1,y:-(r6)                  ; 697E77
144B86: macr     -y0,x0,a        y:(r1+n1),r1                ; 69E9D7
144B87: mpy      -y0,y0,a        r2,y:(r1)-                  ; 6A5194
144B88: mpyr     y0,x0,a         y:$35,r2                    ; 6AB5D1
144B89: macr     -x1,x0,b        r3,y:$16                    ; 6B16AF
144B8A: dc       $6b744f                                     ; 6B744F
144B8B: mpy      y0,x0,a         y:(r6)+n6,r3                ; 6BCED0
144B8C: add      y0,a            r4,y:$26                    ; 6C2650
144B8D: mpyr     x1,y0,b         r4,y:-(r2)                  ; 6C7AE9
144B8E: mpy      y1,y0,b         y:(r4)+n4,r4                ; 6CCCB8
144B8F: macr     -y0,x0,a        r5,y:$1b                    ; 6D1BD7
144B90: and      y0,b            r5,y:(r0+n0)                ; 6D685E
144B91: sub      x1,a            y:$32,r5                    ; 6DB264
144B92: tfr      b,a             y:-(r2),r5                  ; 6DFA01
144B93: or       x0,b            r6,y:$3f                    ; 6E3F4A
144B94: eor      y0,a            y:$2,r6                     ; 6E8253
144B95: adc      y,a             y:(r3)-n3,r6                ; 6EC331
144B96: mac      -y1,x1,a        r7,y:$1                     ; 6F01F6
144B97: mac      -y1,y0,a        r7,y:$3e                    ; 6F3EB6
144B98: mpy      x0,x0,a         r7,y:-(r1)                  ; 6F7980
144B99: and      x1,a            y:$32,r7                    ; 6FB266
144B9A: cmpm     y1,a            y:(r1+n1),r7                ; 6FE977
144B9B: macr     x0,y1,a         n0,x:$1e                    ; 701EC3
144B9C: tfr      y0,b            n0,x:(r2)-                  ; 705259
144B9D: cmpm     x0,a            x:$4,n0                     ; 708447
144B9E: mpyr     y0,y0,b         x:$34,n0                    ; 70B499
144B9F: cmp      y0,b            x:(r3),n0                   ; 70E35D
144BA0: macr     -y0,y0,b        n1,x:$10                    ; 71109F
144BA1: eor      x1,b            n1,x:$3c                    ; 713C6B
144BA2: mpy      -x0,y1,b        n1,x:(r6)                   ; 7166CC
144BA3: mac      -x0,y1,b        x:$f,n1                     ; 718FCE
144BA4: tfr      y1,b            x:$37,n1                    ; 71B779
144BA5: mpyr     y0,x0,b         x:(r5)+,n1                  ; 71DDD9
144BA6: macr     -y1,x1,a        n2,x:$2                     ; 7202F7
144BA7: macr     y0,x0,b         n2,x:$26                    ; 7226DB
144BA8: macr     -x0,x0,b        n2,x:(r1)+n1                ; 72498F
144BA9: sub      a,b             n2,x:(r3+n3)                ; 726B1C
144BAA: mpy      x0,x0,b         x:$b,n2                     ; 728B88
144BAB: mpy      -y0,x0,b        x:$2a,n2                    ; 72AADC
144BAC: not      b               x:(r1)+n1,n2                ; 72C91F
144BAD: add      y0,b            x:(r6),n2                   ; 72E658
144BAE: mac      -x0,x0,b        n3,x:$2                     ; 73028E
144BAF: macr     -x0,y1,a        n3,x:$1d                    ; 731DC7
144BB0: addr     a,b             n3,x:$38                    ; 73380A
144BB1: sub      y0,b            n3,x:(r1)-                  ; 73515C
144BB2: mpy      -x0,y1,a        n3,x:(r1+n1)                ; 7369C4
144BB3: cmp      x0,a            x:$1,n3                     ; 738145
144BB4: macr     -x1,y0,a        x:$17,n3                    ; 7397E7
144BB5: mpyr     -x1,x0,b        x:$2d,n3                    ; 73ADAD
144BB6: mpy      -y0,y0,b        x:(r2)-n2,n3                ; 73C29C
144BB7: mpyr     y1,y0,b         x:(r6)-,n3                  ; 73D6B9
144BB8: tfr      a,b             x:(r2+n2),n3                ; 73EA09
144BB9: mac      -x0,x0,b        x:-(r4),n3                  ; 73FC8E
144BBA: and      x0,b            n4,x:$e                     ; 740E4E
144BBB: sub      x0,b            n4,x:$1f                    ; 741F4C
144BBC: macr     x0,x0,b         n4,x:$2f                    ; 742F8B
144BBD: cmpm     a,b             n4,x:$3f                    ; 743F0F
144BBE: macr     y0,x0,b         n4,x:(r5)+n5                ; 744DDB
144BBF: mac      y1,x1,a         n4,x:(r3)+                  ; 745BF2
144BC0: and      y0,a            n4,x:(r1+n1)                ; 746956
144BC1: dc       $74760c                                     ; 74760C
144BC2: maxm     a,b             x:$2,n4                     ; 748215
144BC3: eor      y1,a            x:$d,n4                     ; 748D73
144BC4: adc      x,b             x:$18,n4                    ; 749829
144BC5: adc      y,b             x:$22,n4                    ; 74A239
144BC6: mac      -x1,x0,a        x:$2b,n4                    ; 74ABA6
144BC7: add      y1,a            x:$34,n4                    ; 74B470
144BC8: mac      y0,y0,b         x:$3c,n4                    ; 74BC9A
144BC9: movep    x:<<$ffff80,p:(r0)-n0                       ; 008000
144BCA: bclr     #$0,x:<<$ffff80                             ; 010000
144BCB: dc       $018000                                     ; 018000
144BCC: tcc      b,a                                         ; 020000
144BCD: tcs      b,a                                         ; 028000
144BCE: tcc      b,a r0,r0                                   ; 030000
144BCF: tcs      b,a r0,r0                                   ; 038000
144BD0: lua      (r0+$0),r0                                  ; 040000
144BD1: brclr    #$0,x:<<$ffff80,func_194bd1                 ; 048000 050000
144BD3: bscs     func_144bd3                                 ; 058000
144BD4: do       x:$0,>$68001                                ; 060000 068000
144BD6: dc       $070000                                     ; 070000
144BD7: dc       $078000                                     ; 078000
144BD8: move     a,x:(r0)-n0     x0,a                        ; 080000
144BD9: move     y0,a            a,y:(r0)-n0                 ; 088000
144BDA: move     b,x:(r0)-n0     x0,b                        ; 090000
144BDB: move     y0,b            b,y:(r0)-n0                 ; 098000
144BDC: bclr     #$0,x:$0                                    ; 0A0000
144BDD: bclr     #$0,x:<<$ffffc0                             ; 0A8000
144BDE: bchg     #$0,x:$0                                    ; 0B0000
144BDF: bchg     #$0,x:<<$ffffc0                             ; 0B8000
144BE0: jmp      int_000000                                  ; 0C0000
144BE1: brclr    #$0,x:(r0)-n0,func_214be1                   ; 0C8000 0D0000
144BE3: bsclr    #$0,x:(r0)-n0,func_224be3                   ; 0D8000 0E0000
144BE5: jcs      int_000000                                  ; 0E8000
144BE6: jscc     int_000000                                  ; 0F0000
144BE7: jscs     int_000000                                  ; 0F8000
144BE8: move     x0,x:(r0)-n0    a,y0                        ; 100000
144BE9: move     x:(r0)-n0,x0    a,y0                        ; 108000
144BEA: move     x0,x:(r0)-n0    a,y1                        ; 110000
144BEB: move     x:(r0)-n0,x0    a,y1                        ; 118000
144BEC: move     x0,x:(r0)-n0    b,y0                        ; 120000
144BED: move     x:(r0)-n0,x0    b,y0                        ; 128000
144BEE: move     x0,x:(r0)-n0    b,y1                        ; 130000
144BEF: move     x:(r0)-n0,x0    b,y1                        ; 138000
144BF0: move     x1,x:(r0)-n0    a,y0                        ; 140000
144BF1: move     x:(r0)-n0,x1    a,y0                        ; 148000
144BF2: move     x1,x:(r0)-n0    a,y1                        ; 150000
144BF3: move     x:(r0)-n0,x1    a,y1                        ; 158000
144BF4: move     x1,x:(r0)-n0    b,y0                        ; 160000
144BF5: move     x:(r0)-n0,x1    b,y0                        ; 168000
144BF6: move     x1,x:(r0)-n0    b,y1                        ; 170000
144BF7: move     x:(r0)-n0,x1    b,y1                        ; 178000
144BF8: move     a,x:(r0)-n0     a,y0                        ; 180000
144BF9: move     x:(r0)-n0,a     a,y0                        ; 188000
144BFA: move     a,x:(r0)-n0     a,y1                        ; 190000
144BFB: move     x:(r0)-n0,a     a,y1                        ; 198000
144BFC: move     a,x:(r0)-n0     b,y0                        ; 1A0000
144BFD: move     x:(r0)-n0,a     b,y0                        ; 1A8000
144BFE: move     a,x:(r0)-n0     b,y1                        ; 1B0000
144BFF: move     x:(r0)-n0,a     b,y1                        ; 1B8000
144C00: move     b,x:(r0)-n0     a,y0                        ; 1C0000
144C01: move     x:(r0)-n0,b     a,y0                        ; 1C8000
144C02: move     b,x:(r0)-n0     a,y1                        ; 1D0000
144C03: move     x:(r0)-n0,b     a,y1                        ; 1D8000
144C04: move     b,x:(r0)-n0     b,y0                        ; 1E0000
144C05: move     x:(r0)-n0,b     b,y0                        ; 1E8000
144C06: move     b,x:(r0)-n0     b,y1                        ; 1F0000
144C07: move     x:(r0)-n0,b     b,y1                        ; 1F8000
144C08: dc       $200000                                     ; 200000
144C09: dc       $208000                                     ; 208000
144C0A: dc       $210000                                     ; 210000
144C0B: dc       $218000                                     ; 218000
144C0C: dc       $220000                                     ; 220000
144C0D: dc       $228000                                     ; 228000
144C0E: dc       $230000                                     ; 230000
144C0F: dc       $238000                                     ; 238000
144C10: move     #$0,x0                                      ; 240000
144C11: move     #$80,x0                                     ; 248000
144C12: move     #$0,x1                                      ; 250000
144C13: move     #$80,x1                                     ; 258000
144C14: move     #$0,y0                                      ; 260000
144C15: move     #$80,y0                                     ; 268000
144C16: move     #$0,y1                                      ; 270000
144C17: move     #$80,y1                                     ; 278000
144C18: move     #$0,a0                                      ; 280000
144C19: move     #$80,a0                                     ; 288000
144C1A: move     #$0,b0                                      ; 290000
144C1B: move     #$80,b0                                     ; 298000
144C1C: move     #$0,a2                                      ; 2A0000
144C1D: move     #$80,a2                                     ; 2A8000
144C1E: move     #$0,b2                                      ; 2B0000
144C1F: move     #$80,b2                                     ; 2B8000
144C20: move     #$0,a1                                      ; 2C0000
144C21: move     #$80,a1                                     ; 2C8000
144C22: move     #$0,b1                                      ; 2D0000
144C23: move     #$80,b1                                     ; 2D8000
144C24: move     #$0,a                                       ; 2E0000
144C25: move     #$80,a                                      ; 2E8000
144C26: move     #$0,b                                       ; 2F0000
144C27: move     #$80,b                                      ; 2F8000
144C28: move     #$0,r0                                      ; 300000
144C29: move     #$80,r0                                     ; 308000
144C2A: move     #$0,r1                                      ; 310000
144C2B: move     #$80,r1                                     ; 318000
144C2C: move     #$0,r2                                      ; 320000
144C2D: move     #$80,r2                                     ; 328000
144C2E: move     #$0,r3                                      ; 330000
144C2F: move     #$80,r3                                     ; 338000
144C30: move     #$0,r4                                      ; 340000
144C31: move     #$80,r4                                     ; 348000
144C32: move     #$0,r5                                      ; 350000
144C33: move     #$80,r5                                     ; 358000
144C34: move     #$0,r6                                      ; 360000
144C35: move     #$80,r6                                     ; 368000
144C36: move     #$0,r7                                      ; 370000
144C37: move     #$80,r7                                     ; 378000
144C38: move     #$0,n0                                      ; 380000
144C39: move     #$80,n0                                     ; 388000
144C3A: move     #$0,n1                                      ; 390000
144C3B: move     #$80,n1                                     ; 398000
144C3C: move     #$0,n2                                      ; 3A0000
144C3D: move     #$80,n2                                     ; 3A8000
144C3E: move     #$0,n3                                      ; 3B0000
144C3F: macr     -y1,x1,b        #$7f,n3                     ; 3B7FFF
144C40: macr     -y1,x1,b        #$ff,n3                     ; 3BFFFF
144C41: macr     -y1,x1,b        #$7f,n4                     ; 3C7FFF
144C42: macr     -y1,x1,b        #$ff,n4                     ; 3CFFFF
144C43: macr     -y1,x1,b        #$7f,n5                     ; 3D7FFF
144C44: macr     -y1,x1,b        #$ff,n5                     ; 3DFFFF
144C45: macr     -y1,x1,b        #$7f,n6                     ; 3E7FFF
144C46: macr     -y1,x1,b        #$ff,n6                     ; 3EFFFF
144C47: macr     -y1,x1,b        #$7f,n7                     ; 3F7FFF
144C48: macr     -y1,x1,b        #$ff,n7                     ; 3FFFFF
144C49: macr     -y1,x1,b        y:-(r7),n7                  ; 7FFFFF
144C4A: macr     -y1,x1,b        #$ff,n7                     ; 3FFFFF
144C4B: mac      x1,x0,b         #$aa,a2                     ; 2AAAAA
144C4C: dc       $200000                                     ; 200000
144C4D: mpyr     y0,y0,b         x:(r1)+,a       a,y1        ; 199999
144C4E: cmp      y0,a            a,x1            y1,y:(r5)-  ; 155555
144C4F: sub      x,a             a,x0            a,y:(r1)+n1 ; 124924
144C50: move     x0,x:(r0)-n0    a,y0                        ; 100000
144C51: jpl      func_0008e3                                 ; 0E38E3
144C52: dc       $0ccccd                                     ; 0CCCCD
144C53: jsset    #$9,y:<<$ffffe2,func_0aaaab                 ; 0BA2E9 0AAAAB
144C55: movep    x:(r0)+,y:<<$ffffdd                         ; 09D89D
144C56: mac      y0,y0,a         b,x:(r4)        x0,b        ; 092492
144C57: mpy      x0,x0,b         y0,a            a,y:(r0)+n0 ; 088888
144C58: move     a,x:(r0)-n0     x0,a                        ; 080000
144C59: movep    x:(r7)-n7,y:<<$ffff87                       ; 078787
144C5A: dc       $071c72                                     ; 071C72
144C5B: rep      #<$2bc                                      ; 06BCA2
144C5C: dc       $066666                                     ; 066666
144C5D: dc       $061861                                     ; 061861
144C5E: dc       $05d174                                     ; 05D174
144C5F: dc       $0590b2                                     ; 0590B2
144C60: bec      func_144d15                                 ; 055555
144C61: move     #$1e,sz                                     ; 051EB8
144C62: dc       $04ec4f                                     ; 04EC4F
144C63: bsset    #$1,x:<<$ffffbd,func_18deac                 ; 04BDA1 049249
144C65: dc       $0469ee                                     ; 0469EE
144C66: lra      >*+$42108,x0                                ; 044444 042108
144C68: lua      (r0+$0),r0                                  ; 040000
144C69: move     y:(r0-$7),a0                                ; 03E0F8
144C6A: move     x0,x:(r3-$f)                                ; 03C3C4
144C6B: dc       $03a83b                                     ; 03A83B
144C6C: dc       $038e39                                     ; 038E39
144C6D: move     x:(r5-$24),b                                ; 03759F
144C6E: tec      y0,a r6,r1                                  ; 035E51
144C6F: dc       $034834                                     ; 034834
144C70: dc       $033333                                     ; 033333
144C71: dc       $031f38                                     ; 031F38
144C72: dc       $030c31                                     ; 030C31
144C73: tle      r2,r4                                       ; 02FA0C
144C74: move     y:(r0+$3a),a2                               ; 02E8BA
144C75: tes      r0,r5                                       ; 02D82D
144C76: tnr      r0,r1                                       ; 02C859
144C77: tmi      r1,r1                                       ; 02B931
144C78: move     b2,y:(r2+$2a)                               ; 02AAAB
144C79: move     y:(r4+$26),a1                               ; 029CBC
144C7A: tcs      r7,r4                                       ; 028F5C
144C7B: dc       $028282                                     ; 028282
144C7C: dc       $027627                                     ; 027627
144C7D: tlc      r2,r4                                       ; 026A44
144C7E: dc       $025ed1                                     ; 025ED1
144C7F: move     a0,x:(r3+$15)                               ; 0253C8
144C80: tnn      r1,r5                                       ; 024925
144C81: dc       $023ee1                                     ; 023EE1
144C82: move     y:(r4+$d),y1                                ; 0234F7
144C83: tne      r3,r4                                       ; 022B64
144C84: dc       $022222                                     ; 022222
144C85: tge      r1,r6                                       ; 02192E
144C86: move     x0,x:(r0+$4)                                ; 021084
144C87: tcc      r0,r0                                       ; 020820
144C88: tcc      b,a                                         ; 020000
144C89: dc       $01f81f                                     ; 01F81F
144C8A: dc       $01f07c                                     ; 01F07C
144C8B: dc       $01e913                                     ; 01E913
144C8C: jsset    #$2,y:<<$ffffa1,func_01dae6                 ; 01E1E2 01DAE6
144C8E: dc       $01d41d                                     ; 01D41D
144C8F: jsclr    #$5,x:<<$ffff8d,func_01c71c                 ; 01CD85 01C71C
144C91: jsset    #$0,y:<<$ffff80,func_01bad0                 ; 01C0E0 01BAD0
144C93: jset     #$8,y:<<$ffffb4,func_01af28                 ; 01B4E8 01AF28
144C95: jclr     #$f,x:<<$ffffa9,func_01a41a                 ; 01A98F 01A41A
144C97: jclr     #$9,y:<<$ffff9e,func_01999a                 ; 019EC9 01999A
144C99: jclr     #$b,x:<<$ffff94,func_018f9c                 ; 01948B 018F9C
144C9B: jclr     #$c,y:<<$ffff8a,func_018618                 ; 018ACC 018618
144C9D: jclr     #$1,x:<<$ffff81,func_017d06                 ; 018181 017D06
144C9F: cmp      #<$38,a                                     ; 0178A5
144CA0: dc       $01745d                                     ; 01745D
144CA1: btst     #$e,x:<<$ffffb0                             ; 01702E
144CA2: bchg     #$17,x:<<$ffffac                            ; 016C17
144CA3: bchg     #$16,x:<<$ffffa8                            ; 016816
144CA4: btst     #$c,x:<<$ffffa4                             ; 01642C
144CA5: dc       $016058                                     ; 016058
144CA6: dc       $015c99                                     ; 015C99
144CA7: cmp      #>$15555,b                                  ; 0158ED 015555
144CA9: mpyri    #>$14e5e,y0,a                               ; 0151D1 014E5E
144CAB: cmp      #>$147ae,b                                  ; 014AFD 0147AE
144CAD: btst     #$10,y:<<$ffff84                            ; 014470
144CAE: bchg     #$1,y:<<$ffff81                             ; 014141
144CAF: bset     #$3,x:<<$ffffbe                             ; 013E23
144CB0: bclr     #$14,x:<<$ffffbb                            ; 013B14
144CB1: bclr     #$14,x:<<$ffffb8                            ; 013814
144CB2: bset     #$2,x:<<$ffffb5                             ; 013522
144CB3: dc       $01323e                                     ; 01323E
144CB4: bset     #$8,y:<<$ffffaf                             ; 012F68
144CB5: dc       $012ca0                                     ; 012CA0
144CB6: dc       $0129e4                                     ; 0129E4
144CB7: bset     #$15,x:<<$ffffa7                            ; 012735
144CB8: dmac     ss -x1,x0,a                                 ; 012492
144CB9: dc       $0121fb                                     ; 0121FB
144CBA: bset     #$10,y:<<$ffff9f                            ; 011F70
144CBB: mpy      x1,#$1c,a                                   ; 011CF0
144CBC: dc       $011a7c                                     ; 011A7C
144CBD: bclr     #$12,x:<<$ffff98                            ; 011812
144CBE: dc       $0115b2                                     ; 0115B2
144CBF: dc       $01135c                                     ; 01135C
144CC0: bclr     #$11,x:<<$ffff91                            ; 011111
144CC1: macr     -y1,#$e,b                                   ; 010ECF
144CC2: dc       $010c97                                     ; 010C97
144CC3: bset     #$8,y:<<$ffff8a                             ; 010A68
144CC4: bclr     #$2,y:<<$ffff88                             ; 010842
144CC5: bset     #$5,x:<<$ffff86                             ; 010625
144CC6: bclr     #$10,x:<<$ffff84                            ; 010410
144CC7: bclr     #$4,x:<<$ffff82                             ; 010204
144CC8: bclr     #$0,x:<<$ffff80                             ; 010000
144CC9: move     #>$14a000,x0                                ; 44F400 14A000
144CCB: move     x0,x:(r6+$10)                               ; 024684
144CCC: move     #$0,x0                                      ; 240000
144CCD: move     x0,y:(r6+$10)                               ; 0246A4
144CCE: rts                                                  ; 00000C
144CCF: rts                                                  ; 00000C
144CD0: move     #>$17c6f9,x0                                ; 44F400 17C6F9
144CD2: move     a1,y1                                       ; 218700
144CD3: move     a0,y0                                       ; 210600
144CD4: mpysu    x0,y0,a                                     ; 01278D
144CD5: dmac     ss x0,y1,a                                  ; 012484
144CD6: move     x:(r6+$12),b                                ; 024E9F
144CD7: move     y:(r6+$12),b0                               ; 024EB9
144CD8: move     a1,x:(r6+$12)                               ; 024E8C
144CD9: move     a0,y:(r6+$12)                               ; 024EA8
144CDA: sub      b,a                                         ; 200014
144CDB: asr      #$4,a,a                                     ; 0C1C08
144CDC: move     #>$0,r1                                     ; 61F400 000000
144CDE: move     a1,y1                                       ; 218700
144CDF: move     a0,y0                                       ; 210600
144CE0: tfr      b,a                                         ; 200001
144CE1: move     x:(r6+$10),b                                ; 02469F
144CE2: move     y:(r6+$10),b0                               ; 0246B9
144CE3: move     #>$1fff,x0                                  ; 44F400 001FFF
144CE5: move     #>$14a000,x1                                ; 45F400 14A000
144CE7: do       #<$10,>$144ced                              ; 061080 144CEC
144CE9: add      y,a                                         ; 200030
144CEA: add      a,b             b,l:(r1)+                   ; 495918
144CEB: and      x0,b                                        ; 20004E
144CEC: add      x1,b                                        ; 200068
144CED: move     #>$0,r1                                     ; 61F400 000000
144CEF: move     r1,r4                                       ; 223400
144CF0: move     b1,x:(r6+$10)                               ; 02468D
144CF1: move     b0,y:(r6+$10)                               ; 0246A9
144CF2: move     x:(r1)+,r2                                  ; 62D900
144CF3: move     #>$1fff,m2                                  ; 05F422 001FFF
144CF5: move     m2,m0                                       ; 0460A2
144CF6: move     y:(r4)+,y0                                  ; 4EDC00
144CF7: move     x:(r2)+,x1                                  ; 45DA00
144CF8: move     x:(r1)+,r0                                  ; 60D900
144CF9: do       #<$8,>$144d0a                               ; 060880 144D09
144CFB: mpysu    -x1,y0,a                                    ; 012796
144CFC: add      x1,a            x:(r2),x0                   ; 44E260
144CFD: add      x1,a            x:(r1)+,r2                  ; 62D960
144CFE: macsu    x0,y0,a                                     ; 01268D
144CFF: asr      a               x:(r0)+,x1      y:(r4)+,y0  ; F49822
144D00: asr      #$2,a,a                                     ; 0C1C04
144D01: mpysu    -x1,y0,b                                    ; 0127B6
144D02: add      x1,b            x:(r0),x0       a,y:(r7)+   ; B2E068
144D03: add      x1,b            x:(r1)+,r0                  ; 60D968
144D04: macsu    x0,y0,b                                     ; 0126AD
144D05: asr      b               x:(r2)+,x1      y:(r4)+,y0  ; F49A2A
144D06: asr      #$2,b,b                                     ; 0C1C85
144D07: move     a,y:(r7)+                                   ; 5E5F00
144D08: move     b,y:(r7)+                                   ; 5F5F00
144D09: move     b,y:(r7)+                                   ; 5F5F00
144D0A: move     #>$ffffff,m0                                ; 05F420 FFFFFF
144D0C: move     #>$ffffff,m2                                ; 05F422 FFFFFF
144D0E: do       #<$10,>$144d20                              ; 061080 144D1F
144D10: do       #<$18,>$144d1f                              ; 061880 144D1E
144D12: nop                                                  ; 000000
144D13: nop                                                  ; 000000
144D14: nop                                                  ; 000000
144D15: nop                                                  ; 000000
144D16: nop                                                  ; 000000
144D17: nop                                                  ; 000000
144D18: nop                                                  ; 000000
144D19: nop                                                  ; 000000
144D1A: nop                                                  ; 000000
144D1B: nop                                                  ; 000000
144D1C: nop                                                  ; 000000
144D1D: nop                                                  ; 000000
144D1E: nop                                                  ; 000000
144D1F: nop                                                  ; 000000
144D20: rts                                                  ; 00000C
144D21: move     #>$1e,r0                                    ; 60F400 00001E
144D23: move     #>$20,r1                                    ; 61F400 000020
144D25: move     y:(r6+$14),x0                               ; 0256B4
144D26: move     x0,x:(r0)+                                  ; 445800
144D27: move     y:(r6+$15),x0                               ; 0256F4
144D28: move     x0,x:(r0)-                                  ; 445000
144D29: move     #>$1e454e,x1                                ; 45F400 1E454E
144D2B: move     #>$5b75b8,y0                                ; 46F400 5B75B8
144D2D: move     y:(r6+$1c),y1                               ; 0276B7
144D2E: move     y:(r6+$1d),b                                ; 0276FF
144D2F: move     #>$1e,r4                                    ; 64F400 00001E
144D31: move     x:(r1)+,x0                                  ; 44D900
144D32: move     x:(r0)+,a                                   ; 56D800
144D33: do       #<$10,>$144d39                              ; 061080 144D38
144D35: mac      y0,x0,a         x:(r1)+,x0      y1,y:(r4)+  ; B199D2
144D36: mac      -y1,y0,a        x:(r0)+,b       b,y1        ; 1F98B6
144D37: mac      x1,x0,b         x:(r1)+,x0      y1,y:(r4)+  ; B199AA
144D38: mac      -y1,x1,b        x:(r0)+,a       a,y1        ; 1998FE
144D39: move     y1,y:(r4)+                                  ; 4F5C00
144D3A: move     b,y:(r4)+                                   ; 5F5C00
144D3B: move     y1,y:(r6+$1c)                               ; 0276A7
144D3C: move     b,y:(r6+$1d)                                ; 0276EF
144D3D: move     #>$20,r4                                    ; 64F400 000020
144D3F: move     a,y:(r6+$14)                                ; 0256AE
144D40: move     x:(r0)+,x0                                  ; 44D800
144D41: move     x0,y:(r6+$15)                               ; 0256E4
144D42: move     #>$1f,r0                                    ; 60F400 00001F
144D44: move     #$40,x0                                     ; 244000
144D45: move     y:(r4)+,y0                                  ; 4EDC00
144D46: do       #<$8,>$144d4c                               ; 060880 144D4B
144D48: mpy      y0,x0,a         y:(r4)+,y0                  ; 4EDCD0
144D49: mac      y0,x0,a         b,x:(r0)+       y:(r4)+,y0  ; FC18D2
144D4A: mpy      y0,x0,b         y:(r4)+,y0                  ; 4EDCD8
144D4B: mac      y0,x0,b         a,x:(r0)+       y:(r4)+,y0  ; F818DA
144D4C: move     b,x:(r0)+                                   ; 575800
144D4D: rts                                                  ; 00000C
144D4E: move     #>$1e,r0                                    ; 60F400 00001E
144D50: move     #>$20,r1                                    ; 61F400 000020
144D52: move     y:(r6+$14),x0                               ; 0256B4
144D53: move     x0,x:(r0)+                                  ; 445800
144D54: move     y:(r6+$15),x0                               ; 0256F4
144D55: move     x0,x:(r0)-                                  ; 445000
144D56: move     #>$cfce3,x1                                 ; 45F400 0CFCE3
144D58: move     #>$2bc9ca,y0                                ; 46F400 2BC9CA
144D5A: move     y:(r6+$1c),y1                               ; 0276B7
144D5B: move     y:(r6+$1d),b                                ; 0276FF
144D5C: move     #>$1e,r4                                    ; 64F400 00001E
144D5E: move     x:(r1)+,x0                                  ; 44D900
144D5F: move     x:(r0)+,a                                   ; 56D800
144D60: do       #<$10,>$144d66                              ; 061080 144D65
144D62: mac      y0,x0,a         x:(r1)+,x0      y1,y:(r4)+  ; B199D2
144D63: mac      -y1,y0,a        x:(r0)+,b       b,y1        ; 1F98B6
144D64: mac      x1,x0,b         x:(r1)+,x0      y1,y:(r4)+  ; B199AA
144D65: mac      -y1,x1,b        x:(r0)+,a       a,y1        ; 1998FE
144D66: move     y1,y:(r4)+                                  ; 4F5C00
144D67: move     b,y:(r4)+                                   ; 5F5C00
144D68: move     y1,y:(r6+$1c)                               ; 0276A7
144D69: move     b,y:(r6+$1d)                                ; 0276EF
144D6A: move     a,y:(r6+$14)                                ; 0256AE
144D6B: move     x:(r0)+,x0                                  ; 44D800
144D6C: move     x0,y:(r6+$15)                               ; 0256E4
144D6D: move     #>$1e,r4                                    ; 64F400 00001E
144D6F: move     #>$20,r5                                    ; 65F400 000020
144D71: move     y:(r6+$16),x0                               ; 025EB4
144D72: move     x0,y:(r4)+                                  ; 4C5C00
144D73: move     y:(r6+$17),x0                               ; 025EF4
144D74: move     x0,y:(r4)-                                  ; 4C5400
144D75: move     #>$4e63df,y1                                ; 47F400 4E63DF
144D77: move     #>$6f0f12,x0                                ; 44F400 6F0F12
144D79: move     y:(r6+$1e),x1                               ; 027EB5
144D7A: move     y:(r6+$1f),b                                ; 027EFF
144D7B: move     #>$1e,r0                                    ; 60F400 00001E
144D7D: move     y:(r5)+,y0                                  ; 4EDD00
144D7E: move     y:(r4)+,a                                   ; 5EDC00
144D7F: do       #<$10,>$144d85                              ; 061080 144D84
144D81: mac      y0,x0,a         x1,x:(r0)+      y:(r5)+,y0  ; F438D2
144D82: mac      -x1,x0,a        b,x1            y:(r4)+,b   ; 1FDCA6
144D83: mac      y1,y0,b         x1,x:(r0)+      y:(r5)+,y0  ; F438BA
144D84: mac      -y1,x1,b        a,x1            y:(r4)+,a   ; 16DCFE
144D85: move     x1,x:(r0)+                                  ; 455800
144D86: move     b,x:(r0)+                                   ; 575800
144D87: move     x1,y:(r6+$1e)                               ; 027EA5
144D88: move     b,y:(r6+$1f)                                ; 027EEF
144D89: move     a,y:(r6+$16)                                ; 025EAE
144D8A: move     y:(r4)+,x0                                  ; 4CDC00
144D8B: move     x0,y:(r6+$17)                               ; 025EE4
144D8C: move     #>$20,r0                                    ; 60F400 000020
144D8E: move     #>$1f,r4                                    ; 64F400 00001F
144D90: move     #$40,y0                                     ; 264000
144D91: move     x:(r0)+,x0                                  ; 44D800
144D92: do       #<$8,>$144d98                               ; 060880 144D97
144D94: mpy      y0,x0,a         x:(r0)+,x0                  ; 44D8D0
144D95: mac      y0,x0,a         x:(r0)+,x0      b,y:(r4)+   ; B398D2
144D96: mpy      y0,x0,b         x:(r0)+,x0                  ; 44D8D8
144D97: mac      y0,x0,b         x:(r0)+,x0      a,y:(r4)+   ; B298DA
144D98: move     b,y:(r4)+                                   ; 5F5C00
144D99: rts                                                  ; 00000C
144D9A: move     #>$a,x0                                     ; 44F400 00000A
144D9C: move     x0,y:(r6+$10)                               ; 0246A4
144D9D: move     #>$1,x0                                     ; 44F400 000001
144D9F: move     x0,y:(r6+$11)                               ; 0246E4
144DA0: rts                                                  ; 00000C
144DA1: rts                                                  ; 00000C
144DA2: move     #$0,x0                                      ; 240000
144DA3: move     x0,x:(r6-$19)                               ; 039EC4
144DA4: move     y:(r6+$10),b                                ; 0246BF
144DA5: move     y:(r6+$11),x1                               ; 0246F5
144DA6: move     #>$6,r1                                     ; 61F400 000006
144DA8: do       #<$10,>$144db2                              ; 061080 144DB1
144DAA: add      x1,b            x1,x0                       ; 20A468
144DAB: move     x0,a1                                       ; 208C00
144DAC: move     b1,x1                                       ; 21A500
144DAD: move     b1,x:(r1)+                                  ; 555900
144DAE: add      x1,a            x1,x0                       ; 20A460
144DAF: move     x0,b1                                       ; 208D00
144DB0: move     a1,x1                                       ; 218500
144DB1: move     a1,x:(r1)+                                  ; 545900
144DB2: move     x1,y:(r6+$10)                               ; 0246A5
144DB3: move     b1,y:(r6+$11)                               ; 0246ED
144DB4: move     #>$144e7a,r2                                ; 62F400 144E7A
144DB6: move     #>$0,r4                                     ; 64F400 000000
144DB8: move     #$6,m4                                      ; 0506A4
144DB9: move     #>$0,r0                                     ; 60F400 000000
144DBB: move     #>$26,r1                                    ; 61F400 000026
144DBD: move     x:(r2)+,a                                   ; 56DA00
144DBE: move     x:(r2)+,b                                   ; 57DA00
144DBF: move     x:(r2)+,a       a,y:(r4)+                   ; BA9A00
144DC0: move     x:(r2)+,b       b,y:(r4)+                   ; BF9A00
144DC1: move     x:(r2)+,a       a,y:(r4)+                   ; BA9A00
144DC2: move     x:(r2)+,b       b,y:(r4)+                   ; BF9A00
144DC3: move     x:(r2)+,a       a,y:(r4)+                   ; BA9A00
144DC4: move     b,y:(r4)+                                   ; 5F5C00
144DC5: move     a,y:(r4)+                                   ; 5E5C00
144DC6: move     x:(r6+$14),x1                               ; 025695
144DC7: move     y:(r6+$14),x0                               ; 0256B4
144DC8: move     x1,x:(r0)+                                  ; 455800
144DC9: move     x0,x:(r0)+                                  ; 445800
144DCA: move     x:(r6+$13),x1                               ; 024ED5
144DCB: move     y:(r6+$13),x0                               ; 024EF4
144DCC: move     x1,x:(r0)+                                  ; 455800
144DCD: move     x0,x:(r0)+                                  ; 445800
144DCE: move     x:(r6+$12),x1                               ; 024E95
144DCF: move     y:(r6+$12),x0                               ; 024EB4
144DD0: move     x1,x:(r0)+                                  ; 455800
144DD1: move     x0,x:(r0)+                                  ; 445800
144DD2: move     #>$0,r0                                     ; 60F400 000000
144DD4: move     #>$fffffb,n0                                ; 70F400 FFFFFB
144DD6: move     x:(r6+$17),x1                               ; 025ED5
144DD7: move     y:(r6+$17),x0                               ; 025EF4
144DD8: move     x1,x:(r1)+                                  ; 455900
144DD9: move     x0,x:(r1)+                                  ; 445900
144DDA: move     x:(r6+$16),x1                               ; 025E95
144DDB: move     y:(r6+$16),x0                               ; 025EB4
144DDC: move     x1,x:(r1)+                                  ; 455900
144DDD: move     x0,x:(r1)+                                  ; 445900
144DDE: move     x:(r6+$15),x1                               ; 0256D5
144DDF: move     y:(r6+$15),x0                               ; 0256F4
144DE0: move     x1,x:(r1)+                                  ; 455900
144DE1: move     x0,x:(r1)+                                  ; 445900
144DE2: move     #>$26,r1                                    ; 61F400 000026
144DE4: move     #>$fffffb,n1                                ; 71F400 FFFFFB
144DE6: move     x:(r0)+,x0      y:(r4)+,y0                  ; F09800
144DE7: do       #<$10,>$144dfb                              ; 061080 144DFA
144DE9: mpy      y0,x0,a         x:(r0)+,x0                  ; 44D8D0
144DEA: mpy      y0,x0,b         x:(r0)+,x0      y:(r4)+,y0  ; F098D8
144DEB: mac      y0,x0,a         x:(r0)+,x0                  ; 44D8D2
144DEC: mac      y0,x0,b         x:(r0)+,x0      y:(r4)+,y0  ; F098DA
144DED: mac      y0,x0,a         x:(r0)+,x0                  ; 44D8D2
144DEE: mac      y0,x0,b         x:(r0)+,x0      y:(r4)+,y0  ; F098DA
144DEF: mac      y0,x0,a         x:(r0)+n0,x0                ; 44C8D2
144DF0: mac      y0,x0,b         x:(r1)+,x0      y:(r4)+,y0  ; F099DA
144DF1: mac      y0,x0,a         x:(r1)+,x0                  ; 44D9D2
144DF2: mac      y0,x0,b         x:(r1)+,x0      y:(r4)+,y0  ; F099DA
144DF3: mac      y0,x0,a         x:(r1)+,x0                  ; 44D9D2
144DF4: mac      y0,x0,b         x:(r1)+,x0      y:(r4)+,y0  ; F099DA
144DF5: mac      y0,x0,a         x:(r1)+,x0                  ; 44D9D2
144DF6: mac      y0,x0,b         x:(r0)+,x0      y:(r4)+,y0  ; F098DA
144DF7: asl      #$2,a,a                                     ; 0C1D04
144DF8: asl      #$2,b,b                                     ; 0C1D85
144DF9: move     a,x:(r1)+                                   ; 565900
144DFA: move     b,x:(r1)+n1                                 ; 574900
144DFB: move     x:(r0)+,x1                                  ; 45D800
144DFC: move     x0,x:(r6+$14)                               ; 025684
144DFD: move     x1,y:(r6+$14)                               ; 0256A5
144DFE: move     x:(r0)+,x1                                  ; 45D800
144DFF: move     x:(r0)+,x0                                  ; 44D800
144E00: move     x1,x:(r6+$13)                               ; 024EC5
144E01: move     x0,y:(r6+$13)                               ; 024EE4
144E02: move     x:(r0)+,x1                                  ; 45D800
144E03: move     x:(r0)+,x0                                  ; 44D800
144E04: move     x1,x:(r6+$12)                               ; 024E85
144E05: move     x0,y:(r6+$12)                               ; 024EA4
144E06: move     x:(r1)+,x1                                  ; 45D900
144E07: move     x:(r1)+,x0                                  ; 44D900
144E08: move     x1,x:(r6+$17)                               ; 025EC5
144E09: move     x0,y:(r6+$17)                               ; 025EE4
144E0A: move     x:(r1)+,x1                                  ; 45D900
144E0B: move     x:(r1)+,x0                                  ; 44D900
144E0C: move     x1,x:(r6+$16)                               ; 025E85
144E0D: move     x0,y:(r6+$16)                               ; 025EA4
144E0E: move     x:(r1)+,x1                                  ; 45D900
144E0F: move     x:(r1)+,x0                                  ; 44D900
144E10: move     x1,x:(r6+$15)                               ; 0256C5
144E11: move     x0,y:(r6+$15)                               ; 0256E4
144E12: move     #>$ffffff,m4                                ; 05F424 FFFFFF
144E14: move     #>$6,r0                                     ; 60F400 000006
144E16: move     #>$4c,r1                                    ; 61F400 00004C
144E18: move     x:(r6+$18),a                                ; 02669E
144E19: move     y:(r6+$18),b                                ; 0266BF
144E1A: move     #$2,x0                                      ; 240200
144E1B: move     #>$fffcb9,x1                                ; 45F400 FFFCB9
144E1D: move     x:(r0)+,y1                                  ; 47D800
144E1E: do       #<$10,>$144e24                              ; 061080 144E23
144E20: mac      x0,y1,a         a,x:(r1)+       a,y0        ; 1819C2
144E21: mac      x1,y0,a         x:(r0)+,y1                  ; 47D8E2
144E22: mac      x0,y1,b         b,x:(r1)+       b,y0        ; 1E19CA
144E23: mac      x1,y0,b         x:(r0)+,y1                  ; 47D8EA
144E24: move     a,x:(r6+$18)                                ; 02668E
144E25: move     b,y:(r6+$18)                                ; 0266AF
144E26: move     y:(r6+$5),b                                 ; 0216FF
144E27: move     #>$7fffff,a                                 ; 56F400 7FFFFF
144E29: sub      b,a                                         ; 200014
144E2A: sub      b,a                                         ; 200014
144E2B: bpl      func_144e38                                 ; 0D1043 00000D
144E2D: move     #$0,x1                                      ; 250000
144E2E: sub      #>$400000,b                                 ; 0140CC 400000
144E30: asl      b                                           ; 20003A
144E31: move     #>$7fffff,a                                 ; 56F400 7FFFFF
144E33: sub      b,a                                         ; 200014
144E34: move     b,y1                                        ; 21E700
144E35: move     a,y0                                        ; 21C600
144E36: bra      func_144e3d                                 ; 0D10C0 000007
144E38: asr      #$2,a,a                                     ; 0C1C04
144E39: asl      b                                           ; 20003A
144E3A: move     a,x1                                        ; 21C500
144E3B: move     b,y0                                        ; 21E600
144E3C: move     #$0,y1                                      ; 270000
144E3D: move     #>$6,r0                                     ; 60F400 000006
144E3F: move     #>$2c,r1                                    ; 61F400 00002C
144E41: move     #>$4c,r2                                    ; 62F400 00004C
144E43: move     #>$80,r3                                    ; 63F400 000080
144E45: move     x:(r0)+,x0                                  ; 44D800
144E46: do       #<$10,>$144e50                              ; 061080 144E4F
144E48: mpy      x1,x0,a x:(r0)+,x0                          ; 44D8A0
144E49: mpy      x1,x0,b         x:(r1)+,x0                  ; 44D9A8
144E4A: mac      y0,x0,a         x:(r1)+,x0                  ; 44D9D2
144E4B: mac      y0,x0,b         x:(r2)+,x0                  ; 44DADA
144E4C: mac      x0,y1,a         x:(r2)+,x0                  ; 44DAC2
144E4D: mac      x0,y1,b         x:(r0)+,x0                  ; 44D8CA
144E4E: move     a,x:(r3)+                                   ; 565B00
144E4F: move     b,x:(r3)+                                   ; 575B00
144E50: move     #>$80,r1                                    ; 61F400 000080
144E52: move     #$40,x0                                     ; 244000
144E53: move     y:(r6+$4),y0                                ; 0216B6
144E54: move     x0,a                                        ; 208E00
144E55: move     x0,b                                        ; 208F00
144E56: mac      y0,x0,a                                     ; 2000D2
144E57: mac      -y0,x0,b                                    ; 2000DE
144E58: move     a,y0                                        ; 21C600
144E59: move     x:(r1)+,x0      b,y1                        ; 139900
144E5A: move     y:(r6+$6),a                                 ; 021EBE
144E5B: cmp      #>$400000,a                                 ; 0140C5 400000
144E5D: blt      func_144e69                                 ; 0D1049 00000C
144E5F: do       #<$10,>$144e67                              ; 061080 144E66
144E61: mpy      y0,x0,a         x:(r1)+,x1                  ; 45D9D0
144E62: mac      y1,x1,a                                     ; 2000F2
144E63: mpy      x0,y1,b                                     ; 2000C8
144E64: mac      x1,y0,b         x:(r1)+,x0                  ; 44D9EA
144E65: move     a,y:(r7)+                                   ; 5E5F00
144E66: move     b,y:(r7)+                                   ; 5F5F00
144E67: bra      func_144e71                                 ; 0D10C0 00000A
144E69: do       #<$10,>$144e71                              ; 061080 144E70
144E6B: mpy      y0,x0,a         x:(r1)+,x1                  ; 45D9D0
144E6C: mac      y1,x1,a                                     ; 2000F2
144E6D: mpy      y0,x0,b                                     ; 2000D8
144E6E: mac      y1,x1,b         x:(r1)+,x0                  ; 44D9FA
144E6F: move     a,y:(r7)+                                   ; 5E5F00
144E70: move     b,y:(r7)+                                   ; 5F5F00
144E71: nop                                                  ; 000000
144E72: do       #<$78,>$144e75                              ; 067880 144E74
144E74: nop                                                  ; 000000
144E75: move     #>$ffffff,m0                                ; 05F420 FFFFFF
144E77: move     #>$ffffff,m2                                ; 05F422 FFFFFF
144E79: rts                                                  ; 00000C
144E7A: macr     -x0,x0,b        b,x:(r4)+       y:(r3)+,b   ; FF7C8F
144E7B: dc       $05e4f1                                     ; 05E4F1
144E7C: add      a,b             x:(r2)-,x1      y:(r6)+,y0  ; F4D218
144E7D: bses     func_144eb7                                 ; 05D05A
144E7E: dc       $10b5c7                                     ; 10B5C7
144E7F: macr     -x0,x0,b        b,x:(r2)-       b,y:(r7)+   ; BF728F
144E80: mac      -x1,x0,b        y:(r6)-,y1                  ; 4FD6AE
144E81: move     #>$114000,a0                                ; 50F400 114000
144E83: move     y:>$124,x1                                  ; 4DF000 000124
144E85: maci     #>$2000,x1,a                                ; 0141E2 002000
144E87: move     a0,x0                                       ; 210400
144E88: move     x0,y:(r6+$10)                               ; 0246A4
144E89: move     #$80,x0                                     ; 248000
144E8A: move     x0,x:(r6+$11)                               ; 0246C4
144E8B: move     #$0,x0                                      ; 240000
144E8C: move     x0,x:(r6+$12)                               ; 024E84
144E8D: move     y:(r6+$4),x0                                ; 0216B4
144E8E: mpyi     #>$fffc03,x0,a                              ; 0141C0 FFFC03
144E90: sub      #<$3,a                                      ; 014384
144E91: move     a,x:(r6+$1d)                                ; 0276CE
144E92: move     #$0,x0                                      ; 240000
144E93: move     x0,y:(r6+$21)                               ; 0286E4
144E94: move     x0,y:(r6+$20)                               ; 0286A4
144E95: move     x0,y:(r6+$1d)                               ; 0276E4
144E96: move     x0,x:(r6+$22)                               ; 028E84
144E97: move     x0,y:(r6+$22)                               ; 028EA4
144E98: move     x0,y:(r6+$13)                               ; 024EE4
144E99: rts                                                  ; 00000C
144E9A: move     #$0,x0                                      ; 240000
144E9B: move     x0,x:(r6-$19)                               ; 039EC4
144E9C: move     #$80,b                                      ; 2F8000
144E9D: move     y:(r6+$21),a                                ; 0286FE
144E9E: cmp      #>$80,a                                     ; 0140C5 000080
144EA0: bge      func_144ea3                                 ; 051403
144EA1: add      #<$1,a                                      ; 014180
144EA2: clr      b                                           ; 20001B
144EA3: move     a,y:(r6+$21)                                ; 0286EE
144EA4: move     b,y:(r6+$20)                                ; 0286AF
144EA5: move     #$0,r4                                      ; 340000
144EA6: move     y:(r6+$b),x0                                ; 022EF4
144EA7: mpy      x0,x0,a                                     ; 200080
144EA8: move     x:(r0)+,x1                                  ; 45D800
144EA9: move     a,x0                                        ; 21C400
144EAA: mpy      x1,x0,a         x:(r0)+,x1                  ; 45D8A0
144EAB: asl      #$2,a,a                                     ; 0C1D04
144EAC: mpy      x1,x0,b         x:(r0)+,x1                  ; 45D8A8
144EAD: asl      #$2,b,b                                     ; 0C1D85
144EAE: do       #<$10,>$144eb4                              ; 061080 144EB3
144EB0: mpy      x1,x0,a         x:(r0)+,x1      a,y:(r4)+   ; B698A0
144EB1: asl      #$2,a,a                                     ; 0C1D04
144EB2: mpy      x1,x0,b         x:(r0)+,x1      b,y:(r4)+   ; B798A8
144EB3: asl      #$2,b,b                                     ; 0C1D85
144EB4: move     y:(r6+$6),x0                                ; 021EB4
144EB5: mpy      x0,x0,a                                     ; 200080
144EB6: move     #>$20,r0                                    ; 60F400 000020
144EB8: move     a,x0                                        ; 21C400
144EB9: mpyi     #>$9566,x0,a                                ; 0141C0 009566
144EBB: move     r0,r4                                       ; 221400
144EBC: move     a,x0                                        ; 21C400
144EBD: move     x:(r6+$11),a                                ; 0246DE
144EBE: move     x:(r6+$12),b                                ; 024E9F
144EBF: move     a,x1                                        ; 21C500
144EC0: bset     #$14,sr                                     ; 0AF974
144EC1: do       #<$10,>$144ec5                              ; 061080 144EC4
144EC3: mac      -x1,x0,b        b,x:(r0)+       b,y0        ; 1E18AE
144EC4: mac      y0,x0,a         a,x1            a,y:(r4)+   ; 165CD2
144EC5: bclr     #$14,sr                                     ; 0AF954
144EC6: move     a,x:(r6+$11)                                ; 0246CE
144EC7: move     b,x:(r6+$12)                                ; 024E8F
144EC8: move     y:(r6+$24),a                                ; 0296BE
144EC9: move     y:(r6+$9),y0                                ; 0226F6
144ECA: move     a,y1                                        ; 21C700
144ECB: maci     #>$28f5c,y0,a                               ; 0141D2 028F5C
144ECD: maci     #>$fd70a4,y1,a                              ; 0141F2 FD70A4
144ECF: move     a,y:(r6+$24)                                ; 0296AE
144ED0: move     a,y0                                        ; 21C600
144ED1: mpyi     #>$800,y0,a                                 ; 0141D0 000800
144ED3: move     a,r0                                        ; 21D000
144ED4: move     x:(r0+$14a000),a                            ; 0A70CE 14A000
144ED6: move     x:(r0+$14a800),b                            ; 0A70CF 14A800
144ED8: move     y:(r6+$25),x0                               ; 0296F4
144ED9: move     y:(r6+$26),x1                               ; 029EB5
144EDA: move     b,y:(r6+$25)                                ; 0296EF
144EDB: move     a,y:(r6+$26)                                ; 029EAE
144EDC: sub      x1,a                                        ; 200064
144EDD: sub      x0,b                                        ; 20004C
144EDE: tfr      x1,a            a,y0                        ; 21C661
144EDF: tfr      x0,b            b,y1                        ; 21E749
144EE0: move     #$8,x0                                      ; 240800
144EE1: move     #>$e0,r0                                    ; 60F400 0000E0
144EE3: do       #<$10,>$144ee7                              ; 061080 144EE6
144EE5: mac      y0,x0,a         a,y:(r0)                    ; 5E60D2
144EE6: mac      x0,y1,b         b,x:(r0)+                   ; 5758CA
144EE7: move     #>$e0,r5                                    ; 65F400 0000E0
144EE9: move     #>$20,r0                                    ; 60F400 000020
144EEB: move     r0,r4                                       ; 221400
144EEC: move     #>$20,r1                                    ; 61F400 000020
144EEE: move     #>$30,r2                                    ; 62F400 000030
144EF0: move     x:(r5),y0                                   ; 46E500
144EF1: move     x:(r0)+,x0      y:(r5)+,y1                  ; F1B800
144EF2: do       #<$10,>$144efa                              ; 061080 144EF9
144EF4: mpy      y0,x0,a         y:(r4)+,x1                  ; 4DDCD0
144EF5: mac      y1,x1,a                                     ; 2000F2
144EF6: mpy      y0,x0,b         x:(r5),y0                   ; 46E5D8
144EF7: mac      -y1,x1,b        x:(r0)+,x0      y:(r5)+,y1  ; F1B8FE
144EF8: move     a,x:(r1)+                                   ; 565900
144EF9: move     b,x:(r2)+                                   ; 575A00
144EFA: move     y:(r6+$4),x0                                ; 0216B4
144EFB: mpyi     #>$fffc03,x0,a                              ; 0141C0 FFFC03
144EFD: sub      #<$3,a                                      ; 014384
144EFE: move     x:(r6+$1d),b                                ; 0276DF
144EFF: move     y:(r6+$1d),b0                               ; 0276F9
144F00: move     b,l:?:>$ff                                  ; 497000 0000FF
144F02: move     a,x0                                        ; 21C400
144F03: move     b,x1                                        ; 21E500
144F04: maci     #>$28f5c,x0,b                               ; 0141CA 028F5C
144F06: maci     #>$fd70a4,x1,b                              ; 0141EA FD70A4
144F08: move     b1,x:(r6+$1d)                               ; 0276CD
144F09: move     b0,y:(r6+$1d)                               ; 0276E9
144F0A: move     x:(r6+$22),a                                ; 028E9E
144F0B: move     y:(r6+$22),a0                               ; 028EB8
144F0C: move     y:(r6+$5),x0                                ; 0216F4
144F0D: move     a,x1                                        ; 21C500
144F0E: maci     #>$fd70a4,x0,a                              ; 0141C2 FD70A4
144F10: maci     #>$fd70a4,x1,a                              ; 0141E2 FD70A4
144F12: move     a1,x:(r6+$22)                               ; 028E8C
144F13: move     a0,y:(r6+$22)                               ; 028EA8
144F14: add      #<$2,b                                      ; 014288
144F15: asl      #$a,b,b                                     ; 0C1D95
144F16: move     a,x1                                        ; 21C500
144F17: move     b,x0                                        ; 21E400
144F18: mpy      x1,x0,a                                     ; 2000A0
144F19: move     y:(r6+$23),x0                               ; 028EF4
144F1A: move     a,y:(r6+$23)                                ; 028EEE
144F1B: sub      x0,a            #>$80000,y1                 ; 47F444 080000
144F1D: tfr      x0,a            a,y0                        ; 21C641
144F1E: move     #>$e0,r3                                    ; 63F400 0000E0
144F20: move     #$f,m3                                      ; 050FA3
144F21: do       #<$10,>$144f24                              ; 061080 144F23
144F23: mac      y1,y0,a         a,x:(r3)+                   ; 565BB2
144F24: move     #>$20,r1                                    ; 61F400 000020
144F26: move     #>$1f,r2                                    ; 62F400 00001F
144F28: move     x:(r6+$1d),b                                ; 0276DF
144F29: move     y:(r6+$1d),b0                               ; 0276F9
144F2A: move     l:?:>$ff,y                                  ; 43F000 0000FF
144F2C: sub      y,b                                         ; 20003C
144F2D: add      #<$10,b                                     ; 015088
144F2E: asr      #$4,b,b                                     ; 0C1C89
144F2F: move     b1,y1                                       ; 21A700
144F30: move     b0,y0                                       ; 212600
144F31: move     l:(r2),a                                    ; 48E200
144F32: move     x:(r1)+,x1                                  ; 45D900
144F33: move     x:(r3)+,x0                                  ; 44DB00
144F34: do       #<$2,>$144f3f                               ; 060280 144F3E
144F36: move     l:?:>$ff,b                                  ; 49F000 0000FF
144F38: do       #<$10,>$144f3e                              ; 061080 144F3D
144F3A: mpy      x1,x0,a         a,l:(r2)+                   ; 485AA0
144F3B: asr      #$a,a,a                                     ; 0C1C14
144F3C: add      b,a             x:(r1)+,x1                  ; 45D910
144F3D: add      y,b             x:(r3)+,x0                  ; 44DB38
144F3E: nop                                                  ; 000000
144F3F: move     a,l:(r2)+                                   ; 485A00
144F40: move     #>$ffffff,m3                                ; 05F423 FFFFFF
144F42: clr      a                                           ; 200013
144F43: clr      b               #>$20,r4                    ; 64F41B 000020
144F45: do       #<$10,>$144f4c                              ; 061080 144F4B
144F47: move     y:(r4)+,a1                                  ; 5CDC00
144F48: lsr      a               y:(r4)-,b1                  ; 5DD423
144F49: lsr      b                                           ; 20002B
144F4A: move     a1,y:(r4)+                                  ; 5C5C00
144F4B: move     b1,y:(r4)+                                  ; 5D5C00
144F4C: move     #>$20,r4                                    ; 64F400 000020
144F4E: move     #>$9e,r0                                    ; 60F400 00009E
144F50: move     y:(r4)+,y0                                  ; 4EDC00
144F51: move     x:(r0)+,a                                   ; 56D800
144F52: move     x:(r0)-,b                                   ; 57D000
144F53: do       #<$10,>$144f57                              ; 061080 144F56
144F55: mpy      y0,y0,a         a,x:(r0)+       y:(r4)+,y0  ; F81890
144F56: mpy      y0,y0,b         b,x:(r0)+       y:(r4)+,y0  ; FC1898
144F57: move     a,x:(r0)+                                   ; 565800
144F58: move     b,x:(r0)+                                   ; 575800
144F59: move     #>$a0,r0                                    ; 60F400 0000A0
144F5B: move     #>$20,r4                                    ; 64F400 000020
144F5D: move     #>$a0,r5                                    ; 65F400 0000A0
144F5F: move     x:(r0)+,x0      y:(r4)+,y0                  ; F09800
144F60: do       #<$10,>$144f66                              ; 061080 144F65
144F62: mpy      y0,x0,a         x:(r0)+,x0      y:(r4)+,y0  ; F098D0
144F63: mpy      y0,x0,b         x:(r0)+,x0      y:(r4)+,y0  ; F098D8
144F64: move     a,y:(r5)+                                   ; 5E5D00
144F65: move     b,y:(r5)+                                   ; 5F5D00
144F66: move     #>$20,r4                                    ; 64F400 000020
144F68: move     #>$40,r0                                    ; 60F400 000040
144F6A: move     #>$a0,r1                                    ; 61F400 0000A0
144F6C: move     #>$a0,r5                                    ; 65F400 0000A0
144F6E: move     #$80,y1                                     ; 278000
144F6F: move     #$0,x0                                      ; 240000
144F70: move     #>$0,r2                                     ; 62F400 000000
144F72: move     #$a,m2                                      ; 050AA2
144F73: move     #>$eaaaab,x0                                ; 44F400 EAAAAB
144F75: move     x0,x:(r2)+                                  ; 445A00
144F76: move     #$40,x0                                     ; 244000
144F77: move     x0,x:(r2)+                                  ; 445A00
144F78: move     #>$d55555,x0                                ; 44F400 D55555
144F7A: move     x0,x:(r2)+                                  ; 445A00
144F7B: move     #$40,x0                                     ; 244000
144F7C: move     x0,x:(r2)+                                  ; 445A00
144F7D: move     #$80,x0                                     ; 248000
144F7E: move     x0,x:(r2)+                                  ; 445A00
144F7F: move     #$c0,x0                                     ; 24C000
144F80: move     x0,x:(r2)+                                  ; 445A00
144F81: move     #$c0,x0                                     ; 24C000
144F82: move     x0,x:(r2)+                                  ; 445A00
144F83: move     #$40,x0                                     ; 244000
144F84: move     x0,x:(r2)+                                  ; 445A00
144F85: move     #>$7fffff,x0                                ; 44F400 7FFFFF
144F87: move     x0,x:(r2)+                                  ; 445A00
144F88: move     #>$155555,x0                                ; 44F400 155555
144F8A: move     x0,x:(r2)+                                  ; 445A00
144F8B: move     #>$eaaaab,x0                                ; 44F400 EAAAAB
144F8D: move     x0,x:(r2)+                                  ; 445A00
144F8E: move     x:(r2)+,x0      y:(r5),y0                   ; C0BA00
144F8F: do       #<$20,>$144fa2                              ; 062080 144FA1
144F91: mpy      y0,x0,a         x:(r2)+,x0                  ; 44DAD0
144F92: move     x:(r1)+,x1                                  ; 45D900
144F93: mac      x1,x0,a         x:(r2)+,x0      y:(r4),y0   ; C09AA2
144F94: mac      y0,x0,a         x:(r2)+,x0      y:(r5),y0   ; C0BAD2
144F95: mpy      y0,x0,b x:(r2)+,x0                          ; 44DAD8
144F96: mac      x1,x0,b         x:(r2)+,x0      y:(r4),y0   ; C09AAA
144F97: mac      y0,x0,b                                     ; 2000DA
144F98: sub      y1,b            x:(r2)+,x0      y:(r5),y0   ; C0BA7C
144F99: move     a,x:(r0)+                                   ; 565800
144F9A: move     b,x:(r0)+                                   ; 575800
144F9B: mpy      y0,x0,a         x:(r2)+,x0                  ; 44DAD0
144F9C: mac      x1,x0,a         x:(r2)+,x0      y:(r4),y0   ; C09AA2
144F9D: mac      y0,x0,a         x:(r2)+,x0      y:(r5)+,y0  ; F0BAD2
144F9E: mpy      y0,x0,b         x:(r2)+,x0      y:(r4)+,y0  ; F09AD8
144F9F: mac      y0,x0,b         x:(r2)+,x0      y:(r5),y0   ; C0BADA
144FA0: move     a,x:(r0)+                                   ; 565800
144FA1: move     b,x:(r0)+                                   ; 575800
144FA2: move     #>$ffffff,m2                                ; 05F422 FFFFFF
144FA4: move     #>$0,r4                                     ; 64F400 000000
144FA6: move     #$2,n4                                      ; 3C0200
144FA7: move     y:(r6+$10),a                                ; 0246BE
144FA8: tfr      a,b             a,r0                        ; 21D009
144FA9: add      #>$1000,a                                   ; 0140C0 001000
144FAB: move     #>$fff,m0                                   ; 05F420 000FFF
144FAD: move     m0,m1                                       ; 0461A0
144FAE: move     m0,m2                                       ; 0462A0
144FAF: move     m0,m3                                       ; 0463A0
144FB0: move     a,r1                                        ; 21D100
144FB1: move     r0,r2                                       ; 221200
144FB2: move     r1,r3                                       ; 223300
144FB3: move     x:(r6+$1d),n2                               ; 0A76DA 00001D
144FB5: move     n2,n3                                       ; 235B00
144FB6: move     (r2)+n2                                     ; 204A00
144FB7: move     (r3)+n3                                     ; 204B00
144FB8: clr      a                                           ; 200013
144FB9: move     y:(r6+$1d),a1                               ; 0276FC
144FBA: lsr      a                                           ; 200023
144FBB: move     #>$7fffff,b                                 ; 57F400 7FFFFF
144FBD: sub      a,b             a,x0                        ; 21C41C
144FBE: move     y:(r6+$8),a                                 ; 0226BE
144FBF: sub      #>$400000,a                                 ; 0140C4 400000
144FC1: move     a,x1                                        ; 21C500
144FC2: mpyi     #>$410410,x1,a                              ; 0141E0 410410
144FC4: asl      #$2,a,a                                     ; 0C1D04
144FC5: move     a,x1                                        ; 21C500
144FC6: mpyi     #>$7eb852,x1,a                              ; 0141E0 7EB852
144FC8: move     a,x1                                        ; 21C500
144FC9: mpy      x1,x0,b         b,x0                        ; 21E4A8
144FCA: mpy      x1,x0,a                                     ; 2000A0
144FCB: move     b,y0                                        ; 21E600
144FCC: move     a,y1                                        ; 21C700
144FCD: move     y:(r6+$20),x0                               ; 0286B4
144FCE: mpy      -y0,x0,a                                    ; 2000D4
144FCF: mpy      -x0,y1,b        #>$7fffff,x1                ; 45F4CC 7FFFFF
144FD1: move     a,y0                                        ; 21C600
144FD2: move     b,y1                                        ; 21E700
144FD3: do       #<$2,>$144fe3                               ; 060280 144FE2
144FD5: nop                                                  ; 000000
144FD6: do       #<$10,>$144fdd                              ; 061080 144FDC
144FD8: move     x:(r2)+,x0                                  ; 44DA00
144FD9: mpy      x0,y1,a         x:(r2),x0                   ; 44E2C0
144FDA: mac      y0,x0,a         y:(r4)+n4,x0                ; 4CCCD2
144FDB: mac      x1,x0,a                                     ; 2000A2
144FDC: move     a,x:(r0)+                                   ; 565800
144FDD: move     r5,b                                        ; 22AF00
144FDE: move     r0,r5                                       ; 221500
144FDF: move     r1,r0                                       ; 223000
144FE0: move     r3,r2                                       ; 227200
144FE1: move     #>$1,r4                                     ; 64F400 000001
144FE3: move     #>$ffffff,m0                                ; 05F420 FFFFFF
144FE5: move     m0,m1                                       ; 0461A0
144FE6: move     m0,m2                                       ; 0462A0
144FE7: move     m0,m3                                       ; 0463A0
144FE8: move     y:(r6+$10),a                                ; 0246BE
144FE9: move     b,y:(r6+$10)                                ; 0246AF
144FEA: move     #>$fff,m0                                   ; 05F420 000FFF
144FEC: move     m0,m4                                       ; 0464A0
144FED: move     a,r0                                        ; 21D000
144FEE: add      #>$1000,a                                   ; 0140C0 001000
144FF0: move     a,r1                                        ; 21D100
144FF1: move     #>$20,r5                                    ; 65F400 000020
144FF3: move     #>$40,r2                                    ; 62F400 000040
144FF5: move     #>$e0,r3                                    ; 63F400 0000E0
144FF7: move     x:(r5)+,n0                                  ; 70DD00
144FF8: do       #<$2,>$145006                               ; 060280 145005
144FFA: lua      (r0)+n0,r4                                  ; 044814
144FFB: do       #<$10,>$145005                              ; 061080 145004
144FFD: move     x:(r2)+,x0      y:(r4)+,y0                  ; F09A00
144FFE: move     x:(r5)+,n0                                  ; 70DD00
144FFF: mpy      y0,x0,a         x:(r2)+,x0      y:(r4)+,y0  ; F09AD0
145000: mac      y0,x0,a         x:(r2)+,x0      y:(r4)+,y0  ; F09AD2
145001: mac      y0,x0,a         x:(r2)+,x0      y:(r4)+,y0  ; F09AD2
145002: mac      y0,x0,a                                     ; 2000D2
145003: lua      (r0)+n0,r4                                  ; 044814
145004: move     a,x:(r3)+                                   ; 565B00
145005: move     r1,r0                                       ; 223000
145006: move     #>$ffffff,m4                                ; 05F424 FFFFFF
145008: move     #>$ffffff,m0                                ; 05F420 FFFFFF
14500A: move     #>$3e,r4                                    ; 64F400 00003E
14500C: move     #>$0,r5                                     ; 65F400 000000
14500E: move     #>$e0,r0                                    ; 60F400 0000E0
145010: move     #$1f,m0                                     ; 051FA0
145011: move     #$10,n0                                     ; 381000
145012: move     #>$5a8241,y1                                ; 47F400 5A8241
145014: move     y:(r6+$20),x0                               ; 0286B4
145015: mpy      -x0,y1,a                                    ; 2000C4
145016: move     y:(r5)+,x1                                  ; 4DDD00
145017: move     a,y0                                        ; 21C600
145018: do       #<$10,>$14501f                              ; 061080 14501E
14501A: mpy      x1,y0,a         x:(r0)+n0,x1    a,y:(r4)+   ; B688E0
14501B: mac      y1,x1,a         y:(r5)+,x1                  ; 4DDDF2
14501C: mpy      x1,y0,b         x:(r0)+n0,x1    b,y:(r4)+   ; B788E8
14501D: mac      y1,x1,b         y:(r5)+,x1                  ; 4DDDFA
14501E: move     (r0)+                                       ; 205800
14501F: move     a,y:(r4)+                                   ; 5E5C00
145020: move     b,y:(r4)+                                   ; 5F5C00
145021: move     #>$ffffff,m0                                ; 05F420 FFFFFF
145023: move     #>$0,r4                                     ; 64F400 000000
145025: move     #>$40,r5                                    ; 65F400 000040
145027: move     y:(r6+$7),x0                                ; 021EF4
145028: move     #>$7fffff,a                                 ; 56F400 7FFFFF
14502A: sub      x0,a                                        ; 200044
14502B: move     y:(r4)+,y0                                  ; 4EDC00
14502C: move     a,x1                                        ; 21C500
14502D: do       #<$10,>$145035                              ; 061080 145034
14502F: mpy      x1,y0,a         y:(r5)+,y0                  ; 4EDDE0
145030: mac      y0,x0,a         y:(r4)+,y0                  ; 4EDCD2
145031: mpy      x1,y0,b         y:(r5)+,y0                  ; 4EDDE8
145032: mac      y0,x0,b         y:(r4)+,y0                  ; 4EDCDA
145033: move     a,y:(r7)+                                   ; 5E5F00
145034: move     b,y:(r7)+                                   ; 5F5F00
145035: rts                                                  ; 00000C
145036: move     #$80,x0                                     ; 248000
145037: move     x0,x:(r6+$11)                               ; 0246C4
145038: move     #$0,x0                                      ; 240000
145039: move     x0,x:(r6+$12)                               ; 024E84
14503A: move     x0,x1                                       ; 208500
14503B: move     x0,x:(r6+$19)                               ; 0266C4
14503C: move     x0,y:(r6+$19)                               ; 0266E4
14503D: move     x0,x:(r6+$18)                               ; 026684
14503E: move     x0,y:(r6+$18)                               ; 0266A4
14503F: lua      (r6+$1e),r4                                 ; 040EE4
145040: do       #<$8,>$145044                               ; 060880 145043
145042: move     x,l:(r4)+                                   ; 425C00
145043: move     x,l:(r4)+                                   ; 425C00
145044: rts                                                  ; 00000C
145045: move     #$0,x0                                      ; 240000
145046: move     x0,x:(r6-$19)                               ; 039EC4
145047: move     #$0,r4                                      ; 340000
145048: move     #$10,r5                                     ; 351000
145049: move     y:(r6+$b),x0                                ; 022EF4
14504A: mpy      x0,x0,a                                     ; 200080
14504B: move     x:(r0)+,x1                                  ; 45D800
14504C: move     a,x0                                        ; 21C400
14504D: mpy      x1,x0,a         x:(r0)+,x1                  ; 45D8A0
14504E: asl      #$2,a,a                                     ; 0C1D04
14504F: mpy      x1,x0,b         x:(r0)+,x1                  ; 45D8A8
145050: asl      #$2,b,b                                     ; 0C1D85
145051: do       #<$10,>$145057                              ; 061080 145056
145053: mpy      x1,x0,a         x:(r0)+,x1      a,y:(r4)+   ; B698A0
145054: asl      #$2,a,a                                     ; 0C1D04
145055: mpy      x1,x0,b         x:(r0)+,x1      b,y:(r5)+   ; B7B8A8
145056: asl      #$2,b,b                                     ; 0C1D85
145057: move     y:(r6+$6),x0                                ; 021EB4
145058: mpy      x0,x0,a                                     ; 200080
145059: move     #$20,r0                                     ; 302000
14505A: move     a,x0                                        ; 21C400
14505B: mpyi     #>$9566,x0,a                                ; 0141C0 009566
14505D: move     r0,r4                                       ; 221400
14505E: move     a,x0                                        ; 21C400
14505F: move     x:(r6+$11),a                                ; 0246DE
145060: move     x:(r6+$12),b                                ; 024E9F
145061: move     a,x1                                        ; 21C500
145062: bset     #$14,sr                                     ; 0AF974
145063: do       #<$10,>$145067                              ; 061080 145066
145065: mac      -x1,x0,b        b,x:(r0)+       b,y0        ; 1E18AE
145066: mac      y0,x0,a         a,x1            a,y:(r4)+   ; 165CD2
145067: bclr     #$14,sr                                     ; 0AF954
145068: move     a,x:(r6+$11)                                ; 0246CE
145069: move     b,x:(r6+$12)                                ; 024E8F
14506A: move     y:(r6+$1b),a                                ; 026EFE
14506B: move     y:(r6+$9),y0                                ; 0226F6
14506C: move     a,y1                                        ; 21C700
14506D: maci     #>$28f5c,y0,a                               ; 0141D2 028F5C
14506F: maci     #>$fd70a4,y1,a                              ; 0141F2 FD70A4
145071: move     a,y:(r6+$1b)                                ; 026EEE
145072: move     a,y0                                        ; 21C600
145073: mpyi     #>$800,y0,a                                 ; 0141D0 000800
145075: move     a,r0                                        ; 21D000
145076: move     x:(r0+$14a000),a                            ; 0A70CE 14A000
145078: move     x:(r0+$14a800),b                            ; 0A70CF 14A800
14507A: move     y:(r6+$1c),x0                               ; 0276B4
14507B: move     y:(r6+$1d),x1                               ; 0276F5
14507C: move     b,y:(r6+$1c)                                ; 0276AF
14507D: move     a,y:(r6+$1d)                                ; 0276EE
14507E: sub      x1,a                                        ; 200064
14507F: sub      x0,b                                        ; 20004C
145080: tfr      x1,a            a,y0                        ; 21C661
145081: tfr      x0,b            b,y1                        ; 21E749
145082: move     #$8,x0                                      ; 240800
145083: move     #>$e0,r0                                    ; 60F400 0000E0
145085: do       #<$10,>$145089                              ; 061080 145088
145087: mac      y0,x0,a         a,y:(r0)                    ; 5E60D2
145088: mac      x0,y1,b         b,x:(r0)+                   ; 5758CA
145089: move     #>$e0,r5                                    ; 65F400 0000E0
14508B: move     #>$20,r0                                    ; 60F400 000020
14508D: move     r0,r4                                       ; 221400
14508E: move     #>$20,r1                                    ; 61F400 000020
145090: move     #>$30,r2                                    ; 62F400 000030
145092: move     x:(r5),y0                                   ; 46E500
145093: move     x:(r0)+,x0      y:(r5)+,y1                  ; F1B800
145094: do       #<$10,>$14509c                              ; 061080 14509B
145096: mpy      y0,x0,a         y:(r4)+,x1                  ; 4DDCD0
145097: mac      y1,x1,a                                     ; 2000F2
145098: mpy      y0,x0,b         x:(r5),y0                   ; 46E5D8
145099: mac      -y1,x1,b        x:(r0)+,x0      y:(r5)+,y1  ; F1B8FE
14509A: move     a,x:(r1)+                                   ; 565900
14509B: move     b,x:(r2)+                                   ; 575A00
14509C: move     x:(r6+$18),b                                ; 02669F
14509D: move     y:(r6+$18),b0                               ; 0266B9
14509E: move     y:(r6+$4),x0                                ; 0216B4
14509F: move     b,x1                                        ; 21E500
1450A0: maci     #>$28f5c,x0,b                               ; 0141CA 028F5C
1450A2: maci     #>$fd70a4,x1,b                              ; 0141EA FD70A4
1450A4: move     b1,x:(r6+$18)                               ; 02668D
1450A5: move     b0,y:(r6+$18)                               ; 0266A9
1450A6: move     x:(r6+$19),a                                ; 0266DE
1450A7: move     y:(r6+$19),a0                               ; 0266F8
1450A8: move     y:(r6+$5),x0                                ; 0216F4
1450A9: move     a,x1                                        ; 21C500
1450AA: maci     #>$28f5c,x0,a                               ; 0141C2 028F5C
1450AC: maci     #>$fd70a4,x1,a                              ; 0141E2 FD70A4
1450AE: move     a1,x:(r6+$19)                               ; 0266CC
1450AF: move     a0,y:(r6+$19)                               ; 0266E8
1450B0: move     a,x0                                        ; 21C400
1450B1: sub      #>$400000,b                                 ; 0140CC 400000
1450B3: asl      b                                           ; 20003A
1450B4: move     b,x1                                        ; 21E500
1450B5: abs      b                                           ; 20002E
1450B6: add      #>$800000,b                                 ; 0140C8 800000
1450B8: neg      b                                           ; 20003E
1450B9: move     b,y1                                        ; 21E700
1450BA: mpy      x0,y1,a                                     ; 2000C0
1450BB: move     y:(r6+$1a),x0                               ; 026EB4
1450BC: move     a,y:(r6+$1a)                                ; 026EAE
1450BD: sub      x0,a            #>$80000,y1                 ; 47F444 080000
1450BF: tfr      x0,a            a,y0                        ; 21C641
1450C0: move     #>$e0,r3                                    ; 63F400 0000E0
1450C2: move     #$f,m3                                      ; 050FA3
1450C3: do       #<$10,>$1450c6                              ; 061080 1450C5
1450C5: mac      y1,y0,a         a,x:(r3)+                   ; 565BB2
1450C6: move     #>$20,r1                                    ; 61F400 000020
1450C8: move     #>$0,r2                                     ; 62F400 000000
1450CA: move     x1,y0                                       ; 20A600
1450CB: move     x:(r1)+,x1                                  ; 45D900
1450CC: move     x:(r3)+,x0                                  ; 44DB00
1450CD: do       #<$10,>$1450d5                              ; 061080 1450D4
1450CF: mpy      x1,x0,a         x:(r1)+,x1                  ; 45D9A0
1450D0: add      y0,a            x:(r3)+,x0                  ; 44DB50
1450D1: mpy      x1,x0,b         x:(r1)+,x1                  ; 45D9A8
1450D2: add      y0,b            x:(r3)+,x0                  ; 44DB58
1450D3: move     a,x:(r2)+                                   ; 565A00
1450D4: move     b,x:(r2)+                                   ; 575A00
1450D5: move     #>$ffffff,m3                                ; 05F423 FFFFFF
1450D7: move     #>$90,r4                                    ; 64F400 000090
1450D9: move     y:(r6+$8),a                                 ; 0226BE
1450DA: sub      #>$400000,a                                 ; 0140C4 400000
1450DC: asl      a                                           ; 200032
1450DD: move     a,y1                                        ; 21C700
1450DE: move     y:(r6+$13),b                                ; 024EFF
1450DF: move     a,y:(r6+$13)                                ; 024EEE
1450E0: sub      b,a                                         ; 200014
1450E1: move     a,y0                                        ; 21C600
1450E2: mpyi     #>$80000,y0,a                               ; 0141D0 080000
1450E4: do       #<$10,>$1450e7                              ; 061080 1450E6
1450E6: add      a,b             b,y:(r4)+                   ; 5F5C18
1450E7: move     #$1e,n6                                     ; 3E1E00
1450E8: move     #>$0,r0                                     ; 60F400 000000
1450EA: move     #>$0,r5                                     ; 65F400 000000
1450EC: move     #>$60,r3                                    ; 63F400 000060
1450EE: do       #<$2,>$145129                               ; 060280 145128
1450F0: lua      (r6)+n6,r4                                  ; 044E14
1450F1: move     #>$20,r2                                    ; 62F400 000020
1450F3: do       #<$7,>$1450f7                               ; 060780 1450F6
1450F5: move     l:(r4)+,x                                   ; 42DC00
1450F6: move     x,l:(r2)+                                   ; 425A00
1450F7: move     #>$21,r1                                    ; 61F400 000021
1450F9: move     #>$20,r2                                    ; 62F400 000020
1450FB: move     #>$90,r4                                    ; 64F400 000090
1450FD: move     #>$fffffb,n2                                ; 72F400 FFFFFB
1450FF: move     n2,n1                                       ; 235900
145100: move     x:(r0)+,x0      y:(r4)+,y1                  ; F19800
145101: do       #<$10,>$14511d                              ; 061080 14511C
145103: mpy      y1,x1,b         y:(r5),y0                   ; 4EE5F8
145104: add      y0,b            x:(r2)+,y0                  ; 46DA58
145105: tfr      y0,a            b,x1                        ; 21E551
145106: mac      x1,x0,a         x:(r2)+,x1                  ; 45DAA2
145107: mac      -x1,x0,a        b,x:(r1)+                   ; 5759A6
145108: tfr      x1,b            x:(r2)+,x1                  ; 45DA69
145109: mac      -x1,x0,b        a,y0                        ; 21C6AE
14510A: mac      y0,x0,b         a,x:(r1)+                   ; 5659DA
14510B: tfr      x1,a            x:(r2)+,x1                  ; 45DA61
14510C: mac      -x1,x0,a        b,y0                        ; 21E6A6
14510D: mac      y0,x0,a         b,x:(r1)+                   ; 5759D2
14510E: tfr      x1,b            x:(r2)+,x1                  ; 45DA69
14510F: mac      -x1,x0,b        a,y0                        ; 21C6AE
145110: mac      y0,x0,b         a,x:(r1)+                   ; 5659DA
145111: tfr      x1,a            x:(r2)+,x1                  ; 45DA61
145112: mac      -x1,x0,a        b,y0                        ; 21E6A6
145113: mac      y0,x0,a         b,x:(r1)+                   ; 5759D2
145114: tfr      x1,b            x:(r2)+n2,x1                ; 45CA69
145115: mac      -x1,x0,b        a,y0                        ; 21C6AE
145116: mac      y0,x0,b         a,x:(r1)+                   ; 5659DA
145117: move     #>$5a8241,y1                                ; 47F400 5A8241
145119: move     x:(r0)+,x0      y:(r5)+,y0                  ; F0B800
14511A: mpy      y1,y0,a         b,x1                        ; 21E5B0
14511B: mac      y1,x1,a         b,x:(r1)+n1     y:(r4)+,y1  ; FD09F2
14511C: move     a,x:(r3)+                                   ; 565B00
14511D: lua      (r6)+n6,r4                                  ; 044E14
14511E: do       #<$7,>$145122                               ; 060780 145121
145120: move     l:(r2)+,y                                   ; 43DA00
145121: move     y,l:(r4)+                                   ; 435C00
145122: move     #$26,n6                                     ; 3E2600
145123: move     #>$10,r0                                    ; 60F400 000010
145125: move     #>$10,r5                                    ; 65F400 000010
145127: move     #>$70,r3                                    ; 63F400 000070
145129: move     #>$0,r4                                     ; 64F400 000000
14512B: move     #>$10,r3                                    ; 63F400 000010
14512D: move     #>$60,r2                                    ; 62F400 000060
14512F: move     #>$70,r1                                    ; 61F400 000070
145131: move     y:(r6+$7),x0                                ; 021EF4
145132: move     #>$7fffff,a                                 ; 56F400 7FFFFF
145134: sub      x0,a                                        ; 200044
145135: move     y:(r4)+,y0                                  ; 4EDC00
145136: move     a,x1                                        ; 21C500
145137: do       #<$10,>$14513f                              ; 061080 14513E
145139: mpy      x1,y0,a         x:(r2)+,y0                  ; 46DAE0
14513A: mac      y0,x0,a         y:(r3)+,y0                  ; 4EDBD2
14513B: mpy      x1,y0,b         x:(r1)+,y0                  ; 46D9E8
14513C: mac      y0,x0,b         y:(r4)+,y0                  ; 4EDCDA
14513D: move     a,y:(r7)+                                   ; 5E5F00
14513E: move     b,y:(r7)+                                   ; 5F5F00
14513F: rts                                                  ; 00000C
145140: rts                                                  ; 00000C
145141: move     #$0,x0                                      ; 240000
145142: move     x0,y:(r6+$11)                               ; 0246E4
145143: rts                                                  ; 00000C
145144: do       #<$10,>$14514c                              ; 061080 14514B
145146: move     x:(r0)+,a                                   ; 56D800
145147: move     x:(r0)+,b                                   ; 57D800
145148: asr      #$2,a,a                                     ; 0C1C04
145149: asr      #$2,b,b                                     ; 0C1C85
14514A: move     a,y:(r7)+                                   ; 5E5F00
14514B: move     b,y:(r7)+                                   ; 5F5F00
14514C: rts                                                  ; 00000C
14514D: move     r7,x:>$ff                                   ; 677000 0000FF
14514F: move     y:(r6+$11),a                                ; 0246FE
145150: cmp      #<$0,a                                      ; 014085
145151: bne      func_145166                                 ; 0D1042 000015
145153: move     y:(r6+$8),a                                 ; 0226BE
145154: asr      #$10,a,a                                    ; 0C1C20
145155: move     y:(r6+$12),b                                ; 024EBF
145156: move     a,r4                                        ; 21D400
145157: nop                                                  ; 000000
145158: nop                                                  ; 000000
145159: nop                                                  ; 000000
14515A: move     y:(r4+$141980),y0                           ; 0B74C6 141980
14515C: add      y0,b                                        ; 200058
14515D: bec      func_145163                                 ; 0D1045 000006
14515F: move     #>$1,x0                                     ; 44F400 000001
145161: move     x0,y:(r6+$11)                               ; 0246E4
145162: move     x0,y:(r6+$10)                               ; 0246A4
145163: move     b,y:(r6+$12)                                ; 024EAF
145164: bra      func_14518d                                 ; 0D10C0 000029
145166: cmp      #>$1,a                                      ; 0140C5 000001
145168: bne      func_145180                                 ; 0D1042 000018
14516A: move     y:(r6+$9),a                                 ; 0226FE
14516B: asr      #$10,a,a                                    ; 0C1C20
14516C: move     y:(r6+$10),b                                ; 0246BF
14516D: move     a,r4                                        ; 21D400
14516E: nop                                                  ; 000000
14516F: nop                                                  ; 000000
145170: nop                                                  ; 000000
145171: move     y:(r4+$141900),y0                           ; 0B74C6 141900
145173: add      #>$20,b                                     ; 0140C8 000020
145175: cmp      y0,b                                        ; 20005D
145176: blt      func_14517d                                 ; 0D1049 000007
145178: move     #>$2,x0                                     ; 44F400 000002
14517A: move     x0,y:(r6+$11)                               ; 0246E4
14517B: bra      func_145180                                 ; 0D10C0 000005
14517D: move     b,y:(r6+$10)                                ; 0246AF
14517E: bra      func_14518d                                 ; 0D10C0 00000F
145180: move     y:(r6+$a),a                                 ; 022EBE
145181: asr      #$10,a,a                                    ; 0C1C20
145182: move     y:(r6+$12),b                                ; 024EBF
145183: move     a,r4                                        ; 21D400
145184: nop                                                  ; 000000
145185: nop                                                  ; 000000
145186: nop                                                  ; 000000
145187: move     y:(r4+$141a00),y0                           ; 0B74C6 141A00
145189: sub      y0,b                                        ; 20005C
14518A: clr      b               ifmi                        ; 202B1B
14518B: nop                                                  ; 000000
14518C: move     b,y:(r6+$12)                                ; 024EAF
14518D: move     y:(r6+$4),x0                                ; 0216B4
14518E: move     y:(r6+$1),x1                                ; 0206F5
14518F: mpyi     #>$63f,x0,a                                 ; 0141C0 00063F
145191: maci     #>$80000,x1,a                               ; 0141E2 080000
145193: sub      #>$100,a                                    ; 0140C4 000100
145195: rnd      a                                           ; 200011
145196: tfr      a,b                                         ; 200009
145197: clr      b               ifmi                        ; 202B1B
145198: cmp      #>$63f,b                                    ; 0140CD 00063F
14519A: blt      func_14519e                                 ; 0D1049 000004
14519C: move     #>$63f,b                                    ; 57F400 00063F
14519E: move     y:(r6+$5),x0                                ; 0216F4
14519F: move     b,y:(r6+$14)                                ; 0256AF
1451A0: maci     #>$73f,x0,a                                 ; 0141C2 00073F
1451A2: move     #>$63f,b                                    ; 57F400 00063F
1451A4: move     a,x0                                        ; 21C400
1451A5: sub      a,b                                         ; 20001C
1451A6: move     y:(r6+$7),a                                 ; 021EFE
1451A7: asl      a                                           ; 200032
1451A8: add      #>$800000,a                                 ; 0140C0 800000
1451AA: bpl      func_1451ad                                 ; 0D1043 000003
1451AC: move     x0,b                                        ; 208F00
1451AD: move     y:(r6+$12),y1                               ; 024EB7
1451AE: move     a,y0                                        ; 21C600
1451AF: mpy      y1,y0,a                                     ; 2000B0
1451B0: move     b,y0                                        ; 21E600
1451B1: move     a,y1                                        ; 21C700
1451B2: mpy      y1,y0,a                                     ; 2000B0
1451B3: add      x0,a                                        ; 200040
1451B4: clr      a               ifmi                        ; 202B13
1451B5: cmp      #>$63f,a                                    ; 0140C5 00063F
1451B7: blt      func_1451bc                                 ; 0D1049 000005
1451B9: move     #>$63f,a                                    ; 56F400 00063F
1451BB: nop                                                  ; 000000
1451BC: move     a,y:(r6+$16)                                ; 025EAE
1451BD: move     #>$7e,r2                                    ; 62F400 00007E
1451BF: move     #>$be,r3                                    ; 63F400 0000BE
1451C1: do       #<$10,>$1451c7                              ; 061080 1451C6
1451C3: move     x:(r0)+,x0                                  ; 44D800
1451C4: move     x0,x:(r2)+                                  ; 445A00
1451C5: move     x:(r0)+,x0                                  ; 44D800
1451C6: move     x0,x:(r3)+                                  ; 445B00
1451C7: move     y:(r6+$16),a                                ; 025EBE
1451C8: move     y:(r6+$6),x0                                ; 021EB4
1451C9: move     a,r0                                        ; 21D000
1451CA: tfr      a,b                                         ; 200009
1451CB: maci     #>$fff912,x0,b                              ; 0141CA FFF912
1451CD: move     x:(r0+$143546),x1                           ; 0A70C5 143546
1451CF: add      x1,b                                        ; 200068
1451D0: move     a1,r3                                       ; 219300
1451D1: move     b1,r2                                       ; 21B200
1451D2: move     #>$ffffff,m0                                ; 05F420 FFFFFF
1451D4: move     x:(r3+$141b18),x1                           ; 0A73C5 141B18
1451D6: move     x:(r2+$142f06),y1                           ; 0A72C7 142F06
1451D8: mpy      y1,x1,a         y1,x0                       ; 20E4F0
1451D9: mpy      -x0,y1,b                                    ; 2000CC
1451DA: move     #>$7a,r3                                    ; 63F400 00007A
1451DC: add      #>$c00000,a                                 ; 0140C0 C00000
1451DE: asr      a                                           ; 200022
1451DF: move     y:(r6+$2d),y1                               ; 02B6F7
1451E0: move     y1,x:(r3)+                                  ; 475B00
1451E1: move     a,x0                                        ; 21C400
1451E2: asl      #$2,a,a                                     ; 0C1D04
1451E3: add      b,a                                         ; 200010
1451E4: asr      #$2,a,a                                     ; 0C1C04
1451E5: move     x0,x:>$35                                   ; 447000 000035
1451E7: move     y:(r6+$38),y0                               ; 02E6B6
1451E8: sub      y0,b            b,x0                        ; 21E45C
1451E9: move     x0,y:(r6+$38)                               ; 02E6A4
1451EA: move     y0,x:>$36                                   ; 467000 000036
1451EC: move     y:(r6+$37),y1                               ; 02DEF7
1451ED: sub      y1,a            a,x0                        ; 21C474
1451EE: move     x0,y:(r6+$37)                               ; 02DEE4
1451EF: move     y1,x:>$37                                   ; 477000 000037
1451F1: move     b,x:>$32                                    ; 577000 000032
1451F3: move     a,x:>$33                                    ; 567000 000033
1451F5: move     x:>$35,a                                    ; 56F000 000035
1451F7: move     y:(r6+$39),x1                               ; 02E6F5
1451F8: sub      x1,a            a,x0                        ; 21C464
1451F9: move     x0,y:(r6+$39)                               ; 02E6E4
1451FA: move     x1,x:>$38                                   ; 457000 000038
1451FC: move     a,x:>$34                                    ; 567000 000034
1451FE: move     #>$0,r4                                     ; 64F400 000000
145200: move     #>$20,r5                                    ; 65F400 000020
145202: move     #>$40,r7                                    ; 67F400 000040
145204: move     x:>$36,a                                    ; 56F000 000036
145206: move     x:>$37,b                                    ; 57F000 000037
145208: move     x:>$32,y0                                   ; 46F000 000032
14520A: move     x:>$33,y1                                   ; 47F000 000033
14520C: move     #$8,x0                                      ; 240800
14520D: do       #<$10,>$145211                              ; 061080 145210
14520F: mac      y0,x0,a         a,y:(r4)+                   ; 5E5CD2
145210: mac      x0,y1,b         b,y:(r5)+                   ; 5F5DCA
145211: move     x:>$38,a                                    ; 56F000 000038
145213: move     x:>$34,x1                                   ; 45F000 000034
145215: do       #<$10,>$145219                              ; 061080 145218
145217: mac      x1,x0,a         a,y:(r7)+                   ; 5E5FA2
145218: nop                                                  ; 000000
145219: move     #>$7a,r0                                    ; 60F400 00007A
14521B: move     #>$7c,r1                                    ; 61F400 00007C
14521D: move     #>$0,r4                                     ; 64F400 000000
14521F: move     #>$20,r5                                    ; 65F400 000020
145221: move     #>$40,r7                                    ; 67F400 000040
145223: move     y:(r6+$2f),x0                               ; 02BEF4
145224: move     x0,x:(r3)+                                  ; 445B00
145225: move     x0,a                                        ; 208E00
145226: move     y:(r6+$2e),a0                               ; 02BEB8
145227: move     y:(r6+$30),x0                               ; 02C6B4
145228: move     x0,x:(r3)+                                  ; 445B00
145229: move     y:(r6+$32),x0                               ; 02CEB4
14522A: move     x0,x:(r3)+                                  ; 445B00
14522B: move     x0,b                                        ; 208F00
14522C: move     y:(r6+$31),b0                               ; 02C6F9
14522D: move     #>$7c,r2                                    ; 62F400 00007C
14522F: move     x:(r0)+,x0      y:(r4),y0                   ; C09800
145230: mac      y0,x0,a         x:(r0)+,x0      y:(r7),y0   ; C0F8D2
145231: mac      y0,x0,a                                     ; 2000D2
145232: mac      y0,x0,a                                     ; 2000D2
145233: mac      y0,x0,a                                     ; 2000D2
145234: do       #<$10,>$145242                              ; 061080 145241
145236: mac      y0,x0,a         x:(r0)-,x0      y:(r5),y0   ; C0B0D2
145237: mac      y0,x0,a         x:(r1)+,x0      y:(r4)+,y0  ; F099D2
145238: mac      y0,x0,b         x:(r1)+,x0      y:(r7)+,y0  ; F0F9DA
145239: mac      y0,x0,b         a,l:(r2)+                   ; 485ADA
14523A: mac      y0,x0,b                                     ; 2000DA
14523B: mac      y0,x0,b                                     ; 2000DA
14523C: mac      y0,x0,b         x:(r1)-,x0      y:(r5)+,y0  ; F0B1DA
14523D: mac      y0,x0,b         x:(r0)+,x0      y:(r4),y0   ; C098DA
14523E: mac      y0,x0,a         x:(r0)+,x0      y:(r7),y0   ; C0F8D2
14523F: mac      y0,x0,a         b,l:(r3)+                   ; 495BD2
145240: mac      y0,x0,a                                     ; 2000D2
145241: mac      y0,x0,a                                     ; 2000D2
145242: move     l:-(r3),a                                   ; 48FB00
145243: move     x:-(r3),y1                                  ; 47FB00
145244: move     y1,y:(r6+$30)                               ; 02C6A7
145245: move     a1,y:(r6+$32)                               ; 02CEAC
145246: move     a0,y:(r6+$31)                               ; 02C6E8
145247: move     l:-(r2),a                                   ; 48FA00
145248: move     x:-(r2),y1                                  ; 47FA00
145249: move     y1,y:(r6+$2d)                               ; 02B6E7
14524A: move     a1,y:(r6+$2f)                               ; 02BEEC
14524B: move     a0,y:(r6+$2e)                               ; 02BEA8
14524C: move     #>$ba,r0                                    ; 60F400 0000BA
14524E: move     r0,r3                                       ; 221300
14524F: move     #>$bc,r1                                    ; 61F400 0000BC
145251: move     r1,r2                                       ; 223200
145252: move     #>$0,r4                                     ; 64F400 000000
145254: move     #>$20,r5                                    ; 65F400 000020
145256: move     #>$40,r7                                    ; 67F400 000040
145258: move     y:(r6+$27),y1                               ; 029EF7
145259: move     y1,x:(r3)+                                  ; 475B00
14525A: move     y:(r6+$29),x0                               ; 02A6F4
14525B: move     x0,x:(r3)+                                  ; 445B00
14525C: move     x0,a                                        ; 208E00
14525D: move     y:(r6+$28),a0                               ; 02A6B8
14525E: move     y:(r6+$2a),x0                               ; 02AEB4
14525F: move     x0,x:(r3)+                                  ; 445B00
145260: move     y:(r6+$2c),x0                               ; 02B6B4
145261: move     x0,x:(r3)+                                  ; 445B00
145262: move     x0,b                                        ; 208F00
145263: move     y:(r6+$2b),b0                               ; 02AEF9
145264: move     x:(r0)+,x0      y:(r4),y0                   ; C09800
145265: mac      y0,x0,a         x:(r0)+,x0      y:(r7),y0   ; C0F8D2
145266: mac      y0,x0,a                                     ; 2000D2
145267: mac      y0,x0,a                                     ; 2000D2
145268: mac      y0,x0,a                                     ; 2000D2
145269: do       #<$10,>$145277                              ; 061080 145276
14526B: mac      y0,x0,a         x:(r0)-,x0      y:(r5),y0   ; C0B0D2
14526C: mac      y0,x0,a         x:(r1)+,x0      y:(r4)+,y0  ; F099D2
14526D: mac      y0,x0,b         x:(r1)+,x0      y:(r7)+,y0  ; F0F9DA
14526E: mac      y0,x0,b         a,l:(r2)+                   ; 485ADA
14526F: mac      y0,x0,b                                     ; 2000DA
145270: mac      y0,x0,b                                     ; 2000DA
145271: mac      y0,x0,b         x:(r1)-,x0      y:(r5)+,y0  ; F0B1DA
145272: mac      y0,x0,b         x:(r0)+,x0      y:(r4),y0   ; C098DA
145273: mac      y0,x0,a         x:(r0)+,x0      y:(r7),y0   ; C0F8D2
145274: mac      y0,x0,a         b,l:(r3)+                   ; 495BD2
145275: mac      y0,x0,a                                     ; 2000D2
145276: mac      y0,x0,a                                     ; 2000D2
145277: move     l:-(r3),a                                   ; 48FB00
145278: move     x:-(r3),y1                                  ; 47FB00
145279: move     y1,y:(r6+$2a)                               ; 02AEA7
14527A: move     a1,y:(r6+$2c)                               ; 02B6AC
14527B: move     a0,y:(r6+$2b)                               ; 02AEE8
14527C: move     l:-(r2),a                                   ; 48FA00
14527D: move     x:-(r2),y1                                  ; 47FA00
14527E: move     y1,y:(r6+$27)                               ; 029EE7
14527F: move     a1,y:(r6+$29)                               ; 02A6EC
145280: move     a0,y:(r6+$28)                               ; 02A6A8
145281: move     #>$74,r0                                    ; 60F400 000074
145283: move     #>$b4,r1                                    ; 61F400 0000B4
145285: move     r0,r4                                       ; 221400
145286: move     r1,r5                                       ; 223500
145287: move     x:(r0)+,x0                                  ; 44D800
145288: mpy      x0,x0,a         x:(r1)+,x0                  ; 44D980
145289: asl      #$4,a,a                                     ; 0C1D08
14528A: mpy      x0,x0,b         x:(r0)+,x0                  ; 44D888
14528B: asl      #$4,b,b                                     ; 0C1D89
14528C: do       #<$10,>$145292                              ; 061080 145291
14528E: mpy      x0,x0,a         x:(r1)+,x0      a,y:(r5)+   ; B2B980
14528F: asl      #$4,a,a                                     ; 0C1D08
145290: mpy      x0,x0,b         x:(r0)+,x0      b,y:(r4)+   ; B39888
145291: asl      #$4,b,b                                     ; 0C1D89
145292: move     #>$74,r0                                    ; 60F400 000074
145294: move     #>$b4,r1                                    ; 61F400 0000B4
145296: move     r0,r4                                       ; 221400
145297: move     r1,r5                                       ; 223500
145298: move     #>$0,r2                                     ; 62F400 000000
14529A: move     #>$20,r3                                    ; 63F400 000020
14529C: move     x:(r0)+,x0      y:(r4)+,y0                  ; F09800
14529D: do       #<$10,>$1452a5                              ; 061080 1452A4
14529F: mpy      y0,x0,a         x:(r1)+,x0      y:(r5)+,y0  ; F0B9D0
1452A0: mpy      y0,x0,b         x:(r0)+,x0      y:(r4)+,y0  ; F098D8
1452A1: asl      #$4,a,a                                     ; 0C1D08
1452A2: asl      #$4,b,b                                     ; 0C1D89
1452A3: move     a,y:(r2)+                                   ; 5E5A00
1452A4: move     b,y:(r3)+                                   ; 5F5B00
1452A5: move     #>$74,r0                                    ; 60F400 000074
1452A7: move     #>$b4,r1                                    ; 61F400 0000B4
1452A9: move     #>$0,r4                                     ; 64F400 000000
1452AB: move     #>$20,r5                                    ; 65F400 000020
1452AD: move     #$0,x0                                      ; 240000
1452AE: nop                                                  ; 000000
1452AF: move     y:(r4)+,y0                                  ; 4EDC00
1452B0: do       #<$10,>$1452b7                              ; 061080 1452B6
1452B2: move     x:(r0),a                                    ; 56E000
1452B3: mac      -y0,x0,a        x:(r1),b        y:(r5)+,y0  ; FCA1D6
1452B4: mac      -y0,x0,b        y:(r4)+,y0                  ; 4EDCDE
1452B5: move     a,x:(r0)+                                   ; 565800
1452B6: move     b,x:(r1)+                                   ; 575900
1452B7: move     y:(r6+$14),r1                               ; 0B76D1 000014
1452B9: move     #$1f,n6                                     ; 3E1F00
1452BA: move     #>$74,r0                                    ; 60F400 000074
1452BC: move     x:(r1+$142f06),x0                           ; 0A71C4 142F06
1452BE: mpy      -x0,x0,b        x0,a                        ; 208E8C
1452BF: asl      a                                           ; 200032
1452C0: add      #>$800000,a                                 ; 0140C0 800000
1452C2: lua      (r6)+n6,r4                                  ; 044E14
1452C3: move     a,y0                                        ; 21C600
1452C4: move     x0,a                                        ; 208E00
1452C5: asl      a                                           ; 200032
1452C6: add      #>$7fffff,a                                 ; 0140C0 7FFFFF
1452C8: sub      b,a                                         ; 200014
1452C9: asr      #$3,a,a                                     ; 0C1C06
1452CA: nop                                                  ; 000000
1452CB: move     a,x:>$3c                                    ; 567000 00003C
1452CD: move     y0,a                                        ; 20CE00
1452CE: move     y:(r6+$34),y0                               ; 02D6B6
1452CF: sub      y0,b            b,x0                        ; 21E45C
1452D0: move     x0,y:(r6+$34)                               ; 02D6A4
1452D1: move     y0,x:>$36                                   ; 467000 000036
1452D3: move     y:(r6+$35),y1                               ; 02D6F7
1452D4: sub      y1,a            a,x0                        ; 21C474
1452D5: move     x0,y:(r6+$35)                               ; 02D6E4
1452D6: move     y1,x:>$37                                   ; 477000 000037
1452D8: move     b,x:>$32                                    ; 577000 000032
1452DA: move     a,x:>$33                                    ; 567000 000033
1452DC: move     #>$e0,r5                                    ; 65F400 0000E0
1452DE: move     #>$40,r7                                    ; 67F400 000040
1452E0: move     x:>$36,a                                    ; 56F000 000036
1452E2: move     x:>$37,b                                    ; 57F000 000037
1452E4: move     x:>$32,y0                                   ; 46F000 000032
1452E6: move     x:>$33,y1                                   ; 47F000 000033
1452E8: move     r1,r2                                       ; 223200
1452E9: move     #$8,x0                                      ; 240800
1452EA: do       #<$10,>$1452ee                              ; 061080 1452ED
1452EC: mac      y0,x0,a a,y:(r5)+                           ; 5E5DD2
1452ED: mac      x0,y1,b         b,y:(r7)+                   ; 5F5FCA
1452EE: move     x:>$3c,a                                    ; 56F000 00003C
1452F0: move     y:(r6+$33),y1                               ; 02CEF7
1452F1: sub      y1,a            a,x0                        ; 21C474
1452F2: move     x0,y:(r6+$33)                               ; 02CEE4
1452F3: move     y1,b                                        ; 20EF00
1452F4: neg      a               a,y1                        ; 21C736
1452F5: asl      a                                           ; 200032
1452F6: move     #>$0,r7                                     ; 67F400 000000
1452F8: tfr      b,a             a,y0                        ; 21C601
1452F9: neg      a                                           ; 200036
1452FA: asl      a                                           ; 200032
1452FB: move     x:(r2)+,x0                                  ; 44DA00
1452FC: do       #<$10,>$145300                              ; 061080 1452FF
1452FE: mac      x0,y1,b         b,y:(r7)+                   ; 5F5FCA
1452FF: mac      y0,x0,a         x:(r2)+,x0      a,y:(r7)+   ; B2FAD2
145300: move     y:(r4)+,x0                                  ; 4CDC00
145301: move     x0,x:(r0)+                                  ; 445800
145302: move     y:(r4)+,b                                   ; 5FDC00
145303: move     y:(r4)+,b0                                  ; 59DC00
145304: move     y:(r4)+,x1                                  ; 4DDC00
145305: move     b,l:(r0)+                                   ; 495800
145306: move     x1,x:(r0)+                                  ; 455800
145307: move     y:(r4)+,a                                   ; 5EDC00
145308: move     y:(r4)+,a0                                  ; 58DC00
145309: move     y:(r4)+,y1                                  ; 4FDC00
14530A: move     a,l:(r0)+                                   ; 485800
14530B: move     y:(r4)+,y0                                  ; 4EDC00
14530C: move     y0,x:(r0)+                                  ; 465800
14530D: move     y1,x:(r0)+                                  ; 475800
14530E: move     #>$76,r0                                    ; 60F400 000076
145310: move     #>$ffffff,m0                                ; 05F420 FFFFFF
145312: move     #>$fffffd,n0                                ; 70F400 FFFFFD
145314: move     #>$74,r1                                    ; 61F400 000074
145316: move     n0,n1                                       ; 231900
145317: move     #>$78,r2                                    ; 62F400 000078
145319: move     r0,r3                                       ; 221300
14531A: move     #>$e0,r5                                    ; 65F400 0000E0
14531C: move     #>$40,r7                                    ; 67F400 000040
14531E: move     #>$0,r4                                     ; 64F400 000000
145320: move     #$26,n6                                     ; 3E2600
145321: move     x:(r0)+,x0      y:(r5),y0                   ; C0B800
145322: mac      y0,x0,a         x:(r0)+,x0      y:(r7),y0   ; C0F8D2
145323: do       #<$10,>$145331                              ; 061080 145330
145325: mac      y0,x0,a         x:(r0)+,x0      y:(r4)+,y1  ; F198D2
145326: mac      x0,y1,a         x:(r0)+,x0      y:(r4),y0   ; C098C2
145327: mac      y0,x0,a         x:(r0)+n0,x0                ; 44C8D2
145328: mac      x0,y1,a         x:(r1)+,x0      y:(r5)+,y0  ; F0B9C2
145329: mac      y0,x0,b         x:(r1)+,x0      y:(r7)+,y0  ; F0F9DA
14532A: move     a,l:(r2)+                                   ; 485A00
14532B: mac      y0,x0,b         x:(r1)+,x0                  ; 44D9DA
14532C: mac      x0,y1,b         x:(r1)+,x0      y:(r4)+,y0  ; F099CA
14532D: mac      y0,x0,b         x:(r1)+n1,x0                ; 44C9DA
14532E: mac      x0,y1,b         x:(r0)+,x0      y:(r5),y0   ; C0B8CA
14532F: mac      y0,x0,a         x:(r0)+,x0      y:(r7),y0   ; C0F8D2
145330: move     b,l:(r3)+                                   ; 495B00
145331: lua      (r6)+n6,r7                                  ; 044E17
145332: move     #>$b4,r0                                    ; 60F400 0000B4
145334: move     x:(r2)+,y0                                  ; 46DA00
145335: move     x:(r2)-,y1                                  ; 47D200
145336: move     l:-(r2),x                                   ; 42FA00
145337: move     #$17,n6                                     ; 3E1700
145338: move     y0,y:(r7)-                                  ; 4E5700
145339: move     y1,y:(r7)-                                  ; 4F5700
14533A: move     x0,y:(r7)-                                  ; 4C5700
14533B: move     x1,y:(r7)-                                  ; 4D5700
14533C: lua      (r6)+n6,r4                                  ; 044E14
14533D: move     x:-(r2),x0                                  ; 44FA00
14533E: move     x0,y:(r7)-                                  ; 4C5700
14533F: move     l:-(r2),x                                   ; 42FA00
145340: move     x0,y:(r7)-                                  ; 4C5700
145341: move     x1,y:(r7)-                                  ; 4D5700
145342: move     x:-(r2),x0                                  ; 44FA00
145343: move     x0,y:(r7)-                                  ; 4C5700
145344: move     y:(r4)+,x0                                  ; 4CDC00
145345: move     x0,x:(r0)+                                  ; 445800
145346: move     y:(r4)+,b                                   ; 5FDC00
145347: move     y:(r4)+,b0                                  ; 59DC00
145348: move     y:(r4)+,x1                                  ; 4DDC00
145349: move     b,l:(r0)+                                   ; 495800
14534A: move     x1,x:(r0)+                                  ; 455800
14534B: move     y:(r4)+,a                                   ; 5EDC00
14534C: move     y:(r4)+,a0                                  ; 58DC00
14534D: move     y:(r4)+,y1                                  ; 4FDC00
14534E: move     a,l:(r0)+                                   ; 485800
14534F: move     y:(r4)+,y0                                  ; 4EDC00
145350: move     y0,x:(r0)+                                  ; 465800
145351: move     y1,x:(r0)+                                  ; 475800
145352: move     #>$b6,r0                                    ; 60F400 0000B6
145354: move     #>$b4,r1                                    ; 61F400 0000B4
145356: move     #>$b8,r2                                    ; 62F400 0000B8
145358: move     r0,r3                                       ; 221300
145359: move     #>$e0,r5                                    ; 65F400 0000E0
14535B: move     #>$40,r7                                    ; 67F400 000040
14535D: move     #>$0,r4                                     ; 64F400 000000
14535F: move     #$1e,n6                                     ; 3E1E00
145360: move     x:(r0)+,x0      y:(r5),y0                   ; C0B800
145361: mac      y0,x0,a         x:(r0)+,x0      y:(r7),y0   ; C0F8D2
145362: do       #<$10,>$145370                              ; 061080 14536F
145364: mac      y0,x0,a         x:(r0)+,x0      y:(r4)+,y1  ; F198D2
145365: mac      x0,y1,a         x:(r0)+,x0      y:(r4),y0   ; C098C2
145366: mac      y0,x0,a         x:(r0)+n0,x0                ; 44C8D2
145367: mac      x0,y1,a         x:(r1)+,x0      y:(r5)+,y0  ; F0B9C2
145368: mac      y0,x0,b         x:(r1)+,x0      y:(r7)+,y0  ; F0F9DA
145369: move     a,l:(r2)+                                   ; 485A00
14536A: mac      y0,x0,b         x:(r1)+,x0                  ; 44D9DA
14536B: mac      x0,y1,b         x:(r1)+,x0      y:(r4)+,y0  ; F099CA
14536C: mac      y0,x0,b         x:(r1)+n1,x0                ; 44C9DA
14536D: mac      x0,y1,b         x:(r0)+,x0      y:(r5),y0   ; C0B8CA
14536E: mac      y0,x0,a         x:(r0)+,x0      y:(r7),y0   ; C0F8D2
14536F: move     b,l:(r3)+                                   ; 495B00
145370: lua      (r6)+n6,r4                                  ; 044E14
145371: move     x:(r2)+,y0                                  ; 46DA00
145372: move     x:(r2)-,y1                                  ; 47D200
145373: move     l:-(r2),x                                   ; 42FA00
145374: move     y0,y:(r4)-                                  ; 4E5400
145375: move     y1,y:(r4)-                                  ; 4F5400
145376: move     x0,y:(r4)-                                  ; 4C5400
145377: move     x1,y:(r4)-                                  ; 4D5400
145378: move     x:-(r2),x0                                  ; 44FA00
145379: move     x0,y:(r4)-                                  ; 4C5400
14537A: move     l:-(r2),x                                   ; 42FA00
14537B: move     x0,y:(r4)-                                  ; 4C5400
14537C: move     x1,y:(r4)-                                  ; 4D5400
14537D: move     x:-(r2),x0                                  ; 44FA00
14537E: move     x0,y:(r4)-                                  ; 4C5400
14537F: move     x:>$ff,r7                                   ; 67F000 0000FF
145381: move     #>$76,r2                                    ; 62F400 000076
145383: move     #>$b6,r3                                    ; 63F400 0000B6
145385: do       #<$10,>$14538d                              ; 061080 14538C
145387: move     x:(r2)+,a                                   ; 56DA00
145388: move     x:(r3)+,b                                   ; 57DB00
145389: asl      #$7,a,a                                     ; 0C1D0E
14538A: asl      #$7,b,b                                     ; 0C1D8F
14538B: move     a,y:(r7)+                                   ; 5E5F00
14538C: move     b,y:(r7)+                                   ; 5F5F00
14538D: rts                                                  ; 00000C
14538E: lua      (r6+$26),r3                                 ; 041663
14538F: lua      (r6+$33),r5                                 ; 041E35
145390: lua      (r6+$39),r4                                 ; 041E94
145391: lua      (r6+$3f),r7                                 ; 041EF7
145392: move     #$0,x1                                      ; 250000
145393: rep      #<$6                                        ; 0606A0
145394: move     x1,y:(r3)+                                  ; 4D5B00
145395: move     x1,y:(r6+$20)                               ; 0286A5
145396: move     #>$f4240,x1                                 ; 45F400 0F4240
145398: move     x1,y:(r6+$25)                               ; 0296E5
145399: move     #>$14a000,x1                                ; 45F400 14A000
14539B: move     x1,y:(r6+$32)                               ; 02CEA5
14539C: move     #>$114000,a0                                ; 50F400 114000
14539E: move     y:>$124,x1                                  ; 4DF000 000124
1453A0: maci     #>$2000,x1,a                                ; 0141E2 002000
1453A2: move     a0,x0                                       ; 210400
1453A3: move     #>$0,a                                      ; 56F400 000000
1453A5: add      x0,a            #>$1000,b                   ; 57F440 001000
1453A7: add      x0,b            a,y:(r5)+                   ; 5E5D48
1453A8: add      #>$a67,a                                    ; 0140C0 000A67
1453AA: move     b,y:(r5)+                                   ; 5F5D00
1453AB: add      #>$98f,b                                    ; 0140C8 00098F
1453AD: move     a,y:(r4)+                                   ; 5E5C00
1453AE: move     b,y:(r4)+                                   ; 5F5C00
1453AF: move     #>$2000,a                                   ; 56F400 002000
1453B1: add      x0,a            #>$2800,b                   ; 57F440 002800
1453B3: add      x0,b            a,y:(r5)+                   ; 5E5D48
1453B4: add      #>$713,a                                    ; 0140C0 000713
1453B6: move     b,y:(r5)+                                   ; 5F5D00
1453B7: add      #>$655,b                                    ; 0140C8 000655
1453B9: move     a,y:(r4)+                                   ; 5E5C00
1453BA: move     b,y:(r4)+                                   ; 5F5C00
1453BB: move     #>$3000,a                                   ; 56F400 003000
1453BD: add      x0,a            #>$c00,b                    ; 57F440 000C00
1453BF: add      x0,b            a,y:(r5)+                   ; 5E5D48
1453C0: add      #>$577,a                                    ; 0140C0 000577
1453C2: move     b,y:(r5)+                                   ; 5F5D00
1453C3: add      #>$265,b                                    ; 0140C8 000265
1453C5: move     a,y:(r4)+                                   ; 5E5C00
1453C6: move     #>$19c0,a                                   ; 56F400 0019C0
1453C8: add      x0,a            b,y:(r4)+                   ; 5F5C40
1453C9: move     #>$1a00,b                                   ; 57F400 001A00
1453CB: add      x0,b            a,y:(r7)+                   ; 5E5F48
1453CC: move     #>$1a80,a                                   ; 56F400 001A80
1453CE: add      x0,a            b,y:(r7)+                   ; 5F5F40
1453CF: move     #>$1b00,b                                   ; 57F400 001B00
1453D1: add      x0,b            a,y:(r7)+                   ; 5E5F48
1453D2: move     #>$1c00,a                                   ; 56F400 001C00
1453D4: add      x0,a            b,y:(r7)+                   ; 5F5F40
1453D5: move     a,y:(r7)+                                   ; 5E5F00
1453D6: move     #$0,x0                                      ; 240000
1453D7: move     x0,y:(r6+$48)                               ; 0B7684 000048
1453D9: move     x0,y:(r6+$47)                               ; 0B7684 000047
1453DB: rts                                                  ; 00000C
1453DC: move     #$0,x0                                      ; 240000
1453DD: move     x0,x:(r6-$19)                               ; 039EC4
1453DE: move     r7,y:(r6+$45)                               ; 0B7697 000045
1453E0: move     r0,y:(r6+$46)                               ; 0B7690 000046
1453E2: move     #>$7fffff,b                                 ; 57F400 7FFFFF
1453E4: move     y:(r6+$48),a                                ; 0B76CE 000048
1453E6: cmp      #>$100,a                                    ; 0140C5 000100
1453E8: bge      func_1453ed                                 ; 0D1041 000005
1453EA: add      #>$1,a                                      ; 0140C0 000001
1453EC: clr      b                                           ; 20001B
1453ED: move     a,y:(r6+$48)                                ; 0B768E 000048
1453EF: move     b,y:(r6+$47)                                ; 0B768F 000047
1453F1: move     #>$1457ac,a0                                ; 50F400 1457AC
1453F3: tst      b                                           ; 20000B
1453F4: beq      func_1453fe                                 ; 0D104A 00000A
1453F6: clr      a                                           ; 200013
1453F7: move     #>$1457b2,a0                                ; 50F400 1457B2
1453F9: move     y:(r6+$5),b                                 ; 0216FF
1453FA: asr      #$11,b,b                                    ; 0C1CA3
1453FB: move     b,x0                                        ; 21E400
1453FC: maci     #>$3,x0,a                                   ; 0141C2 000003
1453FE: move     a0,y:(r6+$13)                               ; 024EE8
1453FF: clr      a                                           ; 200013
145400: move     #>$14562c,a0                                ; 50F400 14562C
145402: move     y:(r6+$4),b                                 ; 0216BF
145403: asr      #$11,b,b                                    ; 0C1CA3
145404: move     b,x0                                        ; 21E400
145405: maci     #>$3,x0,a                                   ; 0141C2 000003
145407: move     a0,y:(r6+$12)                               ; 024EA8
145408: move     #>$f4240,a                                  ; 56F400 0F4240
14540A: move     y:(r6+$6),x0                                ; 021EB4
14540B: mpy      x0,x0,b                                     ; 200088
14540C: asr      #$b,b,b                                     ; 0C1C97
14540D: cmp      #>$fa0,b                                    ; 0140CD 000FA0
14540F: tfr      a,b             ifgt                        ; 202709
145410: move     b,y:(r6+$25)                                ; 0296EF
145411: move     #>$0,r7                                     ; 67F400 000000
145413: move     y:(r6+$b),y0                                ; 022EF6
145414: mpy      y0,y0,a         x:(r0)+,x0                  ; 44D890
145415: move     a,y0                                        ; 21C600
145416: mpy      y0,x0,a         x:(r0)+,x0                  ; 44D8D0
145417: mac      y0,x0,a                                     ; 2000D2
145418: asl      a               x:(r0)+,x0                  ; 44D832
145419: do       #<$8,>$145421                               ; 060880 145420
14541B: mpy      y0,x0,b         x:(r0)+,x0                  ; 44D8D8
14541C: mac      y0,x0,b         a,y:(r7)+                   ; 5E5FDA
14541D: asl      b               x:(r0)+,x0                  ; 44D83A
14541E: mpy      y0,x0,a         x:(r0)+,x0                  ; 44D8D0
14541F: mac      y0,x0,a         b,y:(r7)+                   ; 5F5FD2
145420: asl      a               x:(r0)+,x0                  ; 44D832
145421: move     y:(r6+$4),x1                                ; 0216B5
145422: mpyi     #>$66666,x1,b                               ; 0141E8 066666
145424: add      #>$59999a,b                                 ; 0140C8 59999A
145426: move     y:(r6+$47),x0                               ; 0B76C4 000047
145428: move     b,x1                                        ; 21E500
145429: mpy      x1,x0,a                                     ; 2000A0
14542A: move     #>$14561c,r4                                ; 64F400 14561C
14542C: move     a,y1                                        ; 21C700
14542D: lua      (r6+$3f),r2                                 ; 041EF2
14542E: do       #<$5,>$145442                               ; 060580 145441
145430: move     x:(r4+$5),m1                                ; 0A74E1 000005
145432: move     y:(r2),r1                                   ; 69E200
145433: move     #>$0,r7                                     ; 67F400 000000
145435: move     x:(r4)+,y0                                  ; 46DC00
145436: mpy      y1,y0,a         r7,r5                       ; 22F5B0
145437: move     x:(r1),x0                                   ; 44E100
145438: move     a,x1                                        ; 21C500
145439: move     x:(r2),b                                    ; 57E200
14543A: do       #<$10,>$145440                              ; 061080 14543F
14543C: tfr      x0,a            b,x:(r1)+       b,y0        ; 1E1941
14543D: mac      -x1,y0,a        y:(r7)+,b                   ; 5FDFE6
14543E: move     x:(r1),x0                                   ; 44E100
14543F: mac      x1,x0,b         a,y:(r5)+                   ; 5E5DAA
145440: move     r1,y:(r2)                                   ; 696200
145441: move     b,x:(r2)+                                   ; 575A00
145442: move     #>$ffffff,m1                                ; 05F421 FFFFFF
145444: move     m1,m5                                       ; 0465A1
145445: move     y:(r6+$13),r2                               ; 0B76D2 000013
145447: move     y:(r6+$33),r1                               ; 0B76D1 000033
145449: move     #>$a76,m1                                   ; 05F421 000A76
14544B: move     y:(r6+$26),a                                ; 029EBE
14544C: move     y:(r6+$2c),a0                               ; 02B6B8
14544D: move     #>$20,r4                                    ; 64F400 000020
14544F: move     y:(r2)+,x0                                  ; 4CDA00
145450: move     x:(r1)+,y0                                  ; 46D900
145451: do       #<$10,>$145455                              ; 061080 145454
145453: mac      y0,x0,a         a,x1            a,y:(r4)+   ; 165CD2
145454: mac      -x1,x0,a        x:(r1)+,y0                  ; 46D9A6
145455: move     x:(r1)-,y0                                  ; 46D100
145456: move     a1,y:(r6+$26)                               ; 029EAC
145457: move     a0,y:(r6+$2c)                               ; 02B6A8
145458: move     r1,y:(r6+$33)                               ; 0B7691 000033
14545A: move     y:(r2)+,x0                                  ; 4CDA00
14545B: move     y:(r6+$34),r1                               ; 0B76D1 000034
14545D: move     #>$99e,m1                                   ; 05F421 00099E
14545F: move     y:(r6+$27),a                                ; 029EFE
145460: move     y:(r6+$2d),a0                               ; 02B6F8
145461: move     #>$30,r4                                    ; 64F400 000030
145463: move     x:(r1)+,y0                                  ; 46D900
145464: do       #<$10,>$145468                              ; 061080 145467
145466: mac      y0,x0,a         a,x1            a,y:(r4)+   ; 165CD2
145467: mac      -x1,x0,a        x:(r1)+,y0                  ; 46D9A6
145468: move     x:(r1)-,y0                                  ; 46D100
145469: move     a1,y:(r6+$27)                               ; 029EEC
14546A: move     a0,y:(r6+$2d)                               ; 02B6E8
14546B: move     r1,y:(r6+$34)                               ; 0B7691 000034
14546D: move     y:(r2)+,x0                                  ; 4CDA00
14546E: move     y:(r6+$35),r1                               ; 0B76D1 000035
145470: move     #>$722,m1                                   ; 05F421 000722
145472: move     y:(r6+$28),a                                ; 02A6BE
145473: move     y:(r6+$2e),a0                               ; 02BEB8
145474: move     #>$40,r4                                    ; 64F400 000040
145476: move     x:(r1)+,y0                                  ; 46D900
145477: do       #<$10,>$14547b                              ; 061080 14547A
145479: mac      y0,x0,a         a,x1            a,y:(r4)+   ; 165CD2
14547A: mac      -x1,x0,a        x:(r1)+,y0                  ; 46D9A6
14547B: move     x:(r1)-,y0                                  ; 46D100
14547C: move     a1,y:(r6+$28)                               ; 02A6AC
14547D: move     a0,y:(r6+$2e)                               ; 02BEA8
14547E: move     r1,y:(r6+$35)                               ; 0B7691 000035
145480: move     y:(r2)+,x0                                  ; 4CDA00
145481: move     y:(r6+$36),r1                               ; 0B76D1 000036
145483: move     #>$664,m1                                   ; 05F421 000664
145485: move     y:(r6+$29),a                                ; 02A6FE
145486: move     y:(r6+$2f),a0                               ; 02BEF8
145487: move     #>$50,r4                                    ; 64F400 000050
145489: move     x:(r1)+,y0                                  ; 46D900
14548A: do       #<$10,>$14548e                              ; 061080 14548D
14548C: mac      y0,x0,a         a,x1            a,y:(r4)+   ; 165CD2
14548D: mac      -x1,x0,a        x:(r1)+,y0                  ; 46D9A6
14548E: move     x:(r1)-,y0                                  ; 46D100
14548F: move     a1,y:(r6+$29)                               ; 02A6EC
145490: move     a0,y:(r6+$2f)                               ; 02BEE8
145491: move     r1,y:(r6+$36)                               ; 0B7691 000036
145493: move     #>$0,r3                                     ; 63F400 000000
145495: move     #$1,m3                                      ; 0501A3
145496: move     #$10,n4                                     ; 3C1000
145497: move     y:(r6+$32),r4                               ; 0B76D4 000032
145499: move     #>$1fff,m4                                  ; 05F424 001FFF
14549B: move     y:(r6+$37),r1                               ; 0B76D1 000037
14549D: move     #>$7ff,m1                                   ; 05F421 0007FF
14549F: move     y:(r4)+n4,b                                 ; 5FCC00
1454A0: asr      #$15,b,b                                    ; 0C1CAB
1454A1: move     r4,y:(r6+$32)                               ; 0B7694 000032
1454A3: move     b1,n1                                       ; 21B900
1454A4: move     #$0,b1                                      ; 2D0000
1454A5: asr      b                                           ; 20002A
1454A6: move     b0,y1                                       ; 212700
1454A7: move     #>$7fffff,b                                 ; 57F400 7FFFFF
1454A9: sub      y1,b                                        ; 20007C
1454AA: move     #>$ffffff,m4                                ; 05F424 FFFFFF
1454AC: move     b,x0                                        ; 21E400
1454AD: lua      (r1)+n1,r1                                  ; 044911
1454AE: move     y:(r2)+,x1                                  ; 4DDA00
1454AF: mpy      x1,x0,b                                     ; 2000A8
1454B0: mpy      y1,x1,a                                     ; 2000F0
1454B1: move     b,x0                                        ; 21E400
1454B2: move     a,y1                                        ; 21C700
1454B3: move     x1,x:(r3)+                                  ; 455B00
1454B4: move     x0,x:(r3)+                                  ; 445B00
1454B5: move     y:(r6+$2a),a                                ; 02AEBE
1454B6: move     y:(r6+$30),a0                               ; 02C6B8
1454B7: move     #>$60,r4                                    ; 64F400 000060
1454B9: move     x:(r1)+,x1                                  ; 45D900
1454BA: do       #<$10,>$1454bf                              ; 061080 1454BE
1454BC: mac      x1,x0,a         x:(r1)+,x1      a,y:(r4)    ; 8699A2
1454BD: mac      y1,x1,a         x:(r3)+,x0      y:(r4)+,y0  ; F09BF2
1454BE: mac      -y0,x0,a        x:(r3)+,x0                  ; 44DBD6
1454BF: move     x:(r1)-,x1                                  ; 45D100
1454C0: lua      (r1)-n1,r1                                  ; 044111
1454C1: move     a1,y:(r6+$2a)                               ; 02AEAC
1454C2: move     a0,y:(r6+$30)                               ; 02C6A8
1454C3: move     r1,y:(r6+$37)                               ; 0B7691 000037
1454C5: move     y:(r6+$38),r1                               ; 0B76D1 000038
1454C7: move     #>$3ff,m1                                   ; 05F421 0003FF
1454C9: lua      (r1)+n1,r1                                  ; 044911
1454CA: move     y:(r6+$2b),a                                ; 02AEFE
1454CB: move     y:(r6+$31),a0                               ; 02C6F8
1454CC: move     #>$70,r4                                    ; 64F400 000070
1454CE: move     x:(r1)+,x1                                  ; 45D900
1454CF: do       #<$10,>$1454d4                              ; 061080 1454D3
1454D1: mac      x1,x0,a         x:(r1)+,x1      a,y:(r4)    ; 8699A2
1454D2: mac      y1,x1,a         x:(r3)+,x0      y:(r4)+,y0  ; F09BF2
1454D3: mac      -y0,x0,a        x:(r3)+,x0                  ; 44DBD6
1454D4: move     x:(r1)-,x1                                  ; 45D100
1454D5: lua      (r1)-n1,r1                                  ; 044111
1454D6: move     a1,y:(r6+$2b)                               ; 02AEEC
1454D7: move     a0,y:(r6+$31)                               ; 02C6E8
1454D8: move     r1,y:(r6+$38)                               ; 0B7691 000038
1454DA: move     #>$ffffff,m1                                ; 05F421 FFFFFF
1454DC: move     y:(r6+$12),r0                               ; 0B76D0 000012
1454DE: move     r6,r1                                       ; 22D100
1454DF: move     #$4,m3                                      ; 0504A3
1454E0: move     #>$20,r3                                    ; 63F400 000020
1454E2: move     y:(r0+$2),x0                                ; 0208B4
1454E3: move     y:(r0+$5),x1                                ; 0210F5
1454E4: move     x0,x:(r3)+                                  ; 445B00
1454E5: move     x1,x:(r3)+                                  ; 455B00
1454E6: move     y:(r0+$3),x0                                ; 0208F4
1454E7: move     y:(r0+$1),x1                                ; 0200F5
1454E8: move     x0,x:(r3)+                                  ; 445B00
1454E9: move     x1,x:(r3)+                                  ; 455B00
1454EA: move     y:(r0),x0                                   ; 4CE000
1454EB: move     x0,x:(r3)+                                  ; 445B00
1454EC: move     #>$0,r2                                     ; 62F400 000000
1454EE: move     #>$40,r0                                    ; 60F400 000040
1454F0: move     #>$70,r6                                    ; 66F400 000070
1454F2: move     #>$50,r4                                    ; 64F400 000050
1454F4: move     #>$30,r7                                    ; 67F400 000030
1454F6: move     #>$20,r5                                    ; 65F400 000020
1454F8: move     y:(r0)+,y1                                  ; 4FD800
1454F9: move     x:(r3)+,x0                                  ; 44DB00
1454FA: mpy      x0,y1,a         x:(r3)+,x0      y:(r6)+,y1  ; F1DBC0
1454FB: do       #<$10,>$145506                              ; 061080 145505
1454FD: mac      -x0,y1,a        x:(r3)+,x0      y:(r4)+,y1  ; F19BC6
1454FE: mac      -x0,y1,a        x:(r3)+,x0      y:(r7)+,y1  ; F1FBC6
1454FF: tfr      a,b             x:(r3)+,x1                  ; 45DB09
145500: mac      x0,y1,a         y:(r5)+,y1                  ; 4FDDC2
145501: asl      a               x:(r3)+,x0                  ; 44DB32
145502: mac      y1,x1,b         y:(r0)+,y1                  ; 4FD8FA
145503: asl      b               a,x:(r2)+                   ; 565A3A
145504: mpy      x0,y1,a         x:(r3)+,x0      y:(r6)+,y1  ; F1DBC0
145505: move     b,x:(r2)+                                   ; 575A00
145506: move     #>$ffffff,m3                                ; 05F423 FFFFFF
145508: move     r1,r6                                       ; 223600
145509: move     #>$30,r1                                    ; 61F400 000030
14550B: move     #>$40,r2                                    ; 62F400 000040
14550D: move     y:(r6+$12),r0                               ; 0B76D0 000012
14550F: move     #>$20,r4                                    ; 64F400 000020
145511: move     #>$50,r5                                    ; 65F400 000050
145513: move     x:(r0),x0                                   ; 44E000
145514: move     x:(r0+$3),x1                                ; 0208D5
145515: move     y:(r4)+,y0                                  ; 4EDC00
145516: move     y:(r5)+,y1                                  ; 4FDD00
145517: mpy      y0,x0,a                                     ; 2000D0
145518: mpy      y0,x0,b                                     ; 2000D8
145519: do       #<$10,>$14551f                              ; 061080 14551E
14551B: mac      y1,x1,a         y:(r4)+,y0                  ; 4EDCF2
14551C: mac      -y1,x1,b        y:(r5)+,y1                  ; 4FDDFE
14551D: mpy      y0,x0,a         a,x:(r1)+                   ; 5659D0
14551E: mpy      y0,x0,b         b,x:(r2)+                   ; 575AD8
14551F: move     #>$20,r1                                    ; 61F400 000020
145521: move     #>$50,r2                                    ; 62F400 000050
145523: move     #>$60,r4                                    ; 64F400 000060
145525: move     #>$70,r5                                    ; 65F400 000070
145527: move     x:(r0+$4),x0                                ; 021094
145528: move     x:(r0+$5),x1                                ; 0210D5
145529: move     y:(r4)+,y0                                  ; 4EDC00
14552A: move     y:(r5)+,y1                                  ; 4FDD00
14552B: mpy      -y0,x0,a                                    ; 2000D4
14552C: mpy      -y0,x0,b                                    ; 2000DC
14552D: do       #<$10,>$145533                              ; 061080 145532
14552F: mac      y1,x1,a         y:(r4)+,y0                  ; 4EDCF2
145530: mac      -y1,x1,b        y:(r5)+,y1                  ; 4FDDFE
145531: mpy      -y0,x0,a        a,x:(r1)+                   ; 5659D4
145532: mpy      -y0,x0,b        b,x:(r2)+                   ; 575ADC
145533: move     #>$60,r1                                    ; 61F400 000060
145535: move     #>$70,r2                                    ; 62F400 000070
145537: move     #>$30,r4                                    ; 64F400 000030
145539: move     #>$40,r5                                    ; 65F400 000040
14553B: move     x:(r0+$1),x0                                ; 0200D4
14553C: move     x:(r0+$2),x1                                ; 020895
14553D: move     y:(r4)+,y0                                  ; 4EDC00
14553E: move     y:(r5)+,y1                                  ; 4FDD00
14553F: mpy      y0,x0,a                                     ; 2000D0
145540: mpy      y0,x0,b                                     ; 2000D8
145541: do       #<$10,>$145547                              ; 061080 145546
145543: mac      y1,x1,a         y:(r4)+,y0                  ; 4EDCF2
145544: mac      -y1,x1,b        y:(r5)+,y1                  ; 4FDDFE
145545: mpy      y0,x0,a         a,x:(r1)+                   ; 5659D0
145546: mpy      y0,x0,b         b,x:(r2)+                   ; 575AD8
145547: move     #>$20,r0                                    ; 60F400 000020
145549: lua      (r6+$39),r1                                 ; 041E91
14554A: move     #>$145626,r2                                ; 62F400 145626
14554C: move     #>$155556,x0                                ; 44F400 155556
14554E: move     #>$0,r4                                     ; 64F400 000000
145550: do       #<$6,>$145562                               ; 060680 145561
145552: move     x:(r2)+,m3                                  ; 05DA23
145553: move     y:(r1),r3                                   ; 6BE100
145554: move     x:(r0)+,b       y:(r4)+,y0                  ; FC9800
145555: mac      y0,x0,b                                     ; 2000DA
145556: do       #<$7,>$14555c                               ; 060780 14555B
145558: move     x:(r0)+,a       y:(r4)+,y0                  ; F89800
145559: mac      y0,x0,a         b,x:(r3)+                   ; 575BD2
14555A: move     x:(r0)+,b       y:(r4)+,y0                  ; FC9800
14555B: mac      y0,x0,b         a,x:(r3)+                   ; 565BDA
14555C: move     x:(r0)+,a       y:(r4)+,y0                  ; F89800
14555D: mac      y0,x0,a         b,x:(r3)+                   ; 575BD2
14555E: move     #>$0,r4                                     ; 64F400 000000
145560: move     a,x:(r3)+                                   ; 565B00
145561: move     r3,y:(r1)+                                  ; 6B5900
145562: move     #>$ffffff,m3                                ; 05F423 FFFFFF
145564: move     #>$0,r4                                     ; 64F400 000000
145566: move     y:(r6+$1e),a                                ; 027EBE
145567: clr      b                                           ; 20001B
145568: move     #>$1062,y1                                  ; 47F400 001062
14556A: move     #>$7fef9e,y0                                ; 46F400 7FEF9E
14556C: do       #<$10,>$145573                              ; 061080 145572
14556E: move     a,x1            y:(r4)+,a                   ; 16DC00
14556F: abs      a                                           ; 200026
145570: mpy      x1,y0,a         a,x0                        ; 21C4E0
145571: mac      x0,y1,a                                     ; 2000C2
145572: maxm     a,b                                         ; 200015
145573: move     a,y:(r6+$1e)                                ; 027EAE
145574: move     y:(r6+$1f),a                                ; 027EFE
145575: move     b,y:(r6+$1f)                                ; 027EEF
145576: sub      a,b                                         ; 20001C
145577: move     y:(r6+$20),a                                ; 0286BE
145578: move     y:(r6+$25),y0                               ; 0296F6
145579: cmp      y0,a                                        ; 200055
14557A: blt      func_145581                                 ; 0D1049 000007
14557C: move     #>$7ffff0,x0                                ; 44F400 7FFFF0
14557E: move     x0,y:(r6+$20)                               ; 0286A4
14557F: bra      func_145584                                 ; 0D10C0 000005
145581: add      #>$1,a                                      ; 0140C0 000001
145583: move     a,y:(r6+$20)                                ; 0286AE
145584: move     y:(r6+$25),a                                ; 0296FE
145585: cmp      #>$7fffff,a                                 ; 0140C5 7FFFFF
145587: beq      func_145595                                 ; 0D104A 00000E
145589: cmp      #>$a8,b                                     ; 0140CD 0000A8
14558B: bge      func_145593                                 ; 0D1041 000008
14558D: move     y:(r6+$20),a                                ; 0286BE
14558E: cmp      y0,a                                        ; 200055
14558F: bge      func_14559f                                 ; 0D1041 000010
145591: bra      func_145595                                 ; 0D10C0 000004
145593: move     #$0,y1                                      ; 270000
145594: move     y1,y:(r6+$20)                               ; 0286A7
145595: move     y:(r6+$21),a                                ; 0286FE
145596: move     #>$0,r4                                     ; 64F400 000000
145598: move     #>$147ae,x0                                 ; 44F400 0147AE
14559A: rep      #<$10                                       ; 0610A0
14559B: add      x0,a            a,y:(r4)+                   ; 5E5C40
14559C: move     a,y:(r6+$21)                                ; 0286EE
14559D: bra      func_1455a8                                 ; 0D10C0 00000B
14559F: move     #>$0,r4                                     ; 64F400 000000
1455A1: move     #>$7eb852,x0                                ; 44F400 7EB852
1455A3: move     y:(r6+$21),x1                               ; 0286F5
1455A4: move     x1,a                                        ; 20AE00
1455A5: rep      #<$10                                       ; 0610A0
1455A6: mpy      x1,x0,a         a,x1            a,y:(r4)+   ; 165CA0
1455A7: move     a,y:(r6+$21)                                ; 0286EE
1455A8: move     #>$0,r4                                     ; 64F400 000000
1455AA: move     #>$0,r0                                     ; 60F400 000000
1455AC: move     r0,r1                                       ; 221100
1455AD: move     x:(r0)+,x0      y:(r4)+,y0                  ; F09800
1455AE: do       #<$10,>$1455b4                              ; 061080 1455B3
1455B0: mpy      y0,x0,a         x:(r0)+,x0                  ; 44D8D0
1455B1: mpy      y0,x0,b         x:(r0)+,x0      y:(r4)+,y0  ; F098D8
1455B2: move     a,x:(r1)+                                   ; 565900
1455B3: move     b,x:(r1)+                                   ; 575900
1455B4: move     #>$144ac7,r2                                ; 62F400 144AC7
1455B6: move     y:(r6+$8),b                                 ; 0226BF
1455B7: asr      #$10,b,b                                    ; 0C1CA1
1455B8: move     #>$144ac7,r3                                ; 63F400 144AC7
1455BA: move     b,n3                                        ; 21FB00
1455BB: move     #>$0,r0                                     ; 60F400 000000
1455BD: move     #>$1,r1                                     ; 61F400 000001
1455BF: move     #$2,n0                                      ; 380200
1455C0: move     n0,n1                                       ; 231900
1455C1: move     #>$20,r2                                    ; 62F400 000020
1455C3: move     #$40,y1                                     ; 274000
1455C4: move     x:(r3+n3),x1                                ; 45EB00
1455C5: move     x1,b                                        ; 20AF00
1455C6: add      #>$800000,b                                 ; 0140C8 800000
1455C8: move     y:(r6+$18),a                                ; 0266BE
1455C9: move     b,y0                                        ; 21E600
1455CA: mpy      -y1,y0,b                                    ; 2000BC
1455CB: move     y:(r6+$19),a0                               ; 0266F8
1455CC: move     b,y1                                        ; 21E700
1455CD: move     y:(r6+$1a),b                                ; 026EBF
1455CE: move     y:(r6+$1b),b0                               ; 026EF9
1455CF: move     y:(r6+$1c),x0                               ; 0276B4
1455D0: mac      -x0,y1,a        a,x:(r2)+       a,y0        ; 181AC6
1455D1: mac      -x1,y0,a        x:(r0),x0                   ; 44E0E6
1455D2: mac      x0,y1,a                                     ; 2000C2
1455D3: move     y:(r6+$1d),x0                               ; 0276F4
1455D4: move     x:(r0+$1e),y0                               ; 027896
1455D5: move     y0,y:(r6+$1c)                               ; 0276A6
1455D6: move     x:(r0+$1f),y0                               ; 0278D6
1455D7: move     y0,y:(r6+$1d)                               ; 0276E6
1455D8: mac      -x0,y1,b        b,x:(r2)+       b,y0        ; 1E1ACE
1455D9: mac      -x1,y0,b        x:(r1),x0                   ; 44E1EE
1455DA: mac      x0,y1,b         x:(r0)+n0,x0                ; 44C8CA
1455DB: do       #<$f,>$1455e3                               ; 060F80 1455E2
1455DD: mac      -x0,y1,a        a,x:(r2)+       a,y0        ; 181AC6
1455DE: mac      -x1,y0,a        x:(r0),x0                   ; 44E0E6
1455DF: mac      x0,y1,a         x:(r1)+n1,x0                ; 44C9C2
1455E0: mac      -x0,y1,b        b,x:(r2)+       b,y0        ; 1E1ACE
1455E1: mac      -x1,y0,b        x:(r1),x0                   ; 44E1EE
1455E2: mac      x0,y1,b         x:(r0)+n0,x0                ; 44C8CA
1455E3: move     a1,y:(r6+$18)                               ; 0266AC
1455E4: move     a0,y:(r6+$19)                               ; 0266E8
1455E5: move     b1,y:(r6+$1a)                               ; 026EAD
1455E6: move     b0,y:(r6+$1b)                               ; 026EE9
1455E7: move     #>$144ac7,r2                                ; 62F400 144AC7
1455E9: move     y:(r6+$9),b                                 ; 0226FF
1455EA: asr      #$10,b,b                                    ; 0C1CA1
1455EB: move     #>$20,r1                                    ; 61F400 000020
1455ED: move     b,n2                                        ; 21FA00
1455EE: move     y:(r6+$14),a                                ; 0256BE
1455EF: move     y:(r6+$15),a0                               ; 0256F8
1455F0: move     #>$0,r0                                     ; 60F400 000000
1455F2: move     x:(r2+n2),y0                                ; 46EA00
1455F3: move     y:(r6+$16),b                                ; 025EBF
1455F4: move     y:(r6+$17),b0                               ; 025EF9
1455F5: move     x:(r1)+,x1                                  ; 45D900
1455F6: do       #<$10,>$1455fc                              ; 061080 1455FB
1455F8: mac      x1,y0,a         a,x:(r0)+       a,y1        ; 1918E2
1455F9: mac      -y1,y0,a        x:(r1)+,x1                  ; 45D9B6
1455FA: mac      x1,y0,b         b,x:(r0)+       b,y1        ; 1F18EA
1455FB: mac      -y1,y0,b        x:(r1)+,x1                  ; 45D9BE
1455FC: move     a1,y:(r6+$14)                               ; 0256AC
1455FD: move     a0,y:(r6+$15)                               ; 0256E8
1455FE: move     b1,y:(r6+$16)                               ; 025EAD
1455FF: move     b0,y:(r6+$17)                               ; 025EE9
145600: move     #>$0,r0                                     ; 60F400 000000
145602: move     y:(r6+$46),r1                               ; 0B76D1 000046
145604: move     y:(r6+$45),r7                               ; 0B76D7 000045
145606: move     #>$7fffff,a                                 ; 56F400 7FFFFF
145608: move     y:(r6+$7),y0                                ; 021EF6
145609: move     y:(r6+$b),x0                                ; 022EF4
14560A: sub      y0,a                                        ; 200054
14560B: mpy      x0,x0,b                                     ; 200088
14560C: move     a,x1                                        ; 21C500
14560D: move     b,x0                                        ; 21E400
14560E: mpy      x1,x0,b                                     ; 2000A8
14560F: move     x:(r0)+,x0                                  ; 44D800
145610: mpy      y0,x0,a         x:(r1)+,x1      b,y1        ; 1799D0
145611: mac      y1,x1,a         x:(r0)+,x0                  ; 44D8F2
145612: asl      #$2,a,a                                     ; 0C1D04
145613: do       #<$10,>$14561b                              ; 061080 14561A
145615: mpy      y0,x0,b         x:(r1)+,x1                  ; 45D9D8
145616: mac      y1,x1,b         x:(r0)+,x0      a,y:(r7)+   ; B2F8FA
145617: asl      #$2,b,b                                     ; 0C1D85
145618: mpy      y0,x0,a         x:(r1)+,x1                  ; 45D9D0
145619: mac      y1,x1,a         x:(r0)+,x0      b,y:(r7)+   ; B3F8F2
14561A: asl      #$2,a,a                                     ; 0C1D04
14561B: rts                                                  ; 00000C
14561C: macr     x0,y1,b         x:(r1)+,x1      y0,y:(r5)   ; 84B9CB
14561D: ror      b               n1,y:(r1)-                  ; 79512F
14561E: cmpm     x1,b            x:(r0)-,a       y1,y:(r7)   ; 89F06F
14561F: mpyr     -x0,x0,b        x:$1c,n1                    ; 719C8D
145620: mac      -x1,y0,b        x:(r3)+n3,x1    y0,y:(r7)+n7 ; 94EBEE
145621: dc       $00002e                                     ; 00002E
145622: dc       $000042                                     ; 000042
145623: dc       $000064                                     ; 000064
145624: reset                                                ; 000094
145625: dc       $0000de                                     ; 0000DE
145626: dc       $000a76                                     ; 000A76
145627: dc       $00099e                                     ; 00099E
145628: dc       $000722                                     ; 000722
145629: dc       $000664                                     ; 000664
14562A: dc       $0007ff                                     ; 0007FF
14562B: dc       $0003ff                                     ; 0003FF
14562C: mac      -x1,x0,a        b,x1            y:(r6),b    ; 1FE6A6
14562D: or       y1,b            r5,r7                       ; 22B77A
14562E: mpy      y1,x1,b         #$88,a1                     ; 2C88F8
14562F: mpy      y0,y0,b         #$f9,b                      ; 2FF998
145630: rnd      a               #$55,r4                     ; 345511
145631: mpyr     x1,x0,b         y1,x:$31                    ; 4731A9
145632: maxm     a,b             a0,n6                       ; 211E15
145633: cmpm     x1,b            n7,a                        ; 23EE6F
145634: mac      -y0,x0,b        #$ae,b1                     ; 2DAEDE
145635: mpyr     y0,y0,b         #$14,r1                     ; 311499
145636: maxm     a,b             #$5f,r5                     ; 355F15
145637: or       y0,b            x:(r7)+n7,y1                ; 47CF5A
145638: mpyr     -y0,y0,a        r2,r5                       ; 225595
145639: mpy      x0,x0,b         #$24,x1                     ; 252488
14563A: sub      x1,a            #$d1,a                      ; 2ED164
14563B: macr     -y0,y0,b        #$2b,r2                     ; 322B9F
14563C: mpyr     -x0,x0,b        #$64,r6                     ; 36648D
14563D: mac      -x1,x0,b        a,l:(r0+n0)                 ; 4868AE
14563E: macr     y1,y0,b         n4,a1                       ; 238CBB
14563F: sub      x1,a            #$59,y0                     ; 265964
145640: or       y0,a            #$f0,b                      ; 2FF052
145641: and      y1,b            #$3e,r3                     ; 333E7E
145642: cmpm     y0,b            #$65,r7                     ; 37655F
145643: macr     -y1,y0,a        l:-(r5),a                   ; 48FDB7
145644: sub      x,a             #$c3,x0                     ; 24C324
145645: mac      x1,x0,b         #$8c,y1                     ; 278CAA
145646: sub      y1,a            #$b,r1                      ; 310B74
145647: addl     b,a             #$4d,r4                     ; 344D12
145648: cmp      y1,a            #$61,n0                     ; 386175
145649: mpyr     x0,x0,b         l:<$e,b                     ; 498E89
14564A: cmp      x1,b            #$f8,x1                     ; 25F86D
14564B: addr     b,a             #$be,a0                     ; 28BE02
14564C: macr     y0,y0,b         #$22,r2                     ; 32229B
14564D: add      y,b             #$57,r5                     ; 355738
14564E: mpyr     -y1,y0,b        #$58,n1                     ; 3958BD
14564F: adc      y,b             ab,l:<$1b                   ; 4A1B39
145650: sub      y,b             #$2c,y1                     ; 272C3C
145651: sub      a,b             #$ed,b0                     ; 29ED1C
145652: mac      -y0,y0,b        #$35,r3                     ; 33359E
145653: mac      y0,x0,a         #$5c,r6                     ; 365CD2
145654: add      x,b             #$4b,n2                     ; 3A4B28
145655: mac      y0,x0,b         l:<$23,ab                   ; 4AA3DA
145656: adc      y,b             #$5e,a0                     ; 285E39
145657: mpy      -x1,x0,b        #$19,b2                     ; 2B19AC
145658: and      y0,a            #$44,r4                     ; 344456
145659: mpy      x0,y1,b         #$5d,r7                     ; 375DC8
14565A: mpyr     x1,x0,b         #$38,n3                     ; 3B38A9
14565B: macr     x0,x0,a         ba,l:<$28                   ; 4B2883
14565C: add      b,a             #$8e,b0                     ; 298E10
14565D: or       x1,b            #$43,a1                     ; 2C436A
14565E: mpyr     x1,x0,a         #$4e,r5                     ; 354EA1
14565F: addr     b,a             #$5a,n0                     ; 385A02
145660: adc      y,b             #$21,n4                     ; 3C2139
145661: add      x0,b            l:<$29,ba                   ; 4BA948
145662: sub      y1,a            #$bb,a2                     ; 2ABB74
145663: clr      a               #$6a,b1                     ; 2D6A13
145664: or       x1,a            #$54,r6                     ; 365462
145665: cmpm     x1,b            #$51,n1                     ; 39516F
145666: mpy      y0,x0,a         #$4,n5                      ; 3D04D0
145667: rol      b               x0,y:$26                    ; 4C263F
145668: max      a,b             #$e6,b2                     ; 2BE61D
145669: tfr      x1,b            #$8d,a                      ; 2E8D69
14566A: cmpm     y1,b            #$55,r7                     ; 37557F
14566B: macr     -y1,x1,b        #$43,n2                     ; 3A43FF
14566C: sub      x1,b            #$e3,n5                     ; 3DE36C
14566D: and      y1,b            y:$1f,x0                    ; 4C9F7E
14566E: mpy      -x0,y1,a        #$d,b1                      ; 2D0DC4
14566F: sub      y,a             #$ad,b                      ; 2FAD34
145670: mpyr     x1,y0,a         #$51,n0                     ; 3851E1
145671: macr     -x1,x0,a        #$31,n3                     ; 3B31A7
145672: tst      b               #$bd,n6                     ; 3EBD0B
145673: rnd      b               x1,y:$15                    ; 4D1519
145674: sbc      x,b             #$32,a                      ; 2E322D
145675: rol      b               #$c9,r0                     ; 30C93F
145676: and      y1,a            #$49,n1                     ; 394976
145677: sub      y0,b            #$1a,n4                     ; 3C1A5C
145678: macr     -x1,x0,b        #$91,n7                     ; 3F91AF
145679: abs      a               y:$7,x1                     ; 4D8726
14567A: clr      b               #$53,b                      ; 2F531B
14567B: or       y0,b            #$e1,r1                     ; 31E15A
14567C: ror      b               #$3c,n2                     ; 3A3C2F
14567D: rnd      b               #$fe,n4                     ; 3CFE19
14567E: sub      y0,b            a10,l:(r1)                  ; 40615C
14567F: dc       $4df5bc                                     ; 4DF5BC
145680: tfr      y0,b            #$70,r0                     ; 307059
145681: tfr      y0,b            #$f5,r2                     ; 32F559
145682: macr     -y1,x1,b        #$29,n3                     ; 3B29FF
145683: macr     y0,x0,b         #$dc,n5                     ; 3DDCDB
145684: not      a               b10,l:<$2c                  ; 412C17
145685: macr     -x1,y0,b        y0,y:(r0)                   ; 4E60EF
145686: mpyr     -y1,y0,a        #$89,r1                     ; 3189B5
145687: not      a               #$5,r4                      ; 340517
145688: mac      -y0,x0,b        #$12,n4                     ; 3C12DE
145689: mpy      x1,x0,a         #$b6,n6                     ; 3EB6A0
14568A: dc       $41f1e8                                     ; 41F1E8
14568B: mpy      -y0,x0,a        y:(r0)+n0,y0                ; 4EC8D4
14568C: dc       $329f04                                     ; 329F04
14568D: cmpm     x1,b            #$10,r5                     ; 35106F
14568E: mpyr     -x0,y1,a        #$f6,n4                     ; 3CF6C5
14568F: eor      x1,b            #$8b,n7                     ; 3F8B6B
145690: mpy      y0,x0,b         l:<$32,x                    ; 42B2D8
145691: mpyr     x0,x0,a         y1,y:$2d                    ; 4F2D81
145692: sub      a,b             #$b0,r3                     ; 33B01C
145693: sub      x0,a            #$17,r6                     ; 361744
145694: mpy      y1,y0,a         #$d5,n5                     ; 3DD5B0
145695: sbc      y,b             a10,l:(r3)+                 ; 405B3D
145696: mac      y1,x1,a         y,l:(r6+n6)                 ; 436EF2
145697: tst      b               y:$f,y1                     ; 4F8F0B
145698: mac      y0,x0,b         #$bc,r4                     ; 34BCDA
145699: or       y1,b            #$19,r7                     ; 37197A
14569A: macr     -y0,y0,b        #$af,n6                     ; 3EAF9F
14569B: subl     a,b             b10,l:<$26                  ; 41261E
14569C: tfr      x0,a            x0,x:$26                    ; 442641
14569D: macr     -x0,x0,a        y:(r5+n5),y1                ; 4FED87
14569E: max      a,b             #$c5,r5                     ; 35C51D
14569F: macr     y1,x1,b         #$16,n0                     ; 3816FB
1456A0: macr     y0,y0,a         #$84,n7                     ; 3F8493
1456A1: sub      b,a             l:(r4+n4),b10               ; 41EC14
1456A2: mpy      -y0,x0,a        x:(r0)+,x0                  ; 44D8D4
1456A3: tfr      a,b             a0,x:(r1)+n1                ; 504909
1456A4: mpyr     x0,y1,b         #$c8,r6                     ; 36C8C9
1456A5: mac      y1,y0,a         #$f,n1                      ; 390FB2
1456A6: macr     -x0,x0,b        a10,l:(r4)-                 ; 40548F
1456A7: adc      x,b             l:<$2d,x                    ; 42AD29
1456A8: mac      y1,y0,b         x:$6,x1                     ; 4586BA
1456A9: mpyr     -x1,x0,a        x:$21,a0                    ; 50A1A5
1456AA: macr     -x0,y1,a        #$c7,r7                     ; 37C7C7
1456AB: mpyr     y0,y0,a         #$3,n2                      ; 3A0391
1456AC: mpy      y0,y0,b         b10,l:<$1f                  ; 411F98
1456AD: add      x1,b            y,l:(r1+n1)                 ; 436968
1456AE: tfr      b,a             y0,x:$30                    ; 463001
1456AF: dc       $50f770                                     ; 50F770
1456B0: addr     b,a             #$c2,n0                     ; 38C202
1456B1: mpyr     x0,x0,b         #$f2,n2                     ; 3AF289
1456B2: macr     -y1,y0,a        l:(r5),b10                  ; 41E5B7
1456B3: mpy      -y0,x0,b        x0,x:$20                    ; 4420DC
1456B4: mpy      -y1,y0,b        x:(r4)-,y0                  ; 46D4BC
1456B5: cmp      y1,b            b0,x:(r2)+n2                ; 514A7D
1456B6: add      x1,b            #$b7,n1                     ; 39B768
1456B7: mac      y0,y0,a         #$dc,n3                     ; 3BDC92
1456B8: mpyr     -y1,x1,a        l:<$26,x                    ; 42A6F5
1456B9: macr     y0,y0,a         x:(r3)-,x0                  ; 44D393
1456BA: dc       $4774fb                                     ; 4774FB
1456BB: macr     -y0,x0,b        x:$1a,b0                    ; 519ADF
1456BC: mpy      -x1,y0,b        #$a7,n2                     ; 3AA7EC
1456BD: mpy      -x1,x0,a        #$c1,n4                     ; 3CC1A4
1456BE: eor      y0,b            y,l:(r3)                    ; 43635B
1456BF: mpy      -y0,y0,b        x:$1,x1                     ; 45819C
1456C0: mpyr     y0,x0,a         a,l:<$10                    ; 4810D1
1456C1: mac      x1,x0,b         x:(r0+n0),b0                ; 51E8AA
1456C2: macr     x0,x0,a         #$93,n3                     ; 3B9383
1456C3: macr     y1,y0,b         #$a1,n5                     ; 3DA1BB
1456C4: macr     -y1,x1,a        x0,x:$1a                    ; 441AF7
1456C5: subr     b,a             y0,x:$2b                    ; 462B06
1456C6: tfr      y0,a            l:<$28,a                    ; 48A851
1456C7: mpyr     y1,x1,a         a2,x:$33                    ; 5233F1
1456C8: abs      a               #$7a,n4                     ; 3C7A26
1456C9: mac      -y0,x0,a        #$7c,n6                     ; 3E7CD6
1456CA: mpyr     -y0,x0,a        x:(r5)+n5,x0                ; 44CDD5
1456CB: macr     x1,y0,a         x:(r7)+n7,y0                ; 46CFE3
1456CC: mac      -x0,x0,b        b,l:<$3b                    ; 493B8E
1456CD: mac      -x0,y1,a        a2,x:-(r4)                  ; 527CC6
1456CE: mac      -x0,y1,b        #$5b,n5                     ; 3D5BCE
1456CF: mac      -y1,x1,a        #$52,n7                     ; 3F52F6
1456D0: cmp      b,a             x1,x:-(r4)                  ; 457C05
1456D1: sub      x0,a            y1,x:>$49ca9d               ; 477044 49CA9D
1456D3: asl      b               x:(r3)-n3,a2                ; 52C33A
1456D4: eor      y1,b            #$38,n6                     ; 3E387B
1456D5: sub      a,b             a10,l:<$24                  ; 40241C
1456D6: mac      -y0,y0,a        y0,x:$25                    ; 462596
1456D7: lsl      b               a,l:<$c                     ; 480C3B
1456D8: macr     y0,y0,a         ab,l:(r5)-                  ; 4A5593
1456D9: tfr      x1,a            b2,x:$7                     ; 530761
1456DA: lsr      b               #$10,n7                     ; 3F102B
1456DB: cmpm     x0,b            l:?:>$46ca98,a10            ; 40F04F 46CA98
1456DD: mpy      -y0,x0,b        l:<$23,a                    ; 48A3DC
1456DE: macr     x0,x0,a         l:(r4)+,ab                  ; 4ADC83
1456DF: or       x0,b            b2,x:(r1)+n1                ; 53494A
1456E0: mpyr     x1,y0,a         #$e2,n7                     ; 3FE2E1
1456E1: mpyr     -y0,y0,a        l:<$37,b10                  ; 41B795
1456E2: subl     a,b             y1,x:(r3+n3)                ; 476B1E
1456E3: asl      b               b,l:<$37                    ; 49373A
1456E4: mpy      -x0,x0,a        ba,l:(r7)+                  ; 4B5F84
1456E5: cmpm     b,a             x:$9,b2                     ; 538907
1456E6: mac      x1,x0,a         l:<$30,a10                  ; 40B0A2
1456E7: mpy      y1,x1,b         x,l:-(r1)                   ; 4279F8
1456E8: asl      b               a,l:<$7                     ; 48073A
1456E9: tfr      x1,b            l:(r6)-n6,b                 ; 49C669
1456EA: mac      x1,x0,b         l:(r6)+,ba                  ; 4BDEAA
1456EB: mpyr     x1,x0,b         x:(r6)-n6,b2                ; 53C6A9
1456EC: sub      y1,a            b10,l:-(r1)                 ; 417974
1456ED: mpy      x0,x0,a         y,l:<$37                    ; 433780
1456EE: macr     -y1,x1,b        l:<$1e,a                    ; 489EFF
1456EF: cmp      y1,b            ab,l:(r1)-                  ; 4A517D
1456F0: tst      b               x0,y:(r2)+                  ; 4C5A0B
1456F1: rol      b               a1,x:$2                     ; 54023F
1456F2: and      y0,b            x,l:<$3d                    ; 423D5E
1456F3: lsl      b               l:?:>$493280,y              ; 43F03B 493280
1456F5: mpy      -x0,x0,b        l:(r0)+,ab                  ; 4AD88C
1456F6: mpy      -y1,y0,b        y:(r1)-,x0                  ; 4CD1BC
1456F7: macr     y0,x0,b         a1,x:$3b                    ; 543BDB
1456F8: sub      x1,b            l:-(r4),x                   ; 42FC6C
1456F9: sbc      y,a             x:$24,x0                    ; 44A435
1456FA: mpyr     y0,x0,a         l:(r1)-n1,b                 ; 49C1D1
1456FB: macr     x1,x0,b         ba,l:(r3)+                  ; 4B5BAB
1456FC: mpy      -y0,x0,a        x1,y:(r5)-n5                ; 4D45D4
1456FD: dc       $54738a                                     ; 54738A
1456FE: mpyr     x1,x0,b         l:<$36,y                    ; 43B6A9
1456FF: cmp      y1,b            x1,x:(r3)-                  ; 45537D
145700: cmpm     b,a             ab,l:(r5)+n5                ; 4A4D07
145701: mac      -x1,y0,b        l:(r2)+,ba                  ; 4BDAEE
145702: and      x1,a            y:$36,x1                    ; 4DB666
145703: cmp      y0,b            x:$29,a1                    ; 54A95D
145704: add      x,a             x0,x:(r4+n4)                ; 446C20
145705: lsr      a               x:-(r6),x1                  ; 45FE23
145706: rol      a               l:(r4)-,ab                  ; 4AD437
145707: eor      x1,b            x0,y:(r6)-                  ; 4C566B
145708: mac      x0,x0,b         y0,y:$23                    ; 4E238A
145709: tfr      x1,a            x:(r5)+,a1                  ; 54DD61
14570A: mpy      x1,y0,a         x1,x:$1c                    ; 451CE0
14570B: neg      a               x:$24,y0                    ; 46A436
14570C: and      y1,a            ba,l:(r7)-                  ; 4B5776
14570D: add      y,b             y:(r6)+n6,x0                ; 4CCE38
14570E: sub      y0,a            y:$d,y0                     ; 4E8D54
14570F: mac      -x1,x0,a        b1,x:$f                     ; 550FA6
145710: mpyr     y1,x1,b         x:(r0)+n0,x1                ; 45C8F9
145711: mpy      x0,y1,b         y1,x:(r5)-n5                ; 4745C8
145712: mpyr     y0,x0,b         l:(r6)-,ba                  ; 4BD6D9
145713: eor      x1,b            x1,y:(r2)-n2                ; 4D426B
145714: dc       $4ef3da                                     ; 4EF3DA
145715: adc      y,b             b1,x:(r0)-n0                ; 554039
145716: or       y1,b            y0,x:>$47e2ec               ; 46707A 47E2EC
145718: and      y1,a            x0,y:(r2)-                  ; 4C5276
145719: add      a,b             y:$33,x1                    ; 4DB318
14571A: adc      y,a             y1,y:(r7)-                  ; 4F5731
14571B: adc      x,b             b1,x:(r7+n7)                ; 556F29
14571C: cmp      y1,a            y1,x:$13                    ; 471375
14571D: mpy      -y1,y0,a        a,l:-(r3)                   ; 487BB4
14571E: tfr      x1,a            y:(r2)+n2,x0                ; 4CCA61
14571F: and      y0,a            y0,y:$20                    ; 4E2056
145720: cmp      x1,b            y:$37,y1                    ; 4FB76D
145721: mpyr     x0,x0,a         x:$1c,b1                    ; 559C81
145722: mpy      -y1,x1,b        x:$31,y1                    ; 47B1FC
145723: sub      y,a             b,l:<$10                    ; 491034
145724: mpyr     y1,y0,a         x1,y:$3e                    ; 4D3EB1
145725: adc      y,b             y:$a,y0                     ; 4E8A39
145726: macr     x1,x0,a         a0,x:$14                    ; 5014A3
145727: add      y0,a            x:(r0)+n0,b1                ; 55C850
145728: adc      x,a             a,l:(r4)+n4                 ; 484C21
145729: cmpm     y1,b            l:<$20,b                    ; 49A07F
14572A: sub      y1,b            y:$2f,x1                    ; 4DAF7C
14572B: macr     -y0,x0,a        y:>$506ee9,y0               ; 4EF0D7 506EE9
14572D: dc       $55f2a1                                     ; 55F2A1
14572E: macr     -y1,x1,a        l:(r1),a                    ; 48E1F7
14572F: macr     x1,x0,b         ab,l:<$2c                   ; 4A2CAB
145730: mac      -y0,x0,a        y0,y:$1c                    ; 4E1CD6
145731: and      x0,a            y1,y:(r4)-                  ; 4F5446
145732: tfr      y0,a            x:(r6)-n6,a0                ; 50C651
145733: mac      x0,x0,a         a,x:$1b                     ; 561B82
145734: dc       $497393                                     ; 497393
145735: macr     x0,y1,b         l:<$34,ab                   ; 4AB4CB
145736: mpy      -y0,x0,a        y:$6,y0                     ; 4E86D4
145737: mac      y0,y0,b         y:$34,y1                    ; 4FB49A
145738: mpy      y1,x1,a         b0,x:$1a                    ; 511AF0
145739: mpyr     -y1,x1,b        a,x:(r2)-n2                 ; 5642FD
14573A: dc       $4a0108                                     ; 4A0108
14573B: mpyr     -y1,x1,a        ba,l:<$38                   ; 4B38F5
14573C: mac      -x0,x0,b        y:(r5+n5),y0                ; 4EED8E
14573D: macr     -x1,y0,a        a0,x:$11                    ; 5011E7
14573E: mac      y0,x0,b         b0,x:(r4+n4)                ; 516CDA
14573F: subl     a,b             a,x:(r1+n1)                 ; 56691E
145740: sub      x1,b            l:<$a,ab                    ; 4A8A6C
145741: rol      b               l:<$39,ba                   ; 4BB93F
145742: not      a               y1,y:(r1)-                  ; 4F5117
145743: or       x0,a            a0,x:(r4+n4)                ; 506C42
145744: adc      x,a             x:$3c,b0                    ; 51BC21
145745: mac      y1,x1,a         x:$d,a                      ; 568DF2
145746: macr     y0,x0,a         ba,l:<$f                    ; 4B0FD3
145747: mpy      -y1,y0,b        x0,y:$35                    ; 4C35BC
145748: mpy      -x0,x0,a        y:$31,y1                    ; 4FB184
145749: mpy      x0,y1,a         x:(r3)-n3,a0                ; 50C3C0
14574A: mpyr     y0,x0,b         a2,x:$8                     ; 5208D9
14574B: mpyr     x0,x0,a         x:$31,a                     ; 56B181
14574C: or       y0,a            l:<$11,ba                   ; 4B9152
14574D: mpy      -x0,x0,a        y:$2e,x0                    ; 4CAE84
14574E: mac      x1,y0,b         a0,x:$e                     ; 500EEA
14574F: sub      y1,a            b0,x:$18                    ; 511874
145750: sub      b,a             a2,x:(r3)-                  ; 525314
145751: mpy      y0,x0,b         x:(r3)-,a                   ; 56D3D8
145752: macr     -y1,x1,b        x0,y:$e                     ; 4C0EFF
145753: macr     x1,x0,b         x1,y:$23                    ; 4D23AB
145754: cmp      y0,b            a0,x:(r1+n1)                ; 50695D
145755: or       y1,a            b0,x:(r2+n2)                ; 516A72
145756: mpyr     -x1,y0,a        x:$1a,a2                    ; 529AE5
145757: dc       $56f500                                     ; 56F500
145758: macr     -x1,y0,b        y:$8,x0                     ; 4C88EF
145759: add      x0,b            y:$15,x1                    ; 4D9548
14575A: macr     y1,x1,a         x:(r0)-n0,a0                ; 50C0F3
14575B: mpyr     -x0,y1,b        x:$39,b0                    ; 51B9CD
14575C: and      y0,b            x:(r0),a2                   ; 52E05E
14575D: dc       $571504                                     ; 571504
14575E: add      y,b             y:-(r7),x0                  ; 4CFF38
14575F: cmpm     x1,b            y0,y:$3                     ; 4E036F
145760: mac      -y1,y0,b        b0,x:$15                    ; 5115BE
145761: mpyr     y0,y0,b         a2,x:$6                     ; 520699
145762: macr     -x0,x0,b        b2,x:$23                    ; 53238F
145763: mpyr     -x1,y0,b        b,x:$33                     ; 5733ED
145764: dc       $4d71ef                                     ; 4D71EF
145765: neg      a               y0,y:(r6+n6)                ; 4E6E36
145766: mac      y0,x0,a         b0,x:(r7)                   ; 5167D2
145767: macr     -x1,y0,a        a2,x:(r0)-                  ; 5250E7
145768: macr     x0,x0,b         b2,x:(r4)                   ; 53648B
145769: mpy      -x0,y1,a        b,x:(r1)-                   ; 5751C4
14576A: asr      b               y:(r1),x1                   ; 4DE12A
14576B: mac      y1,y0,a         y:(r5)-,y0                  ; 4ED5B2
14576C: eor      x0,a            x:$37,b0                    ; 51B743
14576D: mac      x0,y1,b         x:$18,a2                    ; 5298CA
14576E: or       x1,a            x:$23,b2                    ; 53A362
14576F: mac      y0,y0,a         b,x:(r6+n6)                 ; 576E92
145770: mac      -y1,x1,b        y0,y:(r4)+n4                ; 4E4CFE
145771: mpyr     y1,x1,b         y1,y:$39                    ; 4F39F9
145772: lsr      a               a2,x:$4                     ; 520423
145773: sub      y0,a            x:(r6)+,a2                  ; 52DE54
145774: sub      x,a             x:(r0),b2                   ; 53E024
145775: tfr      x1,a            x:$a,b                      ; 578A61
145776: mpyr     x0,x0,a         y:$35,y0                    ; 4EB581
145777: not      b               y:$1b,y1                    ; 4F9B1F
145778: mac      -x0,x0,a        a2,x:(r6)+n6                ; 524E86
145779: macr     -y0,y0,a        b2,x:$21                    ; 532197
14577A: mac      x1,y0,a         a1,x:$1a                    ; 541AE2
14577B: adc      y,b             x:$25,b                     ; 57A539
14577C: mpy      x0,y1,b         y1,y:$1a                    ; 4F1AC8
14577D: asl      b               y:-(r1),y1                  ; 4FF93A
14577E: cmp      y1,b            x:$16,a2                    ; 52967D
14577F: macr     x1,x0,a         b2,x:(r2)                   ; 5362A3
145780: macr     x1,x0,b         a1,x:(r3)-                  ; 5453AB
145781: asr      a               x:$3f,b                     ; 57BF22
145782: mpy      x1,y0,b         y1,y:-(r4)                  ; 4F7CE8
145783: cmp      y0,b            a0,x:(r4)-                  ; 50545D
145784: addl     a,b             x:(r4)+,a2                  ; 52DC1A
145785: mac      x0,x0,b         x:$21,b2                    ; 53A18A
145786: macr     -x0,x0,b        x:$a,a1                     ; 548A8F
145787: sub      x,a             x:(r0)+,b                   ; 57D824
145788: mpyr     -y1,x1,a        y:(r3)+,y1                  ; 4FDBF5
145789: mpyr     -y0,y0,b        x:$2c,a0                    ; 50AC9D
14578A: add      y1,a            b2,x:$1f                    ; 531F70
14578B: sub      y0,b            x:(r6)+,b2                  ; 53DE5C
14578C: mpy      -y0,y0,b        x:$3f,a1                    ; 54BF9C
14578D: cmpm     x0,a            x:>$503805,b                ; 57F047 503805
14578F: subr     a,b             b0,x:$2                     ; 51020E
145790: mac      -x0,x0,b        b2,x:(r0)                   ; 53608E
145791: adc      x,b             a1,x:$19                    ; 541929
145792: dc       $54f2e1                                     ; 54F2E1
145793: macr     y0,y0,a         a0,y:$7                     ; 580793
145794: sub      x,b             x:$11,a0                    ; 50912C
145795: mpy      -x0,y1,a        b0,x:(r4)-                  ; 5154C4
145796: macr     -x0,x0,a        x:$1f,b2                    ; 539F87
145797: tfr      b,a             a1,x:(r2)-                  ; 545201
145798: cmp      x1,b            b1,x:$24                    ; 55246D
145799: subr     a,b             a0,y:$1e                    ; 581E0E
14579A: cmp      y1,b            x:(r7),a0                   ; 50E77D
14579B: mac      y0,x0,a         x:$24,b0                    ; 51A4D2
14579C: or       x1,b            x:(r4)+,b2                  ; 53DC6A
14579D: mac      y1,x1,a         x:$8,a1                     ; 5488F2
14579E: sub      x0,b            b1,x:(r4)-                  ; 55544C
14579F: mpy      x0,y1,a         a0,y:$33                    ; 5833C0
1457A0: dc       $513b0c                                     ; 513B0C
1457A1: dc       $51f24b                                     ; 51F24B
1457A2: cmpm     x0,a            a1,x:$17                    ; 541747
1457A3: cmp      a,b             x:$3e,a1                    ; 54BE0D
1457A4: mac      -x0,x0,b        x:$2,b1                     ; 55828E
1457A5: mpyr     y1,y0,a         a0,y:(r0)+n0                ; 5848B1
1457A6: mac      -x1,y0,b        x:$b,b0                     ; 518BEE
1457A7: or       x0,a            a2,x:$3d                    ; 523D42
1457A8: ror      b               a1,x:(r0)-                  ; 54502F
1457A9: dc       $54f160                                     ; 54F160
1457AA: neg      b               x:$2f,b1                    ; 55AF3E
1457AB: mpyr     -x1,y0,a        a0,y:(r4)+                  ; 585CE5
1457AC: nop                                                  ; 000000
1457AD: nop                                                  ; 000000
1457AE: nop                                                  ; 000000
1457AF: nop                                                  ; 000000
1457B0: nop                                                  ; 000000
1457B1: nop                                                  ; 000000
1457B2: dc       $7ff599                                     ; 7FF599
1457B3: dc       $7ff671                                     ; 7FF671
1457B4: mpyr     -x1,y0,b        y:-(r0),n7                  ; 7FF8ED
1457B5: macr     x1,x0,b         y:-(r1),n7                  ; 7FF9AB
1457B6: mpyr     x0,x0,b         y:-(r2),n7                  ; 7FFA89
1457B7: macr     y0,y0,b         y:-(r5),n7                  ; 7FFD9B
1457B8: macr     -y1,y0,b        x:$37,n7                    ; 77B7BF
1457B9: cmp      y1,b            n0,y:(r6)+                  ; 785E7D
1457BA: mpy      -y1,y0,b        n2,y:(r6)+n6                ; 7A4EBC
1457BB: macr     -x0,x0,a        y:(r4),n2                   ; 7AE487
1457BC: cmp      y1,a            y:$14,n3                    ; 7B9475
1457BD: eor      x0,b            n6,y:$b                     ; 7E0B4B
1457BE: mpyr     -y1,y0,b        n0,x:$1                     ; 7001BD
1457BF: mpyr     y0,x0,b         n1,x:$39                    ; 7139D9
1457C0: mpy      -y1,y0,a        x:(r4),n4                   ; 74E4B4
1457C1: dc       $760308                                     ; 760308
1457C2: cmpm     a,b             n7,x:(r5)-                  ; 77550F
1457C3: mpyr     -x0,x0,b        n4,y:$20                    ; 7C208D
1457C4: mpy      -y0,x0,a        y:(r2)+n2,r0                ; 68CAD4
1457C5: mac      -x1,x0,b        y:$1,r2                     ; 6A81AE
1457C6: mac      -y1,x1,b        y:$37,r7                    ; 6FB7FE
1457C7: asr      a               n1,x:(r3)-                  ; 715322
1457C8: tst      a               n3,x:$3b                    ; 733B03
1457C9: or       x0,a            n2,y:$3d                    ; 7A3D42
1457CA: macr     -y0,x0,a        r2,x:$a                     ; 620AD7
1457CB: macr     -x0,x0,b        r4,x:$2f                    ; 642F8F
1457CC: mpyr     -x1,y0,a        y:(r5)-n5,r2                ; 6AC5E5
1457CD: mpy      -y0,x0,b        y:(r2)-,r4                  ; 6CD2DC
1457CE: cmpm     b,a             r7,y:(r5)-n5                ; 6F4507
1457CF: cmp      x0,b            n0,y:(r1)                   ; 78614D
1457D0: subl     a,b             y:$3a,b2                    ; 5BBA1E
1457D1: cmpm     x1,b            a,y:$3d                     ; 5E3D6F
1457D2: mpyr     y0,x0,a         r6,x:$b                     ; 660BD1
1457D3: sub      y0,a            y:$0,r0                     ; 688054
1457D4: dc       $6b71e1                                     ; 6B71E1
1457D5: macr     y0,y0,a         x:$c,n6                     ; 768C93
1457D6: cmpm     y1,b            x:(r1)-,b1                  ; 55D17F
1457D7: macr     y0,y0,b         y:$25,a0                    ; 58A59B
1457D8: cmpm     x0,a            x:$7,r1                     ; 618747
1457D9: mpy      y1,y0,b         r4,x:(r1)+                  ; 6459B8
1457DA: sub      y0,b            x:(r0)-n0,r7                ; 67C05C
1457DB: macr     -y1,x1,a        x:$3e,n4                    ; 74BEF7
1457DC: cmpm     x0,a            a0,x:(r2)+n2                ; 504A47
1457DD: mpyr     y1,y0,b         b2,x:(r2)                   ; 5362B9
1457DE: macr     x1,y0,b         b1,y:$35                    ; 5D35EB
1457DF: eor      x0,b            r0,x:(r5)+                  ; 605D4B
1457E0: eor      y0,a            r4,x:$2f                    ; 642F53
1457E1: and      y0,b            x:-(r0),n2                  ; 72F85E
1457E2: asl      a               ba,l:<$1e                   ; 4B1E32
1457E3: macr     -y1,y0,b        y0,y:(r7+n7)                ; 4E6FBF
1457E4: cmpm     y1,a            b0,y:$15                    ; 591577
1457E5: tfr      x1,a            y:$9,a1                     ; 5C8961
1457E6: macr     -x1,x0,a        x:$3d,r0                    ; 60BDA7
1457E7: mpy      -x1,x0,b        n1,x:$38                    ; 7138AC
1457E8: add      x1,a            y0,x:(r7)-n7                ; 464760
1457E9: mpyr     y1,x1,a         l:(r7)-n7,b                 ; 49C7F1
1457EA: mpy      -x0,y1,a        b1,x:$23                    ; 5523C4
1457EB: sub      y0,b            y:(r4)+,a0                  ; 58DC5C
1457EC: sub      x0,a            b1,y:(r2+n2)                ; 5D6A44
1457ED: mac      -x0,y1,a        r7,y:-(r7)                  ; 6F7FC6
1457EE: cmp      y0,a            l:(r0)-n0,b10               ; 41C055
1457EF: mpyr     y0,x0,b         x1,x:(r6)                   ; 4566D9
1457F0: mac      -y1,y0,b        b0,x:(r6)+                  ; 515EBE
1457F1: mpy      -y1,y0,a        b1,x:(r4)-                  ; 5554B4
1457F2: adc      x,a             a2,y:$34                    ; 5A3421
1457F3: macr     y0,y0,a         y:(r5)+n5,r5                ; 6DCD93
1457F4: macr     -x1,y0,b        #$83,n5                     ; 3D83EF
1457F5: cmp      x0,a            b10,l:(r0)+n0               ; 414845
1457F6: cmp      x1,b            y:(r4)-n4,x1                ; 4DC46D
1457F7: mpy      -x1,y0,b        x:>$571a3d,b0               ; 51F0EC 571A3D
1457F9: macr     -y1,x1,a        r4,y:$21                    ; 6C21F7
1457FA: cmpm     y0,b            #$8d,n1                     ; 398D5F
1457FB: eor      x0,a            #$68,n5                     ; 3D6843
1457FC: mpy      -x1,y0,b        ab,l:(r2)-                  ; 4A52EC
1457FD: macr     -y0,y0,a        y:$2f,y0                    ; 4EAF97
1457FE: macr     -y0,y0,b        a1,x:$1b                    ; 541B9F
1457FF: macr     y0,x0,b         r2,y:-(r4)                  ; 6A7CDB
145800: abs      a               #$d8,r5                     ; 35D826
145801: subl     a,b             #$c3,n1                     ; 39C31E
145802: and      x1,b            y1,x:$8                     ; 47086E
145803: tfr      y0,b            l:<$f,ba                    ; 4B8F59
145804: add      y0,b            b0,x:$37                    ; 513758
145805: lsr      a               y:(r6)+,r0                  ; 68DE23
145806: cmpm     a,b             #$60,r2                     ; 32600F
145807: add      y0,b            #$55,r6                     ; 365558
145808: asl      b               l:(r3),y                    ; 43E33A
145809: mpy      x1,y0,a         l:<$e,a                     ; 488EE0
14580A: mpy      x0,x0,a         y0,y:(r4+n4)                ; 4E6C80
14580B: mpy      y1,y0,b         r7,x:(r5)-n5                ; 6745B8
14580C: lsr      b               #$21,b                      ; 2F212B
14580D: macr     -x1,x0,a        #$1b,r3                     ; 331BA7
14580E: macr     -x1,x0,a        l:(r1),a10                  ; 40E1A7
14580F: mac      x1,y0,b         x:$2c,x1                    ; 45ACEA
145810: rol      a               l:<$3a,ba                   ; 4BBA37
145811: mpyr     x0,x0,a         x:$33,r5                    ; 65B381
145812: macr     x0,y1,b         #$17,a1                     ; 2C17CB
145813: mpyr     -y1,x1,a        #$12,r0                     ; 3012F5
145814: sbc      x,a             #$2,n6                      ; 3E0225
145815: tfr      x0,a            l:(r0+n0),x                 ; 42E841
145816: mac      -x1,x0,a        b,l:<$1f                    ; 491FA6
145817: cmpm     x1,a            r4,x:$27                    ; 642767
145818: sub      y1,b            #$40,b0                     ; 29407C
145819: eor      y0,b            #$38,b1                     ; 2D385B
14581A: ror      b               #$43,n3                     ; 3B432F
14581B: mpy      -y1,y0,b        a10,l:<$3f                  ; 403FBC
14581C: mpy      -y1,x1,b        x:$1b,y0                    ; 469BFC
14581D: add      y0,a            x:$21,r2                    ; 62A150
14581E: cmpm     b,a             #$98,y0                     ; 269807
14581F: clr      b               #$89,a2                     ; 2A891B
145820: cmpm     y0,a            #$a3,n0                     ; 38A357
145821: sub      y,b             #$b2,n5                     ; 3DB23C
145822: add      y1,a            x0,x:$2e                    ; 442E70
145823: abs      a               r1,x:$21                    ; 612126
145824: cmp      x1,a            #$1b,x0                     ; 241B65
145825: mpy      -x1,x0,a        #$2,a0                      ; 2802A4
145826: lsl      b               #$21,r6                     ; 36213B
145827: macr     -x1,x0,b        #$3e,n3                     ; 3B3EAF
145828: rol      b               l:(r6)-,b10                 ; 41D63F
145829: macr     y0,x0,a         y:$26,b                     ; 5FA6D3
14582A: mac      -x0,y1,a        a,y1                        ; 21C7C6
14582B: mac      x0,x0,b         #$a2,x1                     ; 25A28A
14582C: macr     x0,x0,b         #$bb,r3                     ; 33BB8B
14582D: subr     a,b             #$e4,n0                     ; 38E40E
14582E: macr     -x1,x0,b        #$92,n7                     ; 3F92AF
14582F: neg      b               a,y:$32                     ; 5E323E
145830: mpy      -x0,x0,a        x:(r2)+,b       b,y1        ; 1F9A84
145831: macr     -x0,x0,a        n3,y0                       ; 236687
145832: dc       $317104                                     ; 317104
145833: eor      y0,b            #$a1,r6                     ; 36A15B
145834: dc       $3d6308                                     ; 3D6308
145835: eor      y0,a            y:(r3)-n3,a1                ; 5CC353
145836: adc      x,b             x:(r1)-,b       a,y1        ; 1D9129
145837: cmpm     y1,a            a2,a1                       ; 214C77
145838: sub      y1,a            #$40,b                      ; 2F4074
145839: macr     x1,x0,a         #$75,r4                     ; 3475A3
14583A: mpyr     -y0,y0,b        #$46,n3                     ; 3B469D
14583B: mac      y1,x1,b         b2,y:(r1)+                  ; 5B59FA
14583C: or       x1,a            x:(r1+n1),a     b,y1        ; 1BA962
14583D: and      y0,a            b,x1            b,y:(r2)-   ; 1F5256
14583E: mpyr     -y1,y0,a        #$28,b1                     ; 2D28B5
14583F: mpy      -y1,x1,b        #$5f,r2                     ; 325FFC
145840: mpy      -x0,y1,a        #$3c,n1                     ; 393CC4
145841: dc       $59f61f                                     ; 59F61F
145842: dc       $19e108                                     ; 19E108
145843: dc       $1d763f                                     ; 1D763F
145844: mpy      -x1,x0,b        #$28,b2                     ; 2B28AC
145845: macr     -x0,x0,a        #$5f,r0                     ; 305F87
145846: macr     y0,x0,b         #$44,r7                     ; 3744DB
145847: mpy      -x1,x0,b        y:$17,a0                    ; 5897AC
145848: dc       $183614                                     ; 183614
145849: dc       $1bb669                                     ; 1BB669
14584A: and      x0,b            #$3f,b0                     ; 293F4E
14584B: sub      x1,b            #$73,a                      ; 2E736C
14584C: or       x0,a            #$5e,r5                     ; 355E42
14584D: macr     x0,x0,b         b,x:$3e                     ; 573E8B
14584E: mac      x1,x0,a         x:(r6),x1       b,y0        ; 16A6A2
14584F: adc      x,b             a,x:(r1)-       b,y0        ; 1A1129
145850: mac      y0,y0,b         #$6b,y1                     ; 276B9A
145851: mpy      -y0,x0,b        #$9a,a1                     ; 2C9ADC
145852: eor      x1,a            #$88,r3                     ; 338863
145853: mpyr     x1,x0,b         x:(r2+n2),b1                ; 55EAA9
145854: macr     x1,y0,b         x1,x:>$1884e9   a,y1        ; 1530EB 1884E9
145856: macr     y0,y0,b         #$ac,x1                     ; 25AC9B
145857: rnd      a               #$d5,a2                     ; 2AD511
145858: mac      x1,x0,b         #$c2,r1                     ; 31C2AA
145859: mpyr     y1,x1,a         x:$1b,a1                    ; 549BF1
14585A: add      x0,b            a,x0            y:(r3)-,b   ; 13D348
14585B: abs      b               x1,x:(r0)-      b,y1        ; 17102E
14585C: cmp      x1,a            #$1,x0                      ; 240165
14585D: sub      x0,b            #$21,b0                     ; 29214C
14585E: mpyr     x0,x0,b         #$c,r0                      ; 300C89
14585F: cmpm     x0,b            b2,x:(r2)-                  ; 53524F
145860: sub      x,b             x:(r4)+n4,x0    b,y0        ; 128C2C
145861: dc       $15b194                                     ; 15B194
145862: rnd      b               r3,b0                       ; 226919
145863: mac      -y0,x0,a        #$7e,y1                     ; 277ED6
145864: and      y1,a            #$65,a                      ; 2E6576
145865: macr     -x1,x0,b        a2,x:$d                     ; 520DAF
145866: lsr      a               a,x0            y1,y:(r2)+  ; 115A23
145867: mpyr     x0,y1,b         a,x1            y0,y:(r7)   ; 1467C9
145868: dc       $20e2e1                                     ; 20E2E1
145869: macr     -y1,x1,b        #$ec,x1                     ; 25ECFF
14586A: macr     -x1,y0,b        #$cc,a1                     ; 2CCCEF
14586B: mac      -y1,x1,b        x:(r5)+n5,a0                ; 50CDFE
14586C: mac      y0,x0,a         x0,x:-(r3)      a,y0        ; 103BD2
14586D: dc       $133191                                     ; 133191
14586E: mpy      y1,x1,a         b,x1            b,y:(r5+n5) ; 1F6DF0
14586F: subl     a,b             #$6b,x0                     ; 246B1E
145870: or       y1,a            #$42,b2                     ; 2B4272
145871: adc      x,b             y:$13,y1                    ; 4F9329
145872: jsne     func_000ff3                                 ; 0F2FF3
145873: mpy      -x0,y1,a        x0,x:(r5)+n5    b,y0        ; 120DC4
145874: mac      x0,x0,a         b,x:(r1)+n1     b,y0        ; 1E0982
145875: mpyr     y0,y0,a         r7,n0                       ; 22F891
145876: mpy      -x0,x0,a        #$c5,b0                     ; 29C584
145877: sub      a,b             y0,y:(r5)+                  ; 4E5D1C
145878: jpl      func_000557                                 ; 0E3557
145879: or       x0,b            a,x0            y:-(r3),y0  ; 10FB4A
14587A: macr     y0,x0,b         #>$2194bb,b     a,y0        ; 1CB4DB 2194BB
14587C: macr     -x1,x0,b        #$55,a0                     ; 2855AF
14587D: mpyr     -x0,y1,a        x1,y:$2b                    ; 4D2BC5
14587E: dc       $0d4ae1                                     ; 0D4AE1
14587F: jsle     func_00091b                                 ; 0FF91B
145880: or       x0,b            b,x0            b,y:(r7+n7) ; 1B6F4A
145881: tfr      a,b             ifle.u                      ; 203F09
145882: and      y1,b            #$f2,y0                     ; 26F27E
145883: addl     b,a             l:-(r7),ba                  ; 4BFF12
145884: dc       $0c6f87                                     ; 0C6F87
145885: jscc     func_000640                                 ; 0F0640
145886: sub      x,a             a,x:-(r0)       b,y0        ; 1A3824
145887: dc       $1ef6e9                                     ; 1EF6E9
145888: macr     x0,x0,a         #$9b,x1                     ; 259B83
145889: mpyr     y1,x1,a         l:(r6)-,ab                  ; 4AD6F1
14588A: bchg     #$f,y:<<$ffffe2                             ; 0BA24F
14588B: jne      func_0001cf                                 ; 0E21CF
14588C: mpy      -x0,y1,a        a,x:(r6)+n6     a,y1        ; 190EC4
14588D: mac      y0,x0,a         x:-(r3),b       a,y1        ; 1DBBD2
14588E: or       y0,a            #$50,x0                     ; 245052
14588F: add      y0,a            l:<$33,b                    ; 49B350
145890: bclr     #$10,m2                                     ; 0AE250
145891: dc       $0d4aef                                     ; 0D4AEF
145892: dc       $17f28f                                     ; 17F28F
145893: rol      b               x:(r5)+n5,b     a,y0        ; 1C8D3F
145894: mpy      -x0,x0,a        n0,r0                       ; 231084
145895: max      a,b             l:<$14,a                    ; 48941D
145896: jset     #$11,x:$2e,func_0c80d1                      ; 0A2EB1 0C80D1
145898: mpy      y1,x1,a         a,x1            y:(r2),a    ; 16E2F0
145899: mpyr     y1,y0,a         b,x0            b,y:(r2+n2) ; 1B6AB1
14589A: mpy      -y1,y0,a        a,n3                        ; 21DBB4
14589B: add      x0,b            y1,x:-(r1)                  ; 477948
14589C: mpyr     -x1,x0,a        y0,b            b,y:(r6)-n6 ; 0986A5
14589D: dc       $0bc2b2                                     ; 0BC2B2
14589E: tfr      y0,b            a,x1            y:(r7)+,y1  ; 15DF59
14589F: macr     -x1,x0,b        b,x0            a,y:(r3)-   ; 1A53AF
1458A0: mac      x0,x0,a         x1,r1                       ; 20B182
1458A1: macr     -y1,y0,b        y0,x:(r2)                   ; 4662BF
1458A2: movep    p:(r1+n1),x:<<$ffffee                       ; 08E96E
1458A3: dc       $0b0fde                                     ; 0B0FDE
1458A4: add      x0,a            a,x1            y:(r7),y0   ; 14E740
1458A5: mac      x0,y1,a         b,x0            y1,y:(r7)-n7 ; 1947C2
1458A6: mpyr     y0,y0,a         x:(r1)-,b       b,y1        ; 1F9191
1458A7: or       y1,a            x1,x:(r0)-                  ; 455072
1458A8: movep    x:<<$ffffd8,p:(r6)-                         ; 085658
1458A9: jset     #$8,x:(r7),func_13fa24                      ; 0A67A8 13FA24
1458AB: eor      y1,b            b,x0            y0,y:(r6)-n6 ; 18467B
1458AC: mpyr     -x0,x0,a        b,x1            a,y:-(r3)   ; 1E7B85
1458AD: add      y0,a            x0,x:(r2)-n2                ; 444250
1458AE: move     p:(r4)+n4,ssl                               ; 07CCBD
1458AF: movep    p:(r1)+n1,y:<<$ffffee                       ; 09C96E
1458B0: mpy      x0,x0,b         x0,x:(r7)-      b,y1        ; 131788
1458B1: sub      x1,b            a,x1            b,y:(r7)+n7 ; 174F6C
1458B2: tfr      a,b             b,x1            y1,y:(r7+n7) ; 1D6F09
1458B3: or       x0,b            y,l:<$38                    ; 43384A
1458B4: movep    x:<<$ffff81,x:(r4)+n4                       ; 074C01
1458B5: mac      y0,y0,b         b,#>$123ef5     x0,b        ; 09349A 123EF5
1458B7: abs      b               a,x1            a,y:(r2)    ; 16622E
1458B8: mpyr     x0,y1,b         b,x1            y0,y:(r3+n3) ; 1C6BC9
1458B9: and      x0,b            x,l:<$32                    ; 42324E
1458BA: dor      #<$d3,>*+$8a89d                             ; 06D390 08A89C
1458BC: mac      y1,x1,b         a,x0            y1,y:(r7+n7) ; 116FFA
1458BD: cmp      y0,b            a,x1            y1,y:-(r6)  ; 157E5D
1458BE: dc       $1b7172                                     ; 1B7172
1458BF: and      x0,b            b10,l:<$30                  ; 41304E
1458C0: rep      #<$362                                      ; 0662E3
1458C1: mac      -x1,y0,b        a,x:(r4)        x0,a        ; 0824EE
1458C2: adc      x,b             x:(r2+n2),x0    a,y0        ; 10AA29
1458C3: mpyr     y0,y0,b         x:(r3),x1       a,y0        ; 14A399
1458C4: mac      -y1,y0,a        b,x0            a,y:-(r7)   ; 1A7FB6
1458C5: asl      b               a10,l:<$32                  ; 40323A
1458C6: move     y:-(r1),sr                                  ; 05F979
1458C7: move     p:<$29,r2                                   ; 07A912
1458C8: jsls     func_000d1c                                 ; 0FED1C
1458C9: macr     -x0,x0,a        a,x0            y:(r1)-,b   ; 13D187
1458CA: eor      x0,b            x:(r6)-,a       a,y1        ; 19964B
1458CB: addr     b,a             #$38,n7                     ; 3F3802
1458CC: blt      func_145846                                 ; 0596DA
1458CD: dc       $073491                                     ; 073491
1458CE: jspl     func_00086d                                 ; 0F386D
1458CF: mac      -x0,y1,b        x0,x:(r7)-n7    b,y1        ; 1307CE
1458D0: mac      -x1,y0,a        #>$3e4198,a     a,y0        ; 18B4E6 3E4198
1458D2: dc       $053a97                                     ; 053A97
1458D3: rep      #<$bc6                                      ; 06C6FB
1458D4: jcs      func_000bc0                                 ; 0E8BC0
1458D5: add      a,b             a,x0            a,y:(r6)-n6 ; 124618
1458D6: tfr      x0,a            a,x1            y:(r3)+,b   ; 17DB41
1458D7: mpyr     -x1,y0,b        #$4e,n5                     ; 3D4EED
1458D8: dc       $04e446                                     ; 04E446
1458D9: rep      #<$85f                                      ; 065FE8
1458DA: dc       $0de6b9                                     ; 0DE6B9
1458DB: maxm     a,b             x:(r4)+n4,x0    a,y1        ; 118C15
1458DC: add      a,b             x1,x:(r1)+n1    b,y1        ; 170918
1458DD: macr     y1,x1,a         #$5f,n4                     ; 3C5FF3
1458DE: bsclr    #$5,x:<<$ffff93,func_1a57d1                 ; 049385 05FEF3
1458E0: dc       $0d4901                                     ; 0D4901
1458E1: cmpm     y1,a            a,x0            y:(r1)+,y0  ; 10D977
1458E2: asr      b               x1,x:-(r6)      b,y0        ; 163E2A
1458E3: mac      y0,y0,b         #$74,n3                     ; 3B749A
1458E4: move     sr,y1                                       ; 0447F9
1458E5: bseq     func_1458c5                                 ; 05A3C0
1458E6: dc       $0cb245                                     ; 0CB245
1458E7: mac      y1,x1,a         x0,x:(r5+n5)    a,y0        ; 102DF2
1458E8: sbc      y,a             a,x1            y1,y:-(r2)  ; 157A35
1458E9: mac      -y0,x0,a        #$8c,n2                     ; 3A8CD6
1458EA: lua      (r1+$4),n4                                  ; 04014C
1458EB: dc       $054df8                                     ; 054DF8
1458EC: dc       $0c2237                                     ; 0C2237
1458ED: jscs     func_00093d                                 ; 0F893D
1458EE: mac      -y1,x1,b        x:-(r4),x1      a,y0        ; 14BCFE
1458EF: macr     -y0,y0,a        #$a8,n1                     ; 39A897
1458F0: dc       $03bf2d                                     ; 03BF2D
1458F1: dc       $04fd49                                     ; 04FD49
1458F2: jsclr    #$a,x:<<$ffffd8,func_0eeb15                 ; 0B988A 0EEB15
1458F4: tfr      x0,b            x1,x:(r6)-n6    a,y0        ; 140649
1458F5: mpyr     y0,x0,a         #$c7,n0                     ; 38C7D1
1458F6: tcs      y0,a r1,r2                                  ; 038152
1458F7: brset    #$4,y:<<$ffffb1,func_1f6dee                 ; 04B164 0B14F7
1458F9: jec      func_000335                                 ; 0E5335
1458FA: mpy      -y0,x0,b        a,x0            b,y:(r5)-   ; 1355DC
1458FB: and      y1,a            #$ea,r7                     ; 37EA76
1458FC: tnn      y1,a r7,r3                                  ; 034773
1458FD: dc       $046a01                                     ; 046A01
1458FE: dc       $0a9738                                     ; 0A9738
1458FF: dc       $0dc15f                                     ; 0DC15F
145900: mpyr     x0,x0,a         x:(r3+n3),x0    b,y0        ; 12AB81
145901: add      y1,b            #$10,r7                     ; 371078
145902: tge      x0,b r1,r7                                  ; 03114F
145903: lua      (r6-$33),n3                                 ; 0426DB
145904: bclr     #$b,x:$1f                                   ; 0A1F0B
145905: dc       $0d3554                                     ; 0D3554
145906: tfr      b,a             x0,x:(r7)-n7    b,y0        ; 120701
145907: mac      x0,y1,b         #$39,r6                     ; 3639CA
145908: move     b0,y:(r6+$36)                               ; 02DEA9
145909: dc       $03e7b3                                     ; 03E7B3
14590A: add      y,a             y0,b            b,y:(r4+n4) ; 09AC30
14590B: dc       $0caedb                                     ; 0CAEDB
14590C: asr      b               a,x0            y1,y:(r0+n0) ; 11682A
14590D: tfr      x1,a            #$66,r5                     ; 356661
14590E: teq      r7,r7                                       ; 02AF47
14590F: teq      x0,b r4,r3                                  ; 03AC4B
145910: cmp      x1,b            b,x:-(r6)       x0,b        ; 093E6D
145911: dc       $0c2db9                                     ; 0C2DB9
145912: mac      x0,y1,b         a,x0            y:(r6)+n6,y0 ; 10CECA
145913: abs      b               #$96,r4                     ; 34962E
145914: dc       $0282f3                                     ; 0282F3
145915: tgt      x1,b r4,r2                                  ; 03746A
145916: movep    x:(r5)-,x:<<$ffffc6                         ; 08D586
145917: dc       $0bb1ba                                     ; 0BB1BA
145918: mpy      y1,y0,a         x0,x:-(r2)      a,y0        ; 103AB0
145919: sbc      x,a             #$c9,r3                     ; 33C925
14591A: tec      r1,r3                                       ; 02597B
14591B: move     x:(r7-$31),b2                               ; 033FDB
14591C: dc       $087146                                     ; 087146
14591D: jsset    #$8,x:$3a,func_0fabae                       ; 0B3AA8 0FABAE
14591F: lsl      b               #$ff,r2                     ; 32FF3B
145920: move     b,y:(r2+$c)                                 ; 0232AF
145921: tcc      x1,b r6,r4                                  ; 030E6C
145922: and      y1,a            a,x:(r1)-       x0,a        ; 081176
145923: bclr     #$12,a0                                     ; 0AC852
145924: jsne     func_000197                                 ; 0F2197
145925: eor      x1,a            #$38,r2                     ; 323863
145926: tcc      r6,r3                                       ; 020E63
145927: move     a1,y:(r7+$37)                               ; 02DFEC
145928: dc       $07b5e5                                     ; 07B5E5
145929: jclr     #$8,x:(r2)+,func_0e9c41                     ; 0A5A88 0E9C41
14592B: mpyr     y0,y0,a         #$74,r1                     ; 317491
14592C: dc       $01ec6f                                     ; 01EC6F
14592D: dc       $02b42f                                     ; 02B42F
14592E: movep    x:<<$ffffa3,y:(r6)+                         ; 075E63
14592F: movep    sc,y:<<$ffffda                              ; 09F11A
145930: jge      func_000b80                                 ; 0E1B80
145931: mpyr     y1,y0,b         #$b3,r0                     ; 30B3B9
145932: move     #$58,n6                                     ; 3E5800
145933: move     #$0,x0                                      ; 240000
145934: lua      (r6)+n6,r0                                  ; 044E10
145935: move     #$18,n6                                     ; 3E1800
145936: move     #$0,x1                                      ; 250000
145937: lua      (r6)+n6,r1                                  ; 044E11
145938: rep      #<$30                                       ; 0630A0
145939: move     x0,x:(r0)+                                  ; 445800
14593A: rep      #<$f                                        ; 060FA0
14593B: move     x,l:(r1)+                                   ; 425900
14593C: move     x0,x:$c                                     ; 440C00
14593D: move     x0,x:$f                                     ; 440F00
14593E: move     #>$88,x0                                    ; 44F400 000088
145940: move     x0,y:(r6+$27)                               ; 029EE4
145941: move     #>$80,x0                                    ; 44F400 000080
145943: move     x0,y:(r6+$2d)                               ; 02B6E4
145944: move     #>$14a000,x0                                ; 44F400 14A000
145946: move     x0,x:(r6+$d)                                ; 0236C4
145947: move     x0,x:(r6+$10)                               ; 024684
145948: rts                                                  ; 00000C
145949: rts                                                  ; 00000C
14594A: move     #>$6000,x0                                  ; 44F400 006000
14594C: move     x:(r6-$27),b                                ; 0366DF
14594D: cmp      x0,b                                        ; 20004D
14594E: tfr      x0,b            ifgt                        ; 202749
14594F: move     a,l:?:>$40                                  ; 487000 000040
145951: move     b,y:$24                                     ; 5F2400
145952: move     #>$80,x1                                    ; 45F400 000080
145954: move     #$80,r0                                     ; 308000
145955: move     y:$24,a                                     ; 5EA400
145956: lua      (r6+$22),r4                                 ; 041624
145957: move     #$c8,r5                                     ; 35C800
145958: move     #>$1407ff,r2                                ; 62F400 1407FF
14595A: move     a,x:(r0)+                                   ; 565800
14595B: move     #>$140000,r3                                ; 63F400 140000
14595D: move     #$80,r0                                     ; 308000
14595E: move     #$c0,r1                                     ; 31C000
14595F: move     #>$17a6,y0                                  ; 46F400 0017A6
145961: move     #>$56982b,y1                                ; 47F400 56982B
145963: move     x:(r0)+,a                                   ; 56D800
145964: asr      #$b,a,b                                     ; 0C1C17
145965: and      #>$7ff,a                                    ; 0140C6 0007FF
145967: neg      a               a1,n3                       ; 219B36
145968: move     b,x0                                        ; 21E400
145969: move     a1,n2                                       ; 219A00
14596A: move     x:(r3+n3),b                                 ; 57EB00
14596B: asr      #$c,b,b                                     ; 0C1C99
14596C: move     x:(r2+n2),a                                 ; 56EA00
14596D: asr      x0,a,a                                      ; 0C1E68
14596E: asl      x0,b,b                                      ; 0C1E59
14596F: move     a,x0                                        ; 21C400
145970: mpy      y0,x0,a         b,x0                        ; 21E4D0
145971: mpy      x0,y1,b         l:(r4),x                    ; 42E4C8
145972: move     a,l:(r1)                                    ; 486100
145973: move     b,l:(r4)                                    ; 496400
145974: move     x,l:(r5)+                                   ; 425D00
145975: move     #$0,r7                                      ; 370000
145976: move     y:(r6+$5),y0                                ; 0216F6
145977: mpyri    #>$80,y0,a                                  ; 0141D1 000080
145979: mpyri    #>$40,y0,b                                  ; 0141D9 000040
14597B: move     a,y:(r7)+                                   ; 5E5F00
14597C: move     b,y:(r7)+                                   ; 5F5F00
14597D: move     a,y:(r7)+                                   ; 5E5F00
14597E: move     b,y:(r7)+                                   ; 5F5F00
14597F: move     #$0,r7                                      ; 370000
145980: move     l:(r4)+,x                                   ; 42DC00
145981: move     y:(r7)+,r0                                  ; 68DF00
145982: do       #<$2,>$145993                               ; 060280 145992
145984: move     x:(r0+$101bfb),y0                           ; 0A70C6 101BFB
145986: move     x:(r0+$101cfb),y1                           ; 0A70C7 101CFB
145988: mpysu    y0,x0,a                                     ; 012785
145989: dmac     su y0,x1,a                                  ; 01258E
14598A: asl      a               y:(r7)+,r0                  ; 68DF32
14598B: mpysu    y1,x0,b                                     ; 0127AC
14598C: dmac     su y1,x1,b                                  ; 0125A7
14598D: asl      b               l:(r4),y                    ; 43E43A
14598E: move     a,l:(r4)+                                   ; 485C00
14598F: move     y,l:(r5)+                                   ; 435D00
145990: move     l:(r4),y                                    ; 43E400
145991: move     b,l:(r4)+                                   ; 495C00
145992: move     y,l:(r5)+                                   ; 435D00
145993: move     l:(r1)+,x                                   ; 42D900
145994: do       #<$2,>$1459a2                               ; 060280 1459A1
145996: move     x:(r0+$101b7b),y0                           ; 0A70C6 101B7B
145998: move     x:(r0+$101c7b),y1                           ; 0A70C7 101C7B
14599A: mpysu    y0,x0,a                                     ; 012785
14599B: dmac     su y0,x1,a                                  ; 01258E
14599C: asl      a               y:(r7)+,r0                  ; 68DF32
14599D: mpysu    y1,x0,b                                     ; 0127AC
14599E: dmac     su y1,x1,b                                  ; 0125A7
14599F: asl      b                                           ; 20003A
1459A0: move     a,l:(r1)+                                   ; 485900
1459A1: move     b,l:(r1)+                                   ; 495900
1459A2: move     #$c8,r3                                     ; 33C800
1459A3: move     #$c0,r0                                     ; 30C000
1459A4: lua      (r6+$18),r2                                 ; 040E82
1459A5: move     x:(r6+$22),x1                               ; 028E95
1459A6: move     x:(r3),a                                    ; 56E300
1459A7: cmp      x1,a                                        ; 200065
1459A8: beq      int_1459ba                                  ; 05A412
1459A9: move     #>$18,x1                                    ; 45F400 000018
1459AB: move     l:(r0)+,y                                   ; 43D800
1459AC: do       #<$5,>$1459ba                               ; 060580 1459B9
1459AE: move     x:(r3)+,x0                                  ; 44DB00
1459AF: mpysu    x0,y0,a                                     ; 01278D
1459B0: dmac     su x0,y1,a                                  ; 012584
1459B1: clb      a,b                                         ; 0C1E01
1459B2: normf    b1,a                                        ; 0C1E26
1459B3: neg      b               l:(r2),y                    ; 43E23E
1459B4: sub      x1,b            a,x0                        ; 21C46C
1459B5: mpysu    x0,y0,a                                     ; 01278D
1459B6: dmac     su x0,y1,a                                  ; 012584
1459B7: normf    b1,a                                        ; 0C1E26
1459B8: move     l:(r0)+,y                                   ; 43D800
1459B9: move     a,l:(r2)+                                   ; 485A00
1459BA: move     #>$a05bc,x0                                 ; 44F400 0A05BC
1459BC: move     x0,x:(r6-$1d)                               ; 038EC4
1459BD: move     y:(r6+$4),y0                                ; 0216B6
1459BE: mpyi     #>$1d41d,y0,a                               ; 0141D0 01D41D
1459C0: move     #>$1d41d,b                                  ; 57F400 01D41D
1459C2: move     b,y:$21                                     ; 5F2100
1459C3: move     y:(r6+$8),y0                                ; 0226B6
1459C4: maci     #>$ebe67,y0,b                               ; 0141DA 0EBE67
1459C6: move     a,y:$22                                     ; 5E2200
1459C7: move     a,y0                                        ; 21C600
1459C8: move     y:(r6+$6),y1                                ; 021EB7
1459C9: mpy      y1,y0,a                                     ; 2000B0
1459CA: move     b,y:$20                                     ; 5F2000
1459CB: move     a,y:$23                                     ; 5E2300
1459CC: move     y:(r6+$9),y1                                ; 0226F7
1459CD: mpyi     #>$80000,y1,a                               ; 0141F0 080000
1459CF: move     y:(r6+$a),y1                                ; 022EB7
1459D0: mpyi     #>$80000,y1,b                               ; 0141F8 080000
1459D2: move     a,y:(r6+$e)                                 ; 023EAE
1459D3: move     b,y:(r6+$11)                                ; 0246EF
1459D4: move     l:?:>$c0,x                                  ; 42F000 0000C0
1459D6: move     x:(r6+$18),b                                ; 02669F
1459D7: move     y:(r6+$18),b0                               ; 0266B9
1459D8: move     #$0,r1                                      ; 310000
1459D9: jsr      func_0003e0                                 ; 0D03E0
1459DA: move     b1,x:(r6+$18)                               ; 02668D
1459DB: move     b0,y:(r6+$18)                               ; 0266A9
1459DC: move     #$80,r7                                     ; 378000
1459DD: move     #$1,m7                                      ; 0501A7
1459DE: move     #>$40,x0                                    ; 44F400 000040
1459E0: move     y:$20,y0                                    ; 4EA000
1459E1: move     y0,y:(r7)+                                  ; 4E5F00
1459E2: move     y:$21,y0                                    ; 4EA100
1459E3: move     y0,y:(r7)                                   ; 4E6700
1459E4: move     y:(r6+$27),a                                ; 029EFE
1459E5: move     r6,r0                                       ; 22D000
1459E6: move     r6,r3                                       ; 22D300
1459E7: move     a,n0                                        ; 21D800
1459E8: add      #<$10,a                                     ; 015080
1459E9: cmp      #>$98,a                                     ; 0140C5 000098
1459EB: sub      x0,a            ifeq                        ; 202A44
1459EC: move     a,y:(r6+$27)                                ; 029EEE
1459ED: move     a,n3                                        ; 21DB00
1459EE: move     y:(r6+$2d),r7                               ; 0B76D7 00002D
1459F0: move     (r0)+n0                                     ; 204800
1459F1: move     #$0,x1                                      ; 250000
1459F2: rep      #<$10                                       ; 0610A0
1459F3: move     x1,x:(r0)+                                  ; 455800
1459F4: move     (r3)+n3                                     ; 204B00
1459F5: jsr      func_0003aa                                 ; 0D03AA
1459F6: move     r7,y:(r6+$2d)                               ; 0B7697 00002D
1459F8: move     l:?:>$c1,x                                  ; 42F000 0000C1
1459FA: move     x:(r6+$19),b                                ; 0266DF
1459FB: move     y:(r6+$19),b0                               ; 0266F9
1459FC: move     #$0,r1                                      ; 310000
1459FD: jsr      func_0003e0                                 ; 0D03E0
1459FE: move     b1,x:(r6+$19)                               ; 0266CD
1459FF: move     b0,y:(r6+$19)                               ; 0266E9
145A00: move     y:$22,y0                                    ; 4EA200
145A01: move     y0,y:(r7)+                                  ; 4E5F00
145A02: move     y0,y:(r7)+                                  ; 4E5F00
145A03: jsr      func_0003aa                                 ; 0D03AA
145A04: move     l:?:>$c2,x                                  ; 42F000 0000C2
145A06: move     x:(r6+$1a),b                                ; 026E9F
145A07: move     y:(r6+$1a),b0                               ; 026EB9
145A08: move     #$0,r1                                      ; 310000
145A09: jsr      func_0003e0                                 ; 0D03E0
145A0A: move     b1,x:(r6+$1a)                               ; 026E8D
145A0B: move     b0,y:(r6+$1a)                               ; 026EA9
145A0C: jsr      func_0003aa                                 ; 0D03AA
145A0D: move     l:?:>$c3,x                                  ; 42F000 0000C3
145A0F: move     x:(r6+$1b),b                                ; 026EDF
145A10: move     y:(r6+$1b),b0                               ; 026EF9
145A11: move     #$0,r1                                      ; 310000
145A12: jsr      func_0003e0                                 ; 0D03E0
145A13: move     b1,x:(r6+$1b)                               ; 026ECD
145A14: move     b0,y:(r6+$1b)                               ; 026EE9
145A15: move     y:$23,y0                                    ; 4EA300
145A16: move     y0,y:(r7)+                                  ; 4E5F00
145A17: move     y0,y:(r7)+                                  ; 4E5F00
145A18: jsr      func_0003aa                                 ; 0D03AA
145A19: move     l:?:>$c4,x                                  ; 42F000 0000C4
145A1B: move     x:(r6+$1c),b                                ; 02769F
145A1C: move     y:(r6+$1c),b0                               ; 0276B9
145A1D: move     #$0,r1                                      ; 310000
145A1E: jsr      func_0003e0                                 ; 0D03E0
145A1F: move     b1,x:(r6+$1c)                               ; 02768D
145A20: move     b0,y:(r6+$1c)                               ; 0276A9
145A21: jsr      func_0003aa                                 ; 0D03AA
145A22: move     #>$ffffff,m7                                ; 05F427 FFFFFF
145A24: move     y:$24,x1                                    ; 4DA400
145A25: mpyi     #>$15555,x1,a                               ; 0141E0 015555
145A27: sub      #<$14,a                                     ; 015484
145A28: clr      a               ifmi                        ; 202B13
145A29: move     a1,r2                                       ; 219200
145A2A: move     a0,y0                                       ; 210600
145A2B: move     #>$7eb852,x1                                ; 45F400 7EB852
145A2D: move     x:(r2+$143d06),x0                           ; 0A72C4 143D06
145A2F: move     x:(r2+$143d07),y1                           ; 0A72C7 143D07
145A31: mpysu    y1,y0,a                                     ; 012783
145A32: macsu    -x0,y0,a                                    ; 01269D
145A33: asr      a                                           ; 200022
145A34: add      x0,a                                        ; 200040
145A35: move     y:(r6+$2e),y1                               ; 02BEB7
145A36: move     a,y:(r6+$2e)                                ; 02BEAE
145A37: move     r3,r0                                       ; 227000
145A38: move     #$0,r1                                      ; 310000
145A39: move     #>$ffffff,m0                                ; 05F420 FFFFFF
145A3B: move     m0,m1                                       ; 0461A0
145A3C: move     x:(r6+$1f),a                                ; 027EDE
145A3D: move     x:(r0)+,x0                                  ; 44D800
145A3E: do       #<$10,>$145a42                              ; 061080 145A41
145A40: mac      x1,x0,a         a,x:(r1)+       a,y0        ; 1819A2
145A41: mac      -y1,y0,a        x:(r0)+,x0                  ; 44D8B6
145A42: move     a,x:(r6+$1f)                                ; 027ECE
145A43: move     y:$24,x1                                    ; 4DA400
145A44: mpyi     #>$b3333,x1,a                               ; 0141E0 0B3333
145A46: add      #>$ffff80,a                                 ; 0140C0 FFFF80
145A48: clr      a               ifmi                        ; 202B13
145A49: move     #>$63f,x0                                   ; 44F400 00063F
145A4B: cmp      x0,a                                        ; 200045
145A4C: tfr      x0,a            ifgt                        ; 202741
145A4D: move     x:(r6+$2e),r2                               ; 0A76D2 00002E
145A4F: move     a,x:(r6+$2e)                                ; 02BE8E
145A50: move     #>$7fffff,a                                 ; 56F400 7FFFFF
145A52: move     x:(r2+$1435c6),x1                           ; 0A72C5 1435C6
145A54: sub      x1,a            a,x0                        ; 21C464
145A55: add      x0,a                                        ; 200040
145A56: asr      a                                           ; 200022
145A57: move     #$0,r0                                      ; 300000
145A58: move     r0,r1                                       ; 221100
145A59: move     a,y1                                        ; 21C700
145A5A: move     x:(r6+$1d),a                                ; 0276DE
145A5B: move     y:(r6+$1e),x0                               ; 027EB4
145A5C: asl      #$3,a,b                                     ; 0C1D07
145A5D: do       #<$10,>$145a63                              ; 061080 145A62
145A5F: mac      -x0,y1,a        x:(r0)+,x0      a,y0        ; 1098C6
145A60: mac      x0,y1,a                                     ; 2000C2
145A61: mac      -x1,y0,a        b,x:(r1)+                   ; 5759E6
145A62: asl      #$3,a,b                                     ; 0C1D07
145A63: move     x0,y:(r6+$1e)                               ; 027EA4
145A64: move     a,x:(r6+$1d)                                ; 0276CE
145A65: move     #>$17c6f9,x0                                ; 44F400 17C6F9
145A67: move     l:?:>$40,y                                  ; 43F000 000040
145A69: mpysu    x0,y0,b                                     ; 0127AD
145A6A: dmac     ss x0,y1,b                                  ; 0124A4
145A6B: lua      (r6+$c),r5                                  ; 0406C5
145A6C: move     b,l:?:>$40                                  ; 497000 000040
145A6E: do       #<$2,>$145aa9                               ; 060280 145AA8
145A70: move     l:?:>$40,a                                  ; 48F000 000040
145A72: asr      a                                           ; 200022
145A73: move     l:(r5),b                                    ; 49E500
145A74: move     a,l:?:>$40                                  ; 487000 000040
145A76: move     a,l:(r5)+                                   ; 485D00
145A77: sub      b,a                                         ; 200014
145A78: asr      #$4,a,a                                     ; 0C1C08
145A79: move     #$10,r1                                     ; 311000
145A7A: move     a1,y1                                       ; 218700
145A7B: move     a0,y0                                       ; 210600
145A7C: tfr      b,a                                         ; 200001
145A7D: move     l:(r5),b                                    ; 49E500
145A7E: move     #>$1fff,x0                                  ; 44F400 001FFF
145A80: move     #>$14a000,x1                                ; 45F400 14A000
145A82: do       #<$10,>$145a88                              ; 061080 145A87
145A84: add      y,a                                         ; 200030
145A85: add      a,b             b,l:(r1)+                   ; 495918
145A86: and      x0,b                                        ; 20004E
145A87: add      x1,b                                        ; 200068
145A88: move     #$10,r1                                     ; 311000
145A89: move     r1,r4                                       ; 223400
145A8A: move     b1,x:(r5)                                   ; 556500
145A8B: move     b0,y:(r5)+                                  ; 595D00
145A8C: move     x:(r1)+,r2                                  ; 62D900
145A8D: move     #>$1fff,m2                                  ; 05F422 001FFF
145A8F: move     m2,m0                                       ; 0460A2
145A90: move     #$0,r3                                      ; 330000
145A91: move     y:(r5)+,y1                                  ; 4FDD00
145A92: move     y:(r4)+,y0                                  ; 4EDC00
145A93: move     x:(r2)+,x1                                  ; 45DA00
145A94: move     x:(r1)+,r0                                  ; 60D900
145A95: do       #<$8,>$145aa5                               ; 060880 145AA4
145A97: mpysu    -x1,y0,a                                    ; 012796
145A98: add      x1,a            x:(r2),x0                   ; 44E260
145A99: add      x1,a            x:(r1)+,r2                  ; 62D960
145A9A: macsu    x0,y0,a                                     ; 01268D
145A9B: asr      a               x:(r0)+,x1      y:(r4)+,y0  ; F49822
145A9C: mpysu    -x1,y0,b                                    ; 0127B6
145A9D: add      x1,b            x:(r0),x0                   ; 44E068
145A9E: add      x1,b            x:(r1)+,r0                  ; 60D968
145A9F: macsu    x0,y0,b                                     ; 0126AD
145AA0: asr      b               x:(r3)+,a       a,y0        ; 189B2A
145AA1: mac      y1,y0,a         x:(r3)-,b       b,y0        ; 1E93B2
145AA2: mac      x0,y1,b         x:(r2)+,x1      y:(r4)+,y0  ; F49ACA
145AA3: move     a,x:(r3)+                                   ; 565B00
145AA4: move     b,x:(r3)+                                   ; 575B00
145AA5: move     #>$ffffff,m0                                ; 05F420 FFFFFF
145AA7: move     #>$ffffff,m2                                ; 05F422 FFFFFF
145AA9: move     #>$100,r7                                   ; 67F400 000100
145AAB: move     #$0,r0                                      ; 300000
145AAC: move     x:(r0)+,a                                   ; 56D800
145AAD: move     x:(r0)+,b                                   ; 57D800
145AAE: do       #<$8,>$145ab4                               ; 060880 145AB3
145AB0: move     a,y:(r7)+                                   ; 5E5F00
145AB1: move     x:(r0)+,a       a,y:(r7)+                   ; BAF800
145AB2: move     b,y:(r7)+                                   ; 5F5F00
145AB3: move     x:(r0)+,b       b,y:(r7)+                   ; BFF800
145AB4: rts                                                  ; 00000C
145AB5: move     #$58,n6                                     ; 3E5800
145AB6: move     #$0,x0                                      ; 240000
145AB7: move     #$0,x1                                      ; 250000
145AB8: lua      (r6)+n6,r0                                  ; 044E10
145AB9: lua      (r6+$23),r1                                 ; 041631
145ABA: do       #<$30,>$145abd                              ; 063080 145ABC
145ABC: move     x0,x:(r0)+                                  ; 445800
145ABD: do       #<$c,>$145ac0                               ; 060C80 145ABF
145ABF: move     x,l:(r1)+                                   ; 425900
145AC0: move     #>$88,x0                                    ; 44F400 000088
145AC2: move     x0,y:(r6+$1a)                               ; 026EA4
145AC3: move     #>$80,x0                                    ; 44F400 000080
145AC5: move     x0,y:(r6+$1b)                               ; 026EE4
145AC6: move     x0,y:(r6+$1c)                               ; 0276A4
145AC7: move     x0,y:(r6+$1d)                               ; 0276E4
145AC8: move     x0,y:(r6+$1e)                               ; 027EA4
145AC9: move     #>$c0,x0                                    ; 44F400 0000C0
145ACB: move     x0,y:(r6+$1f)                               ; 027EE4
145ACC: move     x0,y:(r6+$20)                               ; 0286A4
145ACD: move     x0,y:(r6+$21)                               ; 0286E4
145ACE: move     x0,y:(r6+$22)                               ; 028EA4
145ACF: move     #>$7f5c29,x0                                ; 44F400 7F5C29
145AD1: move     x0,x:(r6+$37)                               ; 02DEC4
145AD2: clr      a               #>$147ae,x0                 ; 44F413 0147AE
145AD4: move     x0,y:(r6+$37)                               ; 02DEE4
145AD5: move     a,x:(r6+$31)                                ; 02C6CE
145AD6: move     a,y:(r6+$34)                                ; 02D6AE
145AD7: move     a,y:(r6+$32)                                ; 02CEAE
145AD8: move     #>$114000,a0                                ; 50F400 114000
145ADA: move     y:>$124,x1                                  ; 4DF000 000124
145ADC: maci     #>$2000,x1,a                                ; 0141E2 002000
145ADE: move     #$80,x0                                     ; 248000
145ADF: move     a0,y:(r6+$36)                               ; 02DEA8
145AE0: move     x0,x:(r6+$30)                               ; 02C684
145AE1: rts                                                  ; 00000C
145AE2: rts                                                  ; 00000C
145AE3: move     #>$800,x1                                   ; 45F400 000800
145AE5: move     #>$4d55,x0                                  ; 44F400 004D55
145AE7: move     x:(r6-$27),a                                ; 0366DE
145AE8: cmp      x0,a                                        ; 200045
145AE9: tfr      x0,a ifge                                   ; 202141
145AEA: sub      x1,a                                        ; 200064
145AEB: clr      a               ifmi                        ; 202B13
145AEC: move     #>$17a6,y0                                  ; 46F400 0017A6
145AEE: move     #>$56982b,y1                                ; 47F400 56982B
145AF0: asr      #$b,a,b                                     ; 0C1C17
145AF1: and      #>$7ff,a                                    ; 0140C6 0007FF
145AF3: neg      a               a1,r3                       ; 219336
145AF4: move     b,x0                                        ; 21E400
145AF5: move     a1,r2                                       ; 219200
145AF6: move     x:(r3+$140000),b                            ; 0A73CF 140000
145AF8: asr      #$c,b,b                                     ; 0C1C99
145AF9: asl      x0,b,b                                      ; 0C1E59
145AFA: move     x:(r2+$1407ff),a                            ; 0A72CE 1407FF
145AFC: move     b,x1                                        ; 21E500
145AFD: asr      x0,a,a                                      ; 0C1E68
145AFE: move     a,x0                                        ; 21C400
145AFF: mpyi     #>$17a6,x0,a                                ; 0141C0 0017A6
145B01: mpyi     #>$56982b,x1,b                              ; 0141E8 56982B
145B03: move     #$c0,r0                                     ; 30C000
145B04: lua      (r6+$2a),r1                                 ; 0416A1
145B05: move     #$c8,r5                                     ; 35C800
145B06: move     #$8c,r7                                     ; 378C00
145B07: move     a,l:<$0                                     ; 480000
145B08: move     b,l:<$1                                     ; 490100
145B09: move     #>$2000,x1                                  ; 45F400 002000
145B0B: lua      (r6+$4),r4                                  ; 040644
145B0C: move     #>$101a7b,r2                                ; 62F400 101A7B
145B0E: move     #>$101afb,r3                                ; 63F400 101AFB
145B10: move     #>$80,x1                                    ; 45F400 000080
145B12: move     l:(r1),y                                    ; 43E100
145B13: move     b,l:(r1)+                                   ; 495900
145B14: move     a,l:(r0)+                                   ; 485800
145B15: do       #<$3,>$145b2a                               ; 060380 145B29
145B17: move     y:(r4)+,x0                                  ; 4CDC00
145B18: mpy      x1,x0,a                                     ; 2000A0
145B19: move     a1,n2                                       ; 219A00
145B1A: move     y,l:(r5)+                                   ; 435D00
145B1B: move     a1,n3                                       ; 219B00
145B1C: move     l:<$0,y                                     ; 438000
145B1D: move     x:(r2+n2),x0                                ; 44EA00
145B1E: mpysu    x0,y0,a                                     ; 01278D
145B1F: dmac     ss x0,y1,a                                  ; 012484
145B20: move     x:(r3+n3),x0                                ; 44EB00
145B21: move     l:<$1,y                                     ; 438100
145B22: mpysu    x0,y0,b                                     ; 0127AD
145B23: dmac     ss x0,y1,b                                  ; 0124A4
145B24: move     x0,y:(r7)+                                  ; 4C5F00
145B25: asl      #$2,b,b                                     ; 0C1D85
145B26: asl      #$2,a,a                                     ; 0C1D04
145B27: move     a,l:(r0)+                                   ; 485800
145B28: move     l:(r1),y                                    ; 43E100
145B29: move     b,l:(r1)+                                   ; 495900
145B2A: move     y,l:(r5)+                                   ; 435D00
145B2B: move     #$a0,r4                                     ; 34A000
145B2C: move     #$c0,r0                                     ; 30C000
145B2D: move     #>$147ae,b                                  ; 57F400 0147AE
145B2F: move     y:(r6+$8),y0                                ; 0226B6
145B30: maci     #>$7d70a4,y0,b                              ; 0141DA 7D70A4
145B32: move     b,y0                                        ; 21E600
145B33: move     l:(r0),x                                    ; 42E000
145B34: do       #<$4,>$145b3c                               ; 060480 145B3B
145B36: move     l:(r0)+,b                                   ; 49D800
145B37: mpysu    y0,x0,a                                     ; 012785
145B38: dmac     ss y0,x1,a                                  ; 01248E
145B39: sub      a,b             l:(r0),x                    ; 42E01C
145B3A: move     a,l:(r4)+                                   ; 485C00
145B3B: move     b,l:(r4)+                                   ; 495C00
145B3C: move     #$c8,r3                                     ; 33C800
145B3D: move     #$c0,r0                                     ; 30C000
145B3E: lua      (r6+$23),r2                                 ; 041632
145B3F: lua      (r6+$2a),r1                                 ; 0416A1
145B40: move     #>$18,x1                                    ; 45F400 000018
145B42: move     l:(r0)+,y                                   ; 43D800
145B43: do       #<$4,>$145b56                               ; 060480 145B55
145B45: move     x:(r3),x0                                   ; 44E300
145B46: mpysu    x0,y0,a                                     ; 01278D
145B47: dmac     su x0,y1,a                                  ; 012584
145B48: clb      a,b                                         ; 0C1E01
145B49: normf    b1,a                                        ; 0C1E26
145B4A: neg      b               l:(r2),y                    ; 43E23E
145B4B: sub      x1,b            a,x0                        ; 21C46C
145B4C: mpysu    x0,y0,a                                     ; 01278D
145B4D: dmac     su x0,y1,a                                  ; 012584
145B4E: normf    b1,a                                        ; 0C1E26
145B4F: move     x:(r1)+,b                                   ; 57D900
145B50: move     x:(r3)+,x0                                  ; 44DB00
145B51: cmp      x0,b                                        ; 20004D
145B52: move     l:(r2),b                                    ; 49E200
145B53: tfr      b,a             ifeq                        ; 202A01
145B54: move     l:(r0)+,y                                   ; 43D800
145B55: move     a,l:(r2)+                                   ; 485A00
145B56: move     #$c0,r0                                     ; 30C000
145B57: move     #$1,m0                                      ; 0501A0
145B58: move     l:?:>$a0,a                                  ; 48F000 0000A0
145B5A: move     l:?:>$a1,y                                  ; 43F000 0000A1
145B5C: move     a,l:(r0)+                                   ; 485800
145B5D: move     y,l:(r0)                                    ; 436000
145B5E: move     y:(r6+$1f),r0                               ; 0B76D0 00001F
145B60: move     x:(r6+$23),b                                ; 028EDF
145B61: move     y:(r6+$23),b0                               ; 028EF9
145B62: move     #$0,r1                                      ; 310000
145B63: jsr      func_0003d3                                 ; 0D03D3
145B64: move     r0,y:(r6+$1f)                               ; 0B7690 00001F
145B66: move     b1,x:(r6+$23)                               ; 028ECD
145B67: move     b0,y:(r6+$23)                               ; 028EE9
145B68: move     #>$ffffff,m0                                ; 05F420 FFFFFF
145B6A: move     #$28,x0                                     ; 242800
145B6B: move     x0,x:(r6-$1d)                               ; 038EC4
145B6C: move     #$80,r7                                     ; 378000
145B6D: move     #$1,m7                                      ; 0501A7
145B6E: move     y:(r6+$7),x0                                ; 021EF4
145B6F: move     #>$5c28f,a                                  ; 56F400 05C28F
145B71: move     #>$5c28f,b                                  ; 57F400 05C28F
145B73: maci     #>$f62183,x0,b                              ; 0141CA F62183
145B75: maci     #>$fe4226,x0,a                              ; 0141C2 FE4226
145B77: move     b,y:>$82                                    ; 5F7000 000082
145B79: move     b,y:(r7)+                                   ; 5F5F00
145B7A: move     #>$40,x0                                    ; 44F400 000040
145B7C: move     a,y:(r7)                                    ; 5E6700
145B7D: move     a,y:>$83                                    ; 5E7000 000083
145B7F: move     y:(r6+$1a),a                                ; 026EBE
145B80: move     r6,r0                                       ; 22D000
145B81: move     r6,r3                                       ; 22D300
145B82: move     a,n0                                        ; 21D800
145B83: add      #>$10,a                                     ; 0140C0 000010
145B85: cmp      #>$98,a                                     ; 0140C5 000098
145B87: sub      x0,a            ifeq                        ; 202A44
145B88: move     a,y:(r6+$1a)                                ; 026EAE
145B89: move     a,n3                                        ; 21DB00
145B8A: move     (r0)+n0                                     ; 204800
145B8B: move     #$0,x1                                      ; 250000
145B8C: do       #<$10,>$145b8f                              ; 061080 145B8E
145B8E: move     x1,x:(r0)+                                  ; 455800
145B8F: move     (r3)+n3                                     ; 204B00
145B90: move     y:(r6+$1b),r7                               ; 0B76D7 00001B
145B92: jsr      func_0003aa                                 ; 0D03AA
145B93: move     r7,y:(r6+$1b)                               ; 0B7697 00001B
145B95: move     #$c0,r0                                     ; 30C000
145B96: move     #$1,m0                                      ; 0501A0
145B97: move     l:?:>$a2,a                                  ; 48F000 0000A2
145B99: move     l:?:>$a3,y                                  ; 43F000 0000A3
145B9B: move     a,l:(r0)+                                   ; 485800
145B9C: move     y,l:(r0)                                    ; 436000
145B9D: move     y:(r6+$20),r0                               ; 0B76D0 000020
145B9F: move     x:(r6+$24),b                                ; 02969F
145BA0: move     y:(r6+$24),b0                               ; 0296B9
145BA1: move     #$0,r1                                      ; 310000
145BA2: jsr      func_0003d3                                 ; 0D03D3
145BA3: move     r0,y:(r6+$20)                               ; 0B7690 000020
145BA5: move     b1,x:(r6+$24)                               ; 02968D
145BA6: move     b0,y:(r6+$24)                               ; 0296A9
145BA7: move     #>$ffffff,m0                                ; 05F420 FFFFFF
145BA9: move     #$80,r7                                     ; 378000
145BAA: move     y:>$8c,a                                    ; 5EF000 00008C
145BAC: cmp      #>$200000,a                                 ; 0140C5 200000
145BAE: move     y:>$82,a                                    ; 5EF000 000082
145BB0: move     y:>$83,b                                    ; 5FF000 000083
145BB2: clr      a               ifeq                        ; 202A13
145BB3: clr      b               ifeq                        ; 202A1B
145BB4: move     a,y:(r7)+                                   ; 5E5F00
145BB5: move     b,y:(r7)                                    ; 5F6700
145BB6: move     y:(r6+$1c),r7                               ; 0B76D7 00001C
145BB8: jsr      func_0003aa                                 ; 0D03AA
145BB9: move     r7,y:(r6+$1c)                               ; 0B7697 00001C
145BBB: move     #$c0,r0                                     ; 30C000
145BBC: move     #$1,m0                                      ; 0501A0
145BBD: move     l:?:>$a4,a                                  ; 48F000 0000A4
145BBF: move     l:?:>$a5,y                                  ; 43F000 0000A5
145BC1: move     a,l:(r0)+                                   ; 485800
145BC2: move     y,l:(r0)                                    ; 436000
145BC3: move     y:(r6+$21),r0                               ; 0B76D0 000021
145BC5: move     x:(r6+$25),b                                ; 0296DF
145BC6: move     y:(r6+$25),b0                               ; 0296F9
145BC7: move     #$0,r1                                      ; 310000
145BC8: jsr      func_0003d3                                 ; 0D03D3
145BC9: move     r0,y:(r6+$21)                               ; 0B7690 000021
145BCB: move     b1,x:(r6+$25)                               ; 0296CD
145BCC: move     b0,y:(r6+$25)                               ; 0296E9
145BCD: move     #>$ffffff,m0                                ; 05F420 FFFFFF
145BCF: move     #$80,r7                                     ; 378000
145BD0: move     y:>$8d,a                                    ; 5EF000 00008D
145BD2: cmp      #>$200000,a                                 ; 0140C5 200000
145BD4: move     y:>$82,a                                    ; 5EF000 000082
145BD6: move     y:>$83,b                                    ; 5FF000 000083
145BD8: clr      a               ifeq                        ; 202A13
145BD9: clr      b               ifeq                        ; 202A1B
145BDA: move     a,y:(r7)+                                   ; 5E5F00
145BDB: move     b,y:(r7)                                    ; 5F6700
145BDC: move     y:(r6+$1d),r7                               ; 0B76D7 00001D
145BDE: jsr      func_0003aa                                 ; 0D03AA
145BDF: move     r7,y:(r6+$1d)                               ; 0B7697 00001D
145BE1: move     #$c0,r0                                     ; 30C000
145BE2: move     #$1,m0                                      ; 0501A0
145BE3: move     l:?:>$a6,a                                  ; 48F000 0000A6
145BE5: move     l:?:>$a7,y                                  ; 43F000 0000A7
145BE7: move     a,l:(r0)+                                   ; 485800
145BE8: move     y,l:(r0)                                    ; 436000
145BE9: move     y:(r6+$22),r0                               ; 0B76D0 000022
145BEB: move     x:(r6+$26),b                                ; 029E9F
145BEC: move     y:(r6+$26),b0                               ; 029EB9
145BED: move     #$0,r1                                      ; 310000
145BEE: jsr      func_0003d3                                 ; 0D03D3
145BEF: move     r0,y:(r6+$22)                               ; 0B7690 000022
145BF1: move     b1,x:(r6+$26)                               ; 029E8D
145BF2: move     b0,y:(r6+$26)                               ; 029EA9
145BF3: move     #>$ffffff,m0                                ; 05F420 FFFFFF
145BF5: move     #$80,r7                                     ; 378000
145BF6: move     y:>$8e,a                                    ; 5EF000 00008E
145BF8: cmp      #>$200000,a                                 ; 0140C5 200000
145BFA: move     y:>$82,a                                    ; 5EF000 000082
145BFC: move     y:>$83,b                                    ; 5FF000 000083
145BFE: clr      a               ifeq                        ; 202A13
145BFF: clr      b               ifeq                        ; 202A1B
145C00: move     a,y:(r7)+                                   ; 5E5F00
145C01: move     b,y:(r7)                                    ; 5F6700
145C02: move     y:(r6+$1e),r7                               ; 0B76D7 00001E
145C04: jsr      func_0003aa                                 ; 0D03AA
145C05: move     r7,y:(r6+$1e)                               ; 0B7697 00001E
145C07: move     #>$ffffff,m7                                ; 05F427 FFFFFF
145C09: move     x:(r6-$27),x1                               ; 0366D5
145C0A: mpyi     #>$15555,x1,a                               ; 0141E0 015555
145C0C: sub      #>$15,a                                     ; 0140C4 000015
145C0E: clr      a               ifmi                        ; 202B13
145C0F: move     a1,r2                                       ; 219200
145C10: move     a0,y0                                       ; 210600
145C11: move     #$40,x1                                     ; 254000
145C12: move     x:(r2+$143d06),x0                           ; 0A72C4 143D06
145C14: move     x:(r2+$143d07),y1                           ; 0A72C7 143D07
145C16: mpysu    y1,y0,a                                     ; 012783
145C17: macsu    -x0,y0,a                                    ; 01269D
145C18: asr      a                                           ; 200022
145C19: add      x0,a            r3,r0                       ; 227040
145C1A: move     #$0,r1                                      ; 310000
145C1B: move     y:(r6+$2e),y1                               ; 02BEB7
145C1C: move     a,y:(r6+$2e)                                ; 02BEAE
145C1D: move     x:(r6+$29),a                                ; 02A6DE
145C1E: move     x:(r0)+,x0                                  ; 44D800
145C1F: do       #<$10,>$145c23                              ; 061080 145C22
145C21: mac      x1,x0,a         a,x:(r1)+       a,y0        ; 1819A2
145C22: mac      -y1,y0,a        x:(r0)+,x0                  ; 44D8B6
145C23: move     a,x:(r6+$29)                                ; 02A6CE
145C24: move     x:(r6-$27),x1                               ; 0366D5
145C25: mpyi     #>$0,x1,a                                   ; 0141E0 000000
145C27: add      #>$ffff80,a                                 ; 0140C0 FFFF80
145C29: clr      a               ifmi                        ; 202B13
145C2A: move     #>$63f,x0                                   ; 44F400 00063F
145C2C: cmp      x0,a                                        ; 200045
145C2D: tfr      x0,a            ifgt                        ; 202741
145C2E: move     a,r2                                        ; 21D200
145C2F: move     #>$7fffff,b                                 ; 57F400 7FFFFF
145C31: move     x:(r2+$1435c6),a                            ; 0A72CE 1435C6
145C33: sub      a,b             b,x0                        ; 21E41C
145C34: add      x0,b                                        ; 200048
145C35: asr      b               #$0,r0                      ; 30002A
145C36: move     b,y1                                        ; 21E700
145C37: move     a,x1                                        ; 21C500
145C38: move     #>$100,r7                                   ; 67F400 000100
145C3A: move     x:(r6+$27),a                                ; 029EDE
145C3B: move     y:(r6+$28),x0                               ; 02A6B4
145C3C: do       #<$10,>$145c42                              ; 061080 145C41
145C3E: asl      #$3,a,b                                     ; 0C1D07
145C3F: mac      -x0,y1,a        x:(r0)+,x0      a,y0        ; 1098C6
145C40: mac      x0,y1,a         b,y:(r7)+                   ; 5F5FC2
145C41: mac      -x1,y0,a        b,y:(r7)+                   ; 5F5FE6
145C42: move     x0,y:(r6+$28)                               ; 02A6A4
145C43: move     a,x:(r6+$27)                                ; 029ECE
145C44: move     #>$145c48,x0                                ; 44F400 145C48
145C46: move     x0,x:(r6-$1c)                               ; 039684
145C47: rts                                                  ; 00000C
145C48: move     #>$7fffff,b                                 ; 57F400 7FFFFF
145C4A: move     y:(r6+$34),a                                ; 02D6BE
145C4B: cmp      #>$40,a                                     ; 0140C5 000040
145C4D: bge      func_145c51                                 ; 051404
145C4E: add      #>$1,a                                      ; 0140C0 000001
145C50: clr      b                                           ; 20001B
145C51: move     a,y:(r6+$34)                                ; 02D6AE
145C52: move     b,y:(r6+$33)                                ; 02CEEF
145C53: move     #>$7fffff,a                                 ; 56F400 7FFFFF
145C55: move     y:(r6+$9),x1                                ; 0226F5
145C56: mpyi     #>$66666,x1,b                               ; 0141E8 066666
145C58: move     y:(r6+$32),x1                               ; 02CEB5
145C59: maci     #>$79999a,x1,b                              ; 0141EA 79999A
145C5B: move     #$c0,r5                                     ; 35C000
145C5C: move     b,y:(r6+$32)                                ; 02CEAF
145C5D: sub      x1,a            a,b                         ; 21CF64
145C5E: move     y:(r6+$a),x0                                ; 022EB4
145C5F: move     a,y:>$c4                                    ; 5E7000 0000C4
145C61: tfr      b,a             b,y1                        ; 21E701
145C62: maci     #>$c00000,x0,a                              ; 0141C2 C00000
145C64: mpy      y1,x1,b         y:$1,y1                     ; 4F81F8
145C65: move     a,y0                                        ; 21C600
145C66: mpy      x1,y0,a         y:$0,y0                     ; 4E80E0
145C67: move     y:(r6+$33),x0                               ; 02CEF4
145C68: mpy      y0,x0,b         b,x1                        ; 21E5D8
145C69: mpy      x0,y1,a         a,x0                        ; 21C4C0
145C6A: move     b,y0                                        ; 21E600
145C6B: mpy      y0,x0,b         a,y1                        ; 21C7D8
145C6C: mpy      y1,x1,a         #$20,r1                     ; 3120F0
145C6D: move     #$30,r0                                     ; 303000
145C6E: mpy      x0,y1,a         a,y:(r5)+                   ; 5E5DC0
145C6F: mpy      x1,y0,b         b,y:(r5)+                   ; 5F5DE8
145C70: move     a,y:(r5)+                                   ; 5E5D00
145C71: move     b,y:(r5)+                                   ; 5F5D00
145C72: move     x:(r6+$30),y1                               ; 02C697
145C73: move     x:(r6+$31),b                                ; 02C6DF
145C74: tfr      y1,a            #>$ef,x0                    ; 44F471 0000EF
145C76: bset     #$14,sr                                     ; 0AF974
145C77: do       #<$10,>$145c7b                              ; 061080 145C7A
145C79: mac      -x0,y1,b        b,x:(r0)+       b,y0        ; 1E18CE
145C7A: mac      y0,x0,a a,x:(r1)+ a,y1                      ; 1919D2
145C7B: bclr     #$14,sr                                     ; 0AF954
145C7C: move     #>$fffe70,n0                                ; 70F400 FFFE70
145C7E: move     y:(r6+$36),r0                               ; 0B76D0 000036
145C80: move     #>$3ff,m0                                   ; 05F420 0003FF
145C82: move     m0,m4                                       ; 0464A0
145C83: move     b,x:(r6+$31)                                ; 02C6CF
145C84: lua      (r0)+n0,r0                                  ; 044810
145C85: move     #$20,r2                                     ; 322000
145C86: move     r0,r1                                       ; 221100
145C87: move     r0,r4                                       ; 221400
145C88: move     #>$154,x0                                   ; 44F400 000154
145C8A: move     x:(r2)+,x1                                  ; 45DA00
145C8B: mpy      x1,x0,b         x:(r2)+,x1                  ; 45DAA8
145C8C: move     a,x:(r6+$30)                                ; 02C68E
145C8D: move     b1,n4                                       ; 21BC00
145C8E: move     (r0)+                                       ; 205800
145C8F: move     #$7f,r3                                     ; 337F00
145C90: move     #$f,n0                                      ; 380F00
145C91: move     (r4)+n4                                     ; 204C00
145C92: move     y:(r4)+,y0                                  ; 4EDC00
145C93: do       #<$2,>$145ca2                               ; 060280 145CA1
145C95: do       n0,>$145ca0                                 ; 06D800 145C9F
145C97: mpy      x1,x0,b         b0,x1                       ; 2125A8
145C98: move     a,x:(r3)+       y:(r4)+,y1                  ; F91B00
145C99: move     r0,r4                                       ; 221400
145C9A: move     b1,n4                                       ; 21BC00
145C9B: move     (r0)+                                       ; 205800
145C9C: mpysu    y1,x1,a                                     ; 012787
145C9D: macsu    -y0,x1,a                                    ; 01269E
145C9E: asr      a               (r4)+n4                     ; 204C22
145C9F: add      y0,a            x:(r2)+,x1      y:(r4)+,y0  ; F49A50
145CA0: move     #$11,n0                                     ; 381100
145CA1: move     r1,r0                                       ; 223000
145CA2: move     m1,m0                                       ; 0460A1
145CA3: move     a,x:(r3)+                                   ; 565B00
145CA4: move     #$0,r0                                      ; 300000
145CA5: move     #$10,r1                                     ; 311000
145CA6: move     y:(r6+$36),r4                               ; 0B76D4 000036
145CA8: move     #$40,y0                                     ; 264000
145CA9: move     x:(r0)+,x0                                  ; 44D800
145CAA: mpy      y0,x0,a         x:(r1)+,x0                  ; 44D9D0
145CAB: mac      y0,x0,a         x:(r0)+,x0                  ; 44D8D2
145CAC: do       #<$8,>$145cb2                               ; 060880 145CB1
145CAE: mpy      y0,x0,b         x:(r1)+,x0                  ; 44D9D8
145CAF: mac      y0,x0,b         x:(r0)+,x0      a,y:(r4)+   ; B298DA
145CB0: mpy      y0,x0,a         x:(r1)+,x0                  ; 44D9D0
145CB1: mac      y0,x0,a         x:(r0)+,x0      b,y:(r4)+   ; B398D2
145CB2: move     m0,m4                                       ; 0464A0
145CB3: move     r4,y:(r6+$36)                               ; 0B7694 000036
145CB5: move     #$0,r0                                      ; 300000
145CB6: move     #$f,r3                                      ; 330F00
145CB7: move     r0,r4                                       ; 221400
145CB8: move     #$80,r1                                     ; 318000
145CB9: move     #$90,r2                                     ; 329000
145CBA: move     #$c0,r5                                     ; 35C000
145CBB: move     #$3,m5                                      ; 0503A5
145CBC: move     y:>$c4,y1                                   ; 4FF000 0000C4
145CBE: move     x:(r0)+,x1                                  ; 45D800
145CBF: move     x:(r3)+,b                                   ; 57DB00
145CC0: move     x:(r3)-,x0                                  ; 44D300
145CC1: move     #$2,n3                                      ; 3B0200
145CC2: do       #<$10,>$145ccb                              ; 061080 145CCA
145CC4: mpy      y1,x1,a         b,x:(r3)+n3                 ; 574BF0
145CC5: mpy      x0,y1,b         x:(r1)+,x1      y:(r5)+,y0  ; F4B9C8
145CC6: mac      x1,y0,a         y:(r5)+,y0                  ; 4EDDE2
145CC7: mac      x1,y0,b         x:(r2)+,x1      y:(r5)+,y0  ; F4BAEA
145CC8: mac      x1,y0,a         x:(r3)-,x0      y:(r5)+,y0  ; F0B3E2
145CC9: mac      x1,y0,b         x:(r0)+,x1                  ; 45D8EA
145CCA: move     a,x:(r4)+                                   ; 565C00
145CCB: move     b,x:(r3)+                                   ; 575B00
145CCC: move     m4,m5                                       ; 0465A4
145CCD: jmp      func_000981                                 ; 0C0981
145CCE: move     #>$500,r6                                   ; 66F400 000500
145CD0: move     #>$100,n6                                   ; 76F400 000100
145CD2: move     #>$120000,r5                                ; 65F400 120000
145CD4: move     #>$8000,n5                                  ; 75F400 008000
145CD6: do       #<$3,>$145d11                               ; 060380 145D10
145CD8: move     r6,r4                                       ; 22D400
145CD9: move     #>$2,x0                                     ; 44F400 000002
145CDB: move     x0,y:(r6+$0)                                ; 0206A4
145CDC: move     #$0,x0                                      ; 240000
145CDD: move     #$0,x1                                      ; 250000
145CDE: rep      #<$34                                       ; 0634A0
145CDF: move     x,l:(r4)+                                   ; 425C00
145CE0: move     x0,y:(r6+$d7)                               ; 0B7684 0000D7
145CE2: move     x0,x:(r6+$fa)                               ; 0A7684 0000FA
145CE4: move     x0,y:(r6+$fa)                               ; 0B7684 0000FA
145CE6: move     x0,y:(r6+$21)                               ; 0286E4
145CE7: move     x0,y:(r6+$12)                               ; 024EA4
145CE8: move     x0,x:(r6+$fc)                               ; 0A7684 0000FC
145CEA: move     x0,y:(r6+$fc)                               ; 0B7684 0000FC
145CEC: move     r5,y:(r6+$d1)                               ; 0B7695 0000D1
145CEE: move     x0,x:(r6+$d6)                               ; 0A7684 0000D6
145CF0: move     x0,y:(r6+$d6)                               ; 0B7684 0000D6
145CF2: move     x0,y:(r6+$d5)                               ; 0B7684 0000D5
145CF4: move     x0,x:(r6+$d5)                               ; 0A7684 0000D5
145CF6: move     x0,y:(r6+$d4)                               ; 0B7684 0000D4
145CF8: move     x0,x:(r6+$d4)                               ; 0A7684 0000D4
145CFA: move     x0,y:(r6+$d3)                               ; 0B7684 0000D3
145CFC: move     x0,x:(r6+$d3)                               ; 0A7684 0000D3
145CFE: move     x0,y:(r6+$d0)                               ; 0B7684 0000D0
145D00: move     x0,y:(r6+$cf)                               ; 0B7684 0000CF
145D02: move     x0,y:(r6+$cb)                               ; 0B7684 0000CB
145D04: move     x0,x:(r6+$cb)                               ; 0A7684 0000CB
145D06: move     #>$2000,x0                                  ; 44F400 002000
145D08: move     x0,x:(r6+$d0)                               ; 0A7684 0000D0
145D0A: move     #>$1,x0                                     ; 44F400 000001
145D0C: move     x0,x:(r6+$cf)                               ; 0A7684 0000CF
145D0E: lua      (r6)+n6,r6                                  ; 044E16
145D0F: lua      (r5)+n5,r5                                  ; 044D15
145D10: nop                                                  ; 000000
145D11: rts                                                  ; 00000C
145D12: lua      (r6+$11),r0                                 ; 040E10
145D13: move     #>$14a000,x0                                ; 44F400 14A000
145D15: move     #$0,x1                                      ; 250000
145D16: do       #<$18,>$145d19                              ; 061880 145D18
145D18: move     x1,y:(r0)+                                  ; 4D5800
145D19: move     x0,y:(r6+$10)                               ; 0246A4
145D1A: move     x0,y:(r6+$14)                               ; 0256A4
145D1B: move     x0,y:(r6+$16)                               ; 025EA4
145D1C: rts                                                  ; 00000C
145D1D: move     #>$7fffff,a                                 ; 56F400 7FFFFF
145D1F: move     a,y:(r6+$2a)                                ; 02AEAE
145D20: rts                                                  ; 00000C
145D21: move     #>$be37c,x0                                 ; 44F400 0BE37C
145D23: move     a1,y1                                       ; 218700
145D24: move     a0,y0                                       ; 210600
145D25: mpysu    x0,y0,a                                     ; 01278D
145D26: dmac     ss x0,y1,a                                  ; 012484
145D27: nop                                                  ; 000000
145D28: move     a,l:?:>$5                                   ; 487000 000005
145D2A: move     #>$1fff,m2                                  ; 05F422 001FFF
145D2C: move     #>$1fff,m0                                  ; 05F420 001FFF
145D2E: move     #>$141a80,r1                                ; 61F400 141A80
145D30: move     y:(r6+$8),b                                 ; 0226BF
145D31: add      #>$8000,b                                   ; 0140C8 008000
145D33: move     b,x0                                        ; 21E400
145D34: move     #>$18,x1                                    ; 45F400 000018
145D36: mpy      x1,x0,b                                     ; 2000A8
145D37: move     b1,n1                                       ; 21B900
145D38: move     y:(r1+n1),x0                                ; 4CE900
145D39: move     l:?:>$5,a                                   ; 48F000 000005
145D3B: move     a1,y1                                       ; 218700
145D3C: move     a0,y0                                       ; 210600
145D3D: mpysu    x0,y0,a                                     ; 01278D
145D3E: dmac     ss x0,y1,a                                  ; 012484
145D3F: asl      #$3,a,a                                     ; 0C1D06
145D40: move     y:(r6+$12),b                                ; 024EBF
145D41: move     y:(r6+$13),b0                               ; 024EF9
145D42: move     a1,y:(r6+$12)                               ; 024EAC
145D43: move     a0,y:(r6+$13)                               ; 024EE8
145D44: sub      b,a                                         ; 200014
145D45: asr      #$5,a,a                                     ; 0C1C0A
145D46: move     #>$20,r1                                    ; 61F400 000020
145D48: move     a1,y1                                       ; 218700
145D49: move     a0,y0                                       ; 210600
145D4A: tfr      b,a                                         ; 200001
145D4B: move     y:(r6+$10),b                                ; 0246BF
145D4C: move     y:(r6+$11),b0                               ; 0246F9
145D4D: move     #>$1fff,x0                                  ; 44F400 001FFF
145D4F: move     #>$14a000,x1                                ; 45F400 14A000
145D51: do       #<$20,>$145d57                              ; 062080 145D56
145D53: add      y,a                                         ; 200030
145D54: add      a,b             b,l:(r1)+                   ; 495918
145D55: and      x0,b                                        ; 20004E
145D56: add      x1,b                                        ; 200068
145D57: move     b1,y:(r6+$10)                               ; 0246AD
145D58: move     b0,y:(r6+$11)                               ; 0246E9
145D59: move     #>$20,r1                                    ; 61F400 000020
145D5B: move     #>$80,r5                                    ; 65F400 000080
145D5D: move     r1,r4                                       ; 223400
145D5E: move     x:(r1)+,r2                                  ; 62D900
145D5F: move     y:(r4)+,y0                                  ; 4EDC00
145D60: move     x:(r2)+,x1                                  ; 45DA00
145D61: move     x:(r1)+,r0                                  ; 60D900
145D62: do       #<$10,>$145d70                              ; 061080 145D6F
145D64: mpysu    -x1,y0,a                                    ; 012796
145D65: add      x1,a            x:(r2),x0                   ; 44E260
145D66: add      x1,a            x:(r1)+,r2                  ; 62D960
145D67: macsu    x0,y0,a                                     ; 01268D
145D68: asr      a               x:(r0)+,x1      y:(r4)+,y0  ; F49822
145D69: mpysu    -x1,y0,b                                    ; 0127B6
145D6A: add      x1,b            x:(r0),x0                   ; 44E068
145D6B: add      x1,b            x:(r1)+,r0                  ; 60D968
145D6C: macsu    x0,y0,b                                     ; 0126AD
145D6D: asr      b               x:(r2)+,x1      y:(r4)+,y0  ; F49A2A
145D6E: move     a,y:(r5)+                                   ; 5E5D00
145D6F: move     b,y:(r5)+                                   ; 5F5D00
145D70: move     #>$80,r4                                    ; 64F400 000080
145D72: move     #>$80,r5                                    ; 65F400 000080
145D74: move     y:(r6+$1a),x0                               ; 026EB4
145D75: do       #<$20,>$145d7a                              ; 062080 145D79
145D77: move     y:(r5)+,b                                   ; 5FDD00
145D78: sub      x0,b            b,x0                        ; 21E44C
145D79: move     b,y:(r4)+                                   ; 5F5C00
145D7A: move     x0,y:(r6+$1a)                               ; 026EA4
145D7B: move     y:(r6+$28),a                                ; 02A6BE
145D7C: move     #>$80,r5                                    ; 65F400 000080
145D7E: move     #>$80,r4                                    ; 64F400 000080
145D80: move     #>$144ac7,r2                                ; 62F400 144AC7
145D82: move     y:(r6+$a),b                                 ; 022EBF
145D83: asr      #$10,b,b                                    ; 0C1CA1
145D84: move     b,n2                                        ; 21FA00
145D85: move     y:(r5)+,x0                                  ; 4CDD00
145D86: move     y:(r2+n2),y0                                ; 4EEA00
145D87: do       #<$20,>$145d8b                              ; 062080 145D8A
145D89: mac      y0,x0,a         a,x1            a,y:(r4)+   ; 165CD2
145D8A: mac      -x1,y0,a        y:(r5)+,x0                  ; 4CDDE6
145D8B: move     a,y:(r6+$28)                                ; 02A6AE
145D8C: move     y:(r6+$9),b                                 ; 0226FF
145D8D: clr      a                                           ; 200013
145D8E: cmp      #>$400000,b                                 ; 0140CD 400000
145D90: blt      func_145d96                                 ; 0D1049 000006
145D92: sub      #>$400000,b                                 ; 0140CC 400000
145D94: add      a,b                                         ; 200018
145D95: move     b,a                                         ; 21EE00
145D96: move     a,y1                                        ; 21C700
145D97: move     y:(r6+$1e),x0                               ; 027EB4
145D98: move     #>$80,r0                                    ; 60F400 000080
145D9A: do       #<$20,>$145da0                              ; 062080 145D9F
145D9C: mpy      x0,y1,a         y:(r0),x1                   ; 4DE0C0
145D9D: asl      #$4,a,a                                     ; 0C1D08
145D9E: add      x1,a            x1,x0                       ; 20A460
145D9F: move     a,y:(r0)+                                   ; 5E5800
145DA0: move     x0,y:(r6+$1e)                               ; 027EA4
145DA1: move     l:?:>$5,a                                   ; 48F000 000005
145DA3: move     #>$141a80,r1                                ; 61F400 141A80
145DA5: move     y:(r6+$4),b                                 ; 0216BF
145DA6: add      #>$8000,b                                   ; 0140C8 008000
145DA8: move     b,x0                                        ; 21E400
145DA9: move     #>$18,x1                                    ; 45F400 000018
145DAB: mpy      x1,x0,b                                     ; 2000A8
145DAC: move     b1,n1                                       ; 21B900
145DAD: move     y:(r1+n1),x0                                ; 4CE900
145DAE: move     y:(r6+$5),b                                 ; 0216FF
145DAF: sub      #>$400000,b                                 ; 0140CC 400000
145DB1: asr      #$2,b,b                                     ; 0C1C85
145DB2: add      #>$400000,b                                 ; 0140C8 400000
145DB4: move     b,x1                                        ; 21E500
145DB5: mpy      x1,x0,b                                     ; 2000A8
145DB6: asl      b                                           ; 20003A
145DB7: move     b,x0                                        ; 21E400
145DB8: move     a1,y1                                       ; 218700
145DB9: move     a0,y0                                       ; 210600
145DBA: mpysu    x0,y0,a                                     ; 01278D
145DBB: dmac     ss x0,y1,a                                  ; 012484
145DBC: asl      #$3,a,a                                     ; 0C1D06
145DBD: move     a1,y1                                       ; 218700
145DBE: move     a0,y0                                       ; 210600
145DBF: move     y:(r6+$14),b                                ; 0256BF
145DC0: move     y:(r6+$15),b0                               ; 0256F9
145DC1: move     y:(r6+$7),a                                 ; 021EFE
145DC2: asr      #$b,a,a                                     ; 0C1C16
145DC3: move     #>$c0,r5                                    ; 65F400 0000C0
145DC5: move     a,x0                                        ; 21C400
145DC6: move     y:(r6+$1c),a                                ; 0276BE
145DC7: move     y:(r6+$1d),a0                               ; 0276F8
145DC8: do       #<$20,>$145dd4                              ; 062080 145DD3
145DCA: add      y,b                                         ; 200038
145DCB: add      a,b                                         ; 200018
145DCC: and      #>$1fff,b                                   ; 0140CE 001FFF
145DCE: add      #>$14a000,b                                 ; 0140C8 14A000
145DD0: move     b1,r3                                       ; 21B300
145DD1: sub      a,b                                         ; 20001C
145DD2: move     x:(r3),x1                                   ; 45E300
145DD3: mpy      x1,x0,a         x1,y:(r5)+                  ; 4D5DA0
145DD4: move     b1,y:(r6+$14)                               ; 0256AD
145DD5: move     b0,y:(r6+$15)                               ; 0256E9
145DD6: move     a1,y:(r6+$1c)                               ; 0276AC
145DD7: move     a0,y:(r6+$1d)                               ; 0276E8
145DD8: move     #>$c0,r5                                    ; 65F400 0000C0
145DDA: move     #>$c0,r4                                    ; 64F400 0000C0
145DDC: move     y:(r6+$1b),x0                               ; 026EF4
145DDD: do       #<$20,>$145de2                              ; 062080 145DE1
145DDF: move     y:(r5)+,b                                   ; 5FDD00
145DE0: sub      x0,b            b,x0                        ; 21E44C
145DE1: move     b,y:(r4)+                                   ; 5F5C00
145DE2: move     x0,y:(r6+$1b)                               ; 026EE4
145DE3: move     y:(r6+$29),a                                ; 02A6FE
145DE4: move     #>$c0,r5                                    ; 65F400 0000C0
145DE6: move     #>$c0,r4                                    ; 64F400 0000C0
145DE8: move     #>$144ac7,r2                                ; 62F400 144AC7
145DEA: move     y:(r6+$a),b                                 ; 022EBF
145DEB: asr      #$10,b,b                                    ; 0C1CA1
145DEC: move     b,n2                                        ; 21FA00
145DED: move     y:(r5)+,x0                                  ; 4CDD00
145DEE: move     y:(r2+n2),y0                                ; 4EEA00
145DEF: do       #<$20,>$145df3                              ; 062080 145DF2
145DF1: mac      y0,x0,a         a,x1            a,y:(r4)+   ; 165CD2
145DF2: mac      -x1,y0,a        y:(r5)+,x0                  ; 4CDDE6
145DF3: move     a,y:(r6+$29)                                ; 02A6EE
145DF4: move     #>$80,r0                                    ; 60F400 000080
145DF6: move     #>$c0,r1                                    ; 61F400 0000C0
145DF8: move     #>$80,r2                                    ; 62F400 000080
145DFA: move     y:(r6+$9),x0                                ; 0226F4
145DFB: mpy      x0,x0,a                                     ; 200080
145DFC: asl      #$2,a,a                                     ; 0C1D04
145DFD: nop                                                  ; 000000
145DFE: move     a,y0                                        ; 21C600
145DFF: move     y:(r6+$6),b                                 ; 021EBF
145E00: move     y:(r6+$2a),y1                               ; 02AEB7
145E01: cmp      #>$400000,b                                 ; 0140CD 400000
145E03: blt      func_145e12                                 ; 0D1049 00000F
145E05: sub      #>$400000,b                                 ; 0140CC 400000
145E07: move     #>$7fffff,a                                 ; 56F400 7FFFFF
145E09: move     b,x0                                        ; 21E400
145E0A: mpy      x0,x0,b                                     ; 200088
145E0B: move     b,x0                                        ; 21E400
145E0C: mac      -x0,x0,a                                    ; 200086
145E0D: move     a,x0                                        ; 21C400
145E0E: mpy      x0,y1,a                                     ; 2000C0
145E0F: nop                                                  ; 000000
145E10: move     a,y1                                        ; 21C700
145E11: move     y1,y:(r6+$2a)                               ; 02AEA7
145E12: move     y:(r6+$6),x0                                ; 021EB4
145E13: mpy      x0,x0,a                                     ; 200080
145E14: asl      #$2,a,a                                     ; 0C1D04
145E15: move     a,x0                                        ; 21C400
145E16: mpy      x0,y1,a                                     ; 2000C0
145E17: move     a,y1                                        ; 21C700
145E18: move     y:(r0)+,x0                                  ; 4CD800
145E19: move     y:(r1)+,x1                                  ; 4DD900
145E1A: mpy      y0,x0,a                                     ; 2000D0
145E1B: mpy      y1,x1,b         y:(r0)+,x0                  ; 4CD8F8
145E1C: add      a,b             y:(r1)+,x1                  ; 4DD918
145E1D: do       #<$1f,>$145e22                              ; 061F80 145E21
145E1F: mpy      y0,x0,a         b,x:(r2)+                   ; 575AD0
145E20: mpy      y1,x1,b         y:(r0)+,x0                  ; 4CD8F8
145E21: add      a,b             y:(r1)+,x1                  ; 4DD918
145E22: move     b,x:(r2)+                                   ; 575A00
145E23: move     y:(r6+$27),a                                ; 029EFE
145E24: move     #>$80,r5                                    ; 65F400 000080
145E26: move     #>$80,r4                                    ; 64F400 000080
145E28: move     #>$144ac7,r2                                ; 62F400 144AC7
145E2A: move     y:(r6+$a),b                                 ; 022EBF
145E2B: asr      #$10,b,b                                    ; 0C1CA1
145E2C: move     b,n2                                        ; 21FA00
145E2D: move     x:(r5)+,x0                                  ; 44DD00
145E2E: move     y:(r2+n2),y0                                ; 4EEA00
145E2F: do       #<$20,>$145e33                              ; 062080 145E32
145E31: mac      y0,x0,a         a,x:(r4)+       a,y1        ; 191CD2
145E32: mac      -y1,y0,a        x:(r5)+,x0                  ; 44DDB6
145E33: move     a,y:(r6+$27)                                ; 029EEE
145E34: move     l:?:>$5,a                                   ; 48F000 000005
145E36: move     y:(r6+$18),b                                ; 0266BF
145E37: move     y:(r6+$19),b0                               ; 0266F9
145E38: move     a1,y:(r6+$18)                               ; 0266AC
145E39: move     a0,y:(r6+$19)                               ; 0266E8
145E3A: sub      b,a                                         ; 200014
145E3B: asr      #$5,a,a                                     ; 0C1C0A
145E3C: move     #>$20,r1                                    ; 61F400 000020
145E3E: move     #>$80,r0                                    ; 60F400 000080
145E40: move     a1,y1                                       ; 218700
145E41: move     a0,y0                                       ; 210600
145E42: tfr      b,a                                         ; 200001
145E43: move     y:(r6+$16),b                                ; 025EBF
145E44: move     y:(r6+$17),b0                               ; 025EF9
145E45: do       #<$20,>$145e54                              ; 062080 145E53
145E47: add      y,a                                         ; 200030
145E48: add      a,b             b,l:(r1)+                   ; 495918
145E49: move     a1,x1                                       ; 218500
145E4A: move     a0,x0                                       ; 210400
145E4B: move     x:(r0)+,a                                   ; 56D800
145E4C: asr      #$c,a,a                                     ; 0C1C18
145E4D: add      a,b                                         ; 200018
145E4E: and      #>$1fff,b                                   ; 0140CE 001FFF
145E50: add      #>$14a000,b                                 ; 0140C8 14A000
145E52: move     x1,a                                        ; 20AE00
145E53: move     x0,a0                                       ; 208800
145E54: move     b1,y:(r6+$16)                               ; 025EAD
145E55: move     b0,y:(r6+$17)                               ; 025EE9
145E56: move     #>$20,r1                                    ; 61F400 000020
145E58: move     #>$e0,r3                                    ; 63F400 0000E0
145E5A: move     r1,r4                                       ; 223400
145E5B: move     x:(r1)+,r2                                  ; 62D900
145E5C: move     y:(r4)+,y0                                  ; 4EDC00
145E5D: move     x:(r2)+,x1                                  ; 45DA00
145E5E: move     x:(r1)+,r0                                  ; 60D900
145E5F: do       #<$10,>$145e71                              ; 061080 145E70
145E61: mpysu    -x1,y0,a                                    ; 012796
145E62: add      x1,a            x:(r2),x0                   ; 44E260
145E63: add      x1,a            x:(r1)+,r2                  ; 62D960
145E64: macsu    x0,y0,a                                     ; 01268D
145E65: asr      a               x:(r0)+,x1      y:(r4)+,y0  ; F49822
145E66: asr      a                                           ; 200022
145E67: asr      a                                           ; 200022
145E68: mpysu    -x1,y0,b                                    ; 0127B6
145E69: add      x1,b            x:(r0),x0                   ; 44E068
145E6A: add      x1,b            x:(r1)+,r0                  ; 60D968
145E6B: macsu    x0,y0,b                                     ; 0126AD
145E6C: asr      b               x:(r2)+,x1      y:(r4)+,y0  ; F49A2A
145E6D: asr      b                                           ; 20002A
145E6E: asr      b                                           ; 20002A
145E6F: move     a,x:(r3)+                                   ; 565B00
145E70: move     b,x:(r3)+                                   ; 575B00
145E71: move     #>$de,r0                                    ; 60F400 0000DE
145E73: move     #>$e0,r1                                    ; 61F400 0000E0
145E75: move     y:(r6+$1f),x0                               ; 027EF4
145E76: move     x0,x:(r0)+                                  ; 445800
145E77: move     y:(r6+$20),x0                               ; 0286B4
145E78: move     x0,x:(r0)-                                  ; 445000
145E79: move     #>$cfce3,x1                                 ; 45F400 0CFCE3
145E7B: move     #>$2bc9ca,y0                                ; 46F400 2BC9CA
145E7D: move     y:(r6+$23),y1                               ; 028EF7
145E7E: move     y:(r6+$24),b                                ; 0296BF
145E7F: move     #>$1e,r4                                    ; 64F400 00001E
145E81: move     x:(r1)+,x0                                  ; 44D900
145E82: move     x:(r0)+,a                                   ; 56D800
145E83: do       #<$10,>$145e89                              ; 061080 145E88
145E85: mac      y0,x0,a         x:(r1)+,x0      y1,y:(r4)+  ; B199D2
145E86: mac      -y1,y0,a        x:(r0)+,b       b,y1        ; 1F98B6
145E87: mac      x1,x0,b         x:(r1)+,x0      y1,y:(r4)+  ; B199AA
145E88: mac      -y1,x1,b        x:(r0)+,a       a,y1        ; 1998FE
145E89: move     y1,y:(r4)+                                  ; 4F5C00
145E8A: move     b,y:(r4)+                                   ; 5F5C00
145E8B: move     y1,y:(r6+$23)                               ; 028EE7
145E8C: move     b,y:(r6+$24)                                ; 0296AF
145E8D: move     a,y:(r6+$1f)                                ; 027EEE
145E8E: move     x:(r0)+,x0                                  ; 44D800
145E8F: move     x0,y:(r6+$20)                               ; 0286A4
145E90: move     #>$1e,r4                                    ; 64F400 00001E
145E92: move     #>$20,r5                                    ; 65F400 000020
145E94: move     y:(r6+$21),x0                               ; 0286F4
145E95: move     x0,y:(r4)+                                  ; 4C5C00
145E96: move     y:(r6+$22),x0                               ; 028EB4
145E97: move     x0,y:(r4)-                                  ; 4C5400
145E98: move     #>$4e63df,y1                                ; 47F400 4E63DF
145E9A: move     #>$6f0f12,x0                                ; 44F400 6F0F12
145E9C: move     y:(r6+$25),x1                               ; 0296F5
145E9D: move     y:(r6+$26),b                                ; 029EBF
145E9E: move     #>$1e,r0                                    ; 60F400 00001E
145EA0: move     y:(r5)+,y0                                  ; 4EDD00
145EA1: move     y:(r4)+,a                                   ; 5EDC00
145EA2: do       #<$10,>$145ea8                              ; 061080 145EA7
145EA4: mac      y0,x0,a         x1,x:(r0)+      y:(r5)+,y0  ; F438D2
145EA5: mac      -x1,x0,a        b,x1            y:(r4)+,b   ; 1FDCA6
145EA6: mac      y1,y0,b         x1,x:(r0)+      y:(r5)+,y0  ; F438BA
145EA7: mac      -y1,x1,b        a,x1            y:(r4)+,a   ; 16DCFE
145EA8: move     x1,x:(r0)+                                  ; 455800
145EA9: move     b,x:(r0)+                                   ; 575800
145EAA: move     x1,y:(r6+$25)                               ; 0296E5
145EAB: move     b,y:(r6+$26)                                ; 029EAF
145EAC: move     a,y:(r6+$21)                                ; 0286EE
145EAD: move     y:(r4)+,x0                                  ; 4CDC00
145EAE: move     x0,y:(r6+$22)                               ; 028EA4
145EAF: move     #>$20,r0                                    ; 60F400 000020
145EB1: move     #>$1f,r4                                    ; 64F400 00001F
145EB3: move     #$40,y0                                     ; 264000
145EB4: move     x:(r0)+,x0                                  ; 44D800
145EB5: do       #<$8,>$145ebb                               ; 060880 145EBA
145EB7: mpy      y0,x0,a         x:(r0)+,x0                  ; 44D8D0
145EB8: mac      y0,x0,a         x:(r0)+,x0      b,y:(r4)+   ; B398D2
145EB9: mpy      y0,x0,b         x:(r0)+,x0                  ; 44D8D8
145EBA: mac      y0,x0,b         x:(r0)+,x0      a,y:(r4)+   ; B298DA
145EBB: move     b,y:(r4)+                                   ; 5F5C00
145EBC: move     #>$20,r4                                    ; 64F400 000020
145EBE: do       #<$8,>$145ec8                               ; 060880 145EC7
145EC0: move     y:(r4)+,a                                   ; 5EDC00
145EC1: move     y:(r4)+,b                                   ; 5FDC00
145EC2: asr      a                                           ; 200022
145EC3: asr      b                                           ; 20002A
145EC4: move     a,y:(r7)+                                   ; 5E5F00
145EC5: move     a,y:(r7)+                                   ; 5E5F00
145EC6: move     b,y:(r7)+                                   ; 5F5F00
145EC7: move     b,y:(r7)+                                   ; 5F5F00
145EC8: rts                                                  ; 00000C
145EC9: lua      (r6+$11),r0                                 ; 040E10
145ECA: move     #>$14a000,x0                                ; 44F400 14A000
145ECC: move     #$0,x1                                      ; 250000
145ECD: rep      #<$20                                       ; 0620A0
145ECE: move     x1,y:(r0)+                                  ; 4D5800
145ECF: move     x0,y:(r6+$10)                               ; 0246A4
145ED0: move     x0,y:(r6+$14)                               ; 0256A4
145ED1: move     x0,y:(r6+$18)                               ; 0266A4
145ED2: move     x0,y:(r6+$1c)                               ; 0276A4
145ED3: rts                                                  ; 00000C
145ED4: move     #>$7fffff,a                                 ; 56F400 7FFFFF
145ED6: nop                                                  ; 000000
145ED7: move     a,y:(r6+$32)                                ; 02CEAE
145ED8: move     a,y:(r6+$33)                                ; 02CEEE
145ED9: move     a,y:(r6+$34)                                ; 02D6AE
145EDA: rts                                                  ; 00000C
145EDB: move     #>$be37c,x0                                 ; 44F400 0BE37C
145EDD: move     a1,y1                                       ; 218700
145EDE: move     a0,y0                                       ; 210600
145EDF: mpysu    x0,y0,a                                     ; 01278D
145EE0: dmac     ss x0,y1,a                                  ; 012484
145EE1: move     #>$141a80,r1                                ; 61F400 141A80
145EE3: move     y:(r6+$4),b                                 ; 0216BF
145EE4: add      #>$8000,b                                   ; 0140C8 008000
145EE6: move     #>$18,x1                                    ; 45F400 000018
145EE8: move     b,x0                                        ; 21E400
145EE9: mpy      x1,x0,b                                     ; 2000A8
145EEA: move     a,l:?:>$5                                   ; 487000 000005
145EEC: move     b1,n1                                       ; 21B900
145EED: move     a1,y1                                       ; 218700
145EEE: move     a0,y0                                       ; 210600
145EEF: move     #>$1fff,m2                                  ; 05F422 001FFF
145EF1: move     #>$1fff,m0                                  ; 05F420 001FFF
145EF3: move     y:(r1+n1),x0                                ; 4CE900
145EF4: mpysu    x0,y0,a                                     ; 01278D
145EF5: dmac     ss x0,y1,a                                  ; 012484
145EF6: asl      #$3,a,a                                     ; 0C1D06
145EF7: move     y:(r6+$12),b                                ; 024EBF
145EF8: move     y:(r6+$13),b0                               ; 024EF9
145EF9: move     a1,y:(r6+$12)                               ; 024EAC
145EFA: move     a0,y:(r6+$13)                               ; 024EE8
145EFB: sub      b,a                                         ; 200014
145EFC: asr      #$5,a,a                                     ; 0C1C0A
145EFD: move     #>$20,r1                                    ; 61F400 000020
145EFF: move     a1,y1                                       ; 218700
145F00: move     a0,y0                                       ; 210600
145F01: tfr      b,a                                         ; 200001
145F02: move     y:(r6+$10),b                                ; 0246BF
145F03: move     y:(r6+$11),b0                               ; 0246F9
145F04: move     #>$1fff,x0                                  ; 44F400 001FFF
145F06: move     #>$14a000,x1                                ; 45F400 14A000
145F08: do       #<$20,>$145f0e                              ; 062080 145F0D
145F0A: add      y,a                                         ; 200030
145F0B: add      a,b             b,l:(r1)+                   ; 495918
145F0C: and      x0,b                                        ; 20004E
145F0D: add      x1,b                                        ; 200068
145F0E: move     #>$20,r1                                    ; 61F400 000020
145F10: move     #>$80,r5                                    ; 65F400 000080
145F12: move     b1,y:(r6+$10)                               ; 0246AD
145F13: move     r1,r4                                       ; 223400
145F14: move     x:(r1)+,r2                                  ; 62D900
145F15: move     b0,y:(r6+$11)                               ; 0246E9
145F16: move     y:(r4)+,y0                                  ; 4EDC00
145F17: move     x:(r1)+,r0                                  ; 60D900
145F18: move     x:(r2)+,x1                                  ; 45DA00
145F19: mpysu    -x1,y0,a                                    ; 012796
145F1A: add      x1,a            x:(r2),x0                   ; 44E260
145F1B: add      x1,a            x:(r1)+,r2                  ; 62D960
145F1C: macsu    x0,y0,a                                     ; 01268D
145F1D: asr      a               x:(r0)+,x1      y:(r4)+,y0  ; F49822
145F1E: mpysu    -x1,y0,b                                    ; 0127B6
145F1F: add      x1,b            x:(r0),x0       a,y:(r5)+   ; B2A068
145F20: add      x1,b            x:(r1)+,r0                  ; 60D968
145F21: macsu    x0,y0,b                                     ; 0126AD
145F22: asr      b               x:(r2)+,x1      y:(r4)+,y0  ; F49A2A
145F23: do       #<$f,>$145f2f                               ; 060F80 145F2E
145F25: mpysu    -x1,y0,a                                    ; 012796
145F26: add      x1,a            x:(r2),x0       b,y:(r5)+   ; B3A260
145F27: add      x1,a            x:(r1)+,r2                  ; 62D960
145F28: macsu    x0,y0,a                                     ; 01268D
145F29: asr      a               x:(r0)+,x1      y:(r4)+,y0  ; F49822
145F2A: mpysu    -x1,y0,b                                    ; 0127B6
145F2B: add      x1,b            x:(r0),x0       a,y:(r5)+   ; B2A068
145F2C: add      x1,b            x:(r1)+,r0                  ; 60D968
145F2D: macsu    x0,y0,b                                     ; 0126AD
145F2E: asr      b               x:(r2)+,x1      y:(r4)+,y0  ; F49A2A
145F2F: move     y:(r6+$20),x0                               ; 0286B4
145F30: move     b,y:(r5)+                                   ; 5F5D00
145F31: move     #>$80,r5                                    ; 65F400 000080
145F33: move     #>$80,r3                                    ; 63F400 000080
145F35: move     y:(r5)+,b                                   ; 5FDD00
145F36: move     y:(r5)+,a                                   ; 5EDD00
145F37: sub      x0,b            b,x0                        ; 21E44C
145F38: sub      x0,a            a,x0                        ; 21C444
145F39: do       #<$f,>$145f3f                               ; 060F80 145F3E
145F3B: move     b,x:(r3)+       y:(r5)+,b                   ; FF3B00
145F3C: move     a,x:(r3)+       y:(r5)+,a                   ; FA3B00
145F3D: sub      x0,b            b,x0                        ; 21E44C
145F3E: sub      x0,a            a,x0                        ; 21C444
145F3F: move     b,x:(r3)+                                   ; 575B00
145F40: move     a,x:(r3)+                                   ; 565B00
145F41: move     x0,y:(r6+$20)                               ; 0286A4
145F42: move     #>$80,r5                                    ; 65F400 000080
145F44: move     #>$144ac7,r2                                ; 62F400 144AC7
145F46: move     y:(r6+$a),b                                 ; 022EBF
145F47: asr      #$10,b,b                                    ; 0C1CA1
145F48: move     y:(r6+$2c),a                                ; 02B6BE
145F49: move     b,n2                                        ; 21FA00
145F4A: move     #>$80,r4                                    ; 64F400 000080
145F4C: move     x:(r5)+,x0                                  ; 44DD00
145F4D: move     y:(r2+n2),y0                                ; 4EEA00
145F4E: do       #<$20,>$145f52                              ; 062080 145F51
145F50: mac      y0,x0,a         a,x1            a,y:(r4)+   ; 165CD2
145F51: mac      -x1,y0,a        x:(r5)+,x0                  ; 44DDE6
145F52: move     a,y:(r6+$2c)                                ; 02B6AE
145F53: move     y:(r6+$5),b                                 ; 0216FF
145F54: clr      a                                           ; 200013
145F55: cmp      #>$400000,b                                 ; 0140CD 400000
145F57: blt      func_145f5e                                 ; 0D1049 000007
145F59: sub      #>$400000,b                                 ; 0140CC 400000
145F5B: add      a,b                                         ; 200018
145F5C: nop                                                  ; 000000
145F5D: move     b,a                                         ; 21EE00
145F5E: move     y:(r6+$2f),x0                               ; 02BEF4
145F5F: move     a,y1                                        ; 21C700
145F60: move     #>$80,r0                                    ; 60F400 000080
145F62: move     #>$80,r1                                    ; 61F400 000080
145F64: do       #<$10,>$145f6e                              ; 061080 145F6D
145F66: mpy      x0,y1,a         y:(r0)+,x1                  ; 4DD8C0
145F67: asl      #$4,a,a                                     ; 0C1D08
145F68: add      x1,a            x1,x0                       ; 20A460
145F69: mpy      x0,y1,b         y:(r0)+,x1                  ; 4DD8C8
145F6A: asl      #$4,b,b                                     ; 0C1D89
145F6B: add      x1,b            x1,x0                       ; 20A468
145F6C: move     a,y:(r1)+                                   ; 5E5900
145F6D: move     b,y:(r1)+                                   ; 5F5900
145F6E: move     x0,y:(r6+$2f)                               ; 02BEE4
145F6F: move     #>$141a80,r1                                ; 61F400 141A80
145F71: move     y:(r6+$6),b                                 ; 021EBF
145F72: add      #>$8000,b                                   ; 0140C8 008000
145F74: move     #>$18,x1                                    ; 45F400 000018
145F76: move     b,x0                                        ; 21E400
145F77: mpy      x1,x0,b                                     ; 2000A8
145F78: move     l:?:>$5,a                                   ; 48F000 000005
145F7A: move     b1,n1                                       ; 21B900
145F7B: move     a1,y1                                       ; 218700
145F7C: move     a0,y0                                       ; 210600
145F7D: nop                                                  ; 000000
145F7E: move     y:(r1+n1),x0                                ; 4CE900
145F7F: mpysu    x0,y0,a                                     ; 01278D
145F80: dmac     ss x0,y1,a                                  ; 012484
145F81: asl      #$3,a,a                                     ; 0C1D06
145F82: move     y:(r6+$16),b                                ; 025EBF
145F83: move     y:(r6+$17),b0                               ; 025EF9
145F84: move     a1,y:(r6+$16)                               ; 025EAC
145F85: move     a0,y:(r6+$17)                               ; 025EE8
145F86: sub      b,a                                         ; 200014
145F87: asr      #$5,a,a                                     ; 0C1C0A
145F88: move     #>$40,r1                                    ; 61F400 000040
145F8A: move     a1,y1                                       ; 218700
145F8B: move     a0,y0                                       ; 210600
145F8C: tfr      b,a                                         ; 200001
145F8D: move     y:(r6+$14),b                                ; 0256BF
145F8E: move     y:(r6+$15),b0                               ; 0256F9
145F8F: move     #>$1fff,x0                                  ; 44F400 001FFF
145F91: move     #>$14a000,x1                                ; 45F400 14A000
145F93: do       #<$20,>$145f99                              ; 062080 145F98
145F95: add      y,a                                         ; 200030
145F96: add      a,b             b,l:(r1)+                   ; 495918
145F97: and      x0,b                                        ; 20004E
145F98: add      x1,b                                        ; 200068
145F99: move     #>$40,r1                                    ; 61F400 000040
145F9B: move     #>$c0,r5                                    ; 65F400 0000C0
145F9D: move     b1,y:(r6+$14)                               ; 0256AD
145F9E: move     r1,r4                                       ; 223400
145F9F: move     x:(r1)+,r2                                  ; 62D900
145FA0: move     b0,y:(r6+$15)                               ; 0256E9
145FA1: move     y:(r4)+,y0                                  ; 4EDC00
145FA2: move     x:(r1)+,r0                                  ; 60D900
145FA3: move     x:(r2)+,x1                                  ; 45DA00
145FA4: mpysu    -x1,y0,a                                    ; 012796
145FA5: add      x1,a            x:(r2),x0                   ; 44E260
145FA6: add      x1,a            x:(r1)+,r2                  ; 62D960
145FA7: macsu    x0,y0,a                                     ; 01268D
145FA8: asr      a               x:(r0)+,x1      y:(r4)+,y0  ; F49822
145FA9: mpysu    -x1,y0,b                                    ; 0127B6
145FAA: add      x1,b            x:(r0),x0       a,y:(r5)+   ; B2A068
145FAB: add      x1,b            x:(r1)+,r0                  ; 60D968
145FAC: macsu    x0,y0,b                                     ; 0126AD
145FAD: asr      b               x:(r2)+,x1      y:(r4)+,y0  ; F49A2A
145FAE: do       #<$f,>$145fba                               ; 060F80 145FB9
145FB0: mpysu    -x1,y0,a                                    ; 012796
145FB1: add      x1,a            x:(r2),x0       b,y:(r5)+   ; B3A260
145FB2: add      x1,a            x:(r1)+,r2                  ; 62D960
145FB3: macsu    x0,y0,a                                     ; 01268D
145FB4: asr      a               x:(r0)+,x1      y:(r4)+,y0  ; F49822
145FB5: mpysu    -x1,y0,b                                    ; 0127B6
145FB6: add      x1,b            x:(r0),x0       a,y:(r5)+   ; B2A068
145FB7: add      x1,b            x:(r1)+,r0                  ; 60D968
145FB8: macsu    x0,y0,b                                     ; 0126AD
145FB9: asr      b               x:(r2)+,x1      y:(r4)+,y0  ; F49A2A
145FBA: move     y:(r6+$21),x0                               ; 0286F4
145FBB: move     b,y:(r5)+                                   ; 5F5D00
145FBC: move     #>$c0,r5                                    ; 65F400 0000C0
145FBE: move     #>$80,r3                                    ; 63F400 000080
145FC0: move     y:(r5)+,b                                   ; 5FDD00
145FC1: move     y:(r5)+,a                                   ; 5EDD00
145FC2: sub      x0,b            b,x0                        ; 21E44C
145FC3: sub      x0,a            a,x0                        ; 21C444
145FC4: do       #<$f,>$145fca                               ; 060F80 145FC9
145FC6: move     b,x:(r3)+       y:(r5)+,b                   ; FF3B00
145FC7: move     a,x:(r3)+       y:(r5)+,a                   ; FA3B00
145FC8: sub      x0,b            b,x0                        ; 21E44C
145FC9: sub      x0,a            a,x0                        ; 21C444
145FCA: move     b,x:(r3)+                                   ; 575B00
145FCB: move     a,x:(r3)+                                   ; 565B00
145FCC: move     x0,y:(r6+$21)                               ; 0286E4
145FCD: move     #>$80,r5                                    ; 65F400 000080
145FCF: move     #>$144ac7,r2                                ; 62F400 144AC7
145FD1: move     y:(r6+$a),b                                 ; 022EBF
145FD2: asr      #$10,b,b                                    ; 0C1CA1
145FD3: move     y:(r6+$2d),a                                ; 02B6FE
145FD4: move     b,n2                                        ; 21FA00
145FD5: move     #>$c0,r4                                    ; 64F400 0000C0
145FD7: move     x:(r5)+,x0                                  ; 44DD00
145FD8: move     y:(r2+n2),y0                                ; 4EEA00
145FD9: do       #<$20,>$145fdd                              ; 062080 145FDC
145FDB: mac      y0,x0,a         a,x1            a,y:(r4)+   ; 165CD2
145FDC: mac      -x1,y0,a        x:(r5)+,x0                  ; 44DDE6
145FDD: move     a,y:(r6+$2d)                                ; 02B6EE
145FDE: move     y:(r6+$7),b                                 ; 021EFF
145FDF: clr      a                                           ; 200013
145FE0: cmp      #>$400000,b                                 ; 0140CD 400000
145FE2: blt      func_145fe9                                 ; 0D1049 000007
145FE4: sub      #>$400000,b                                 ; 0140CC 400000
145FE6: add      a,b                                         ; 200018
145FE7: nop                                                  ; 000000
145FE8: move     b,a                                         ; 21EE00
145FE9: move     y:(r6+$30),x0                               ; 02C6B4
145FEA: move     a,y1                                        ; 21C700
145FEB: move     #>$c0,r0                                    ; 60F400 0000C0
145FED: move     #>$c0,r1                                    ; 61F400 0000C0
145FEF: do       #<$10,>$145ff9                              ; 061080 145FF8
145FF1: mpy      x0,y1,a         y:(r0)+,x1                  ; 4DD8C0
145FF2: asl      #$4,a,a                                     ; 0C1D08
145FF3: add      x1,a            x1,x0                       ; 20A460
145FF4: mpy      x0,y1,b         y:(r0)+,x1                  ; 4DD8C8
145FF5: asl      #$4,b,b                                     ; 0C1D89
145FF6: add      x1,b            x1,x0                       ; 20A468
145FF7: move     a,y:(r1)+                                   ; 5E5900
145FF8: move     b,y:(r1)+                                   ; 5F5900
145FF9: move     x0,y:(r6+$30)                               ; 02C6A4
145FFA: move     #>$141a80,r1                                ; 61F400 141A80
145FFC: move     y:(r6+$8),b                                 ; 0226BF
145FFD: add      #>$8000,b                                   ; 0140C8 008000
145FFF: move     #>$18,x1                                    ; 45F400 000018
146001: move     b,x0                                        ; 21E400
146002: mpy      x1,x0,b                                     ; 2000A8
146003: move     l:?:>$5,a                                   ; 48F000 000005
146005: move     b1,n1                                       ; 21B900
146006: move     a1,y1                                       ; 218700
146007: move     a0,y0                                       ; 210600
146008: nop                                                  ; 000000
146009: move     y:(r1+n1),x0                                ; 4CE900
14600A: mpysu    x0,y0,a                                     ; 01278D
14600B: dmac     ss x0,y1,a                                  ; 012484
14600C: asl      #$3,a,a                                     ; 0C1D06
14600D: move     y:(r6+$1a),b                                ; 026EBF
14600E: move     y:(r6+$1b),b0                               ; 026EF9
14600F: move     a1,y:(r6+$1a)                               ; 026EAC
146010: move     a0,y:(r6+$1b)                               ; 026EE8
146011: sub      b,a                                         ; 200014
146012: asr      #$5,a,a                                     ; 0C1C0A
146013: move     #>$20,r1                                    ; 61F400 000020
146015: move     a1,y1                                       ; 218700
146016: move     a0,y0                                       ; 210600
146017: tfr      b,a                                         ; 200001
146018: move     y:(r6+$18),b                                ; 0266BF
146019: move     y:(r6+$19),b0                               ; 0266F9
14601A: move     #>$1fff,x0                                  ; 44F400 001FFF
14601C: move     #>$14a000,x1                                ; 45F400 14A000
14601E: do       #<$20,>$146024                              ; 062080 146023
146020: add      y,a                                         ; 200030
146021: add      a,b             b,l:(r1)+                   ; 495918
146022: and      x0,b                                        ; 20004E
146023: add      x1,b                                        ; 200068
146024: move     #>$20,r1                                    ; 61F400 000020
146026: move     #>$e0,r5                                    ; 65F400 0000E0
146028: move     b1,y:(r6+$18)                               ; 0266AD
146029: move     r1,r4                                       ; 223400
14602A: move     x:(r1)+,r2                                  ; 62D900
14602B: move     b0,y:(r6+$19)                               ; 0266E9
14602C: move     y:(r4)+,y0                                  ; 4EDC00
14602D: move     x:(r1)+,r0                                  ; 60D900
14602E: move     x:(r2)+,x1                                  ; 45DA00
14602F: mpysu    -x1,y0,a                                    ; 012796
146030: add      x1,a            x:(r2),x0                   ; 44E260
146031: add      x1,a            x:(r1)+,r2                  ; 62D960
146032: macsu    x0,y0,a                                     ; 01268D
146033: asr      a               x:(r0)+,x1      y:(r4)+,y0  ; F49822
146034: mpysu    -x1,y0,b                                    ; 0127B6
146035: add      x1,b            x:(r0),x0       a,y:(r5)+   ; B2A068
146036: add      x1,b            x:(r1)+,r0                  ; 60D968
146037: macsu    x0,y0,b                                     ; 0126AD
146038: asr      b               x:(r2)+,x1      y:(r4)+,y0  ; F49A2A
146039: do       #<$f,>$146045                               ; 060F80 146044
14603B: mpysu    -x1,y0,a                                    ; 012796
14603C: add      x1,a            x:(r2),x0       b,y:(r5)+   ; B3A260
14603D: add      x1,a            x:(r1)+,r2                  ; 62D960
14603E: macsu    x0,y0,a                                     ; 01268D
14603F: asr      a               x:(r0)+,x1      y:(r4)+,y0  ; F49822
146040: mpysu    -x1,y0,b                                    ; 0127B6
146041: add      x1,b            x:(r0),x0       a,y:(r5)+   ; B2A068
146042: add      x1,b            x:(r1)+,r0                  ; 60D968
146043: macsu    x0,y0,b                                     ; 0126AD
146044: asr      b               x:(r2)+,x1      y:(r4)+,y0  ; F49A2A
146045: move     y:(r6+$22),x0                               ; 028EB4
146046: move     b,y:(r5)+                                   ; 5F5D00
146047: move     #>$e0,r5                                    ; 65F400 0000E0
146049: move     #>$80,r3                                    ; 63F400 000080
14604B: move     y:(r5)+,b                                   ; 5FDD00
14604C: move     y:(r5)+,a                                   ; 5EDD00
14604D: sub      x0,b            b,x0                        ; 21E44C
14604E: sub      x0,a            a,x0                        ; 21C444
14604F: do       #<$f,>$146055                               ; 060F80 146054
146051: move     b,x:(r3)+       y:(r5)+,b                   ; FF3B00
146052: move     a,x:(r3)+       y:(r5)+,a                   ; FA3B00
146053: sub      x0,b            b,x0                        ; 21E44C
146054: sub      x0,a            a,x0                        ; 21C444
146055: move     b,x:(r3)+                                   ; 575B00
146056: move     a,x:(r3)+                                   ; 565B00
146057: move     x0,y:(r6+$22)                               ; 028EA4
146058: move     #>$80,r5                                    ; 65F400 000080
14605A: move     #>$144ac7,r2                                ; 62F400 144AC7
14605C: move     y:(r6+$a),b                                 ; 022EBF
14605D: asr      #$10,b,b                                    ; 0C1CA1
14605E: move     y:(r6+$2e),a                                ; 02BEBE
14605F: move     b,n2                                        ; 21FA00
146060: move     #>$e0,r4                                    ; 64F400 0000E0
146062: move     x:(r5)+,x0                                  ; 44DD00
146063: move     y:(r2+n2),y0                                ; 4EEA00
146064: do       #<$20,>$146068                              ; 062080 146067
146066: mac      y0,x0,a         a,x1            a,y:(r4)+   ; 165CD2
146067: mac      -x1,y0,a        x:(r5)+,x0                  ; 44DDE6
146068: move     a,y:(r6+$2e)                                ; 02BEAE
146069: move     y:(r6+$9),b                                 ; 0226FF
14606A: clr      a                                           ; 200013
14606B: cmp      #>$400000,b                                 ; 0140CD 400000
14606D: blt      func_146074                                 ; 0D1049 000007
14606F: sub      #>$400000,b                                 ; 0140CC 400000
146071: add      a,b                                         ; 200018
146072: nop                                                  ; 000000
146073: move     b,a                                         ; 21EE00
146074: move     y:(r6+$31),x0                               ; 02C6F4
146075: move     a,y1                                        ; 21C700
146076: move     #>$e0,r0                                    ; 60F400 0000E0
146078: move     #>$e0,r1                                    ; 61F400 0000E0
14607A: do       #<$10,>$146084                              ; 061080 146083
14607C: mpy      x0,y1,a         y:(r0)+,x1                  ; 4DD8C0
14607D: asl      #$4,a,a                                     ; 0C1D08
14607E: add      x1,a            x1,x0                       ; 20A460
14607F: mpy      x0,y1,b         y:(r0)+,x1                  ; 4DD8C8
146080: asl      #$4,b,b                                     ; 0C1D89
146081: add      x1,b            x1,x0                       ; 20A468
146082: move     a,y:(r1)+                                   ; 5E5900
146083: move     b,y:(r1)+                                   ; 5F5900
146084: move     x0,y:(r6+$31)                               ; 02C6E4
146085: move     #>$80,r0                                    ; 60F400 000080
146087: move     #>$c0,r1                                    ; 61F400 0000C0
146089: move     #>$80,r2                                    ; 62F400 000080
14608B: move     y:(r6+$7),b                                 ; 021EFF
14608C: move     y:(r6+$33),y0                               ; 02CEF6
14608D: cmp      #>$400000,b                                 ; 0140CD 400000
14608F: blt      func_14609e                                 ; 0D1049 00000F
146091: sub      #>$400000,b                                 ; 0140CC 400000
146093: move     #>$7fffff,a                                 ; 56F400 7FFFFF
146095: move     b,x0                                        ; 21E400
146096: mpy      x0,x0,b                                     ; 200088
146097: move     b,x0                                        ; 21E400
146098: mac      -x0,x0,a                                    ; 200086
146099: move     a,x0                                        ; 21C400
14609A: mpy      y0,x0,a                                     ; 2000D0
14609B: nop                                                  ; 000000
14609C: move     a,y0                                        ; 21C600
14609D: move     y0,y:(r6+$33)                               ; 02CEE6
14609E: move     y:(r6+$7),x0                                ; 021EF4
14609F: mpy      x0,x0,a                                     ; 200080
1460A0: asl      #$2,a,a                                     ; 0C1D04
1460A1: move     a,x0                                        ; 21C400
1460A2: mpy      y0,x0,a                                     ; 2000D0
1460A3: move     a,y1                                        ; 21C700
1460A4: move     y:(r6+$5),b                                 ; 0216FF
1460A5: move     y:(r6+$32),y0                               ; 02CEB6
1460A6: cmp      #>$400000,b                                 ; 0140CD 400000
1460A8: blt      func_1460b7                                 ; 0D1049 00000F
1460AA: sub      #>$400000,b                                 ; 0140CC 400000
1460AC: move     #>$7fffff,a                                 ; 56F400 7FFFFF
1460AE: move     b,x0                                        ; 21E400
1460AF: mpy      x0,x0,b                                     ; 200088
1460B0: move     b,x0                                        ; 21E400
1460B1: mac      -x0,x0,a                                    ; 200086
1460B2: move     a,x0                                        ; 21C400
1460B3: mpy      y0,x0,a                                     ; 2000D0
1460B4: nop                                                  ; 000000
1460B5: move     a,y0                                        ; 21C600
1460B6: move     y0,y:(r6+$32)                               ; 02CEA6
1460B7: move     y:(r6+$5),x0                                ; 0216F4
1460B8: mpy      x0,x0,a                                     ; 200080
1460B9: asl      #$2,a,a                                     ; 0C1D04
1460BA: move     a,x0                                        ; 21C400
1460BB: mpy      y0,x0,a                                     ; 2000D0
1460BC: move     a,y0                                        ; 21C600
1460BD: move     y:(r0)+,x0                                  ; 4CD800
1460BE: move     y:(r1)+,x1                                  ; 4DD900
1460BF: mpy      y0,x0,a                                     ; 2000D0
1460C0: mac      y1,x1,a         y:(r0)+,x0                  ; 4CD8F2
1460C1: move     y:(r1)+,x1                                  ; 4DD900
1460C2: do       #<$1f,>$1460c7                              ; 061F80 1460C6
1460C4: mpy      y0,x0,a         a,x:(r2)+                   ; 565AD0
1460C5: mac      y1,x1,a         y:(r0)+,x0                  ; 4CD8F2
1460C6: move     y:(r1)+,x1                                  ; 4DD900
1460C7: move     a,x:(r2)+                                   ; 565A00
1460C8: move     #>$e0,r0                                    ; 60F400 0000E0
1460CA: move     #>$80,r1                                    ; 61F400 000080
1460CC: move     #>$80,r4                                    ; 64F400 000080
1460CE: move     y:(r6+$9),b                                 ; 0226FF
1460CF: move     y:(r6+$34),y0                               ; 02D6B6
1460D0: cmp      #>$400000,b                                 ; 0140CD 400000
1460D2: blt      func_1460e1                                 ; 0D1049 00000F
1460D4: sub      #>$400000,b                                 ; 0140CC 400000
1460D6: move     #>$7fffff,a                                 ; 56F400 7FFFFF
1460D8: move     b,x0                                        ; 21E400
1460D9: mpy      x0,x0,b                                     ; 200088
1460DA: move     b,x0                                        ; 21E400
1460DB: mac      -x0,x0,a                                    ; 200086
1460DC: move     a,x0                                        ; 21C400
1460DD: mpy      y0,x0,a                                     ; 2000D0
1460DE: nop                                                  ; 000000
1460DF: move     a,y0                                        ; 21C600
1460E0: move     y0,y:(r6+$34)                               ; 02D6A6
1460E1: move     y:(r6+$9),x0                                ; 0226F4
1460E2: mpy      x0,x0,a                                     ; 200080
1460E3: asl      #$2,a,a                                     ; 0C1D04
1460E4: move     a,x0                                        ; 21C400
1460E5: mpy      y0,x0,a                                     ; 2000D0
1460E6: move     a,y0                                        ; 21C600
1460E7: move     y:(r0)+,y1                                  ; 4FD800
1460E8: move     x:(r1)+,a                                   ; 56D900
1460E9: mac      y1,y0,a         y:(r0)+,y1                  ; 4FD8B2
1460EA: move     x:(r1)+,b                                   ; 57D900
1460EB: do       #<$f,>$1460f1                               ; 060F80 1460F0
1460ED: mac      y1,y0,b         a,x:(r4)+       y:(r0)+,y1  ; F91CBA
1460EE: move     x:(r1)+,a                                   ; 56D900
1460EF: mac      y1,y0,a         b,x:(r4)+       y:(r0)+,y1  ; FD1CB2
1460F0: move     x:(r1)+,b                                   ; 57D900
1460F1: mac      y1,y0,b         a,x:(r4)+       y:(r0)+,y1  ; F91CBA
1460F2: move     b,x:(r4)+                                   ; 575C00
1460F3: move     #>$80,r5                                    ; 65F400 000080
1460F5: move     #>$144ac7,r2                                ; 62F400 144AC7
1460F7: move     y:(r6+$a),b                                 ; 022EBF
1460F8: asr      #$10,b,b                                    ; 0C1CA1
1460F9: move     y:(r6+$2b),a                                ; 02AEFE
1460FA: move     b,n2                                        ; 21FA00
1460FB: move     #>$80,r4                                    ; 64F400 000080
1460FD: move     x:(r5)+,x0                                  ; 44DD00
1460FE: move     y:(r2+n2),y0                                ; 4EEA00
1460FF: do       #<$20,>$146103                              ; 062080 146102
146101: mac      y0,x0,a         a,x:(r4)+       a,y1        ; 191CD2
146102: mac      -y1,y0,a        x:(r5)+,x0                  ; 44DDB6
146103: move     a,y:(r6+$2b)                                ; 02AEEE
146104: move     l:?:>$5,a                                   ; 48F000 000005
146106: move     y:(r6+$1e),b                                ; 027EBF
146107: move     y:(r6+$1f),b0                               ; 027EF9
146108: move     a1,y:(r6+$1e)                               ; 027EAC
146109: move     a0,y:(r6+$1f)                               ; 027EE8
14610A: sub      b,a                                         ; 200014
14610B: asr      #$5,a,a                                     ; 0C1C0A
14610C: move     #>$20,r1                                    ; 61F400 000020
14610E: move     #>$80,r0                                    ; 60F400 000080
146110: move     a1,y1                                       ; 218700
146111: move     a0,y0                                       ; 210600
146112: tfr      b,a                                         ; 200001
146113: move     y:(r6+$1c),b                                ; 0276BF
146114: move     y:(r6+$1d),b0                               ; 0276F9
146115: do       #<$20,>$146124                              ; 062080 146123
146117: add      y,a                                         ; 200030
146118: add      a,b             b,l:(r1)+                   ; 495918
146119: move     a1,x1                                       ; 218500
14611A: move     a0,x0                                       ; 210400
14611B: move     x:(r0)+,a                                   ; 56D800
14611C: asr      #$c,a,a                                     ; 0C1C18
14611D: add      a,b                                         ; 200018
14611E: and      #>$1fff,b                                   ; 0140CE 001FFF
146120: add      #>$14a000,b                                 ; 0140C8 14A000
146122: move     x1,a                                        ; 20AE00
146123: move     x0,a0                                       ; 208800
146124: move     #>$20,r1                                    ; 61F400 000020
146126: move     #>$e0,r5                                    ; 65F400 0000E0
146128: move     b1,y:(r6+$1c)                               ; 0276AD
146129: move     r1,r4                                       ; 223400
14612A: move     x:(r1)+,r2                                  ; 62D900
14612B: move     b0,y:(r6+$1d)                               ; 0276E9
14612C: move     y:(r4)+,y0                                  ; 4EDC00
14612D: move     x:(r1)+,r0                                  ; 60D900
14612E: move     y:(r2)+,x1                                  ; 4DDA00
14612F: mpysu    -x1,y0,a                                    ; 012796
146130: add      x1,a            y:(r2),y1                   ; 4FE260
146131: add      x1,a            x:(r1)+,r2                  ; 62D960
146132: macsu    y1,y0,a                                     ; 012683
146133: move     x:(r0)+,x1      y:(r4)+,y0                  ; F49800
146134: asr      #$3,a,a                                     ; 0C1C06
146135: mpysu    -x1,y0,b                                    ; 0127B6
146136: add      x1,b            a,x:(r5)+       y:(r0),y1   ; C91D68
146137: add      x1,b            x:(r1)+,r0                  ; 60D968
146138: macsu    y1,y0,b                                     ; 0126A3
146139: move     x:(r2)+,x1      y:(r4)+,y0                  ; F49A00
14613A: asr      #$3,b,b                                     ; 0C1C87
14613B: do       #<$f,>$146149                               ; 060F80 146148
14613D: mpysu    -x1,y0,a                                    ; 012796
14613E: add      x1,a            b,x:(r5)+       y:(r2),y1   ; CD5D60
14613F: add      x1,a            x:(r1)+,r2                  ; 62D960
146140: macsu    y1,y0,a                                     ; 012683
146141: move     x:(r0)+,x1      y:(r4)+,y0                  ; F49800
146142: asr      #$3,a,a                                     ; 0C1C06
146143: mpysu    -x1,y0,b                                    ; 0127B6
146144: add      x1,b            a,x:(r5)+       y:(r0),y1   ; C91D68
146145: add      x1,b            x:(r1)+,r0                  ; 60D968
146146: macsu    y1,y0,b                                     ; 0126A3
146147: move     x:(r2)+,x1      y:(r4)+,y0                  ; F49A00
146148: asr      #$3,b,b                                     ; 0C1C87
146149: move     b,x:(r5)+                                   ; 575D00
14614A: move     #>$de,r0                                    ; 60F400 0000DE
14614C: move     #>$e0,r1                                    ; 61F400 0000E0
14614E: move     y:(r6+$23),x0                               ; 028EF4
14614F: move     x0,x:(r0)+                                  ; 445800
146150: move     y:(r6+$24),x0                               ; 0296B4
146151: move     x0,x:(r0)-                                  ; 445000
146152: move     #>$cfce3,x1                                 ; 45F400 0CFCE3
146154: move     #>$2bc9ca,y0                                ; 46F400 2BC9CA
146156: move     y:(r6+$27),y1                               ; 029EF7
146157: move     y:(r6+$28),b                                ; 02A6BF
146158: move     #>$1e,r4                                    ; 64F400 00001E
14615A: move     x:(r1)+,x0                                  ; 44D900
14615B: move     x:(r0)+,a                                   ; 56D800
14615C: do       #<$10,>$146162                              ; 061080 146161
14615E: mac      y0,x0,a         x:(r1)+,x0      y1,y:(r4)+  ; B199D2
14615F: mac      -y1,y0,a        x:(r0)+,b       b,y1        ; 1F98B6
146160: mac      x1,x0,b         x:(r1)+,x0      y1,y:(r4)+  ; B199AA
146161: mac      -y1,x1,b        x:(r0)+,a       a,y1        ; 1998FE
146162: move     y1,y:(r4)+                                  ; 4F5C00
146163: move     b,y:(r4)+                                   ; 5F5C00
146164: move     y1,y:(r6+$27)                               ; 029EE7
146165: move     b,y:(r6+$28)                                ; 02A6AF
146166: move     a,y:(r6+$23)                                ; 028EEE
146167: move     x:(r0)+,x0                                  ; 44D800
146168: move     x0,y:(r6+$24)                               ; 0296A4
146169: move     #>$1e,r4                                    ; 64F400 00001E
14616B: move     #>$20,r5                                    ; 65F400 000020
14616D: move     y:(r6+$25),x0                               ; 0296F4
14616E: move     x0,y:(r4)+                                  ; 4C5C00
14616F: move     y:(r6+$26),x0                               ; 029EB4
146170: move     x0,y:(r4)-                                  ; 4C5400
146171: move     #>$4e63df,y1                                ; 47F400 4E63DF
146173: move     #>$6f0f12,x0                                ; 44F400 6F0F12
146175: move     y:(r6+$29),x1                               ; 02A6F5
146176: move     y:(r6+$2a),b                                ; 02AEBF
146177: move     #>$1e,r0                                    ; 60F400 00001E
146179: move     y:(r5)+,y0                                  ; 4EDD00
14617A: move     y:(r4)+,a                                   ; 5EDC00
14617B: do       #<$10,>$146181                              ; 061080 146180
14617D: mac      y0,x0,a         x1,x:(r0)+      y:(r5)+,y0  ; F438D2
14617E: mac      -x1,x0,a        b,x1            y:(r4)+,b   ; 1FDCA6
14617F: mac      y1,y0,b         x1,x:(r0)+      y:(r5)+,y0  ; F438BA
146180: mac      -y1,x1,b        a,x1            y:(r4)+,a   ; 16DCFE
146181: move     x1,x:(r0)+                                  ; 455800
146182: move     b,x:(r0)+                                   ; 575800
146183: move     x1,y:(r6+$29)                               ; 02A6E5
146184: move     b,y:(r6+$2a)                                ; 02AEAF
146185: move     a,y:(r6+$25)                                ; 0296EE
146186: move     y:(r4)+,x0                                  ; 4CDC00
146187: move     x0,y:(r6+$26)                               ; 029EA4
146188: move     #>$20,r0                                    ; 60F400 000020
14618A: move     #$40,y0                                     ; 264000
14618B: move     x:(r0)+,x0                                  ; 44D800
14618C: mpy      y0,x0,a         x:(r0)+,x0                  ; 44D8D0
14618D: mac      y0,x0,a         x:(r0)+,x0                  ; 44D8D2
14618E: asr      a                                           ; 200022
14618F: mpy      y0,x0,b         x:(r0)+,x0                  ; 44D8D8
146190: mac      y0,x0,b         x:(r0)+,x0      a,y:(r7)+   ; B2F8DA
146191: asr      b               a,y:(r7)+                   ; 5E5F2A
146192: do       #<$7,>$14619a                               ; 060780 146199
146194: mpy      y0,x0,a         x:(r0)+,x0                  ; 44D8D0
146195: mac      y0,x0,a         x:(r0)+,x0      b,y:(r7)+   ; B3F8D2
146196: asr      a               b,y:(r7)+                   ; 5F5F22
146197: mpy      y0,x0,b         x:(r0)+,x0                  ; 44D8D8
146198: mac      y0,x0,b         x:(r0)+,x0      a,y:(r7)+   ; B2F8DA
146199: asr      b               a,y:(r7)+                   ; 5E5F2A
14619A: move     b,y:(r7)+                                   ; 5F5F00
14619B: move     b,y:(r7)+                                   ; 5F5F00
14619C: rts                                                  ; 00000C
14619D: lua      (r6+$11),r0                                 ; 040E10
14619E: move     #>$14a000,x0                                ; 44F400 14A000
1461A0: move     #$0,x1                                      ; 250000
1461A1: do       #<$1a,>$1461a4                              ; 061A80 1461A3
1461A3: move     x1,y:(r0)+                                  ; 4D5800
1461A4: move     x0,y:(r6+$10)                               ; 0246A4
1461A5: move     x0,y:(r6+$14)                               ; 0256A4
1461A6: move     x0,y:(r6+$18)                               ; 0266A4
1461A7: rts                                                  ; 00000C
1461A8: move     #>$7fffff,a                                 ; 56F400 7FFFFF
1461AA: move     a,y:(r6+$2d)                                ; 02B6EE
1461AB: move     y:(r6+$7),a                                 ; 021EFE
1461AC: sub      #>$400000,a                                 ; 0140C4 400000
1461AE: move     y:(r6+$6),x0                                ; 021EB4
1461AF: move     a,x1                                        ; 21C500
1461B0: mpy      x1,x0,b                                     ; 2000A8
1461B1: tst      a                                           ; 200003
1461B2: move     b,x0                                        ; 21E400
1461B3: tfr      x0,a            ifmi                        ; 202B41
1461B4: asl      a                                           ; 200032
1461B5: asl      a                                           ; 200032
1461B6: move     y:(r6+$5),b                                 ; 0216FF
1461B7: move     a,y:(r6+$2c)                                ; 02B6AE
1461B8: sub      #>$400000,b                                 ; 0140CC 400000
1461BA: asr      b               ifmi                        ; 202B2A
1461BB: move     b,y0                                        ; 21E600
1461BC: abs      b                                           ; 20002E
1461BD: move     b,y1                                        ; 21E700
1461BE: mpy      y1,y0,b                                     ; 2000B8
1461BF: move     b,y:(r6+$2e)                                ; 02BEAF
1461C0: rts                                                  ; 00000C
1461C1: move     #>$be37c,x0                                 ; 44F400 0BE37C
1461C3: move     a1,y1                                       ; 218700
1461C4: move     a0,y0                                       ; 210600
1461C5: mpysu    x0,y0,a                                     ; 01278D
1461C6: dmac     ss x0,y1,a                                  ; 012484
1461C7: nop                                                  ; 000000
1461C8: move     a,l:?:>$5                                   ; 487000 000005
1461CA: move     #>$1fff,m2                                  ; 05F422 001FFF
1461CC: move     #>$1fff,m0                                  ; 05F420 001FFF
1461CE: move     #>$141880,r1                                ; 61F400 141880
1461D0: move     y:(r6+$5),b                                 ; 0216FF
1461D1: move     #>$80,a                                     ; 56F400 000080
1461D3: sub      #>$400000,b                                 ; 0140CC 400000
1461D5: asr      #$f,b,b                                     ; 0C1C9F
1461D6: abs      b                                           ; 20002E
1461D7: sub      b,a                                         ; 200014
1461D8: move     a,n1                                        ; 21D900
1461D9: move     y:(r6+$2e),x0                               ; 02BEB4
1461DA: move     y:(r1+n1),x1                                ; 4DE900
1461DB: mpy      -x1,x0,b                                    ; 2000AC
1461DC: move     b,y:(r6+$2e)                                ; 02BEAF
1461DD: asr      #$c,b,b                                     ; 0C1C99
1461DE: move     l:?:>$5,a                                   ; 48F000 000005
1461E0: add      b,a                                         ; 200010
1461E1: move     #>$7fffff,x0                                ; 44F400 7FFFFF
1461E3: move     y:(r6+$4),b                                 ; 0216BF
1461E4: cmp      #>$7effff,b                                 ; 0140CD 7EFFFF
1461E6: tfr      x0,b            ifgt                        ; 202749
1461E7: move     b,x0                                        ; 21E400
1461E8: move     a1,y1                                       ; 218700
1461E9: move     a0,y0                                       ; 210600
1461EA: mpysu    x0,y0,a                                     ; 01278D
1461EB: dmac     ss x0,y1,a                                  ; 012484
1461EC: asl      #$1,a,a                                     ; 0C1D02
1461ED: move     y:(r6+$12),b                                ; 024EBF
1461EE: move     y:(r6+$13),b0                               ; 024EF9
1461EF: move     a1,y:(r6+$12)                               ; 024EAC
1461F0: move     a0,y:(r6+$13)                               ; 024EE8
1461F1: sub      b,a                                         ; 200014
1461F2: asr      #$5,a,a                                     ; 0C1C0A
1461F3: move     #>$20,r1                                    ; 61F400 000020
1461F5: move     a1,y1                                       ; 218700
1461F6: move     a0,y0                                       ; 210600
1461F7: tfr      b,a                                         ; 200001
1461F8: move     y:(r6+$10),b                                ; 0246BF
1461F9: move     y:(r6+$11),b0                               ; 0246F9
1461FA: move     #>$1fff,x0                                  ; 44F400 001FFF
1461FC: move     #>$14a000,x1                                ; 45F400 14A000
1461FE: do       #<$20,>$146204                              ; 062080 146203
146200: add      y,a                                         ; 200030
146201: add      a,b             b,l:(r1)+                   ; 495918
146202: and      x0,b                                        ; 20004E
146203: add      x1,b                                        ; 200068
146204: nop                                                  ; 000000
146205: move     b1,y:(r6+$10)                               ; 0246AD
146206: move     b0,y:(r6+$11)                               ; 0246E9
146207: move     #>$20,r1                                    ; 61F400 000020
146209: move     #>$80,r5                                    ; 65F400 000080
14620B: nop                                                  ; 000000
14620C: move     r1,r4                                       ; 223400
14620D: nop                                                  ; 000000
14620E: nop                                                  ; 000000
14620F: move     x:(r1)+,r2                                  ; 62D900
146210: move     y:(r4)+,y0                                  ; 4EDC00
146211: nop                                                  ; 000000
146212: nop                                                  ; 000000
146213: move     x:(r2)+,x1                                  ; 45DA00
146214: move     x:(r1)+,r0                                  ; 60D900
146215: do       #<$10,>$146223                              ; 061080 146222
146217: mpysu    -x1,y0,a                                    ; 012796
146218: add      x1,a            x:(r2),x0                   ; 44E260
146219: add      x1,a            x:(r1)+,r2                  ; 62D960
14621A: macsu    x0,y0,a                                     ; 01268D
14621B: asr      a               x:(r0)+,x1      y:(r4)+,y0  ; F49822
14621C: mpysu    -x1,y0,b                                    ; 0127B6
14621D: add      x1,b            x:(r0),x0                   ; 44E068
14621E: add      x1,b            x:(r1)+,r0                  ; 60D968
14621F: macsu    x0,y0,b                                     ; 0126AD
146220: asr      b               x:(r2)+,x1      y:(r4)+,y0  ; F49A2A
146221: move     a,y:(r5)+                                   ; 5E5D00
146222: move     b,y:(r5)+                                   ; 5F5D00
146223: move     #>$80,r4                                    ; 64F400 000080
146225: move     #>$80,r5                                    ; 65F400 000080
146227: move     y:(r6+$1c),x0                               ; 0276B4
146228: do       #<$20,>$14622d                              ; 062080 14622C
14622A: move     y:(r5)+,b                                   ; 5FDD00
14622B: sub      x0,b            b,x0                        ; 21E44C
14622C: move     b,y:(r4)+                                   ; 5F5C00
14622D: move     x0,y:(r6+$1c)                               ; 0276A4
14622E: move     y:(r6+$2a),a                                ; 02AEBE
14622F: move     #>$80,r5                                    ; 65F400 000080
146231: move     #>$80,r4                                    ; 64F400 000080
146233: move     #$40,y0                                     ; 264000
146234: move     y:(r5)+,x0                                  ; 4CDD00
146235: do       #<$20,>$146239                              ; 062080 146238
146237: mac      y0,x0,a         a,x1            a,y:(r4)+   ; 165CD2
146238: mac      -x1,y0,a        y:(r5)+,x0                  ; 4CDDE6
146239: move     a,y:(r6+$2a)                                ; 02AEAE
14623A: move     #>$141880,r1                                ; 61F400 141880
14623C: move     y:(r6+$7),b                                 ; 021EFF
14623D: move     #>$80,a                                     ; 56F400 000080
14623F: sub      #>$400000,b                                 ; 0140CC 400000
146241: asr      #$f,b,b                                     ; 0C1C9F
146242: abs      b                                           ; 20002E
146243: sub      b,a                                         ; 200014
146244: move     a,n1                                        ; 21D900
146245: move     y:(r6+$2c),x0                               ; 02B6B4
146246: move     y:(r1+n1),x1                                ; 4DE900
146247: mpy      -x1,x0,a                                    ; 2000A4
146248: move     a,y:(r6+$2c)                                ; 02B6AE
146249: move     y:(r6+$6),b                                 ; 021EBF
14624A: add      a,b                                         ; 200018
14624B: clr      a                                           ; 200013
14624C: sub      #>$400000,b                                 ; 0140CC 400000
14624E: tst      b                                           ; 20000B
14624F: tfr      b,a             ifpl                        ; 202301
146250: move     a,y1                                        ; 21C700
146251: move     #>$80,r0                                    ; 60F400 000080
146253: move     y:(r6+$20),x0                               ; 0286B4
146254: do       #<$20,>$14625a                              ; 062080 146259
146256: mpy      x0,y1,a         y:(r0),x1                   ; 4DE0C0
146257: asl      #$4,a,a                                     ; 0C1D08
146258: add      x1,a            x1,x0                       ; 20A460
146259: move     a,y:(r0)+                                   ; 5E5800
14625A: move     x0,y:(r6+$20)                               ; 0286A4
14625B: move     #>$7fffff,x0                                ; 44F400 7FFFFF
14625D: move     y:(r6+$8),b                                 ; 0226BF
14625E: cmp      #>$7effff,b                                 ; 0140CD 7EFFFF
146260: tfr      x0,b            ifgt                        ; 202749
146261: move     b,x0                                        ; 21E400
146262: move     l:?:>$5,a                                   ; 48F000 000005
146264: mpy      x0,x0,b                                     ; 200088
146265: move     a1,y1                                       ; 218700
146266: move     a0,y0                                       ; 210600
146267: move     b,x0                                        ; 21E400
146268: mpysu    x0,y0,a                                     ; 01278D
146269: dmac     ss x0,y1,a                                  ; 012484
14626A: asl      #$2,a,a                                     ; 0C1D04
14626B: nop                                                  ; 000000
14626C: move     a1,y1                                       ; 218700
14626D: move     a0,y0                                       ; 210600
14626E: move     y:(r6+$14),b                                ; 0256BF
14626F: move     y:(r6+$15),b0                               ; 0256F9
146270: move     y:(r6+$a),a                                 ; 022EBE
146271: asr      #$b,a,a                                     ; 0C1C16
146272: move     #>$c0,r5                                    ; 65F400 0000C0
146274: move     a,x0                                        ; 21C400
146275: move     y:(r6+$1e),a                                ; 027EBE
146276: move     y:(r6+$1f),a0                               ; 027EF8
146277: do       #<$20,>$146283                              ; 062080 146282
146279: add      y,b                                         ; 200038
14627A: add      a,b                                         ; 200018
14627B: and      #>$1fff,b                                   ; 0140CE 001FFF
14627D: add      #>$14a000,b                                 ; 0140C8 14A000
14627F: move     b1,r3                                       ; 21B300
146280: sub      a,b                                         ; 20001C
146281: move     x:(r3),x1                                   ; 45E300
146282: mpy      x1,x0,a         x1,y:(r5)+                  ; 4D5DA0
146283: move     b1,y:(r6+$14)                               ; 0256AD
146284: move     b0,y:(r6+$15)                               ; 0256E9
146285: move     a1,y:(r6+$1e)                               ; 027EAC
146286: move     a0,y:(r6+$1f)                               ; 027EE8
146287: move     #>$c0,r5                                    ; 65F400 0000C0
146289: move     #>$c0,r4                                    ; 64F400 0000C0
14628B: move     y:(r6+$1d),x0                               ; 0276F4
14628C: do       #<$20,>$146291                              ; 062080 146290
14628E: move     y:(r5)+,b                                   ; 5FDD00
14628F: sub      x0,b            b,x0                        ; 21E44C
146290: move     b,y:(r4)+                                   ; 5F5C00
146291: move     x0,y:(r6+$1d)                               ; 0276E4
146292: move     y:(r6+$2b),a                                ; 02AEFE
146293: move     #>$c0,r5                                    ; 65F400 0000C0
146295: move     #>$c0,r4                                    ; 64F400 0000C0
146297: move     #$40,y0                                     ; 264000
146298: move     y:(r5)+,x0                                  ; 4CDD00
146299: do       #<$20,>$14629d                              ; 062080 14629C
14629B: mac      y0,x0,a         a,x1            a,y:(r4)+   ; 165CD2
14629C: mac      -x1,y0,a        y:(r5)+,x0                  ; 4CDDE6
14629D: move     a,y:(r6+$2b)                                ; 02AEEE
14629E: move     #>$80,r0                                    ; 60F400 000080
1462A0: move     #>$c0,r1                                    ; 61F400 0000C0
1462A2: move     #>$80,r2                                    ; 62F400 000080
1462A4: move     y:(r6+$6),x0                                ; 021EB4
1462A5: mpy      x0,x0,a                                     ; 200080
1462A6: move     y:(r6+$2c),b                                ; 02B6BF
1462A7: add      b,a                                         ; 200010
1462A8: asl      #$2,a,a                                     ; 0C1D04
1462A9: move     a,y0                                        ; 21C600
1462AA: move     y:(r6+$9),b                                 ; 0226FF
1462AB: move     y:(r6+$2d),y1                               ; 02B6F7
1462AC: cmp      #>$400000,b                                 ; 0140CD 400000
1462AE: blt      func_1462bd                                 ; 0D1049 00000F
1462B0: sub      #>$400000,b                                 ; 0140CC 400000
1462B2: move     #>$7fffff,a                                 ; 56F400 7FFFFF
1462B4: move     b,x0                                        ; 21E400
1462B5: mpy      x0,x0,b                                     ; 200088
1462B6: move     b,x0                                        ; 21E400
1462B7: mac      -x0,x0,a                                    ; 200086
1462B8: move     a,x0                                        ; 21C400
1462B9: mpy      x0,y1,a                                     ; 2000C0
1462BA: nop                                                  ; 000000
1462BB: move     a,y1                                        ; 21C700
1462BC: move     y1,y:(r6+$2d)                               ; 02B6E7
1462BD: move     y:(r6+$9),x0                                ; 0226F4
1462BE: mpy      x0,x0,a                                     ; 200080
1462BF: asl      #$2,a,a                                     ; 0C1D04
1462C0: move     a,x0                                        ; 21C400
1462C1: mpy      x0,y1,a                                     ; 2000C0
1462C2: move     a,y1                                        ; 21C700
1462C3: move     y:(r0)+,x0                                  ; 4CD800
1462C4: move     y:(r1)+,x1                                  ; 4DD900
1462C5: mpy      y0,x0,a                                     ; 2000D0
1462C6: mpy      y1,x1,b         y:(r0)+,x0                  ; 4CD8F8
1462C7: add      a,b             y:(r1)+,x1                  ; 4DD918
1462C8: do       #<$1f,>$1462cd                              ; 061F80 1462CC
1462CA: mpy      y0,x0,a         b,x:(r2)+                   ; 575AD0
1462CB: mpy      y1,x1,b         y:(r0)+,x0                  ; 4CD8F8
1462CC: add      a,b             y:(r1)+,x1                  ; 4DD918
1462CD: move     b,x:(r2)+                                   ; 575A00
1462CE: move     y:(r6+$29),a                                ; 02A6FE
1462CF: move     #>$80,r5                                    ; 65F400 000080
1462D1: move     #>$80,r4                                    ; 64F400 000080
1462D3: move     #$40,y0                                     ; 264000
1462D4: move     x:(r5)+,x0                                  ; 44DD00
1462D5: do       #<$20,>$1462d9                              ; 062080 1462D8
1462D7: mac      y0,x0,a         a,x:(r4)+       a,y1        ; 191CD2
1462D8: mac      -y1,y0,a        x:(r5)+,x0                  ; 44DDB6
1462D9: move     a,y:(r6+$29)                                ; 02A6EE
1462DA: move     l:?:>$5,a                                   ; 48F000 000005
1462DC: move     y:(r6+$1a),b                                ; 026EBF
1462DD: move     y:(r6+$1b),b0                               ; 026EF9
1462DE: move     a1,y:(r6+$1a)                               ; 026EAC
1462DF: move     a0,y:(r6+$1b)                               ; 026EE8
1462E0: sub      b,a                                         ; 200014
1462E1: asr      #$5,a,a                                     ; 0C1C0A
1462E2: move     #>$20,r1                                    ; 61F400 000020
1462E4: move     #>$80,r0                                    ; 60F400 000080
1462E6: move     a1,y1                                       ; 218700
1462E7: move     a0,y0                                       ; 210600
1462E8: tfr      b,a                                         ; 200001
1462E9: move     y:(r6+$18),b                                ; 0266BF
1462EA: move     y:(r6+$19),b0                               ; 0266F9
1462EB: do       #<$20,>$1462fa                              ; 062080 1462F9
1462ED: add      y,a                                         ; 200030
1462EE: add      a,b             b,l:(r1)+                   ; 495918
1462EF: move     a1,x1                                       ; 218500
1462F0: move     a0,x0                                       ; 210400
1462F1: move     x:(r0)+,a                                   ; 56D800
1462F2: asr      #$c,a,a                                     ; 0C1C18
1462F3: add      a,b                                         ; 200018
1462F4: and      #>$1fff,b                                   ; 0140CE 001FFF
1462F6: add      #>$14a000,b                                 ; 0140C8 14A000
1462F8: move     x1,a                                        ; 20AE00
1462F9: move     x0,a0                                       ; 208800
1462FA: move     b1,y:(r6+$18)                               ; 0266AD
1462FB: move     b0,y:(r6+$19)                               ; 0266E9
1462FC: move     #>$20,r1                                    ; 61F400 000020
1462FE: move     #>$e0,r3                                    ; 63F400 0000E0
146300: move     r1,r4                                       ; 223400
146301: move     x:(r1)+,r2                                  ; 62D900
146302: move     y:(r4)+,y0                                  ; 4EDC00
146303: move     x:(r2)+,x1                                  ; 45DA00
146304: move     x:(r1)+,r0                                  ; 60D900
146305: do       #<$10,>$146317                              ; 061080 146316
146307: mpysu    -x1,y0,a                                    ; 012796
146308: add      x1,a            x:(r2),x0                   ; 44E260
146309: add      x1,a            x:(r1)+,r2                  ; 62D960
14630A: macsu    x0,y0,a                                     ; 01268D
14630B: asr      a               x:(r0)+,x1      y:(r4)+,y0  ; F49822
14630C: asr      a                                           ; 200022
14630D: asr      a                                           ; 200022
14630E: mpysu    -x1,y0,b                                    ; 0127B6
14630F: add      x1,b            x:(r0),x0                   ; 44E068
146310: add      x1,b            x:(r1)+,r0                  ; 60D968
146311: macsu    x0,y0,b                                     ; 0126AD
146312: asr      b               x:(r2)+,x1      y:(r4)+,y0  ; F49A2A
146313: asr      b                                           ; 20002A
146314: asr      b                                           ; 20002A
146315: move     a,x:(r3)+                                   ; 565B00
146316: move     b,x:(r3)+                                   ; 575B00
146317: move     #>$de,r0                                    ; 60F400 0000DE
146319: move     #>$e0,r1                                    ; 61F400 0000E0
14631B: move     y:(r6+$21),x0                               ; 0286F4
14631C: move     x0,x:(r0)+                                  ; 445800
14631D: move     y:(r6+$22),x0                               ; 028EB4
14631E: move     x0,x:(r0)-                                  ; 445000
14631F: move     #>$cfce3,x1                                 ; 45F400 0CFCE3
146321: move     #>$2bc9ca,y0                                ; 46F400 2BC9CA
146323: move     y:(r6+$25),y1                               ; 0296F7
146324: move     y:(r6+$26),b                                ; 029EBF
146325: move     #>$1e,r4                                    ; 64F400 00001E
146327: move     x:(r1)+,x0                                  ; 44D900
146328: move     x:(r0)+,a                                   ; 56D800
146329: do       #<$10,>$14632f                              ; 061080 14632E
14632B: mac      y0,x0,a         x:(r1)+,x0      y1,y:(r4)+  ; B199D2
14632C: mac      -y1,y0,a        x:(r0)+,b       b,y1        ; 1F98B6
14632D: mac      x1,x0,b         x:(r1)+,x0      y1,y:(r4)+  ; B199AA
14632E: mac      -y1,x1,b        x:(r0)+,a       a,y1        ; 1998FE
14632F: move     y1,y:(r4)+                                  ; 4F5C00
146330: move     b,y:(r4)+                                   ; 5F5C00
146331: move     y1,y:(r6+$25)                               ; 0296E7
146332: move     b,y:(r6+$26)                                ; 029EAF
146333: move     a,y:(r6+$21)                                ; 0286EE
146334: move     x:(r0)+,x0                                  ; 44D800
146335: move     x0,y:(r6+$22)                               ; 028EA4
146336: move     #>$1e,r4                                    ; 64F400 00001E
146338: move     #>$20,r5                                    ; 65F400 000020
14633A: move     y:(r6+$23),x0                               ; 028EF4
14633B: move     x0,y:(r4)+                                  ; 4C5C00
14633C: move     y:(r6+$24),x0                               ; 0296B4
14633D: move     x0,y:(r4)-                                  ; 4C5400
14633E: move     #>$4e63df,y1                                ; 47F400 4E63DF
146340: move     #>$6f0f12,x0                                ; 44F400 6F0F12
146342: move     y:(r6+$27),x1                               ; 029EF5
146343: move     y:(r6+$28),b                                ; 02A6BF
146344: move     #>$1e,r0                                    ; 60F400 00001E
146346: move     y:(r5)+,y0                                  ; 4EDD00
146347: move     y:(r4)+,a                                   ; 5EDC00
146348: do       #<$10,>$14634e                              ; 061080 14634D
14634A: mac      y0,x0,a         x1,x:(r0)+      y:(r5)+,y0  ; F438D2
14634B: mac      -x1,x0,a        b,x1            y:(r4)+,b   ; 1FDCA6
14634C: mac      y1,y0,b         x1,x:(r0)+      y:(r5)+,y0  ; F438BA
14634D: mac      -y1,x1,b        a,x1            y:(r4)+,a   ; 16DCFE
14634E: move     x1,x:(r0)+                                  ; 455800
14634F: move     b,x:(r0)+                                   ; 575800
146350: move     x1,y:(r6+$27)                               ; 029EE5
146351: move     b,y:(r6+$28)                                ; 02A6AF
146352: move     a,y:(r6+$23)                                ; 028EEE
146353: move     y:(r4)+,x0                                  ; 4CDC00
146354: move     x0,y:(r6+$24)                               ; 0296A4
146355: move     #>$20,r0                                    ; 60F400 000020
146357: move     #>$1f,r4                                    ; 64F400 00001F
146359: move     #$40,y0                                     ; 264000
14635A: move     x:(r0)+,x0                                  ; 44D800
14635B: do       #<$8,>$146361                               ; 060880 146360
14635D: mpy      y0,x0,a         x:(r0)+,x0                  ; 44D8D0
14635E: mac      y0,x0,a         x:(r0)+,x0      b,y:(r4)+   ; B398D2
14635F: mpy      y0,x0,b         x:(r0)+,x0                  ; 44D8D8
146360: mac      y0,x0,b         x:(r0)+,x0      a,y:(r4)+   ; B298DA
146361: move     b,y:(r4)+                                   ; 5F5C00
146362: move     #>$20,r4                                    ; 64F400 000020
146364: do       #<$8,>$14636e                               ; 060880 14636D
146366: move     y:(r4)+,a                                   ; 5EDC00
146367: move     y:(r4)+,b                                   ; 5FDC00
146368: asr      a                                           ; 200022
146369: asr      b                                           ; 20002A
14636A: move     a,y:(r7)+                                   ; 5E5F00
14636B: move     a,y:(r7)+                                   ; 5E5F00
14636C: move     b,y:(r7)+                                   ; 5F5F00
14636D: move     b,y:(r7)+                                   ; 5F5F00
14636E: rts                                                  ; 00000C
14636F: move     #$0,y0                                      ; 260000
146370: move     y0,y:(r6+$19)                               ; 0266E6
146371: move     y0,y:(r6+$1b)                               ; 026EE6
146372: move     y0,y:(r6+$1c)                               ; 0276A6
146373: move     y0,y:(r6+$1d)                               ; 0276E6
146374: move     y0,y:(r6+$1e)                               ; 027EA6
146375: move     y0,y:(r6+$1f)                               ; 027EE6
146376: move     #>$19b5,y0                                  ; 46F400 0019B5
146378: move     y0,y:(r6+$1a)                               ; 026EA6
146379: rts                                                  ; 00000C
14637A: move     y:(r6+$6),a                                 ; 021EBE
14637B: move     y:(r6+$19),b                                ; 0266FF
14637C: cmp      #>$400000,a                                 ; 0140C5 400000
14637E: clr      b               ifge                        ; 20211B
14637F: nop                                                  ; 000000
146380: move     b,y:(r6+$19)                                ; 0266EF
146381: rts                                                  ; 00000C
146382: asr      #$f,a,a                                     ; 0C1C1E
146383: nop                                                  ; 000000
146384: move     a0,x0                                       ; 210400
146385: move     #>$fd9fb3,y0                                ; 46F400 FD9FB3
146387: macuu    x0,y0,a                                     ; 0126CD
146388: lsr      #$5,a                                       ; 0C1ECA
146389: move     a,x0                                        ; 21C400
14638A: asl      #$4,a,a                                     ; 0C1D08
14638B: move     y:(r6+$7),b                                 ; 021EFF
14638C: cmp      #>$666666,b                                 ; 0140CD 666666
14638E: tfr      x0,a            iflt                        ; 202941
14638F: move     a,y:(r6+$16)                                ; 025EAE
146390: move     a,x0                                        ; 21C400
146391: move     y:(r6+$a),b                                 ; 022EBF
146392: asr      #$6,b,b                                     ; 0C1C8D
146393: add      #>$400,b                                    ; 0140C8 000400
146395: nop                                                  ; 000000
146396: move     b,y0                                        ; 21E600
146397: move     #>$0,r0                                     ; 60F400 000000
146399: move     #>$0,r4                                     ; 64F400 000000
14639B: move     #$bf,m0                                     ; 05BFA0
14639C: move     #$bf,m4                                     ; 05BFA4
14639D: move     y:(r6+$9),a                                 ; 0226FE
14639E: cmp      #>$400000,a                                 ; 0140C5 400000
1463A0: blt      func_1463a9                                 ; 0D1049 000009
1463A2: move     x:(r6-$1),a                                 ; 03FEDE
1463A3: tst      a                                           ; 200003
1463A4: bne      func_1463af                                 ; 0D1042 00000B
1463A6: move     y:(r6-$1),a                                 ; 03FEFE
1463A7: bra      func_1463af                                 ; 0D10C0 000008
1463A9: move     y:(r6+$a),x0                                ; 022EB4
1463AA: move     #>$2000,x1                                  ; 45F400 002000
1463AC: mpy      x1,x0,a                                     ; 2000A0
1463AD: add      #>$800,a                                    ; 0140C0 000800
1463AF: asr      #$b,a,b                                     ; 0C1C17
1463B0: and      #>$7ff,a                                    ; 0140C6 0007FF
1463B2: move     a,r2                                        ; 21D200
1463B3: move     b,x0                                        ; 21E400
1463B4: move     x:(r2+$140000),a                            ; 0A72CE 140000
1463B6: asr      #$a,a,a                                     ; 0C1C14
1463B7: asl      x0,a,a                                      ; 0C1E48
1463B8: move     #>$20b40,y0                                 ; 46F400 020B40
1463BA: move     a,x0                                        ; 21C400
1463BB: mpy      y0,x0,a                                     ; 2000D0
1463BC: asr      #$12,a,a                                    ; 0C1C24
1463BD: move     a0,x0                                       ; 210400
1463BE: move     #>$fd9fb3,y0                                ; 46F400 FD9FB3
1463C0: mpyuu    x0,y0,a                                     ; 0127CD
1463C1: lsr      #$2,a                                       ; 0C1EC4
1463C2: move     a,y0                                        ; 21C600
1463C3: move     y:(r6+$16),x0                               ; 025EB4
1463C4: move     y:(r6+$8),a                                 ; 0226BE
1463C5: cmp      #>$400000,a                                 ; 0140C5 400000
1463C7: blt      func_1463db                                 ; 0D1049 000014
1463C9: clr      a                                           ; 200013
1463CA: clr      b                                           ; 20001B
1463CB: move     y:(r6+$17),a1                               ; 025EFC
1463CC: move     y:(r6+$18),b1                               ; 0266BD
1463CD: add      x0,b                                        ; 200048
1463CE: add      y0,a                                        ; 200050
1463CF: bclr     #$0,b2                                      ; 0ACB40
1463D0: clr      a               ifcs                        ; 202813
1463D1: do       #<$bf,>$1463d7                              ; 06BF80 1463D6
1463D3: add      x0,b            b1,y:(r4)+                  ; 5D5C48
1463D4: add      y0,a            a1,x:(r0)+                  ; 545850
1463D5: bclr     #$0,b2                                      ; 0ACB40
1463D6: clr      a               ifcs                        ; 202813
1463D7: move     b1,y:(r4)+                                  ; 5D5C00
1463D8: move     a1,x:(r0)+                                  ; 545800
1463D9: bra      func_1463e3                                 ; 0D10C0 00000A
1463DB: clr      a                                           ; 200013
1463DC: clr      b                                           ; 20001B
1463DD: move     y:(r6+$17),a1                               ; 025EFC
1463DE: move     y:(r6+$18),b1                               ; 0266BD
1463DF: do       #<$c0,>$1463e3                              ; 06C080 1463E2
1463E1: add      y0,b            b1,y:(r4)+                  ; 5D5C58
1463E2: add      x0,a            a1,x:(r0)+                  ; 545840
1463E3: move     b1,y:(r6+$18)                               ; 0266AD
1463E4: move     a1,y:(r6+$17)                               ; 025EEC
1463E5: move     y:(r6+$8),a                                 ; 0226BE
1463E6: brset    #$15,a,func_146493                          ; 0CCEB5 0000AD
1463E8: move     y:(r6+$7),a                                 ; 021EFE
1463E9: cmp      #>$199999,a                                 ; 0140C5 199999
1463EB: bcs      func_14647d                                 ; 0D1048 000092
1463ED: cmp      #>$333333,a                                 ; 0140C5 333333
1463EF: bcs      func_146474                                 ; 0D1048 000085
1463F1: cmp      #>$4ccccc,a                                 ; 0140C5 4CCCCC
1463F3: bcs      func_1464a1                                 ; 0D1048 0000AE
1463F5: cmp      #>$666666,a                                 ; 0140C5 666666
1463F7: bcs      func_1464de                                 ; 0D1048 0000E7
1463F9: bra      func_1464c0                                 ; 0D10C0 0000C7
1463FB: move     #>$f0,r5                                    ; 65F400 0000F0
1463FD: move     #$9,m5                                      ; 0509A5
1463FE: move     #$2,n5                                      ; 3D0200
1463FF: move     #>$f0,r1                                    ; 61F400 0000F0
146401: move     #>$f2,r2                                    ; 62F400 0000F2
146403: move     #>$f4,r3                                    ; 63F400 0000F4
146405: move     y:(r6+$1b),a                                ; 026EFE
146406: move     y:(r6+$1c),b                                ; 0276BF
146407: move     a,x:(r1+$0)                                 ; 02018E
146408: move     b,x:(r1+$1)                                 ; 0201CF
146409: move     y:(r6+$1d),a                                ; 0276FE
14640A: move     y:(r6+$1e),b                                ; 027EBF
14640B: move     a,x:(r2+$0)                                 ; 02028E
14640C: move     y:(r6+$1f),a                                ; 027EFE
14640D: move     b,x:(r2+$1)                                 ; 0202CF
14640E: move     a,x:(r3+$0)                                 ; 02038E
14640F: move     #>$3ef3c2,y0                                ; 46F400 3EF3C2
146411: move     y0,y:(r5)+                                  ; 4E5D00
146412: move     #>$fe01eb,y0                                ; 46F400 FE01EB
146414: move     y0,y:(r5)+                                  ; 4E5D00
146415: move     #>$82f338,y0                                ; 46F400 82F338
146417: move     y0,y:(r5)+                                  ; 4E5D00
146418: move     #>$1d9bc,y0                                 ; 46F400 01D9BC
14641A: move     y0,y:(r5)+                                  ; 4E5D00
14641B: move     #>$3cd5c5,y0                                ; 46F400 3CD5C5
14641D: move     y0,y:(r5)+                                  ; 4E5D00
14641E: move     #>$650d5,y0                                 ; 46F400 0650D5
146420: move     y0,y:(r5)+                                  ; 4E5D00
146421: move     #>$8400a4,y0                                ; 46F400 8400A4
146423: move     y0,y:(r5)+                                  ; 4E5D00
146424: move     #>$f9af2b,y0                                ; 46F400 F9AF2B
146426: move     y0,y:(r5)+                                  ; 4E5D00
146427: move     #>$c22e5f,y0                                ; 46F400 C22E5F
146429: move     y0,y:(r5)+                                  ; 4E5D00
14642A: move     #>$4866c,y0                                 ; 46F400 04866C
14642C: move     y0,y:(r5)+                                  ; 4E5D00
14642D: move     #>$6186,x1                                  ; 45F400 006186
14642F: do       #<$10,>$146461                              ; 061080 146460
146431: move     x:(r1)+,x0      y:(r5)+n5,y0                ; D0B900
146432: mpy      -y0,x0,a        x:(r1)-,x0      y:(r5)+n5,y0 ; D0B1D4
146433: mac      -y0,x0,a        x0,x:(r1)+      y:(r4)+,y1  ; F119D6
146434: asl      a                                           ; 200032
146435: macr     y1,x1,a         x:(r2)+,x0      y:(r5)+n5,y0 ; D0BAF3
146436: do       #<$a,>$146444                               ; 060A80 146443
146438: mpy      -y0,x0,b        x:(r2)-,x0      y:(r5)+n5,y0 ; D0B2DC
146439: mac      -y0,x0,b        x0,x:(r2)+                  ; 445ADE
14643A: asl      b               a,x:(r1)-                   ; 56513A
14643B: macr     y1,x1,b         x:(r3),x0       y:(r5)+n5,y0 ; D0A3FB
14643C: nop                                                  ; 000000
14643D: mpy      -y0,x0,b        b,x:(r2)-                   ; 5752DC
14643E: asl      b                                           ; 20003A
14643F: macr     y1,x1,b         x:(r1)+,x0      y:(r5)+n5,y0 ; D0B9FB
146440: mpy      -y0,x0,a        x:(r1)-,x0      y:(r5)+n5,y0 ; D0B1D4
146441: mac      -y0,x0,a        x0,x:(r1)+      y:(r4)+,y1  ; F119D6
146442: asl      a               b,x:(r3)                    ; 576332
146443: macr     y1,x1,a         x:(r2)+,x0      y:(r5)+n5,y0 ; D0BAF3
146444: mpy      -y0,x0,b        x:(r2)-,x0      y:(r5)+n5,y0 ; D0B2DC
146445: mac      -y0,x0,b        x0,x:(r2)+                  ; 445ADE
146446: asl      b               a,x:(r1)-                   ; 56513A
146447: macr     y1,x1,b         x:(r3),x0       y:(r5)+n5,y0 ; D0A3FB
146448: nop                                                  ; 000000
146449: mpy      -y0,x0,b        b,x:(r2)-                   ; 5752DC
14644A: asl      b                                           ; 20003A
14644B: macr     y1,x1,b         x:(r1)+,x0      y:(r5)+,y0  ; F0B9FB
14644C: nop                                                  ; 000000
14644D: mpy      -y0,x0,a        b,x:(r3)        y:(r5)+,y0  ; FC23D4
14644E: mpy      y0,x0,b         x:(r1)-,x0      y:(r5)+,y0  ; F0B1D8
14644F: mac      -y0,x0,a        x0,x:(r1)+      y:(r5)+,y0  ; F039D6
146450: asl      a               y:(r4)+,y1                  ; 4FDC32
146451: macr     y1,x1,a                                     ; 2000F3
146452: mac      y0,x0,b         x:(r2)+,x0      y:(r5)+,y0  ; F0BADA
146453: mpy      -y0,x0,a        a,x:(r1)-       y:(r5)+,y0  ; F831D4
146454: mac      y0,x0,b         x:(r2)-,x0      y:(r5)+,y0  ; F0B2DA
146455: mac      -y0,x0,a        x0,x:(r2)+      y:(r5)+,y0  ; F03AD6
146456: asl      a                                           ; 200032
146457: macr     y1,x1,a                                     ; 2000F3
146458: mac      y0,x0,b         x:(r3),x0       y:(r5)+,y0  ; F0A3DA
146459: mpy      -y0,x0,a        a,x:(r2)-       y:(r5)+,y0  ; F832D4
14645A: asl      a                                           ; 200032
14645B: macr     y1,x1,a                                     ; 2000F3
14645C: mac      y0,x0,b                                     ; 2000DA
14645D: asl      #$6,b,b                                     ; 0C1D8D
14645E: nop                                                  ; 000000
14645F: move     a,x:(r3)        b,y:(r7)+                   ; BB6300
146460: move     b,y:(r7)+                                   ; 5F5F00
146461: move     x:(r1+$0),a                                 ; 02019E
146462: move     x:(r1+$1),b                                 ; 0201DF
146463: move     a,y:(r6+$1b)                                ; 026EEE
146464: move     b,y:(r6+$1c)                                ; 0276AF
146465: move     x:(r2+$0),a                                 ; 02029E
146466: move     x:(r2+$1),b                                 ; 0202DF
146467: move     a,y:(r6+$1d)                                ; 0276EE
146468: move     x:(r3+$0),a                                 ; 02039E
146469: move     b,y:(r6+$1e)                                ; 027EAF
14646A: move     a,y:(r6+$1f)                                ; 027EEE
14646B: rts                                                  ; 00000C
14646C: move     #$c,n0                                      ; 380C00
14646D: do       #<$10,>$146473                              ; 061080 146472
14646F: move     x:(r0)+n0,a                                 ; 56C800
146470: nop                                                  ; 000000
146471: move     a,y:(r7)+                                   ; 5E5F00
146472: move     a,y:(r7)+                                   ; 5E5F00
146473: rts                                                  ; 00000C
146474: move     x:(r0)+,a                                   ; 56D800
146475: move     x:(r0)+,b                                   ; 57D800
146476: do       #<$5f,>$14647a                              ; 065F80 146479
146478: move     x:(r0)+,a       a,y:(r4)+                   ; BA9800
146479: move     x:(r0)+,b       b,y:(r4)+                   ; BF9800
14647A: move     a,y:(r4)+                                   ; 5E5C00
14647B: move     b,y:(r4)+                                   ; 5F5C00
14647C: bra      func_1463fb                                 ; 050EDF
14647D: move     #$40,x0                                     ; 244000
14647E: move     x:(r0)+,a                                   ; 56D800
14647F: move     x:(r0)+,b                                   ; 57D800
146480: do       #<$5f,>$14648a                              ; 065F80 146489
146482: abs      a                                           ; 200026
146483: abs      b                                           ; 20002E
146484: sub      x0,a                                        ; 200044
146485: sub      x0,b                                        ; 20004C
146486: asl      a                                           ; 200032
146487: asl      b                                           ; 20003A
146488: move     x:(r0)+,a       a,y:(r4)+                   ; BA9800
146489: move     x:(r0)+,b       b,y:(r4)+                   ; BF9800
14648A: abs      a                                           ; 200026
14648B: abs      b                                           ; 20002E
14648C: sub      x0,a                                        ; 200044
14648D: sub      x0,b                                        ; 20004C
14648E: asl      a                                           ; 200032
14648F: asl      b                                           ; 20003A
146490: move     a,y:(r4)+                                   ; 5E5C00
146491: move     b,y:(r4)+                                   ; 5F5C00
146492: bra      func_1463fb                                 ; 050EC9
146493: move     x:(r0)+,x0      y:(r4),y0                   ; C09800
146494: mpyr     y0,x0,b         x:(r0)+,x0      y:(r4),y0   ; C098D9
146495: abs      b                                           ; 20002E
146496: do       #<$5f,>$14649c                              ; 065F80 14649B
146498: mpyr     y0,x0,a         x:(r0)+,x0      y:(r4),y0   ; C098D1
146499: abs      a               b,y:(r4)+                   ; 5F5C26
14649A: mpyr     y0,x0,b         x:(r0)+,x0      y:(r4),y0   ; C098D9
14649B: abs      b               a,y:(r4)+                   ; 5E5C2E
14649C: mpyr     y0,x0,a                                     ; 2000D1
14649D: abs      a               b,y:(r4)+                   ; 5F5C26
14649E: nop                                                  ; 000000
14649F: move     a,y:(r4)+                                   ; 5E5C00
1464A0: bra      func_1463fb                                 ; 050E9B
1464A1: move     y:(r6+$5),a                                 ; 0216FE
1464A2: asr      #$9,a,a                                     ; 0C1C12
1464A3: move     y:(r6+$19),x0                               ; 0266F4
1464A4: add      x0,a                                        ; 200040
1464A5: nop                                                  ; 000000
1464A6: move     a1,y:(r6+$19)                               ; 0266EC
1464A7: move     y:(r6+$4),x0                                ; 0216B4
1464A8: add      x0,a                                        ; 200040
1464A9: add      x0,a                                        ; 200040
1464AA: move     a1,b                                        ; 218F00
1464AB: nop                                                  ; 000000
1464AC: abs      b                                           ; 20002E
1464AD: nop                                                  ; 000000
1464AE: move     b,x1                                        ; 21E500
1464AF: move     x:(r0)+,a                                   ; 56D800
1464B0: move     x:(r0)+,b                                   ; 57D800
1464B1: do       #<$5f,>$1464b9                              ; 065F80 1464B8
1464B3: sub      x1,b                                        ; 20006C
1464B4: sub      x1,a                                        ; 200064
1464B5: asl      #$7,a,a                                     ; 0C1D0E
1464B6: asl      #$7,b,b                                     ; 0C1D8F
1464B7: move     x:(r0)+,a       a,y:(r4)+                   ; BA9800
1464B8: move     x:(r0)+,b       b,y:(r4)+                   ; BF9800
100160: move     x0,x:(r0)+                                  ; 445800
100161: rts                                                  ; 00000C
100162: do       #<$c80,>$100165                             ; 06808C 100164
100164: nop                                                  ; 000000
100165: move     #$0,x0                                      ; 240000
100166: do       #<$20,>$100169                              ; 062080 100168
100168: move     x0,y:(r7)+                                  ; 4C5F00
100169: nop                                                  ; 000000
10016A: rts                                                  ; 00000C
10016B: tfr      x1,b            x0,x:(r1)-n1    a,y0        ; 100169
10016C: mpyr     x0,y1,b         a,x1            y0,y:(r4)+n4 ; 144CC9
