old_rel_path	new_rel_path	sha256
01_mining_runs/iteracy4/DSP1_internal.txt	14_raw_dumps/DSP1_internal.txt	494903dc6c64abe31d5e3ebd7483aacdf9263d9b4cb123f984dd54be475fc3ea
01_mining_runs/iteracy4/DSP2_internal.txt	14_raw_dumps/DSP2_internal.txt	924dde317ec93b9aa4fce13ec499adb3678205bd02b3ccc727cbc480c8aab025
01_mining_runs/iteracy4/DSP_common_external.txt	14_raw_dumps/DSP_common_external.txt	54d44f5914c24c29441e920d87eceecfdc777818da3f7537e4ff5724065e4e73
01_mining_runs/iteracy4/README_v4.md	20_run_logs/dsp_mem_dump_run_README.md	a972cf3fe55410d5b7640bf5c45eb341dcba20272b74d5fa4e852e5c4eb164b2
01_mining_runs/iteracy4/_records_full.json	14_raw_dumps/_records_full.json	c58d6e1fc57347cfaf9b6e9788c1e8cdc3c11fd683919688a3a267f52b879c38
01_mining_runs/iteracy4/_wavetables_manifest.json	14_raw_dumps/_wavetables_manifest.json	a147b61ed32ea99de82dc29f2904e502fe5cea527c7155ee9b2a833957696a97
01_mining_runs/iteracy4/bench_depack.txt	20_run_logs/dsp_mem_dump_run_bench_depack.txt	181fba5a2bbe0d6bd1c689a7b27b4987475452b1156beb05e15be23828ca5374
01_mining_runs/iteracy4/blk1_full.bin	14_raw_dumps/blk1_full.bin	2bb21926ef5ae090e8912c2e50bd955e480a20f84c5cbc570c0acc3ef857db9b
01_mining_runs/iteracy4/blk2_full.bin	14_raw_dumps/blk2_full.bin	190df676ee838667c95a07af49dffcf594f6000514f7874e7c0db48fbe5f3733
01_mining_runs/iteracy4/blk3_full.bin	14_raw_dumps/blk3_full.bin	97fa879968a31ce1f0c782094f233e2a7c0e624bd650d3dbe2294ef5e615ddd6
01_mining_runs/iteracy4/blk4_full.bin	14_raw_dumps/blk4_full.bin	acd97619787921912e1363198b0c1fcfb382ddc0a88dbbeb19e99162a582ef27
01_mining_runs/iteracy4/coverage_report.json	14_raw_dumps/coverage_report.json	a4eb98e56f5b080c268a2d07d92aab07fe8a75e3fe4de0fb8db218f4e6b68fe1
01_mining_runs/iteracy4/dis_boot.txt	20_run_logs/dsp_mem_dump_run_dis_boot.txt	6095fa839f08313eb05577e5611382eeba532cb7455ebda0b0a4a8b64d45a958
01_mining_runs/iteracy4/dsp1_vs_dsp2_kernel_diff.txt	14_raw_dumps/dsp1_vs_dsp2_kernel_diff.txt	0ac2cf3cc4621f99b4275fd32c737ff8da7ad39f313e4805eb0d1fd06bf2643f
01_mining_runs/iteracy4/mm_depack_fast.txt	20_run_logs/dsp_mem_dump_run_depack_fast.txt	fa200201b8f3d6c066efa01634b8c7727fddeb591b957bfd64df021ee116ccfa
01_mining_runs/iteracy4/mm_iter4_pipeline.txt	20_run_logs/dsp_mem_dump_run_pipeline.txt	e3850e6ec47207379d41fc38221d50fb83d139a696dbaca5832016817bd638a0
01_mining_runs/iteracy4/mm_iter4_stage2.txt	20_run_logs/dsp_mem_dump_run_stage2.txt	0b0f2a65da5a2f3f356875e072c8664a3a42464e024616c64398e5089a2e1692
01_mining_runs/iteracy4/mm_iter4_stage3.txt	20_run_logs/dsp_mem_dump_run_stage3.txt	8c4653f9eaf1ff8c692626345c0d243cebe3b6b190f09f7ae732173612accc2b
01_mining_runs/iteracy4/mm_iter4_stage4.txt	20_run_logs/dsp_mem_dump_run_stage4.txt	5f4906f08f12b9b35e6bb4634c45d05c6b66f7a84acee94148f1527a01861538
01_mining_runs/iteracy4/mm_iter4_wavetables.txt	20_run_logs/dsp_mem_dump_run_wavetables.txt	6411a911256fcc96c810aa441209cca5e00e6bbb6d0b82a06374e3b29301a343
01_mining_runs/iteracy4/records_full.json	14_raw_dumps/records_full.json	dd1557034a4fe31f22fa97ec1cdf433276e5a0a229e42623303d791a3d699cc2
01_mining_runs/iteracy4/scan_streams.txt	20_run_logs/dsp_mem_dump_run_scan_streams.txt	5db0d0d1b7a9e0e5cfb1395e6bdb178d5dfb0ac411364cb9da36c1ec9f8dc806
01_mining_runs/iteracy4/wt00_SINE.bin	13_wavetables/wt00_SINE.bin	92fc01558cefea7642eee34ec7cba58b58a38cd1e63bcb8846f2db28207abe1e
01_mining_runs/iteracy4/wt00_SINE.txt	13_wavetables/wt00_SINE.txt	469aa8861d4298164b96d6c26096ce2bc4c6f83394201415adc5175e95dec26c
01_mining_runs/iteracy4/wt01_HSIN.bin	13_wavetables/wt01_HSIN.bin	e4f699a92d7d2a9e4659bf64fd2c61b13571bef32fdc5dc884315bf5fe6291d5
01_mining_runs/iteracy4/wt01_HSIN.txt	13_wavetables/wt01_HSIN.txt	c5faf727693b7cfa5fd9237e28ba050efa597f8fd88b37bc31dc51fb246e694f
01_mining_runs/iteracy4/wt02_WTRI.bin	13_wavetables/wt02_WTRI.bin	b771385acc0c05564274cc4a9109719bb0c5dd2a739edbe3eb0f52131279847d
01_mining_runs/iteracy4/wt02_WTRI.txt	13_wavetables/wt02_WTRI.txt	eb985ed9d395f52af82e8d58a0ade7d298e0461e48b9aeaf626097f7650e1ea0
01_mining_runs/iteracy4/wt03_ZOID.bin	13_wavetables/wt03_ZOID.bin	35f76a24b07dd65780bf0b4c6ba89e9bc9c8cac1636ab385cc0e4ea1773a392a
01_mining_runs/iteracy4/wt03_ZOID.txt	13_wavetables/wt03_ZOID.txt	f6bd1f14fde0ce2f78fe09e086a834517e08f98029fa070f0ffd96e672ea1c1f
01_mining_runs/iteracy4/wt04_RSQR.bin	13_wavetables/wt04_RSQR.bin	9dc1c01959f9d8830ff92cc36f156f469f33d7d0c12e4992f4593e6b133ed596
01_mining_runs/iteracy4/wt04_RSQR.txt	13_wavetables/wt04_RSQR.txt	de0fbfea090a86533ce8586c7c703660894239860c1b4a831a9f7806cf2b3f39
01_mining_runs/iteracy4/wt05_DSAW.bin	13_wavetables/wt05_DSAW.bin	d9ff579963b2bebda68e1866d995b4245f112b98b120a34647002a6dc1a18068
01_mining_runs/iteracy4/wt05_DSAW.txt	13_wavetables/wt05_DSAW.txt	ed43968ab20e964532bbf138dbce9cea9b0091c6d654efd843ff3b52348f5002
01_mining_runs/iteracy4/wt06_ISAW.bin	13_wavetables/wt06_ISAW.bin	5edff8af245d9783c3c1d692936f1a776e785edac2f3a78bd5aef195de810702
01_mining_runs/iteracy4/wt06_ISAW.txt	13_wavetables/wt06_ISAW.txt	dff7481a7e9dbf3f157a9cc360f198e178c43f76ca181dd7c60b187cb0dca70e
01_mining_runs/iteracy4/wt07_QRND.bin	13_wavetables/wt07_QRND.bin	9fa4f8d7727f1644ad4817b523cce9fce57422fbd1bba80b21186e6950f66b19
01_mining_runs/iteracy4/wt07_QRND.txt	13_wavetables/wt07_QRND.txt	ef9a2258a484b504a848b019175f02dcc0cad559ee9b1563d381d5421ac9738d
01_mining_runs/iteracy4/wt08_SYN1.bin	13_wavetables/wt08_SYN1.bin	d034a78dd83727b9b5af17a342b0260677e4ed9eb8f7aba7d87fcfcb7edd8c8f
01_mining_runs/iteracy4/wt08_SYN1.txt	13_wavetables/wt08_SYN1.txt	8e805a0df56db0dc2efa4479fd4314b12b51365c2c8a347f91bd336708fbef30
01_mining_runs/iteracy4/wt09_SYN2.bin	13_wavetables/wt09_SYN2.bin	d881c8ee61c66c716f13d35fac8f9698781c9166ed1fd730b477a320d28a2e51
01_mining_runs/iteracy4/wt09_SYN2.txt	13_wavetables/wt09_SYN2.txt	a2cde78c7d03a3ab75c2b676cf2c2cd37391eff28418ddf70ca2266441ef80b4
01_mining_runs/iteracy4/wt10_SYN3.bin	13_wavetables/wt10_SYN3.bin	a44f66ea0b442e9068614d1af9d60f7036ac643beb7ce2c9345495a60dc0e8f8
01_mining_runs/iteracy4/wt10_SYN3.txt	13_wavetables/wt10_SYN3.txt	68a8c43218bf146998d56d34fe0f4b499e9cd724a14be362b2d92a0aa8e2f049
01_mining_runs/iteracy4/wt11_SYN4.bin	13_wavetables/wt11_SYN4.bin	1808f1269890767ac2c20814744693583b3f68724fdcbaa14e525b741f30b767
01_mining_runs/iteracy4/wt11_SYN4.txt	13_wavetables/wt11_SYN4.txt	675f5128686e2bf24efec85755ff5de27b652c36b5558b6e8ef742e9111bee2a
01_mining_runs/iteracy4/wt12_SYN5.bin	13_wavetables/wt12_SYN5.bin	4b7214b904af2853ff6d87b213397afec6dc5a9c0739fe19fddeb544a8d9f9da
01_mining_runs/iteracy4/wt12_SYN5.txt	13_wavetables/wt12_SYN5.txt	66762f8e14db25abfdfc6084a4bb781a5b489ca142633e01ada3db27f8fcf754
01_mining_runs/iteracy4/wt13_SYN6.bin	13_wavetables/wt13_SYN6.bin	392e53203e5cb77e53748db6e450938876a0b2be90ddca9b2f816fa3f4b9c4e1
01_mining_runs/iteracy4/wt13_SYN6.txt	13_wavetables/wt13_SYN6.txt	95f2c3d9b9b36a16a76804f9c71964e3d471b4bc9f004c619d11d3f91f4d21d6
01_mining_runs/iteracy4/wt14_SYN7.bin	13_wavetables/wt14_SYN7.bin	41bdf1f6e5761f6ee965b592f0905f75b499768a5b3c72035943db341452cf5a
01_mining_runs/iteracy4/wt14_SYN7.txt	13_wavetables/wt14_SYN7.txt	83fa686674ee688b83c789281b999ceb952c15ab6de0b0e2fb0fb4f04779f074
01_mining_runs/iteracy4/wt15_SYN8.bin	13_wavetables/wt15_SYN8.bin	91ce9d3c991bd51a69263d569a4152f22236a9c063225dd38a1000971bef734c
01_mining_runs/iteracy4/wt15_SYN8.txt	13_wavetables/wt15_SYN8.txt	cb1d81062d3c62eff9616b6eb62e0b3c56c443c7aac5015db4085a30a3512484
01_mining_runs/iteracy4/wt16_ORG1.bin	13_wavetables/wt16_ORG1.bin	d3cf0851c7145a956c6cf5c4f27bfc8a6467608119bb36572473f4f910a811ca
01_mining_runs/iteracy4/wt16_ORG1.txt	13_wavetables/wt16_ORG1.txt	fbc870003707ad4e896736c42ccd5d1237eedb5499eb85ac1c267c5a45502652
01_mining_runs/iteracy4/wt17_ORG2.bin	13_wavetables/wt17_ORG2.bin	4d171e299519cce6d1d4eec826c3ffa0aea7d31d2317443097291c6df56a7430
01_mining_runs/iteracy4/wt17_ORG2.txt	13_wavetables/wt17_ORG2.txt	999cc632f01ce385f157a7c69ffac30649a24f6e6b91a6a2cd8b09e84940d708
01_mining_runs/iteracy4/wt18_ORG3.bin	13_wavetables/wt18_ORG3.bin	b1209827dadc48e8c3b613dbfaf3b02b19f9e977d3180444f724da0af2299324
01_mining_runs/iteracy4/wt18_ORG3.txt	13_wavetables/wt18_ORG3.txt	d57d1b999c97f0c5486b3245aaf51f2d15c663d8b851ab645ece1f40d08f7141
01_mining_runs/iteracy4/wt19_ORG4.bin	13_wavetables/wt19_ORG4.bin	bd4c5d3df69b9698d5e14d375d626daefe775b68285fcbbc19ea29e79ddfa1bb
01_mining_runs/iteracy4/wt19_ORG4.txt	13_wavetables/wt19_ORG4.txt	9ed83fb35fe8723242044c0d6600bea70057675f2e56337d53ba7854e32c2f2e
01_mining_runs/iteracy4/wt20_ORG5.bin	13_wavetables/wt20_ORG5.bin	1df95e88904299d51b12b27818fd6e971d93b50a10040a6db8800c17393c891c
01_mining_runs/iteracy4/wt20_ORG5.txt	13_wavetables/wt20_ORG5.txt	24f6d74be923d76254e8ef4c1648f2c6627d8a717503b9ada7f009fa8677affa
01_mining_runs/iteracy4/wt21_ORG6.bin	13_wavetables/wt21_ORG6.bin	f319e6e3fca639d70783add9a443cf84a2661d8cebca8d4b6a993649fc8b9153
01_mining_runs/iteracy4/wt21_ORG6.txt	13_wavetables/wt21_ORG6.txt	e6c564d2d4beb618247a1a3746c213a9d4770939f93e45a266bdfb210675d2d7
01_mining_runs/iteracy4/wt22_ORG7.bin	13_wavetables/wt22_ORG7.bin	e6d7c249815741e806fb6f9cbc279ebe6f959cb172aaad76f6dc52e390cafb8a
01_mining_runs/iteracy4/wt22_ORG7.txt	13_wavetables/wt22_ORG7.txt	bdeb704f15ae7ef816c053d488f23f60fa713cd25da6361188618c4fef6c815b
01_mining_runs/iteracy4/wt23_ORG8.bin	13_wavetables/wt23_ORG8.bin	a0323c35eb4455276a1fcbe324b04538acff36823715870da94ba5aefd8b1f29
01_mining_runs/iteracy4/wt23_ORG8.txt	13_wavetables/wt23_ORG8.txt	347393cf613179165cb918669989b22f9a167626f3415544a9a4fa2145e9d185
01_mining_runs/iteracy4/wt24_ORG9.bin	13_wavetables/wt24_ORG9.bin	76ee84fd5856707ab18f9d5e016e67e4770e0666d59d922d1496f5281759d581
01_mining_runs/iteracy4/wt24_ORG9.txt	13_wavetables/wt24_ORG9.txt	7e58971c122d75f6afc4476d86f7e87f563a369cb394ad0b44a580881e5f81cf
01_mining_runs/iteracy4/wt25_ORGA.bin	13_wavetables/wt25_ORGA.bin	6e7a2d1f0005f7862fbd730703e2e9d8772a2032b884e1e1c19d495a660376a4
01_mining_runs/iteracy4/wt25_ORGA.txt	13_wavetables/wt25_ORGA.txt	0c0a08643ad0c867beb3c0ed14f5b9567b9e11941c287af3eadef8dd2b68e2cc
01_mining_runs/iteracy4/wt26_ORGB.bin	13_wavetables/wt26_ORGB.bin	bfef49001765d20feb58ea5e572817451ee88e60b3c2d0b38a75b2b29d6aa697
01_mining_runs/iteracy4/wt26_ORGB.txt	13_wavetables/wt26_ORGB.txt	6de3e9d9416c6cff9ba2cd5ecc3869a355ea1d7f665594725446a043715ba734
01_mining_runs/iteracy4/wt27_ORGC.bin	13_wavetables/wt27_ORGC.bin	c7fd91229e11e52aa959f66b900448299ccd4cfdb6d31c827853ffb5eadc4faa
01_mining_runs/iteracy4/wt27_ORGC.txt	13_wavetables/wt27_ORGC.txt	e0becf380ffe211d93936d714e65e2cbdc4c7fac2426d2b65578a65eac73e0ba
01_mining_runs/iteracy4/wt28_ORGD.bin	13_wavetables/wt28_ORGD.bin	0763bc1cc1080294d1c1c61621c23046a0401ca691adc0bd6c59ce1fdcb38a40
01_mining_runs/iteracy4/wt28_ORGD.txt	13_wavetables/wt28_ORGD.txt	c645afcccc29ca9fc151ae038b8bac09ac50ecc221b93795a3d7650665bf8060
01_mining_runs/iteracy4/wt29_ELP1.bin	13_wavetables/wt29_ELP1.bin	c0462e191dfe99e476c39c29430e54cfd0df6298d2975c1a6f82f888be7a1415
01_mining_runs/iteracy4/wt29_ELP1.txt	13_wavetables/wt29_ELP1.txt	7b2326f23d6be50099ff05f7b60d8aecef4432e613b4a9d88f213910cf8398e1
01_mining_runs/iteracy4/wt30_ELP2.bin	13_wavetables/wt30_ELP2.bin	4c7d2825e97dd0207adec128d8adeb7d0944fe4afd2ed02c51512fc620d17a34
01_mining_runs/iteracy4/wt30_ELP2.txt	13_wavetables/wt30_ELP2.txt	f938240cd54b844a416612aaede641aa4cc4d190bdee979551624d87a4e8534b
01_mining_runs/iteracy4/wt31_ELP3.bin	13_wavetables/wt31_ELP3.bin	d9a2496b792307584df03aac314e817dfb75d7ea5e09be4de0832263975461c6
01_mining_runs/iteracy4/wt31_ELP3.txt	13_wavetables/wt31_ELP3.txt	3ecc308f4f3f5e7c07c122e0f4746386accf63a0af804317a1ef0afc042326ec
01_mining_runs/iteracy4/wt32_STR1.bin	13_wavetables/wt32_STR1.bin	a73b4197269844a9ad4ed270fb8fa82aed5d64d11d231b357a258bda9ebf4cd6
01_mining_runs/iteracy4/wt32_STR1.txt	13_wavetables/wt32_STR1.txt	f2509a23ee4da2f12a8a05bcff25bec6a372337fc5bca1161703fda9769970d6
01_mining_runs/iteracy4/wt33_STR2.bin	13_wavetables/wt33_STR2.bin	0271d2caba6c8b08af3ab06e8a0e67a3e1edee761e42c368fc73315720eadbb7
01_mining_runs/iteracy4/wt33_STR2.txt	13_wavetables/wt33_STR2.txt	9f97f7e2d7f06da7f6a170d96f71f90ccb259d2d29c396789d209faee7d2abe0
01_mining_runs/iteracy4/wt34_STR3.bin	13_wavetables/wt34_STR3.bin	243915d64c057824bb9b9fc2221d140f15b6f98656bdd436c706890c113f55cd
01_mining_runs/iteracy4/wt34_STR3.txt	13_wavetables/wt34_STR3.txt	49f5d09c3f834643d7197f0ea3b0b4bb1cb6e0772407fa8f2b97271ac8775c6c
01_mining_runs/iteracy4/wt35_STR4.bin	13_wavetables/wt35_STR4.bin	6e94d4881e341eed31b436d47e960ff117c1cbb22b88ae1c0c1a6a3b47c3cef4
01_mining_runs/iteracy4/wt35_STR4.txt	13_wavetables/wt35_STR4.txt	95d75617e3950aed85f97668a8294cd7e015ae24e7155b9e56e4bf019f5039e9
01_mining_runs/iteracy4/wt36_STR5.bin	13_wavetables/wt36_STR5.bin	17ef3e9d16aadc8d53177b7ea6451cfdac1eb48ff56db66472a667068c73f527
01_mining_runs/iteracy4/wt36_STR5.txt	13_wavetables/wt36_STR5.txt	b7b56b5c274fcc2b127ba5dcabe24f1918aa90932b0d8adfae9ebb8c29e667c5
01_mining_runs/iteracy4/wt37_STR6.bin	13_wavetables/wt37_STR6.bin	6a3dc79a9fa3bd75edbb690c6a7d12a1f2764c76d88cd8c0da89300211b232df
01_mining_runs/iteracy4/wt37_STR6.txt	13_wavetables/wt37_STR6.txt	bfc7d0bfd491de42ba0a2846818ca56c50ea61333790c0766bc7242de6a2ee53
01_mining_runs/iteracy4/wt38_STR7.bin	13_wavetables/wt38_STR7.bin	d28723b5a5f0379ced5c506063242a05785090990944331ee8e6ca842da647f9
01_mining_runs/iteracy4/wt38_STR7.txt	13_wavetables/wt38_STR7.txt	d21a9dd73caae13ed6ecd0245117f26992d997b60441268bf777dc500ae71a36
01_mining_runs/iteracy4/wt39_STR8.bin	13_wavetables/wt39_STR8.bin	5b9d02c8667ee62fdfb717f53f85f8386ccaf3aa115ed5835d872ed734273544
01_mining_runs/iteracy4/wt39_STR8.txt	13_wavetables/wt39_STR8.txt	4db73b738e997f527222008d4520d8561f41d697dafe9a00d47a805a2ee8cacd
01_mining_runs/iteracy4/wt40_WND1.bin	13_wavetables/wt40_WND1.bin	b81aa51763ef52049e69b35788ef360a0f4ed9a17f6896fa8985f30ef4a16415
01_mining_runs/iteracy4/wt40_WND1.txt	13_wavetables/wt40_WND1.txt	4a24f83f0cb3f963b725274ab47d378e8d7b424f2d556b76c96ce4e824246278
01_mining_runs/iteracy4/wt41_WND2.bin	13_wavetables/wt41_WND2.bin	32b67cab757ff881bf2c40e71695c83286a4ec18729808ffbdf9b8c9bf44f1da
01_mining_runs/iteracy4/wt41_WND2.txt	13_wavetables/wt41_WND2.txt	e6719d383f27d08a169c619b659509f9dcebc7efb05f90132cdcc59230d3ea20
01_mining_runs/iteracy4/wt42_WND3.bin	13_wavetables/wt42_WND3.bin	62e31599a0450386272485888fd43017dc80a42d8a29551ea77351d6fdb8fe17
01_mining_runs/iteracy4/wt42_WND3.txt	13_wavetables/wt42_WND3.txt	d46a721da179d30598313af7756d82f4dfeb784bd8aedb216ac1a633bd491685
01_mining_runs/iteracy4/wt43_WND4.bin	13_wavetables/wt43_WND4.bin	8c033aa3f1d0658ac37d45900230b0a1f4a10fae84709d6bda88c779d7336f7b
01_mining_runs/iteracy4/wt43_WND4.txt	13_wavetables/wt43_WND4.txt	cc4a7e52752bd7c67145f2969b7eed6df9f25724b703fc78d717b3d1fd895521
01_mining_runs/iteracy4/wt44_WND5.bin	13_wavetables/wt44_WND5.bin	bc4c2eeb4379e870e5074b74a599112817c9a5a8c46d7fe011ca3049b2ffd564
01_mining_runs/iteracy4/wt44_WND5.txt	13_wavetables/wt44_WND5.txt	528a447ddb4acaf79a9571cdf1f16386c1d258acf84ceec952c1398848f2c1a7
01_mining_runs/iteracy4/wt45_WND6.bin	13_wavetables/wt45_WND6.bin	7c8b1b8cc854f13252fb8f51f0365d1037f8f2e6abc17092aee3aac91c500876
01_mining_runs/iteracy4/wt45_WND6.txt	13_wavetables/wt45_WND6.txt	4267c6816f545b4a2a6a36b03fbbbd8d70fe433f1cf18c20fb43c8dccdd88927
01_mining_runs/iteracy4/wt46_WND7.bin	13_wavetables/wt46_WND7.bin	9414f9cc853abc517b7cfbfe7f7f3a227f8536d90392809812bfa19c3992581f
01_mining_runs/iteracy4/wt46_WND7.txt	13_wavetables/wt46_WND7.txt	144c236d47904400cd664032798d2dbcc3683f0026f17e9e2f6b580079b0ae7b
01_mining_runs/iteracy4/wt47_WND8.bin	13_wavetables/wt47_WND8.bin	62f8f38753fd44ba694fd49f4d4b15aacaca8a543ff91b93154ecd1bfcf84c7d
01_mining_runs/iteracy4/wt47_WND8.txt	13_wavetables/wt47_WND8.txt	a1e6fba96026f1cefb889b58dec224c1b35dbe6dd422277e9129b9e14df7ca5d
01_mining_runs/iteracy4/wt48_MALA.bin	13_wavetables/wt48_MALA.bin	2134adf954612169b4af109970101bc0645dee41b6563618035724cd6962e70f
01_mining_runs/iteracy4/wt48_MALA.txt	13_wavetables/wt48_MALA.txt	82348bdf44cc7b073f612859e39c469ef544ec12d6e8c728184d14e1496cbe84
01_mining_runs/iteracy4/wt49_MALO.bin	13_wavetables/wt49_MALO.bin	e3556a36398f696b7735345ee81dbb3ab1e57fcadde3f82eb2e8226433f3164d
01_mining_runs/iteracy4/wt49_MALO.txt	13_wavetables/wt49_MALO.txt	8baa1ccf145cfa46af2cbe26274903d6e9836d570c2953a11299ead920d70e01
01_mining_runs/iteracy4/wt50_MALU.bin	13_wavetables/wt50_MALU.bin	17900ae879609af575b8a773a365749b2586804a34bcde370f71a0c5b5501b2c
01_mining_runs/iteracy4/wt50_MALU.txt	13_wavetables/wt50_MALU.txt	494a9dd214d28aa0e4137359b231d0792330ea277e43742b9f2c9376b53fa4e8
01_mining_runs/iteracy4/wt51_MAL_.bin	13_wavetables/wt51_MAL_.bin	6ed3054bb208aa84b79b5b3a2faf2d13573b8fe3e694ca63449a4d31a75e7713
01_mining_runs/iteracy4/wt51_MAL_.txt	13_wavetables/wt51_MAL_.txt	11252c81bcfce054167b2696cb3f1cb43366a11dfcb45fb80ef6ebbe64cf6bc8
01_mining_runs/iteracy4/wt52_MALE.bin	13_wavetables/wt52_MALE.bin	bc10d6b0782f444ac42d3d731befa0568c7f6b1659c088b14a3aacfd916f4ec9
01_mining_runs/iteracy4/wt52_MALE.txt	13_wavetables/wt52_MALE.txt	18c4fda9c1b06f79a65a4ca47121e63cebc81dc345f01282000d40a6cb2965ef
01_mining_runs/iteracy4/wt53_MALI.bin	13_wavetables/wt53_MALI.bin	32ac6a3484647aa85961c1b001b714f76267735c500cc065a11655c46e95bf71
01_mining_runs/iteracy4/wt53_MALI.txt	13_wavetables/wt53_MALI.txt	fb5af6f34be2bf6f2761b688ab76fe3031f6e3e51b58806b6b9d866d22796e45
01_mining_runs/iteracy4/wt54_MAL_.bin	13_wavetables/wt54_MAL_.bin	f82b815cb9ec357fc4b8b1da0ff48e38eb7c9b6351e16517adfc323c13867af4
01_mining_runs/iteracy4/wt54_MAL_.txt	13_wavetables/wt54_MAL_.txt	c7d91c294caa457f24cb19d2a4ad50eeb6ce155fa6518085e09c92f604240885
01_mining_runs/iteracy4/wt55_MAL_.bin	13_wavetables/wt55_MAL_.bin	6f20e625d637aeebe6145cd5b414bbd0a9c46f12c492a5a6b66cb15561092b9a
01_mining_runs/iteracy4/wt55_MAL_.txt	13_wavetables/wt55_MAL_.txt	402c1c2101f45ee9286a8779ca491edc9e03b48e50f3336b709abba729d1a5d3
01_mining_runs/iteracy4/wt56_FEMA.bin	13_wavetables/wt56_FEMA.bin	b53deefd4b22cf5ac4a627ea3707e781b6ea16ecb627cc210d004d112eb00252
01_mining_runs/iteracy4/wt56_FEMA.txt	13_wavetables/wt56_FEMA.txt	3f807f88e6416f2458b5949227c3bda37a60f3740bcf73d28285f6f2d79a4b26
01_mining_runs/iteracy4/wt57_FEMO.bin	13_wavetables/wt57_FEMO.bin	e37f0de9dd307b761037c8054da1242836cce2ff2622697336abd766417c3562
01_mining_runs/iteracy4/wt57_FEMO.txt	13_wavetables/wt57_FEMO.txt	7b7f0fe2b69f8a13d3ae5dbd681fcf424484ced010d54f04b8a66f7f8b831406
01_mining_runs/iteracy4/wt58_FEMU.bin	13_wavetables/wt58_FEMU.bin	10def7fe7b50e87a6394abf55d4c48f55f534b910685a2d93c2e76de23321bb2
01_mining_runs/iteracy4/wt58_FEMU.txt	13_wavetables/wt58_FEMU.txt	55628a559bb2807c34e72b591a3dda70dd75661f02d79362ee8ab449c0394ef9
01_mining_runs/iteracy4/wt59_FEM_.bin	13_wavetables/wt59_FEM_.bin	171cce8bc1f98f0b3bff4f6d4a6253bf4e794894cd653d86aa16415b0624313a
01_mining_runs/iteracy4/wt59_FEM_.txt	13_wavetables/wt59_FEM_.txt	f2ea584905c15e0a4cc27583815f587988bb5840cede52e8fc63a5ba8ca1c03c
01_mining_runs/iteracy4/wt60_FEME.bin	13_wavetables/wt60_FEME.bin	e9bdc153b0495f8d913de2a6fc8015ba5f0e6bb46062e702a808ffa7977f97c0
01_mining_runs/iteracy4/wt60_FEME.txt	13_wavetables/wt60_FEME.txt	35c3198a784ed7ec6ec118ea19fd71dbae1ee01ce8f9a2d4bfdf0be445e03e62
01_mining_runs/iteracy4/wt61_FEMI.bin	13_wavetables/wt61_FEMI.bin	d524fe823e212292fa08545d220df738ad4edce3856cdda0a0116d1a77efd441
01_mining_runs/iteracy4/wt61_FEMI.txt	13_wavetables/wt61_FEMI.txt	4a9ee4d390df064931a723d808cb6d8fcb5dfff371a86b31778caf7e77e9b579
01_mining_runs/iteracy4/wt62_FEM_.bin	13_wavetables/wt62_FEM_.bin	2e51a59b48063791cb8097ccdee9bdb73bcb021b57f4623cc32f6604d66bc1a5
01_mining_runs/iteracy4/wt62_FEM_.txt	13_wavetables/wt62_FEM_.txt	261ccd3289b39e83b140853ccdc2e0efd942d2e5ce6cf0b9fae138757da2779e
01_mining_runs/iteracy4/wt63_FEM_.bin	13_wavetables/wt63_FEM_.bin	de243f435a6ea8b0403259ab2b330105053cdab3129073de6cadf03846755af7
01_mining_runs/iteracy4/wt63_FEM_.txt	13_wavetables/wt63_FEM_.txt	af1ba76089c31bb9792b02f3f7b5d6b3eb5d5ee56b7407d371c653a3e67d0533
01_mining_runs/iteracy5/FXREV_DAMP_table.bin	06_reverb/FXREV_DAMP_table.bin	957966f5f76ec432aaa1992651f712388e51f2d093a78299b811129c039df018
01_mining_runs/iteracy5/FXREV_DAMP_table.txt	06_reverb/FXREV_DAMP_table.txt	fc483a94cc6d1cf22fd88e182ca5e16765af501898c6124ebcf12c23caeb4d95
01_mining_runs/iteracy5/FXREV_DEC_table.bin	06_reverb/FXREV_DEC_table.bin	50efb098ab3dc6b0134532e1ea53c87d49b86a6b44215203a177788603fcbe84
01_mining_runs/iteracy5/FXREV_DEC_table.txt	06_reverb/FXREV_DEC_table.txt	28187abb8d7404920c8b7bb83e95a32f6155551a252edc4545ebdf571c6862b2
01_mining_runs/iteracy5/MANIFEST_v5.json	20_run_logs/fxrev_waves_run_MANIFEST.json	4b49f2e92b29727fb4d64154e7689fdbc3ee53acd4402c8bc6cc4a95cd5c409f
01_mining_runs/iteracy5/README_v5.md	20_run_logs/fxrev_waves_run_README.md	d99a9b85aeeb5d3ba8ab04ad09841b9b4113dbb113d9de55be3fd9ba0a725267
01_mining_runs/iteracy5/SID_wavetable_area_140800_factory.bin	13_wavetables/SID_wavetable_area_140800_factory.bin	102d094142372eedb9dcf11ade69b0882c096414099d4dc79ed0c87076197a46
01_mining_runs/iteracy5/SID_wavetable_area_140800_factory.txt	13_wavetables/SID_wavetable_area_140800_factory.txt	3c03a73091f4bfbe366150a01f666caab84e95febfd78f79709608fb5366863e
01_mining_runs/iteracy5/SID_wavetable_area_141000_factory.bin	13_wavetables/SID_wavetable_area_141000_factory.bin	822f4fcfd94f90f469005953640a3f362744e91868d22ff775cb7d264be09969
01_mining_runs/iteracy5/SID_wavetable_area_141000_factory.txt	13_wavetables/SID_wavetable_area_141000_factory.txt	0154ac43c687c8acebfd44f869b8b468326f20848d949da0812a41491e53a32f
01_mining_runs/iteracy5/blk4_README.txt	14_raw_dumps/blk4_README.txt	fbcedc880f0966fef4b6c3b940a931b2ee180451c57851c31e2ba5582fd34dd8
01_mining_runs/iteracy5/dpro_wave_00_P101D7B.bin	13_wavetables/dpro_wave_00_P101D7B.bin	21b5ed95289e8d4d848c6dd8d8dd155677003535d6c319cd474cbffbf6ec0a4b
01_mining_runs/iteracy5/dpro_wave_00_P101D7B.txt	13_wavetables/dpro_wave_00_P101D7B.txt	8afb9a8f7e23446d45f3d04cb5b05c3b4eb5d4e69e1e00c8f30f8140315e8cbb
01_mining_runs/iteracy5/dpro_wave_01_P102D7B.bin	13_wavetables/dpro_wave_01_P102D7B.bin	831a7b212e4d2a27b29b9579d1543a104a4007e39d08a30fafa3eb43ba32c5ea
01_mining_runs/iteracy5/dpro_wave_01_P102D7B.txt	13_wavetables/dpro_wave_01_P102D7B.txt	6ceafc01b773c1520cf067f87adc8293b3e75488a840cf984a655d3e4f653256
01_mining_runs/iteracy5/dpro_wave_02_P103D7B.bin	13_wavetables/dpro_wave_02_P103D7B.bin	de48e2c3f7441c07c773e7fb444e61d9173acef44470be7ce416c07f81629ad1
01_mining_runs/iteracy5/dpro_wave_02_P103D7B.txt	13_wavetables/dpro_wave_02_P103D7B.txt	38772a9529d9a276c5f2fa7195934b2960050dfa880c819780ac4c5b962d4bff
01_mining_runs/iteracy5/dpro_wave_03_P104D7B.bin	13_wavetables/dpro_wave_03_P104D7B.bin	921969b989de533fa76c1880b5216610a7f616545f1857e6d05a033be64940b4
01_mining_runs/iteracy5/dpro_wave_03_P104D7B.txt	13_wavetables/dpro_wave_03_P104D7B.txt	12237ff06d3301b08e9bee58f31611935485be5f4bb8d040708b48975480a7aa
01_mining_runs/iteracy5/dpro_wave_04_P105D7B.bin	13_wavetables/dpro_wave_04_P105D7B.bin	cb6abe879de43dad647cf9b7eaa3ee42dcfcad3c23e547c5e0d21c2fe5a3db80
01_mining_runs/iteracy5/dpro_wave_04_P105D7B.txt	13_wavetables/dpro_wave_04_P105D7B.txt	b7fe419a94c026f06292dfa6c9214c88072ddb65b9e8c8a190b239228b55049e
01_mining_runs/iteracy5/dpro_wave_05_P106D7B.bin	13_wavetables/dpro_wave_05_P106D7B.bin	9fdda18ec665228088a7f19570c7d7cdf5c882256ec63e53f259b02a243188ba
01_mining_runs/iteracy5/dpro_wave_05_P106D7B.txt	13_wavetables/dpro_wave_05_P106D7B.txt	65054dd17cea5134ff3c1d3679414e8acdfad7965234343f57acbe1483a48358
01_mining_runs/iteracy5/dpro_wave_06_P107D7B.bin	13_wavetables/dpro_wave_06_P107D7B.bin	150d5c7b18e0cf45c220a2298a2464d6b08eede9d068979dd2a1c0999921da48
01_mining_runs/iteracy5/dpro_wave_06_P107D7B.txt	13_wavetables/dpro_wave_06_P107D7B.txt	539e3f3a01c78d53d42d7da19eecc8162ecf154c7425bc3fde0a71e195421682
01_mining_runs/iteracy5/dpro_wave_07_P108D7B.bin	13_wavetables/dpro_wave_07_P108D7B.bin	b75f7bccf24f78a1779f6c579d4269b8af349e6621e798141014ee203b13d73d
01_mining_runs/iteracy5/dpro_wave_07_P108D7B.txt	13_wavetables/dpro_wave_07_P108D7B.txt	ed3597548ca0cd3694b752aeee172bb48aa7536df825d7e07ac00441af6d6c3e
01_mining_runs/iteracy5/dpro_wave_08_P109D7B.bin	13_wavetables/dpro_wave_08_P109D7B.bin	7776cc20bb127ed4f03f9ebcd78c1d3fcad8ab995acc3d1934560ebb6b187676
01_mining_runs/iteracy5/dpro_wave_08_P109D7B.txt	13_wavetables/dpro_wave_08_P109D7B.txt	77dd91e038f80f29730b387dede8bdaccd7fed71be52e6d64ec8f3c1b2568efd
01_mining_runs/iteracy5/dpro_wave_09_P10AD7B.bin	13_wavetables/dpro_wave_09_P10AD7B.bin	fdd7641d23cd5974e7358ef5ba6a5c587fae51f7db001e91dec9556f7eb7cc82
01_mining_runs/iteracy5/dpro_wave_09_P10AD7B.txt	13_wavetables/dpro_wave_09_P10AD7B.txt	0438474d8f68d25276dea9fe07b6b8d0e02f0cc924cd94ea82ac44558718e937
01_mining_runs/iteracy5/dpro_wave_10_P10BD7B.bin	13_wavetables/dpro_wave_10_P10BD7B.bin	152f87fbd43767503616d1bc09f969a582efb7e15e8363b954395ce9aa2d5107
01_mining_runs/iteracy5/dpro_wave_10_P10BD7B.txt	13_wavetables/dpro_wave_10_P10BD7B.txt	617d7c1fde4974666c67b4422026882fad9319d67afa73aac3c6b4cd4cb5bb07
01_mining_runs/iteracy5/dpro_wave_11_P10CD7B.bin	13_wavetables/dpro_wave_11_P10CD7B.bin	5374bbd5e43dc2c872c62a2ed27b9de0c4b7d68c54510d81419086b828a2528a
01_mining_runs/iteracy5/dpro_wave_11_P10CD7B.txt	13_wavetables/dpro_wave_11_P10CD7B.txt	03100438d86bf9a109b7845c65e0ac6dd51887cd1039c513a4030a0d996b1746
01_mining_runs/iteracy5/dpro_wave_12_P10DD7B.bin	13_wavetables/dpro_wave_12_P10DD7B.bin	66888f0722878eda29d23c2c2c6dc9ceda4d2dd5958edc92f6eba853e85df818
01_mining_runs/iteracy5/dpro_wave_12_P10DD7B.txt	13_wavetables/dpro_wave_12_P10DD7B.txt	47c4d566349e23bb80400bfe29bd9577e4ada2ef567c508a3c99500db54855a0
01_mining_runs/iteracy5/dpro_wave_13_P10ED7B.bin	13_wavetables/dpro_wave_13_P10ED7B.bin	11e1400b63344491bdcbfa5e2c48024eaebe15e989cd5c1d5cc78c2d3605ff93
01_mining_runs/iteracy5/dpro_wave_13_P10ED7B.txt	13_wavetables/dpro_wave_13_P10ED7B.txt	57935ef2c00efd69965f77e205a9cc76a5baefe7857775120cb3230bfc200c98
01_mining_runs/iteracy5/dpro_wave_14_P10FD7B.bin	13_wavetables/dpro_wave_14_P10FD7B.bin	fc65f2d54fcfaae50f219a3fe561dd08c25a29efe15aed78b05217bc49ac1b31
01_mining_runs/iteracy5/dpro_wave_14_P10FD7B.txt	13_wavetables/dpro_wave_14_P10FD7B.txt	8e2a04beb0a78fe2af3d380c4ccf0c9d7f2f4b0ce9db501a5d5d5951ca247af2
01_mining_runs/iteracy5/dpro_wave_15_P110D7B.bin	13_wavetables/dpro_wave_15_P110D7B.bin	81bd21add66f6607ea0e552c8e61db20f1d35645ecf4c5566d281febe09dd8e4
01_mining_runs/iteracy5/dpro_wave_15_P110D7B.txt	13_wavetables/dpro_wave_15_P110D7B.txt	43cb4de3c3a355798aed5dda8131c697cf7029c9a773203bacd1c7617b047944
01_mining_runs/iteracy5/dpro_wave_16_P111D7B.bin	13_wavetables/dpro_wave_16_P111D7B.bin	11787fe2a3d31ff26c73df15d316dcb877cafd246370564c8c43d79717d3e50a
01_mining_runs/iteracy5/dpro_wave_16_P111D7B.txt	13_wavetables/dpro_wave_16_P111D7B.txt	71606eadae527af5962c70a9e31f493a9cbed9cd54dad3a6341f084e2de8f7c3
01_mining_runs/iteracy5/dpro_wave_17_partial_P112D7B.bin	13_wavetables/dpro_wave_17_partial_P112D7B.bin	0acdfc534c87b1c5b2081164959b5a21def9cece5dd2e5890ed03a431f7bc044
01_mining_runs/iteracy5/dpro_wave_17_partial_P112D7B.txt	13_wavetables/dpro_wave_17_partial_P112D7B.txt	6769f62915a3168dc5f02e2554173d1c7178b1108b4b188f17f2d6aad9fe35fd
01_mining_runs/v10/01_map/global_table_correction.json	11_sequencer/global_table_correction.json	7bedb12cdc7b06b7af6c6856b749ea9cee74c901ff8ae1d96cbba59007406c60
01_mining_runs/v10/01_map/pattern_slot_map_v10.json	11_sequencer/pattern_slot_map_v10.json	6183c0c96040ff77a54dc2eb047cf2513c69c8de461cd4a3fd66f0c5ab0a960d
01_mining_runs/v10/02_evidence/disasm_3090C_table.asm	11_sequencer/disasm_3090C_table.asm	d14bc7c8229e58b7e40e4ccd060935f7b3074390bbbe3b5a919bebc3ea6bc3b6
01_mining_runs/v10/02_evidence/disasm_35338_undo_delete.asm	11_sequencer/disasm_35338_undo_delete.asm	4b92a479d8ece3bc818d901f04a6396eef25288aba4b2b27bfaf32a45044b484
01_mining_runs/v10/02_evidence/disasm_4d0_vectors.asm	11_sequencer/disasm_4d0_vectors.asm	728a5dac6d901608bb2e71ff89e765d87116d0b202d5d0bc3f5615e51a1af8ee
01_mining_runs/v10/02_evidence/disasm_554_accessors.asm	11_sequencer/disasm_554_accessors.asm	ba6d230f8d6680df237f9bc70b4f49163774599c4f3210d3333d38ec35c7cfe5
01_mining_runs/v10/02_evidence/disasm_editor_2C400.asm	11_sequencer/disasm_editor_2C400.asm	0f8c5e5cd3c4e8e4f9413800e6148d870e136581f945755f5a674ff902eaa471
01_mining_runs/v10/02_evidence/disasm_player1_clearlocks.asm	11_sequencer/disasm_player1_clearlocks.asm	a2f56af6a7796e12d4c7aedeac78c25edd2ccc6041636eb1e2fba7a06f5bbb39
01_mining_runs/v10/02_evidence/disasm_player2_cell_unpack.asm	11_sequencer/disasm_player2_cell_unpack.asm	5916c6b1efe0d5fef78f892091be9e69b34a36311cf2da94fa66dc645298d236
01_mining_runs/v10/02_evidence/disasm_track_current.asm	11_sequencer/disasm_track_current.asm	d896ce3b6ea564b83dc2e9056e56141e5901a2c63e432ebe4401cbbe3f39af50
01_mining_runs/v10/02_evidence/disasm_undo_menu_strings.asm	11_sequencer/disasm_undo_menu_strings.asm	3373c8395988cc801c199f67e0b3b54d5253ff0a1d090b376ac88d7f84f9b6a0
01_mining_runs/v10/03_decoded/cells_decoded.json	11_sequencer/cells_decoded.json	208e9b6796e59a8a70fbcd7cd347e729c6b7eada8ee79307c1e7c05e9f77c80a
01_mining_runs/v10/04_stats/stats_v10.json	11_sequencer/stats_v10.json	850d18e95f90c59376ad2fba78de50c40436ebc82b035f0e3dedc093617e5a37
01_mining_runs/v10/MANIFEST.json	20_run_logs/seq_cells_run_MANIFEST.json	2b68f3611f96d50c8f464c52490ab9fd403a4c73e7400861827fe9d13140dacd
01_mining_runs/v10/README.md	20_run_logs/seq_cells_run_README.md	e856bfc8bbf46a8488c9ce70d948a8f71ad4fff07e2fec6a819aef2a80f1ce02
01_mining_runs/v7/02_hi08_records/common_stream_records.txt	14_raw_dumps/common_stream_records.txt	3995bfd17f33af1b39b6ae85d7a6389f001b3ccdd872e29bd5a2ede45ab5d9f4
01_mining_runs/v7/02_hi08_records/dsp1_stream_records.txt	14_raw_dumps/dsp1_stream_records.txt	acf80782e4daae650db1820f17a35bf184c4ae34a8cf60fe6e8c33f9fbd991d0
01_mining_runs/v7/02_hi08_records/dsp2_stream_records.txt	14_raw_dumps/dsp2_stream_records.txt	c8d47a2bdff0eda1871800f3dbb61de96a5ce412549a9d831c0e7c6fbe73e18b
01_mining_runs/v7/03_dsp_images_from_firmware/p_bank_map.txt	14_raw_dumps/p_bank_map.txt	9fd2d802005b4e760b223ac73cf6de74ecee0f01de45613c3ba52329e89139ed
01_mining_runs/v7/03_dsp_images_from_firmware/verification.txt	14_raw_dumps/firmware_images_verification.txt	7b0f14573fb03f677453f3d86de1d551a749571a327b390c3376feff723cb4c9
01_mining_runs/v7/04_factory_data/factory_index.json	12_factory_data/factory_index.json	245af4a768f1827c09b94ab3082e246e9bdd7b7e3a5d6ff2edc235e4c503d118
01_mining_runs/v7/04_factory_data/names_index.txt	12_factory_data/names_index.txt	70c8b8538a6632a0123ebbcb4903a0a2c3a6aca85f3fde62175a5130952560bb
01_mining_runs/v7/04_factory_data/slots/kit_001_E_FUTURE.bin	12_factory_data/kit_001_E_FUTURE.bin	6320796ed9607357d0d8b000fb46e056e15f4d3708d2113c41cd52dd4fde4654
01_mining_runs/v7/04_factory_data/slots/kit_066_AVE_KIT.bin	12_factory_data/kit_066_AVE_KIT.bin	26ac85c5dc48a1104a28a07e0c835950953a7d3860233e78cee54cb016022656
01_mining_runs/v7/04_factory_data/slots/kit_067_EEJAZZ.bin	12_factory_data/kit_067_EEJAZZ.bin	a857b2cecb7466c478d6233531548def272d0905799e14e67f4a9dcaae6f550d
01_mining_runs/v7/04_factory_data/slots/kit_068__KIT.bin	12_factory_data/kit_068__KIT.bin	1e031c0a26d002b5019760d2f1b837f67bcb6fb75e14a525f1e8d6538f1a023f
01_mining_runs/v7/04_factory_data/slots/kit_069_D_KIT.bin	12_factory_data/kit_069_D_KIT.bin	18cf2033f86a7b635172a4851ba0e9ad27c33b8b1e88abf892ea07c162257ee8
01_mining_runs/v7/04_factory_data/slots/kit_072_ALPHA.bin	12_factory_data/kit_072_ALPHA.bin	bcc30788ddc83ff45c5ee650bb3083b78cf258a5539c1f244ccc226106cba30c
01_mining_runs/v7/04_factory_data/slots/kit_073_AD01.bin	12_factory_data/kit_073_AD01.bin	afdf3cf1e98a8af7cb3101fceced8c8de93a7f21a175437a92d85751e69f6d2a
01_mining_runs/v7/04_factory_data/slots/kit_074_RETRIG.bin	12_factory_data/kit_074_RETRIG.bin	285dd47a93a4c0d8abe6c3576c922c015c09fc4d94938b8b8b1182c893027563
01_mining_runs/v7/04_factory_data/slots/kit_075_TRUMMASKIN.bin	12_factory_data/kit_075_TRUMMASKIN.bin	babf79b309941c202d2b5fb18cb4b0497c58c6addbde6c85e96a65c3d942bf8e
01_mining_runs/v7/04_factory_data/slots/kit_077_SAW_SIX.bin	12_factory_data/kit_077_SAW_SIX.bin	b843c79545400635246dc9975f1cdc50aa07d88d88feaad2bf2734d5deb75e74
01_mining_runs/v7/04_factory_data/slots/kit_078_COMPUTING.bin	12_factory_data/kit_078_COMPUTING.bin	bfd275e1e261ab723bd6a3b573fd02e04531d50c048a77c48bef9afd4cf65589
01_mining_runs/v7/04_factory_data/slots/kit_079_DIGITAL.bin	12_factory_data/kit_079_DIGITAL.bin	1aa63fe5cb29439eea30ec8054e4ad47589b4361dba34a58899bdc52d70e7a14
01_mining_runs/v7/04_factory_data/slots/kit_080_RINGENT.bin	12_factory_data/kit_080_RINGENT.bin	8edcbde1f0cec30eb73510d52ccaaad06654bb7ae243c02abe4331ec2872d210
01_mining_runs/v7/04_factory_data/slots/kit_081_EORY.bin	12_factory_data/kit_081_EORY.bin	a8f0789f92bea33934e1aec29d288af49b3ce2f5a81438f52bd14120a9132774
01_mining_runs/v7/04_factory_data/slots/kit_082_HORNYACID.bin	12_factory_data/kit_082_HORNYACID.bin	2e3698060dd1a01749d54173fe6a764af73b22e5cb009ed753ef77fb61ec61c3
01_mining_runs/v7/04_factory_data/slots/kit_083_EQUENCIA.bin	12_factory_data/kit_083_EQUENCIA.bin	b9ef4a1a91e780564427430dde2dab431d81328250112a91d30dcea9b52ff053
01_mining_runs/v7/04_factory_data/slots/kit_084_EPPAH.bin	12_factory_data/kit_084_EPPAH.bin	9cff265a90aec0f988bd70aa890f1cf22325029f72fa5c7b8f86036a865b2ca1
01_mining_runs/v7/04_factory_data/slots/kit_085_ETHNICITY.bin	12_factory_data/kit_085_ETHNICITY.bin	985010fdd77acdba53d51d0aeb351ff013521a90388efd161abf6637c1286747
01_mining_runs/v7/04_factory_data/slots/kit_086_BROKEN.bin	12_factory_data/kit_086_BROKEN.bin	aaf5fde9106aaa2d6379582e6c0cb4a26d2102434bbf9a8002d02f7bf0432c95
01_mining_runs/v7/04_factory_data/slots/kit_087_FUNKPATROL.bin	12_factory_data/kit_087_FUNKPATROL.bin	d39c38fc1f6d7d22646728f0ecab91a18aee70a09615b0c98dd8d908d57c7093
01_mining_runs/v7/04_factory_data/slots/kit_088_MISTIQUE.bin	12_factory_data/kit_088_MISTIQUE.bin	7ca3c96b653053d22212ef75e12ec7229c2de2a41bb991cd1dcd4e3552c37609
01_mining_runs/v7/04_factory_data/slots/kit_089_DIOWAVES.bin	12_factory_data/kit_089_DIOWAVES.bin	d740f16d59bf15a0d67aad99948e1fe2b4b3dea445110b0145edcbe1ecbc9211
01_mining_runs/v7/04_factory_data/slots/kit_090_LTI_SAW.bin	12_factory_data/kit_090_LTI_SAW.bin	0a2ea8c4d226b6301e37c194c05571c83cce44df38c44939af87c06ee54f7b31
01_mining_runs/v7/04_factory_data/slots/kit_091_LTI_PULS.bin	12_factory_data/kit_091_LTI_PULS.bin	b8ff8425c36f721c474873a42422104caebedf0fba2b7b63eba9751baa077f78
01_mining_runs/v7/04_factory_data/slots/kit_092_LTI_ENS.bin	12_factory_data/kit_092_LTI_ENS.bin	bed32da6d19372cdc5ccd7d50e0da6130fc9d874b6611e9f2c690f458f0b6f70
01_mining_runs/v7/04_factory_data/slots/kit_093_LTI_SID.bin	12_factory_data/kit_093_LTI_SID.bin	45e88a85daf7ed513ca19d5a19e65cfbde307e8a3a8b3e91e1dc8e18ad13cf41
01_mining_runs/v7/04_factory_data/slots/kit_094_LTI_DPRO.bin	12_factory_data/kit_094_LTI_DPRO.bin	3c28d2c04d2514c73edb5f4927fe1ae733f9cffa7c86bc639aacd3508f242495
01_mining_runs/v7/04_factory_data/slots/kit_095_LTI_FM_1.bin	12_factory_data/kit_095_LTI_FM_1.bin	62738bd0f2937e3dcd4bea0392dff5b5308e43e046f1d1308e86ceb7119e43fd
01_mining_runs/v7/04_factory_data/slots/kit_096_LTI_FM_2.bin	12_factory_data/kit_096_LTI_FM_2.bin	4c707b657e71e9dfe744a48cec1cd76ffb6db28d4e82cab4a25196e1ba97a434
01_mining_runs/v7/04_factory_data/slots/kit_097_LTI_FM_3.bin	12_factory_data/kit_097_LTI_FM_3.bin	44678230303127ca15bdb602f318fc9bad66c463c35f3b5e0bc73fac1b44b344
01_mining_runs/v7/04_factory_data/slots/kit_098_LTI_FAT.bin	12_factory_data/kit_098_LTI_FAT.bin	ac82cb8443e756d191299dc4e03a8b29fcbd79c09ce6277d663fce9163a23c62
01_mining_runs/v7/04_factory_data/slots/kit_099_LTI_SPLT.bin	12_factory_data/kit_099_LTI_SPLT.bin	e035dc104d070930768c359eae815dece19893e1aa8a8de364da96084593d476
01_mining_runs/v7/04_factory_data/slots/kit_100_LTI_SIX4.bin	12_factory_data/kit_100_LTI_SIX4.bin	3413b6d29e4b9a2331bbddd295134f94735ed4efaa43fadd2eea41a68ce02bed
01_mining_runs/v7/04_factory_data/slots/kit_101_LTI_BBOX.bin	12_factory_data/kit_101_LTI_BBOX.bin	61f9531ad24dc28b08cb299dd9befec0c685e4eb9e6c926cd88bce48af601a8d
01_mining_runs/v7/04_factory_data/slots/kit_102__AB.bin	12_factory_data/kit_102__AB.bin	af7f11e4a119eec5ecd2201d36c1488a143963684982859f6356e0e0bf478b62
01_mining_runs/v7/04_factory_data/slots/kit_103__AB_FX.bin	12_factory_data/kit_103__AB_FX.bin	62e5963575248d1c903228b13ddc53ee15ea78264ad76d29e5dffc7a51fddd10
01_mining_runs/v7/04_factory_data/slots/kit_104__AB_EFX1.bin	12_factory_data/kit_104__AB_EFX1.bin	56fc3864bcd602d86aabe9e5d2d111cd8fc170ff51f0a09359235457b5857329
01_mining_runs/v7/04_factory_data/slots/kit_105__AB_EFX2.bin	12_factory_data/kit_105__AB_EFX2.bin	eb7ed7058b1188a879632d454dae8834774dd0e11f4bfeacfebdc90df7ed954b
01_mining_runs/v7/04_factory_data/slots/kit_117_PERWAVE.bin	12_factory_data/kit_117_PERWAVE.bin	3e1aab329b12f2a87b485684ef933a83ff4a2fd3e8c435116e9bf7f1ea6425cd
01_mining_runs/v7/04_factory_data/slots/kit_118_D6581.bin	12_factory_data/kit_118_D6581.bin	3cabc1725a40d4b6b8268b628a9301d4e42ab1204babb2a3057bd9a73d5e064e
01_mining_runs/v7/04_factory_data/slots/kit_119_GIPRO.bin	12_factory_data/kit_119_GIPRO.bin	b62d381c2837830b39294a1d96b133915b2b2a9bb95a9f8fab7e17f911475f60
01_mining_runs/v7/04_factory_data/slots/kit_122_LSE.bin	12_factory_data/kit_122_LSE.bin	351d2001860abfbaab52cb2d28a7a457af6fcc44c01dbb008b38248989389180
01_mining_runs/v7/04_factory_data/slots/kit_123_ENSEMBLE.bin	12_factory_data/kit_123_ENSEMBLE.bin	f1c2c35e8dd08c588d6215f29f0bce621056144ff6bd556aae38236ea8d4a203
01_mining_runs/v7/04_factory_data/slots/kit_124_D_NO2.bin	12_factory_data/kit_124_D_NO2.bin	65792d108d730054e61255fcc0254c4b5a604fb8078b69701191095381865b4d
01_mining_runs/v7/04_factory_data/slots/kit_125_VE_NO1.bin	12_factory_data/kit_125_VE_NO1.bin	545fd1f2c78bc76dfb345ffdd38da5fa865de7847c90d84672d81c0637dd5d73
01_mining_runs/v7/04_factory_data/slots/kit_126_VE_NO2.bin	12_factory_data/kit_126_VE_NO2.bin	6842f22fe98c112703447a3ab8a3b483881618d03a824faf2e739f67e3e2cc47
01_mining_runs/v7/04_factory_data/slots/kit_127_TATIC.bin	12_factory_data/kit_127_TATIC.bin	0b71f8e0d465a6d62a6b243e23f6613831cfb6d4ad2de8c284a347def6e2891f
01_mining_runs/v7/04_factory_data/slots/kit_128_ARALLEL.bin	12_factory_data/kit_128_ARALLEL.bin	7cfe74138d6d721799528a98942409e7b7c702e521228cf5d86b66f4b2d77cc6
01_mining_runs/v7/04_factory_data/slots/kit_129_RB_NO1.bin	12_factory_data/kit_129_RB_NO1.bin	870c05c358dd17c09738b790d3efad30e3875b3020c405b5e70f86c1bc999bc0
01_mining_runs/v7/04_factory_data/slots/pattern_000_SUPERWAVES.bin	12_factory_data/pattern_000_SUPERWAVES.bin	601aab792b0d271452294f3ec71c516885296f60f836b926da5f2e8701bf4e5d
01_mining_runs/v7/04_factory_data/slots/pattern_003_MACHINE.bin	12_factory_data/pattern_003_MACHINE.bin	bb8a57c78c82a53c0df49b04476109ebfa1762be28735b8a9e80253a66c2bd48
01_mining_runs/v7/04_factory_data/slots/pattern_004_PULSES.bin	12_factory_data/pattern_004_PULSES.bin	947f20334fb6dc8ae2807aed83acdd3d78c95cdee6c97bcf203caa2adf6ad207
01_mining_runs/v7/04_factory_data/slots/pattern_005_IGOTGAME.bin	12_factory_data/pattern_005_IGOTGAME.bin	f20d25b83d99e49b7d88eb9130955ed2dcefc6b044abbfbce96237f6424743a1
01_mining_runs/v7/04_factory_data/slots/pattern_006_SIXSIDS.bin	12_factory_data/pattern_006_SIXSIDS.bin	8213901bb4b8dc2b494ca447f539e397646bf64b3765703cc67c16e0c18e8151
01_mining_runs/v7/04_factory_data/slots/pattern_007_WAVEMIX.bin	12_factory_data/pattern_007_WAVEMIX.bin	8e9c3b685ee4ec1be8c5648d42477eb4cee68c389582529e15c525b80bed5d1d
01_mining_runs/v7/04_factory_data/slots/pattern_008_TRENCHED.bin	12_factory_data/pattern_008_TRENCHED.bin	e0c6aef01d4b89141a0ab1798b864c83d20be8e9699316311c036db0d7fce30e
01_mining_runs/v7/04_factory_data/slots/pattern_009_KYSS_FM.bin	12_factory_data/pattern_009_KYSS_FM.bin	00dd9743a70a5d1277069de4967b25410a6a8cddd02a9ecde20a34f318844fcd
01_mining_runs/v7/04_factory_data/slots/pattern_010_SEEDS.bin	12_factory_data/pattern_010_SEEDS.bin	fa8fbd9dad24004e058edd098add8b8f8b6f41836de33e7d2207c89a7434ff39
01_mining_runs/v7/04_factory_data/slots/pattern_011_SECRETS.bin	12_factory_data/pattern_011_SECRETS.bin	10002dbdad57d03a2eba66fb39ff0250a9670647cfadc89f11df71d09f7ff711
01_mining_runs/v7/04_factory_data/slots/pattern_012_GLORIOUS.bin	12_factory_data/pattern_012_GLORIOUS.bin	e5e8bc19a18df5cd14170ec523cf2d9bbb31a2eb2d41106ed5f6542d267ef244
01_mining_runs/v7/04_factory_data/slots/pattern_013_THEEPRO.bin	12_factory_data/pattern_013_THEEPRO.bin	9b7efe8607b04979278684ce5d93d3b17028ac257a8406f89827094bc0dbfd07
01_mining_runs/v7/04_factory_data/slots/pattern_014_VOICE_OF_M.bin	12_factory_data/pattern_014_VOICE_OF_M.bin	6f462f78cecafd65ca6035c40bb7e7a8e745ea1732b555f3ac5c623e48fa2e94
01_mining_runs/v7/04_factory_data/slots/pattern_015_ENSEMBLE.bin	12_factory_data/pattern_015_ENSEMBLE.bin	01010ec2b79b71b5b8b367c58ad61c67004ca94c932e64d49691b125bc2fc289
01_mining_runs/v7/04_factory_data/slots/pattern_016_FM_HEAVEN.bin	12_factory_data/pattern_016_FM_HEAVEN.bin	3decfc3c0f9a916d7fc8105ad35330c8a3bc244c9d2e4b03b0fb2cedd61264bf
01_mining_runs/v7/04_factory_data/slots/pattern_017_DR_NOE.bin	12_factory_data/pattern_017_DR_NOE.bin	4caeb026039fe9f455dbf855dbd9711555047033efe718e92d7a39d6cf649c09
01_mining_runs/v7/04_factory_data/slots/pattern_018_ELAKT.bin	12_factory_data/pattern_018_ELAKT.bin	ec56e34b6aa6477bcd9d84ab9627f235f1ce22d0c4ae96d4208cea671495dd63
01_mining_runs/v7/04_factory_data/slots/pattern_019_SPEIS.bin	12_factory_data/pattern_019_SPEIS.bin	c9a90b93cb933960ed7d537a9bed527d057c416f51782ac4749329a2d54f31a7
01_mining_runs/v7/04_factory_data/slots/pattern_020_SETUPS.bin	12_factory_data/pattern_020_SETUPS.bin	f3ddd5335b8e5a0287ddc87496351012ec9f37ecb73b87b513cedbdeba4c25c6
01_mining_runs/v7/04_factory_data/slots/pattern_021_MONOHOP.bin	12_factory_data/pattern_021_MONOHOP.bin	d1fd5d4876211d31b79fb5340249d77279a003d6fd7c79ea89315c02a63d3a80
01_mining_runs/v7/04_factory_data/slots/pattern_022_REPLEX.bin	12_factory_data/pattern_022_REPLEX.bin	6790e1b700a927ff82916cd9454ed6a7a576b3b7f4a2925cf4be6c54d4affc98
01_mining_runs/v7/04_factory_data/slots/pattern_023_AUTORAP.bin	12_factory_data/pattern_023_AUTORAP.bin	47668cbd0dbc9b820842c65c1cd76d1af7397398fab997be65ad2bc92d3d6c2e
01_mining_runs/v7/04_factory_data/slots/pattern_025_NOOGIE.bin	12_factory_data/pattern_025_NOOGIE.bin	4e60707ff367a07186fdaf516c3752c88eacea7f2f1d437e57b35e65ee572a73
01_mining_runs/v7/04_factory_data/slots/pattern_026_LEGACY.bin	12_factory_data/pattern_026_LEGACY.bin	66eb9d2e5712067c883331b0964b8957a64f32c75e2cc2b2c8d819592532de19
01_mining_runs/v7/04_factory_data/slots/pattern_027_ARPEG.bin	12_factory_data/pattern_027_ARPEG.bin	6a934a0b2bc51ecd3ee5898da49d8c7f5ee86cf6c384913f705ebc0c7f665361
01_mining_runs/v7/04_factory_data/slots/pattern_028_DJALPHA.bin	12_factory_data/pattern_028_DJALPHA.bin	9b3c01e98abc73ad4041c9c7abac8507175f9514185d9dc84fc3cdeb57ea0f15
01_mining_runs/v7/04_factory_data/slots/pattern_029_OTHERWORLD.bin	12_factory_data/pattern_029_OTHERWORLD.bin	b766813c9ed3e5574ef5ca523d0ab3913522572d6cc3c06afc2ee46fcfc892a0
01_mining_runs/v7/04_factory_data/slots/pattern_030_FACTORY.bin	12_factory_data/pattern_030_FACTORY.bin	86d12ec17907fb31dbfa4e7672a29aeb38d4507fad3679c4e9c08c8a19cbbfb5
01_mining_runs/v7/04_factory_data/slots/pattern_031_MUSICBOX.bin	12_factory_data/pattern_031_MUSICBOX.bin	cd9ef6549622459908be09a580b3a9a6b6abdb4db1920b179cdb7a84c4073526
01_mining_runs/v7/04_factory_data/slots/pattern_032_TALKSTOYOU.bin	12_factory_data/pattern_032_TALKSTOYOU.bin	d998e8aa58b7dd0b54abba81c6044b6f7c949103bdd195730771d5b42f48ceec
01_mining_runs/v7/04_factory_data/slots/pattern_033_FM_BRIDE.bin	12_factory_data/pattern_033_FM_BRIDE.bin	7667391f06a32f48157fc87238205e7d7e57390b4ca5bbcce9f214246a7210d2
01_mining_runs/v7/04_factory_data/slots/pattern_034_RETRIG.bin	12_factory_data/pattern_034_RETRIG.bin	d45e96c9fbd0b689814167d4e4aec41cc1069b5b77f19231007526d58201ae16
01_mining_runs/v7/04_factory_data/slots/pattern_035_TRUMMASKIN.bin	12_factory_data/pattern_035_TRUMMASKIN.bin	130d1790e64fa5e32a8550d35e046807a3f4fde5fafe358d074f9c4a02c28376
01_mining_runs/v7/04_factory_data/slots/pattern_036_FREEJAZZ.bin	12_factory_data/pattern_036_FREEJAZZ.bin	d8aeb59ad8adcdc719a009c47eeda4e31378433016057006aadd9605c7264b87
01_mining_runs/v7/04_factory_data/slots/pattern_037_SAW_SIX.bin	12_factory_data/pattern_037_SAW_SIX.bin	7534eb4c234b7596caee15793151d507e4093f05509a58c499bcdb29207adca0
01_mining_runs/v7/04_factory_data/slots/pattern_038_COMPUTING.bin	12_factory_data/pattern_038_COMPUTING.bin	7528968e9f8fe93f274a5f0fd41a480973b49ba3ed98b011201d19d0df9577b1
01_mining_runs/v7/04_factory_data/slots/pattern_039_DIGITAL.bin	12_factory_data/pattern_039_DIGITAL.bin	ce40394ffe00b6eb41bf5c5b4f79889efef4b8d1562cd2d0dbbab922e0cf81de
01_mining_runs/v7/04_factory_data/slots/pattern_040_STRINGENT.bin	12_factory_data/pattern_040_STRINGENT.bin	e890e08508d2544e894d6e1ba25ff655d70fdb4ddd0cb4ff82d84e04fd5b95da
01_mining_runs/v7/04_factory_data/slots/pattern_041_THEORY.bin	12_factory_data/pattern_041_THEORY.bin	e12600134e4936197e4b4854170d4492366666b1ff51c4049d49cb682e49f26b
01_mining_runs/v7/04_factory_data/slots/pattern_042_HORNYACID.bin	12_factory_data/pattern_042_HORNYACID.bin	8ac2442ee1f2d223953bfe1537024f880330786b65a9d43900d35b2107c57892
01_mining_runs/v7/04_factory_data/slots/pattern_043_FREQUENCIA.bin	12_factory_data/pattern_043_FREQUENCIA.bin	a10b1c624812c8f1275b382b64e154af6d9cc590d718c1799c6ca038be39a5bd
01_mining_runs/v7/04_factory_data/slots/pattern_044_STEPPAH.bin	12_factory_data/pattern_044_STEPPAH.bin	873a06687e545470871107f0c2b0d86f4e3f7bac3bbd27fc5ca9aff5f8979c19
01_mining_runs/v7/04_factory_data/slots/pattern_045_ETHNICITY.bin	12_factory_data/pattern_045_ETHNICITY.bin	52147866954d115074df00c3bfc832d4f6389b66c957cb25efbf839e0a3c43c2
01_mining_runs/v7/04_factory_data/slots/pattern_046_BROKEN.bin	12_factory_data/pattern_046_BROKEN.bin	78a715c88a433cc03a06edec05509b5f4fa8139a128a4631419e0beed1dc4fe0
01_mining_runs/v7/04_factory_data/slots/pattern_047_FUNKPATROL.bin	12_factory_data/pattern_047_FUNKPATROL.bin	c0028f2aa49eaa5675fe26c6b0d3bb860b3b8dd7c043ef292714695c81bd183e
01_mining_runs/v7/04_factory_data/slots/pattern_048_MISTIQUE.bin	12_factory_data/pattern_048_MISTIQUE.bin	493af2ab04b08d1ae1118a581103c091bf24ef9403e921554d5dfae26d0d05a3
01_mining_runs/v7/04_factory_data/slots/pattern_049_RADIOWAVES.bin	12_factory_data/pattern_049_RADIOWAVES.bin	be67f46ecf322da2450cb61cd8256ad55ad6cf7ed74564d5660cea169ff6460d
01_mining_runs/v7/04_factory_data/slots/pattern_050_MULTI_SAW.bin	12_factory_data/pattern_050_MULTI_SAW.bin	630918c728d819567511a14b9db700367397ec93e2db8dd0e077011272ff6431
01_mining_runs/v7/04_factory_data/slots/pattern_051_MULTI_PULS.bin	12_factory_data/pattern_051_MULTI_PULS.bin	3a9b7b88b43af3093aa3311c3996747d2477929b3e9dc201b953f531fb84bb3a
01_mining_runs/v7/04_factory_data/slots/pattern_052_MULTI_ENS.bin	12_factory_data/pattern_052_MULTI_ENS.bin	b3dfb8ec394e8b1cbbf2e9169a3fee171d48a28d5809e976abdd8e0e4f990214
01_mining_runs/v7/04_factory_data/slots/pattern_053_MULTI_SID.bin	12_factory_data/pattern_053_MULTI_SID.bin	ae07726871e66ae9beb61bff564abee5c413e9eea7d02db4788e839effaa8ab5
01_mining_runs/v7/04_factory_data/slots/pattern_054_MULTI_DPRO.bin	12_factory_data/pattern_054_MULTI_DPRO.bin	c801f4d81682d6c61527c1107ea1591e922513228c39b23da92f346d3264e0b6
01_mining_runs/v7/04_factory_data/slots/pattern_055_MULTI_FM_1.bin	12_factory_data/pattern_055_MULTI_FM_1.bin	a640fa09a09507ad28ba358fc1141ea40781c1e6c3e392ca7520872cc121caf0
01_mining_runs/v7/04_factory_data/slots/pattern_056_MULTI_FM_2.bin	12_factory_data/pattern_056_MULTI_FM_2.bin	1dbfea6929005134e44a6323c644cdec113908e6ffe683f976f06d3ec1939e97
01_mining_runs/v7/04_factory_data/slots/pattern_057_MULTI_FM_3.bin	12_factory_data/pattern_057_MULTI_FM_3.bin	3dd01777845b59bbc912e8594b77faa04ab09abe215b6b0873d56cf70a1d4ee5
01_mining_runs/v7/04_factory_data/slots/pattern_058_MULTI_FAT.bin	12_factory_data/pattern_058_MULTI_FAT.bin	4dedb51b7ccc95e74ae49953023bb03f7c57f0656b7f24c9294495b84ddcba94
01_mining_runs/v7/04_factory_data/slots/pattern_059_MULTI_SPLT.bin	12_factory_data/pattern_059_MULTI_SPLT.bin	e3c72f7e8185776de65c40f98d8f1b38222ca78cf9d300b9847a561a6ce9136a
01_mining_runs/v7/04_factory_data/slots/pattern_060_MULTI_SIX4.bin	12_factory_data/pattern_060_MULTI_SIX4.bin	fcdae56fdd84b42658094e015e0c227e247353c7570700a6d886d1dcc713a6e1
01_mining_runs/v7/04_factory_data/slots/pattern_061_MULTI_BBOX.bin	12_factory_data/pattern_061_MULTI_BBOX.bin	c05830bc186b31eef22e7477a97f7898fbc1ff58d53031d883c1de15b9085c20
01_mining_runs/v7/04_factory_data/slots/pattern_062_MULTI_WAVE.bin	12_factory_data/pattern_062_MULTI_WAVE.bin	5aec1e29a977f5c56282e6c3c77a1d3933c8ace9f8fce6866e989c043a97dbf2
01_mining_runs/v7/04_factory_data/slots/pattern_063_MULTI_SAWS.bin	12_factory_data/pattern_063_MULTI_SAWS.bin	1e6c001fd728b38d9faa816ad23c0045cf2c3ad2781a1bb6853f123901876296
01_mining_runs/v7/04_factory_data/slots/pattern_064_MULTI_EFEM.bin	12_factory_data/pattern_064_MULTI_EFEM.bin	49c39f626156cdea0b5d5eb13e07d54f43fe10d7ec74c651f5c803c25ed26cc0
01_mining_runs/v7/04_factory_data/slots/pattern_065_MULTI_MONO.bin	12_factory_data/pattern_065_MULTI_MONO.bin	e0f57d386e56bb35542a3faebd12be6c58a84dca0ca3df37fd6cad584f0335b6
01_mining_runs/v7/04_factory_data/songs/song_00_MM_DEMO.bin	12_factory_data/song_00_MM_DEMO.bin	008f8136c68d670a0eca6f57ed4e74c98b1ce58f4fd379f9929bf323800c370b
01_mining_runs/v7/04_factory_data/songs/song_01_MM_DEMO.bin	12_factory_data/song_01_MM_DEMO.bin	18f040158654fc6021ffb62914a3100c19160a9b3f6d0a921c056b7c0485d87c
01_mining_runs/v7/04_factory_data/songs/song_02_MONTORI.bin	12_factory_data/song_02_MONTORI.bin	18e4e8e2a65290a8b08d5bfddb37eb0733969db3ee64cf5888cf8b769bfcf9bc
01_mining_runs/v7/04_factory_data/songs/song_03_BLOCKSLUT.bin	12_factory_data/song_03_BLOCKSLUT.bin	e1c720b6986e20636b9fa0d09815b1e222df126cf9c4856ca3bc7f1d8036befb
01_mining_runs/v7/04_factory_data/songs/song_04_ASSSLUT.bin	12_factory_data/song_04_ASSSLUT.bin	4b2f08d62a96f7babc6c7d0f6fd13254cf746804b3d23cf9421474658b06e1f7
01_mining_runs/v7/04_factory_data/songs/song_05_ELCRO.bin	12_factory_data/song_05_ELCRO.bin	52e1a0f0a3e48a8831b668302f5b8c3b7fc9c35504a5a2c20944d17a2c2f6184
01_mining_runs/v7/04_factory_data/songs/song_06_ASSTASS.bin	12_factory_data/song_06_ASSTASS.bin	1601977b0005ff716bca0756889e6f9adf1ce78d989b82e7d3a925b9e2d39f19
01_mining_runs/v7/04_factory_data/songs/song_07_ATERWALKR.bin	12_factory_data/song_07_ATERWALKR.bin	0901b1620bbb7a653913163b49d038afb0900fd8ba2e5338b5cebd78d8b50b30
01_mining_runs/v7/04_factory_data/songs/song_08_OOGIE.bin	12_factory_data/song_08_OOGIE.bin	3678fb8fe479fc629afe4a9a09dad1372c2202e552eba931a20aad49f276d364
01_mining_runs/v7/04_factory_data/songs/song_09_EEWAVES.bin	12_factory_data/song_09_EEWAVES.bin	6496616e16084f9ecd5189bc342a2710d2b03a7d9669477f60f3ed9468b56029
01_mining_runs/v7/04_factory_data/songs/song_10_WARM.bin	12_factory_data/song_10_WARM.bin	7a24925a5be8c0c809c6aa2761ca7b4634c8ba067a9f270d9153e78e48d53c6c
01_mining_runs/v7/04_factory_data/songs/song_11_UBSONIC.bin	12_factory_data/song_11_UBSONIC.bin	bb5cf75a6f50d1d527bcb21055cad22300f37e318b34e5469d287487aa7f87cd
01_mining_runs/v7/04_factory_data/songs/song_12_ELCIUS.bin	12_factory_data/song_12_ELCIUS.bin	f4c438216adc64f73e132e21fc1dd6d4cd66797f9cc64679fc932625866601de
01_mining_runs/v7/04_factory_data/songs/song_13_OKEPEEK.bin	12_factory_data/song_13_OKEPEEK.bin	fc52648dfc0cd2162a585bb2ae3ee29ce00d8d43346e66555fa2c53163d598c7
01_mining_runs/v7/04_factory_data/zone_map.json	12_factory_data/zone_map.json	0b9ce162d214d416b82fad1b76109fe8afb8517f43c0f19c74320b116a871712
01_mining_runs/v7/05_main_os/first_1024_bytes_dump.txt	14_raw_dumps/first_1024_bytes_dump.txt	d0dd0b3f245b48cfbf4e26c1cc52bb6d1d5c340806e7c09ef0c2449d7b608805
01_mining_runs/v7/05_main_os/mainos_summary.json	14_raw_dumps/mainos_summary.json	6f735d742b7f20d52a794a6346d1231f19832bb303b0aeb931d0414f119ea440
01_mining_runs/v7/05_main_os/strings.txt	14_raw_dumps/main_os_strings.txt	ae2b913243bc6c0711b2ee20addf6c9bfc177a9836d19d97a62643fa61da3c0f
01_mining_runs/v7/05_main_os/strings_os_uppercase.txt	14_raw_dumps/main_os_strings_uppercase.txt	1b9600c158da77939ca63e7d63716afe1db2b92cf01b59362e264171b6550da7
01_mining_runs/v7/06_reports/firmware_info.json	14_raw_dumps/firmware_info.json	fd1158a9f032a1394745e13edb9d57344fd16c41db376f9203fc6a951866fdf8
01_mining_runs/v7/06_reports/sections_checksums.txt	14_raw_dumps/firmware_sections_checksums.txt	7f9112b4f746976519e559e1675c00281a33d62925a0aac653ccecfbbab09a2a
01_mining_runs/v7/MANIFEST.json	20_run_logs/firmware_factory_run_MANIFEST.json	665e96eaf57fce0bda4618561356c2e3c9c01f60febefa8842a829fbeed72815
01_mining_runs/v7/README.md	20_run_logs/firmware_factory_run_README.md	9b5142ebdb6ef86731c2e2d746356c5e2830454a1e5fa2d4a06b6457d5c55388
01_mining_runs/v8/01_map/grid_slot_map.json	11_sequencer/grid_slot_map.json	a1ca7dea1431851869733e0ecae53c5651cf8a11228704ffd5e00f22dace38dd
01_mining_runs/v8/01_map/pattern_slot_map.json	11_sequencer/pattern_slot_map.json	e6640175fdcf503adc347d7a77eade98c84c557db505e1c9a014eddfd971e754
01_mining_runs/v8/02_evidence/disasm_field554.asm	11_sequencer/seq_patterns_disasm_field554.asm	da50fa59874bd238d6a27ec66f506427267454a8d0fef0dfa57191c1c59ea853
01_mining_runs/v8/02_evidence/disasm_field_writer.asm	11_sequencer/disasm_field_writer.asm	1ed71f7ea452dc9f6ece8f809aa3a039e63bfee0bd9a8224fdfc37551deaeb72
01_mining_runs/v8/02_evidence/disasm_insert_step.asm	11_sequencer/disasm_insert_step.asm	4bf24baa5accbba23f0bcbd02775f1d0778a123307a90f09ff8c642b50beb1b2
01_mining_runs/v8/02_evidence/disasm_loader.asm	11_sequencer/disasm_loader.asm	77780210b9fb1344bac7209222149bf236d2bb17f2db5a15b833c1ae54252c0d
01_mining_runs/v8/02_evidence/disasm_track_swap.asm	11_sequencer/disasm_track_swap.asm	2c68d6aa5f347abe64634b53d121f953433c62c11185951bc5a0828a6bc8418e
01_mining_runs/v8/02_evidence/evidence.md	11_sequencer/seq_patterns_evidence.md	7bc869ee664d2ad6b4838ce4d495e32da38d47968c50821328d339591172fcd1
01_mining_runs/v8/03_decoded/empty_template.bin	11_sequencer/empty_template.bin	dc71cb79482a566bf3bb8da75ee64a32148cfca9f740bfb4701ec80bae3907e2
01_mining_runs/v8/03_decoded/patterns_decoded.json	11_sequencer/patterns_decoded.json	067175a3250dc81127835e0c214dd096d9b004e046a46ebd4132060b8d0e5324
01_mining_runs/v8/03_decoded/patterns_readable.txt	11_sequencer/patterns_readable.txt	5fcc54ac803015c1100cb3404740aff60a70857432254f8b0d7fcf73ab0080f1
01_mining_runs/v8/04_stats/slot_regions.json	11_sequencer/slot_regions.json	e962f0674271e13ad811e04b927702b58dd2cd3b9ee5a0b33112c019e972ab55
01_mining_runs/v8/MANIFEST.json	20_run_logs/seq_patterns_run_MANIFEST.json	93bb4e36ccf61aa6aab605e0c36d8d4d56fb3112e620b0e7def646125881d6a9
01_mining_runs/v8/README.md	20_run_logs/seq_patterns_run_README.md	17f264a9dd3f59a7f9b06c605f6a73ad56ec34c6b32948c06e882996b77db08c
01_mining_runs/v9/01_map/global_slot_map.json	11_sequencer/global_slot_map.json	bdaab485a08bd2cbfc4020440a961fbfc455d8e597003e2009d570d79a9127d3
01_mining_runs/v9/01_map/pattern_slot_map_v9.json	11_sequencer/pattern_slot_map_v9.json	882bc914aa0a45454eebd48c71cc67b0cddccce71d7b84fc404e93216db034b2
01_mining_runs/v9/02_evidence/disasm_field554.asm	11_sequencer/seq_locks_disasm_field554.asm	fb43042a623d4ed93ba2e0b533bc977f1ed3c41cde2f757bfd248b169fe87c92
01_mining_runs/v9/02_evidence/disasm_field554_accessors.asm	11_sequencer/disasm_field554_accessors.asm	05be9378d3e7f6e7ab0ff3207846a0c10e83ec797c9599084b1e005b8515f869
01_mining_runs/v9/02_evidence/disasm_global_bank.asm	11_sequencer/disasm_global_bank.asm	2f2e9c6da7f99c0ac603aaab26fb70d5633d534aa6c622e8be5e11c052ae6ec1
01_mining_runs/v9/02_evidence/disasm_global_copy2.asm	11_sequencer/disasm_global_copy2.asm	da3d68c2df8399e8bfae24bdb29d6330d871a3c9ba7d96fc3bf971ca2529cd10
01_mining_runs/v9/02_evidence/disasm_global_init.asm	11_sequencer/disasm_global_init.asm	9edbc4601dee9794afd9b21ab2137dd14b7186ab6690120fe22fbbd3acc6339c
01_mining_runs/v9/02_evidence/disasm_lock_player_expand.asm	11_sequencer/disasm_lock_player_expand.asm	caf7e213d2cbab489a048a2726c67bef8ca2bf2d838e819a72f241d827f61ed7
01_mining_runs/v9/02_evidence/disasm_lock_player_main.asm	11_sequencer/disasm_lock_player_main.asm	38c88df07317441d2a100fc992ee8f9a687fda515d8fbd7f34302611c53343a5
01_mining_runs/v9/02_evidence/disasm_lock_player_rows.asm	11_sequencer/disasm_lock_player_rows.asm	aa52710be210b77dae888fb94645006e8405e37a8b77cc11f741ff41f136a839
01_mining_runs/v9/02_evidence/disasm_pattern_clear.asm	11_sequencer/disasm_pattern_clear.asm	73744f8be426d8116e5658f1ba0a9b90dacf889c75cc423349848b4734acc9d2
01_mining_runs/v9/03_decoded/global_slots.json	11_sequencer/global_slots.json	40c82f12e7b9d861899e2b25352b63704eec019bf97c586ac6cbd5ecc66078e6
01_mining_runs/v9/03_decoded/locks_decoded.json	11_sequencer/locks_decoded.json	e79d212fcb57ce8a6461e2897beaaecafc3d75b4ff8dd1bca1e92ab78a0674de
01_mining_runs/v9/04_stats/stats_v9.json	11_sequencer/stats_v9.json	7c31da7d8f8b8cca60535c00c95d4423aa98cb9b8ab382be246d83410ac639a7
01_mining_runs/v9/MANIFEST.json	20_run_logs/seq_locks_run_MANIFEST.json	99840ed49de126ecbd49c5b4aa563b322728be07bd1375265f51e302d76959ac
01_mining_runs/v9/README.md	20_run_logs/seq_locks_run_README.md	bb7dbea25507fe2e8698b610b2bc5ca6b221979cc1f640ed89473705a15a9cf2
02_table_dumps/all_tables_v4/P_100000_monitor_init.bin	15_tables_pmem/P_100000_monitor_init.bin	8a29cae8d2f8056652fdd9c3a1c4b6985ec1ead83beff87a03bbd96ee683ae10
02_table_dumps/all_tables_v4/P_100000_monitor_init.txt	15_tables_pmem/P_100000_monitor_init.txt	9297c306b83dce2369c354f875d3bd81a4e2ca061099d8db11e025df85366c9c
02_table_dumps/all_tables_v4/P_1001D1_VO6_dispatch_table.bin	15_tables_pmem/P_1001D1_VO6_dispatch_table.bin	5af701c93c683678d760f51abc262426f1d7d1ae089922195ec4221700449fd7
02_table_dumps/all_tables_v4/P_1001D1_VO6_dispatch_table.txt	15_tables_pmem/P_1001D1_VO6_dispatch_table.txt	f062625fbb5f2d5e8fb599a7976eeec62c8ceb507596d8e8c7f4006145dd7139
02_table_dumps/all_tables_v4/P_1007F1_VO6_table2.bin	15_tables_pmem/P_1007F1_VO6_table2.bin	a80223e3465526550901b0c5a82709120bc690b0008cb18f25cf84863ce9ddbc
02_table_dumps/all_tables_v4/P_1007F1_VO6_table2.txt	15_tables_pmem/P_1007F1_VO6_table2.txt	a6f8e42226ad6c35f04ac403af7bddb483719f5c33e11c047bb88df26ab477d6
02_table_dumps/all_tables_v4/P_100E11_VO6_table3.bin	15_tables_pmem/P_100E11_VO6_table3.bin	df2c2bd6cc8bbf6e21ec13da39e430306bd15754c84cfa867cf12696413e2134
02_table_dumps/all_tables_v4/P_100E11_VO6_table3.txt	15_tables_pmem/P_100E11_VO6_table3.txt	aedf0fe0d859271c71918e6c6fdc9f3bbad2a2a029d8ecb316083d205a08daa1
02_table_dumps/all_tables_v4/P_101431_VO6_table4.bin	15_tables_pmem/P_101431_VO6_table4.bin	10455d296c3a24c551858dcf4ce9db7a6589775bb76bbb6e2a094d236509439c
02_table_dumps/all_tables_v4/P_101431_VO6_table4.txt	15_tables_pmem/P_101431_VO6_table4.txt	ef27352b04833ad8781806d92b878fdfd5c545739af78272bb49e87f5c841c3f
02_table_dumps/all_tables_v4/P_101A51_unknown_101a51_42.bin	15_tables_pmem/P_101A51_unknown_101a51_42.bin	434db75ff855381139e304f3768c1938b6ba591ff5c3b4d9848fe6d578d68a9a
02_table_dumps/all_tables_v4/P_101A51_unknown_101a51_42.txt	15_tables_pmem/P_101A51_unknown_101a51_42.txt	61f8fc0b466e3dc46be9415f274e97d023bc21a6821ef2ee863d18b3e17dbc28
02_table_dumps/all_tables_v4/P_101A7B_SWAVE_wavetable_main.bin	15_tables_pmem/P_101A7B_SWAVE_wavetable_main.bin	3041b51dc5ea642d2ba65c6807d73dfd1ba18284e5cb472721c2d825cbf543ff
02_table_dumps/all_tables_v4/P_101A7B_SWAVE_wavetable_main.txt	15_tables_pmem/P_101A7B_SWAVE_wavetable_main.txt	7774675546d12ce8673d9874cd1a81d540517afbbd7a0996506e6a73188f7887
02_table_dumps/all_tables_v4/P_101D7B_SWAVE_PCH2_table.bin	15_tables_pmem/P_101D7B_SWAVE_PCH2_table.bin	58a2ad8bc9806a3a007271c73fa9c47d40abae1a82555470aae600c706d0483b
02_table_dumps/all_tables_v4/P_101D7B_SWAVE_PCH2_table.txt	15_tables_pmem/P_101D7B_SWAVE_PCH2_table.txt	0cc2b73941ee98a82abae8bb54b1cf97c4d6464601f082ffabd34d32d2e531b3
02_table_dumps/all_tables_v4/P_101E7B_SWAVE_PCH3_table.bin	15_tables_pmem/P_101E7B_SWAVE_PCH3_table.bin	d07d60cf4f7f3885557ac75c2c7fd3b00dff2b3672282b743e8164f978daac17
02_table_dumps/all_tables_v4/P_101E7B_SWAVE_PCH3_table.txt	15_tables_pmem/P_101E7B_SWAVE_PCH3_table.txt	5eecdb959fefa2926ae29634c0b0974486c821427757755ad94a89726b22b784
02_table_dumps/all_tables_v4/P_101F7B_SWAVE_PCH4_table.bin	15_tables_pmem/P_101F7B_SWAVE_PCH4_table.bin	953d82c14dd32d0b7d29b20c0ffbedfaaa40fbbea77e4788a0ddbcbefc52f2e5
02_table_dumps/all_tables_v4/P_101F7B_SWAVE_PCH4_table.txt	15_tables_pmem/P_101F7B_SWAVE_PCH4_table.txt	1147a09cc0c28e2e15db3a25fee2a2153fec6d0cb12769066a387ac3570eaa64
02_table_dumps/all_tables_v4/P_10207B_SWAVE_PCH5_table.bin	15_tables_pmem/P_10207B_SWAVE_PCH5_table.bin	16b3e1ac3158edf84418a0786c79652cd9945d2c249579bb113c9ef8d9170802
02_table_dumps/all_tables_v4/P_10207B_SWAVE_PCH5_table.txt	15_tables_pmem/P_10207B_SWAVE_PCH5_table.txt	06e1f0db3d7534c6a1fd05509ce44d4dbeaf448418ad6d5b20a88fa2e9090ea0
02_table_dumps/all_tables_v4/P_10217B_SWAVE_PCH6_table.bin	15_tables_pmem/P_10217B_SWAVE_PCH6_table.bin	7f5f8b388dfedbb74c482ff75bcabd022ccb64b21ca8abc3da62de0fe9c707ea
02_table_dumps/all_tables_v4/P_10217B_SWAVE_PCH6_table.txt	15_tables_pmem/P_10217B_SWAVE_PCH6_table.txt	0868ffd1d540956623bc7c7fb80f8558225d86d0aba8a7b1754141b754f36684
02_table_dumps/all_tables_v4/P_10227B_SWAVE_PCH7_table.bin	15_tables_pmem/P_10227B_SWAVE_PCH7_table.bin	b60eb6661f84024231e82ce801995570b619ba8b6088864067ad6d4d08c52c83
02_table_dumps/all_tables_v4/P_10227B_SWAVE_PCH7_table.txt	15_tables_pmem/P_10227B_SWAVE_PCH7_table.txt	5a89e512d3c2075b5598bddac6671767ec51d6048eced4806d611df9365e2015
02_table_dumps/all_tables_v4/P_10237B_SWAVE_PCH8_table.bin	15_tables_pmem/P_10237B_SWAVE_PCH8_table.bin	bb10b62c45b9f7add4994c52b7279270b142b4aa11ace7bd0da904cd85a7606a
02_table_dumps/all_tables_v4/P_10237B_SWAVE_PCH8_table.txt	15_tables_pmem/P_10237B_SWAVE_PCH8_table.txt	4a53b7b85da4f7c9b4b59b2351ebde1b3879d9efb28d977a119a411562268504
02_table_dumps/all_tables_v4/P_10247B_SWAVE_PCH9_table.bin	15_tables_pmem/P_10247B_SWAVE_PCH9_table.bin	52cd35d8d8f1e625b884d99aaabc65e66796e7f02f256339ee19e66a135ac2f6
02_table_dumps/all_tables_v4/P_10247B_SWAVE_PCH9_table.txt	15_tables_pmem/P_10247B_SWAVE_PCH9_table.txt	4fe533beaa91a9cb79cd978ffcf631a819e0c54bc09adf856d3dee9f26d27eab
02_table_dumps/all_tables_v4/P_10257B_SWAVE_PCH10_table.bin	15_tables_pmem/P_10257B_SWAVE_PCH10_table.bin	3a5758c9525c725adefaa836e271d8c3241971bf7dfee0134feb7839382308cd
02_table_dumps/all_tables_v4/P_10257B_SWAVE_PCH10_table.txt	15_tables_pmem/P_10257B_SWAVE_PCH10_table.txt	2b1aa7d550141518c2592f62d7ba5ad2d3071f7338a6a070b621bb70751a860a
02_table_dumps/all_tables_v4/P_10267B_SWAVE_PCH11_table.bin	15_tables_pmem/P_10267B_SWAVE_PCH11_table.bin	e66b877ec241fe3998a15bfe7bd7eb676acf6998a264fab5cea2089972eae532
02_table_dumps/all_tables_v4/P_10267B_SWAVE_PCH11_table.txt	15_tables_pmem/P_10267B_SWAVE_PCH11_table.txt	dd87e41580d2cc2d57a71958c5c4bf1f5704ff3321fa5cdd74ba6397195729b8
02_table_dumps/all_tables_v4/P_10277B_SWAVE_PCH12_table.bin	15_tables_pmem/P_10277B_SWAVE_PCH12_table.bin	c7f0916c6d5ed2640fd2d31a4fa342486d950c762647949367393d39b3df6af5
02_table_dumps/all_tables_v4/P_10277B_SWAVE_PCH12_table.txt	15_tables_pmem/P_10277B_SWAVE_PCH12_table.txt	5fd5d05a383b434452a0af4670017f981dc5325162cbc6ca1e1f017aa3f1f379
02_table_dumps/all_tables_v4/P_10287B_SWAVE_PCH13_table.bin	15_tables_pmem/P_10287B_SWAVE_PCH13_table.bin	da3cf77d6c6621a098524dd86a3df2e1a46466004fe4ec7df1d2147e59876104
02_table_dumps/all_tables_v4/P_10287B_SWAVE_PCH13_table.txt	15_tables_pmem/P_10287B_SWAVE_PCH13_table.txt	8eea62df9c83f36e3502ee38b25b22965377b797168cfdaf939b23c8bdd15cb5
02_table_dumps/all_tables_v4/P_10297B_SWAVE_PCH14_table.bin	15_tables_pmem/P_10297B_SWAVE_PCH14_table.bin	808a348254fd41eea66bccf4073aada4bc8867a5e3a140a0002d5667738e8bbd
02_table_dumps/all_tables_v4/P_10297B_SWAVE_PCH14_table.txt	15_tables_pmem/P_10297B_SWAVE_PCH14_table.txt	c2b5e7eb3245c3101cbec8980b181b8848773fa875f24309639358aed2e898fa
02_table_dumps/all_tables_v4/P_102A7B_SWAVE_PCH15_table.bin	15_tables_pmem/P_102A7B_SWAVE_PCH15_table.bin	e5212301d7a46c8b53eef49ce233dc37c0cabb4b08f81b7c7a08ba365f07792c
02_table_dumps/all_tables_v4/P_102A7B_SWAVE_PCH15_table.txt	15_tables_pmem/P_102A7B_SWAVE_PCH15_table.txt	c8b5314ae67c485a2a97443de7aba37e48d5975f8fc09d98b6e1de805dae9b87
02_table_dumps/all_tables_v4/P_102B7B_SWAVE_PCH16_table.bin	15_tables_pmem/P_102B7B_SWAVE_PCH16_table.bin	1b80d86d6fda2fc878bdc5ea75dfd4c99e312e3ed58fd6e3ddf22e2a67fa5654
02_table_dumps/all_tables_v4/P_102B7B_SWAVE_PCH16_table.txt	15_tables_pmem/P_102B7B_SWAVE_PCH16_table.txt	33d4bd4827fb83d676418e8390fb2fa2a1d240775ee775c3a389f286f24353d8
02_table_dumps/all_tables_v4/P_102C7B_SWAVE_PCH17_table.bin	15_tables_pmem/P_102C7B_SWAVE_PCH17_table.bin	abcf3b8cbfdb668c6a82f342c8eb57b0cf4803e5fe70f44e06e2c0743e32d997
02_table_dumps/all_tables_v4/P_102C7B_SWAVE_PCH17_table.txt	15_tables_pmem/P_102C7B_SWAVE_PCH17_table.txt	a1c2beeb135312e7bd3658c0233bae6b51a1af596d33ca4dc44299e170ad23da
02_table_dumps/all_tables_v4/P_102D7B_SWAVE_PCH18_table.bin	15_tables_pmem/P_102D7B_SWAVE_PCH18_table.bin	5289c01e80e19dd2fed33536a50b5c9dd57fb363768fe7f90831d1305bb503f4
02_table_dumps/all_tables_v4/P_102D7B_SWAVE_PCH18_table.txt	15_tables_pmem/P_102D7B_SWAVE_PCH18_table.txt	eff2f6e9e53b92e8b27e140f9ab31c0738ea9c3312552b9f1bf5c532d127bd35
02_table_dumps/all_tables_v4/P_102E7B_SWAVE_PCH19_table.bin	15_tables_pmem/P_102E7B_SWAVE_PCH19_table.bin	29da9c05a440c4092d1461d8e6c395b85a64443006a76dc75ed82bf84dbeb032
02_table_dumps/all_tables_v4/P_102E7B_SWAVE_PCH19_table.txt	15_tables_pmem/P_102E7B_SWAVE_PCH19_table.txt	7c252f9bad38bb686edf38425ce88bb6184a81dfc774dc75d3bb0b36451ffdbb
02_table_dumps/all_tables_v4/P_102F7B_SWAVE_PCH20_table.bin	15_tables_pmem/P_102F7B_SWAVE_PCH20_table.bin	1eb3a25a8771a4f4bc7fcf4dcbccb062b34d75560b60555173b8ac6c1dc638ac
02_table_dumps/all_tables_v4/P_102F7B_SWAVE_PCH20_table.txt	15_tables_pmem/P_102F7B_SWAVE_PCH20_table.txt	f8b73a8300b66758447187625b28e06b73509ebc5b508054b147341a16ad6c97
02_table_dumps/all_tables_v4/P_10307B_SWAVE_PCH21_table.bin	15_tables_pmem/P_10307B_SWAVE_PCH21_table.bin	4017d1dcf66416374ff21b2098adcd375bbf8891372858527fd84f6e76961341
02_table_dumps/all_tables_v4/P_10307B_SWAVE_PCH21_table.txt	15_tables_pmem/P_10307B_SWAVE_PCH21_table.txt	e571a34da79ee61fefcd36b37bb1eb7e80cf3adf2c77138332839d8d1005700d
02_table_dumps/all_tables_v4/P_10317B_SWAVE_PCH22_table.bin	15_tables_pmem/P_10317B_SWAVE_PCH22_table.bin	411332135c40f137bff3747c198580de324de8d2e51f6d26daaebd39c44128c1
02_table_dumps/all_tables_v4/P_10317B_SWAVE_PCH22_table.txt	15_tables_pmem/P_10317B_SWAVE_PCH22_table.txt	75ec5e81505321bda99f56b5f58c9bbc2f098eae89d60fcf87241838e9b5aa62
02_table_dumps/all_tables_v4/P_10327B_SWAVE_PCH23_table.bin	15_tables_pmem/P_10327B_SWAVE_PCH23_table.bin	ed157afe3f63a80496bb14836dee79fbf7d382192e721302edbda9cd6294e7c9
02_table_dumps/all_tables_v4/P_10327B_SWAVE_PCH23_table.txt	15_tables_pmem/P_10327B_SWAVE_PCH23_table.txt	6f1fcce449c429344f94881587bc0e5405d1ef9a6745abb2034ac78d77ed026b
02_table_dumps/all_tables_v4/P_10337B_SWAVE_PCH24_table.bin	15_tables_pmem/P_10337B_SWAVE_PCH24_table.bin	b0a445422dfc5c47d7b7013aad4cf52ea26f7eab8e6800defc43f3ccfd24cb1c
02_table_dumps/all_tables_v4/P_10337B_SWAVE_PCH24_table.txt	15_tables_pmem/P_10337B_SWAVE_PCH24_table.txt	e8d0fb7e5212bdceebcbb276e09d7e8bdd40c3a6b52fce96856c7fbf3d647810
02_table_dumps/all_tables_v4/P_10347B_SWAVE_PCH25_table.bin	15_tables_pmem/P_10347B_SWAVE_PCH25_table.bin	a99750eb8a92e5344aaf1614292e25172747eee8405d38c29f599417e9ea83d2
02_table_dumps/all_tables_v4/P_10347B_SWAVE_PCH25_table.txt	15_tables_pmem/P_10347B_SWAVE_PCH25_table.txt	eb33ede9639b17daf507bb5ff15baddc96be6889ff41449289dafb2273a497b8
02_table_dumps/all_tables_v4/P_10357B_SWAVE_PCH26_table.bin	15_tables_pmem/P_10357B_SWAVE_PCH26_table.bin	59f2c17feeb03c8e7376b969b06c350693f1b32c0f4acf688f6100bb6a716492
02_table_dumps/all_tables_v4/P_10357B_SWAVE_PCH26_table.txt	15_tables_pmem/P_10357B_SWAVE_PCH26_table.txt	07e912bf760cca9c07788397be4aab6d7802e1ac9578e0f1d023e020e17261ac
02_table_dumps/all_tables_v4/P_10367B_SWAVE_PCH27_table.bin	15_tables_pmem/P_10367B_SWAVE_PCH27_table.bin	8d783804359b76c7e6daa29fb116a463f3acb22a574cab595984c99732c7198a
02_table_dumps/all_tables_v4/P_10367B_SWAVE_PCH27_table.txt	15_tables_pmem/P_10367B_SWAVE_PCH27_table.txt	426d3c029f9e62bec7cb35830760c8cc2b8b90da2afa1107d51fa630c2ac6f94
02_table_dumps/all_tables_v4/P_10377B_SWAVE_PCH28_table.bin	15_tables_pmem/P_10377B_SWAVE_PCH28_table.bin	dc9fe731a0d9bb08dfdfe974b3513471d1399567ccc51945aa99e1761b0a63ee
02_table_dumps/all_tables_v4/P_10377B_SWAVE_PCH28_table.txt	15_tables_pmem/P_10377B_SWAVE_PCH28_table.txt	955c4416eed0052cbd768949e8b9171790e07be72a6bde8451db96287d7613a2
02_table_dumps/all_tables_v4/P_10387B_SWAVE_PCH29_table.bin	15_tables_pmem/P_10387B_SWAVE_PCH29_table.bin	9cb47d04f2f2de33c1dab9792d998c3de84eb643f0841ca0e0e6a6e42f664245
02_table_dumps/all_tables_v4/P_10387B_SWAVE_PCH29_table.txt	15_tables_pmem/P_10387B_SWAVE_PCH29_table.txt	ee896249ecb525757b472bb14cde391f8f2332a28d21dfba3ea4f713be62ef21
02_table_dumps/all_tables_v4/P_10397B_SWAVE_PCH30_table.bin	15_tables_pmem/P_10397B_SWAVE_PCH30_table.bin	28ab04e3841d6930c49226bb05ae2b867885fdc5513643e41e31b5e1688556a8
02_table_dumps/all_tables_v4/P_10397B_SWAVE_PCH30_table.txt	15_tables_pmem/P_10397B_SWAVE_PCH30_table.txt	2f4449928e00688e7cec45466885ce55ba6d5c3c040d7141ec55cbb58eadfd4e
02_table_dumps/all_tables_v4/P_103A7B_SWAVE_PCH31_table.bin	15_tables_pmem/P_103A7B_SWAVE_PCH31_table.bin	6526a3215e5a6debe9545d3b9ede7707f214520d0887e0586312a5c88cf15cb0
02_table_dumps/all_tables_v4/P_103A7B_SWAVE_PCH31_table.txt	15_tables_pmem/P_103A7B_SWAVE_PCH31_table.txt	e404d48ce37cd3e8d28bc6916c4192c37afb860d12d1ab0ebc043b0c44b3d3c2
02_table_dumps/all_tables_v4/P_103B7B_SWAVE_PCH32_table.bin	15_tables_pmem/P_103B7B_SWAVE_PCH32_table.bin	b185d96d77b881fcd662842cd2ad6e1158da3a992ae0c7299c72464735e041a9
02_table_dumps/all_tables_v4/P_103B7B_SWAVE_PCH32_table.txt	15_tables_pmem/P_103B7B_SWAVE_PCH32_table.txt	18c181dc77cf22569e7deb5de5135cea22ed456de6ff051c2454ab686f731eab
02_table_dumps/all_tables_v4/P_103C7B_SWAVE_PCH33_table.bin	15_tables_pmem/P_103C7B_SWAVE_PCH33_table.bin	ee7e2b7e2277fa68e4285175d8e9d6deebaaacd4eb2509673bb1acb3d499d680
02_table_dumps/all_tables_v4/P_103C7B_SWAVE_PCH33_table.txt	15_tables_pmem/P_103C7B_SWAVE_PCH33_table.txt	bc0d63ff55f067129305df808f2b1e4696e5c478cac25ecd998df01a2b00012f
02_table_dumps/all_tables_v4/P_103D7B_SWAVE_PCH34_table.bin	15_tables_pmem/P_103D7B_SWAVE_PCH34_table.bin	5d0472c568882064f34f470115a350ab3da787be45af89d51f4a2fcb0872e658
02_table_dumps/all_tables_v4/P_103D7B_SWAVE_PCH34_table.txt	15_tables_pmem/P_103D7B_SWAVE_PCH34_table.txt	f82630396f9b938df6caf7e2fdb663fea33988b1f7c432922303c938db623dee
02_table_dumps/all_tables_v4/P_103E7B_unknown_103e7b_917.bin	15_tables_pmem/P_103E7B_unknown_103e7b_917.bin	b266d28a184968d3120ff5d4f99fa39a69263697c54424ce8b576974b4c8cf74
02_table_dumps/all_tables_v4/P_103E7B_unknown_103e7b_917.txt	15_tables_pmem/P_103E7B_unknown_103e7b_917.txt	5f78d74f80276c64297acf4cea43176369c12f4af5d105f50556a83099e50e1c
02_table_dumps/all_tables_v4/P_104210_marker_104210.bin	15_tables_pmem/P_104210_marker_104210.bin	709e80c88487a2411e1ee4dfb9f22a861492d20c4765150c0c794abd70f8147c
02_table_dumps/all_tables_v4/P_104210_marker_104210.txt	15_tables_pmem/P_104210_marker_104210.txt	0f1a272fadde3d3394d5dac2e6e4639e115c69d88dc0ad7e8c28785aae4e6c4e
02_table_dumps/all_tables_v4/P_104211_wavetable_data_104211.bin	15_tables_pmem/P_104211_wavetable_data_104211.bin	ab1f49047dc531ca50d77351f241cbeee88b47cf90cf88119f6602015db0bd8e
02_table_dumps/all_tables_v4/P_104211_wavetable_data_104211.txt	15_tables_pmem/P_104211_wavetable_data_104211.txt	6ad81ad2052f66d63f2580b0e483033601dd2565fef6394ec979388cc6ada9ea
02_table_dumps/all_tables_v4/P_104633_marker_104633.txt	15_tables_pmem/P_104633_marker_104633.txt	f07a2ea10d7bfff8f9562e83ba21d3726bc2b8007bf89660ee4238d3b6ed6638
02_table_dumps/all_tables_v4/P_104634_wavetable_data_104634.bin	15_tables_pmem/P_104634_wavetable_data_104634.bin	0f4a1308ecec7844efaac841e01a42198e5c1fa9c2dd999231152fa704a4366c
02_table_dumps/all_tables_v4/P_104634_wavetable_data_104634.txt	15_tables_pmem/P_104634_wavetable_data_104634.txt	6ea9d9dc3edb16ba9bfc3038d716dc0ac8f635e95598d214ea8e2c2d1c1cfb43
02_table_dumps/all_tables_v4/P_10598A_marker_10598a.txt	15_tables_pmem/P_10598A_marker_10598a.txt	c62ab821967473442e5e08e3abe4118312e7fac2238a010d86fb6a3b552464cb
02_table_dumps/all_tables_v4/P_10598B_wavetable_data_10598b.bin	15_tables_pmem/P_10598B_wavetable_data_10598b.bin	17ee2d41fbffdf8104ec1117e18e8df3ed364efa041df42b231322f8a769a9d0
02_table_dumps/all_tables_v4/P_10598B_wavetable_data_10598b.txt	15_tables_pmem/P_10598B_wavetable_data_10598b.txt	85ea5a3bf9ddd9010eb5d4c29303e08e54d47b8c965448f1b2139d7a06492773
02_table_dumps/all_tables_v4/P_10694B_marker_10694b.txt	15_tables_pmem/P_10694B_marker_10694b.txt	c204d36d11d216feec80b2c4e65a6f739de94d31cb5c9f5201f01c0c894c9ce6
02_table_dumps/all_tables_v4/P_10694C_wavetable_data_10694c.bin	15_tables_pmem/P_10694C_wavetable_data_10694c.bin	f7bbcfd954497a031a61b7a3fb10bcedf3182d55cf6732345331398fabc0999b
02_table_dumps/all_tables_v4/P_10694C_wavetable_data_10694c.txt	15_tables_pmem/P_10694C_wavetable_data_10694c.txt	c613f34e77a0657e63f23aeb0025f164cf09d1553874a0a6c7e1309884fd7c25
02_table_dumps/all_tables_v4/P_10750B_marker_10750b.txt	15_tables_pmem/P_10750B_marker_10750b.txt	9208acadd815b8b52c5ff9995d171b178792951be55f69a5b1cea3510504c197
02_table_dumps/all_tables_v4/P_10750C_DPRO_BBOX_table1.bin	15_tables_pmem/P_10750C_DPRO_BBOX_table1.bin	1bc92636761654648a111d90fcc2aa0abdcaa3829a041900b624c313946a801a
02_table_dumps/all_tables_v4/P_10750C_DPRO_BBOX_table1.txt	15_tables_pmem/P_10750C_DPRO_BBOX_table1.txt	abc7a754fea1020c460bb85a9c23319839dfff6d6f744b0d4357602896810acb
02_table_dumps/all_tables_v4/P_107D0C_marker_107d0c.txt	15_tables_pmem/P_107D0C_marker_107d0c.txt	d4fda1c2ecd202641d68918dc77fc5b8db88bb75322def32eda2e687d50210c7
02_table_dumps/all_tables_v4/P_107D0D_DPRO_BBOX_table2.bin	15_tables_pmem/P_107D0D_DPRO_BBOX_table2.bin	955ebc38c2c26f09394bfd81c50f2e11668f6bb459b300d00035f2f425801762
02_table_dumps/all_tables_v4/P_107D0D_DPRO_BBOX_table2.txt	15_tables_pmem/P_107D0D_DPRO_BBOX_table2.txt	ec887567bf50f44a6330705df00e60978329e9fec44a3a738ff702714d826b39
02_table_dumps/all_tables_v4/P_10810D_marker_10810d.txt	15_tables_pmem/P_10810D_marker_10810d.txt	183c7bc2b3c77cee0ab7911d0954a083a31acc25c2c53b15809211e21c864de1
02_table_dumps/all_tables_v4/P_10810E_wavetable_data_10810e.bin	15_tables_pmem/P_10810E_wavetable_data_10810e.bin	def49069b3edb6cc9f4272ba395ec012b9cf2f7abb69345b16389af7e29a9cdb
02_table_dumps/all_tables_v4/P_10810E_wavetable_data_10810e.txt	15_tables_pmem/P_10810E_wavetable_data_10810e.txt	6c7549506b1c54c0cc6d55f12f95f841360bc3bbf35e66f03fd6dfaa024a2ac5
02_table_dumps/all_tables_v4/P_1086A8_marker_1086a8.txt	15_tables_pmem/P_1086A8_marker_1086a8.txt	ef6f1c7839d1b208878deb1907b0009d01751b19189ac0514fc65443c118c1eb
02_table_dumps/all_tables_v4/P_1086A9_wavetable_data_1086a9.bin	15_tables_pmem/P_1086A9_wavetable_data_1086a9.bin	09740a39d68bfac9e7320b5ecc74c4c8efb224a4d05a034a6763cca0a6077c38
02_table_dumps/all_tables_v4/P_1086A9_wavetable_data_1086a9.txt	15_tables_pmem/P_1086A9_wavetable_data_1086a9.txt	6f9b3f0d91ab2674a96957afc22327e2cf34c495676888790725311afe3b1f1b
02_table_dumps/all_tables_v4/P_108AA9_marker_108aa9.txt	15_tables_pmem/P_108AA9_marker_108aa9.txt	41490e7ffe18e95a1e2c742a901bb89355bd5c7ec367729314b3106530126cab
02_table_dumps/all_tables_v4/P_108AAA_wavetable_data_108aaa.bin	15_tables_pmem/P_108AAA_wavetable_data_108aaa.bin	da16fc9ed7b8236446b93f5c1cf6a4058f9c3151adb439098f64b4f61122b84b
02_table_dumps/all_tables_v4/P_108AAA_wavetable_data_108aaa.txt	15_tables_pmem/P_108AAA_wavetable_data_108aaa.txt	9358fc6886bf23cba35f034bc110c6d9404a344a6b5b71b5b07935d4a87ee575
02_table_dumps/all_tables_v4/P_109E32_marker_109e32.txt	15_tables_pmem/P_109E32_marker_109e32.txt	aadfa7438c960f3e97bc1b588e4c7dda07820a5f623d694be2dd7c33f92eafa3
02_table_dumps/all_tables_v4/P_109E33_wavetable_data_109e33.bin	15_tables_pmem/P_109E33_wavetable_data_109e33.bin	34d9867ab499c720a1597a818913c6a9ae0f9841333d1c1088a0d20ececc2486
02_table_dumps/all_tables_v4/P_109E33_wavetable_data_109e33.txt	15_tables_pmem/P_109E33_wavetable_data_109e33.txt	afce3dc98ccaec6b84d8aecaad9b0e60314386f6ef3db03def2badc2044d8ab2
02_table_dumps/all_tables_v4/P_10B1BB_marker_10b1bb.txt	15_tables_pmem/P_10B1BB_marker_10b1bb.txt	8d96c900d685eae1e60d3a0d7d68a123757d98ca1ed56444ce076d9b79a7ada8
02_table_dumps/all_tables_v4/P_10B1BC_wavetable_data_10b1bc.bin	15_tables_pmem/P_10B1BC_wavetable_data_10b1bc.bin	78d0085a283d1bce2f294d0cdaa40c1881727589d7f5be69825f5212f3d9543b
02_table_dumps/all_tables_v4/P_10B1BC_wavetable_data_10b1bc.txt	15_tables_pmem/P_10B1BC_wavetable_data_10b1bc.txt	7717e73403fc52254bc15240ffa99e7ca1d06cecd2f9ad431486839e2edd469b
02_table_dumps/all_tables_v4/P_10D1AA_marker_10d1aa.txt	15_tables_pmem/P_10D1AA_marker_10d1aa.txt	8e2a584d566c6f0718887bca7fe77de2ed4e1f746dbd840ffb629117cf4d23ce
02_table_dumps/all_tables_v4/P_10D1AB_wavetable_data_10d1ab.bin	15_tables_pmem/P_10D1AB_wavetable_data_10d1ab.bin	fd46c77c9a002aae8b6e47f826f5ebaa15f80dcd8bd11a7a9c93cacbfa99c3ea
02_table_dumps/all_tables_v4/P_10D1AB_wavetable_data_10d1ab.txt	15_tables_pmem/P_10D1AB_wavetable_data_10d1ab.txt	dce72e5630e41b83f6e0cf4ceef094acf9829113028bf57935f6bba43330b0fd
02_table_dumps/all_tables_v4/P_10D7EA_marker_10d7ea.txt	15_tables_pmem/P_10D7EA_marker_10d7ea.txt	d93a1dae43823764cf97d0b2a96426f10c2bb39c6cdbb7c6c2c4c9afdb37c9f4
02_table_dumps/all_tables_v4/P_10D7EB_wavetable_data_10d7eb.bin	15_tables_pmem/P_10D7EB_wavetable_data_10d7eb.bin	f977c82ab2edab7fe86c2556186aae3fe1f3d255a0022d0f533ef477edd8b5f9
02_table_dumps/all_tables_v4/P_10D7EB_wavetable_data_10d7eb.txt	15_tables_pmem/P_10D7EB_wavetable_data_10d7eb.txt	6eb63a6ec532b77ba1a45fbb7b8036f18b6143581f4c574abfa36bc61b5c1e52
02_table_dumps/all_tables_v4/P_10DFEC_marker_10dfec.txt	15_tables_pmem/P_10DFEC_marker_10dfec.txt	9e22fc041c07f2e51445d4caa8dd1a1658d4048e7f2fd4b1d4538b460155f24f
02_table_dumps/all_tables_v4/P_10DFED_wavetable_data_10dfed.bin	15_tables_pmem/P_10DFED_wavetable_data_10dfed.bin	872cd8ab27eebe44ac805d4841ea3b47735165b0a5e0950b55ad5ce99246f381
02_table_dumps/all_tables_v4/P_10DFED_wavetable_data_10dfed.txt	15_tables_pmem/P_10DFED_wavetable_data_10dfed.txt	afcc41e89596f1349a1be38a6571679f594782112b77d88b1268d941f7be904e
02_table_dumps/all_tables_v4/P_10EF9F_marker_10ef9f.txt	15_tables_pmem/P_10EF9F_marker_10ef9f.txt	12111789462d2bf29f748576c51e6dff2698d0d7dc96d0d8beac63a54ccb1bd7
02_table_dumps/all_tables_v4/P_10EFA0_wavetable_data_10efa0.bin	15_tables_pmem/P_10EFA0_wavetable_data_10efa0.bin	447fabced911da33b6bde5288517f8260e6092de97eba16e33cc97c65c00edd3
02_table_dumps/all_tables_v4/P_10EFA0_wavetable_data_10efa0.txt	15_tables_pmem/P_10EFA0_wavetable_data_10efa0.txt	3a98b0c36df6d856f662fba4dc8d2db557fdd83e9e5886142ea942ca42f887a5
02_table_dumps/all_tables_v4/P_10F7A0_marker_10f7a0.txt	15_tables_pmem/P_10F7A0_marker_10f7a0.txt	fc7fd6d18771e9309e422918455696ed70ba22012c56e711121f2dc5acfa73e5
02_table_dumps/all_tables_v4/P_10F7A1_wavetable_data_10f7a1.bin	15_tables_pmem/P_10F7A1_wavetable_data_10f7a1.bin	0d92889a0f2dfc1bcce05573335a096bdb7126e70d4560aaf2df77f70aad939e
02_table_dumps/all_tables_v4/P_10F7A1_wavetable_data_10f7a1.txt	15_tables_pmem/P_10F7A1_wavetable_data_10f7a1.txt	1bd372854c45f0829ef1a625e24965228a48e58792666a1b4935a04db77fe69f
02_table_dumps/all_tables_v4/P_110F12_marker_110f12.txt	15_tables_pmem/P_110F12_marker_110f12.txt	46798bf532ef22b22db5eb2b5a927c6a33a722214af97ae27914f47d9c548320
02_table_dumps/all_tables_v4/P_110F13_wavetable_data_110f13.bin	15_tables_pmem/P_110F13_wavetable_data_110f13.bin	dc65e67944356ec3a6cd49c2391acaa1bae400ecb0adfe3871e9fbf655fc6e74
02_table_dumps/all_tables_v4/P_110F13_wavetable_data_110f13.txt	15_tables_pmem/P_110F13_wavetable_data_110f13.txt	b946900d1d45ffcfbf9483c49fd37c8bd672e2d6647e5acd3ab918a02d65743f
02_table_dumps/all_tables_v4/P_1112EE_marker_1112ee.txt	15_tables_pmem/P_1112EE_marker_1112ee.txt	a60c37bb2284d7ea5442e23f12d5427a462a8a6db14e50344afb30feac81bcc7
02_table_dumps/all_tables_v4/P_1112EF_wavetable_data_1112ef.bin	15_tables_pmem/P_1112EF_wavetable_data_1112ef.bin	3a41e96852491de1ae19c28c139d95f69e5484253326d4d6621055a8e31ea8dd
02_table_dumps/all_tables_v4/P_1112EF_wavetable_data_1112ef.txt	15_tables_pmem/P_1112EF_wavetable_data_1112ef.txt	07aec65d9089491c5b96421c0cfca0f25ff07ce27e3a3254d8a69fe17adc3eb1
02_table_dumps/all_tables_v4/P_1115B9_marker_1115b9.txt	15_tables_pmem/P_1115B9_marker_1115b9.txt	d1d15b9c6a46070d817229d0a39ae182723aa66b1e87a6e476186de2e133c34a
02_table_dumps/all_tables_v4/P_1115BA_wavetable_data_1115ba.bin	15_tables_pmem/P_1115BA_wavetable_data_1115ba.bin	d9c5d9ad189bbc3c496fedcd4a670d9b4c374207b9de0442e97eb02340ad3103
02_table_dumps/all_tables_v4/P_1115BA_wavetable_data_1115ba.txt	15_tables_pmem/P_1115BA_wavetable_data_1115ba.txt	134e5eb34c62728c03751cb729ab4b0c01f02420adcefcdb6c90a93bcff8f60d
02_table_dumps/all_tables_v4/P_111CBA_marker_111cba.txt	15_tables_pmem/P_111CBA_marker_111cba.txt	177166f44825d226565abc15a62af715980b82eea0c0d8bab081f0b31ef86d77
02_table_dumps/all_tables_v4/P_111CBB_wavetable_data_111cbb.bin	15_tables_pmem/P_111CBB_wavetable_data_111cbb.bin	d9dec78b0287c3d3d882f020ffb9c8aa8ee286d120f566d1e565317bcc680e36
02_table_dumps/all_tables_v4/P_111CBB_wavetable_data_111cbb.txt	15_tables_pmem/P_111CBB_wavetable_data_111cbb.txt	a6d885ec90e02dedfe32571abe9e46d5837a3861a7aa242d5bc7d2e2712a692a
02_table_dumps/all_tables_v4/P_112441_marker_112441.txt	15_tables_pmem/P_112441_marker_112441.txt	b693b52ae13d6c23e389872f30ec926817611892131ec3019f0d11413cc25dda
02_table_dumps/all_tables_v4/P_112442_wavetable_data_112442.bin	15_tables_pmem/P_112442_wavetable_data_112442.bin	e450e4fab347b63a2094784d185caf03a4ed45f9dc2b5900f884a3b9d05cb66e
02_table_dumps/all_tables_v4/P_112442_wavetable_data_112442.txt	15_tables_pmem/P_112442_wavetable_data_112442.txt	6a84eec3f0862e4f65cb432658fc49b5192dd2f1c45085987ab25313d70f187a
02_table_dumps/all_tables_v4/P_112C43_marker_112c43.txt	15_tables_pmem/P_112C43_marker_112c43.txt	b37f148b48a0d2382bca203e069f532d29bc5687cc43ed6efbb0bfd752945649
02_table_dumps/all_tables_v4/P_112C44_wavetable_data_112c44.bin	15_tables_pmem/P_112C44_wavetable_data_112c44.bin	e46f7fbaf8386aaeef8b96f5d6d55a05a70734eb426985c64ed14a9e807a366b
02_table_dumps/all_tables_v4/P_112C44_wavetable_data_112c44.txt	15_tables_pmem/P_112C44_wavetable_data_112c44.txt	6f7b1835efa696ac8f55da9438d426b567541ea6434ef9b51bdb46b19ae4bb8c
02_table_dumps/all_tables_v4/P_11320E_marker_11320e.txt	15_tables_pmem/P_11320E_marker_11320e.txt	30359eab354ed3889b139f2d63bc6866598235e670250390f9a56dcb72817fd0
02_table_dumps/all_tables_v4/P_11320F_wavetable_data_11320f.bin	15_tables_pmem/P_11320F_wavetable_data_11320f.bin	38c7c028eeede599c1571098efb93f7372e42ebdf14914a928ca1834c1b50ca6
02_table_dumps/all_tables_v4/P_11320F_wavetable_data_11320f.txt	15_tables_pmem/P_11320F_wavetable_data_11320f.txt	2bcb2e26de05f18e1de6ba0d2541ba5df9398e946900a778b4a44c5223afab68
02_table_dumps/all_tables_v4/P_1134C3_marker_1134c3.txt	15_tables_pmem/P_1134C3_marker_1134c3.txt	c4a8c0969a11eaeb35de9f869acf4723774a3bcc451b81cf96094105b55358ab
02_table_dumps/all_tables_v4/P_140000_pitch_wavetable_2048.txt	15_tables_pmem/P_140000_pitch_wavetable_2048.txt	bb7fd493cb328f50d70caf7920f43894ffd0b6b56c4ea6cc9927c50dc61b5887
02_table_dumps/all_tables_v4/P_140800_SID_wavetable_0_1_full.bin	15_tables_pmem/P_140800_SID_wavetable_0_1_full.bin	e380b4101fe138e71b46d5eb51aa0dc25b0d83f767806fdfb8c2e5509d47bcd2
02_table_dumps/all_tables_v4/P_140800_SID_wavetable_0_1_full.txt	15_tables_pmem/P_140800_SID_wavetable_0_1_full.txt	2b983af966de41a5d38a79df6143dab93015b28fdef386614475fbe99aaa373b
02_table_dumps/all_tables_v4/P_141880_FM_DYN_wavetable.txt	15_tables_pmem/P_141880_FM_DYN_wavetable.txt	083149b81bc10f16b49c1a118f34665b7d5643e34d4b458c0118ed31f1550b70
02_table_dumps/all_tables_v4/P_141900_PHASER_stage0.txt	15_tables_pmem/P_141900_PHASER_stage0.txt	dab017f16087d7ddff5f06c27999541410d95f227d444b572d7c199c60f52826
02_table_dumps/all_tables_v4/P_141980_PHASER_stage1.txt	15_tables_pmem/P_141980_PHASER_stage1.txt	81cd74cdcd5c8abdbd6cb6607432873facdbf1ad552eba5e4356510f66f9f33f
02_table_dumps/all_tables_v4/P_141A98_big_block_141a98.bin	15_tables_pmem/P_141A98_big_block_141a98.bin	17329eb4b1fbee95034b2bb5f5354efacff6636968dbedd8d0ec71801e686655
02_table_dumps/all_tables_v4/P_141A98_big_block_141a98.txt	15_tables_pmem/P_141A98_big_block_141a98.txt	05092f5d2c35a021671f9f1c42675fd32f235b7c13f9f8decfbce9ea6f3a431e
02_table_dumps/all_tables_v4/P_144AC7_LP_filter_coeffs.txt	15_tables_pmem/P_144AC7_LP_filter_coeffs.txt	a0b54980e8828641b29d884e3deec5b9cd2ff82f60bf7cdcb0a8361630e82f7f
02_table_dumps/all_tables_v4/P_144BC9_unknown_144bc9_256words.bin	15_tables_pmem/P_144BC9_unknown_144bc9_256words.bin	b1fb174a4b02dbc6dc8938ac2178e49f85fe5c3d313b953b1fe126479ea30318
02_table_dumps/all_tables_v4/P_144BC9_unknown_144bc9_256words.txt	15_tables_pmem/P_144BC9_unknown_144bc9_256words.txt	bf6f2d8bcbfe90ab023532b133ab99e075497d88c4ff4b5f7ca250b092f86d67
02_table_dumps/all_tables_v4/P_144CC9_m32_helper_table.bin	15_tables_pmem/P_144CC9_m32_helper_table.bin	04061ee106408f0cfba1bfadec67f0ee496e6049c348bc0fb10687c24b326787
02_table_dumps/all_tables_v4/P_144CC9_m32_helper_table.txt	15_tables_pmem/P_144CC9_m32_helper_table.txt	fedb8ce0f5acdb4a45e4b6e218c9eb11f2c0c91b4512ee85b6abd13bd29be2c6
02_table_dumps/all_tables_v4/P_144D9A_unknown_144d9a_231.bin	15_tables_pmem/P_144D9A_unknown_144d9a_231.bin	4409c92ebd12e394cabfdfd2c3e7e85446cfb98c656339c174ce0232c28c87f8
02_table_dumps/all_tables_v4/P_144D9A_unknown_144d9a_231.txt	15_tables_pmem/P_144D9A_unknown_144d9a_231.txt	ee7b2698a03f4433726f1db271593d72984b543522dc4167ba22f08be6c43b8c
02_table_dumps/all_tables_v4/P_144E81_FX_FLANGER_table.bin	15_tables_pmem/P_144E81_FX_FLANGER_table.bin	d40f9190a93f067f76f5856a4f6d947870730ef75211b3ab8fd53cd5b0f22b48
02_table_dumps/all_tables_v4/P_144E81_FX_FLANGER_table.txt	15_tables_pmem/P_144E81_FX_FLANGER_table.txt	ae75044941551f827aa2ae40c312d471f310121919e73e6ef30f373ce24d9043
02_table_dumps/all_tables_v4/P_145036_unknown_145036_213.bin	15_tables_pmem/P_145036_unknown_145036_213.bin	09a164d0b814eeb62fa271a4a0967054721d54906da408a34eb3081604e795d2
02_table_dumps/all_tables_v4/P_145036_unknown_145036_213.txt	15_tables_pmem/P_145036_unknown_145036_213.txt	b5e4a9e11820ffb20a774c4a0d91906352c3d8e71f0fa7293c322ae1d87e5c48
02_table_dumps/all_tables_v4/P_14510B_unknown_14510b_53.bin	15_tables_pmem/P_14510B_unknown_14510b_53.bin	23f032f4ce92515883a9b37818350f958f12118ba8b893ce54c6018661a1a1e6
02_table_dumps/all_tables_v4/P_14510B_unknown_14510b_53.txt	15_tables_pmem/P_14510B_unknown_14510b_53.txt	5482948964181cb83dc4425fabef7b0a7f3289c7a0086948543467653a25ce66
02_table_dumps/all_tables_v4/P_145140_unknown_145140_590.bin	15_tables_pmem/P_145140_unknown_145140_590.bin	6fa420c583c75684d6faed017981e95822f122781f8aceaf73ce1af51bb7577b
02_table_dumps/all_tables_v4/P_145140_unknown_145140_590.txt	15_tables_pmem/P_145140_unknown_145140_590.txt	eab99384ecc80a12a2e7d3f4b1c2b19b108d6b92454e2025095de178122aa6e2
02_table_dumps/all_tables_v4/P_14538E_FX_REVERB_table.bin	15_tables_pmem/P_14538E_FX_REVERB_table.bin	497339139d2071cdc7107fcde3f4b419d9ee8beac5f2cc8dc3f8d1338b3baf66
02_table_dumps/all_tables_v4/P_14538E_FX_REVERB_table.txt	15_tables_pmem/P_14538E_FX_REVERB_table.txt	5ac80cbdef27384f83bc4f364551979ec8aa84e4a74b06d31b3049d60535a3ee
02_table_dumps/all_tables_v4/P_14562C_unknown_14562c_384.txt	15_tables_pmem/P_14562C_unknown_14562c_384.txt	f0e1ed2517acf53ffacb48daf33dce3092217bc6ba0cdf946859866d399cced2
02_table_dumps/all_tables_v4/P_1457AC_unknown_1457ac_6.bin	15_tables_pmem/P_1457AC_unknown_1457ac_6.bin	60daa3a5f7dbfa200f8c82840ecf5b42640b70f3b7218a4c6bbd67db542e75a4
02_table_dumps/all_tables_v4/P_1457AC_unknown_1457ac_6.txt	15_tables_pmem/P_1457AC_unknown_1457ac_6.txt	a6f0cb993b646ffee27efdb399f8f48680efb16f90142d40d98e2355a74bdcfc
02_table_dumps/all_tables_v4/P_1457B2_unknown_1457b2_384.txt	15_tables_pmem/P_1457B2_unknown_1457b2_384.txt	2dfa1691380fa8fbee27296ddc9af3795874c23f6ae04bbc0b4f7176dcab237b
02_table_dumps/all_tables_v4/P_145932_FX_PHASER_table.bin	15_tables_pmem/P_145932_FX_PHASER_table.bin	0e6c446b9de981fee65883f62feb555083cb407e6d12ba7d2c708f382aa4cec4
02_table_dumps/all_tables_v4/P_145932_FX_PHASER_table.txt	15_tables_pmem/P_145932_FX_PHASER_table.txt	8a9f3fd239e2512cb16b8232f5e8e0d5e1be4c20ea2d9b51f5ceadc8852d8089
02_table_dumps/all_tables_v4/P_145AB5_unknown_145ab5_537.bin	15_tables_pmem/P_145AB5_unknown_145ab5_537.bin	c917f90654093be5d8c1e0db38fb64ded5969aa0939a4ffd9934bc7c0fc1072f
02_table_dumps/all_tables_v4/P_145AB5_unknown_145ab5_537.txt	15_tables_pmem/P_145AB5_unknown_145ab5_537.txt	e00f61359eff304bca7dcbc3536d0eb64db1908a24ff52ed5ec7febee04a7a31
02_table_dumps/all_tables_v4/P_145CCE_unknown_145cce_68.bin	15_tables_pmem/P_145CCE_unknown_145cce_68.bin	08412568ff8600144be18490706d430db470fad5edcaf1f5280c552667c239e5
02_table_dumps/all_tables_v4/P_145CCE_unknown_145cce_68.txt	15_tables_pmem/P_145CCE_unknown_145cce_68.txt	2eb360752b7fc69f3b00ecd052be2072f2442cbe45da57087215fca82f7388d4
02_table_dumps/all_tables_v4/P_145D12_unknown_145d12_439.bin	15_tables_pmem/P_145D12_unknown_145d12_439.bin	cd44781da36375c61872bc93ff32336d415c54a40a090a5182275342fd5162fb
02_table_dumps/all_tables_v4/P_145D12_unknown_145d12_439.txt	15_tables_pmem/P_145D12_unknown_145d12_439.txt	8afaaa1c7ed057f92ae4eff5f309a5bd7b9ec28c63eb9c6ce1488e214ad7aed6
02_table_dumps/all_tables_v4/P_145EC9_unknown_145ec9_724.bin	15_tables_pmem/P_145EC9_unknown_145ec9_724.bin	768d0a5bc685e0598d766fd65f06ea69663cb8cfe0037838c0ebdfc510bc0d22
02_table_dumps/all_tables_v4/P_145EC9_unknown_145ec9_724.txt	15_tables_pmem/P_145EC9_unknown_145ec9_724.txt	b8b41c146fb91fd187bc22481c52889a9f1bfc3edf9a8e2800139c373eff25fa
02_table_dumps/all_tables_v4/P_14619D_FX_DYN_table.bin	15_tables_pmem/P_14619D_FX_DYN_table.bin	b36f936660c3f78f4f9c60d00214d7c6b241055a34a9cb96ee75b2622f0400ef
02_table_dumps/all_tables_v4/P_14619D_FX_DYN_table.txt	15_tables_pmem/P_14619D_FX_DYN_table.txt	6e38b189ad48655ac7b333dd48287fc26766ab77acda4a4612b6e0343f0b31e5
02_table_dumps/all_tables_v4/P_14636F_unknown_14636f_397.bin	15_tables_pmem/P_14636F_unknown_14636f_397.bin	9d39f94bc5ea54207acd42f802dba491e4d162ce54e710c4f7e649a3fb097cea
02_table_dumps/all_tables_v4/P_14636F_unknown_14636f_397.txt	15_tables_pmem/P_14636F_unknown_14636f_397.txt	e268f6c01490f9bd5af0fe5dbc05c4e5e503d9cd23e6e9988b7354d2bc5358c7
02_table_dumps/all_tables_v4/P_1464FC_unknown_1464fc_3352.bin	15_tables_pmem/P_1464FC_unknown_1464fc_3352.bin	f375ae3ded3241b63bf1f45ec9607a713a11ac78441e982adf98d22b73e4d8b1
02_table_dumps/all_tables_v4/P_1464FC_unknown_1464fc_3352.txt	15_tables_pmem/P_1464FC_unknown_1464fc_3352.txt	8145ec3060b3ae6d77ea179c659f94bfdd67e5da8cc9c8889cf087dec4f2417c
02_table_dumps/all_tables_v4/P_147214_unknown_147214_398.bin	15_tables_pmem/P_147214_unknown_147214_398.bin	59a8b2dd1787254cba0f16d477e45ee75246dbf397c73021111357f3a739c60b
02_table_dumps/all_tables_v4/P_147214_unknown_147214_398.txt	15_tables_pmem/P_147214_unknown_147214_398.txt	495de655dff17f2400b51ec93465d6a421b5f21690da106e8ae41328df3f01d4
02_table_dumps/all_tables_v4/P_1473A2_DPRO_WAVE_table.bin	15_tables_pmem/P_1473A2_DPRO_WAVE_table.bin	226b71e083839f26363ea2d6aa08aa5d7145e11ecc3adf8181c8769bf0061088
02_table_dumps/all_tables_v4/P_1473A2_DPRO_WAVE_table.txt	15_tables_pmem/P_1473A2_DPRO_WAVE_table.txt	047ba74c7fc4266380f38c14ac26ba4dd2c14731708e2fc59fb3a2bd8902c568
02_table_dumps/all_tables_v4/P_1474E9_DPRO_BBOX_table.bin	15_tables_pmem/P_1474E9_DPRO_BBOX_table.bin	654e7309ccbd1a163e8f6b49294dbfbf616a81c45a7e4f1dc932e610ed5f7d58
02_table_dumps/all_tables_v4/P_1474E9_DPRO_BBOX_table.txt	15_tables_pmem/P_1474E9_DPRO_BBOX_table.txt	7ac157caf6b157dfd3388d312b53557953733bf756ce79836072c2fcf42cb4da
02_table_dumps/all_tables_v4/P_147641_unknown_147641_22.bin	15_tables_pmem/P_147641_unknown_147641_22.bin	3022c0e7d53f5c1f41024712fb4ca2ad0116fd767f75888d62d9f3f6f5957d56
02_table_dumps/all_tables_v4/P_147641_unknown_147641_22.txt	15_tables_pmem/P_147641_unknown_147641_22.txt	53af441ae69df393f7aab0b24d7d1a2b67f9879443516cafdc04325fbb4a2e1e
02_table_dumps/all_tables_v4/P_147661_FX_CHORUS_table.bin	15_tables_pmem/P_147661_FX_CHORUS_table.bin	45710b1eb4f2740e17efdfdd2f902b96481d30dc6ee4cbf053ebaf70ba9ac510
02_table_dumps/all_tables_v4/P_147661_FX_CHORUS_table.txt	15_tables_pmem/P_147661_FX_CHORUS_table.txt	c6763d74ccf59315b1a131708d729e0a39fb3fa1907bdf074f9a729d08ef8780
02_table_dumps/all_tables_v4/P_1477DE_FX_DYNAMIX_table.bin	15_tables_pmem/P_1477DE_FX_DYNAMIX_table.bin	e4fee0fa724808c6b4f6cf1d64803007525729a1c22c943bb55d9f5f100c9888
02_table_dumps/all_tables_v4/P_1477DE_FX_DYNAMIX_table.txt	15_tables_pmem/P_1477DE_FX_DYNAMIX_table.txt	26e387f653393ca3f741c7678462bfaac620247ede514c7c027b5d4f1d575e61
02_table_dumps/all_tables_v4/P_14789E_FX_RINGMOD_table.bin	15_tables_pmem/P_14789E_FX_RINGMOD_table.bin	04745013465ec0e4fe7f3dd25f005b37980d7065c61b81b71c64e2f2d6581043
02_table_dumps/all_tables_v4/P_14789E_FX_RINGMOD_table.txt	15_tables_pmem/P_14789E_FX_RINGMOD_table.txt	4c93ea7a135b5481a8e087490db1d40202f9050db7411963e01d5a8dc35330f6
02_table_dumps/all_tables_v4/P_147B26_unknown_147b26_18.bin	15_tables_pmem/P_147B26_unknown_147b26_18.bin	f004306240003afaeb22438c50a3ccde929e6e93c26268c3c15cbf59746399a0
02_table_dumps/all_tables_v4/P_147B26_unknown_147b26_18.txt	15_tables_pmem/P_147B26_unknown_147b26_18.txt	44ee51365456909ed99fc0ee9f7ae72806c8e8ee65213033f37f8061c6b61303
02_table_dumps/all_tables_v4/P_147B38_unknown_147b38_457.bin	15_tables_pmem/P_147B38_unknown_147b38_457.bin	30a2ca256b94bab16a8cf1b78fb7874e3ede422f60e98e04e19786566dc7e3e0
02_table_dumps/all_tables_v4/P_147B38_unknown_147b38_457.txt	15_tables_pmem/P_147B38_unknown_147b38_457.txt	674b47886b682e058fd12548a4b6bb084521a6a3b9b6c3911ac566277eea4f5d
02_table_dumps/all_tables_v4/P_147D01_unknown_147d01_204.bin	15_tables_pmem/P_147D01_unknown_147d01_204.bin	7c3e7c6d152305380b02e5b189305cbd1fa69ce99b46a12666c67c077ed64809
02_table_dumps/all_tables_v4/P_147D01_unknown_147d01_204.txt	15_tables_pmem/P_147D01_unknown_147d01_204.txt	32fb6cf8ab2d350308e95e54a175fea72ef4ccaca43d09cdd35c49106701d68a
02_table_dumps/all_tables_v4/P_147DCD_unknown_147dcd_397.bin	15_tables_pmem/P_147DCD_unknown_147dcd_397.bin	ef711b1e628f0b736a762c0c5b66c69df87f648c1c99da9b119ec0a63c3b69b3
02_table_dumps/all_tables_v4/P_147DCD_unknown_147dcd_397.txt	15_tables_pmem/P_147DCD_unknown_147dcd_397.txt	e48b9584b5c0b691550ceae6ab0b10fc225906be885508eaeadddf702ea64952
02_table_dumps/all_tables_v4/P_147F5A_unknown_147f5a_213.bin	15_tables_pmem/P_147F5A_unknown_147f5a_213.bin	58e7922d3303203f6050c0aca77a0fe6388d8736981ac7fccb7f8d1824f20225
02_table_dumps/all_tables_v4/P_147F5A_unknown_147f5a_213.txt	15_tables_pmem/P_147F5A_unknown_147f5a_213.txt	bbac5a58a2ae6315f2f82e7afeb17640b731db513dce827056232630318fa434
02_table_dumps/all_tables_v4/P_14802F_unknown_14802f_53.bin	15_tables_pmem/P_14802F_unknown_14802f_53.bin	f92ccabff26e81a329556eb3155bf627e4f6e0b02b438c1fdf05f8a90b083b24
02_table_dumps/all_tables_v4/P_14802F_unknown_14802f_53.txt	15_tables_pmem/P_14802F_unknown_14802f_53.txt	4890c33e1ba4b059f200ee7a341bfff3d749ccfac56ef53800cf7c7ce7e5d8c9
02_table_dumps/all_tables_v4/X_143F95_div_table_1.txt	15_tables_pmem/X_143F95_div_table_1.txt	f5c61c8ca8dc07ad4118f48bab86bfee4b695903c8a1c2faa30ff8e11218b5db
02_table_dumps/all_tables_v4/X_144446_div_table_2.txt	15_tables_pmem/X_144446_div_table_2.txt	592f3dc758531c1773e158b2645eb6262a93c92a65adc02ede56ab8162cf01d6
02_table_dumps/all_tables_v4/X_1444C6_unknown_1444c6_1024words.bin	15_tables_pmem/X_1444C6_unknown_1444c6_1024words.bin	a2301ec9d734159af7e7bd3bdf7e26d5e5d099ad8714c9d490485fb8339f9c5b
02_table_dumps/all_tables_v4/X_1444C6_unknown_1444c6_1024words.txt	15_tables_pmem/X_1444C6_unknown_1444c6_1024words.txt	fd31e3af2fcbad3690480070cf3c781b08f9d690367211510fced76aa64f05ea
02_table_dumps/all_tables_v4/Y_141800_LFO_speed_table.txt	15_tables_pmem/Y_141800_LFO_speed_table.txt	84d5543275e48adab74dd2fa713db2287e1afbc0f7dcc983fe7915e19ea1590b
02_table_dumps/all_tables_v4/Y_141A00_LFO_mult_table.txt	15_tables_pmem/Y_141A00_LFO_mult_table.txt	d970dcb2ace181fb7e82be2185d4ab01befd4ef45d1322eb1d20e36140eaadb4
02_table_dumps/all_tables_v4/Y_141A80_LFO_extra_24words.txt	15_tables_pmem/Y_141A80_LFO_extra_24words.txt	81b0c151402380f35b425dd7b70149e6e3052f12c1d0aa6af4d348e9cbebf5e9
02_table_dumps/all_tables_v4/Y_1448C6_unknown_1448c6_256words.bin	15_tables_pmem/Y_1448C6_unknown_1448c6_256words.bin	0df3d5c8ec20e93091f24c73f1c24f14f126c2c04cb5fae24dd4dad29dd61714
02_table_dumps/all_tables_v4/Y_1448C6_unknown_1448c6_256words.txt	15_tables_pmem/Y_1448C6_unknown_1448c6_256words.txt	709890f00d5733c231afd1596142ce7a29d20b35db23d7c185e9cd4a61de88b7
02_table_dumps/all_tables_v4/Y_1449C6_kernel_curve_table.bin	15_tables_pmem/Y_1449C6_kernel_curve_table.bin	6895a2863c330b839f0128134d71ce2a291d8f0f380b89c6879f2c551b573ea4
02_table_dumps/all_tables_v4/Y_1449C6_kernel_curve_table.txt	15_tables_pmem/Y_1449C6_kernel_curve_table.txt	1b0e04413212da83dbee3278813b490f3b2b02f51a958c92bbcf0f5e7d6fe9b8
02_table_dumps/all_tables_v4/Y_144A46_unknown_144a46_129words.bin	15_tables_pmem/Y_144A46_unknown_144a46_129words.bin	4927e89807e9f55e373a975ab34a928b3c96b721d8ea887cd9aab9827fa09ab3
02_table_dumps/all_tables_v4/Y_144A46_unknown_144a46_129words.txt	15_tables_pmem/Y_144A46_unknown_144a46_129words.txt	5454e6c49ee61ee1216a41ad33c5a3425ce7923aa5004cf126313d594528b9f2
02_table_dumps/all_tables_v4/_manifest.json	15_tables_pmem/all_tables_manifest.json	b40a066542716033bf00c14f7b709ab31c607354af90422d1a5fb18306cc2796
02_table_dumps/final_recovery_analysis/_coldfire_byte_search.json	09_coldfire_transport/_coldfire_byte_search.json	e9095562cebd35d3b435de22f4359b351d920c53cf0537c62357bba41dab86ed
02_table_dumps/final_recovery_analysis/_coldfire_hi08_refs.json	09_coldfire_transport/_coldfire_hi08_refs.json	d9726e918d41d9a82e2d33f48b0bfd10240937c513c39edb4a74faa66c81fb78
02_table_dumps/final_recovery_analysis/runtime_refs_analysis.json	15_tables_pmem/runtime_refs_analysis.json	59540ae6c8d4e4d70f3fc41c95a405b2edf8762d76df23bcdc028687dc51d7f3
02_table_dumps/hi08_extracted/P_140000_pitch_wavetable_2048_FROM_PMEM.txt	15_tables_pmem/P_140000_pitch_wavetable_2048_FROM_PMEM.txt	de135c7ddb1c9c28494a1350070ab7c1ec0a071b13038fd347df9dacd905ad0d
02_table_dumps/hi08_extracted/P_140800_SID_wavetable_0_1_full_FROM_PMEM.txt	15_tables_pmem/P_140800_SID_wavetable_0_1_full_FROM_PMEM.txt	2159c0fa12b3c7222e8620632ca41770d6ebe100c3543438b79c82bd4c42402a
02_table_dumps/hi08_extracted/P_141800_LFO_speed_table_FROM_PMEM.txt	15_tables_pmem/P_141800_LFO_speed_table_FROM_PMEM.txt	3118cb78213751bf7267373ea47a16c35716319adc22dde7eabc8187fdbc393b
02_table_dumps/hi08_extracted/P_141880_FM_DYN_wavetable_FROM_PMEM.txt	15_tables_pmem/P_141880_FM_DYN_wavetable_FROM_PMEM.txt	14b8e587bc20192a3746ce10cfe5968ef71c7e69d9f8913367c09b2a8cc4651b
02_table_dumps/hi08_extracted/P_141900_PHASER_stage0_FROM_PMEM.txt	15_tables_pmem/P_141900_PHASER_stage0_FROM_PMEM.txt	42a6d54391cc671a1b83dbbb7ff181914883f2e70fafac395b7336b732d91de7
02_table_dumps/hi08_extracted/P_141980_PHASER_stage1_FROM_PMEM.txt	15_tables_pmem/P_141980_PHASER_stage1_FROM_PMEM.txt	204909eeaf1168465649a559a32394f3d9a06781b59dfc3ebda089a643ab791b
02_table_dumps/hi08_extracted/P_141A00_LFO_mult_table_FROM_PMEM.txt	15_tables_pmem/P_141A00_LFO_mult_table_FROM_PMEM.txt	770bd3753199984589eaa734bb0af61020fa6c0e4d04958e12bbddd07886f984
02_table_dumps/hi08_extracted/P_141A80_unknown_141a80_FROM_PMEM.txt	15_tables_pmem/P_141A80_unknown_141a80_FROM_PMEM.txt	bb19aa843b5384cb9aa9da1ff73e9a0811478ac73daeb36e72cb1751ec2ce0f0
02_table_dumps/hi08_extracted/P_141A98_big_block_141a98_11822_FROM_PMEM.txt	15_tables_pmem/P_141A98_big_block_141a98_11822_FROM_PMEM.txt	404cad74ecf350b387e2d0ce7af8b9816e0e0e36ff1108444751bb879bc3ff02
02_table_dumps/hi08_extracted/P_1448C6_unknown_1448c6_FROM_PMEM.txt	15_tables_pmem/P_1448C6_unknown_1448c6_FROM_PMEM.txt	f1cd9003f72bf8af026fcff3f803c5a6fa3246e867c4a969caf22b612ab90fd7
02_table_dumps/hi08_extracted/P_1449C6_kernel_curve_table_FROM_PMEM.txt	15_tables_pmem/P_1449C6_kernel_curve_table_FROM_PMEM.txt	d5bbd46f911a92a9fdddf9ca49e755a742dd91b06b2c45ae6bebad5ddb550cae
02_table_dumps/hi08_extracted/P_144A46_unknown_144a46_FROM_PMEM.txt	15_tables_pmem/P_144A46_unknown_144a46_FROM_PMEM.txt	45be6872138fa60905f310c1fbb6f84ff46f8b2fa046e8d62f72a18194cd6650
02_table_dumps/hi08_extracted/P_144AC7_LP_filter_coeffs_FROM_PMEM.txt	15_tables_pmem/P_144AC7_LP_filter_coeffs_FROM_PMEM.txt	0f2336443737ae84748b0a397032f994b5b10c0339496e5febd6f6513ed6ac42
02_table_dumps/hi08_extracted/README_v3 (2).md	15_tables_pmem/hi08_extract_README_old.md	206a3e852c93448bf2209f681ba87778e5609829b514f353f8c882185b8ce9e2
02_table_dumps/hi08_extracted/README_v3.md	15_tables_pmem/hi08_extract_README.md	27045ef2d3bffdaeab5f1bb02b8e7084e9b809930abaeb841d4f28a6d9be7b1b
02_table_dumps/hi08_extracted/_hi08_records.json	15_tables_pmem/_hi08_records.json	753bb48f28c71254e711bdfb529fed567567398987eb1a0e9eecbf95dc18bc3b
02_table_dumps/zero_in_image_recovered/P_11b451_DPRO_wavetable_main_HYPOTHESIS_saw1024.bin	16_hypotheses/P_11b451_DPRO_wavetable_main_HYPOTHESIS_saw1024.bin	c73028da54c09ce63262986cc54d1094b6a261ea63a82ac70e6627435c748f47
02_table_dumps/zero_in_image_recovered/P_11b451_DPRO_wavetable_main_HYPOTHESIS_saw1024.txt	16_hypotheses/P_11b451_DPRO_wavetable_main_HYPOTHESIS_saw1024.txt	982071f4ed160799562c05011e8b9439c81cfa1c0b07465dec153e689afcc8e3
02_table_dumps/zero_in_image_recovered/P_11b451_DPRO_wavetable_main_HYPOTHESIS_sine1024.bin	16_hypotheses/P_11b451_DPRO_wavetable_main_HYPOTHESIS_sine1024.bin	ccc5b275fac559765fed95782ae005584f766d84cfd2ef7957261ca56858a04b
02_table_dumps/zero_in_image_recovered/P_11b451_DPRO_wavetable_main_HYPOTHESIS_sine1024.txt	16_hypotheses/P_11b451_DPRO_wavetable_main_HYPOTHESIS_sine1024.txt	816a958a7a92538ef00c363711ca8633e02c1ea4b6831524ce46473e4e2d068c
02_table_dumps/zero_in_image_recovered/P_123ef5_FXREV_decay_HYPOTHESIS_expdecay_h1024.bin	16_hypotheses/P_123ef5_FXREV_decay_HYPOTHESIS_expdecay_h1024.bin	a16f1ac35f5db9f7437a54b790b309b53f055062611a877062880c3a71f2b5fc
02_table_dumps/zero_in_image_recovered/P_123ef5_FXREV_decay_HYPOTHESIS_expdecay_h1024.txt	16_hypotheses/P_123ef5_FXREV_decay_HYPOTHESIS_expdecay_h1024.txt	ec232f950643cec136ab3a763805607287e9121b815a75a0e8d53546ca2563d2
02_table_dumps/zero_in_image_recovered/P_123ef5_FXREV_decay_HYPOTHESIS_linear.bin	16_hypotheses/P_123ef5_FXREV_decay_HYPOTHESIS_linear.bin	4415da815bc85f0161baeedd3c1c994e81fb225cb891cbd9420829914de672e6
02_table_dumps/zero_in_image_recovered/P_123ef5_FXREV_decay_HYPOTHESIS_linear.txt	16_hypotheses/P_123ef5_FXREV_decay_HYPOTHESIS_linear.txt	e747b1905d8c6ca30484dcadf45baa9858692bb249761cb564eda0aafee06660
02_table_dumps/zero_in_image_recovered/P_133191_FXREV_damp_HYPOTHESIS_complementary.bin	16_hypotheses/P_133191_FXREV_damp_HYPOTHESIS_complementary.bin	cfdee0384e0a94726373b370ced27873ceb77a20dc33feadda1e986e2a8865ac
02_table_dumps/zero_in_image_recovered/P_133191_FXREV_damp_HYPOTHESIS_complementary.txt	16_hypotheses/P_133191_FXREV_damp_HYPOTHESIS_complementary.txt	06842b7f90a57ca62b2e69baa8a4bcb38bb1fcf11ae22a1609b7cd230014cd13
02_table_dumps/zero_in_image_recovered/P_133191_FXREV_damp_HYPOTHESIS_lowpass.bin	16_hypotheses/P_133191_FXREV_damp_HYPOTHESIS_lowpass.bin	9dba8b5ac4132a9248eb9adb40fd5fa26c8082b40e03ced1a9c37fdeae3d4b2a
02_table_dumps/zero_in_image_recovered/P_133191_FXREV_damp_HYPOTHESIS_lowpass.txt	16_hypotheses/P_133191_FXREV_damp_HYPOTHESIS_lowpass.txt	aeefd77ca5303bb327215dfff5fe11ebebf1acb2b70a9f79f377ba9a503cb2ea
02_table_dumps/zero_in_image_recovered/P_140800_SID_wavetable_1_HYPOTHESIS_pulse50.bin	16_hypotheses/P_140800_SID_wavetable_1_HYPOTHESIS_pulse50.bin	fb40d041ab569470e478725ddd8197cb1d17db449448cd9db8bfa894f98b4fb4
02_table_dumps/zero_in_image_recovered/P_140800_SID_wavetable_1_HYPOTHESIS_pulse50.txt	16_hypotheses/P_140800_SID_wavetable_1_HYPOTHESIS_pulse50.txt	c3a5336e98c8eb23d683db014813dfd13125b9e4e287291a0f5a64765c47f68a
02_table_dumps/zero_in_image_recovered/P_140800_SID_wavetable_1_HYPOTHESIS_sawtooth.bin	16_hypotheses/P_140800_SID_wavetable_1_HYPOTHESIS_sawtooth.bin	f0fc9b7859d7c19f5b57bbafc199509ec3ecb1671d0a13aae8c7486c2402db2d
02_table_dumps/zero_in_image_recovered/P_140800_SID_wavetable_1_HYPOTHESIS_sawtooth.txt	16_hypotheses/P_140800_SID_wavetable_1_HYPOTHESIS_sawtooth.txt	8443d8511a811395fefdaab58d13cf83392d898368a30b0b5cc8ed765728a6c8
02_table_dumps/zero_in_image_recovered/P_140800_SID_wavetable_1_HYPOTHESIS_triangle.bin	16_hypotheses/P_140800_SID_wavetable_1_HYPOTHESIS_triangle.bin	b1b0a5053e7ef3925aeaf067b225ab18e3648b168d8b9bd73eab979490e031fd
02_table_dumps/zero_in_image_recovered/P_140800_SID_wavetable_1_HYPOTHESIS_triangle.txt	16_hypotheses/P_140800_SID_wavetable_1_HYPOTHESIS_triangle.txt	06838960dd61bf509cdc8c9e076957812e716ba749827e7e7edf79e40eee272a
02_table_dumps/zero_in_image_recovered/X_14A000_sine_table_8K_MATH.txt	16_hypotheses/X_14A000_sine_table_8K_MATH.txt	830bfee66a42a3f867dd58d6a61422cf1cdb7576e422a1baf2b346f8da11f3f2
02_table_dumps/zero_in_image_recovered/X_14A800_width_table_chorus_B_MATH.txt	16_hypotheses/X_14A800_width_table_chorus_B_MATH.txt	d59abc8e42fe0852524815b15867aab60b5f1a64c58d1d2b37685b6c690df783
03_filter_phaser_pack/01_filter/README_filter_algorithm.md	01_filter/README_filter_algorithm.md	5d014890afbb8b424c8633a8b812bd9e12354e00831150736d032cefe7918b3e
03_filter_phaser_pack/01_filter/disasm_kernel_amp_resonance_P0859-0A88.txt	01_filter/disasm_kernel_amp_resonance_P0859-0A88.txt	68353299373fa900b92781250a536a7e77f64644ea3a2fd1b071c8cacfe132b0
03_filter_phaser_pack/01_filter/disasm_kernel_env_plus_coeffcalc_P04A8-05A1.txt	01_filter/disasm_kernel_env_plus_coeffcalc_P04A8-05A1.txt	fc0237281394c22e6e0463a07bd60f9377a7e8177c6b83839796bfd8e7e9629b
03_filter_phaser_pack/01_filter/disasm_kernel_filterenv_delay_P0960-0B49.txt	01_filter/disasm_kernel_filterenv_delay_P0960-0B49.txt	2b4eedd65f48c08e37f1482c090323d6fbfdff5f4184bb9f11f4a9fe56a91af6
03_filter_phaser_pack/01_filter/disasm_kernel_process_funcs.txt	01_filter/disasm_kernel_process_funcs.txt	29a364971d5f09a755959196fb4329ed79198fda6f01019596e72a2cc7d09c62
03_filter_phaser_pack/01_filter/monomachine_track_filter.hpp	01_filter/monomachine_track_filter.hpp	78a62ebb78140a3e284ff29454f807a2de0bffe4c69a5413809f641892adce27
03_filter_phaser_pack/01_filter/svf_recursion_proven.md	01_filter/svf_recursion_proven.md	f75eb5373dfecfd595dec86c773c4f0d1b47a244c9f4b28ea0b0719632941604
03_filter_phaser_pack/01_filter/tables/P_141800_env_shape_tbl_A.txt	01_filter/P_141800_env_shape_tbl_A.txt	59ba82c188e2e1b2f1897dccca483ceb8eb3131cfe79ed2de28c2a0f5f8b5078
03_filter_phaser_pack/01_filter/tables/P_141880_env_shape_tbl_B.bin	01_filter/P_141880_env_shape_tbl_B.bin	13a518a3879930f38bec68cbc50407b5d841664d811cde1528e3c9fbae3cb42b
03_filter_phaser_pack/01_filter/tables/P_141880_env_shape_tbl_B.txt	01_filter/P_141880_env_shape_tbl_B.txt	28092fc1bef949072734f546b8af49ca591238b451638de1dd7e3c4d2d4fea7b
03_filter_phaser_pack/01_filter/tables/P_141900_env_shape_tbl_C.txt	01_filter/P_141900_env_shape_tbl_C.txt	7290e1246f41698ea71d30d12a92bb77bf92c73b4a4768954bf92938002bb8fd
03_filter_phaser_pack/01_filter/tables/P_141980_env_shape_tbl_D.txt	01_filter/P_141980_env_shape_tbl_D.txt	6cffad541517b7cac41032c14968606cd9b3595281266b75af216a7ff74d136e
03_filter_phaser_pack/01_filter/tables/P_141A00_env_shape_tbl_E.txt	01_filter/P_141A00_env_shape_tbl_E.txt	b930cbd70df746c3e46d2622b2c41a08e1b09e345dff9773ea311fc586b5a187
03_filter_phaser_pack/01_filter/tables/P_141A80_powers_of_2.bin	01_filter/P_141A80_powers_of_2.bin	a5e03e83d062e87a5c50fc4f8faf2c9b3bd50b3ea02d957a425be51b21cbbb83
03_filter_phaser_pack/01_filter/tables/P_141A80_powers_of_2.txt	01_filter/P_141A80_powers_of_2.txt	c9926bc74651e483c6e8b86a73fa386216e45afb8a3c23c625e5b0cc8c8a956c
03_filter_phaser_pack/01_filter/tables/P_141B18_env_shape_tbl_F.bin	01_filter/P_141B18_env_shape_tbl_F.bin	a2b29ef6afb2fad9a501a960a0c06c88b8ec7763cb1d87cd63eb230ae8f798c1
03_filter_phaser_pack/01_filter/tables/P_141B18_env_shape_tbl_F.txt	01_filter/P_141B18_env_shape_tbl_F.txt	45b9fba3f5da75aeda4019d30cf6ea544e9377a72391e2d7d1080365348a1b82
03_filter_phaser_pack/01_filter/tables/P_141CA7_filter_coeff_base_tbl.bin	01_filter/P_141CA7_filter_coeff_base_tbl.bin	d390d7bf8b6cdbb4cdbc5ce399d811c8a78b96ef7225348779beae54842989b0
03_filter_phaser_pack/01_filter/tables/P_141CA7_filter_coeff_base_tbl.txt	01_filter/P_141CA7_filter_coeff_base_tbl.txt	2ec610760f4aa2cd975f537f3c7a6a651e07560a46a8be0c49c60717b594bac5
03_filter_phaser_pack/01_filter/tables/P_142158_filter_tbl_142158.bin	01_filter/P_142158_filter_tbl_142158.bin	fe67ca2fdb13de69ff445cd88b3e0dc05ef0b26ac87fce707e9877d8a6690493
03_filter_phaser_pack/01_filter/tables/P_142158_filter_tbl_142158.txt	01_filter/P_142158_filter_tbl_142158.txt	14cc5dd753e2c51aa723e571908f1d0d88d4351691e26a1562c035f4ea5d7f2b
03_filter_phaser_pack/01_filter/tables/P_142F06_kernel_tbl_142F06.bin	01_filter/P_142F06_kernel_tbl_142F06.bin	d10c886fc10a68f83035047429534bcf8515e6a405b8a72715b6f2e8ff62128c
03_filter_phaser_pack/01_filter/tables/P_142F06_kernel_tbl_142F06.txt	01_filter/P_142F06_kernel_tbl_142F06.txt	f064574aecb27461ae983f8040b85fa773a7845f4852f1152cce4c6e9951eb3d
03_filter_phaser_pack/01_filter/tables/P_143546_kernel_tbl_143546.bin	01_filter/P_143546_kernel_tbl_143546.bin	a7f2a9c476a7340846497785b4c388e4aa7d279be30b592c6c2274fddef1ae22
03_filter_phaser_pack/01_filter/tables/P_143546_kernel_tbl_143546.txt	01_filter/P_143546_kernel_tbl_143546.txt	99a59f53c6a522c6d13ec097bc225becf00edd447cc2efc37705484a1e7234c3
03_filter_phaser_pack/01_filter/tables/P_143C06_kernel_tbl_143C06.bin	01_filter/P_143C06_kernel_tbl_143C06.bin	15c60c37f85356a025c84322e8886bccfa8863bd63bd6325e92b86a088a6bb61
03_filter_phaser_pack/01_filter/tables/P_143C06_kernel_tbl_143C06.txt	01_filter/P_143C06_kernel_tbl_143C06.txt	a6c8fc7c2bedb2232994e027930cf0fa272c58bfe9b8375d930f6efc69918ccb
03_filter_phaser_pack/01_filter/tables/P_143F95_filter_div_table_1.bin	01_filter/P_143F95_filter_div_table_1.bin	6f107cfb79d44dbbdb5adfcdec1c5b3ecbaf1f303df5fdceed2ef545c7704675
03_filter_phaser_pack/01_filter/tables/P_143F95_filter_div_table_1.txt	01_filter/P_143F95_filter_div_table_1.txt	307c6463f11e461f3dfad3620596d49b564d4db86157947599824ebd98c99353
03_filter_phaser_pack/01_filter/tables/P_144446_filter_div_table_2.txt	01_filter/P_144446_filter_div_table_2.txt	98c87da578568bac5bd1ec8b45432e7eff09fd3a1da74279082386330c316c88
03_filter_phaser_pack/01_filter/tables/P_1444C6_filter_width_tbl_1.txt	01_filter/P_1444C6_filter_width_tbl_1.txt	058196c4fba3569cf7d5e5bfc248a5a6fd9e5f0d94d3f5bddce597c861defba6
03_filter_phaser_pack/01_filter/tables/P_144546_filter_width_tbl_2.bin	01_filter/P_144546_filter_width_tbl_2.bin	bead5dc79f45e857fc756b1679dff007e1ef0722c71507b218cbef8332d40548
03_filter_phaser_pack/01_filter/tables/P_144546_filter_width_tbl_2.txt	01_filter/P_144546_filter_width_tbl_2.txt	b097971c91e6efb1d4118329f4255485dfa515026895662f22998de92bf38b98
03_filter_phaser_pack/01_filter/tables/P_1447C6_dist_curve_2.bin	01_filter/P_1447C6_dist_curve_2.bin	e27c09b2aef6ab349d10e8fede453a7fb7e5e5918b5e2c2f42fa9b813d0478c2
03_filter_phaser_pack/01_filter/tables/P_1447C6_dist_curve_2.txt	01_filter/P_1447C6_dist_curve_2.txt	0c85b6bd61a0dbb0ed7a5a3dee4dca9e83b8c11f1f50ca6fbf7867e8c30d8cf2
03_filter_phaser_pack/01_filter/tables/P_1448C6_resonance_hp_tbl.bin	01_filter/P_1448C6_resonance_hp_tbl.bin	4f7ec3b9034163d9b6b6e5edfd6ee77fe0f6d71932877be4a917879ea8a56d11
03_filter_phaser_pack/01_filter/tables/P_1448C6_resonance_hp_tbl.txt	01_filter/P_1448C6_resonance_hp_tbl.txt	5c576368aae43f0fbae9bbde8e494484f874eb15ba75d26e32e47f238b5d8c3f
03_filter_phaser_pack/01_filter/tables/P_144946_resonance_hp_tbl2.bin	01_filter/P_144946_resonance_hp_tbl2.bin	92fdef8b5a498b0c79473856a7186f8c09a5079abcadd0e053c250196e1de057
03_filter_phaser_pack/01_filter/tables/P_144946_resonance_hp_tbl2.txt	01_filter/P_144946_resonance_hp_tbl2.txt	50f3dd1c8c97a73eecd67cd92e7fcf2d2167f5d47ee27c871b833b943239e222
03_filter_phaser_pack/01_filter/tables/P_144AC7_lp_filter_coeffs.txt	01_filter/P_144AC7_lp_filter_coeffs.txt	667f601ba706ec066a41f137fc3c93cd59b48ef4354713ca7928dac6b484d188
03_filter_phaser_pack/01_filter/tables/P_144B48_kernel_tbl_144B48.bin	01_filter/P_144B48_kernel_tbl_144B48.bin	886f206b6a18cdcd85f0405b670709e9f8b8f1ee705cfc19f62a985d29facba1
03_filter_phaser_pack/01_filter/tables/P_144B48_kernel_tbl_144B48.txt	01_filter/P_144B48_kernel_tbl_144B48.txt	7ef940e1243cb84da20426d22f435738ee6f37c378c1aad41b35671ddd489866
03_filter_phaser_pack/01_filter/tables/P_144BC9_kernel_tbl_144BC9.bin	01_filter/P_144BC9_kernel_tbl_144BC9.bin	f7c24acc4cb806265f23dd7bdfab878811c5ddf31708a379dbb56f96d29c6ede
03_filter_phaser_pack/01_filter/tables/P_144BC9_kernel_tbl_144BC9.txt	01_filter/P_144BC9_kernel_tbl_144BC9.txt	6bbe7639c40adb15d8337014bedd4de8653243972302d994c9bffeb570476e66
03_filter_phaser_pack/01_filter/tables/P_14A000_sine8k_head.bin	03_lfo/P_14A000_sine8k_head.bin	80f304206478ac6fe9f47c543d29e56843b17da1d1b2951f20c1f96a734f1c6c
03_filter_phaser_pack/01_filter/tables/P_14A000_sine8k_head.txt	03_lfo/P_14A000_sine8k_head.txt	d9e9de7c65ac6e0f5878af8b785eeec146f6d68e8ea95ce6c030ca226c3f85de
03_filter_phaser_pack/01_filter/tables/P_14A800_cos8k_head.bin	03_lfo/P_14A800_cos8k_head.bin	a86f58e4f6b364c8221a14412172b2d058cde363b3199d168465ec2c8615cc47
03_filter_phaser_pack/01_filter/tables/P_14A800_cos8k_head.txt	03_lfo/P_14A800_cos8k_head.txt	8fc84cd050a781ad533c1d27c9d72ffb9244094f0da52ce637893d759a86a357
03_filter_phaser_pack/01_filter/tables/tables_analysis.json	01_filter/tables_analysis.json	f3afb23a769b46da83dedf52d5c2de1e637713c1c58c6535928c98301d40a3b8
03_filter_phaser_pack/02_phaser/README_m18_real_phaser.md	02_phaser/README_m18_real_phaser.md	903a25667fcf709066b17860142e0b93eeddb28bc27ac522aabc4218a4e5e032
03_filter_phaser_pack/02_phaser/README_phaser_algorithm.md	02_phaser/README_phaser_algorithm.md	b8929b0963117a82f3ee86ba81ad4b21eec878a946b59c2531aab29cdcc1148d
03_filter_phaser_pack/02_phaser/disasm_m18_real_phaser_P145036-14538D.txt	02_phaser/disasm_m18_real_phaser_P145036-14538D.txt	e711dc34b3f31d55733b2dc3bb30d223764207d5c8d80fc2c8e1703971e88999
03_filter_phaser_pack/02_phaser/disasm_phaser_machine_P144E81-15035.txt	02_phaser/disasm_phaser_machine_P144E81-15035.txt	463e57dc3a30f6933686ad6bb22153cb24fd506e3924af41a5610e5792d98449
03_filter_phaser_pack/02_phaser/monomachine_phaser.hpp	02_phaser/monomachine_phaser.hpp	afc1d7e3ff0d107c6bc7a0a6b69079d727ff2c5c2c999dc129599343cdc8fca4
03_filter_phaser_pack/03_voice_page/DIST_STATUS.md	07_distortion/DIST_STATUS.md	60c36091853b64e6e0234d5b86d2db812252b06f2e7b5adf1c965762b166badd
03_filter_phaser_pack/03_voice_page/voice_page_map.md	10_controls_routing/voice_page_map.md	66752eb56ad86309c257a3b42b95a74e5ba4e5107d588adfdafa8bf61e274c3e
03_filter_phaser_pack/04_evidence/corrections_to_previous_mining.md	15_tables_pmem/corrections_to_previous_mining.md	8adfb4e225cceb3180782326fc4cb5879ccb8e14bcd4f33f03f364805906a081
03_filter_phaser_pack/04_evidence/machine_dispatch_tables.txt	15_tables_pmem/machine_dispatch_tables.txt	f08ff132d95bf8d842e79f92ad7240f661ca468421148f7470280de25437ff41
03_filter_phaser_pack/04_evidence/numeric_verification.md	15_tables_pmem/numeric_verification.md	f31a81be8a1d4fa83c6c80373278bfc301d3817753b85143f5a1b443996ad7b7
03_filter_phaser_pack/04_evidence/table_reference_scan_full_pmem.txt	15_tables_pmem/table_reference_scan_full_pmem.txt	40f7b856cf293ad531875063686151ef0d5206fef3d859c850b45ca57a82d164
03_filter_phaser_pack/04_evidence/what_is_missing_for_full_port.md	18_juce_port/what_is_missing_for_full_port.md	592d49d566bb607ece3a31809e09a55d5b85a464f0d4a4e5a5bdfa48baa4eaf1
03_filter_phaser_pack/05_emulator/06_measured/exp_A.json	17_tools_emulator/exp_A.json	14fefe793ad86dc3fdde805738b5f173752204fb4f100213e821494fc78bf2a7
03_filter_phaser_pack/05_emulator/06_measured/fr_base.json	17_tools_emulator/fr_base.json	9dea174d2176abeb484b4e5af7bd4add9f1f2a17f7533d73bec03dab9f845f8f
03_filter_phaser_pack/05_emulator/06_measured/phaser_lfo_rate.json	17_tools_emulator/phaser_lfo_rate.json	cbe363722832f2ec92ad82c5771677d1b19f1892884af399a97ca333cd7ea068
03_filter_phaser_pack/05_emulator/06_measured/phaser_out.json	17_tools_emulator/phaser_out.json	710fa7bf6efc7f06a7b84d2332d174817b91fcead5595744b4e4773faa7e01ed
03_filter_phaser_pack/05_emulator/06_measured/phaser_states.json	17_tools_emulator/phaser_states.json	9872b28c20631a7b88780f02fc7d3e7e839a8dc9b819368786507cb7ce183e89
03_filter_phaser_pack/05_emulator/README_emulator.md	17_tools_emulator/README_emulator.md	ad3bf83c40e5799bbd849578975455571f34651ba28eb0d625acd7ac02e61a26
03_filter_phaser_pack/05_emulator/dsp_emu.py	17_tools_emulator/dsp_emu.py	58d707e66645f2d88c89d3d50ddf9c566ad7ffd54c51292d5cb4a3884f07a7fd
03_filter_phaser_pack/05_emulator/exp26_m13_reverb.py	06_reverb/exp26_m13_reverb.py	4bdfca028b619ef0e6011ab8989caa045b2b156fdf6d6004439a599d71165710
03_filter_phaser_pack/05_emulator/experiments.py	17_tools_emulator/experiments.py	c3a89dea6735d28eff2a0bed4b7fda194cf4f958a816c3104535f58108d1b715
03_filter_phaser_pack/05_emulator/measure_fr.py	17_tools_emulator/measure_fr.py	4a322028f9add39498342d5d00040ca6a6063b171c4f30fee852fe162438b4c8
03_filter_phaser_pack/05_emulator/phaser_harness.py	17_tools_emulator/phaser_harness.py	23ae0734addcc8693eb2b97fd2f0aba24328fd183d2509fcc04401a137ae5045
03_filter_phaser_pack/05_emulator/run_kernel.py	17_tools_emulator/run_kernel.py	8e7cb2fac8fb5191322c15e61af3796e01168997c7b08b57f531ec3b51c660f1
03_filter_phaser_pack/05_emulator/test_dsp_emu.py	17_tools_emulator/test_dsp_emu.py	4f7074a3fc67ffa4ceb7a1b108fbcced0859dc5c46b3877e21c5f732757a7656
03_filter_phaser_pack/05_emulator/track_harness.py	17_tools_emulator/track_harness.py	187e469414ede2506f1a57274da65dcda83914caaaaeb294df0f112ef559008f
03_filter_phaser_pack/06_amp_env/README_amp_envelope.md	04_envelopes/README_amp_envelope.md	27b669dafd39a8f20f5efeab3b09d2f267707cac3930486752f24025abd899c4
03_filter_phaser_pack/06_amp_env/amp_env_measure.py	04_envelopes/amp_env_measure.py	3ab28d07bc1225b99a090c083e26d774cfac86aee5a55b07ec03d12c2af51c6a
03_filter_phaser_pack/06_amp_env/amp_env_sweep.json	04_envelopes/amp_env_sweep.json	d6684dc61afb2769a6c434d66fd2e103d3a71c350ddc0d9abf6232e335d4d89d
03_filter_phaser_pack/06_amp_env/amp_env_sweep.py	04_envelopes/amp_env_sweep.py	91252c3762a54bb987af41716f1d35c205b5de39333ba88628e2dc3ab250f782
03_filter_phaser_pack/07_svf_fit/svf397_access_sample.json	01_filter/svf397_access_sample.json	78a2f391a1f2fba092a13538c04a0715c487b7a5868b2753e1bbdbe26f0555c3
03_filter_phaser_pack/07_svf_fit/svf_fit.py	01_filter/svf_fit.py	62ce81f4af3c49f7ea0eb5aaf07e655acca0e1dd04cf098fc9c20bf0c542e9d2
03_filter_phaser_pack/07_svf_fit/svf_fit340.py	01_filter/svf_fit340.py	73415ac3015373b917e93574e0d21914c3020b5aa7f88649a7f883e9ddb2bc73
03_filter_phaser_pack/07_svf_fit/svf_live.py	01_filter/svf_live.py	ca6426576def47744f9bafa06508b5e962a411d06013ebda65643a317d9da815
03_filter_phaser_pack/07_svf_fit/svf_trace.py	01_filter/svf_trace.py	42fe4a522b9d6329af91cd5beb003a37aaa22af7fce3e0a8179ba2d390f1d83b
03_filter_phaser_pack/07_svf_fit/svf_trace_calls.json	01_filter/svf_trace_calls.json	6a6efc56334a6406c4761dfd3136ef6cc0b00abd3ddeb4c1de97ec4f03ff725d
03_filter_phaser_pack/08_env_verdict/README_env_verdict.md	04_envelopes/README_env_verdict.md	c462339e54d8119acdc782f51391436356c3b7a7656a5b05f0e5fba47ef19829
03_filter_phaser_pack/08_env_verdict/exp_f2c_coeff_ring.py	04_envelopes/exp_f2c_coeff_ring.py	f8fc523a54672a07b3c98f6deac8384c553aac3e34a5b242b86cc5c4ea6718ca
03_filter_phaser_pack/08_env_verdict/exp_f2e_audio_level.py	04_envelopes/exp_f2e_audio_level.py	a58879496f6e85d78df86b866ec6ddd368131da1e7b084c3d926c3b8803d671f
03_filter_phaser_pack/08_env_verdict/exp_f2f_multiframe.py	04_envelopes/exp_f2f_multiframe.py	3999265e85580ac60c5660097afa914bad98275eae76049796dc69ca4f0ccf18
03_filter_phaser_pack/08_env_verdict/exp_f2g_sterile_frame.py	04_envelopes/exp_f2g_sterile_frame.py	c823378be4ff9af6c6f1929e58a3531fb3e2a8578c1919142c2987bab0c1389b
03_filter_phaser_pack/08_env_verdict/results_audio_level.json	04_envelopes/results_audio_level.json	f844b6a244238878c9cdc5bc5903d1205e14399e9be60de5fae9d2e3497d46cb
03_filter_phaser_pack/08_env_verdict/results_coeff_ring.json	04_envelopes/results_coeff_ring.json	dbfacf4e1dbd7ccd00e497595adf6e50f8b78fce0cddb0d24c0b2c9b8290b446
03_filter_phaser_pack/08_env_verdict/results_multiframe.json	04_envelopes/results_multiframe.json	e7d5124b4ac04e1082d24a59d270e2a9745630ce2ae5fe196f0cb7beca1a1cbe
03_filter_phaser_pack/09_juce_port/Example/MnmFilterPluginExample.h	18_juce_port/MnmFilterPluginExample.h	91ea438672e24fe5b9a92a953c60d9bbefa7b4a8dc4b3d638991fce631779220
03_filter_phaser_pack/09_juce_port/README_JUCE.md	18_juce_port/README_JUCE.md	cff03b005aebbc03dd1c4a93707d55bf5c34cd476b8a1f31bfdd56d760927dd8
03_filter_phaser_pack/09_juce_port/Source/mnm_amp_env.h	18_juce_port/mnm_amp_env.h	9c62c58a560ddbb56779b7de37d3c7875a80b389415d47f95e7c8d3d61148d0f
03_filter_phaser_pack/09_juce_port/Source/mnm_dist.h	18_juce_port/mnm_dist.h	6b2153f2e71036a8618f9eb025aee5cdae31f632c2bea6d1948f665201595591
03_filter_phaser_pack/09_juce_port/Source/mnm_dual_filter.h	18_juce_port/mnm_dual_filter.h	ab20ddaeb62246db49e8bf151d446cc8290bccb2c8358cfda08f1c6d2bfaf966
03_filter_phaser_pack/09_juce_port/Source/mnm_filter_stage2.h	18_juce_port/mnm_filter_stage2.h	3976e157c945b9e02f1fa11cb62a0e7a8939b059f3fab85b02f6d833a444827b
03_filter_phaser_pack/09_juce_port/Source/mnm_tables.h	18_juce_port/mnm_tables.h	dac93b77810438f7fde70d139ee4ae23e3f5040d0fb5d4b8dfdb0c44a24e834d
03_filter_phaser_pack/09_juce_port/Source/mnm_tables_stage2.h	18_juce_port/mnm_tables_stage2.h	cdca31e71e2c5590c35f5205fb7a562659d28267bf0123c8073866ee5c71ddbf
03_filter_phaser_pack/09_juce_port/Source/mnm_voice_example.h	18_juce_port/mnm_voice_example.h	4c3fb13121cc97634ac0141bb52c9f53f69859a780c2748df3241eb690256b7d
03_filter_phaser_pack/09_juce_port/tests/test_mnm_dist.cpp	18_juce_port/test_mnm_dist.cpp	43e374ec00689b2b6f6a89f302e4bdfd455e17eecedd0427c1b71f9bedbeb0ad
03_filter_phaser_pack/09_juce_port/tests/test_mnm_filter.cpp	18_juce_port/test_mnm_filter.cpp	5abfcc827d5a4efae2143cf7b89e2ab9bc7bf2aca354dd9c2f936602b2d8d6d2
03_filter_phaser_pack/10_manual_crosscheck/README_manual_crosscheck.md	01_filter/README_manual_crosscheck.md	6b89641409ecb83ff3b30e2e3dcf590f16b271a60f056c11f6990bf2089815b8
03_filter_phaser_pack/10_manual_crosscheck/disasm_regions.py	01_filter/disasm_regions.py	dd5606f79a3656097783d00db470006695f7e93452492ae1f368ae815d4292cc
03_filter_phaser_pack/10_manual_crosscheck/exp_f3_fltenv.py	01_filter/exp_f3_fltenv.py	eb40720bd5e534a616dbe873cf9de26ac6b668959ab6ca7a515d2dc7f28c5995
03_filter_phaser_pack/10_manual_crosscheck/exp_f3b_ringwriters.py	01_filter/exp_f3b_ringwriters.py	ddd2a1a57ae1aa3fb4f8b4b0d170cb86e2ab5de580d659ce5588e2e91ef7e414
03_filter_phaser_pack/10_manual_crosscheck/exp_f3c_envdump.py	01_filter/exp_f3c_envdump.py	aebcd370e60b0f6e1dc9ed1cb7c137d9c702bc47af413170b4fba2fe74e94abe
03_filter_phaser_pack/10_manual_crosscheck/exp_f3d_adsr18.py	01_filter/exp_f3d_adsr18.py	b581a2cfab89bef74634007f7a9bf30444b552f009da2c2c395d6342eac2d65e
03_filter_phaser_pack/10_manual_crosscheck/results/exp_f3_fltenv.json	01_filter/exp_f3_fltenv.json	938775ec57585fc5394377045c8a89a6a5db5c2ecfaee41df3ffa5d8f1431ac7
03_filter_phaser_pack/10_manual_crosscheck/results/exp_f3c_envdump.json	01_filter/exp_f3c_envdump.json	d029db508f2b0b0c27ffb81e44c1ac1d3128096e5a9a93bba055f179d6d01095
03_filter_phaser_pack/10_manual_crosscheck/results/exp_f3d_adsr18.json	01_filter/exp_f3d_adsr18.json	94312a256cec5bee08a2215a2e71cbf06ef5cd4ca6f9314a48013e74debfcc3f
03_filter_phaser_pack/10_manual_crosscheck/sources/mn_midi.csv	01_filter/mn_midi.csv	8d51268a985ab044f0f9e469ea72e20a881c4381bf3263d632aae10570d3cf23
03_filter_phaser_pack/10_manual_crosscheck/trace_param_reads.py	01_filter/trace_param_reads.py	186f3b69c5961dd74342c8a3ef1891a5ccd9847cdc3f8dee6d76e8233f02db9d
03_filter_phaser_pack/11_decoder_v2/F3_table_readers.md	17_tools_emulator/F3_table_readers.md	4415869cd10dcd0d6ab26ab2c8c3bbdef94abd3800e756ba5d3df1b46c116738
03_filter_phaser_pack/11_decoder_v2/README_decoder_v2.md	17_tools_emulator/README_decoder_v2.md	da7ed3599e7621d3228bc8b49e98dadee1ac98d59994a6dcbddb55f3eddddbe7
03_filter_phaser_pack/11_decoder_v2/arrays.npz	17_tools_emulator/arrays.npz	8e47140fec764447d975111f55d8a591205e54315e3355fbc1eb79c5017050e5
03_filter_phaser_pack/11_decoder_v2/code_full.asm	17_tools_emulator/code_full.asm	f63b90ef368a00cfe1818ea081d41f9fbb1b31874f5a2cf02aab56d5e9e95d24
03_filter_phaser_pack/11_decoder_v2/coverage.md	17_tools_emulator/coverage.md	ebf9d53836e13eb62e8b5086d9b85a189270bb9a8001a3afda5ab2200a624458
03_filter_phaser_pack/11_decoder_v2/decoder_v2.py	17_tools_emulator/decoder_v2.py	42671d79ce777d2cef9e50635dae8c7e8207e393e674eff2151f4742294dc059
03_filter_phaser_pack/11_decoder_v2/functions.json	17_tools_emulator/functions.json	889cef798ec40b4e478114b3bbbf54034a1ef57d7d7656229f8f8cd73dd5fcac
03_filter_phaser_pack/11_decoder_v2/regions.json	17_tools_emulator/regions.json	5f66ad0016d945813986c52d5cf1461f53a4bf1560972505107dea862e1c13f5
03_filter_phaser_pack/11_decoder_v2/table_bases.json	17_tools_emulator/table_bases.json	ae56142a994bf23f5c3b150aaa0257a62ab6609b5193f54386bf5f88b0f9098b
03_filter_phaser_pack/11_decoder_v2/tables_v2.json	17_tools_emulator/tables_v2.json	3bb8b27afa6d709e34839eb21b84fa2dbe8e980938dbe1bdcce783963f8fc67b
03_filter_phaser_pack/11_decoder_v2/xref.json.gz	17_tools_emulator/xref.json.gz	5262d903fa8698b9769777599f4c2d8425ba48986589041fd7d5e65984ca0c1e
03_filter_phaser_pack/11_stage2_model/README_stage2_model.md	01_filter/README_stage2_model.md	5397df6e74789002702557f79598118dec8fb249a8ca51606fcf5f834cf82775
03_filter_phaser_pack/11_stage2_model/exp18_fdn.py	01_filter/exp18_fdn.py	5bcfa9692f080a42095895087104e65ea7fc6e4f9a95d55465d104ba7af2d79c
03_filter_phaser_pack/11_stage2_model/exp18_fdn_snap.json.gz	01_filter/exp18_fdn_snap.json.gz	ddf063fd5b6340fb5e9aa4d55879a4334efb8fbce8394a44f1b3984b1afe017d
03_filter_phaser_pack/11_stage2_model/exp18_fit.py	01_filter/exp18_fit.py	7909a73d5beae71ab2bf2cd368f8817f49df3117f46edad74b2ab9c75110b6c1
03_filter_phaser_pack/11_stage2_model/exp18_mini.py	01_filter/exp18_mini.py	2c151834e858023fc1a3d20ae3a3b371cea92c070ec52852d8b1041a2be1f2ae
03_filter_phaser_pack/11_stage2_model/exp18_model.py	01_filter/exp18_model.py	01fda1b0aec272a24d83e4ae22ef9a7b421c3ef82e7c2441a9efdb1d0fb5f2f2
03_filter_phaser_pack/11_stage2_model/exp18_trace.py	01_filter/exp18_trace.py	35384220a756cc36fb9d4bd110b979c6458be4be525f9b4e27422fa6f9eb8a7c
03_filter_phaser_pack/11_stage2_model/verify_report.txt	01_filter/verify_report.txt	a276b3faa8739b1ed76b85d6088df346a693b6d5ba69cc359e7cf0f187daa13c
03_filter_phaser_pack/12_lfo_shapes/README_lfo_shapes.md	03_lfo/README_lfo_shapes.md	5b0f31367b0971c0d2a0c3c50c967a623df2c719a5b145a9a68d30ae1700259a
03_filter_phaser_pack/12_lfo_shapes/fx_identify_fr.json	03_lfo/fx_identify_fr.json	188c4852835501e6bd40643b852bcee6a193e08fe290aa8c22b1dd67f9f9b7a0
03_filter_phaser_pack/12_lfo_shapes/lfo_delaytraj.json	03_lfo/lfo_delaytraj.json	82f0415c150823d66bc34f8d960120585a26d78cc7aa3eec2ebe3bf61791369f
03_filter_phaser_pack/13_stage2_tail/README_stage2_tail.md	01_filter/README_stage2_tail.md	749a3ee005acbbcdb1c030dce6e6277cd9d76d087e0af2579c1a94b37a65ade1
03_filter_phaser_pack/13_stage2_tail/disasm_tail_P0AD1-0B4C.txt	01_filter/disasm_tail_P0AD1-0B4C.txt	e139641a903212865825dc00b9ae19faf32b5e6aa5d150c2c2a2e1ab7f69c329
03_filter_phaser_pack/13_stage2_tail/exp22_diag2.py	01_filter/exp22_diag2.py	05a5e5bc6b8d2b4301bb39532e1b4b9ff503d35a6ae983b815aa05ca6cdfbe5c
03_filter_phaser_pack/13_stage2_tail/exp22_model.py	01_filter/exp22_model.py	ec418bbd0430fe4d6608d199b9a948142696ab7a99a60b785c8ccab86a26a200
03_filter_phaser_pack/13_stage2_tail/exp22_skip.json.gz	01_filter/exp22_skip.json.gz	018b35f2e8042bc4cabce594a2978028bd7225eee5009c7f2f9783964da52dc2
03_filter_phaser_pack/13_stage2_tail/exp22_snap.json.gz	01_filter/exp22_snap.json.gz	1c2c4cea8a5036884ea20e96b432fb7acb0bee1f52190166c806e25fe4343517
03_filter_phaser_pack/13_stage2_tail/exp22_tail.py	01_filter/exp22_tail.py	32a8c2b7f7dcf4e923a3dc8166a977a27431e7f50b4c190a02a84df76b8b448c
03_filter_phaser_pack/13_stage2_tail/exp22_tail_skip.py	01_filter/exp22_tail_skip.py	81add2683b1553ee243a5c19703dfc34fa22e31d347ac8fe2965c6058e6373c3
03_filter_phaser_pack/14_m18_phaser/m18_harness.py	02_phaser/m18_harness.py	1939a6348eb89f2646ea5e8b03ca56ba5e886955c56edf0d675d09a9d6933cc8
03_filter_phaser_pack/14_m18_phaser/m18_ir_fft.py	02_phaser/m18_ir_fft.py	123c35a644cf334a53545422f8282395c2b34ea3d607e3fe06d3c75def2ed7f4
03_filter_phaser_pack/14_m18_phaser/m18_ir_head.json	02_phaser/m18_ir_head.json	5703c638d887a5616d837330a93ddb262b7dfeaf5958fafa8ab3fef05fe685b4
03_filter_phaser_pack/14_m18_phaser/m18_notches.json	02_phaser/m18_notches.json	558d6b8f494918f33c11ec0503ddb6021476b283ddf99011c5b52694cdc12ab8
03_filter_phaser_pack/14_m18_phaser/m18_param_sweep.py	02_phaser/m18_param_sweep.py	c1b268506dd592948aa3df0474e5b8d2a1851038132af6afbf077d0b7dda7332
03_filter_phaser_pack/14_m18_phaser/m18_probe.py	02_phaser/m18_probe.py	8d617b0db73c26f2d03c4dd012e533c0508d5ff1775df07f698d4737671da0fa
03_filter_phaser_pack/15_dist_element/README_dist_element.md	07_distortion/README_dist_element.md	906ff76da9b3da8206a5b16fb0080447ce997a4fa6ee04508444080752c30669
03_filter_phaser_pack/15_dist_element/probe23_bisect.py	07_distortion/probe23_bisect.py	facc7578f39bb1b873ea787c324fced7e4ca21331969a06dc3fdb8fdc06986c0
03_filter_phaser_pack/15_dist_element/probe23_dbg.py	07_distortion/probe23_dbg.py	13e2aaa9bb8a9bae8814298be1e8532cbabcc0dddc9b7690c9d309b8f71f6209
03_filter_phaser_pack/15_dist_element/probe23_dist.json	07_distortion/probe23_dist.json	7e378c5ac79fc8968cf2e2bbdeac5fdf49f95373f0583b6b6c6c823c7b3b23e9
03_filter_phaser_pack/15_dist_element/probe23_dist.py	07_distortion/probe23_dist.py	75ff5c646279973334113561b1088377a669359e35489055554010355401d83a
03_filter_phaser_pack/15_dist_element/probe23b_dist_m14.json	07_distortion/probe23b_dist_m14.json	f223b62630b9d19126ed7d31305a981baf49e5a271999b3e264ad445900d6517
03_filter_phaser_pack/15_dist_element/probe23b_dist_m14.py	07_distortion/probe23b_dist_m14.py	091619fa3f1902de5e4f0da367694d5cfa9fa51bbdf896e8c8385e1152d71d4b
03_filter_phaser_pack/15_dist_element/probe23c_drive_decay.json	07_distortion/probe23c_drive_decay.json	bf121378bb7e1f5caf920d0956550501e71fe0042227128e17424a6d5c7ace9b
03_filter_phaser_pack/15_dist_element/probe23c_drive_decay.py	07_distortion/probe23c_drive_decay.py	db0e86627c354d042de982ea51b85ef97ced30811b7ca9e548e15c72cbe3d53a
03_filter_phaser_pack/15_dist_element/probe23d_vectors.json	07_distortion/probe23d_vectors.json	247107306392a802dcae9fb6b6b6f75c3dc46794f49f4d1e795db50cf7f68b5f
03_filter_phaser_pack/15_dist_element/probe23d_vectors.py	07_distortion/probe23d_vectors.py	75316634945a00ce165f89fcc590c9a557cf518519f235294f1a100ca08270ef
03_filter_phaser_pack/16_m18_tail/README_m18_tail.md	02_phaser/README_m18_tail.md	56b8761d271b80735de0931d14c2bc1c83b034d385228ecacf70eb8a781e6a4a
03_filter_phaser_pack/16_m18_tail/exp24f_m18tail.py	02_phaser/exp24f_m18tail.py	f6680b34c68160a2e9d916bb414ae329ec043449d665abe7f0bd745c6fd54fab
03_filter_phaser_pack/16_m18_tail/m18_tail_probes.json	02_phaser/m18_tail_probes.json	252db6813bc22c06a99b9a89ff20b8951e1be32eb6f9e4f7e4f81cefb59a237f
03_filter_phaser_pack/17_delay_echo/README_delay_echo.md	05_echo_delay/README_delay_echo.md	99a6519c28216abd5dd2b724cc9ee25949fb4353c6f2a4da47d92218da145338
03_filter_phaser_pack/17_delay_echo/echo_probe_results.json	05_echo_delay/echo_probe_results.json	e47168ce36261ee49d31143037bcc2c1ea4ac3546d95d7cad685d38253074826
03_filter_phaser_pack/17_delay_echo/exp24_echo.py	05_echo_delay/exp24_echo.py	6223d4c9a251fdfb2e31e5fa73737a944796d639f0c6ce6c40bb851a6f97239a
03_filter_phaser_pack/17_delay_echo/exp24b_echo2.py	05_echo_delay/exp24b_echo2.py	bc431e550a2407c40e557ddfa4a3452b249469f364c92c514af1b0dc9d9995da
03_filter_phaser_pack/17_delay_echo/exp24c_echo3.py	05_echo_delay/exp24c_echo3.py	0abea27aaaaa92d84e43bcd00749711e374aa4f2983e86c36b2d3e8030068217
03_filter_phaser_pack/17_delay_echo/exp24d_echo4.py	05_echo_delay/exp24d_echo4.py	0fc435d3a0f7b451847d737bc3a05706b5f3e888ba724da2a37d655db96a49fb
03_filter_phaser_pack/17_delay_echo/exp24e_onpole.py	05_echo_delay/exp24e_onpole.py	ee6b0d15d2610361d817039c37b3bd9b6d0655605405108f2e0495e3ef93712b
03_filter_phaser_pack/18_m18_final/README_m18_final.md	02_phaser/README_m18_final.md	50de0ab06c7efd132a87c0c25366e1c7603faf8fe7096ae40a7941075d5fea55
03_filter_phaser_pack/18_m18_final/exp25_model.py	02_phaser/exp25_model.py	e7dabfd422389198a5944aa17857ee430cc9351c0b2ed4da1ac91a0360cbdf08
03_filter_phaser_pack/18_m18_final/exp25_rotator_probe.py	02_phaser/exp25_rotator_probe.py	ed05229f90bfa7675a973e8b2b7fc3655108f703806128e9fe12b993d7750e4d
03_filter_phaser_pack/18_m18_final/exp25_verify.json	02_phaser/exp25_verify.json	262aa7ee58e868de9102f260941928e8729e694dbbc1bf912ff8f9b5441c8cd3
03_filter_phaser_pack/18_m18_final/exp25_verify.py	02_phaser/exp25_verify.py	ad67a6a5ee5ae500ca52c978e35794999c14379de98b52a31e72d30801326e82
03_filter_phaser_pack/18_m18_final/exp25b_modloop_probe.py	02_phaser/exp25b_modloop_probe.py	1782eb30e1718166b3dde4e6299588cc6c541186d7f53c6e385ec5180f3f8a0e
03_filter_phaser_pack/18_m18_final/exp25c_passloop.py	02_phaser/exp25c_passloop.py	9d7a29469410ca48f4e8abfbad4ddc0af18fbff20a2961ff441bad210d5fcf7e
03_filter_phaser_pack/18_m18_final/exp25d_secdiff.py	02_phaser/exp25d_secdiff.py	94c01f4a12bf6f945a9564aa7c0555506b3d8170dbf73c56592c51bc765a249f
03_filter_phaser_pack/18_m18_final/exp25e_stress.json	02_phaser/exp25e_stress.json	1506e4a18685c497ec30a22e95e6283b8e65f6a6753423191b581e80f7dae24f
03_filter_phaser_pack/18_m18_final/exp25e_stress.py	02_phaser/exp25e_stress.py	5dec1e097cc7f4583e4715fd5905c606d258009cbeec629463228fa4e336592e
03_filter_phaser_pack/18_m18_final/exp25f_genvecs.py	02_phaser/exp25f_genvecs.py	87ea48ca3050318994a743bcf14fe8b6d4ff8272d3799c5fc45bd77f337c1d5c
03_filter_phaser_pack/18_m18_final/mnm_phaser.h	02_phaser/mnm_phaser.h	13142b17b5f1fbd9b33499c2a941f074827d717203ac07110b615e42e9db9d7c
03_filter_phaser_pack/18_m18_final/test_mnm_phaser.cpp	02_phaser/test_mnm_phaser.cpp	cc0af6efde6b12f845abe29405dcb74029c10dc3eaf37fa224fd7726e8d7aeb8
03_filter_phaser_pack/18_m18_final/test_vectors.h	02_phaser/test_vectors.h	2ca1a917a976644bb7745ee89992ff0b4eb123e7bca450608608f5cfcf4141c2
03_filter_phaser_pack/19_coldfire_transport/README_coldfire_transport.md	09_coldfire_transport/README_coldfire_transport.md	f3f1edb77d875b84e92cbe75725db9e5e0bbd91fe306b1e4027f68dc4a26bb6f
03_filter_phaser_pack/19_coldfire_transport/coldfire_excerpts.asm	09_coldfire_transport/coldfire_excerpts.asm	2eac785fb67413c53a4d6d946a8e0b821faabefc133c0b85589ca910c556a8a2
03_filter_phaser_pack/19_coldfire_transport/dsp_dma_handlers.txt	09_coldfire_transport/dsp_dma_handlers.txt	d609bf31207183748a6a20d3351eef31fe717c64157710d6562263dee758b9c5
03_filter_phaser_pack/19_coldfire_transport/exp26_cf_disasm.py	09_coldfire_transport/exp26_cf_disasm.py	1b596aa818d1c89b680651b9538a0256b2947164c38da9fc0956b26c698e4e8f
03_filter_phaser_pack/19_coldfire_transport/exp26_cf_scan.py	09_coldfire_transport/exp26_cf_scan.py	8bf91f673d5eebf198b8f7a63bc2efdb5946618a58673a387d7cf1cc12164b08
03_filter_phaser_pack/19_coldfire_transport/exp26_findings.json	09_coldfire_transport/exp26_findings.json	c04bc52b93d611d3e859b61d7a4d385063fc448bc97b35972f6e16ecc2e8a344
03_filter_phaser_pack/19_coldfire_transport/exp26_scan_hrx.py	09_coldfire_transport/exp26_scan_hrx.py	9f7d2dcf4a5b60768aab26ff2e0dc47b867444681db6ee28ace2c114eccacadb
03_filter_phaser_pack/19_m13_reverb/README_reverb.md	06_reverb/README_reverb.md	d86b367267fa202094260770c15a31ed881663d195688396913adaf07f6b26c5
03_filter_phaser_pack/19_m13_reverb/exp26_m13_out.json	06_reverb/exp26_m13_out.json	dbfaf486e85f5f5a77f54e39f8c0c3d51c85ee33661195439e89b91004a821ba
03_filter_phaser_pack/19_m13_reverb/reverb_tables.txt	06_reverb/reverb_tables.txt	e49cc4974dccb0c9bb956d652bb9200136c8ad2f52c5994bc493a81f6b32a1b6
03_filter_phaser_pack/20_coldfire_clock/README_coldfire_clock.md	09_coldfire_transport/README_coldfire_clock.md	443388401f6e2b3448f434df61e4f93dd85595d4f4ad63546b7ed2c898d6e013
03_filter_phaser_pack/20_coldfire_clock/coldfire_clock_excerpts.asm	09_coldfire_transport/coldfire_clock_excerpts.asm	76416e6dea7a524f76785a2b96c799a525e7616e04347e6a387c3a2d00fadb22
03_filter_phaser_pack/20_coldfire_clock/exp27_findings.json	09_coldfire_transport/exp27_findings.json	ca0c0d90529a128399b2c2410ac874ae88a77260fb7a7f7aab5e4b218cbcfe9a
03_filter_phaser_pack/20_coldfire_clock/exp27_trampolines.py	09_coldfire_transport/exp27_trampolines.py	49e86f14239ef4ef695aa4f4f7376e72e30e9e41c493c7346c87b4864c5f52e2
03_filter_phaser_pack/20_coldfire_clock/exp27_verify.py	09_coldfire_transport/exp27_verify.py	19bbf62f85c4e8ecc64e97377006b776e231f7516d086fd6e0e34e8e140be4b3
03_filter_phaser_pack/20_coldfire_host/README_coldfire_host.md	09_coldfire_transport/README_coldfire_host.md	c2da1d77a9ff33cb3cc92ef50e7c144f51db519b63c3e8c8be6c930d2b228fcb
03_filter_phaser_pack/20_coldfire_host/cf_driver.asm	09_coldfire_transport/cf_driver.asm	2608eb9bcb06dd31951aed04f14579c483a9cf679f808e27a4a1fcb915d8065a
03_filter_phaser_pack/20_coldfire_host/cf_hi_refs.py	09_coldfire_transport/cf_hi_refs.py	51e5cefdad227a3de12b87e2e7a9f6b19670ad6e14b371cf07b4a19e2c0fe13d
03_filter_phaser_pack/21_echo_kernel_routing/README_echo_kernel_routing.md	05_echo_delay/README_echo_kernel_routing.md	79bd669e09e5e3c3d156a552b7a46ff21b665341674687674ae81a3c50f64fa5
03_filter_phaser_pack/21_echo_kernel_routing/exp28_dump_tables.py	05_echo_delay/exp28_dump_tables.py	4b729a528f6c831c3dbf17691a7cfa6f4f9bbd263968a81dc61111fcfa49ed68
03_filter_phaser_pack/21_echo_kernel_routing/exp28_findings.json	05_echo_delay/exp28_findings.json	cc0e71f8c47940df687032bf0c9f89f6cb4302a528c6fba5d4efa2df5233741d
03_filter_phaser_pack/21_echo_kernel_routing/kernel_echo_flow.asm	05_echo_delay/kernel_echo_flow.asm	da0a8e8c3c99a10d67cc415d682c2d892f0436ac4a08e60739cdd45108bd21ed
03_filter_phaser_pack/21_echo_kernel_routing/table_140000_mantissa.txt	05_echo_delay/table_140000_mantissa.txt	b73f0c09b65bfcdfb4b4d666217fdad275aa8fbb2a264c04128651521ba81f4a
03_filter_phaser_pack/21_echo_kernel_routing/table_1449C6_glide_rates.bin	05_echo_delay/table_1449C6_glide_rates.bin	03f51bc40d3d08caec5f53cd7e3a8684ce1ee4df2df944279660f61fad55f4ed
03_filter_phaser_pack/21_echo_kernel_routing/table_1449C6_glide_rates.txt	05_echo_delay/table_1449C6_glide_rates.txt	1bd01055c9336269e6482b5359587a7de51df87205a821eadcb224f887165a9d
03_filter_phaser_pack/22_fm_machines/README_fm_machines.md	08_fm/README_fm_machines.md	18dcff4c4d7923efbdf304b3095bdc2cd5577ac188c8f7be9a051a3739573c04
03_filter_phaser_pack/22_fm_machines/exp28_dyn_levels.py	08_fm/exp28_dyn_levels.py	c1d1e4832129363d22b63d80bffae16a7ec918d0afaf4cc9109a8f880aa4445f
03_filter_phaser_pack/22_fm_machines/exp28_dyn_reach.py	08_fm/exp28_dyn_reach.py	6a79f5035bcb924cf47503051fb9e9602f1c57d4e546bc33537bb4c1454263f5
03_filter_phaser_pack/22_fm_machines/fm_harness.py	08_fm/fm_harness.py	d000e51197c42f8706cd00917496db6fd875a5e9f4e515687f84a38f200c2bab
03_filter_phaser_pack/22_fm_machines/fm_laws_stat.json	08_fm/fm_laws_stat.json	d2583d670b0f33c8be51c6937cb7088e318d7246a3919ae7b47b51bb0ed6aee2
03_filter_phaser_pack/22_fm_machines/fm_measure1.py	08_fm/fm_measure1.py	fa586c9770c18e0734ae37cc56d077655a36e8e26f23fcb7ed46b7d24a075daa
03_filter_phaser_pack/22_fm_machines/fm_measure2.py	08_fm/fm_measure2.py	88cdece7ad510281f75b0491eade65f44ed02eafee7e5ad698130c6bdcda3d96
03_filter_phaser_pack/22_fm_machines/fm_pitch_chain.py	08_fm/fm_pitch_chain.py	ba8ddd8c6732e5a0b9ddb1f08b8d285c9edf5063d10b47bc89718ff8b2b76afa
03_filter_phaser_pack/22_fm_machines/fm_ratio_spec.py	08_fm/fm_ratio_spec.py	64978a35c7e54c3aa9d7e6cc70e3ab9e7b71ab09a4c7a82777c2dc31067df1d5
03_filter_phaser_pack/22_fm_machines/mnm_fm_exact.hpp	08_fm/mnm_fm_exact.hpp	ba0c8cd04c1c2f5976f2250ea2a1549ae840d8924318dca72938367505847e4b
03_filter_phaser_pack/22_fm_machines/ratio_table.txt	08_fm/ratio_table.txt	39e81426b11a5ca4cd8a5990cad00fb240921a476b8240e2230dfe5394b3921b
03_filter_phaser_pack/22_fm_machines/test_mnm_fm_exact.cpp	08_fm/test_mnm_fm_exact.cpp	3694c3fac91d798be6e7befe4d84577f0640edb203918abce16ad747aba99700
03_filter_phaser_pack/22_fm_machines/wave_table_141880.txt	08_fm/wave_table_141880.txt	e7b650acbf9bd8ee77ae6b68af057eabc2d601a6f48d6947f9a78731c6f3d4d8
03_filter_phaser_pack/22_phaser_lfo/README_phaser_lfo.md	02_phaser/README_phaser_lfo.md	899aa90fdd75f4fccf8bf5043dbfdd64b2702b4a1dfff8977378b4ebcfcc3882
03_filter_phaser_pack/22_phaser_lfo/exp29_lfo_rate.json	02_phaser/exp29_lfo_rate.json	22c421e885f5f02e92d4316e8ce04f64000f7c2033bf6854c1cbbc534c1f29b9
03_filter_phaser_pack/22_phaser_lfo/exp29_lfo_rate.py	02_phaser/exp29_lfo_rate.py	8be4a4e9a53ef95c5bd7e736a22743f9ed788a8b1695d431a73d82f3531bad24
03_filter_phaser_pack/22_phaser_lfo/tables_14A000_14A800/X_14A000_sine8k_full.bin	03_lfo/X_14A000_sine8k_full.bin	45fcd868f2e06d2929469f8aa5639d734f9e01e8d4fe44d7657c1fd567be1528
03_filter_phaser_pack/22_phaser_lfo/tables_14A000_14A800/X_14A000_sine8k_full.txt	03_lfo/X_14A000_sine8k_full.txt	a4da11fd131de702d61e1dda012b6260deec75083a33d251b38f6839ad744ffa
03_filter_phaser_pack/22_phaser_lfo/tables_14A000_14A800/X_14A800_cos8k_full.bin	03_lfo/X_14A800_cos8k_full.bin	53875790810e288f9a13c439006351d04b54a5dc59ea2ee75a7d303c643d2487
03_filter_phaser_pack/22_phaser_lfo/tables_14A000_14A800/X_14A800_cos8k_full.txt	03_lfo/X_14A800_cos8k_full.txt	6ea2c7125dca58ab4f231019072050338811949f3370b64ace0a4c36c7d985c8
03_filter_phaser_pack/22_phaser_lfo/tables_14A000_14A800/exp30_quad_verify.json	03_lfo/exp30_quad_verify.json	2e480a6efb21e0b0df543d3478789a8419c812df1b2162ba85fbd9b70457da67
03_filter_phaser_pack/23_dsnd_dtim_routing/README_dsnd_dtim.md	10_controls_routing/README_dsnd_dtim.md	62a9b0e8ecfcf93846df34025cfe1e14e329adfbdc6158bf597b5e01a337e16f
03_filter_phaser_pack/24_dfb_knob_spec_map/README_dfb_knob_map.md	10_controls_routing/README_dfb_knob_map.md	f14aa1076093f0e60306d6322581f29512854fc76ea0650ff13869b0c99f06e0
03_filter_phaser_pack/24_dfb_knob_spec_map/exp30_extract_quads.py	10_controls_routing/exp30_extract_quads.py	dc9c8e4e167814633a7927495423f0566272bf00e5faa7d4dc4f99db637a35d5
03_filter_phaser_pack/24_dfb_knob_spec_map/exp30_findings.json	10_controls_routing/exp30_findings.json	9d0b805e99ba4dffdf02265bedf52647018017cd05f93de1ff5960dc7efc2d01
03_filter_phaser_pack/24_dfb_knob_spec_map/exp30_ptr_scan.py	10_controls_routing/exp30_ptr_scan.py	5f9b5e071f340bc9d53935e2b3cedd1ca0b87a595da23c8ff75b9853defd566e
03_filter_phaser_pack/FILTER_PHASER_TABLES_MANIFEST.json	21_superseded_names/FILTER_PHASER_TABLES_MANIFEST.json	f0bd941dc91d6e9def096fbb093f20c4e5ec396e23baf40470db339222aed6dc
03_filter_phaser_pack/GARBAGE_NOTICE.md	21_superseded_names/README_REFUTED_NAMES.md	604ae4f072d9fe99da93fcf1d5dab920817fdb72dc3a74b5960f22048d426b75
03_filter_phaser_pack/MANIFEST.json	20_run_logs/filter_phaser_pack_MANIFEST.json	3850d466d6464fc6d5f2b574a9bf8150ad856daa4551fb796ed2fe8facc5dc70
03_filter_phaser_pack/README.md	20_run_logs/filter_phaser_pack_README.md	e6cd1d6e30a25de0a63e74846547292b18e26fa2f4c5b0a3818258a26859cf64
03_filter_phaser_pack/listings/01_SVF_multimode_kernel_P04A8-0610.txt	19_disasm_listings/01_SVF_multimode_kernel_P04A8-0610.txt	777679fb26089ea1767b319c7f5b26c2f21b8f49672956312b5233c9025e058f
03_filter_phaser_pack/listings/02_Cascaded_HP_LP_dual_filter_P0A00-0C00.txt	19_disasm_listings/02_Cascaded_HP_LP_dual_filter_P0A00-0C00.txt	9edeef5948201d4e680586dbfe0b1b8ff345aed44fd73e35b417b6a8fa3b94ef
03_filter_phaser_pack/listings/03_FX_PHA_machine_m18_P145000-145400.txt	19_disasm_listings/03_FX_PHA_machine_m18_P145000-145400.txt	4bc92b0f7830bf32f51312b8b5f941658c6b918da7fcea513b6e77db13e1d03a
03_filter_phaser_pack/listings/04_filter_envelope_P0ABF-0B4D.txt	19_disasm_listings/04_filter_envelope_P0ABF-0B4D.txt	82e8a9f3dbba454e276f0504bd438398e079ad9c51cec017abcc8e2bc334cf5e
03_filter_phaser_pack/listings/05_FX_DYN_machine_m16_P147700-147900.txt	19_disasm_listings/05_FX_DYN_machine_m16_P147700-147900.txt	652e4ad17afa4e58adc86fe1ea93b2a4c7cc3261ac03154cec3775a6bc89f653
03_filter_phaser_pack/listings/06_VO6_machine_m11_P147100-147200.txt	19_disasm_listings/06_VO6_machine_m11_P147100-147200.txt	8b7a40b0c858426b3037562a370c33517264899b87d4a1d590767395b47d89e7
03_filter_phaser_pack/mnm_fm_exact.hpp	08_fm/mnm_fm_exact_whitelist_copy.hpp	453ca9536e9630fd443d865c5d1f477c1cd678bd13d10023d9e230fab0d3133c
03_filter_phaser_pack/tables/P_141800_LFO_speed_table.txt	21_superseded_names/P_141800_LFO_speed_table.txt	f98bf3af9aa48087f9e5dc9da6b2c331ac60b815a395f5c2632bb272b708876c
03_filter_phaser_pack/tables/P_141900_PHASER_stage0_table.txt	21_superseded_names/P_141900_PHASER_stage0_table.txt	e68f0bbde688d056f90b5cf3cad149181a0f6c6a673af4c16a309ac72acca1ac
03_filter_phaser_pack/tables/P_141980_PHASER_stage1_table.txt	21_superseded_names/P_141980_PHASER_stage1_table.txt	5e638ccfb5cf40a77a6d59e14936749a9456785a664874aacaca19b2cd23233a
03_filter_phaser_pack/tables/P_141a00_LFO_mult_table.txt	21_superseded_names/P_141a00_LFO_mult_table.txt	2af9914451db6c467c3f7b3c3f03d9e863e91bad5952a5a467a6a88e0f5544f8
03_filter_phaser_pack/tables/P_141a00_PHASER_stage2_table.txt	21_superseded_names/P_141a00_PHASER_stage2_table.txt	fbcf2e83f5eedd61532fbd6a439c927983ac97a853b3dd283939ad15f1d732ed
03_filter_phaser_pack/tables/P_141b18_PHASER_stage3_table.txt	21_superseded_names/P_141b18_PHASER_stage3_table.txt	4087a96cc273c166775957c6188efcc2981947094565fed378f65f6ab79b834d
03_filter_phaser_pack/tables/P_141ca7_LP_filter_coeffs_KERNEL_ref.bin	21_superseded_names/P_141ca7_LP_filter_coeffs_KERNEL_ref.bin	9915f196b9ae841fce086cd565ecf51adf4196de30c75ba32cd47628998afb8e
03_filter_phaser_pack/tables/P_141ca7_LP_filter_coeffs_KERNEL_ref.txt	21_superseded_names/P_141ca7_LP_filter_coeffs_KERNEL_ref.txt	513406edd0543016518384b19b898350378b91eb8eabab5b32cab6af7f038d43
03_filter_phaser_pack/tables/P_142f06_PHASER_helper_table.txt	21_superseded_names/P_142f06_PHASER_helper_table.txt	cd0269d01410acf83cbc7c3da8d5d34ca4c0100efbb61d2f44fc933c2b332f9f
03_filter_phaser_pack/tables/P_143546_PHASER_cntr_table.txt	21_superseded_names/P_143546_PHASER_cntr_table.txt	b7e46393bab58ab76bfc6f96492ed2ec6b61445c5fa9958ef29d14458d3610a0
03_filter_phaser_pack/tables/P_143f95_cutoff_divisor_table.txt	21_superseded_names/P_143f95_cutoff_divisor_table.txt	c7f11609462dc6ab489cfbd2f95486c55218ccb372aefc5b870a95f08d5e8a10
03_filter_phaser_pack/tables/P_144446_Q_resonance_extended.bin	21_superseded_names/P_144446_Q_resonance_extended.bin	83d36ff30980baef0aa6c27bb6639fc01cd8e5490022c81c00dd491c40a4d3cc
03_filter_phaser_pack/tables/P_144446_Q_resonance_extended.txt	21_superseded_names/P_144446_Q_resonance_extended.txt	5dd97ca673c8a34dff238f9c608a0b1453e9cbcd31cc6d34c46e6ff62fa01d6b
03_filter_phaser_pack/tables/P_144446_Q_resonance_table1.txt	21_superseded_names/P_144446_Q_resonance_table1.txt	eacec936c4144e0a17c28df5235ff7ccfedacf28cf81f0a07e959451a78463d3
03_filter_phaser_pack/tables/P_1444c6_Q_resonance_table2.txt	21_superseded_names/P_1444c6_Q_resonance_table2.txt	a511099b75bddbacd04f71b42d9b280a77d8e42f3c587bf6cd5bb20d3ad21aaa
03_filter_phaser_pack/tables/P_144546_Q_resonance_table3_NEW.txt	21_superseded_names/P_144546_Q_resonance_table3_NEW.txt	517a8a0002dfccbbd3e8cd93d4c2b3ecfb5677358b96739334d7c991690c2a52
03_filter_phaser_pack/tables/P_1446c6_FXDYN_release_OR_Q_table4.txt	21_superseded_names/P_1446c6_FXDYN_release_OR_Q_table4.txt	b1e8f15af765967a166cf77d49dd24179bb3f385fe03d29fa65a31ac0f118693
03_filter_phaser_pack/tables/P_144746_FXDYN_rms_table.txt	21_superseded_names/P_144746_FXDYN_rms_table.txt	68d2b727897745849080b58eded0b1f51d2eebf67ecfd78e296479ae730f86f0
03_filter_phaser_pack/tables/P_144ac7_LP_filter_coeffs_main.txt	21_superseded_names/P_144ac7_LP_filter_coeffs_main.txt	21fada807184b8fb0f6a32c4e002c623f7c411bbaefd1dced9eedf513f10d357
