// OmegaBankData.h — фабричный банк A (CS) вшитый в бинарник.
// Сгенерировано из banks/Omega8FactoryA-CS.syx (22538 байт).
// Не редактируй вручную. Работает с любой версией Projucer/JUCE,
// в отличие от BinaryData (имя символа зависит от версии).
#pragma once
#include <cstddef>
#include <cstdint>
namespace omega8_bank
{
inline constexpr unsigned char data[] = {
    0xF0, 0x00, 0x00, 0x4D, 0x08, 0x00, 0x00, 0x00, 0x00, 0x2A, 0x40, 0x40, 0x00, 0x00, 0x00, 0x02,
    0x00, 0x15, 0x00, 0x1F, 0x03, 0x04, 0x09, 0x0A, 0x06, 0x00, 0x00, 0x00, 0x02, 0x00, 0x5E, 0x00,
    0x01, 0x08, 0x05, 0x01, 0x07, 0x0A, 0x00, 0x18, 0x24, 0x45, 0x00, 0x43, 0x39, 0x55, 0x7F, 0x58,
    0x00, 0x00, 0x00, 0x02, 0x04, 0x17, 0x3E, 0x5B, 0x75, 0x00, 0x09, 0x63, 0x00, 0x00, 0x61, 0x11,
    0x00, 0x7F, 0x7F, 0x75, 0x00, 0x5C, 0x00, 0x00, 0x7F, 0x10, 0x00, 0x00, 0x64, 0x00, 0x00, 0x00,
    0x00, 0x00, 0x01, 0x04, 0x01, 0x40, 0x40, 0x40, 0x1F, 0x3F, 0x15, 0x00, 0x02, 0x00, 0x00, 0x09,
    0x11, 0x4A, 0x04, 0x07, 0x04, 0x0B, 0x05, 0x03, 0x09, 0x02, 0x00, 0x00, 0x00, 0x00, 0x00, 0x0C,
    0x09, 0x0E, 0x03, 0x06, 0x05, 0x43, 0x39, 0x01, 0x01, 0x23, 0x6B, 0x00, 0x04, 0x00, 0x00, 0x00,
    0x00, 0x00, 0x00, 0x00, 0x00, 0x00, 0x00, 0x00, 0x00, 0x00, 0x00, 0x00, 0x00, 0x00, 0x00, 0x00,
    0x00, 0x37, 0x35, 0x33, 0x38, 0x34, 0x30, 0x36, 0x31, 0x40, 0x40, 0x40, 0x40, 0x40, 0x40, 0x40,
    0x40, 0x7F, 0x7F, 0x7F, 0x7F, 0x7F, 0x7F, 0x7F, 0x7F, 0x52, 0x45, 0x56, 0x45, 0x4C, 0x41, 0x54,
    0x49, 0x4F, 0x4E, 0x20, 0x31, 0x2D, 0x38, 0x20, 0x20, 0x08, 0x00, 0x40, 0x00, 0x00, 0x00, 0x00,
    0x00, 0x2A, 0x00, 0x01, 0x00, 0x00, 0x01, 0x00, 0x00, 0x00, 0x00, 0x00, 0x00, 0x00, 0x08, 0x00,
    0x03, 0x00, 0x00, 0x02, 0x00, 0x00, 0x00, 0x18, 0x18, 0x40, 0x10, 0x2C, 0x3D, 0x12, 0x58, 0x7F,
    0x00, 0x00, 0x1E, 0x02, 0x00, 0x44, 0x5A, 0x00, 0x00, 0x00, 0x00, 0x53, 0x41, 0x00, 0x5A, 0x00,
    0x3D, 0x33, 0x7F, 0x26, 0x04, 0x31, 0x00, 0x00, 0x61, 0x00, 0x00, 0x03, 0x00, 0x00, 0x01, 0x00,
    0x00, 0x07, 0x00, 0x01, 0x01, 0x40, 0x40, 0x28, 0x19, 0x20, 0x3F, 0x00, 0x01, 0x02, 0x00, 0x16,
    0x0A, 0x48, 0x24, 0x0C, 0x0A, 0x2D, 0x1E, 0x03, 0x09, 0x02, 0x00, 0x00, 0x00, 0x00, 0x00, 0x13,
    0x00, 0x0E, 0x00, 0x04, 0x00, 0x3B, 0x40, 0x01, 0x01, 0x00, 0x77, 0x7F, 0x04, 0x00, 0x00, 0x00,
    0x00, 0x00, 0x00, 0x00, 0x00, 0x00, 0x00, 0x00, 0x00, 0x00, 0x00, 0x00, 0x00, 0x00, 0x00, 0x01,
    0x00, 0x1B, 0x1B, 0x1B, 0x1B, 0x1B, 0x1B, 0x1B, 0x1B, 0x40, 0x40, 0x40, 0x40, 0x40, 0x40, 0x40,
    0x40, 0x7F, 0x7F, 0x7F, 0x7F, 0x7F, 0x7F, 0x7F, 0x7F, 0x57, 0x48, 0x49, 0x52, 0x4C, 0x59, 0x20,
    0x42, 0x49, 0x52, 0x44, 0x20, 0x20, 0x20, 0x20, 0x20, 0x39, 0x44, 0x41, 0x7F, 0x00, 0x00, 0x00,
    0x00, 0x1E, 0x00, 0x05, 0x02, 0x00, 0x0A, 0x06, 0x00, 0x00, 0x00, 0x00, 0x00, 0x00, 0x2E, 0x00,
    0x00, 0x00, 0x00, 0x10, 0x00, 0x00, 0x00, 0x18, 0x18, 0x42, 0x00, 0x35, 0x3D, 0x16, 0x7F, 0x00,
    0x00, 0x00, 0x30, 0x02, 0x04, 0x3C, 0x4B, 0x00, 0x00, 0x00, 0x00, 0x7F, 0x00, 0x00, 0x00, 0x00,
    0x2F, 0x60, 0x7F, 0x26, 0x00, 0x33, 0x00, 0x00, 0x61, 0x00, 0x00, 0x03, 0x00, 0x00, 0x01, 0x00,
    0x00, 0x07, 0x00, 0x00, 0x01, 0x40, 0x40, 0x28, 0x19, 0x20, 0x26, 0x00, 0x03, 0x01, 0x00, 0x16,
    0x13, 0x4B, 0x32, 0x0D, 0x09, 0x05, 0x14, 0x03, 0x09, 0x02, 0x00, 0x11, 0x00, 0x00, 0x00, 0x0A,
    0x18, 0x13, 0x21, 0x05, 0x0B, 0x45, 0x49, 0x01, 0x00, 0x28, 0x7F, 0x7F, 0x04, 0x00, 0x00, 0x00,
    0x00, 0x00, 0x00, 0x00, 0x00, 0x00, 0x00, 0x00, 0x00, 0x00, 0x00, 0x00, 0x00, 0x00, 0x00, 0x00,
    0x00, 0x19, 0x19, 0x19, 0x19, 0x19, 0x19, 0x19, 0x19, 0x3A, 0x4C, 0x38, 0x4E, 0x38, 0x4E, 0x3A,
    0x4C, 0x7F, 0x7F, 0x7F, 0x7F, 0x7F, 0x7F, 0x7F, 0x7F, 0x57, 0x48, 0x49, 0x52, 0x4C, 0x59, 0x20,
    0x42, 0x49, 0x52, 0x44, 0x20, 0x43, 0x50, 0x33, 0x30, 0x08, 0x00, 0x40, 0x00, 0x00, 0x00, 0x00,
    0x03, 0x2E, 0x00, 0x00, 0x00, 0x00, 0x09, 0x00, 0x00, 0x00, 0x00, 0x00, 0x00, 0x00, 0x4C, 0x00,
    0x25, 0x00, 0x00, 0x10, 0x00, 0x00, 0x00, 0x0C, 0x18, 0x40, 0x00, 0x46, 0x4C, 0x16, 0x7F, 0x00,
    0x00, 0x00, 0x28, 0x02, 0x04, 0x44, 0x51, 0x00, 0x00, 0x00, 0x00, 0x53, 0x41, 0x00, 0x31, 0x00,
    0x3D, 0x33, 0x7F, 0x26, 0x00, 0x2D, 0x00, 0x00, 0x61, 0x00, 0x00, 0x03, 0x00, 0x00, 0x01, 0x00,
    0x00, 0x07, 0x00, 0x00, 0x02, 0x40, 0x40, 0x28, 0x19, 0x20, 0x19, 0x00, 0x01, 0x01, 0x00, 0x12,
    0x00, 0x15, 0x00, 0x0C, 0x0A, 0x12, 0x19, 0x03, 0x09, 0x02, 0x00, 0x11, 0x00, 0x00, 0x00, 0x16,
    0x0B, 0x25, 0x0F, 0x04, 0x00, 0x3E, 0x00, 0x01, 0x40, 0x00, 0x7D, 0x7F, 0x04, 0x00, 0x00, 0x00,
    0x00, 0x01, 0x00, 0x00, 0x00, 0x00, 0x00, 0x00, 0x00, 0x00, 0x00, 0x00, 0x00, 0x00, 0x00, 0x00,
    0x00, 0x0F, 0x0F, 0x0F, 0x0F, 0x0F, 0x0F, 0x0F, 0x0F, 0x38, 0x48, 0x38, 0x48, 0x38, 0x48, 0x38,
    0x48, 0x1E, 0x1E, 0x1E, 0x1E, 0x1E, 0x1E, 0x1E, 0x1E, 0x57, 0x48, 0x49, 0x52, 0x4C, 0x59, 0x20,
    0x46, 0x49, 0x52, 0x45, 0x20, 0x42, 0x49, 0x52, 0x44, 0x00, 0x40, 0x3D, 0x00, 0x00, 0x00, 0x00,
    0x00, 0x5B, 0x00, 0x01, 0x00, 0x00, 0x01, 0x00, 0x00, 0x00, 0x00, 0x00, 0x00, 0x00, 0x15, 0x00,
    0x01, 0x00, 0x00, 0x02, 0x00, 0x00, 0x00, 0x18, 0x18, 0x46, 0x00, 0x0D, 0x13, 0x22, 0x69, 0x27,
    0x00, 0x00, 0x00, 0x02, 0x04, 0x73, 0x5D, 0x00, 0x54, 0x01, 0x62, 0x0D, 0x7F, 0x00, 0x1B, 0x60,
    0x74, 0x2F, 0x54, 0x00, 0x6A, 0x56, 0x00, 0x00, 0x01, 0x0A, 0x00, 0x00, 0x13, 0x00, 0x00, 0x00,
    0x00, 0x00, 0x01, 0x03, 0x01, 0x40, 0x40, 0x40, 0x1F, 0x3F, 0x2E, 0x00, 0x01, 0x04, 0x00, 0x12,
    0x10, 0x13, 0x09, 0x0D, 0x02, 0x00, 0x00, 0x03, 0x09, 0x02, 0x00, 0x00, 0x00, 0x00, 0x00, 0x04,
    0x05, 0x75, 0x15, 0x06, 0x0C, 0x3D, 0x44, 0x01, 0x01, 0x00, 0x00, 0x00, 0x04, 0x00, 0x01, 0x00,
    0x00, 0x04, 0x00, 0x00, 0x00, 0x00, 0x00, 0x00, 0x00, 0x00, 0x00, 0x00, 0x00, 0x00, 0x00, 0x00,
    0x00, 0x00, 0x00, 0x00, 0x00, 0x00, 0x00, 0x00, 0x00, 0x40, 0x40, 0x40, 0x40, 0x40, 0x40, 0x40,
    0x40, 0x00, 0x00, 0x00, 0x00, 0x00, 0x00, 0x00, 0x00, 0x57, 0x48, 0x49, 0x50, 0x20, 0x49, 0x54,
    0x20, 0x46, 0x41, 0x44, 0x45, 0x2D, 0x49, 0x4E, 0x20, 0x00, 0x40, 0x3D, 0x40, 0x00, 0x00, 0x00,
    0x00, 0x50, 0x00, 0x00, 0x00, 0x00, 0x01, 0x00, 0x00, 0x00, 0x00, 0x00, 0x00, 0x00, 0x4E, 0x00,
    0x00, 0x00, 0x00, 0x02, 0x00, 0x00, 0x00, 0x18, 0x18, 0x43, 0x00, 0x29, 0x0C, 0x31, 0x7F, 0x1D,
    0x00, 0x00, 0x00, 0x00, 0x00, 0x5B, 0x7F, 0x7F, 0x00, 0x00, 0x00, 0x00, 0x00, 0x00, 0x4E, 0x00,
    0x2A, 0x73, 0x00, 0x00, 0x00, 0x19, 0x00, 0x00, 0x01, 0x01, 0x14, 0x03, 0x00, 0x00, 0x02, 0x00,
    0x00, 0x07, 0x00, 0x02, 0x01, 0x40, 0x40, 0x40, 0x1F, 0x3F, 0x3B, 0x00, 0x02, 0x04, 0x00, 0x14,
    0x15, 0x1C, 0x12, 0x00, 0x00, 0x00, 0x00, 0x03, 0x00, 0x02, 0x00, 0x00, 0x00, 0x00, 0x00, 0x0B,
    0x00, 0x07, 0x00, 0x05, 0x0A, 0x46, 0x38, 0x01, 0x01, 0x00, 0x00, 0x7F, 0x04, 0x00, 0x00, 0x00,
    0x00, 0x00, 0x00, 0x00, 0x00, 0x00, 0x00, 0x00, 0x00, 0x00, 0x00, 0x00, 0x00, 0x00, 0x00, 0x00,
    0x00, 0x00, 0x00, 0x00, 0x00, 0x00, 0x00, 0x00, 0x00, 0x00, 0x7F, 0x00, 0x7F, 0x00, 0x7F, 0x00,
    0x7F, 0x00, 0x00, 0x00, 0x00, 0x00, 0x00, 0x00, 0x00, 0x53, 0x49, 0x4E, 0x41, 0x54, 0x52, 0x41,
    0x4C, 0x49, 0x4B, 0x45, 0x42, 0x55, 0x5A, 0x5A, 0x20, 0x00, 0x40, 0x3D, 0x40, 0x00, 0x00, 0x00,
    0x00, 0x50, 0x00, 0x00, 0x00, 0x00, 0x01, 0x00, 0x00, 0x00, 0x00, 0x00, 0x00, 0x00, 0x36, 0x00,
    0x00, 0x00, 0x00, 0x02, 0x00, 0x00, 0x00, 0x18, 0x18, 0x43, 0x00, 0x29, 0x0C, 0x35, 0x7F, 0x1D,
    0x00, 0x00, 0x00, 0x02, 0x04, 0x5B, 0x60, 0x7F, 0x7F, 0x00, 0x11, 0x1C, 0x03, 0x7F, 0x4E, 0x00,
    0x2A, 0x73, 0x7F, 0x00, 0x4A, 0x00, 0x00, 0x00, 0x01, 0x06, 0x14, 0x09, 0x42, 0x00, 0x00, 0x00,
    0x00, 0x07, 0x00, 0x02, 0x01, 0x40, 0x40, 0x40, 0x1F, 0x3F, 0x3B, 0x00, 0x02, 0x04, 0x00, 0x14,
    0x15, 0x0B, 0x14, 0x0B, 0x0C, 0x1B, 0x03, 0x03, 0x00, 0x02, 0x00, 0x00, 0x00, 0x00, 0x00, 0x0B,
    0x0A, 0x11, 0x05, 0x05, 0x0A, 0x46, 0x38, 0x01, 0x01, 0x07, 0x25, 0x7F, 0x04, 0x00, 0x00, 0x00,
    0x00, 0x00, 0x00, 0x00, 0x00, 0x00, 0x00, 0x00, 0x00, 0x00, 0x00, 0x00, 0x00, 0x00, 0x00, 0x00,
    0x03, 0x50, 0x50, 0x50, 0x50, 0x50, 0x50, 0x50, 0x50, 0x28, 0x57, 0x28, 0x57, 0x28, 0x57, 0x28,
    0x57, 0x7F, 0x7F, 0x7F, 0x7F, 0x7F, 0x7F, 0x7F, 0x7F, 0x53, 0x4C, 0x49, 0x4E, 0x4B, 0x49, 0x27,
    0x53, 0x20, 0x4D, 0x4F, 0x4F, 0x44, 0x20, 0x20, 0x20, 0x00, 0x40, 0x3D, 0x00, 0x00, 0x00, 0x01,
    0x00, 0x5F, 0x00, 0x00, 0x00, 0x00, 0x02, 0x00, 0x00, 0x00, 0x00, 0x00, 0x01, 0x00, 0x63, 0x00,
    0x00, 0x00, 0x00, 0x04, 0x00, 0x00, 0x00, 0x18, 0x18, 0x43, 0x00, 0x0B, 0x1D, 0x72, 0x66, 0x42,
    0x00, 0x2B, 0x49, 0x00, 0x00, 0x4B, 0x40, 0x39, 0x7F, 0x00, 0x0D, 0x2C, 0x5C, 0x7F, 0x15, 0x00,
    0x00, 0x7F, 0x00, 0x3B, 0x00, 0x23, 0x00, 0x00, 0x01, 0x0B, 0x00, 0x00, 0x41, 0x00, 0x00, 0x00,
    0x00, 0x00, 0x00, 0x00, 0x01, 0x40, 0x40, 0x40, 0x0C, 0x3F, 0x0E, 0x00, 0x03, 0x01, 0x00, 0x12,
    0x09, 0x17, 0x03, 0x00, 0x00, 0x00, 0x00, 0x03, 0x09, 0x02, 0x00, 0x00, 0x00, 0x00, 0x00, 0x10,
    0x04, 0x04, 0x0E, 0x00, 0x00, 0x00, 0x00, 0x01, 0x40, 0x00, 0x00, 0x00, 0x04, 0x00, 0x01, 0x00,
    0x00, 0x00, 0x00, 0x00, 0x00, 0x00, 0x00, 0x00, 0x00, 0x00, 0x00, 0x00, 0x00, 0x00, 0x00, 0x00,
    0x00, 0x00, 0x00, 0x00, 0x00, 0x00, 0x00, 0x00, 0x00, 0x40, 0x40, 0x40, 0x40, 0x40, 0x40, 0x40,
    0x40, 0x00, 0x00, 0x00, 0x00, 0x00, 0x00, 0x00, 0x00, 0x5A, 0x49, 0x4D, 0x4D, 0x45, 0x52, 0x4D,
    0x41, 0x4E, 0x27, 0x53, 0x20, 0x53, 0x54, 0x41, 0x42, 0x0C, 0x00, 0x30, 0x40, 0x00, 0x00, 0x00,
    0x00, 0x20, 0x00, 0x00, 0x00, 0x00, 0x02, 0x00, 0x00, 0x00, 0x00, 0x00, 0x00, 0x00, 0x2B, 0x00,
    0x01, 0x00, 0x00, 0x01, 0x00, 0x00, 0x00, 0x18, 0x1A, 0x3C, 0x10, 0x62, 0x4E, 0x11, 0x67, 0x7F,
    0x00, 0x00, 0x00, 0x02, 0x00, 0x2B, 0x00, 0x20, 0x24, 0x01, 0x00, 0x5A, 0x36, 0x00, 0x36, 0x00,
    0x4C, 0x12, 0x70, 0x25, 0x00, 0x00, 0x36, 0x00, 0x01, 0x02, 0x00, 0x00, 0x00, 0x00, 0x00, 0x00,
    0x00, 0x07, 0x00, 0x01, 0x01, 0x40, 0x40, 0x40, 0x1F, 0x3F, 0x19, 0x00, 0x01, 0x01, 0x00, 0x12,
    0x18, 0x7F, 0x2F, 0x0E, 0x0A, 0x6E, 0x2D, 0x03, 0x09, 0x02, 0x00, 0x00, 0x00, 0x00, 0x00, 0x09,
    0x0B, 0x04, 0x0A, 0x18, 0x0C, 0x45, 0x50, 0x01, 0x01, 0x00, 0x6E, 0x00, 0x04, 0x00, 0x00, 0x00,
    0x00, 0x00, 0x00, 0x00, 0x00, 0x00, 0x00, 0x00, 0x00, 0x00, 0x00, 0x00, 0x00, 0x00, 0x00, 0x00,
    0x00, 0x00, 0x00, 0x00, 0x00, 0x00, 0x00, 0x00, 0x00, 0x40, 0x40, 0x40, 0x40, 0x40, 0x40, 0x40,
    0x40, 0x00, 0x00, 0x00, 0x00, 0x00, 0x00, 0x00, 0x00, 0x42, 0x45, 0x45, 0x54, 0x4C, 0x45, 0x20,
    0x42, 0x4F, 0x58, 0x20, 0x20, 0x20, 0x20, 0x20, 0x20, 0x0C, 0x00, 0x30, 0x40, 0x00, 0x00, 0x00,
    0x00, 0x60, 0x00, 0x30, 0x00, 0x00, 0x10, 0x00, 0x00, 0x00, 0x00, 0x00, 0x00, 0x00, 0x2B, 0x00,
    0x01, 0x00, 0x00, 0x01, 0x00, 0x00, 0x00, 0x18, 0x1A, 0x3C, 0x10, 0x33, 0x43, 0x51, 0x7F, 0x5D,
    0x00, 0x00, 0x00, 0x00, 0x04, 0x2B, 0x47, 0x2F, 0x24, 0x00, 0x00, 0x5A, 0x36, 0x00, 0x17, 0x00,
    0x53, 0x0C, 0x74, 0x17, 0x00, 0x00, 0x36, 0x00, 0x01, 0x02, 0x00, 0x00, 0x00, 0x00, 0x00, 0x00,
    0x00, 0x02, 0x00, 0x01, 0x01, 0x40, 0x40, 0x40, 0x1F, 0x3F, 0x32, 0x00, 0x01, 0x01, 0x00, 0x12,
    0x0A, 0x78, 0x0A, 0x0E, 0x0A, 0x6E, 0x0A, 0x03, 0x09, 0x02, 0x00, 0x00, 0x00, 0x00, 0x00, 0x18,
    0x09, 0x0C, 0x02, 0x02, 0x00, 0x40, 0x40, 0x01, 0x00, 0x18, 0x79, 0x00, 0x04, 0x00, 0x00, 0x00,
    0x00, 0x00, 0x00, 0x00, 0x00, 0x00, 0x00, 0x00, 0x00, 0x00, 0x00, 0x00, 0x00, 0x00, 0x00, 0x00,
    0x00, 0x1E, 0x1E, 0x1E, 0x1E, 0x1E, 0x1E, 0x1E, 0x1E, 0x4A, 0x36, 0x4A, 0x36, 0x4A, 0x36, 0x4A,
    0x36, 0x7F, 0x7F, 0x7F, 0x7F, 0x7F, 0x7F, 0x7F, 0x7F, 0x42, 0x45, 0x45, 0x54, 0x4C, 0x45, 0x20,
    0x42, 0x4F, 0x58, 0x20, 0x4D, 0x49, 0x4E, 0x49, 0x20, 0x48, 0x44, 0x41, 0x6F, 0x00, 0x00, 0x00,
    0x00, 0x42, 0x00, 0x32, 0x00, 0x00, 0x10, 0x00, 0x00, 0x00, 0x00, 0x00, 0x00, 0x00, 0x2B, 0x00,
    0x01, 0x00, 0x00, 0x01, 0x00, 0x00, 0x00, 0x18, 0x1A, 0x3C, 0x10, 0x62, 0x4E, 0x11, 0x67, 0x5D,
    0x00, 0x00, 0x06, 0x02, 0x00, 0x2B, 0x59, 0x29, 0x24, 0x03, 0x00, 0x5A, 0x36, 0x00, 0x36, 0x00,
    0x5F, 0x0B, 0x7F, 0x31, 0x00, 0x00, 0x36, 0x00, 0x01, 0x02, 0x00, 0x00, 0x00, 0x00, 0x00, 0x00,
    0x00, 0x07, 0x00, 0x01, 0x01, 0x40, 0x40, 0x40, 0x1F, 0x3F, 0x1A, 0x00, 0x01, 0x02, 0x00, 0x0A,
    0x05, 0x48, 0x7F, 0x0E, 0x00, 0x61, 0x00, 0x03, 0x09, 0x02, 0x09, 0x00, 0x00, 0x00, 0x00, 0x09,
    0x12, 0x02, 0x08, 0x0C, 0x02, 0x4A, 0x3E, 0x01, 0x00, 0x00, 0x78, 0x00, 0x04, 0x00, 0x00, 0x00,
    0x00, 0x01, 0x00, 0x00, 0x00, 0x00, 0x00, 0x00, 0x00, 0x00, 0x00, 0x00, 0x00, 0x00, 0x00, 0x00,
    0x00, 0x34, 0x39, 0x3B, 0x39, 0x35, 0x32, 0x43, 0x3E, 0x40, 0x40, 0x40, 0x40, 0x40, 0x40, 0x40,
    0x40, 0x7E, 0x7A, 0x7A, 0x7C, 0x7C, 0x7A, 0x7B, 0x7E, 0x42, 0x45, 0x45, 0x54, 0x4C, 0x45, 0x20,
    0x42, 0x4F, 0x58, 0x20, 0x4D, 0x4F, 0x56, 0x45, 0x52, 0x67, 0x44, 0x41, 0x58, 0x01, 0x00, 0x00,
    0x00, 0x1A, 0x00, 0x05, 0x00, 0x00, 0x06, 0x00, 0x00, 0x00, 0x00, 0x00, 0x00, 0x00, 0x49, 0x00,
    0x00, 0x02, 0x00, 0x01, 0x06, 0x00, 0x00, 0x0C, 0x0C, 0x48, 0x00, 0x49, 0x14, 0x14, 0x61, 0x31,
    0x00, 0x00, 0x00, 0x02, 0x04, 0x3D, 0x00, 0x7F, 0x31, 0x02, 0x00, 0x54, 0x00, 0x00, 0x3D, 0x00,
    0x5B, 0x15, 0x7F, 0x43, 0x00, 0x27, 0x00, 0x00, 0x61, 0x00, 0x00, 0x03, 0x00, 0x00, 0x01, 0x00,
    0x00, 0x00, 0x01, 0x00, 0x02, 0x40, 0x40, 0x40, 0x1F, 0x3F, 0x1B, 0x00, 0x02, 0x01, 0x00, 0x13,
    0x0B, 0x05, 0x14, 0x09, 0x00, 0x00, 0x00, 0x03, 0x09, 0x02, 0x00, 0x00, 0x00, 0x00, 0x00, 0x05,
    0x18, 0x7F, 0x07, 0x12, 0x00, 0x4F, 0x40, 0x01, 0x40, 0x0F, 0x4B, 0x7F, 0x01, 0x00, 0x00, 0x00,
    0x00, 0x00, 0x00, 0x00, 0x00, 0x00, 0x00, 0x00, 0x00, 0x00, 0x00, 0x00, 0x00, 0x00, 0x00, 0x00,
    0x00, 0x14, 0x12, 0x13, 0x12, 0x15, 0x11, 0x16, 0x10, 0x2C, 0x54, 0x2C, 0x54, 0x2C, 0x54, 0x2C,
    0x54, 0x5E, 0x57, 0x5F, 0x5C, 0x5A, 0x59, 0x5D, 0x57, 0x52, 0x4F, 0x59, 0x41, 0x4C, 0x20, 0x42,
    0x4C, 0x4F, 0x4F, 0x44, 0x20, 0x4C, 0x49, 0x4E, 0x45, 0x43, 0x44, 0x31, 0x1E, 0x02, 0x00, 0x00,
    0x00, 0x50, 0x00, 0x02, 0x01, 0x0C, 0x02, 0x01, 0x07, 0x00, 0x00, 0x00, 0x00, 0x00, 0x23, 0x00,
    0x01, 0x01, 0x0D, 0x01, 0x02, 0x06, 0x00, 0x18, 0x18, 0x38, 0x00, 0x3C, 0x6B, 0x76, 0x7F, 0x7E,
    0x0A, 0x00, 0x00, 0x02, 0x04, 0x4C, 0x59, 0x67, 0x7F, 0x01, 0x0A, 0x0C, 0x24, 0x65, 0x2F, 0x14,
    0x1F, 0x3E, 0x7F, 0x33, 0x00, 0x0B, 0x00, 0x00, 0x01, 0x08, 0x00, 0x00, 0x75, 0x00, 0x00, 0x00,
    0x01, 0x00, 0x00, 0x04, 0x01, 0x40, 0x40, 0x40, 0x1F, 0x3F, 0x35, 0x00, 0x02, 0x00, 0x00, 0x0C,
    0x09, 0x08, 0x3A, 0x0A, 0x07, 0x0C, 0x03, 0x03, 0x09, 0x02, 0x05, 0x12, 0x00, 0x0C, 0x00, 0x0D,
    0x0A, 0x06, 0x05, 0x16, 0x0A, 0x39, 0x3C, 0x01, 0x01, 0x7F, 0x77, 0x00, 0x04, 0x00, 0x00, 0x00,
    0x00, 0x00, 0x00, 0x00, 0x00, 0x00, 0x00, 0x00, 0x00, 0x00, 0x00, 0x00, 0x00, 0x00, 0x00, 0x00,
    0x00, 0x30, 0x2D, 0x31, 0x2D, 0x32, 0x2F, 0x33, 0x2E, 0x34, 0x4C, 0x34, 0x4C, 0x34, 0x4C, 0x34,
    0x4C, 0x7F, 0x7F, 0x7F, 0x7F, 0x7F, 0x7F, 0x7F, 0x7F, 0x53, 0x57, 0x45, 0x45, 0x54, 0x20, 0x4D,
    0x55, 0x52, 0x43, 0x48, 0x49, 0x45, 0x20, 0x20, 0x20, 0x69, 0x44, 0x27, 0x7D, 0x05, 0x00, 0x00,
    0x00, 0x50, 0x00, 0x02, 0x01, 0x0C, 0x02, 0x01, 0x07, 0x00, 0x00, 0x00, 0x00, 0x00, 0x23, 0x00,
    0x01, 0x01, 0x0D, 0x01, 0x02, 0x06, 0x00, 0x18, 0x18, 0x38, 0x00, 0x3C, 0x6B, 0x76, 0x7F, 0x7E,
    0x0A, 0x00, 0x00, 0x01, 0x00, 0x4C, 0x37, 0x67, 0x7F, 0x01, 0x0A, 0x5A, 0x24, 0x65, 0x54, 0x3A,
    0x1F, 0x3E, 0x7F, 0x59, 0x00, 0x0B, 0x00, 0x00, 0x01, 0x08, 0x00, 0x00, 0x75, 0x00, 0x00, 0x00,
    0x01, 0x00, 0x00, 0x04, 0x01, 0x40, 0x40, 0x40, 0x1F, 0x3F, 0x2A, 0x00, 0x01, 0x02, 0x00, 0x16,
    0x11, 0x21, 0x01, 0x0A, 0x07, 0x08, 0x03, 0x03, 0x09, 0x02, 0x05, 0x12, 0x00, 0x0C, 0x00, 0x09,
    0x0A, 0x2D, 0x0F, 0x04, 0x0C, 0x41, 0x43, 0x01, 0x01, 0x7F, 0x75, 0x00, 0x04, 0x00, 0x00, 0x00,
    0x00, 0x00, 0x00, 0x00, 0x00, 0x00, 0x00, 0x00, 0x00, 0x00, 0x00, 0x00, 0x00, 0x00, 0x00, 0x00,
    0x00, 0x30, 0x2D, 0x31, 0x2D, 0x32, 0x2F, 0x33, 0x2E, 0x34, 0x4C, 0x34, 0x4C, 0x34, 0x4C, 0x34,
    0x4C, 0x7F, 0x7F, 0x7F, 0x7F, 0x7F, 0x7F, 0x7F, 0x7F, 0x53, 0x57, 0x45, 0x45, 0x54, 0x20, 0x4D,
    0x55, 0x52, 0x43, 0x48, 0x49, 0x45, 0x44, 0x20, 0x20, 0x00, 0x40, 0x3D, 0x00, 0x00, 0x00, 0x01,
    0x00, 0x5F, 0x00, 0x00, 0x00, 0x00, 0x03, 0x00, 0x00, 0x00, 0x00, 0x00, 0x01, 0x00, 0x63, 0x00,
    0x00, 0x00, 0x00, 0x04, 0x00, 0x00, 0x00, 0x18, 0x18, 0x46, 0x00, 0x0B, 0x1E, 0x20, 0x4E, 0x7F,
    0x00, 0x2B, 0x00, 0x02, 0x04, 0x60, 0x3E, 0x39, 0x28, 0x00, 0x2F, 0x63, 0x14, 0x7F, 0x00, 0x00,
    0x00, 0x7F, 0x00, 0x00, 0x00, 0x0B, 0x00, 0x00, 0x01, 0x0C, 0x0B, 0x00, 0x43, 0x11, 0x00, 0x01,
    0x00, 0x00, 0x00, 0x00, 0x01, 0x40, 0x40, 0x40, 0x0C, 0x3F, 0x0E, 0x00, 0x03, 0x01, 0x00, 0x12,
    0x09, 0x14, 0x02, 0x00, 0x00, 0x00, 0x00, 0x03, 0x09, 0x02, 0x00, 0x00, 0x00, 0x00, 0x00, 0x10,
    0x04, 0x04, 0x0E, 0x00, 0x00, 0x00, 0x00, 0x01, 0x40, 0x00, 0x00, 0x00, 0x04, 0x00, 0x01, 0x00,
    0x00, 0x01, 0x00, 0x00, 0x00, 0x00, 0x00, 0x00, 0x00, 0x00, 0x00, 0x00, 0x00, 0x00, 0x00, 0x00,
    0x00, 0x00, 0x00, 0x00, 0x00, 0x00, 0x00, 0x00, 0x00, 0x40, 0x40, 0x40, 0x40, 0x40, 0x40, 0x40,
    0x40, 0x00, 0x00, 0x00, 0x00, 0x00, 0x00, 0x00, 0x00, 0x48, 0x49, 0x54, 0x20, 0x26, 0x20, 0x52,
    0x55, 0x4E, 0x20, 0x27, 0x30, 0x38, 0x20, 0x20, 0x20, 0x31, 0x44, 0x3E, 0x7F, 0x00, 0x00, 0x01,
    0x02, 0x56, 0x00, 0x40, 0x13, 0x00, 0x10, 0x0A, 0x00, 0x00, 0x00, 0x00, 0x00, 0x00, 0x2A, 0x00,
    0x01, 0x7F, 0x00, 0x01, 0x06, 0x00, 0x00, 0x0C, 0x0C, 0x41, 0x11, 0x0F, 0x2D, 0x56, 0x41, 0x7F,
    0x00, 0x00, 0x00, 0x02, 0x04, 0x00, 0x57, 0x2E, 0x64, 0x0F, 0x00, 0x1F, 0x4F, 0x00, 0x56, 0x00,
    0x00, 0x4C, 0x7F, 0x7F, 0x12, 0x1A, 0x00, 0x00, 0x01, 0x02, 0x0B, 0x00, 0x21, 0x7F, 0x00, 0x01,
    0x15, 0x07, 0x00, 0x00, 0x02, 0x40, 0x40, 0x40, 0x1F, 0x3F, 0x0A, 0x00, 0x01, 0x00, 0x00, 0x12,
    0x02, 0x40, 0x31, 0x0D, 0x00, 0x55, 0x00, 0x03, 0x09, 0x02, 0x00, 0x00, 0x00, 0x00, 0x00, 0x0B,
    0x12, 0x11, 0x07, 0x06, 0x05, 0x3F, 0x41, 0x01, 0x01, 0x2A, 0x5C, 0x00, 0x04, 0x00, 0x00, 0x00,
    0x00, 0x00, 0x00, 0x00, 0x00, 0x00, 0x00, 0x00, 0x00, 0x00, 0x00, 0x00, 0x00, 0x00, 0x00, 0x00,
    0x00, 0x15, 0x15, 0x15, 0x15, 0x15, 0x15, 0x15, 0x15, 0x00, 0x7F, 0x00, 0x7F, 0x00, 0x7F, 0x00,
    0x7F, 0x7F, 0x7F, 0x7F, 0x7F, 0x7F, 0x7F, 0x7F, 0x7F, 0x55, 0x53, 0x45, 0x4D, 0x4F, 0x44, 0x57,
    0x48, 0x45, 0x45, 0x4C, 0x26, 0x41, 0x52, 0x50, 0x47, 0x40, 0x44, 0x41, 0x7F, 0x00, 0x00, 0x00,
    0x00, 0x20, 0x00, 0x01, 0x02, 0x05, 0x01, 0x07, 0x09, 0x00, 0x00, 0x00, 0x00, 0x00, 0x3B, 0x00,
    0x02, 0x03, 0x26, 0x02, 0x06, 0x04, 0x00, 0x18, 0x18, 0x46, 0x00, 0x22, 0x51, 0x52, 0x3E, 0x7F,
    0x00, 0x00, 0x00, 0x00, 0x00, 0x29, 0x0F, 0x29, 0x51, 0x00, 0x20, 0x66, 0x2D, 0x61, 0x46, 0x17,
    0x46, 0x23, 0x7F, 0x46, 0x40, 0x7F, 0x00, 0x7F, 0x01, 0x0A, 0x00, 0x00, 0x06, 0x00, 0x00, 0x00,
    0x00, 0x02, 0x00, 0x01, 0x01, 0x40, 0x40, 0x40, 0x1F, 0x3F, 0x14, 0x00, 0x01, 0x03, 0x00, 0x13,
    0x11, 0x09, 0x1E, 0x0E, 0x0D, 0x3C, 0x0A, 0x03, 0x09, 0x02, 0x00, 0x00, 0x00, 0x00, 0x00, 0x18,
    0x0A, 0x21, 0x32, 0x0A, 0x0B, 0x47, 0x45, 0x01, 0x40, 0x58, 0x79, 0x00, 0x04, 0x00, 0x00, 0x00,
    0x00, 0x00, 0x00, 0x00, 0x00, 0x00, 0x00, 0x00, 0x00, 0x00, 0x00, 0x00, 0x00, 0x00, 0x00, 0x00,
    0x00, 0x32, 0x30, 0x33, 0x2E, 0x34, 0x31, 0x35, 0x2F, 0x20, 0x60, 0x20, 0x60, 0x20, 0x60, 0x20,
    0x60, 0x7F, 0x7F, 0x7F, 0x7F, 0x7F, 0x7F, 0x7F, 0x7F, 0x57, 0x48, 0x45, 0x4E, 0x20, 0x54, 0x48,
    0x45, 0x59, 0x20, 0x44, 0x4F, 0x55, 0x42, 0x54, 0x20, 0x40, 0x44, 0x41, 0x7F, 0x00, 0x00, 0x00,
    0x00, 0x20, 0x00, 0x01, 0x02, 0x05, 0x01, 0x07, 0x09, 0x00, 0x00, 0x00, 0x00, 0x00, 0x3B, 0x00,
    0x02, 0x03, 0x00, 0x02, 0x06, 0x00, 0x00, 0x18, 0x18, 0x45, 0x00, 0x52, 0x5A, 0x44, 0x7F, 0x42,
    0x00, 0x00, 0x00, 0x00, 0x04, 0x29, 0x00, 0x29, 0x51, 0x00, 0x00, 0x1D, 0x2D, 0x61, 0x46, 0x17,
    0x46, 0x23, 0x7F, 0x43, 0x40, 0x7F, 0x00, 0x7F, 0x01, 0x0A, 0x00, 0x02, 0x1D, 0x00, 0x01, 0x00,
    0x00, 0x02, 0x00, 0x01, 0x01, 0x40, 0x40, 0x40, 0x1F, 0x3F, 0x28, 0x00, 0x03, 0x01, 0x00, 0x13,
    0x11, 0x0D, 0x1E, 0x0E, 0x0D, 0x6E, 0x0F, 0x03, 0x09, 0x02, 0x00, 0x00, 0x00, 0x00, 0x00, 0x09,
    0x18, 0x03, 0x0D, 0x04, 0x05, 0x3D, 0x3D, 0x01, 0x01, 0x2D, 0x79, 0x7F, 0x04, 0x00, 0x00, 0x00,
    0x00, 0x00, 0x00, 0x00, 0x00, 0x00, 0x00, 0x00, 0x00, 0x00, 0x00, 0x00, 0x00, 0x00, 0x00, 0x00,
    0x00, 0x32, 0x2D, 0x33, 0x2B, 0x34, 0x2A, 0x35, 0x2F, 0x34, 0x4C, 0x34, 0x4C, 0x34, 0x4C, 0x34,
    0x4C, 0x4B, 0x5F, 0x49, 0x61, 0x47, 0x62, 0x4A, 0x5E, 0x49, 0x46, 0x20, 0x49, 0x54, 0x27, 0x53,
    0x20, 0x53, 0x54, 0x45, 0x56, 0x49, 0x45, 0x20, 0x20, 0x27, 0x44, 0x42, 0x63, 0x01, 0x00, 0x00,
    0x00, 0x20, 0x00, 0x01, 0x02, 0x05, 0x01, 0x07, 0x09, 0x00, 0x00, 0x00, 0x00, 0x00, 0x3B, 0x00,
    0x02, 0x03, 0x7F, 0x02, 0x06, 0x05, 0x00, 0x18, 0x18, 0x45, 0x00, 0x52, 0x5A, 0x76, 0x7C, 0x00,
    0x00, 0x00, 0x00, 0x00, 0x04, 0x3E, 0x00, 0x29, 0x51, 0x01, 0x00, 0x1D, 0x2D, 0x61, 0x46, 0x17,
    0x46, 0x23, 0x7F, 0x43, 0x40, 0x7F, 0x00, 0x7F, 0x01, 0x0A, 0x12, 0x02, 0x01, 0x0A, 0x00, 0x00,
    0x00, 0x02, 0x00, 0x01, 0x01, 0x40, 0x40, 0x40, 0x1F, 0x3F, 0x47, 0x00, 0x03, 0x02, 0x00, 0x13,
    0x11, 0x08, 0x20, 0x0E, 0x0D, 0x27, 0x1E, 0x03, 0x09, 0x02, 0x00, 0x00, 0x00, 0x00, 0x00, 0x18,
    0x0A, 0x08, 0x10, 0x04, 0x0B, 0x31, 0x5F, 0x01, 0x01, 0x2D, 0x7B, 0x7F, 0x04, 0x00, 0x00, 0x00,
    0x00, 0x00, 0x00, 0x00, 0x00, 0x00, 0x00, 0x00, 0x00, 0x00, 0x00, 0x00, 0x00, 0x00, 0x00, 0x00,
    0x00, 0x32, 0x2D, 0x33, 0x2B, 0x34, 0x2A, 0x35, 0x2F, 0x1F, 0x61, 0x1F, 0x61, 0x1F, 0x61, 0x1F,
    0x61, 0x4B, 0x5F, 0x49, 0x61, 0x47, 0x62, 0x4A, 0x5E, 0x49, 0x46, 0x20, 0x49, 0x54, 0x27, 0x53,
    0x20, 0x53, 0x54, 0x45, 0x56, 0x49, 0x45, 0x20, 0x32, 0x45, 0x44, 0x41, 0x7F, 0x00, 0x00, 0x00,
    0x00, 0x20, 0x00, 0x01, 0x02, 0x05, 0x01, 0x07, 0x09, 0x00, 0x00, 0x00, 0x00, 0x00, 0x3B, 0x00,
    0x02, 0x03, 0x7F, 0x02, 0x06, 0x05, 0x00, 0x18, 0x18, 0x47, 0x00, 0x3E, 0x5A, 0x54, 0x7C, 0x00,
    0x00, 0x00, 0x00, 0x00, 0x02, 0x29, 0x00, 0x29, 0x51, 0x00, 0x00, 0x1D, 0x2D, 0x61, 0x46, 0x17,
    0x46, 0x23, 0x7F, 0x48, 0x40, 0x7F, 0x00, 0x7F, 0x01, 0x0A, 0x12, 0x00, 0x05, 0x1E, 0x00, 0x00,
    0x00, 0x02, 0x00, 0x01, 0x01, 0x40, 0x40, 0x40, 0x1F, 0x3F, 0x2E, 0x00, 0x03, 0x00, 0x00, 0x09,
    0x0B, 0x1A, 0x10, 0x0E, 0x0D, 0x4D, 0x28, 0x03, 0x09, 0x02, 0x00, 0x00, 0x00, 0x00, 0x00, 0x0A,
    0x18, 0x05, 0x05, 0x00, 0x00, 0x00, 0x00, 0x01, 0x40, 0x2D, 0x79, 0x00, 0x04, 0x00, 0x00, 0x00,
    0x00, 0x00, 0x00, 0x00, 0x00, 0x00, 0x00, 0x00, 0x00, 0x00, 0x00, 0x00, 0x00, 0x00, 0x00, 0x00,
    0x00, 0x32, 0x2F, 0x33, 0x30, 0x34, 0x2D, 0x35, 0x2E, 0x49, 0x37, 0x49, 0x37, 0x49, 0x37, 0x49,
    0x37, 0x7F, 0x7F, 0x7F, 0x7F, 0x7F, 0x7F, 0x7F, 0x7F, 0x4D, 0x41, 0x47, 0x49, 0x43, 0x20, 0x48,
    0x49, 0x47, 0x48, 0x20, 0x50, 0x41, 0x53, 0x53, 0x20, 0x00, 0x40, 0x3D, 0x00, 0x00, 0x00, 0x01,
    0x00, 0x5F, 0x00, 0x00, 0x00, 0x00, 0x02, 0x00, 0x00, 0x00, 0x00, 0x00, 0x01, 0x00, 0x63, 0x00,
    0x00, 0x00, 0x00, 0x04, 0x01, 0x00, 0x00, 0x18, 0x18, 0x44, 0x00, 0x40, 0x1E, 0x26, 0x46, 0x7F,
    0x00, 0x2B, 0x00, 0x01, 0x04, 0x48, 0x35, 0x7F, 0x28, 0x00, 0x2D, 0x65, 0x7F, 0x00, 0x29, 0x00,
    0x19, 0x74, 0x00, 0x24, 0x00, 0x2D, 0x00, 0x00, 0x01, 0x0C, 0x00, 0x00, 0x1A, 0x00, 0x00, 0x01,
    0x00, 0x00, 0x00, 0x00, 0x01, 0x40, 0x40, 0x40, 0x0C, 0x3F, 0x0E, 0x00, 0x03, 0x01, 0x00, 0x12,
    0x09, 0x10, 0x02, 0x00, 0x00, 0x00, 0x00, 0x03, 0x09, 0x02, 0x00, 0x00, 0x00, 0x00, 0x00, 0x10,
    0x04, 0x05, 0x13, 0x0D, 0x0A, 0x45, 0x4F, 0x01, 0x40, 0x00, 0x00, 0x00, 0x04, 0x00, 0x00, 0x00,
    0x00, 0x07, 0x00, 0x00, 0x00, 0x00, 0x00, 0x00, 0x00, 0x00, 0x00, 0x00, 0x00, 0x00, 0x00, 0x00,
    0x00, 0x00, 0x00, 0x00, 0x00, 0x00, 0x00, 0x00, 0x00, 0x40, 0x40, 0x40, 0x40, 0x40, 0x40, 0x40,
    0x40, 0x00, 0x00, 0x00, 0x00, 0x00, 0x00, 0x00, 0x00, 0x53, 0x45, 0x4E, 0x49, 0x4C, 0x27, 0x53,
    0x20, 0x53, 0x59, 0x4E, 0x54, 0x48, 0x49, 0x20, 0x20, 0x48, 0x44, 0x41, 0x7F, 0x00, 0x00, 0x00,
    0x00, 0x20, 0x00, 0x01, 0x02, 0x05, 0x01, 0x07, 0x09, 0x00, 0x00, 0x00, 0x00, 0x00, 0x3B, 0x00,
    0x02, 0x05, 0x01, 0x02, 0x06, 0x01, 0x00, 0x24, 0x18, 0x46, 0x00, 0x66, 0x68, 0x4C, 0x7F, 0x7F,
    0x1A, 0x00, 0x21, 0x00, 0x04, 0x3A, 0x2B, 0x42, 0x51, 0x00, 0x00, 0x25, 0x00, 0x61, 0x21, 0x17,
    0x46, 0x23, 0x7F, 0x3F, 0x58, 0x75, 0x00, 0x7F, 0x01, 0x0A, 0x00, 0x00, 0x09, 0x00, 0x00, 0x00,
    0x00, 0x02, 0x00, 0x04, 0x01, 0x40, 0x40, 0x40, 0x1F, 0x3F, 0x14, 0x00, 0x02, 0x02, 0x00, 0x09,
    0x11, 0x45, 0x26, 0x0E, 0x0D, 0x46, 0x37, 0x03, 0x09, 0x02, 0x00, 0x00, 0x00, 0x00, 0x00, 0x18,
    0x16, 0x04, 0x0C, 0x00, 0x00, 0x00, 0x00, 0x01, 0x40, 0x5A, 0x79, 0x00, 0x04, 0x00, 0x00, 0x00,
    0x00, 0x00, 0x00, 0x00, 0x00, 0x00, 0x00, 0x00, 0x00, 0x00, 0x00, 0x00, 0x00, 0x00, 0x00, 0x00,
    0x00, 0x4B, 0x41, 0x4D, 0x3F, 0x49, 0x40, 0x4B, 0x3E, 0x34, 0x4C, 0x34, 0x4C, 0x34, 0x4C, 0x34,
    0x4C, 0x55, 0x5F, 0x53, 0x60, 0x52, 0x62, 0x57, 0x5E, 0x49, 0x20, 0x41, 0x4D, 0x20, 0x53, 0x49,
    0x4E, 0x47, 0x4C, 0x45, 0x2E, 0x2E, 0x2E, 0x20, 0x20, 0x00, 0x40, 0x40, 0x00, 0x03, 0x00, 0x00,
    0x00, 0x28, 0x00, 0x01, 0x14, 0x21, 0x01, 0x09, 0x0F, 0x00, 0x00, 0x00, 0x01, 0x00, 0x4D, 0x00,
    0x7F, 0x09, 0x50, 0x04, 0x0C, 0x02, 0x00, 0x18, 0x25, 0x3D, 0x10, 0x74, 0x79, 0x11, 0x00, 0x3A,
    0x00, 0x18, 0x00, 0x02, 0x06, 0x44, 0x57, 0x35, 0x44, 0x7F, 0x00, 0x7F, 0x00, 0x7F, 0x63, 0x1D,
    0x7F, 0x7F, 0x7F, 0x5A, 0x00, 0x14, 0x5A, 0x00, 0x01, 0x0B, 0x14, 0x09, 0x19, 0x00, 0x00, 0x00,
    0x00, 0x00, 0x01, 0x00, 0x01, 0x40, 0x40, 0x40, 0x64, 0x3F, 0x0A, 0x00, 0x03, 0x02, 0x00, 0x05,
    0x0C, 0x7F, 0x0C, 0x05, 0x06, 0x00, 0x00, 0x03, 0x09, 0x02, 0x00, 0x00, 0x00, 0x00, 0x00, 0x09,
    0x0A, 0x05, 0x23, 0x0B, 0x0A, 0x45, 0x38, 0x01, 0x01, 0x00, 0x55, 0x00, 0x04, 0x00, 0x01, 0x00,
    0x00, 0x01, 0x00, 0x00, 0x00, 0x00, 0x00, 0x00, 0x00, 0x00, 0x00, 0x00, 0x00, 0x00, 0x00, 0x00,
    0x00, 0x3A, 0x38, 0x35, 0x34, 0x32, 0x33, 0x36, 0x39, 0x46, 0x3D, 0x46, 0x3D, 0x46, 0x3D, 0x46,
    0x3D, 0x71, 0x73, 0x75, 0x77, 0x7A, 0x7B, 0x7D, 0x7F, 0x44, 0x45, 0x4C, 0x41, 0x59, 0x45, 0x44,
    0x20, 0x52, 0x45, 0x41, 0x4C, 0x49, 0x54, 0x59, 0x20, 0x45, 0x44, 0x41, 0x7F, 0x01, 0x00, 0x00,
    0x00, 0x5D, 0x00, 0x00, 0x00, 0x00, 0x01, 0x00, 0x00, 0x00, 0x00, 0x00, 0x00, 0x00, 0x15, 0x00,
    0x00, 0x08, 0x03, 0x02, 0x07, 0x09, 0x00, 0x18, 0x22, 0x41, 0x10, 0x31, 0x14, 0x63, 0x7F, 0x54,
    0x2F, 0x00, 0x00, 0x00, 0x00, 0x34, 0x4A, 0x7F, 0x00, 0x01, 0x18, 0x00, 0x7F, 0x00, 0x10, 0x28,
    0x14, 0x6E, 0x7F, 0x00, 0x3E, 0x37, 0x00, 0x00, 0x01, 0x0A, 0x00, 0x00, 0x0A, 0x00, 0x00, 0x01,
    0x01, 0x01, 0x01, 0x00, 0x01, 0x40, 0x40, 0x40, 0x1F, 0x3F, 0x1C, 0x00, 0x03, 0x02, 0x00, 0x12,
    0x10, 0x12, 0x08, 0x0D, 0x02, 0x70, 0x0D, 0x03, 0x09, 0x02, 0x00, 0x00, 0x00, 0x00, 0x00, 0x0A,
    0x18, 0x05, 0x05, 0x00, 0x00, 0x00, 0x00, 0x01, 0x40, 0x00, 0x78, 0x00, 0x04, 0x00, 0x00, 0x00,
    0x00, 0x00, 0x00, 0x00, 0x00, 0x00, 0x00, 0x00, 0x00, 0x00, 0x00, 0x00, 0x00, 0x00, 0x00, 0x00,
    0x00, 0x11, 0x12, 0x13, 0x14, 0x15, 0x16, 0x17, 0x18, 0x36, 0x4A, 0x36, 0x4A, 0x36, 0x4A, 0x36,
    0x4A, 0x0A, 0x0B, 0x0C, 0x0D, 0x0E, 0x0F, 0x10, 0x11, 0x4C, 0x45, 0x41, 0x52, 0x4E, 0x49, 0x4E,
    0x47, 0x20, 0x45, 0x46, 0x46, 0x45, 0x43, 0x54, 0x20, 0x00, 0x00, 0x40, 0x00, 0x00, 0x00, 0x00,
    0x00, 0x06, 0x00, 0x5A, 0x00, 0x00, 0x09, 0x00, 0x00, 0x00, 0x00, 0x00, 0x00, 0x00, 0x26, 0x00,
    0x3D, 0x00, 0x00, 0x08, 0x00, 0x00, 0x00, 0x18, 0x18, 0x45, 0x00, 0x05, 0x6E, 0x44, 0x7F, 0x7F,
    0x4A, 0x00, 0x00, 0x00, 0x04, 0x24, 0x64, 0x00, 0x29, 0x00, 0x24, 0x53, 0x5B, 0x00, 0x52, 0x24,
    0x2D, 0x72, 0x00, 0x52, 0x00, 0x5A, 0x40, 0x00, 0x00, 0x02, 0x00, 0x00, 0x00, 0x00, 0x00, 0x00,
    0x00, 0x07, 0x00, 0x01, 0x01, 0x40, 0x40, 0x28, 0x4B, 0x20, 0x0A, 0x00, 0x01, 0x02, 0x00, 0x10,
    0x17, 0x23, 0x7F, 0x10, 0x00, 0x00, 0x00, 0x03, 0x09, 0x02, 0x00, 0x11, 0x00, 0x00, 0x00, 0x07,
    0x16, 0x08, 0x26, 0x16, 0x0A, 0x37, 0x3C, 0x01, 0x40, 0x02, 0x02, 0x02, 0x00, 0x00, 0x00, 0x00,
    0x00, 0x00, 0x00, 0x00, 0x00, 0x00, 0x00, 0x00, 0x00, 0x00, 0x00, 0x00, 0x00, 0x00, 0x00, 0x00,
    0x00, 0x07, 0x07, 0x07, 0x07, 0x07, 0x07, 0x07, 0x07, 0x00, 0x72, 0x22, 0x4A, 0x36, 0x5E, 0x0E,
    0x7F, 0x00, 0x00, 0x00, 0x00, 0x00, 0x00, 0x00, 0x00, 0x4F, 0x44, 0x45, 0x32, 0x44, 0x41, 0x50,
    0x35, 0x57, 0x41, 0x48, 0x53, 0x57, 0x45, 0x45, 0x50, 0x2F, 0x44, 0x41, 0x6A, 0x03, 0x00, 0x00,
    0x00, 0x33, 0x00, 0x23, 0x00, 0x00, 0x10, 0x00, 0x00, 0x00, 0x00, 0x00, 0x00, 0x01, 0x53, 0x00,
    0x00, 0x00, 0x00, 0x09, 0x00, 0x00, 0x00, 0x00, 0x18, 0x40, 0x10, 0x2F, 0x3D, 0x11, 0x00, 0x7F,
    0x00, 0x00, 0x30, 0x02, 0x00, 0x2F, 0x7F, 0x7F, 0x00, 0x00, 0x00, 0x00, 0x00, 0x00, 0x00, 0x00,
    0x60, 0x0B, 0x7F, 0x00, 0x00, 0x5A, 0x00, 0x00, 0x00, 0x00, 0x00, 0x00, 0x00, 0x00, 0x00, 0x00,
    0x00, 0x07, 0x00, 0x04, 0x01, 0x40, 0x40, 0x28, 0x4B, 0x20, 0x0A, 0x00, 0x01, 0x02, 0x00, 0x13,
    0x0A, 0x61, 0x01, 0x0D, 0x0B, 0x13, 0x07, 0x03, 0x09, 0x00, 0x1F, 0x00, 0x00, 0x00, 0x00, 0x17,
    0x16, 0x7F, 0x07, 0x04, 0x05, 0x36, 0x36, 0x01, 0x01, 0x00, 0x73, 0x00, 0x03, 0x00, 0x00, 0x00,
    0x00, 0x00, 0x00, 0x00, 0x00, 0x00, 0x00, 0x00, 0x00, 0x00, 0x00, 0x00, 0x00, 0x00, 0x00, 0x00,
    0x00, 0x07, 0x07, 0x07, 0x07, 0x07, 0x07, 0x07, 0x07, 0x2C, 0x54, 0x2C, 0x54, 0x2C, 0x54, 0x2C,
    0x54, 0x00, 0x00, 0x00, 0x00, 0x00, 0x00, 0x00, 0x00, 0x54, 0x4F, 0x55, 0x43, 0x48, 0x20, 0x54,
    0x48, 0x41, 0x41, 0x20, 0x53, 0x4B, 0x59, 0x20, 0x20, 0x4E, 0x44, 0x41, 0x7F, 0x00, 0x00, 0x00,
    0x00, 0x57, 0x00, 0x00, 0x00, 0x00, 0x01, 0x00, 0x00, 0x00, 0x00, 0x00, 0x00, 0x00, 0x78, 0x00,
    0x00, 0x00, 0x00, 0x00, 0x00, 0x00, 0x00, 0x18, 0x11, 0x40, 0x10, 0x3E, 0x3D, 0x32, 0x7F, 0x00,
    0x00, 0x00, 0x00, 0x00, 0x04, 0x1A, 0x32, 0x2E, 0x4D, 0x00, 0x1C, 0x29, 0x7F, 0x00, 0x2A, 0x2B,
    0x00, 0x7F, 0x00, 0x1A, 0x00, 0x2D, 0x13, 0x00, 0x01, 0x0B, 0x00, 0x00, 0x6B, 0x00, 0x00, 0x00,
    0x00, 0x00, 0x00, 0x01, 0x01, 0x40, 0x40, 0x40, 0x1F, 0x3F, 0x15, 0x00, 0x01, 0x02, 0x00, 0x12,
    0x10, 0x09, 0x03, 0x05, 0x09, 0x21, 0x0D, 0x03, 0x09, 0x02, 0x00, 0x00, 0x00, 0x00, 0x00, 0x0A,
    0x00, 0x02, 0x00, 0x04, 0x05, 0x3E, 0x3E, 0x01, 0x01, 0x3B, 0x70, 0x00, 0x04, 0x00, 0x00, 0x00,
    0x00, 0x00, 0x00, 0x00, 0x00, 0x00, 0x00, 0x00, 0x00, 0x00, 0x00, 0x00, 0x00, 0x00, 0x00, 0x00,
    0x00, 0x0F, 0x10, 0x11, 0x12, 0x13, 0x14, 0x15, 0x16, 0x34, 0x4C, 0x34, 0x4C, 0x34, 0x4C, 0x34,
    0x4C, 0x32, 0x31, 0x30, 0x2F, 0x2E, 0x2D, 0x2C, 0x2B, 0x4D, 0x59, 0x20, 0x4C, 0x4F, 0x56, 0x45,
    0x4C, 0x59, 0x20, 0x48, 0x4F, 0x52, 0x4E, 0x20, 0x20, 0x41, 0x44, 0x3F, 0x7E, 0x00, 0x00, 0x00,
    0x00, 0x57, 0x00, 0x00, 0x00, 0x00, 0x01, 0x00, 0x00, 0x00, 0x00, 0x00, 0x00, 0x00, 0x7F, 0x00,
    0x00, 0x00, 0x00, 0x00, 0x00, 0x01, 0x00, 0x18, 0x18, 0x31, 0x10, 0x3E, 0x3D, 0x22, 0x7F, 0x00,
    0x00, 0x00, 0x00, 0x00, 0x04, 0x00, 0x32, 0x2E, 0x4D, 0x00, 0x15, 0x29, 0x7F, 0x00, 0x2A, 0x0E,
    0x00, 0x7F, 0x00, 0x1A, 0x00, 0x32, 0x1D, 0x00, 0x01, 0x0B, 0x14, 0x09, 0x39, 0x00, 0x00, 0x00,
    0x00, 0x00, 0x00, 0x01, 0x01, 0x40, 0x40, 0x40, 0x1F, 0x3F, 0x0C, 0x00, 0x03, 0x02, 0x00, 0x12,
    0x10, 0x0A, 0x03, 0x05, 0x09, 0x4E, 0x1C, 0x03, 0x09, 0x02, 0x00, 0x00, 0x00, 0x00, 0x00, 0x0A,
    0x0B, 0x04, 0x09, 0x04, 0x05, 0x3D, 0x3D, 0x01, 0x01, 0x3B, 0x70, 0x00, 0x04, 0x00, 0x00, 0x00,
    0x00, 0x00, 0x00, 0x00, 0x00, 0x00, 0x00, 0x00, 0x00, 0x00, 0x00, 0x00, 0x00, 0x00, 0x00, 0x00,
    0x00, 0x0F, 0x0E, 0x0D, 0x0C, 0x0B, 0x0A, 0x09, 0x08, 0x3E, 0x42, 0x3E, 0x42, 0x3E, 0x42, 0x3E,
    0x42, 0x23, 0x22, 0x21, 0x20, 0x1F, 0x1E, 0x1D, 0x1C, 0x4D, 0x59, 0x20, 0x4C, 0x4F, 0x56, 0x45,
    0x4C, 0x59, 0x20, 0x48, 0x4F, 0x52, 0x4E, 0x20, 0x32, 0x40, 0x44, 0x41, 0x7F, 0x00, 0x00, 0x00,
    0x00, 0x20, 0x00, 0x01, 0x02, 0x05, 0x01, 0x07, 0x09, 0x00, 0x00, 0x00, 0x00, 0x00, 0x3B, 0x00,
    0x02, 0x03, 0x00, 0x02, 0x06, 0x00, 0x00, 0x18, 0x18, 0x3C, 0x00, 0x52, 0x5A, 0x44, 0x7F, 0x7F,
    0x00, 0x00, 0x00, 0x02, 0x04, 0x3C, 0x07, 0x7F, 0x1B, 0x00, 0x2A, 0x59, 0x2D, 0x61, 0x53, 0x17,
    0x46, 0x23, 0x7F, 0x43, 0x40, 0x7F, 0x00, 0x7F, 0x01, 0x0A, 0x06, 0x00, 0x09, 0x75, 0x00, 0x00,
    0x00, 0x02, 0x00, 0x01, 0x01, 0x40, 0x40, 0x40, 0x1F, 0x3F, 0x1D, 0x00, 0x03, 0x01, 0x00, 0x13,
    0x11, 0x0A, 0x1E, 0x0E, 0x0D, 0x41, 0x0F, 0x03, 0x09, 0x02, 0x00, 0x00, 0x00, 0x00, 0x00, 0x0C,
    0x05, 0x0C, 0x02, 0x17, 0x0A, 0x4C, 0x3E, 0x01, 0x01, 0x2D, 0x79, 0x00, 0x04, 0x00, 0x00, 0x00,
    0x00, 0x00, 0x00, 0x00, 0x00, 0x00, 0x00, 0x00, 0x00, 0x00, 0x00, 0x00, 0x00, 0x00, 0x00, 0x00,
    0x00, 0x32, 0x32, 0x32, 0x32, 0x32, 0x32, 0x32, 0x32, 0x34, 0x4A, 0x34, 0x4A, 0x34, 0x4A, 0x34,
    0x4A, 0x52, 0x52, 0x52, 0x52, 0x52, 0x52, 0x52, 0x52, 0x45, 0x54, 0x45, 0x56, 0x49, 0x45, 0x4E,
    0x20, 0x20, 0x20, 0x20, 0x20, 0x20, 0x20, 0x20, 0x20, 0x41, 0x44, 0x3F, 0x7E, 0x00, 0x00, 0x00,
    0x00, 0x58, 0x00, 0x00, 0x00, 0x00, 0x02, 0x00, 0x00, 0x00, 0x00, 0x00, 0x00, 0x00, 0x7F, 0x00,
    0x00, 0x00, 0x00, 0x00, 0x00, 0x01, 0x00, 0x18, 0x18, 0x42, 0x00, 0x3E, 0x7F, 0x62, 0x7F, 0x00,
    0x00, 0x00, 0x00, 0x00, 0x00, 0x2B, 0x36, 0x2E, 0x4D, 0x01, 0x15, 0x29, 0x7F, 0x00, 0x2A, 0x0E,
    0x00, 0x7F, 0x00, 0x1D, 0x16, 0x2C, 0x00, 0x00, 0x00, 0x00, 0x0B, 0x13, 0x00, 0x23, 0x07, 0x00,
    0x00, 0x00, 0x00, 0x01, 0x01, 0x40, 0x40, 0x40, 0x1F, 0x3F, 0x11, 0x00, 0x03, 0x00, 0x00, 0x12,
    0x10, 0x0C, 0x02, 0x05, 0x09, 0x7D, 0x1C, 0x03, 0x09, 0x02, 0x00, 0x00, 0x00, 0x00, 0x00, 0x00,
    0x00, 0x00, 0x00, 0x00, 0x00, 0x00, 0x00, 0x00, 0x40, 0x3B, 0x75, 0x00, 0x04, 0x00, 0x00, 0x00,
    0x00, 0x00, 0x00, 0x00, 0x00, 0x00, 0x00, 0x00, 0x00, 0x00, 0x00, 0x00, 0x00, 0x00, 0x00, 0x00,
    0x00, 0x0F, 0x10, 0x11, 0x12, 0x13, 0x14, 0x15, 0x16, 0x3B, 0x45, 0x3B, 0x45, 0x3B, 0x45, 0x3B,
    0x45, 0x1E, 0x1D, 0x1C, 0x1B, 0x1A, 0x19, 0x18, 0x17, 0x43, 0x53, 0x2D, 0x38, 0x30, 0x20, 0x32,
    0x32, 0x30, 0x20, 0x48, 0x4F, 0x52, 0x4E, 0x53, 0x20, 0x00, 0x40, 0x3D, 0x00, 0x00, 0x00, 0x01,
    0x00, 0x58, 0x00, 0x00, 0x00, 0x00, 0x01, 0x00, 0x00, 0x00, 0x00, 0x00, 0x01, 0x00, 0x26, 0x00,
    0x1B, 0x00, 0x00, 0x07, 0x00, 0x00, 0x00, 0x18, 0x18, 0x45, 0x00, 0x58, 0x13, 0x64, 0x7F, 0x5E,
    0x00, 0x08, 0x00, 0x02, 0x04, 0x7F, 0x1E, 0x23, 0x41, 0x03, 0x18, 0x4A, 0x00, 0x00, 0x04, 0x00,
    0x12, 0x76, 0x00, 0x3D, 0x10, 0x33, 0x00, 0x00, 0x01, 0x0B, 0x00, 0x00, 0x1D, 0x00, 0x00, 0x01,
    0x00, 0x00, 0x01, 0x03, 0x01, 0x40, 0x40, 0x40, 0x32, 0x3F, 0x2E, 0x00, 0x01, 0x04, 0x00, 0x12,
    0x10, 0x15, 0x09, 0x0D, 0x02, 0x00, 0x00, 0x03, 0x09, 0x02, 0x00, 0x00, 0x00, 0x00, 0x00, 0x09,
    0x0C, 0x05, 0x05, 0x06, 0x0A, 0x3D, 0x54, 0x01, 0x01, 0x00, 0x00, 0x00, 0x04, 0x00, 0x00, 0x00,
    0x00, 0x00, 0x00, 0x00, 0x00, 0x00, 0x00, 0x00, 0x00, 0x00, 0x00, 0x00, 0x00, 0x00, 0x00, 0x00,
    0x00, 0x00, 0x00, 0x00, 0x00, 0x00, 0x00, 0x00, 0x00, 0x40, 0x40, 0x40, 0x40, 0x40, 0x40, 0x40,
    0x40, 0x00, 0x00, 0x00, 0x00, 0x00, 0x00, 0x00, 0x00, 0x4A, 0x50, 0x20, 0x49, 0x4E, 0x46, 0x4F,
    0x52, 0x4D, 0x45, 0x44, 0x20, 0x20, 0x20, 0x20, 0x20, 0x3E, 0x44, 0x41, 0x55, 0x00, 0x00, 0x00,
    0x00, 0x57, 0x02, 0x00, 0x00, 0x00, 0x01, 0x01, 0x00, 0x00, 0x00, 0x00, 0x00, 0x00, 0x33, 0x08,
    0x01, 0x00, 0x00, 0x02, 0x00, 0x00, 0x00, 0x18, 0x18, 0x43, 0x00, 0x3D, 0x45, 0x42, 0x63, 0x7F,
    0x00, 0x00, 0x00, 0x02, 0x00, 0x13, 0x62, 0x40, 0x3E, 0x00, 0x2B, 0x56, 0x7F, 0x00, 0x39, 0x16,
    0x00, 0x77, 0x00, 0x4B, 0x00, 0x32, 0x20, 0x00, 0x00, 0x0B, 0x00, 0x00, 0x36, 0x00, 0x00, 0x00,
    0x00, 0x02, 0x01, 0x04, 0x01, 0x40, 0x40, 0x40, 0x1F, 0x3F, 0x13, 0x00, 0x01, 0x02, 0x00, 0x12,
    0x10, 0x09, 0x08, 0x05, 0x07, 0x12, 0x04, 0x03, 0x09, 0x02, 0x00, 0x11, 0x00, 0x3F, 0x00, 0x09,
    0x0A, 0x02, 0x07, 0x0A, 0x0C, 0x3F, 0x42, 0x01, 0x40, 0x58, 0x7E, 0x00, 0x04, 0x00, 0x00, 0x00,
    0x00, 0x00, 0x00, 0x00, 0x00, 0x00, 0x00, 0x00, 0x00, 0x00, 0x00, 0x00, 0x00, 0x00, 0x00, 0x00,
    0x00, 0x19, 0x17, 0x1A, 0x18, 0x15, 0x1B, 0x14, 0x16, 0x34, 0x58, 0x34, 0x58, 0x34, 0x58, 0x34,
    0x58, 0x4B, 0x44, 0x55, 0x4B, 0x54, 0x46, 0x55, 0x4B, 0x43, 0x48, 0x4F, 0x43, 0x48, 0x4F, 0x4C,
    0x41, 0x54, 0x45, 0x20, 0x54, 0x4F, 0x55, 0x43, 0x48, 0x3F, 0x44, 0x3F, 0x7F, 0x00, 0x00, 0x00,
    0x00, 0x57, 0x00, 0x00, 0x00, 0x00, 0x01, 0x00, 0x00, 0x00, 0x00, 0x00, 0x00, 0x00, 0x78, 0x00,
    0x00, 0x00, 0x00, 0x00, 0x00, 0x00, 0x00, 0x18, 0x20, 0x40, 0x10, 0x3E, 0x3D, 0x44, 0x7F, 0x00,
    0x00, 0x00, 0x00, 0x00, 0x04, 0x00, 0x32, 0x2E, 0x4D, 0x00, 0x1C, 0x29, 0x7F, 0x00, 0x39, 0x2B,
    0x00, 0x7F, 0x00, 0x31, 0x02, 0x25, 0x12, 0x00, 0x01, 0x0B, 0x00, 0x00, 0x6B, 0x00, 0x00, 0x00,
    0x00, 0x00, 0x00, 0x01, 0x01, 0x40, 0x40, 0x40, 0x1F, 0x3F, 0x14, 0x00, 0x03, 0x00, 0x00, 0x12,
    0x10, 0x09, 0x06, 0x05, 0x09, 0x3A, 0x1C, 0x03, 0x09, 0x02, 0x00, 0x00, 0x00, 0x00, 0x00, 0x0A,
    0x0B, 0x04, 0x08, 0x0A, 0x00, 0x42, 0x40, 0x01, 0x40, 0x3B, 0x70, 0x00, 0x04, 0x00, 0x00, 0x00,
    0x00, 0x00, 0x00, 0x00, 0x00, 0x00, 0x00, 0x00, 0x00, 0x00, 0x00, 0x00, 0x00, 0x00, 0x00, 0x00,
    0x00, 0x0F, 0x14, 0x0E, 0x15, 0x0D, 0x12, 0x10, 0x13, 0x20, 0x60, 0x20, 0x60, 0x20, 0x60, 0x20,
    0x60, 0x32, 0x34, 0x31, 0x33, 0x36, 0x35, 0x32, 0x30, 0x4D, 0x59, 0x20, 0x4C, 0x4F, 0x56, 0x45,
    0x4C, 0x59, 0x20, 0x52, 0x45, 0x45, 0x44, 0x20, 0x20, 0x05, 0x41, 0x40, 0x00, 0x00, 0x00, 0x00,
    0x00, 0x57, 0x00, 0x00, 0x00, 0x00, 0x01, 0x00, 0x00, 0x00, 0x00, 0x00, 0x00, 0x00, 0x49, 0x00,
    0x01, 0x00, 0x00, 0x02, 0x00, 0x00, 0x00, 0x18, 0x18, 0x40, 0x00, 0x35, 0x3D, 0x44, 0x7F, 0x34,
    0x00, 0x00, 0x00, 0x00, 0x04, 0x00, 0x32, 0x2E, 0x4D, 0x00, 0x1C, 0x29, 0x7F, 0x00, 0x39, 0x2B,
    0x00, 0x7F, 0x00, 0x31, 0x02, 0x25, 0x12, 0x00, 0x01, 0x0B, 0x14, 0x09, 0x61, 0x00, 0x00, 0x00,
    0x00, 0x00, 0x00, 0x01, 0x01, 0x40, 0x40, 0x40, 0x1F, 0x3F, 0x28, 0x00, 0x01, 0x00, 0x00, 0x12,
    0x10, 0x09, 0x0B, 0x05, 0x09, 0x3A, 0x1C, 0x03, 0x09, 0x02, 0x00, 0x00, 0x00, 0x00, 0x00, 0x05,
    0x18, 0x7F, 0x0B, 0x00, 0x00, 0x00, 0x00, 0x01, 0x40, 0x3B, 0x7B, 0x00, 0x04, 0x00, 0x00, 0x00,
    0x00, 0x00, 0x00, 0x00, 0x00, 0x00, 0x00, 0x00, 0x00, 0x00, 0x00, 0x00, 0x00, 0x00, 0x00, 0x00,
    0x00, 0x0F, 0x14, 0x0E, 0x15, 0x0D, 0x12, 0x10, 0x13, 0x00, 0x7F, 0x00, 0x7F, 0x00, 0x7F, 0x00,
    0x7F, 0x5A, 0x55, 0x5A, 0x55, 0x5A, 0x55, 0x5A, 0x55, 0x4D, 0x59, 0x20, 0x4C, 0x4F, 0x56, 0x45,
    0x4C, 0x59, 0x20, 0x52, 0x45, 0x45, 0x44, 0x41, 0x20, 0x06, 0x41, 0x40, 0x00, 0x00, 0x00, 0x00,
    0x00, 0x5A, 0x00, 0x00, 0x02, 0x00, 0x01, 0x09, 0x00, 0x00, 0x00, 0x00, 0x00, 0x00, 0x2D, 0x00,
    0x00, 0x0F, 0x00, 0x01, 0x02, 0x00, 0x00, 0x18, 0x21, 0x42, 0x10, 0x10, 0x3D, 0x44, 0x7F, 0x37,
    0x00, 0x00, 0x00, 0x02, 0x04, 0x00, 0x32, 0x2E, 0x4D, 0x00, 0x1C, 0x29, 0x7F, 0x00, 0x39, 0x2B,
    0x00, 0x7F, 0x00, 0x31, 0x02, 0x25, 0x0E, 0x00, 0x01, 0x0B, 0x14, 0x09, 0x73, 0x00, 0x00, 0x00,
    0x00, 0x00, 0x00, 0x02, 0x01, 0x40, 0x40, 0x40, 0x1F, 0x3F, 0x1A, 0x00, 0x03, 0x04, 0x00, 0x12,
    0x10, 0x08, 0x05, 0x05, 0x09, 0x68, 0x1C, 0x03, 0x09, 0x02, 0x00, 0x00, 0x00, 0x00, 0x00, 0x0C,
    0x02, 0x09, 0x05, 0x04, 0x05, 0x3E, 0x42, 0x01, 0x01, 0x49, 0x76, 0x00, 0x04, 0x00, 0x00, 0x00,
    0x00, 0x00, 0x00, 0x00, 0x00, 0x00, 0x00, 0x00, 0x00, 0x00, 0x00, 0x00, 0x00, 0x00, 0x00, 0x00,
    0x00, 0x0F, 0x14, 0x0E, 0x15, 0x0D, 0x12, 0x10, 0x13, 0x20, 0x60, 0x20, 0x60, 0x20, 0x60, 0x20,
    0x60, 0x5B, 0x55, 0x5C, 0x57, 0x5A, 0x58, 0x59, 0x56, 0x4C, 0x4F, 0x55, 0x27, 0x53, 0x20, 0x52,
    0x45, 0x45, 0x44, 0x20, 0x20, 0x20, 0x20, 0x20, 0x20, 0x06, 0x40, 0x30, 0x40, 0x00, 0x00, 0x00,
    0x00, 0x3E, 0x00, 0x00, 0x00, 0x00, 0x01, 0x00, 0x00, 0x00, 0x00, 0x00, 0x00, 0x00, 0x25, 0x00,
    0x6E, 0x00, 0x00, 0x06, 0x00, 0x00, 0x00, 0x18, 0x18, 0x48, 0x00, 0x16, 0x60, 0x44, 0x7F, 0x30,
    0x00, 0x00, 0x00, 0x00, 0x03, 0x37, 0x02, 0x2E, 0x0D, 0x00, 0x1C, 0x29, 0x7F, 0x00, 0x10, 0x2B,
    0x00, 0x5D, 0x3C, 0x54, 0x02, 0x25, 0x12, 0x00, 0x01, 0x0B, 0x14, 0x09, 0x62, 0x00, 0x00, 0x00,
    0x00, 0x00, 0x01, 0x01, 0x01, 0x40, 0x40, 0x40, 0x1F, 0x3F, 0x27, 0x00, 0x03, 0x01, 0x00, 0x18,
    0x10, 0x0C, 0x0A, 0x05, 0x09, 0x3A, 0x1C, 0x03, 0x09, 0x02, 0x00, 0x00, 0x00, 0x00, 0x00, 0x0A,
    0x00, 0x66, 0x00, 0x17, 0x16, 0x4C, 0x3E, 0x01, 0x01, 0x37, 0x70, 0x00, 0x04, 0x00, 0x00, 0x00,
    0x00, 0x00, 0x00, 0x00, 0x00, 0x00, 0x00, 0x00, 0x00, 0x00, 0x00, 0x00, 0x00, 0x00, 0x00, 0x00,
    0x00, 0x0F, 0x11, 0x0E, 0x14, 0x0D, 0x12, 0x10, 0x13, 0x28, 0x58, 0x28, 0x58, 0x28, 0x58, 0x28,
    0x58, 0x5A, 0x55, 0x5A, 0x55, 0x5A, 0x55, 0x5A, 0x55, 0x46, 0x4F, 0x52, 0x47, 0x4F, 0x54, 0x54,
    0x45, 0x4E, 0x20, 0x50, 0x41, 0x49, 0x4E, 0x53, 0x20, 0x13, 0x40, 0x30, 0x40, 0x00, 0x00, 0x00,
    0x00, 0x32, 0x00, 0x01, 0x26, 0x00, 0x01, 0x02, 0x00, 0x00, 0x00, 0x00, 0x00, 0x00, 0x14, 0x00,
    0x19, 0x00, 0x00, 0x02, 0x00, 0x00, 0x00, 0x18, 0x20, 0x40, 0x10, 0x3E, 0x3D, 0x33, 0x1B, 0x7F,
    0x00, 0x00, 0x00, 0x02, 0x04, 0x2D, 0x47, 0x5C, 0x00, 0x00, 0x00, 0x29, 0x00, 0x00, 0x00, 0x1B,
    0x00, 0x7F, 0x6C, 0x3D, 0x59, 0x14, 0x5A, 0x00, 0x01, 0x01, 0x14, 0x09, 0x00, 0x00, 0x00, 0x00,
    0x00, 0x00, 0x00, 0x02, 0x01, 0x40, 0x40, 0x40, 0x1F, 0x3F, 0x22, 0x00, 0x03, 0x00, 0x00, 0x12,
    0x10, 0x0A, 0x2D, 0x00, 0x00, 0x00, 0x00, 0x02, 0x09, 0x02, 0x00, 0x00, 0x00, 0x00, 0x00, 0x02,
    0x0C, 0x03, 0x09, 0x0A, 0x0D, 0x3D, 0x43, 0x01, 0x01, 0x00, 0x64, 0x00, 0x04, 0x00, 0x00, 0x00,
    0x00, 0x00, 0x00, 0x00, 0x00, 0x00, 0x00, 0x00, 0x00, 0x00, 0x00, 0x00, 0x00, 0x00, 0x00, 0x00,
    0x00, 0x00, 0x00, 0x00, 0x00, 0x00, 0x00, 0x00, 0x00, 0x00, 0x7F, 0x10, 0x70, 0x1C, 0x64, 0x28,
    0x58, 0x00, 0x00, 0x00, 0x00, 0x00, 0x00, 0x00, 0x00, 0x52, 0x49, 0x54, 0x55, 0x41, 0x4C, 0x20,
    0x4D, 0x45, 0x4D, 0x4F, 0x52, 0x59, 0x20, 0x20, 0x20, 0x0C, 0x00, 0x30, 0x40, 0x00, 0x00, 0x00,
    0x00, 0x5E, 0x00, 0x05, 0x00, 0x00, 0x02, 0x00, 0x00, 0x00, 0x00, 0x00, 0x00, 0x00, 0x24, 0x00,
    0x01, 0x04, 0x19, 0x01, 0x09, 0x0F, 0x00, 0x18, 0x18, 0x47, 0x00, 0x24, 0x21, 0x25, 0x65, 0x7F,
    0x00, 0x00, 0x00, 0x00, 0x06, 0x7F, 0x0E, 0x46, 0x2D, 0x02, 0x06, 0x14, 0x00, 0x6F, 0x3D, 0x32,
    0x20, 0x7F, 0x7F, 0x50, 0x15, 0x51, 0x00, 0x17, 0x50, 0x0A, 0x00, 0x00, 0x5D, 0x00, 0x00, 0x00,
    0x00, 0x00, 0x01, 0x01, 0x02, 0x40, 0x40, 0x40, 0x27, 0x3F, 0x0A, 0x00, 0x01, 0x03, 0x00, 0x0F,
    0x0A, 0x7F, 0x07, 0x0A, 0x06, 0x07, 0x6E, 0x03, 0x09, 0x02, 0x00, 0x11, 0x00, 0x3F, 0x00, 0x06,
    0x00, 0x02, 0x00, 0x04, 0x04, 0x54, 0x52, 0x01, 0x01, 0x7F, 0x00, 0x00, 0x04, 0x00, 0x00, 0x00,
    0x00, 0x00, 0x00, 0x00, 0x00, 0x00, 0x00, 0x00, 0x00, 0x00, 0x00, 0x00, 0x00, 0x00, 0x00, 0x00,
    0x00, 0x46, 0x47, 0x49, 0x4A, 0x4B, 0x4C, 0x4D, 0x4E, 0x10, 0x20, 0x28, 0x30, 0x30, 0x50, 0x58,
    0x60, 0x32, 0x32, 0x32, 0x32, 0x32, 0x32, 0x32, 0x32, 0x4C, 0x4F, 0x43, 0x41, 0x4C, 0x20, 0x53,
    0x54, 0x52, 0x41, 0x4E, 0x47, 0x53, 0x20, 0x20, 0x20, 0x1D, 0x44, 0x41, 0x7F, 0x00, 0x00, 0x02,
    0x00, 0x04, 0x00, 0x01, 0x53, 0x7E, 0x02, 0x09, 0x05, 0x00, 0x00, 0x00, 0x02, 0x00, 0x5A, 0x00,
    0x01, 0x07, 0x7F, 0x03, 0x07, 0x04, 0x00, 0x18, 0x18, 0x47, 0x00, 0x23, 0x3A, 0x56, 0x3A, 0x7F,
    0x00, 0x1C, 0x13, 0x02, 0x06, 0x41, 0x00, 0x75, 0x0C, 0x00, 0x09, 0x7F, 0x38, 0x00, 0x36, 0x3C,
    0x00, 0x7F, 0x00, 0x63, 0x2F, 0x5B, 0x00, 0x00, 0x7F, 0x13, 0x0A, 0x00, 0x1F, 0x7B, 0x00, 0x00,
    0x00, 0x00, 0x01, 0x04, 0x01, 0x40, 0x40, 0x40, 0x6B, 0x3F, 0x15, 0x00, 0x02, 0x00, 0x00, 0x12,
    0x10, 0x02, 0x0F, 0x13, 0x0B, 0x05, 0x19, 0x03, 0x09, 0x02, 0x00, 0x00, 0x00, 0x00, 0x00, 0x0C,
    0x0B, 0x05, 0x0B, 0x06, 0x05, 0x43, 0x3E, 0x01, 0x01, 0x00, 0x00, 0x00, 0x04, 0x00, 0x00, 0x00,
    0x00, 0x00, 0x00, 0x00, 0x00, 0x00, 0x00, 0x00, 0x00, 0x00, 0x00, 0x00, 0x00, 0x00, 0x00, 0x00,
    0x00, 0x37, 0x36, 0x35, 0x34, 0x33, 0x32, 0x31, 0x30, 0x31, 0x4F, 0x4F, 0x31, 0x4F, 0x31, 0x4F,
    0x31, 0x17, 0x17, 0x16, 0x17, 0x17, 0x17, 0x17, 0x17, 0x53, 0x57, 0x45, 0x50, 0x54, 0x55, 0x50,
    0x20, 0x20, 0x20, 0x20, 0x20, 0x20, 0x20, 0x20, 0x20, 0x3E, 0x44, 0x41, 0x55, 0x00, 0x00, 0x00,
    0x00, 0x47, 0x02, 0x01, 0x02, 0x0D, 0x01, 0x09, 0x07, 0x00, 0x01, 0x00, 0x00, 0x00, 0x2B, 0x08,
    0x01, 0x05, 0x21, 0x02, 0x10, 0x06, 0x00, 0x18, 0x18, 0x38, 0x00, 0x3E, 0x40, 0x66, 0x7F, 0x7F,
    0x08, 0x00, 0x00, 0x02, 0x00, 0x00, 0x4A, 0x7F, 0x3C, 0x00, 0x3B, 0x4F, 0x7F, 0x00, 0x54, 0x15,
    0x33, 0x7F, 0x00, 0x4E, 0x47, 0x22, 0x7F, 0x00, 0x37, 0x00, 0x14, 0x00, 0x00, 0x53, 0x00, 0x00,
    0x00, 0x02, 0x01, 0x01, 0x01, 0x40, 0x40, 0x40, 0x1F, 0x3F, 0x13, 0x00, 0x01, 0x02, 0x00, 0x12,
    0x0A, 0x07, 0x01, 0x00, 0x00, 0x00, 0x00, 0x03, 0x09, 0x02, 0x00, 0x00, 0x00, 0x00, 0x00, 0x17,
    0x16, 0x7F, 0x0C, 0x04, 0x05, 0x35, 0x35, 0x01, 0x01, 0x00, 0x6E, 0x00, 0x02, 0x00, 0x00, 0x00,
    0x00, 0x5A, 0x00, 0x00, 0x00, 0x00, 0x00, 0x00, 0x00, 0x00, 0x00, 0x00, 0x00, 0x00, 0x00, 0x00,
    0x00, 0x19, 0x17, 0x1A, 0x18, 0x15, 0x1B, 0x14, 0x16, 0x34, 0x58, 0x28, 0x4C, 0x34, 0x58, 0x28,
    0x4C, 0x4B, 0x4B, 0x4B, 0x4B, 0x4B, 0x4B, 0x4B, 0x4B, 0x4F, 0x42, 0x49, 0x45, 0x20, 0x53, 0x54,
    0x52, 0x49, 0x4E, 0x47, 0x53, 0x20, 0x20, 0x20, 0x20, 0x39, 0x44, 0x41, 0x7D, 0x03, 0x00, 0x00,
    0x00, 0x18, 0x02, 0x00, 0x00, 0x00, 0x01, 0x02, 0x00, 0x00, 0x00, 0x00, 0x00, 0x00, 0x15, 0x08,
    0x0A, 0x10, 0x01, 0x06, 0x07, 0x01, 0x00, 0x18, 0x24, 0x49, 0x03, 0x62, 0x13, 0x66, 0x6C, 0x5F,
    0x00, 0x00, 0x00, 0x00, 0x04, 0x5C, 0x29, 0x44, 0x4F, 0x00, 0x15, 0x1C, 0x36, 0x00, 0x2E, 0x29,
    0x2F, 0x4D, 0x00, 0x3A, 0x0B, 0x31, 0x1C, 0x00, 0x67, 0x0B, 0x00, 0x00, 0x40, 0x00, 0x00, 0x00,
    0x00, 0x00, 0x00, 0x01, 0x01, 0x40, 0x40, 0x40, 0x1F, 0x3F, 0x16, 0x00, 0x01, 0x04, 0x00, 0x15,
    0x12, 0x4A, 0x06, 0x00, 0x00, 0x00, 0x00, 0x03, 0x09, 0x02, 0x00, 0x03, 0x00, 0x0F, 0x00, 0x09,
    0x0A, 0x02, 0x03, 0x04, 0x05, 0x38, 0x38, 0x01, 0x01, 0x25, 0x77, 0x40, 0x03, 0x00, 0x00, 0x00,
    0x00, 0x00, 0x00, 0x00, 0x00, 0x00, 0x00, 0x00, 0x00, 0x00, 0x00, 0x00, 0x00, 0x00, 0x00, 0x00,
    0x00, 0x14, 0x14, 0x28, 0x1E, 0x1D, 0x19, 0x2F, 0x1C, 0x58, 0x2C, 0x53, 0x2C, 0x51, 0x2C, 0x58,
    0x2C, 0x37, 0x2C, 0x37, 0x2C, 0x37, 0x2C, 0x37, 0x2C, 0x56, 0x49, 0x4C, 0x4C, 0x41, 0x47, 0x45,
    0x20, 0x53, 0x54, 0x52, 0x49, 0x4E, 0x47, 0x53, 0x20, 0x39, 0x44, 0x41, 0x7D, 0x03, 0x00, 0x00,
    0x00, 0x18, 0x02, 0x00, 0x00, 0x00, 0x01, 0x02, 0x00, 0x00, 0x00, 0x00, 0x00, 0x00, 0x15, 0x08,
    0x10, 0x0A, 0x01, 0x06, 0x07, 0x01, 0x00, 0x18, 0x18, 0x36, 0x00, 0x56, 0x27, 0x66, 0x6C, 0x5F,
    0x00, 0x00, 0x00, 0x00, 0x00, 0x5C, 0x13, 0x44, 0x4F, 0x00, 0x15, 0x1C, 0x36, 0x37, 0x2E, 0x32,
    0x2F, 0x4D, 0x00, 0x43, 0x0B, 0x31, 0x30, 0x00, 0x67, 0x0B, 0x00, 0x00, 0x2C, 0x00, 0x00, 0x00,
    0x00, 0x00, 0x00, 0x01, 0x01, 0x40, 0x40, 0x40, 0x1F, 0x3F, 0x16, 0x00, 0x01, 0x04, 0x00, 0x15,
    0x12, 0x4A, 0x06, 0x00, 0x00, 0x00, 0x00, 0x03, 0x09, 0x02, 0x00, 0x03, 0x00, 0x0F, 0x00, 0x09,
    0x0A, 0x02, 0x03, 0x04, 0x05, 0x38, 0x38, 0x01, 0x01, 0x25, 0x77, 0x40, 0x03, 0x00, 0x00, 0x00,
    0x00, 0x00, 0x00, 0x00, 0x00, 0x00, 0x00, 0x00, 0x00, 0x00, 0x00, 0x00, 0x00, 0x00, 0x00, 0x00,
    0x00, 0x14, 0x14, 0x28, 0x1E, 0x1D, 0x19, 0x2F, 0x1C, 0x58, 0x2C, 0x53, 0x2C, 0x51, 0x2C, 0x58,
    0x2C, 0x37, 0x2C, 0x37, 0x2C, 0x37, 0x2C, 0x37, 0x2C, 0x56, 0x49, 0x4C, 0x4C, 0x41, 0x47, 0x45,
    0x20, 0x53, 0x54, 0x52, 0x49, 0x4E, 0x47, 0x53, 0x32, 0x00, 0x40, 0x3D, 0x00, 0x00, 0x00, 0x00,
    0x00, 0x27, 0x00, 0x01, 0x01, 0x0E, 0x01, 0x09, 0x02, 0x00, 0x00, 0x00, 0x00, 0x00, 0x0F, 0x00,
    0x7A, 0x01, 0x0A, 0x02, 0x09, 0x0C, 0x00, 0x18, 0x2D, 0x41, 0x10, 0x29, 0x0C, 0x33, 0x7F, 0x71,
    0x00, 0x00, 0x00, 0x02, 0x04, 0x3A, 0x50, 0x5F, 0x0E, 0x04, 0x00, 0x00, 0x00, 0x00, 0x3F, 0x00,
    0x2C, 0x66, 0x00, 0x00, 0x00, 0x34, 0x12, 0x00, 0x01, 0x0B, 0x00, 0x00, 0x7F, 0x00, 0x00, 0x00,
    0x00, 0x00, 0x00, 0x00, 0x01, 0x40, 0x40, 0x40, 0x1F, 0x3F, 0x0E, 0x00, 0x03, 0x01, 0x00, 0x15,
    0x14, 0x41, 0x06, 0x00, 0x00, 0x00, 0x00, 0x03, 0x09, 0x02, 0x00, 0x00, 0x00, 0x00, 0x00, 0x09,
    0x16, 0x02, 0x1B, 0x00, 0x00, 0x00, 0x00, 0x01, 0x40, 0x00, 0x00, 0x00, 0x04, 0x00, 0x00, 0x00,
    0x00, 0x02, 0x00, 0x00, 0x00, 0x00, 0x00, 0x00, 0x00, 0x00, 0x00, 0x00, 0x00, 0x00, 0x00, 0x00,
    0x00, 0x1D, 0x1C, 0x21, 0x1D, 0x18, 0x20, 0x1A, 0x22, 0x33, 0x4D, 0x32, 0x4D, 0x31, 0x4C, 0x30,
    0x52, 0x37, 0x39, 0x38, 0x36, 0x38, 0x36, 0x38, 0x36, 0x4F, 0x52, 0x47, 0x41, 0x4E, 0x59, 0x20,
    0x4B, 0x41, 0x4F, 0x53, 0x20, 0x20, 0x20, 0x20, 0x20, 0x3C, 0x04, 0x41, 0x0F, 0x01, 0x00, 0x00,
    0x00, 0x30, 0x00, 0x00, 0x00, 0x03, 0x02, 0x00, 0x03, 0x00, 0x00, 0x00, 0x00, 0x00, 0x4F, 0x00,
    0x01, 0x00, 0x00, 0x02, 0x00, 0x00, 0x00, 0x18, 0x24, 0x3F, 0x00, 0x49, 0x14, 0x6B, 0x7F, 0x79,
    0x26, 0x02, 0x00, 0x02, 0x06, 0x55, 0x36, 0x40, 0x16, 0x00, 0x02, 0x02, 0x00, 0x00, 0x00, 0x10,
    0x16, 0x6A, 0x00, 0x19, 0x59, 0x7F, 0x00, 0x00, 0x28, 0x0C, 0x00, 0x12, 0x14, 0x00, 0x00, 0x00,
    0x00, 0x00, 0x01, 0x01, 0x01, 0x40, 0x40, 0x40, 0x58, 0x3F, 0x1B, 0x00, 0x02, 0x01, 0x00, 0x05,
    0x0B, 0x20, 0x14, 0x00, 0x00, 0x00, 0x00, 0x03, 0x09, 0x02, 0x00, 0x00, 0x00, 0x00, 0x00, 0x12,
    0x15, 0x07, 0x31, 0x17, 0x0A, 0x4D, 0x3D, 0x01, 0x01, 0x00, 0x00, 0x00, 0x01, 0x00, 0x01, 0x00,
    0x00, 0x3D, 0x00, 0x00, 0x00, 0x00, 0x00, 0x00, 0x00, 0x00, 0x00, 0x00, 0x00, 0x00, 0x00, 0x00,
    0x00, 0x05, 0x05, 0x05, 0x05, 0x05, 0x05, 0x05, 0x05, 0x3D, 0x43, 0x3D, 0x43, 0x3D, 0x43, 0x3D,
    0x43, 0x09, 0x08, 0x09, 0x08, 0x09, 0x08, 0x09, 0x08, 0x53, 0x54, 0x45, 0x4C, 0x4C, 0x41, 0x52,
    0x20, 0x46, 0x41, 0x52, 0x46, 0x49, 0x53, 0x41, 0x20, 0x00, 0x40, 0x30, 0x40, 0x00, 0x00, 0x02,
    0x00, 0x00, 0x00, 0x4A, 0x02, 0x08, 0x05, 0x02, 0x07, 0x00, 0x00, 0x00, 0x00, 0x00, 0x0B, 0x00,
    0x0F, 0x02, 0x4A, 0x08, 0x01, 0x06, 0x00, 0x0C, 0x20, 0x42, 0x10, 0x43, 0x2C, 0x54, 0x2B, 0x37,
    0x00, 0x00, 0x00, 0x01, 0x02, 0x27, 0x66, 0x41, 0x03, 0x00, 0x00, 0x2A, 0x10, 0x00, 0x00, 0x00,
    0x06, 0x5D, 0x00, 0x00, 0x00, 0x1D, 0x00, 0x00, 0x00, 0x0B, 0x00, 0x00, 0x7F, 0x00, 0x00, 0x01,
    0x00, 0x07, 0x00, 0x01, 0x02, 0x40, 0x40, 0x40, 0x1F, 0x3F, 0x1B, 0x00, 0x03, 0x04, 0x00, 0x12,
    0x10, 0x28, 0x69, 0x00, 0x00, 0x00, 0x00, 0x03, 0x09, 0x02, 0x00, 0x00, 0x00, 0x00, 0x00, 0x16,
    0x09, 0x27, 0x0E, 0x00, 0x00, 0x00, 0x00, 0x01, 0x40, 0x00, 0x00, 0x00, 0x03, 0x00, 0x00, 0x00,
    0x00, 0x00, 0x00, 0x00, 0x00, 0x00, 0x00, 0x00, 0x00, 0x00, 0x00, 0x00, 0x00, 0x00, 0x00, 0x00,
    0x00, 0x14, 0x14, 0x14, 0x14, 0x14, 0x14, 0x14, 0x14, 0x43, 0x3F, 0x43, 0x3F, 0x43, 0x3F, 0x43,
    0x3F, 0x7F, 0x7F, 0x7F, 0x7F, 0x7F, 0x7F, 0x7F, 0x7F, 0x50, 0x49, 0x47, 0x41, 0x4C, 0x4C, 0x45,
    0x20, 0x50, 0x41, 0x52, 0x54, 0x59, 0x20, 0x20, 0x20, 0x00, 0x40, 0x30, 0x40, 0x00, 0x00, 0x02,
    0x02, 0x2B, 0x00, 0x7F, 0x12, 0x02, 0x05, 0x09, 0x07, 0x00, 0x00, 0x00, 0x00, 0x00, 0x25, 0x00,
    0x0F, 0x01, 0x4A, 0x08, 0x01, 0x06, 0x00, 0x0C, 0x20, 0x42, 0x10, 0x43, 0x36, 0x41, 0x7F, 0x5D,
    0x00, 0x00, 0x00, 0x02, 0x01, 0x2F, 0x59, 0x41, 0x06, 0x00, 0x0F, 0x34, 0x10, 0x00, 0x19, 0x0C,
    0x06, 0x7F, 0x6F, 0x66, 0x7C, 0x6C, 0x00, 0x00, 0x00, 0x0A, 0x00, 0x00, 0x6E, 0x00, 0x00, 0x00,
    0x00, 0x02, 0x00, 0x02, 0x02, 0x40, 0x40, 0x40, 0x1F, 0x3F, 0x1F, 0x00, 0x03, 0x01, 0x00, 0x09,
    0x0C, 0x0D, 0x18, 0x02, 0x0B, 0x00, 0x21, 0x03, 0x09, 0x02, 0x00, 0x00, 0x00, 0x00, 0x00, 0x07,
    0x18, 0x09, 0x03, 0x04, 0x05, 0x38, 0x38, 0x01, 0x01, 0x00, 0x4B, 0x0A, 0x03, 0x00, 0x00, 0x00,
    0x00, 0x00, 0x00, 0x00, 0x00, 0x00, 0x00, 0x00, 0x00, 0x00, 0x00, 0x00, 0x00, 0x00, 0x00, 0x00,
    0x00, 0x18, 0x14, 0x17, 0x16, 0x16, 0x13, 0x1A, 0x19, 0x56, 0x2A, 0x56, 0x2A, 0x56, 0x2A, 0x56,
    0x2A, 0x7F, 0x7F, 0x7F, 0x7F, 0x7F, 0x7F, 0x7F, 0x7F, 0x48, 0x55, 0x42, 0x42, 0x4C, 0x45, 0x27,
    0x53, 0x20, 0x54, 0x45, 0x4C, 0x45, 0x20, 0x20, 0x20, 0x06, 0x40, 0x40, 0x00, 0x02, 0x00, 0x00,
    0x00, 0x59, 0x00, 0x03, 0x07, 0x0B, 0x01, 0x0C, 0x06, 0x00, 0x00, 0x00, 0x00, 0x00, 0x3A, 0x00,
    0x04, 0x0A, 0x08, 0x02, 0x10, 0x07, 0x00, 0x18, 0x18, 0x4C, 0x00, 0x14, 0x5B, 0x66, 0x7F, 0x7F,
    0x09, 0x13, 0x00, 0x02, 0x00, 0x41, 0x6E, 0x38, 0x03, 0x00, 0x19, 0x7F, 0x00, 0x00, 0x37, 0x2A,
    0x7F, 0x7F, 0x00, 0x4E, 0x49, 0x62, 0x00, 0x00, 0x16, 0x07, 0x0C, 0x00, 0x7F, 0x06, 0x00, 0x00,
    0x00, 0x00, 0x00, 0x00, 0x01, 0x40, 0x40, 0x40, 0x2F, 0x3F, 0x00, 0x05, 0x00, 0x01, 0x00, 0x09,
    0x16, 0x06, 0x12, 0x0D, 0x00, 0x02, 0x00, 0x03, 0x09, 0x02, 0x03, 0x00, 0x00, 0x00, 0x00, 0x04,
    0x0A, 0x7F, 0x0A, 0x05, 0x0A, 0x3B, 0x36, 0x01, 0x01, 0x00, 0x37, 0x00, 0x04, 0x00, 0x00, 0x00,
    0x00, 0x00, 0x00, 0x00, 0x00, 0x00, 0x00, 0x00, 0x00, 0x00, 0x00, 0x00, 0x00, 0x00, 0x00, 0x00,
    0x00, 0x16, 0x17, 0x18, 0x19, 0x18, 0x17, 0x16, 0x15, 0x1E, 0x61, 0x1E, 0x61, 0x1E, 0x61, 0x1E,
    0x61, 0x39, 0x39, 0x39, 0x39, 0x39, 0x39, 0x39, 0x39, 0x4D, 0x45, 0x4C, 0x4C, 0x4F, 0x54, 0x52,
    0x4F, 0x4E, 0x20, 0x4D, 0x53, 0x52, 0x20, 0x30, 0x38, 0x7F, 0x44, 0x41, 0x15, 0x00, 0x00, 0x00,
    0x00, 0x4E, 0x02, 0x01, 0x00, 0x00, 0x02, 0x01, 0x00, 0x00, 0x00, 0x00, 0x00, 0x00, 0x33, 0x08,
    0x07, 0x00, 0x00, 0x0A, 0x0F, 0x0E, 0x00, 0x18, 0x00, 0x40, 0x10, 0x3D, 0x3F, 0x22, 0x6B, 0x69,
    0x16, 0x00, 0x00, 0x02, 0x03, 0x00, 0x3B, 0x40, 0x7F, 0x00, 0x18, 0x56, 0x3E, 0x00, 0x2C, 0x0B,
    0x00, 0x77, 0x7F, 0x34, 0x00, 0x30, 0x48, 0x00, 0x00, 0x02, 0x00, 0x00, 0x33, 0x00, 0x00, 0x00,
    0x05, 0x02, 0x01, 0x01, 0x01, 0x40, 0x40, 0x40, 0x1F, 0x3F, 0x1A, 0x00, 0x01, 0x03, 0x00, 0x12,
    0x10, 0x0B, 0x0D, 0x05, 0x06, 0x00, 0x00, 0x02, 0x09, 0x02, 0x00, 0x11, 0x00, 0x3F, 0x00, 0x00,
    0x00, 0x00, 0x00, 0x00, 0x00, 0x00, 0x00, 0x00, 0x40, 0x47, 0x7F, 0x7F, 0x04, 0x00, 0x00, 0x00,
    0x00, 0x00, 0x00, 0x00, 0x00, 0x00, 0x00, 0x00, 0x00, 0x00, 0x00, 0x00, 0x00, 0x00, 0x00, 0x00,
    0x00, 0x0E, 0x11, 0x12, 0x0F, 0x14, 0x10, 0x13, 0x0E, 0x34, 0x58, 0x28, 0x4C, 0x58, 0x34, 0x58,
    0x34, 0x50, 0x4A, 0x4F, 0x4B, 0x50, 0x48, 0x51, 0x49, 0x41, 0x4E, 0x4F, 0x44, 0x41, 0x5A, 0x45,
    0x44, 0x20, 0x20, 0x20, 0x20, 0x20, 0x20, 0x20, 0x20, 0x49, 0x44, 0x41, 0x7F, 0x00, 0x00, 0x00,
    0x00, 0x34, 0x02, 0x01, 0x00, 0x00, 0x01, 0x01, 0x00, 0x00, 0x00, 0x00, 0x00, 0x00, 0x33, 0x08,
    0x07, 0x31, 0x00, 0x0A, 0x08, 0x0E, 0x00, 0x18, 0x00, 0x40, 0x10, 0x7C, 0x3F, 0x66, 0x6B, 0x69,
    0x1E, 0x00, 0x00, 0x02, 0x03, 0x23, 0x3B, 0x40, 0x7F, 0x00, 0x18, 0x56, 0x3E, 0x4B, 0x2C, 0x0B,
    0x00, 0x77, 0x7F, 0x3A, 0x00, 0x30, 0x48, 0x00, 0x00, 0x02, 0x00, 0x00, 0x33, 0x00, 0x00, 0x00,
    0x05, 0x02, 0x01, 0x01, 0x01, 0x40, 0x40, 0x40, 0x1F, 0x3F, 0x17, 0x00, 0x03, 0x02, 0x00, 0x09,
    0x00, 0x7F, 0x00, 0x05, 0x06, 0x00, 0x00, 0x03, 0x09, 0x02, 0x00, 0x11, 0x00, 0x3F, 0x00, 0x00,
    0x00, 0x00, 0x00, 0x00, 0x00, 0x00, 0x00, 0x00, 0x40, 0x47, 0x7E, 0x7F, 0x04, 0x00, 0x00, 0x00,
    0x00, 0x00, 0x00, 0x00, 0x00, 0x00, 0x00, 0x00, 0x00, 0x00, 0x00, 0x00, 0x00, 0x00, 0x00, 0x00,
    0x00, 0x21, 0x1F, 0x1E, 0x23, 0x20, 0x1D, 0x22, 0x21, 0x34, 0x58, 0x28, 0x4C, 0x58, 0x34, 0x58,
    0x34, 0x4B, 0x47, 0x4C, 0x4B, 0x48, 0x4A, 0x46, 0x4B, 0x41, 0x4E, 0x4F, 0x46, 0x41, 0x5A, 0x45,
    0x44, 0x20, 0x20, 0x20, 0x20, 0x20, 0x20, 0x20, 0x20, 0x46, 0x44, 0x41, 0x7F, 0x04, 0x00, 0x00,
    0x00, 0x16, 0x00, 0x0C, 0x00, 0x00, 0x0C, 0x00, 0x00, 0x00, 0x00, 0x00, 0x00, 0x00, 0x49, 0x00,
    0x00, 0x00, 0x00, 0x03, 0x00, 0x00, 0x00, 0x0C, 0x30, 0x48, 0x00, 0x49, 0x14, 0x11, 0x61, 0x1D,
    0x00, 0x00, 0x00, 0x02, 0x04, 0x3D, 0x00, 0x7F, 0x31, 0x02, 0x00, 0x54, 0x00, 0x00, 0x3D, 0x00,
    0x3A, 0x05, 0x6B, 0x43, 0x00, 0x27, 0x00, 0x00, 0x61, 0x00, 0x00, 0x03, 0x00, 0x00, 0x01, 0x00,
    0x00, 0x00, 0x01, 0x00, 0x02, 0x40, 0x40, 0x40, 0x1F, 0x3F, 0x0E, 0x00, 0x02, 0x01, 0x00, 0x05,
    0x0B, 0x7F, 0x14, 0x05, 0x00, 0x2F, 0x00, 0x03, 0x09, 0x02, 0x00, 0x00, 0x00, 0x00, 0x00, 0x04,
    0x18, 0x7F, 0x07, 0x00, 0x00, 0x00, 0x00, 0x01, 0x40, 0x0F, 0x4D, 0x7F, 0x01, 0x00, 0x00, 0x00,
    0x00, 0x00, 0x00, 0x00, 0x00, 0x00, 0x00, 0x00, 0x00, 0x00, 0x00, 0x00, 0x00, 0x00, 0x00, 0x00,
    0x00, 0x14, 0x12, 0x13, 0x12, 0x15, 0x11, 0x16, 0x10, 0x2C, 0x54, 0x2C, 0x54, 0x2C, 0x54, 0x2C,
    0x54, 0x5E, 0x57, 0x5F, 0x5C, 0x5A, 0x59, 0x5D, 0x57, 0x48, 0x49, 0x47, 0x48, 0x20, 0x44, 0x45,
    0x53, 0x45, 0x52, 0x54, 0x20, 0x53, 0x41, 0x47, 0x45, 0x00, 0x40, 0x30, 0x40, 0x00, 0x00, 0x00,
    0x00, 0x4E, 0x00, 0x00, 0x00, 0x00, 0x03, 0x00, 0x00, 0x00, 0x00, 0x00, 0x00, 0x00, 0x78, 0x00,
    0x00, 0x00, 0x00, 0x00, 0x00, 0x00, 0x00, 0x0C, 0x0C, 0x40, 0x00, 0x45, 0x3F, 0x3D, 0x7F, 0x33,
    0x00, 0x00, 0x00, 0x00, 0x04, 0x32, 0x55, 0x57, 0x06, 0x00, 0x0F, 0x45, 0x26, 0x00, 0x08, 0x00,
    0x60, 0x5D, 0x7A, 0x1D, 0x00, 0x14, 0x5A, 0x00, 0x01, 0x00, 0x00, 0x00, 0x00, 0x00, 0x00, 0x00,
    0x00, 0x00, 0x01, 0x21, 0x01, 0x40, 0x40, 0x40, 0x1F, 0x3F, 0x09, 0x00, 0x01, 0x02, 0x00, 0x12,
    0x10, 0x13, 0x18, 0x09, 0x05, 0x09, 0x7F, 0x03, 0x09, 0x02, 0x00, 0x00, 0x00, 0x00, 0x00, 0x00,
    0x00, 0x00, 0x00, 0x00, 0x00, 0x00, 0x00, 0x00, 0x40, 0x00, 0x00, 0x00, 0x04, 0x00, 0x00, 0x00,
    0x00, 0x02, 0x00, 0x00, 0x00, 0x00, 0x00, 0x00, 0x00, 0x00, 0x00, 0x00, 0x00, 0x00, 0x00, 0x00,
    0x00, 0x00, 0x00, 0x00, 0x00, 0x00, 0x00, 0x00, 0x00, 0x00, 0x7F, 0x00, 0x7F, 0x40, 0x40, 0x40,
    0x40, 0x00, 0x00, 0x00, 0x00, 0x00, 0x00, 0x00, 0x00, 0x4A, 0x45, 0x46, 0x46, 0x52, 0x45, 0x59,
    0x27, 0x53, 0x20, 0x44, 0x41, 0x4E, 0x43, 0x45, 0x20, 0x05, 0x40, 0x40, 0x00, 0x02, 0x00, 0x00,
    0x00, 0x53, 0x00, 0x00, 0x00, 0x00, 0x03, 0x00, 0x00, 0x00, 0x00, 0x00, 0x00, 0x00, 0x78, 0x00,
    0x00, 0x00, 0x00, 0x00, 0x00, 0x00, 0x00, 0x0C, 0x0C, 0x40, 0x00, 0x3F, 0x3F, 0x51, 0x62, 0x7F,
    0x00, 0x00, 0x00, 0x00, 0x00, 0x3E, 0x33, 0x44, 0x00, 0x00, 0x00, 0x58, 0x37, 0x00, 0x00, 0x0C,
    0x44, 0x78, 0x7F, 0x00, 0x00, 0x51, 0x00, 0x00, 0x23, 0x00, 0x00, 0x00, 0x00, 0x00, 0x00, 0x00,
    0x00, 0x00, 0x01, 0x21, 0x00, 0x40, 0x40, 0x40, 0x1F, 0x3F, 0x11, 0x00, 0x02, 0x02, 0x00, 0x12,
    0x10, 0x10, 0x13, 0x0D, 0x00, 0x39, 0x00, 0x03, 0x09, 0x02, 0x00, 0x00, 0x00, 0x00, 0x00, 0x09,
    0x0A, 0x02, 0x09, 0x00, 0x00, 0x00, 0x00, 0x01, 0x01, 0x00, 0x00, 0x00, 0x04, 0x00, 0x00, 0x00,
    0x00, 0x00, 0x00, 0x00, 0x00, 0x00, 0x00, 0x00, 0x00, 0x00, 0x30, 0x00, 0x00, 0x00, 0x00, 0x00,
    0x00, 0x00, 0x00, 0x00, 0x00, 0x00, 0x00, 0x00, 0x00, 0x00, 0x7F, 0x40, 0x40, 0x40, 0x40, 0x40,
    0x40, 0x00, 0x00, 0x00, 0x00, 0x00, 0x00, 0x00, 0x00, 0x50, 0x52, 0x49, 0x4D, 0x49, 0x54, 0x49,
    0x56, 0x20, 0x4E, 0x4F, 0x54, 0x49, 0x4F, 0x4E, 0x20, 0x00, 0x40, 0x30, 0x40, 0x00, 0x00, 0x00,
    0x00, 0x57, 0x00, 0x00, 0x00, 0x00, 0x03, 0x00, 0x00, 0x00, 0x00, 0x00, 0x00, 0x00, 0x78, 0x00,
    0x00, 0x00, 0x00, 0x00, 0x00, 0x00, 0x00, 0x0C, 0x0C, 0x43, 0x10, 0x42, 0x44, 0x49, 0x7F, 0x63,
    0x00, 0x00, 0x00, 0x00, 0x04, 0x1C, 0x35, 0x4B, 0x00, 0x00, 0x00, 0x00, 0x00, 0x00, 0x19, 0x0B,
    0x4C, 0x6E, 0x00, 0x2A, 0x00, 0x14, 0x00, 0x00, 0x01, 0x00, 0x00, 0x00, 0x00, 0x00, 0x00, 0x00,
    0x00, 0x00, 0x01, 0x21, 0x01, 0x40, 0x40, 0x40, 0x1F, 0x3F, 0x31, 0x00, 0x03, 0x02, 0x00, 0x12,
    0x10, 0x14, 0x09, 0x00, 0x00, 0x00, 0x00, 0x03, 0x09, 0x02, 0x00, 0x00, 0x00, 0x00, 0x00, 0x02,
    0x00, 0x0C, 0x00, 0x00, 0x00, 0x00, 0x00, 0x01, 0x01, 0x00, 0x00, 0x00, 0x04, 0x00, 0x00, 0x00,
    0x00, 0x00, 0x00, 0x00, 0x00, 0x00, 0x00, 0x00, 0x00, 0x00, 0x00, 0x00, 0x00, 0x00, 0x00, 0x00,
    0x00, 0x00, 0x00, 0x00, 0x00, 0x00, 0x00, 0x00, 0x00, 0x40, 0x40, 0x40, 0x40, 0x40, 0x40, 0x40,
    0x40, 0x00, 0x00, 0x00, 0x00, 0x00, 0x00, 0x00, 0x00, 0x42, 0x4F, 0x4F, 0x4D, 0x20, 0x44, 0x41,
    0x20, 0x42, 0x41, 0x53, 0x53, 0x20, 0x20, 0x20, 0x20, 0x0C, 0x00, 0x30, 0x40, 0x00, 0x00, 0x00,
    0x00, 0x56, 0x00, 0x00, 0x00, 0x00, 0x03, 0x00, 0x00, 0x00, 0x00, 0x00, 0x00, 0x00, 0x78, 0x00,
    0x00, 0x00, 0x00, 0x00, 0x00, 0x00, 0x00, 0x00, 0x00, 0x3D, 0x00, 0x3F, 0x49, 0x61, 0x79, 0x7F,
    0x00, 0x00, 0x00, 0x02, 0x04, 0x1D, 0x51, 0x26, 0x21, 0x00, 0x00, 0x37, 0x08, 0x00, 0x00, 0x00,
    0x24, 0x63, 0x00, 0x00, 0x00, 0x31, 0x1E, 0x00, 0x01, 0x07, 0x00, 0x00, 0x00, 0x00, 0x00, 0x00,
    0x00, 0x00, 0x01, 0x20, 0x01, 0x40, 0x40, 0x40, 0x1F, 0x3F, 0x16, 0x00, 0x03, 0x04, 0x00, 0x12,
    0x0A, 0x0F, 0x07, 0x00, 0x00, 0x00, 0x00, 0x03, 0x09, 0x03, 0x00, 0x00, 0x00, 0x00, 0x00, 0x10,
    0x0C, 0x07, 0x0B, 0x00, 0x00, 0x00, 0x00, 0x01, 0x01, 0x00, 0x00, 0x00, 0x04, 0x00, 0x00, 0x00,
    0x00, 0x00, 0x00, 0x00, 0x00, 0x00, 0x00, 0x00, 0x00, 0x00, 0x00, 0x00, 0x00, 0x00, 0x00, 0x00,
    0x00, 0x00, 0x00, 0x00, 0x00, 0x00, 0x00, 0x00, 0x00, 0x40, 0x40, 0x40, 0x40, 0x40, 0x40, 0x40,
    0x40, 0x00, 0x00, 0x00, 0x00, 0x00, 0x00, 0x00, 0x00, 0x47, 0x4D, 0x46, 0x20, 0x4D, 0x45, 0x53,
    0x53, 0x41, 0x47, 0x45, 0x20, 0x42, 0x20, 0x30, 0x38, 0x23, 0x40, 0x30, 0x40, 0x00, 0x00, 0x01,
    0x00, 0x5B, 0x00, 0x00, 0x00, 0x00, 0x03, 0x00, 0x00, 0x00, 0x00, 0x00, 0x00, 0x00, 0x20, 0x00,
    0x06, 0x04, 0x00, 0x0A, 0x07, 0x00, 0x00, 0x0C, 0x0C, 0x3F, 0x10, 0x34, 0x19, 0x24, 0x7F, 0x3A,
    0x00, 0x00, 0x00, 0x02, 0x04, 0x20, 0x18, 0x7F, 0x12, 0x01, 0x00, 0x37, 0x17, 0x00, 0x00, 0x00,
    0x1C, 0x6E, 0x7D, 0x1A, 0x00, 0x19, 0x00, 0x00, 0x01, 0x0C, 0x0B, 0x00, 0x00, 0x00, 0x00, 0x00,
    0x00, 0x00, 0x01, 0x20, 0x01, 0x40, 0x40, 0x40, 0x1F, 0x3F, 0x2E, 0x00, 0x03, 0x03, 0x00, 0x12,
    0x10, 0x11, 0x04, 0x0B, 0x0E, 0x0F, 0x00, 0x03, 0x09, 0x02, 0x00, 0x00, 0x00, 0x00, 0x00, 0x09,
    0x0C, 0x01, 0x0B, 0x05, 0x0A, 0x40, 0x59, 0x01, 0x01, 0x00, 0x00, 0x00, 0x04, 0x00, 0x00, 0x00,
    0x00, 0x00, 0x00, 0x00, 0x00, 0x00, 0x00, 0x00, 0x00, 0x00, 0x00, 0x00, 0x00, 0x00, 0x00, 0x00,
    0x00, 0x00, 0x00, 0x00, 0x00, 0x00, 0x00, 0x00, 0x00, 0x40, 0x40, 0x40, 0x66, 0x40, 0x40, 0x40,
    0x40, 0x00, 0x00, 0x00, 0x00, 0x00, 0x00, 0x00, 0x00, 0x49, 0x20, 0x41, 0x4D, 0x20, 0x53, 0x49,
    0x4E, 0x47, 0x49, 0x4E, 0x47, 0x20, 0x30, 0x38, 0x20, 0x00, 0x04, 0x32, 0x00, 0x00, 0x00, 0x00,
    0x00, 0x5E, 0x00, 0x00, 0x00, 0x00, 0x01, 0x00, 0x00, 0x00, 0x00, 0x00, 0x00, 0x00, 0x78, 0x00,
    0x00, 0x00, 0x00, 0x00, 0x00, 0x00, 0x00, 0x00, 0x00, 0x3A, 0x12, 0x58, 0x29, 0x77, 0x7F, 0x7F,
    0x00, 0x00, 0x00, 0x00, 0x04, 0x1B, 0x1F, 0x54, 0x39, 0x00, 0x00, 0x00, 0x7F, 0x00, 0x6C, 0x00,
    0x0E, 0x7C, 0x00, 0x20, 0x00, 0x14, 0x5A, 0x00, 0x01, 0x00, 0x00, 0x00, 0x00, 0x00, 0x00, 0x01,
    0x00, 0x00, 0x00, 0x21, 0x01, 0x40, 0x40, 0x40, 0x1F, 0x3F, 0x19, 0x00, 0x03, 0x01, 0x00, 0x12,
    0x10, 0x16, 0x07, 0x00, 0x00, 0x00, 0x00, 0x03, 0x09, 0x02, 0x00, 0x00, 0x00, 0x00, 0x00, 0x00,
    0x00, 0x00, 0x00, 0x00, 0x00, 0x00, 0x00, 0x00, 0x40, 0x00, 0x0F, 0x00, 0x04, 0x00, 0x00, 0x00,
    0x00, 0x00, 0x00, 0x00, 0x00, 0x00, 0x00, 0x00, 0x00, 0x00, 0x00, 0x00, 0x00, 0x00, 0x00, 0x00,
    0x00, 0x00, 0x00, 0x00, 0x00, 0x00, 0x00, 0x00, 0x00, 0x40, 0x40, 0x40, 0x40, 0x40, 0x40, 0x40,
    0x40, 0x00, 0x00, 0x00, 0x00, 0x00, 0x00, 0x00, 0x00, 0x42, 0x41, 0x44, 0x20, 0x42, 0x41, 0x44,
    0x20, 0x54, 0x48, 0x41, 0x4E, 0x47, 0x20, 0x20, 0x20, 0x05, 0x40, 0x3D, 0x00, 0x00, 0x00, 0x00,
    0x00, 0x5E, 0x00, 0x00, 0x00, 0x00, 0x03, 0x00, 0x00, 0x00, 0x00, 0x00, 0x00, 0x00, 0x78, 0x00,
    0x00, 0x00, 0x00, 0x00, 0x00, 0x00, 0x00, 0x0C, 0x0F, 0x41, 0x10, 0x31, 0x30, 0x29, 0x7F, 0x71,
    0x00, 0x00, 0x00, 0x02, 0x04, 0x00, 0x4F, 0x7F, 0x34, 0x00, 0x00, 0x38, 0x00, 0x00, 0x00, 0x00,
    0x00, 0x7F, 0x7F, 0x00, 0x00, 0x29, 0x00, 0x00, 0x01, 0x0A, 0x01, 0x00, 0x14, 0x00, 0x00, 0x00,
    0x0C, 0x00, 0x01, 0x21, 0x01, 0x40, 0x40, 0x40, 0x1F, 0x3F, 0x14, 0x00, 0x01, 0x02, 0x00, 0x14,
    0x10, 0x11, 0x05, 0x0D, 0x02, 0x7F, 0x07, 0x03, 0x09, 0x02, 0x00, 0x00, 0x00, 0x00, 0x00, 0x0C,
    0x00, 0x16, 0x00, 0x04, 0x05, 0x43, 0x30, 0x01, 0x01, 0x00, 0x00, 0x1B, 0x04, 0x00, 0x00, 0x00,
    0x00, 0x00, 0x00, 0x00, 0x00, 0x00, 0x00, 0x00, 0x00, 0x00, 0x00, 0x00, 0x00, 0x00, 0x00, 0x00,
    0x00, 0x00, 0x00, 0x00, 0x00, 0x00, 0x00, 0x00, 0x00, 0x40, 0x40, 0x40, 0x40, 0x40, 0x40, 0x40,
    0x40, 0x00, 0x00, 0x00, 0x00, 0x00, 0x00, 0x00, 0x00, 0x50, 0x52, 0x4F, 0x55, 0x44, 0x20, 0x54,
    0x4F, 0x20, 0x42, 0x45, 0x20, 0x50, 0x48, 0x41, 0x54, 0x05, 0x40, 0x30, 0x40, 0x00, 0x00, 0x01,
    0x00, 0x60, 0x00, 0x00, 0x00, 0x00, 0x03, 0x00, 0x00, 0x00, 0x00, 0x00, 0x00, 0x00, 0x20, 0x00,
    0x06, 0x04, 0x00, 0x0A, 0x07, 0x00, 0x00, 0x0C, 0x0C, 0x40, 0x00, 0x44, 0x3E, 0x26, 0x7F, 0x38,
    0x00, 0x00, 0x00, 0x02, 0x04, 0x21, 0x32, 0x3C, 0x14, 0x00, 0x00, 0x33, 0x10, 0x62, 0x00, 0x07,
    0x1C, 0x6E, 0x7D, 0x00, 0x00, 0x19, 0x00, 0x00, 0x01, 0x0C, 0x0B, 0x00, 0x00, 0x00, 0x00, 0x00,
    0x00, 0x00, 0x01, 0x20, 0x01, 0x40, 0x40, 0x40, 0x1F, 0x3F, 0x2E, 0x00, 0x03, 0x03, 0x00, 0x12,
    0x10, 0x15, 0x03, 0x0B, 0x0E, 0x0F, 0x00, 0x03, 0x09, 0x02, 0x00, 0x00, 0x00, 0x00, 0x00, 0x0A,
    0x0C, 0x05, 0x0B, 0x05, 0x0A, 0x3B, 0x59, 0x01, 0x01, 0x00, 0x00, 0x00, 0x04, 0x00, 0x00, 0x00,
    0x00, 0x00, 0x00, 0x00, 0x00, 0x00, 0x00, 0x00, 0x00, 0x00, 0x00, 0x00, 0x00, 0x00, 0x00, 0x00,
    0x00, 0x00, 0x00, 0x00, 0x00, 0x00, 0x00, 0x00, 0x00, 0x40, 0x40, 0x40, 0x66, 0x40, 0x40, 0x40,
    0x40, 0x00, 0x00, 0x00, 0x00, 0x00, 0x00, 0x00, 0x00, 0x49, 0x53, 0x4E, 0x27, 0x54, 0x20, 0x53,
    0x48, 0x45, 0x20, 0x4C, 0x4F, 0x56, 0x45, 0x4C, 0x59, 0x05, 0x40, 0x3D, 0x00, 0x00, 0x00, 0x00,
    0x00, 0x5E, 0x00, 0x00, 0x00, 0x00, 0x03, 0x00, 0x00, 0x00, 0x00, 0x00, 0x00, 0x00, 0x0B, 0x00,
    0x13, 0x00, 0x00, 0x07, 0x00, 0x00, 0x00, 0x00, 0x06, 0x58, 0x10, 0x31, 0x36, 0x41, 0x7F, 0x71,
    0x00, 0x00, 0x00, 0x02, 0x00, 0x1F, 0x58, 0x7F, 0x34, 0x00, 0x59, 0x57, 0x00, 0x00, 0x00, 0x00,
    0x26, 0x39, 0x7F, 0x48, 0x00, 0x29, 0x00, 0x00, 0x01, 0x07, 0x00, 0x00, 0x7F, 0x00, 0x00, 0x00,
    0x2C, 0x00, 0x01, 0x24, 0x01, 0x40, 0x40, 0x40, 0x1F, 0x3F, 0x14, 0x00, 0x01, 0x02, 0x00, 0x0A,
    0x04, 0x19, 0x7F, 0x0D, 0x00, 0x7F, 0x00, 0x03, 0x09, 0x02, 0x00, 0x00, 0x00, 0x00, 0x00, 0x18,
    0x0D, 0x03, 0x7F, 0x0C, 0x00, 0x51, 0x00, 0x01, 0x40, 0x00, 0x00, 0x00, 0x04, 0x00, 0x00, 0x00,
    0x00, 0x00, 0x00, 0x00, 0x00, 0x00, 0x00, 0x00, 0x00, 0x00, 0x00, 0x00, 0x00, 0x00, 0x00, 0x00,
    0x00, 0x00, 0x00, 0x00, 0x00, 0x00, 0x00, 0x00, 0x00, 0x00, 0x7F, 0x14, 0x6B, 0x28, 0x57, 0x00,
    0x7F, 0x00, 0x00, 0x00, 0x00, 0x00, 0x00, 0x00, 0x00, 0x53, 0x55, 0x50, 0x45, 0x52, 0x53, 0x54,
    0x4F, 0x52, 0x4D, 0x20, 0x44, 0x45, 0x43, 0x41, 0x59, 0x05, 0x40, 0x3D, 0x00, 0x00, 0x00, 0x00,
    0x00, 0x5A, 0x00, 0x00, 0x00, 0x00, 0x01, 0x00, 0x00, 0x00, 0x00, 0x00, 0x00, 0x00, 0x15, 0x00,
    0x00, 0x00, 0x00, 0x00, 0x00, 0x00, 0x00, 0x00, 0x00, 0x41, 0x10, 0x31, 0x5C, 0x53, 0x7E, 0x7F,
    0x00, 0x00, 0x00, 0x02, 0x04, 0x15, 0x25, 0x7F, 0x00, 0x00, 0x44, 0x00, 0x7F, 0x00, 0x20, 0x08,
    0x29, 0x4C, 0x7F, 0x28, 0x00, 0x63, 0x00, 0x00, 0x01, 0x0A, 0x00, 0x00, 0x15, 0x00, 0x00, 0x01,
    0x00, 0x00, 0x01, 0x22, 0x01, 0x40, 0x40, 0x40, 0x1F, 0x3F, 0x29, 0x00, 0x02, 0x04, 0x00, 0x12,
    0x10, 0x13, 0x04, 0x0D, 0x00, 0x26, 0x00, 0x03, 0x09, 0x02, 0x00, 0x00, 0x00, 0x00, 0x00, 0x0C,
    0x00, 0x2F, 0x00, 0x07, 0x00, 0x37, 0x00, 0x01, 0x01, 0x00, 0x0F, 0x00, 0x04, 0x00, 0x00, 0x00,
    0x00, 0x00, 0x00, 0x00, 0x00, 0x00, 0x00, 0x00, 0x00, 0x00, 0x00, 0x00, 0x00, 0x00, 0x00, 0x00,
    0x00, 0x00, 0x00, 0x00, 0x00, 0x00, 0x00, 0x00, 0x00, 0x00, 0x7F, 0x20, 0x60, 0x40, 0x40, 0x40,
    0x40, 0x00, 0x00, 0x00, 0x00, 0x00, 0x00, 0x00, 0x00, 0x4E, 0x45, 0x57, 0x53, 0x20, 0x34, 0x20,
    0x43, 0x41, 0x52, 0x4D, 0x45, 0x4E, 0x20, 0x20, 0x20, 0x67, 0x44, 0x41, 0x45, 0x04, 0x00, 0x00,
    0x00, 0x2B, 0x00, 0x02, 0x7F, 0x00, 0x02, 0x04, 0x00, 0x00, 0x00, 0x00, 0x00, 0x00, 0x13, 0x00,
    0x01, 0x02, 0x00, 0x0C, 0x09, 0x00, 0x00, 0x00, 0x00, 0x41, 0x10, 0x31, 0x5C, 0x53, 0x60, 0x7F,
    0x00, 0x00, 0x00, 0x02, 0x02, 0x29, 0x58, 0x7F, 0x00, 0x00, 0x44, 0x00, 0x7F, 0x00, 0x20, 0x20,
    0x2A, 0x07, 0x07, 0x28, 0x00, 0x63, 0x00, 0x00, 0x01, 0x0A, 0x0C, 0x00, 0x08, 0x42, 0x00, 0x01,
    0x00, 0x00, 0x01, 0x22, 0x01, 0x40, 0x40, 0x40, 0x1F, 0x3F, 0x13, 0x00, 0x02, 0x01, 0x00, 0x13,
    0x10, 0x32, 0x02, 0x0D, 0x00, 0x33, 0x00, 0x03, 0x09, 0x02, 0x00, 0x00, 0x00, 0x00, 0x00, 0x0B,
    0x17, 0x19, 0x21, 0x07, 0x12, 0x37, 0x3D, 0x01, 0x01, 0x00, 0x0F, 0x00, 0x04, 0x00, 0x00, 0x00,
    0x00, 0x00, 0x00, 0x00, 0x00, 0x00, 0x00, 0x00, 0x00, 0x00, 0x00, 0x00, 0x00, 0x00, 0x00, 0x00,
    0x00, 0x00, 0x00, 0x00, 0x00, 0x00, 0x00, 0x00, 0x00, 0x00, 0x7F, 0x20, 0x60, 0x40, 0x40, 0x40,
    0x40, 0x00, 0x00, 0x00, 0x00, 0x00, 0x00, 0x00, 0x00, 0x52, 0x45, 0x50, 0x52, 0x49, 0x53, 0x41,
    0x4C, 0x20, 0x46, 0x52, 0x41, 0x4D, 0x45, 0x20, 0x20, 0x1B, 0x40, 0x40, 0x00, 0x00, 0x00, 0x00,
    0x00, 0x58, 0x00, 0x00, 0x00, 0x00, 0x09, 0x00, 0x00, 0x00, 0x00, 0x00, 0x00, 0x00, 0x0E, 0x00,
    0x00, 0x00, 0x00, 0x02, 0x00, 0x00, 0x00, 0x0C, 0x0F, 0x41, 0x10, 0x31, 0x30, 0x69, 0x7F, 0x4D,
    0x00, 0x00, 0x00, 0x01, 0x01, 0x00, 0x4C, 0x7F, 0x40, 0x00, 0x2F, 0x60, 0x4F, 0x6F, 0x00, 0x00,
    0x2D, 0x7F, 0x7F, 0x33, 0x00, 0x1C, 0x00, 0x00, 0x01, 0x0A, 0x01, 0x00, 0x1D, 0x00, 0x00, 0x01,
    0x00, 0x00, 0x01, 0x22, 0x01, 0x40, 0x40, 0x40, 0x1F, 0x3F, 0x29, 0x00, 0x03, 0x02, 0x00, 0x12,
    0x0A, 0x7F, 0x11, 0x0D, 0x00, 0x7F, 0x00, 0x03, 0x09, 0x02, 0x00, 0x00, 0x00, 0x00, 0x00, 0x04,
    0x0B, 0x7F, 0x07, 0x07, 0x13, 0x3D, 0x4F, 0x01, 0x40, 0x00, 0x21, 0x00, 0x04, 0x00, 0x00, 0x00,
    0x00, 0x00, 0x00, 0x00, 0x00, 0x00, 0x00, 0x00, 0x00, 0x00, 0x00, 0x00, 0x00, 0x00, 0x00, 0x00,
    0x00, 0x00, 0x00, 0x00, 0x00, 0x00, 0x00, 0x00, 0x00, 0x00, 0x7F, 0x4C, 0x34, 0x40, 0x40, 0x40,
    0x40, 0x00, 0x00, 0x00, 0x00, 0x00, 0x00, 0x00, 0x00, 0x4C, 0x41, 0x54, 0x45, 0x4E, 0x54, 0x20,
    0x45, 0x43, 0x48, 0x4F, 0x20, 0x20, 0x20, 0x20, 0x20, 0x14, 0x40, 0x40, 0x00, 0x00, 0x00, 0x00,
    0x00, 0x00, 0x00, 0x00, 0x00, 0x00, 0x0C, 0x00, 0x00, 0x00, 0x00, 0x00, 0x00, 0x00, 0x15, 0x00,
    0x00, 0x00, 0x00, 0x00, 0x00, 0x00, 0x00, 0x00, 0x17, 0x41, 0x10, 0x31, 0x14, 0x33, 0x7F, 0x44,
    0x00, 0x00, 0x00, 0x02, 0x04, 0x00, 0x4F, 0x7F, 0x00, 0x09, 0x44, 0x00, 0x7F, 0x00, 0x0F, 0x00,
    0x7F, 0x7F, 0x7F, 0x00, 0x00, 0x63, 0x00, 0x00, 0x01, 0x0A, 0x00, 0x00, 0x16, 0x00, 0x00, 0x01,
    0x00, 0x00, 0x01, 0x21, 0x01, 0x40, 0x40, 0x40, 0x1F, 0x3F, 0x0E, 0x00, 0x01, 0x01, 0x00, 0x09,
    0x0B, 0x62, 0x0C, 0x0D, 0x02, 0x7F, 0x03, 0x03, 0x09, 0x02, 0x01, 0x00, 0x00, 0x00, 0x00, 0x04,
    0x17, 0x12, 0x51, 0x12, 0x05, 0x48, 0x3D, 0x01, 0x01, 0x00, 0x0F, 0x4B, 0x04, 0x00, 0x00, 0x00,
    0x00, 0x01, 0x00, 0x00, 0x00, 0x00, 0x00, 0x00, 0x00, 0x00, 0x00, 0x00, 0x00, 0x00, 0x00, 0x00,
    0x00, 0x00, 0x00, 0x00, 0x00, 0x00, 0x00, 0x00, 0x00, 0x40, 0x40, 0x40, 0x40, 0x40, 0x40, 0x40,
    0x40, 0x00, 0x00, 0x00, 0x00, 0x00, 0x00, 0x00, 0x00, 0x4F, 0x56, 0x45, 0x52, 0x54, 0x4F, 0x4E,
    0x45, 0x44, 0x20, 0x20, 0x20, 0x20, 0x20, 0x20, 0x20, 0x05, 0x40, 0x30, 0x40, 0x00, 0x00, 0x00,
    0x00, 0x32, 0x00, 0x01, 0x0E, 0x00, 0x01, 0x07, 0x00, 0x00, 0x00, 0x00, 0x00, 0x03, 0x3E, 0x00,
    0x00, 0x00, 0x00, 0x06, 0x09, 0x00, 0x00, 0x0C, 0x0C, 0x47, 0x00, 0x55, 0x42, 0x77, 0x7F, 0x7F,
    0x0E, 0x00, 0x00, 0x00, 0x04, 0x17, 0x60, 0x4F, 0x77, 0x00, 0x6E, 0x6F, 0x14, 0x7F, 0x67, 0x3A,
    0x21, 0x6D, 0x00, 0x7F, 0x59, 0x14, 0x5A, 0x00, 0x01, 0x01, 0x14, 0x09, 0x00, 0x00, 0x00, 0x00,
    0x00, 0x00, 0x00, 0x24, 0x00, 0x40, 0x40, 0x40, 0x1F, 0x3F, 0x0B, 0x00, 0x03, 0x00, 0x00, 0x13,
    0x11, 0x7D, 0x3A, 0x0D, 0x00, 0x13, 0x00, 0x03, 0x09, 0x02, 0x00, 0x00, 0x00, 0x00, 0x00, 0x0A,
    0x18, 0x05, 0x03, 0x00, 0x00, 0x00, 0x00, 0x01, 0x40, 0x00, 0x73, 0x00, 0x04, 0x00, 0x00, 0x00,
    0x00, 0x00, 0x00, 0x00, 0x00, 0x00, 0x00, 0x00, 0x00, 0x00, 0x00, 0x00, 0x00, 0x00, 0x00, 0x00,
    0x00, 0x14, 0x12, 0x13, 0x15, 0x16, 0x11, 0x17, 0x14, 0x00, 0x7F, 0x00, 0x7F, 0x00, 0x7F, 0x00,
    0x7F, 0x7F, 0x7F, 0x7F, 0x7F, 0x7F, 0x7F, 0x7F, 0x7F, 0x54, 0x48, 0x41, 0x54, 0x27, 0x53, 0x20,
    0x53, 0x57, 0x45, 0x4C, 0x4C, 0x20, 0x47, 0x55, 0x59, 0x05, 0x40, 0x40, 0x00, 0x00, 0x00, 0x00,
    0x00, 0x5E, 0x00, 0x00, 0x00, 0x00, 0x03, 0x00, 0x00, 0x00, 0x00, 0x00, 0x00, 0x00, 0x78, 0x00,
    0x00, 0x00, 0x00, 0x00, 0x00, 0x00, 0x00, 0x0C, 0x0C, 0x43, 0x00, 0x4E, 0x44, 0x1C, 0x66, 0x47,
    0x00, 0x00, 0x00, 0x02, 0x04, 0x56, 0x00, 0x5B, 0x7F, 0x00, 0x34, 0x00, 0x7F, 0x00, 0x2C, 0x06,
    0x21, 0x75, 0x7F, 0x1F, 0x00, 0x29, 0x00, 0x00, 0x01, 0x00, 0x00, 0x00, 0x00, 0x00, 0x00, 0x01,
    0x00, 0x00, 0x01, 0x21, 0x01, 0x40, 0x40, 0x40, 0x1F, 0x3F, 0x14, 0x00, 0x01, 0x02, 0x00, 0x14,
    0x10, 0x11, 0x03, 0x0C, 0x04, 0x14, 0x0B, 0x03, 0x09, 0x02, 0x00, 0x00, 0x00, 0x00, 0x00, 0x09,
    0x05, 0x03, 0x7F, 0x04, 0x05, 0x38, 0x38, 0x01, 0x01, 0x25, 0x00, 0x00, 0x04, 0x00, 0x00, 0x00,
    0x00, 0x00, 0x00, 0x00, 0x00, 0x00, 0x00, 0x00, 0x00, 0x00, 0x00, 0x00, 0x00, 0x00, 0x00, 0x00,
    0x00, 0x00, 0x00, 0x00, 0x00, 0x00, 0x00, 0x00, 0x00, 0x0B, 0x75, 0x40, 0x40, 0x40, 0x40, 0x40,
    0x40, 0x00, 0x00, 0x00, 0x00, 0x00, 0x00, 0x00, 0x00, 0x52, 0x4F, 0x50, 0x45, 0x20, 0x54, 0x52,
    0x49, 0x43, 0x4B, 0x20, 0x46, 0x4F, 0x52, 0x20, 0x32, 0x1B, 0x40, 0x40, 0x00, 0x01, 0x00, 0x00,
    0x00, 0x53, 0x00, 0x00, 0x00, 0x00, 0x03, 0x00, 0x00, 0x00, 0x00, 0x00, 0x00, 0x00, 0x08, 0x00,
    0x0B, 0x00, 0x00, 0x06, 0x00, 0x00, 0x00, 0x0C, 0x00, 0x3D, 0x00, 0x1B, 0x29, 0x2D, 0x7F, 0x35,
    0x00, 0x00, 0x00, 0x00, 0x00, 0x22, 0x58, 0x36, 0x00, 0x00, 0x00, 0x33, 0x00, 0x00, 0x00, 0x06,
    0x64, 0x25, 0x00, 0x26, 0x00, 0x14, 0x5A, 0x00, 0x01, 0x00, 0x00, 0x00, 0x00, 0x00, 0x00, 0x00,
    0x00, 0x00, 0x01, 0x20, 0x01, 0x40, 0x40, 0x40, 0x1F, 0x3F, 0x20, 0x00, 0x01, 0x02, 0x00, 0x12,
    0x10, 0x15, 0x0C, 0x00, 0x00, 0x00, 0x00, 0x03, 0x09, 0x02, 0x01, 0x00, 0x00, 0x00, 0x00, 0x05,
    0x07, 0x18, 0x0F, 0x00, 0x00, 0x00, 0x00, 0x01, 0x01, 0x00, 0x3B, 0x00, 0x04, 0x00, 0x00, 0x00,
    0x00, 0x00, 0x00, 0x00, 0x00, 0x00, 0x00, 0x00, 0x00, 0x00, 0x00, 0x00, 0x00, 0x00, 0x00, 0x00,
    0x00, 0x00, 0x00, 0x00, 0x00, 0x00, 0x00, 0x00, 0x00, 0x40, 0x40, 0x40, 0x40, 0x40, 0x40, 0x40,
    0x40, 0x00, 0x00, 0x00, 0x00, 0x00, 0x00, 0x00, 0x00, 0x48, 0x4F, 0x4E, 0x45, 0x59, 0x20, 0x47,
    0x55, 0x49, 0x44, 0x45, 0x20, 0x20, 0x20, 0x20, 0x20, 0x00, 0x44, 0x43, 0x00, 0x00, 0x00, 0x00,
    0x00, 0x58, 0x00, 0x00, 0x00, 0x00, 0x03, 0x00, 0x00, 0x00, 0x00, 0x00, 0x00, 0x00, 0x78, 0x00,
    0x00, 0x00, 0x00, 0x00, 0x00, 0x00, 0x00, 0x00, 0x04, 0x46, 0x10, 0x5C, 0x46, 0x42, 0x7F, 0x24,
    0x00, 0x06, 0x00, 0x02, 0x04, 0x1E, 0x23, 0x18, 0x1D, 0x00, 0x00, 0x41, 0x00, 0x00, 0x00, 0x00,
    0x3E, 0x7F, 0x00, 0x37, 0x00, 0x29, 0x00, 0x00, 0x01, 0x0A, 0x01, 0x00, 0x00, 0x00, 0x00, 0x00,
    0x00, 0x00, 0x01, 0x20, 0x01, 0x40, 0x40, 0x40, 0x5A, 0x40, 0x14, 0x00, 0x01, 0x02, 0x00, 0x12,
    0x10, 0x11, 0x02, 0x0D, 0x00, 0x00, 0x00, 0x03, 0x09, 0x02, 0x00, 0x00, 0x00, 0x00, 0x00, 0x0C,
    0x00, 0x0E, 0x00, 0x05, 0x0A, 0x3B, 0x4F, 0x01, 0x01, 0x00, 0x00, 0x00, 0x04, 0x00, 0x00, 0x00,
    0x00, 0x00, 0x00, 0x00, 0x00, 0x00, 0x00, 0x00, 0x00, 0x00, 0x00, 0x00, 0x00, 0x00, 0x00, 0x00,
    0x00, 0x00, 0x00, 0x00, 0x00, 0x00, 0x00, 0x00, 0x00, 0x40, 0x40, 0x40, 0x40, 0x40, 0x40, 0x40,
    0x40, 0x00, 0x00, 0x00, 0x00, 0x00, 0x00, 0x00, 0x00, 0x53, 0x4F, 0x4D, 0x45, 0x20, 0x52, 0x45,
    0x4C, 0x45, 0x41, 0x53, 0x45, 0x20, 0x42, 0x20, 0x20, 0x19, 0x40, 0x40, 0x00, 0x03, 0x00, 0x00,
    0x00, 0x54, 0x00, 0x00, 0x00, 0x00, 0x03, 0x00, 0x00, 0x00, 0x00, 0x00, 0x00, 0x00, 0x78, 0x00,
    0x00, 0x00, 0x00, 0x00, 0x00, 0x00, 0x00, 0x00, 0x03, 0x3D, 0x10, 0x52, 0x29, 0x35, 0x7F, 0x63,
    0x00, 0x00, 0x00, 0x00, 0x00, 0x1A, 0x4A, 0x56, 0x00, 0x00, 0x19, 0x7F, 0x00, 0x00, 0x00, 0x00,
    0x7F, 0x64, 0x00, 0x2F, 0x00, 0x14, 0x5A, 0x00, 0x01, 0x00, 0x00, 0x00, 0x00, 0x00, 0x00, 0x00,
    0x00, 0x00, 0x01, 0x20, 0x01, 0x40, 0x40, 0x40, 0x1F, 0x3F, 0x39, 0x00, 0x01, 0x04, 0x00, 0x12,
    0x10, 0x0F, 0x0B, 0x00, 0x00, 0x00, 0x00, 0x03, 0x09, 0x02, 0x00, 0x00, 0x00, 0x00, 0x00, 0x00,
    0x00, 0x00, 0x00, 0x00, 0x00, 0x00, 0x00, 0x00, 0x40, 0x00, 0x00, 0x00, 0x04, 0x00, 0x00, 0x00,
    0x00, 0x00, 0x00, 0x00, 0x00, 0x00, 0x00, 0x00, 0x00, 0x00, 0x00, 0x00, 0x00, 0x00, 0x00, 0x00,
    0x00, 0x00, 0x00, 0x00, 0x00, 0x00, 0x00, 0x00, 0x00, 0x40, 0x40, 0x40, 0x40, 0x40, 0x40, 0x40,
    0x40, 0x00, 0x00, 0x00, 0x00, 0x00, 0x00, 0x00, 0x00, 0x49, 0x54, 0x20, 0x53, 0x54, 0x49, 0x4C,
    0x4C, 0x20, 0x48, 0x45, 0x52, 0x54, 0x5A, 0x20, 0x20, 0x13, 0x40, 0x40, 0x00, 0x03, 0x00, 0x00,
    0x00, 0x50, 0x00, 0x00, 0x00, 0x00, 0x03, 0x00, 0x00, 0x00, 0x00, 0x00, 0x00, 0x00, 0x78, 0x00,
    0x00, 0x00, 0x00, 0x00, 0x00, 0x00, 0x00, 0x00, 0x03, 0x3D, 0x10, 0x3F, 0x2A, 0x73, 0x7F, 0x63,
    0x00, 0x00, 0x00, 0x00, 0x00, 0x10, 0x4A, 0x56, 0x00, 0x00, 0x19, 0x7F, 0x00, 0x00, 0x00, 0x00,
    0x7F, 0x65, 0x00, 0x4B, 0x00, 0x14, 0x5A, 0x00, 0x01, 0x00, 0x00, 0x00, 0x00, 0x00, 0x00, 0x00,
    0x00, 0x00, 0x01, 0x21, 0x01, 0x40, 0x40, 0x40, 0x1F, 0x3F, 0x1A, 0x00, 0x03, 0x03, 0x00, 0x12,
    0x10, 0x0F, 0x07, 0x00, 0x00, 0x00, 0x00, 0x03, 0x09, 0x02, 0x00, 0x00, 0x00, 0x00, 0x00, 0x00,
    0x00, 0x00, 0x00, 0x00, 0x00, 0x00, 0x00, 0x00, 0x40, 0x00, 0x00, 0x00, 0x04, 0x00, 0x00, 0x00,
    0x00, 0x00, 0x00, 0x00, 0x00, 0x00, 0x00, 0x00, 0x00, 0x00, 0x00, 0x00, 0x00, 0x00, 0x00, 0x00,
    0x00, 0x00, 0x00, 0x00, 0x00, 0x00, 0x00, 0x00, 0x00, 0x00, 0x7F, 0x40, 0x40, 0x40, 0x40, 0x40,
    0x40, 0x00, 0x00, 0x00, 0x00, 0x00, 0x00, 0x00, 0x00, 0x59, 0x4F, 0x55, 0x27, 0x52, 0x45, 0x20,
    0x4E, 0x45, 0x56, 0x41, 0x20, 0x32, 0x4C, 0x4F, 0x57, 0x13, 0x40, 0x40, 0x00, 0x03, 0x00, 0x00,
    0x00, 0x5D, 0x00, 0x00, 0x00, 0x00, 0x03, 0x00, 0x00, 0x00, 0x00, 0x00, 0x00, 0x00, 0x78, 0x00,
    0x00, 0x00, 0x00, 0x00, 0x00, 0x00, 0x00, 0x00, 0x00, 0x3D, 0x10, 0x3F, 0x2A, 0x77, 0x58, 0x52,
    0x00, 0x00, 0x00, 0x02, 0x00, 0x10, 0x4F, 0x56, 0x00, 0x00, 0x19, 0x7F, 0x00, 0x00, 0x00, 0x00,
    0x49, 0x00, 0x00, 0x4B, 0x00, 0x14, 0x5A, 0x00, 0x01, 0x00, 0x00, 0x00, 0x00, 0x00, 0x00, 0x00,
    0x00, 0x07, 0x00, 0x24, 0x01, 0x40, 0x40, 0x40, 0x1F, 0x3F, 0x1A, 0x00, 0x03, 0x03, 0x00, 0x09,
    0x16, 0x7F, 0x0C, 0x00, 0x00, 0x00, 0x00, 0x03, 0x09, 0x02, 0x00, 0x00, 0x00, 0x00, 0x00, 0x0C,
    0x02, 0x13, 0x06, 0x00, 0x00, 0x00, 0x00, 0x01, 0x01, 0x00, 0x00, 0x00, 0x04, 0x00, 0x00, 0x00,
    0x00, 0x00, 0x00, 0x00, 0x00, 0x00, 0x00, 0x00, 0x00, 0x00, 0x00, 0x00, 0x00, 0x00, 0x00, 0x00,
    0x00, 0x00, 0x00, 0x00, 0x00, 0x00, 0x00, 0x00, 0x00, 0x00, 0x7F, 0x00, 0x7F, 0x00, 0x7F, 0x00,
    0x7F, 0x7F, 0x00, 0x7F, 0x00, 0x00, 0x7F, 0x00, 0x7F, 0x56, 0x45, 0x52, 0x4F, 0x20, 0x4D, 0x4F,
    0x44, 0x20, 0x20, 0x20, 0x20, 0x20, 0x20, 0x20, 0x20, 0x00, 0x40, 0x30, 0x40, 0x00, 0x00, 0x00,
    0x00, 0x59, 0x00, 0x00, 0x00, 0x00, 0x01, 0x00, 0x00, 0x00, 0x00, 0x00, 0x00, 0x00, 0x20, 0x00,
    0x0F, 0x15, 0x00, 0x0A, 0x07, 0x00, 0x00, 0x00, 0x00, 0x40, 0x10, 0x44, 0x3F, 0x75, 0x7F, 0x61,
    0x00, 0x00, 0x00, 0x02, 0x00, 0x23, 0x57, 0x00, 0x05, 0x00, 0x00, 0x13, 0x36, 0x00, 0x00, 0x00,
    0x2E, 0x56, 0x62, 0x16, 0x00, 0x37, 0x00, 0x00, 0x01, 0x06, 0x0C, 0x00, 0x00, 0x02, 0x00, 0x00,
    0x00, 0x00, 0x01, 0x21, 0x01, 0x40, 0x40, 0x40, 0x1F, 0x3F, 0x2E, 0x00, 0x03, 0x03, 0x00, 0x12,
    0x10, 0x11, 0x09, 0x0B, 0x0E, 0x0F, 0x00, 0x03, 0x09, 0x02, 0x00, 0x00, 0x00, 0x00, 0x00, 0x0A,
    0x0C, 0x05, 0x0B, 0x04, 0x05, 0x7E, 0x7E, 0x01, 0x01, 0x00, 0x4C, 0x00, 0x04, 0x00, 0x00, 0x00,
    0x00, 0x00, 0x00, 0x00, 0x00, 0x00, 0x00, 0x00, 0x00, 0x00, 0x00, 0x00, 0x00, 0x00, 0x00, 0x00,
    0x00, 0x00, 0x00, 0x00, 0x00, 0x00, 0x00, 0x00, 0x00, 0x00, 0x7F, 0x40, 0x40, 0x40, 0x40, 0x40,
    0x40, 0x00, 0x00, 0x00, 0x00, 0x00, 0x00, 0x00, 0x00, 0x43, 0x41, 0x4E, 0x27, 0x54, 0x20, 0x4D,
    0x41, 0x4B, 0x45, 0x20, 0x55, 0x50, 0x20, 0x20, 0x20, 0x0C, 0x40, 0x30, 0x40, 0x00, 0x00, 0x00,
    0x00, 0x3B, 0x00, 0x00, 0x05, 0x00, 0x03, 0x0A, 0x00, 0x00, 0x00, 0x00, 0x00, 0x00, 0x78, 0x00,
    0x00, 0x00, 0x00, 0x00, 0x00, 0x00, 0x00, 0x0C, 0x0C, 0x3C, 0x10, 0x46, 0x39, 0x5A, 0x7F, 0x7F,
    0x0F, 0x00, 0x00, 0x02, 0x01, 0x15, 0x4B, 0x7F, 0x37, 0x02, 0x00, 0x21, 0x7F, 0x63, 0x24, 0x00,
    0x27, 0x67, 0x65, 0x25, 0x00, 0x14, 0x5A, 0x00, 0x01, 0x00, 0x00, 0x00, 0x00, 0x00, 0x00, 0x03,
    0x00, 0x02, 0x00, 0x21, 0x01, 0x40, 0x40, 0x40, 0x1F, 0x3F, 0x16, 0x00, 0x01, 0x02, 0x00, 0x12,
    0x10, 0x0F, 0x27, 0x0D, 0x00, 0x13, 0x00, 0x03, 0x09, 0x02, 0x00, 0x00, 0x00, 0x00, 0x00, 0x0C,
    0x00, 0x0B, 0x00, 0x04, 0x05, 0x3B, 0x3B, 0x01, 0x01, 0x7F, 0x00, 0x00, 0x04, 0x00, 0x00, 0x00,
    0x00, 0x00, 0x00, 0x00, 0x00, 0x00, 0x00, 0x00, 0x00, 0x00, 0x00, 0x00, 0x00, 0x00, 0x00, 0x00,
    0x00, 0x00, 0x00, 0x00, 0x00, 0x00, 0x00, 0x00, 0x00, 0x00, 0x7F, 0x40, 0x40, 0x40, 0x40, 0x40,
    0x40, 0x00, 0x00, 0x00, 0x00, 0x00, 0x00, 0x00, 0x00, 0x43, 0x48, 0x41, 0x52, 0x41, 0x43, 0x54,
    0x4F, 0x52, 0x20, 0x43, 0x41, 0x4C, 0x4C, 0x20, 0x20, 0x06, 0x40, 0x3D, 0x00, 0x00, 0x00, 0x00,
    0x00, 0x58, 0x00, 0x00, 0x00, 0x00, 0x01, 0x00, 0x00, 0x00, 0x00, 0x00, 0x00, 0x00, 0x15, 0x00,
    0x3A, 0x00, 0x00, 0x02, 0x00, 0x00, 0x00, 0x00, 0x00, 0x40, 0x10, 0x2A, 0x13, 0x25, 0x7E, 0x00,
    0x00, 0x00, 0x00, 0x02, 0x04, 0x13, 0x3D, 0x7F, 0x00, 0x01, 0x25, 0x00, 0x7F, 0x00, 0x13, 0x00,
    0x00, 0x7F, 0x7F, 0x00, 0x10, 0x7B, 0x00, 0x00, 0x01, 0x0A, 0x05, 0x00, 0x1B, 0x7F, 0x00, 0x01,
    0x00, 0x00, 0x01, 0x23, 0x01, 0x40, 0x40, 0x40, 0x1F, 0x3F, 0x2E, 0x00, 0x01, 0x04, 0x00, 0x12,
    0x10, 0x15, 0x09, 0x0D, 0x02, 0x7F, 0x09, 0x03, 0x09, 0x02, 0x00, 0x00, 0x00, 0x00, 0x00, 0x09,
    0x0C, 0x05, 0x15, 0x06, 0x0C, 0x3D, 0x44, 0x01, 0x01, 0x00, 0x55, 0x19, 0x04, 0x00, 0x00, 0x00,
    0x00, 0x04, 0x00, 0x00, 0x00, 0x00, 0x00, 0x00, 0x00, 0x00, 0x00, 0x00, 0x00, 0x00, 0x00, 0x00,
    0x00, 0x00, 0x00, 0x00, 0x00, 0x00, 0x00, 0x00, 0x00, 0x00, 0x7F, 0x20, 0x60, 0x28, 0x58, 0x40,
    0x40, 0x00, 0x00, 0x00, 0x00, 0x00, 0x00, 0x00, 0x00, 0x56, 0x45, 0x4E, 0x45, 0x52, 0x41, 0x54,
    0x49, 0x4F, 0x4E, 0x41, 0x4C, 0x20, 0x20, 0x20, 0x20, 0x06, 0x40, 0x3D, 0x00, 0x00, 0x00, 0x00,
    0x00, 0x58, 0x00, 0x00, 0x00, 0x00, 0x01, 0x00, 0x00, 0x00, 0x00, 0x00, 0x00, 0x00, 0x15, 0x00,
    0x00, 0x00, 0x00, 0x00, 0x00, 0x00, 0x00, 0x00, 0x3C, 0x41, 0x10, 0x2A, 0x13, 0x25, 0x7E, 0x00,
    0x00, 0x00, 0x00, 0x00, 0x00, 0x13, 0x3D, 0x7F, 0x00, 0x00, 0x25, 0x00, 0x7F, 0x00, 0x00, 0x00,
    0x00, 0x7F, 0x7F, 0x00, 0x10, 0x7B, 0x00, 0x00, 0x01, 0x0A, 0x05, 0x00, 0x1B, 0x7F, 0x00, 0x01,
    0x00, 0x00, 0x01, 0x21, 0x01, 0x40, 0x40, 0x40, 0x1F, 0x3F, 0x2E, 0x00, 0x01, 0x04, 0x00, 0x12,
    0x10, 0x15, 0x09, 0x0D, 0x00, 0x7F, 0x00, 0x03, 0x09, 0x02, 0x00, 0x00, 0x00, 0x00, 0x00, 0x09,
    0x00, 0x05, 0x00, 0x00, 0x00, 0x00, 0x00, 0x01, 0x00, 0x00, 0x55, 0x19, 0x04, 0x00, 0x00, 0x00,
    0x00, 0x00, 0x00, 0x00, 0x00, 0x00, 0x00, 0x00, 0x00, 0x00, 0x00, 0x00, 0x00, 0x00, 0x00, 0x00,
    0x00, 0x00, 0x00, 0x00, 0x00, 0x00, 0x00, 0x00, 0x00, 0x40, 0x40, 0x40, 0x40, 0x40, 0x40, 0x40,
    0x40, 0x00, 0x00, 0x00, 0x00, 0x00, 0x00, 0x00, 0x00, 0x54, 0x48, 0x45, 0x20, 0x4D, 0x4F, 0x4D,
    0x45, 0x4E, 0x54, 0x20, 0x55, 0x4B, 0x4E, 0x4F, 0x57, 0x06, 0x40, 0x3D, 0x00, 0x00, 0x00, 0x00,
    0x00, 0x56, 0x00, 0x00, 0x00, 0x00, 0x01, 0x00, 0x00, 0x00, 0x00, 0x00, 0x00, 0x00, 0x15, 0x00,
    0x00, 0x00, 0x00, 0x00, 0x00, 0x00, 0x00, 0x00, 0x30, 0x41, 0x10, 0x2A, 0x40, 0x5D, 0x7E, 0x00,
    0x00, 0x00, 0x00, 0x00, 0x00, 0x13, 0x45, 0x7F, 0x00, 0x00, 0x25, 0x00, 0x7F, 0x00, 0x00, 0x00,
    0x00, 0x7F, 0x7F, 0x28, 0x10, 0x7B, 0x00, 0x00, 0x01, 0x0A, 0x05, 0x00, 0x21, 0x7F, 0x00, 0x01,
    0x00, 0x00, 0x01, 0x21, 0x01, 0x40, 0x40, 0x40, 0x1F, 0x3F, 0x2E, 0x00, 0x01, 0x04, 0x00, 0x12,
    0x10, 0x16, 0x08, 0x0D, 0x00, 0x7F, 0x00, 0x03, 0x09, 0x02, 0x00, 0x00, 0x00, 0x00, 0x00, 0x09,
    0x0B, 0x05, 0x0F, 0x00, 0x00, 0x00, 0x00, 0x01, 0x00, 0x00, 0x55, 0x19, 0x04, 0x00, 0x00, 0x00,
    0x00, 0x00, 0x00, 0x00, 0x00, 0x00, 0x00, 0x00, 0x00, 0x00, 0x00, 0x00, 0x00, 0x00, 0x00, 0x00,
    0x00, 0x00, 0x00, 0x00, 0x00, 0x00, 0x00, 0x00, 0x00, 0x40, 0x40, 0x40, 0x40, 0x40, 0x40, 0x40,
    0x40, 0x00, 0x00, 0x00, 0x00, 0x00, 0x00, 0x00, 0x00, 0x54, 0x48, 0x45, 0x20, 0x4D, 0x4F, 0x4D,
    0x45, 0x4E, 0x54, 0x20, 0x49, 0x4B, 0x4E, 0x4F, 0x57, 0x0C, 0x00, 0x30, 0x40, 0x00, 0x00, 0x00,
    0x00, 0x56, 0x00, 0x00, 0x00, 0x00, 0x03, 0x00, 0x00, 0x00, 0x00, 0x00, 0x00, 0x00, 0x78, 0x00,
    0x00, 0x00, 0x00, 0x00, 0x00, 0x00, 0x00, 0x00, 0x04, 0x3D, 0x10, 0x3F, 0x49, 0x23, 0x7F, 0x3F,
    0x00, 0x00, 0x00, 0x02, 0x04, 0x24, 0x3B, 0x26, 0x27, 0x00, 0x04, 0x41, 0x45, 0x68, 0x00, 0x00,
    0x24, 0x63, 0x7F, 0x00, 0x00, 0x31, 0x1E, 0x52, 0x01, 0x07, 0x00, 0x00, 0x00, 0x00, 0x00, 0x00,
    0x00, 0x00, 0x01, 0x21, 0x01, 0x40, 0x40, 0x40, 0x1F, 0x3F, 0x16, 0x00, 0x03, 0x04, 0x00, 0x12,
    0x0A, 0x0F, 0x07, 0x00, 0x00, 0x00, 0x00, 0x03, 0x09, 0x03, 0x00, 0x00, 0x00, 0x00, 0x00, 0x10,
    0x0C, 0x07, 0x0B, 0x00, 0x00, 0x00, 0x00, 0x01, 0x01, 0x7F, 0x00, 0x00, 0x04, 0x00, 0x00, 0x00,
    0x00, 0x00, 0x00, 0x00, 0x00, 0x00, 0x00, 0x00, 0x00, 0x00, 0x00, 0x00, 0x00, 0x00, 0x00, 0x00,
    0x00, 0x00, 0x00, 0x00, 0x00, 0x00, 0x00, 0x00, 0x00, 0x20, 0x60, 0x40, 0x40, 0x40, 0x40, 0x40,
    0x40, 0x00, 0x00, 0x00, 0x00, 0x00, 0x00, 0x00, 0x00, 0x46, 0x52, 0x45, 0x45, 0x57, 0x41, 0x56,
    0x45, 0x20, 0x20, 0x20, 0x20, 0x20, 0x20, 0x20, 0x20, 0x0C, 0x40, 0x30, 0x40, 0x00, 0x00, 0x00,
    0x01, 0x52, 0x00, 0x7F, 0x00, 0x00, 0x02, 0x00, 0x00, 0x00, 0x00, 0x00, 0x00, 0x01, 0x3C, 0x00,
    0x7F, 0x00, 0x00, 0x02, 0x00, 0x00, 0x00, 0x00, 0x00, 0x3C, 0x10, 0x46, 0x39, 0x11, 0x7F, 0x7F,
    0x0F, 0x00, 0x0C, 0x02, 0x01, 0x2C, 0x60, 0x7F, 0x37, 0x02, 0x00, 0x21, 0x7F, 0x63, 0x5D, 0x00,
    0x35, 0x7F, 0x65, 0x46, 0x00, 0x00, 0x00, 0x00, 0x01, 0x02, 0x00, 0x00, 0x1E, 0x00, 0x00, 0x03,
    0x00, 0x02, 0x00, 0x21, 0x01, 0x40, 0x40, 0x40, 0x1F, 0x3F, 0x13, 0x00, 0x01, 0x02, 0x00, 0x09,
    0x00, 0x22, 0x00, 0x0D, 0x00, 0x13, 0x00, 0x03, 0x09, 0x02, 0x00, 0x00, 0x00, 0x00, 0x00, 0x0A,
    0x00, 0x04, 0x00, 0x00, 0x00, 0x00, 0x00, 0x01, 0x01, 0x7F, 0x00, 0x7F, 0x04, 0x00, 0x00, 0x00,
    0x00, 0x00, 0x00, 0x00, 0x00, 0x00, 0x00, 0x00, 0x00, 0x00, 0x00, 0x00, 0x00, 0x00, 0x00, 0x00,
    0x00, 0x00, 0x00, 0x00, 0x00, 0x00, 0x00, 0x00, 0x00, 0x00, 0x7F, 0x40, 0x40, 0x40, 0x40, 0x40,
    0x40, 0x00, 0x00, 0x00, 0x00, 0x00, 0x00, 0x00, 0x00, 0x53, 0x48, 0x41, 0x52, 0x45, 0x44, 0x20,
    0x50, 0x55, 0x4C, 0x53, 0x45, 0x20, 0x20, 0x20, 0x20, 0x07, 0x40, 0x3D, 0x00, 0x00, 0x00, 0x00,
    0x00, 0x66, 0x00, 0x00, 0x00, 0x00, 0x01, 0x00, 0x00, 0x00, 0x00, 0x00, 0x00, 0x00, 0x1B, 0x00,
    0x18, 0x00, 0x00, 0x07, 0x00, 0x00, 0x00, 0x18, 0x0C, 0x42, 0x00, 0x31, 0x33, 0x18, 0x6D, 0x7F,
    0x00, 0x00, 0x00, 0x02, 0x00, 0x20, 0x57, 0x61, 0x2C, 0x01, 0x03, 0x39, 0x5E, 0x7F, 0x2E, 0x00,
    0x39, 0x7F, 0x7F, 0x30, 0x00, 0x51, 0x00, 0x00, 0x01, 0x0C, 0x00, 0x00, 0x28, 0x00, 0x00, 0x00,
    0x00, 0x02, 0x01, 0x20, 0x00, 0x40, 0x40, 0x40, 0x1F, 0x3F, 0x08, 0x00, 0x01, 0x02, 0x00, 0x12,
    0x00, 0x18, 0x00, 0x0D, 0x02, 0x00, 0x00, 0x03, 0x09, 0x02, 0x00, 0x00, 0x00, 0x00, 0x00, 0x09,
    0x04, 0x02, 0x7F, 0x04, 0x05, 0x36, 0x36, 0x01, 0x01, 0x1F, 0x0D, 0x7F, 0x04, 0x00, 0x01, 0x00,
    0x00, 0x00, 0x00, 0x00, 0x00, 0x00, 0x00, 0x00, 0x00, 0x00, 0x00, 0x00, 0x00, 0x00, 0x00, 0x00,
    0x00, 0x00, 0x00, 0x00, 0x00, 0x00, 0x00, 0x00, 0x00, 0x40, 0x40, 0x40, 0x40, 0x40, 0x40, 0x40,
    0x40, 0x00, 0x00, 0x00, 0x00, 0x00, 0x00, 0x00, 0x00, 0x50, 0x4F, 0x47, 0x4F, 0x4E, 0x4F, 0x46,
    0x4F, 0x52, 0x41, 0x20, 0x20, 0x20, 0x20, 0x20, 0x20, 0x1A, 0x40, 0x3D, 0x00, 0x00, 0x00, 0x00,
    0x00, 0x66, 0x00, 0x00, 0x00, 0x00, 0x01, 0x00, 0x00, 0x00, 0x00, 0x00, 0x00, 0x00, 0x08, 0x00,
    0x18, 0x6E, 0x00, 0x07, 0x09, 0x00, 0x00, 0x00, 0x00, 0x42, 0x00, 0x31, 0x33, 0x5A, 0x6D, 0x7F,
    0x00, 0x00, 0x00, 0x02, 0x04, 0x50, 0x62, 0x7F, 0x4D, 0x01, 0x0B, 0x08, 0x00, 0x7F, 0x00, 0x00,
    0x00, 0x7F, 0x7F, 0x00, 0x00, 0x63, 0x00, 0x00, 0x01, 0x0A, 0x00, 0x00, 0x00, 0x00, 0x00, 0x00,
    0x00, 0x02, 0x01, 0x00, 0x01, 0x40, 0x40, 0x40, 0x1F, 0x3F, 0x1C, 0x00, 0x02, 0x01, 0x00, 0x17,
    0x16, 0x7F, 0x43, 0x00, 0x00, 0x00, 0x00, 0x03, 0x09, 0x02, 0x00, 0x00, 0x00, 0x00, 0x00, 0x0C,
    0x02, 0x0C, 0x12, 0x05, 0x0A, 0x45, 0x3D, 0x01, 0x01, 0x00, 0x00, 0x00, 0x04, 0x00, 0x00, 0x00,
    0x00, 0x00, 0x00, 0x00, 0x00, 0x00, 0x00, 0x00, 0x00, 0x00, 0x00, 0x00, 0x00, 0x00, 0x00, 0x00,
    0x00, 0x01, 0x01, 0x01, 0x01, 0x01, 0x01, 0x01, 0x01, 0x3F, 0x41, 0x3F, 0x41, 0x3F, 0x41, 0x3F,
    0x41, 0x01, 0x01, 0x01, 0x01, 0x01, 0x01, 0x01, 0x01, 0x44, 0x41, 0x4E, 0x43, 0x45, 0x20, 0x48,
    0x41, 0x4C, 0x4C, 0x20, 0x53, 0x57, 0x50, 0x20, 0x2A, 0x00, 0x40, 0x30, 0x40, 0x00, 0x00, 0x01,
    0x00, 0x5B, 0x00, 0x00, 0x00, 0x00, 0x01, 0x00, 0x00, 0x00, 0x00, 0x00, 0x00, 0x00, 0x20, 0x00,
    0x06, 0x04, 0x00, 0x0A, 0x07, 0x00, 0x00, 0x0C, 0x0C, 0x47, 0x00, 0x34, 0x41, 0x22, 0x7F, 0x11,
    0x00, 0x00, 0x00, 0x02, 0x04, 0x26, 0x14, 0x4C, 0x17, 0x00, 0x00, 0x2B, 0x3C, 0x00, 0x00, 0x00,
    0x1D, 0x7C, 0x7D, 0x14, 0x00, 0x19, 0x00, 0x00, 0x01, 0x0C, 0x0B, 0x00, 0x00, 0x00, 0x00, 0x00,
    0x00, 0x00, 0x01, 0x20, 0x01, 0x40, 0x40, 0x40, 0x1F, 0x3F, 0x2E, 0x00, 0x03, 0x03, 0x00, 0x12,
    0x10, 0x16, 0x03, 0x0B, 0x0E, 0x0F, 0x00, 0x03, 0x09, 0x02, 0x00, 0x00, 0x00, 0x00, 0x00, 0x09,
    0x0C, 0x01, 0x0B, 0x05, 0x0A, 0x40, 0x4A, 0x01, 0x01, 0x00, 0x00, 0x00, 0x04, 0x00, 0x00, 0x00,
    0x00, 0x00, 0x00, 0x00, 0x00, 0x00, 0x00, 0x00, 0x00, 0x00, 0x00, 0x00, 0x00, 0x00, 0x00, 0x00,
    0x00, 0x00, 0x00, 0x00, 0x00, 0x00, 0x00, 0x00, 0x00, 0x40, 0x40, 0x40, 0x66, 0x40, 0x40, 0x40,
    0x40, 0x00, 0x00, 0x00, 0x00, 0x00, 0x00, 0x00, 0x00, 0x54, 0x48, 0x41, 0x54, 0x20, 0x47, 0x49,
    0x52, 0x4C, 0x20, 0x54, 0x48, 0x49, 0x4E, 0x4B, 0x53, 0x05, 0x40, 0x30, 0x40, 0x03, 0x00, 0x00,
    0x00, 0x4B, 0x00, 0x00, 0x00, 0x00, 0x01, 0x02, 0x00, 0x00, 0x00, 0x00, 0x00, 0x00, 0x78, 0x00,
    0x00, 0x00, 0x00, 0x00, 0x00, 0x00, 0x00, 0x00, 0x00, 0x43, 0x10, 0x3F, 0x3F, 0x22, 0x7F, 0x0C,
    0x00, 0x00, 0x00, 0x02, 0x04, 0x07, 0x00, 0x31, 0x48, 0x00, 0x00, 0x00, 0x54, 0x00, 0x34, 0x00,
    0x14, 0x7F, 0x00, 0x16, 0x00, 0x00, 0x00, 0x00, 0x01, 0x00, 0x00, 0x00, 0x00, 0x00, 0x00, 0x00,
    0x00, 0x00, 0x00, 0x20, 0x01, 0x40, 0x40, 0x40, 0x1F, 0x3F, 0x0D, 0x00, 0x01, 0x02, 0x00, 0x12,
    0x10, 0x16, 0x0C, 0x05, 0x06, 0x7F, 0x00, 0x03, 0x09, 0x02, 0x00, 0x00, 0x00, 0x00, 0x00, 0x02,
    0x0C, 0x01, 0x0E, 0x00, 0x00, 0x00, 0x00, 0x01, 0x01, 0x00, 0x00, 0x00, 0x04, 0x00, 0x00, 0x00,
    0x00, 0x00, 0x00, 0x00, 0x00, 0x00, 0x00, 0x00, 0x00, 0x00, 0x00, 0x00, 0x00, 0x00, 0x00, 0x00,
    0x00, 0x00, 0x00, 0x00, 0x00, 0x00, 0x00, 0x00, 0x00, 0x40, 0x40, 0x40, 0x40, 0x40, 0x40, 0x40,
    0x40, 0x00, 0x00, 0x00, 0x00, 0x00, 0x00, 0x00, 0x00, 0x42, 0x41, 0x4B, 0x41, 0x20, 0x42, 0x41,
    0x4B, 0x41, 0x20, 0x20, 0x20, 0x20, 0x20, 0x20, 0x20, 0x00, 0x00, 0x40, 0x00, 0x00, 0x00, 0x00,
    0x00, 0x5D, 0x00, 0x00, 0x00, 0x00, 0x03, 0x00, 0x00, 0x00, 0x00, 0x00, 0x00, 0x01, 0x53, 0x00,
    0x00, 0x00, 0x00, 0x10, 0x00, 0x00, 0x00, 0x00, 0x00, 0x40, 0x00, 0x2C, 0x3D, 0x22, 0x7F, 0x7F,
    0x00, 0x00, 0x00, 0x01, 0x00, 0x00, 0x00, 0x00, 0x7F, 0x00, 0x00, 0x3D, 0x57, 0x00, 0x40, 0x00,
    0x2D, 0x3A, 0x00, 0x00, 0x00, 0x5A, 0x40, 0x00, 0x00, 0x02, 0x00, 0x00, 0x00, 0x00, 0x00, 0x00,
    0x00, 0x07, 0x00, 0x21, 0x01, 0x40, 0x40, 0x28, 0x4B, 0x06, 0x40, 0x40, 0x00, 0x02, 0x00, 0x00,
    0x00, 0x59, 0x00, 0x03, 0x07, 0x09, 0x01, 0x0C, 0x06, 0x00, 0x00, 0x00, 0x00, 0x00, 0x3A, 0x00,
    0x04, 0x0A, 0x08, 0x02, 0x10, 0x07, 0x00, 0x18, 0x18, 0x4C, 0x00, 0x14, 0x5B, 0x66, 0x7F, 0x7F,
    0x09, 0x13, 0x00, 0x02, 0x00, 0x41, 0x6E, 0x38, 0x03, 0x00, 0x19, 0x7F, 0x00, 0x00, 0x37, 0x2A,
    0x7F, 0x7F, 0x00, 0x4E, 0x49, 0x62, 0x00, 0x00, 0x16, 0x07, 0x0C, 0x00, 0x7F, 0x06, 0x00, 0x00,
    0x00, 0x00, 0x00, 0x00, 0x01, 0x40, 0x40, 0x40, 0x2F, 0x3F, 0x00, 0x05, 0x00, 0x01, 0x00, 0x09,
    0x16, 0x06, 0x12, 0x0D, 0x00, 0x02, 0x00, 0x03, 0x09, 0x02, 0x03, 0x00, 0x00, 0x00, 0x00, 0x04,
    0x0A, 0x7F, 0x0A, 0x05, 0x0A, 0x3B, 0x36, 0x01, 0x01, 0x00, 0x37, 0x00, 0x04, 0x00, 0x00, 0x00,
    0x00, 0x00, 0x00, 0x00, 0x00, 0x00, 0x00, 0x00, 0x00, 0x00, 0x00, 0x00, 0x00, 0x00, 0x00, 0x00,
    0x00, 0x16, 0x17, 0x18, 0x19, 0x18, 0x17, 0x16, 0x15, 0x1E, 0x61, 0x1E, 0x61, 0x1E, 0x61, 0x1E,
    0x61, 0x39, 0x39, 0x39, 0x39, 0x39, 0x39, 0x39, 0x39, 0x4D, 0x45, 0x4C, 0x4C, 0x4F, 0x54, 0x52,
    0x4F, 0x4E, 0x20, 0x4D, 0x53, 0x52, 0x20, 0x30, 0x38, 0x20, 0x0A, 0x00, 0x01, 0x02, 0x00, 0x12,
    0x00, 0x19, 0x00, 0x10, 0x00, 0x00, 0x00, 0x03, 0x09, 0x02, 0x00, 0x11, 0x00, 0x00, 0x00, 0x00,
    0x00, 0x00, 0x00, 0x00, 0x00, 0x40, 0x40, 0x00, 0x00, 0x02, 0x02, 0x02, 0x00, 0x00, 0x00, 0x00,
    0x00, 0x00, 0x00, 0x00, 0x00, 0x00, 0x00, 0x00, 0x00, 0x00, 0x00, 0x00, 0x00, 0x00, 0x00, 0x00,
    0x00, 0x07, 0x07, 0x07, 0x07, 0x07, 0x07, 0x07, 0x07, 0x40, 0x40, 0x40, 0x40, 0x40, 0x40, 0x40,
    0x40, 0x00, 0x00, 0x00, 0x00, 0x00, 0x00, 0x00, 0x00, 0x49, 0x4E, 0x49, 0x54, 0x49, 0x41, 0x4C,
    0x20, 0x20, 0x20, 0x20, 0x20, 0x20, 0x20, 0x20, 0x20, 0x05, 0x40, 0x30, 0x40, 0x00, 0x00, 0x00,
    0x05, 0x39, 0x00, 0x7F, 0x10, 0x00, 0x09, 0x07, 0x00, 0x00, 0x00, 0x00, 0x00, 0x00, 0x14, 0x00,
    0x01, 0x05, 0x03, 0x02, 0x0A, 0x06, 0x00, 0x0C, 0x0C, 0x46, 0x00, 0x40, 0x42, 0x5D, 0x48, 0x7F,
    0x00, 0x00, 0x00, 0x00, 0x04, 0x17, 0x61, 0x4F, 0x7F, 0x00, 0x1F, 0x6F, 0x14, 0x7F, 0x00, 0x1B,
    0x00, 0x7F, 0x7F, 0x2D, 0x59, 0x14, 0x5A, 0x00, 0x01, 0x01, 0x14, 0x09, 0x00, 0x00, 0x00, 0x00,
    0x00, 0x00, 0x00, 0x24, 0x01, 0x40, 0x40, 0x40, 0x1F, 0x3F, 0x19, 0x00, 0x02, 0x02, 0x00, 0x17,
    0x16, 0x7F, 0x2F, 0x0D, 0x00, 0x13, 0x00, 0x03, 0x09, 0x02, 0x00, 0x00, 0x00, 0x00, 0x00, 0x02,
    0x00, 0x0E, 0x00, 0x00, 0x00, 0x00, 0x00, 0x01, 0x40, 0x00, 0x00, 0x00, 0x04, 0x00, 0x00, 0x00,
    0x00, 0x00, 0x00, 0x00, 0x00, 0x00, 0x00, 0x00, 0x00, 0x00, 0x00, 0x00, 0x00, 0x00, 0x00, 0x00,
    0x00, 0x0F, 0x0E, 0x10, 0x0D, 0x11, 0x0C, 0x10, 0x0B, 0x10, 0x70, 0x1C, 0x64, 0x28, 0x58, 0x34,
    0x4C, 0x7F, 0x7F, 0x7F, 0x7F, 0x7F, 0x7F, 0x7F, 0x7F, 0x50, 0x48, 0x41, 0x54, 0x20, 0x20, 0x42,
    0x4C, 0x41, 0x53, 0x54, 0x41, 0x20, 0x20, 0x20, 0x20, 0x0F, 0x40, 0x40, 0x00, 0x03, 0x00, 0x00,
    0x02, 0x3E, 0x00, 0x00, 0x7F, 0x00, 0x01, 0x04, 0x00, 0x00, 0x00, 0x00, 0x00, 0x00, 0x28, 0x00,
    0x18, 0x7F, 0x00, 0x07, 0x07, 0x00, 0x00, 0x0C, 0x3F, 0x43, 0x10, 0x29, 0x3D, 0x4B, 0x12, 0x00,
    0x00, 0x00, 0x41, 0x02, 0x04, 0x25, 0x61, 0x47, 0x1E, 0x00, 0x31, 0x52, 0x00, 0x78, 0x00, 0x00,
    0x64, 0x00, 0x00, 0x00, 0x00, 0x64, 0x5A, 0x00, 0x01, 0x00, 0x00, 0x00, 0x00, 0x00, 0x00, 0x00,
    0x00, 0x00, 0x01, 0x22, 0x01, 0x40, 0x40, 0x40, 0x1F, 0x3F, 0x29, 0x00, 0x01, 0x02, 0x00, 0x10,
    0x07, 0x34, 0x02, 0x00, 0x00, 0x00, 0x00, 0x03, 0x09, 0x02, 0x00, 0x00, 0x00, 0x00, 0x00, 0x0A,
    0x00, 0x10, 0x00, 0x07, 0x04, 0x44, 0x45, 0x01, 0x01, 0x7F, 0x75, 0x00, 0x04, 0x00, 0x00, 0x00,
    0x00, 0x00, 0x00, 0x00, 0x00, 0x00, 0x00, 0x00, 0x00, 0x00, 0x00, 0x00, 0x00, 0x00, 0x00, 0x00,
    0x00, 0x00, 0x00, 0x00, 0x00, 0x00, 0x00, 0x00, 0x00, 0x00, 0x7F, 0x20, 0x60, 0x40, 0x40, 0x40,
    0x40, 0x00, 0x00, 0x00, 0x00, 0x00, 0x00, 0x00, 0x00, 0x57, 0x48, 0x59, 0x20, 0x49, 0x2E, 0x2E,
    0x2E, 0x20, 0x20, 0x20, 0x20, 0x20, 0x20, 0x20, 0x20, 0x11, 0x44, 0x33, 0x00, 0x03, 0x00, 0x00,
    0x03, 0x58, 0x00, 0x00, 0x7F, 0x69, 0x01, 0x04, 0x07, 0x00, 0x00, 0x00, 0x00, 0x00, 0x0E, 0x00,
    0x20, 0x07, 0x02, 0x06, 0x07, 0x0A, 0x00, 0x0C, 0x3C, 0x43, 0x00, 0x29, 0x3D, 0x5E, 0x00, 0x00,
    0x00, 0x00, 0x35, 0x02, 0x04, 0x25, 0x66, 0x47, 0x1E, 0x01, 0x09, 0x5B, 0x00, 0x78, 0x30, 0x00,
    0x23, 0x7F, 0x00, 0x5E, 0x00, 0x6F, 0x00, 0x00, 0x01, 0x0B, 0x00, 0x00, 0x54, 0x00, 0x00, 0x00,
    0x00, 0x00, 0x01, 0x22, 0x01, 0x40, 0x40, 0x40, 0x1F, 0x3F, 0x29, 0x00, 0x01, 0x02, 0x00, 0x07,
    0x18, 0x36, 0x30, 0x00, 0x00, 0x00, 0x00, 0x03, 0x09, 0x02, 0x00, 0x00, 0x00, 0x00, 0x00, 0x09,
    0x00, 0x05, 0x00, 0x06, 0x07, 0x3D, 0x43, 0x01, 0x01, 0x7F, 0x75, 0x00, 0x04, 0x00, 0x00, 0x00,
    0x00, 0x00, 0x00, 0x00, 0x00, 0x00, 0x00, 0x00, 0x00, 0x00, 0x00, 0x00, 0x00, 0x00, 0x00, 0x00,
    0x00, 0x28, 0x29, 0x2B, 0x2C, 0x00, 0x00, 0x00, 0x00, 0x00, 0x7F, 0x20, 0x60, 0x40, 0x40, 0x40,
    0x40, 0x7F, 0x7F, 0x7F, 0x7F, 0x00, 0x00, 0x00, 0x00, 0x45, 0x59, 0x45, 0x20, 0x59, 0x41, 0x2E,
    0x2E, 0x2E, 0x20, 0x20, 0x20, 0x20, 0x20, 0x20, 0x20, 0x00, 0x40, 0x30, 0x40, 0x00, 0x00, 0x00,
    0x00, 0x5C, 0x00, 0x00, 0x00, 0x00, 0x03, 0x00, 0x00, 0x00, 0x00, 0x00, 0x00, 0x00, 0x78, 0x00,
    0x00, 0x00, 0x00, 0x00, 0x00, 0x00, 0x00, 0x00, 0x0C, 0x3F, 0x00, 0x6B, 0x5E, 0x2A, 0x7F, 0x7B,
    0x00, 0x00, 0x00, 0x02, 0x04, 0x75, 0x46, 0x00, 0x55, 0x00, 0x1F, 0x1B, 0x3C, 0x00, 0x00, 0x00,
    0x60, 0x5D, 0x7A, 0x29, 0x00, 0x1B, 0x00, 0x00, 0x00, 0x0C, 0x00, 0x00, 0x13, 0x00, 0x00, 0x00,
    0x00, 0x00, 0x01, 0x20, 0x01, 0x40, 0x40, 0x40, 0x1F, 0x3F, 0x09, 0x00, 0x01, 0x02, 0x00, 0x12,
    0x10, 0x13, 0x04, 0x09, 0x05, 0x00, 0x00, 0x03, 0x09, 0x02, 0x00, 0x00, 0x00, 0x00, 0x00, 0x00,
    0x00, 0x00, 0x00, 0x00, 0x00, 0x00, 0x00, 0x00, 0x40, 0x00, 0x00, 0x00, 0x04, 0x00, 0x00, 0x00,
    0x00, 0x02, 0x00, 0x00, 0x00, 0x00, 0x00, 0x00, 0x00, 0x00, 0x00, 0x00, 0x00, 0x00, 0x00, 0x00,
    0x00, 0x00, 0x00, 0x00, 0x00, 0x00, 0x00, 0x00, 0x00, 0x40, 0x40, 0x00, 0x7F, 0x40, 0x40, 0x40,
    0x40, 0x00, 0x00, 0x00, 0x00, 0x00, 0x00, 0x00, 0x00, 0x44, 0x52, 0x4F, 0x50, 0x50, 0x20, 0x54,
    0x48, 0x41, 0x54, 0x20, 0x42, 0x4F, 0x4D, 0x42, 0x21, 0x14, 0x40, 0x3D, 0x00, 0x00, 0x00, 0x00,
    0x00, 0x52, 0x00, 0x00, 0x00, 0x00, 0x01, 0x00, 0x00, 0x00, 0x00, 0x00, 0x00, 0x00, 0x1B, 0x00,
    0x18, 0x00, 0x00, 0x07, 0x00, 0x00, 0x00, 0x00, 0x00, 0x41, 0x10, 0x31, 0x14, 0x53, 0x7F, 0x48,
    0x00, 0x00, 0x00, 0x02, 0x04, 0x00, 0x4F, 0x7F, 0x00, 0x01, 0x44, 0x00, 0x7F, 0x00, 0x0D, 0x00,
    0x00, 0x7F, 0x7F, 0x00, 0x00, 0x2F, 0x00, 0x00, 0x01, 0x0A, 0x00, 0x00, 0x0C, 0x00, 0x00, 0x01,
    0x00, 0x00, 0x00, 0x21, 0x01, 0x40, 0x40, 0x40, 0x1F, 0x3F, 0x11, 0x00, 0x01, 0x02, 0x00, 0x12,
    0x10, 0x20, 0x09, 0x0D, 0x02, 0x7F, 0x03, 0x03, 0x09, 0x02, 0x00, 0x00, 0x00, 0x00, 0x00, 0x09,
    0x0C, 0x02, 0x24, 0x00, 0x00, 0x00, 0x00, 0x01, 0x40, 0x00, 0x19, 0x00, 0x04, 0x00, 0x00, 0x00,
    0x00, 0x00, 0x00, 0x00, 0x00, 0x00, 0x00, 0x00, 0x00, 0x00, 0x00, 0x00, 0x00, 0x00, 0x00, 0x00,
    0x00, 0x00, 0x00, 0x00, 0x00, 0x00, 0x00, 0x00, 0x00, 0x4A, 0x36, 0x4A, 0x36, 0x4A, 0x36, 0x4A,
    0x36, 0x00, 0x00, 0x00, 0x00, 0x00, 0x00, 0x00, 0x00, 0x50, 0x52, 0x4F, 0x50, 0x45, 0x52, 0x54,
    0x59, 0x20, 0x4F, 0x46, 0x20, 0x4E, 0x4F, 0x4E, 0x45, 0x50, 0x40, 0x40, 0x40, 0x05, 0x00, 0x00,
    0x00, 0x4B, 0x00, 0x00, 0x00, 0x00, 0x01, 0x02, 0x00, 0x00, 0x00, 0x00, 0x00, 0x03, 0x4B, 0x00,
    0x00, 0x00, 0x00, 0x09, 0x00, 0x00, 0x00, 0x00, 0x00, 0x43, 0x10, 0x3C, 0x3F, 0x11, 0x7F, 0x7F,
    0x00, 0x00, 0x00, 0x02, 0x04, 0x21, 0x00, 0x3A, 0x2C, 0x00, 0x00, 0x00, 0x54, 0x00, 0x34, 0x00,
    0x14, 0x7F, 0x7F, 0x13, 0x00, 0x00, 0x00, 0x00, 0x01, 0x00, 0x00, 0x00, 0x00, 0x00, 0x00, 0x00,
    0x00, 0x00, 0x00, 0x20, 0x01, 0x40, 0x40, 0x40, 0x1F, 0x3F, 0x0D, 0x00, 0x01, 0x02, 0x00, 0x12,
    0x10, 0x15, 0x0D, 0x05, 0x06, 0x7F, 0x00, 0x03, 0x09, 0x02, 0x00, 0x00, 0x00, 0x00, 0x00, 0x02,
    0x0C, 0x01, 0x21, 0x00, 0x00, 0x00, 0x00, 0x01, 0x01, 0x00, 0x00, 0x00, 0x04, 0x00, 0x00, 0x00,
    0x00, 0x00, 0x00, 0x00, 0x00, 0x00, 0x00, 0x00, 0x00, 0x00, 0x00, 0x00, 0x00, 0x00, 0x00, 0x00,
    0x00, 0x00, 0x00, 0x00, 0x00, 0x00, 0x00, 0x00, 0x00, 0x34, 0x4C, 0x40, 0x40, 0x40, 0x40, 0x40,
    0x40, 0x00, 0x00, 0x00, 0x00, 0x00, 0x00, 0x00, 0x00, 0x46, 0x41, 0x49, 0x4C, 0x45, 0x44, 0x20,
    0x42, 0x41, 0x52, 0x45, 0x54, 0x54, 0x41, 0x20, 0x20, 0x00, 0x40, 0x30, 0x40, 0x00, 0x00, 0x00,
    0x00, 0x59, 0x00, 0x00, 0x00, 0x00, 0x03, 0x02, 0x02, 0x00, 0x00, 0x00, 0x00, 0x00, 0x78, 0x00,
    0x00, 0x00, 0x00, 0x00, 0x00, 0x00, 0x00, 0x00, 0x00, 0x40, 0x00, 0x3F, 0x00, 0x14, 0x7F, 0x51,
    0x00, 0x00, 0x00, 0x02, 0x04, 0x22, 0x5F, 0x31, 0x00, 0x00, 0x00, 0x6B, 0x36, 0x52, 0x00, 0x00,
    0x00, 0x56, 0x00, 0x71, 0x00, 0x14, 0x5A, 0x00, 0x01, 0x00, 0x00, 0x00, 0x00, 0x00, 0x00, 0x00,
    0x00, 0x00, 0x01, 0x22, 0x01, 0x40, 0x40, 0x40, 0x1F, 0x3F, 0x1A, 0x00, 0x01, 0x02, 0x00, 0x12,
    0x10, 0x11, 0x09, 0x0D, 0x06, 0x1E, 0x00, 0x03, 0x09, 0x02, 0x00, 0x00, 0x00, 0x00, 0x00, 0x0A,
    0x0C, 0x05, 0x2B, 0x04, 0x05, 0x3E, 0x45, 0x01, 0x01, 0x00, 0x00, 0x00, 0x04, 0x00, 0x00, 0x00,
    0x00, 0x00, 0x00, 0x00, 0x00, 0x00, 0x00, 0x00, 0x00, 0x00, 0x00, 0x00, 0x00, 0x00, 0x00, 0x00,
    0x00, 0x00, 0x00, 0x00, 0x00, 0x00, 0x00, 0x00, 0x00, 0x00, 0x7F, 0x1C, 0x64, 0x40, 0x40, 0x40,
    0x40, 0x00, 0x00, 0x00, 0x00, 0x00, 0x00, 0x00, 0x00, 0x53, 0x51, 0x55, 0x41, 0x52, 0x45, 0x20,
    0x44, 0x41, 0x4E, 0x43, 0x45, 0x52, 0x20, 0x20, 0x20, 0x00, 0x40, 0x30, 0x40, 0x00, 0x00, 0x00,
    0x00, 0x59, 0x00, 0x00, 0x00, 0x00, 0x03, 0x02, 0x02, 0x00, 0x00, 0x00, 0x00, 0x00, 0x78, 0x00,
    0x00, 0x00, 0x00, 0x00, 0x00, 0x00, 0x00, 0x00, 0x0A, 0x40, 0x00, 0x3F, 0x00, 0x14, 0x7F, 0x00,
    0x00, 0x00, 0x00, 0x00, 0x04, 0x22, 0x5C, 0x31, 0x2F, 0x00, 0x00, 0x29, 0x36, 0x52, 0x00, 0x00,
    0x00, 0x7F, 0x00, 0x00, 0x00, 0x14, 0x5A, 0x00, 0x01, 0x00, 0x00, 0x00, 0x00, 0x00, 0x00, 0x00,
    0x00, 0x00, 0x01, 0x22, 0x01, 0x40, 0x40, 0x40, 0x1F, 0x3F, 0x1D, 0x00, 0x03, 0x02, 0x00, 0x12,
    0x10, 0x11, 0x09, 0x05, 0x09, 0x1C, 0x00, 0x03, 0x09, 0x02, 0x00, 0x00, 0x00, 0x00, 0x00, 0x0A,
    0x00, 0x1B, 0x00, 0x04, 0x05, 0x3F, 0x42, 0x01, 0x01, 0x00, 0x08, 0x00, 0x04, 0x00, 0x00, 0x00,
    0x00, 0x00, 0x00, 0x00, 0x00, 0x00, 0x00, 0x00, 0x00, 0x00, 0x00, 0x00, 0x00, 0x00, 0x00, 0x00,
    0x00, 0x00, 0x00, 0x00, 0x00, 0x00, 0x00, 0x00, 0x00, 0x00, 0x7F, 0x00, 0x7F, 0x40, 0x40, 0x40,
    0x40, 0x00, 0x00, 0x00, 0x00, 0x00, 0x00, 0x00, 0x00, 0x53, 0x51, 0x55, 0x41, 0x52, 0x45, 0x20,
    0x44, 0x41, 0x4E, 0x43, 0x45, 0x52, 0x20, 0x32, 0x20, 0x0B, 0x40, 0x30, 0x40, 0x00, 0x00, 0x00,
    0x00, 0x57, 0x00, 0x00, 0x00, 0x00, 0x01, 0x00, 0x00, 0x00, 0x00, 0x00, 0x00, 0x00, 0x2A, 0x00,
    0x00, 0x02, 0x34, 0x01, 0x02, 0x04, 0x00, 0x18, 0x18, 0x40, 0x00, 0x3E, 0x4C, 0x42, 0x4D, 0x66,
    0x00, 0x00, 0x00, 0x00, 0x04, 0x43, 0x59, 0x00, 0x00, 0x00, 0x00, 0x29, 0x00, 0x00, 0x00, 0x1B,
    0x00, 0x7F, 0x6C, 0x1A, 0x00, 0x14, 0x5A, 0x00, 0x01, 0x00, 0x00, 0x00, 0x00, 0x00, 0x00, 0x00,
    0x00, 0x00, 0x00, 0x21, 0x01, 0x40, 0x40, 0x40, 0x1F, 0x3F, 0x0A, 0x00, 0x01, 0x00, 0x00, 0x12,
    0x10, 0x0C, 0x0B, 0x00, 0x00, 0x00, 0x00, 0x03, 0x09, 0x02, 0x00, 0x00, 0x00, 0x00, 0x00, 0x00,
    0x00, 0x00, 0x00, 0x00, 0x00, 0x00, 0x00, 0x00, 0x40, 0x00, 0x00, 0x00, 0x04, 0x00, 0x00, 0x00,
    0x00, 0x00, 0x00, 0x00, 0x00, 0x00, 0x00, 0x00, 0x00, 0x00, 0x00, 0x00, 0x00, 0x00, 0x00, 0x00,
    0x00, 0x00, 0x00, 0x00, 0x00, 0x00, 0x00, 0x00, 0x00, 0x7F, 0x00, 0x40, 0x40, 0x40, 0x40, 0x40,
    0x40, 0x00, 0x00, 0x00, 0x00, 0x00, 0x00, 0x00, 0x00, 0x44, 0x45, 0x50, 0x45, 0x4E, 0x44, 0x41,
    0x42, 0x4C, 0x45, 0x20, 0x57, 0x4F, 0x52, 0x4D, 0x20, 0x2A, 0x40, 0x30, 0x40, 0x00, 0x00, 0x00,
    0x00, 0x57, 0x00, 0x00, 0x00, 0x00, 0x01, 0x02, 0x00, 0x00, 0x00, 0x00, 0x00, 0x00, 0x78, 0x00,
    0x00, 0x00, 0x00, 0x00, 0x00, 0x00, 0x00, 0x18, 0x27, 0x40, 0x10, 0x3E, 0x3D, 0x22, 0x25, 0x7F,
    0x00, 0x00, 0x00, 0x00, 0x04, 0x46, 0x00, 0x00, 0x00, 0x00, 0x00, 0x29, 0x00, 0x00, 0x00, 0x1B,
    0x1D, 0x5D, 0x6C, 0x21, 0x00, 0x14, 0x5A, 0x00, 0x01, 0x00, 0x00, 0x00, 0x00, 0x00, 0x00, 0x00,
    0x00, 0x00, 0x01, 0x22, 0x01, 0x40, 0x40, 0x40, 0x1F, 0x3F, 0x11, 0x00, 0x03, 0x04, 0x00, 0x12,
    0x10, 0x0C, 0x07, 0x00, 0x00, 0x00, 0x00, 0x03, 0x09, 0x02, 0x00, 0x00, 0x00, 0x00, 0x00, 0x00,
    0x00, 0x00, 0x00, 0x00, 0x00, 0x00, 0x00, 0x00, 0x40, 0x00, 0x00, 0x00, 0x04, 0x00, 0x01, 0x00,
    0x00, 0x00, 0x00, 0x00, 0x00, 0x00, 0x00, 0x00, 0x00, 0x00, 0x00, 0x00, 0x00, 0x00, 0x00, 0x00,
    0x00, 0x00, 0x00, 0x00, 0x00, 0x00, 0x00, 0x00, 0x00, 0x7F, 0x00, 0x64, 0x1C, 0x40, 0x40, 0x40,
    0x40, 0x00, 0x00, 0x00, 0x00, 0x00, 0x00, 0x00, 0x00, 0x44, 0x45, 0x50, 0x45, 0x4E, 0x44, 0x41,
    0x42, 0x4C, 0x45, 0x20, 0x57, 0x4F, 0x52, 0x4D, 0x32, 0x0C, 0x40, 0x40, 0x00, 0x00, 0x00, 0x02,
    0x00, 0x03, 0x00, 0x28, 0x7E, 0x00, 0x09, 0x04, 0x00, 0x00, 0x01, 0x00, 0x02, 0x00, 0x5B, 0x00,
    0x00, 0x07, 0x00, 0x01, 0x07, 0x00, 0x00, 0x18, 0x18, 0x3F, 0x00, 0x3C, 0x47, 0x55, 0x00, 0x65,
    0x00, 0x00, 0x00, 0x00, 0x04, 0x11, 0x5D, 0x48, 0x7F, 0x00, 0x17, 0x69, 0x0B, 0x00, 0x73, 0x23,
    0x00, 0x7B, 0x00, 0x70, 0x44, 0x7F, 0x00, 0x00, 0x7F, 0x10, 0x00, 0x00, 0x5B, 0x00, 0x00, 0x00,
    0x00, 0x00, 0x01, 0x21, 0x01, 0x40, 0x40, 0x40, 0x1F, 0x3F, 0x11, 0x00, 0x01, 0x00, 0x00, 0x13,
    0x10, 0x09, 0x03, 0x00, 0x00, 0x00, 0x00, 0x03, 0x09, 0x02, 0x00, 0x00, 0x00, 0x00, 0x00, 0x18,
    0x04, 0x07, 0x39, 0x05, 0x0A, 0x36, 0x3B, 0x01, 0x01, 0x00, 0x72, 0x00, 0x04, 0x00, 0x00, 0x00,
    0x00, 0x00, 0x00, 0x00, 0x00, 0x00, 0x00, 0x00, 0x00, 0x00, 0x00, 0x00, 0x00, 0x00, 0x00, 0x00,
    0x00, 0x14, 0x15, 0x17, 0x13, 0x18, 0x19, 0x12, 0x11, 0x00, 0x7E, 0x00, 0x7F, 0x00, 0x7F, 0x00,
    0x7F, 0x7F, 0x7F, 0x7F, 0x7F, 0x7F, 0x7F, 0x7F, 0x7F, 0x43, 0x41, 0x54, 0x45, 0x52, 0x4F, 0x27,
    0x53, 0x20, 0x31, 0x30, 0x31, 0x57, 0x55, 0x52, 0x4D, 0x0C, 0x40, 0x40, 0x00, 0x00, 0x00, 0x02,
    0x01, 0x1C, 0x00, 0x0E, 0x7F, 0x00, 0x09, 0x01, 0x00, 0x00, 0x00, 0x00, 0x02, 0x00, 0x5B, 0x00,
    0x00, 0x07, 0x0E, 0x00, 0x07, 0x06, 0x00, 0x18, 0x18, 0x3F, 0x00, 0x32, 0x47, 0x75, 0x7F, 0x7F,
    0x00, 0x00, 0x00, 0x02, 0x00, 0x3B, 0x59, 0x48, 0x7F, 0x00, 0x17, 0x69, 0x0B, 0x00, 0x73, 0x23,
    0x00, 0x7B, 0x00, 0x70, 0x00, 0x55, 0x08, 0x6D, 0x7F, 0x10, 0x00, 0x00, 0x69, 0x00, 0x00, 0x00,
    0x00, 0x00, 0x01, 0x21, 0x01, 0x40, 0x40, 0x40, 0x1F, 0x3F, 0x11, 0x00, 0x01, 0x00, 0x00, 0x13,
    0x18, 0x1D, 0x79, 0x16, 0x00, 0x15, 0x00, 0x03, 0x09, 0x02, 0x00, 0x00, 0x00, 0x00, 0x00, 0x0C,
    0x0A, 0x19, 0x02, 0x15, 0x0A, 0x47, 0x3B, 0x01, 0x01, 0x2C, 0x7A, 0x00, 0x04, 0x00, 0x00, 0x00,
    0x00, 0x00, 0x00, 0x00, 0x00, 0x00, 0x00, 0x00, 0x00, 0x00, 0x00, 0x00, 0x00, 0x00, 0x00, 0x00,
    0x00, 0x0A, 0x0A, 0x0A, 0x0A, 0x0A, 0x0A, 0x0A, 0x0A, 0x00, 0x7F, 0x00, 0x7F, 0x00, 0x7F, 0x00,
    0x7F, 0x7F, 0x7F, 0x7F, 0x7F, 0x7F, 0x7F, 0x7F, 0x7F, 0x43, 0x41, 0x54, 0x45, 0x52, 0x4F, 0x27,
    0x53, 0x20, 0x31, 0x30, 0x32, 0x57, 0x55, 0x52, 0x4D, 0x2A, 0x40, 0x40, 0x00, 0x00, 0x00, 0x02,
    0x00, 0x15, 0x00, 0x1F, 0x00, 0x00, 0x09, 0x00, 0x00, 0x00, 0x00, 0x00, 0x02, 0x00, 0x5E, 0x00,
    0x00, 0x08, 0x00, 0x01, 0x07, 0x00, 0x00, 0x18, 0x24, 0x39, 0x00, 0x43, 0x39, 0x55, 0x7F, 0x36,
    0x00, 0x00, 0x00, 0x00, 0x04, 0x17, 0x5A, 0x5B, 0x75, 0x00, 0x09, 0x63, 0x00, 0x00, 0x61, 0x11,
    0x00, 0x7F, 0x00, 0x75, 0x00, 0x5C, 0x00, 0x00, 0x7F, 0x10, 0x00, 0x00, 0x64, 0x00, 0x00, 0x00,
    0x00, 0x00, 0x01, 0x21, 0x01, 0x40, 0x40, 0x40, 0x1F, 0x3F, 0x14, 0x00, 0x02, 0x00, 0x00, 0x16,
    0x11, 0x21, 0x03, 0x00, 0x00, 0x00, 0x00, 0x03, 0x09, 0x02, 0x00, 0x00, 0x00, 0x00, 0x00, 0x18,
    0x0A, 0x04, 0x01, 0x04, 0x0A, 0x45, 0x3D, 0x01, 0x01, 0x00, 0x00, 0x00, 0x04, 0x00, 0x00, 0x00,
    0x00, 0x00, 0x00, 0x00, 0x00, 0x00, 0x00, 0x00, 0x00, 0x00, 0x00, 0x00, 0x00, 0x00, 0x00, 0x00,
    0x02, 0x46, 0x46, 0x46, 0x46, 0x46, 0x46, 0x46, 0x46, 0x00, 0x7F, 0x00, 0x7F, 0x00, 0x7F, 0x00,
    0x7F, 0x7F, 0x7F, 0x7F, 0x7F, 0x7F, 0x7F, 0x7F, 0x7F, 0x43, 0x41, 0x54, 0x45, 0x52, 0x4F, 0x27,
    0x53, 0x20, 0x31, 0x30, 0x33, 0x57, 0x55, 0x52, 0x4D, 0x07, 0x40, 0x41, 0x7F, 0x03, 0x00, 0x00,
    0x00, 0x55, 0x00, 0x00, 0x00, 0x00, 0x01, 0x00, 0x00, 0x00, 0x00, 0x00, 0x00, 0x00, 0x5F, 0x00,
    0x00, 0x00, 0x00, 0x00, 0x00, 0x00, 0x00, 0x18, 0x18, 0x43, 0x00, 0x47, 0x3F, 0x22, 0x7F, 0x11,
    0x00, 0x08, 0x00, 0x00, 0x06, 0x3D, 0x21, 0x3B, 0x4E, 0x02, 0x00, 0x17, 0x13, 0x00, 0x00, 0x00,
    0x24, 0x24, 0x00, 0x24, 0x58, 0x00, 0x7F, 0x00, 0x01, 0x00, 0x00, 0x13, 0x00, 0x00, 0x08, 0x00,
    0x00, 0x02, 0x00, 0x00, 0x01, 0x40, 0x40, 0x40, 0x4E, 0x3F, 0x22, 0x00, 0x01, 0x02, 0x00, 0x14,
    0x10, 0x0A, 0x0E, 0x00, 0x00, 0x00, 0x00, 0x03, 0x09, 0x02, 0x00, 0x00, 0x00, 0x00, 0x00, 0x02,
    0x09, 0x06, 0x03, 0x00, 0x00, 0x44, 0x33, 0x01, 0x00, 0x00, 0x00, 0x00, 0x04, 0x00, 0x01, 0x00,
    0x00, 0x7F, 0x00, 0x00, 0x00, 0x00, 0x00, 0x00, 0x00, 0x00, 0x00, 0x00, 0x00, 0x00, 0x00, 0x00,
    0x00, 0x00, 0x00, 0x00, 0x00, 0x00, 0x00, 0x00, 0x00, 0x40, 0x40, 0x40, 0x40, 0x40, 0x40, 0x40,
    0x40, 0x00, 0x00, 0x00, 0x00, 0x00, 0x00, 0x00, 0x00, 0x49, 0x20, 0x57, 0x49, 0x53, 0x48, 0x20,
    0x50, 0x4C, 0x55, 0x43, 0x4B, 0x52, 0x20, 0x30, 0x38, 0x15, 0x40, 0x40, 0x00, 0x02, 0x00, 0x02,
    0x00, 0x35, 0x00, 0x00, 0x00, 0x00, 0x00, 0x00, 0x00, 0x00, 0x00, 0x00, 0x02, 0x00, 0x42, 0x00,
    0x00, 0x00, 0x00, 0x00, 0x00, 0x00, 0x00, 0x24, 0x35, 0x43, 0x02, 0x42, 0x44, 0x39, 0x7F, 0x00,
    0x09, 0x00, 0x00, 0x02, 0x04, 0x12, 0x57, 0x26, 0x63, 0x00, 0x00, 0x00, 0x4D, 0x00, 0x68, 0x1A,
    0x29, 0x6C, 0x00, 0x3A, 0x00, 0x5B, 0x00, 0x00, 0x64, 0x05, 0x00, 0x00, 0x00, 0x00, 0x00, 0x00,
    0x01, 0x00, 0x00, 0x02, 0x01, 0x40, 0x40, 0x40, 0x1F, 0x3F, 0x2B, 0x00, 0x01, 0x03, 0x00, 0x0C,
    0x05, 0x11, 0x4D, 0x05, 0x00, 0x7F, 0x00, 0x03, 0x09, 0x02, 0x00, 0x00, 0x00, 0x00, 0x00, 0x0D,
    0x18, 0x08, 0x02, 0x0D, 0x0A, 0x43, 0x3E, 0x01, 0x01, 0x00, 0x00, 0x00, 0x04, 0x00, 0x00, 0x00,
    0x00, 0x00, 0x00, 0x00, 0x00, 0x00, 0x00, 0x00, 0x00, 0x00, 0x00, 0x00, 0x00, 0x00, 0x00, 0x00,
    0x00, 0x26, 0x28, 0x46, 0x46, 0x46, 0x46, 0x46, 0x46, 0x00, 0x00, 0x00, 0x00, 0x00, 0x11, 0x00,
    0x7F, 0x7F, 0x7F, 0x7F, 0x7F, 0x7F, 0x7F, 0x7F, 0x7F, 0x56, 0x45, 0x47, 0x41, 0x53, 0x20, 0x54,
    0x4F, 0x55, 0x43, 0x48, 0x20, 0x20, 0x20, 0x20, 0x20, 0x38, 0x44, 0x43, 0x7C, 0x02, 0x00, 0x02,
    0x00, 0x35, 0x00, 0x00, 0x00, 0x00, 0x00, 0x00, 0x00, 0x00, 0x00, 0x00, 0x02, 0x00, 0x42, 0x00,
    0x00, 0x00, 0x00, 0x00, 0x00, 0x00, 0x00, 0x18, 0x24, 0x43, 0x00, 0x42, 0x44, 0x79, 0x32, 0x39,
    0x09, 0x00, 0x00, 0x02, 0x04, 0x12, 0x57, 0x63, 0x63, 0x03, 0x00, 0x00, 0x4D, 0x00, 0x68, 0x1A,
    0x29, 0x5B, 0x00, 0x33, 0x00, 0x5B, 0x00, 0x00, 0x64, 0x05, 0x00, 0x00, 0x00, 0x00, 0x00, 0x00,
    0x01, 0x00, 0x00, 0x02, 0x01, 0x40, 0x40, 0x40, 0x1F, 0x3F, 0x2B, 0x00, 0x01, 0x03, 0x00, 0x0D,
    0x04, 0x3A, 0x7F, 0x05, 0x09, 0x7F, 0x07, 0x03, 0x09, 0x02, 0x00, 0x00, 0x00, 0x00, 0x00, 0x07,
    0x18, 0x4B, 0x04, 0x00, 0x00, 0x00, 0x00, 0x01, 0x01, 0x00, 0x15, 0x00, 0x04, 0x00, 0x00, 0x00,
    0x00, 0x00, 0x00, 0x00, 0x00, 0x00, 0x00, 0x00, 0x00, 0x00, 0x00, 0x00, 0x00, 0x00, 0x00, 0x00,
    0x00, 0x32, 0x32, 0x32, 0x32, 0x32, 0x32, 0x32, 0x32, 0x28, 0x57, 0x28, 0x57, 0x28, 0x57, 0x28,
    0x57, 0x7F, 0x7F, 0x7F, 0x7F, 0x7F, 0x7F, 0x7F, 0x7F, 0x53, 0x48, 0x41, 0x44, 0x45, 0x20, 0x4F,
    0x4E, 0x54, 0x48, 0x45, 0x4C, 0x49, 0x47, 0x48, 0x54, 0x45, 0x44, 0x41, 0x7F, 0x00, 0x00, 0x00,
    0x00, 0x20, 0x00, 0x01, 0x02, 0x05, 0x01, 0x07, 0x09, 0x00, 0x00, 0x00, 0x00, 0x00, 0x3B, 0x00,
    0x02, 0x03, 0x7F, 0x02, 0x06, 0x05, 0x00, 0x18, 0x18, 0x45, 0x00, 0x3E, 0x5A, 0x54, 0x7C, 0x00,
    0x00, 0x00, 0x00, 0x01, 0x00, 0x29, 0x1F, 0x55, 0x51, 0x04, 0x00, 0x1D, 0x2D, 0x61, 0x2E, 0x17,
    0x46, 0x23, 0x7F, 0x4E, 0x40, 0x7F, 0x00, 0x7F, 0x01, 0x0A, 0x12, 0x00, 0x05, 0x14, 0x00, 0x00,
    0x00, 0x02, 0x00, 0x23, 0x01, 0x40, 0x40, 0x40, 0x1F, 0x3F, 0x28, 0x00, 0x03, 0x01, 0x00, 0x13,
    0x0D, 0x09, 0x59, 0x0E, 0x0D, 0x6E, 0x28, 0x03, 0x09, 0x02, 0x00, 0x00, 0x00, 0x00, 0x00, 0x0C,
    0x00, 0x0E, 0x00, 0x00, 0x00, 0x00, 0x00, 0x01, 0x40, 0x2D, 0x78, 0x00, 0x04, 0x00, 0x00, 0x00,
    0x00, 0x00, 0x00, 0x00, 0x00, 0x00, 0x00, 0x00, 0x00, 0x00, 0x00, 0x00, 0x00, 0x00, 0x00, 0x00,
    0x00, 0x32, 0x2F, 0x33, 0x30, 0x34, 0x2D, 0x35, 0x2E, 0x2B, 0x55, 0x2B, 0x55, 0x2B, 0x55, 0x2B,
    0x55, 0x7F, 0x7F, 0x7F, 0x7F, 0x7F, 0x7F, 0x7F, 0x7F, 0x4D, 0x4F, 0x52, 0x4F, 0x43, 0x43, 0x41,
    0x4E, 0x20, 0x44, 0x41, 0x4E, 0x43, 0x45, 0x20, 0x20, 0x45, 0x44, 0x41, 0x7F, 0x00, 0x00, 0x00,
    0x00, 0x20, 0x00, 0x01, 0x02, 0x05, 0x01, 0x07, 0x09, 0x00, 0x00, 0x00, 0x00, 0x00, 0x3B, 0x00,
    0x02, 0x03, 0x7F, 0x02, 0x06, 0x05, 0x00, 0x18, 0x1F, 0x45, 0x00, 0x3E, 0x5A, 0x74, 0x7C, 0x00,
    0x00, 0x00, 0x00, 0x01, 0x00, 0x29, 0x1F, 0x55, 0x51, 0x04, 0x00, 0x1D, 0x2D, 0x61, 0x2E, 0x17,
    0x46, 0x23, 0x7F, 0x60, 0x40, 0x7F, 0x00, 0x7F, 0x01, 0x0A, 0x12, 0x00, 0x05, 0x14, 0x00, 0x00,
    0x00, 0x02, 0x00, 0x24, 0x01, 0x40, 0x40, 0x40, 0x1F, 0x3F, 0x28, 0x00, 0x03, 0x01, 0x00, 0x13,
    0x0D, 0x09, 0x59, 0x0E, 0x0D, 0x6E, 0x28, 0x03, 0x09, 0x02, 0x00, 0x00, 0x00, 0x00, 0x00, 0x0C,
    0x00, 0x0E, 0x00, 0x00, 0x00, 0x00, 0x00, 0x01, 0x40, 0x2D, 0x78, 0x00, 0x04, 0x00, 0x00, 0x00,
    0x00, 0x00, 0x00, 0x00, 0x00, 0x00, 0x00, 0x00, 0x00, 0x00, 0x00, 0x00, 0x00, 0x00, 0x00, 0x00,
    0x00, 0x32, 0x2F, 0x33, 0x30, 0x34, 0x2D, 0x35, 0x2E, 0x2B, 0x55, 0x2B, 0x55, 0x2B, 0x55, 0x2B,
    0x55, 0x7F, 0x7F, 0x7F, 0x7F, 0x7F, 0x7F, 0x7F, 0x7F, 0x4D, 0x4F, 0x52, 0x4F, 0x43, 0x43, 0x41,
    0x4E, 0x20, 0x44, 0x41, 0x4E, 0x43, 0x45, 0x52, 0x20, 0x43, 0x44, 0x42, 0x7C, 0x04, 0x00, 0x00,
    0x00, 0x59, 0x00, 0x00, 0x00, 0x00, 0x03, 0x00, 0x00, 0x00, 0x00, 0x00, 0x00, 0x00, 0x53, 0x00,
    0x38, 0x00, 0x00, 0x0C, 0x00, 0x00, 0x00, 0x18, 0x30, 0x40, 0x00, 0x4C, 0x39, 0x19, 0x7F, 0x55,
    0x00, 0x00, 0x00, 0x02, 0x04, 0x2D, 0x35, 0x41, 0x60, 0x00, 0x10, 0x21, 0x12, 0x3C, 0x28, 0x10,
    0x37, 0x7F, 0x7F, 0x32, 0x00, 0x2C, 0x00, 0x00, 0x01, 0x0B, 0x00, 0x00, 0x20, 0x00, 0x00, 0x00,
    0x00, 0x00, 0x01, 0x22, 0x01, 0x40, 0x40, 0x40, 0x1F, 0x3F, 0x0E, 0x00, 0x03, 0x01, 0x00, 0x12,
    0x10, 0x12, 0x0B, 0x00, 0x00, 0x00, 0x00, 0x03, 0x09, 0x02, 0x00, 0x00, 0x00, 0x00, 0x00, 0x16,
    0x00, 0x08, 0x00, 0x04, 0x0A, 0x3B, 0x3D, 0x01, 0x01, 0x20, 0x49, 0x4D, 0x04, 0x00, 0x00, 0x00,
    0x00, 0x00, 0x00, 0x00, 0x00, 0x00, 0x00, 0x00, 0x00, 0x00, 0x00, 0x00, 0x00, 0x00, 0x00, 0x00,
    0x00, 0x1E, 0x20, 0x1D, 0x23, 0x21, 0x1C, 0x1F, 0x22, 0x10, 0x6F, 0x12, 0x6D, 0x0F, 0x6D, 0x0F,
    0x70, 0x7F, 0x7F, 0x7F, 0x7F, 0x7F, 0x7F, 0x7F, 0x7F, 0x4F, 0x4E, 0x45, 0x20, 0x46, 0x49, 0x42,
    0x45, 0x52, 0x20, 0x44, 0x45, 0x45, 0x50, 0x20, 0x20, 0x15, 0x40, 0x3D, 0x40, 0x00, 0x00, 0x00,
    0x00, 0x50, 0x00, 0x00, 0x00, 0x00, 0x01, 0x00, 0x00, 0x00, 0x00, 0x00, 0x00, 0x00, 0x4E, 0x00,
    0x00, 0x00, 0x00, 0x02, 0x00, 0x00, 0x00, 0x18, 0x0C, 0x43, 0x00, 0x29, 0x0C, 0x39, 0x7F, 0x23,
    0x00, 0x00, 0x00, 0x02, 0x00, 0x5B, 0x68, 0x7F, 0x00, 0x00, 0x00, 0x00, 0x00, 0x00, 0x28, 0x00,
    0x24, 0x5E, 0x00, 0x46, 0x00, 0x14, 0x5A, 0x00, 0x01, 0x01, 0x14, 0x09, 0x00, 0x00, 0x00, 0x00,
    0x00, 0x07, 0x00, 0x24, 0x01, 0x40, 0x40, 0x40, 0x1F, 0x3F, 0x2E, 0x00, 0x01, 0x02, 0x00, 0x14,
    0x15, 0x0B, 0x07, 0x00, 0x00, 0x00, 0x00, 0x03, 0x00, 0x02, 0x00, 0x00, 0x00, 0x00, 0x00, 0x0C,
    0x18, 0x24, 0x07, 0x00, 0x00, 0x40, 0x40, 0x01, 0x01, 0x00, 0x00, 0x00, 0x04, 0x00, 0x00, 0x00,
    0x00, 0x00, 0x00, 0x00, 0x00, 0x00, 0x00, 0x00, 0x00, 0x00, 0x00, 0x00, 0x00, 0x00, 0x00, 0x00,
    0x00, 0x00, 0x00, 0x00, 0x00, 0x00, 0x00, 0x00, 0x00, 0x00, 0x7F, 0x18, 0x68, 0x18, 0x2C, 0x54,
    0x40, 0x00, 0x00, 0x00, 0x00, 0x00, 0x00, 0x00, 0x00, 0x53, 0x4C, 0x49, 0x44, 0x45, 0x20, 0x4F,
    0x55, 0x54, 0x20, 0x57, 0x49, 0x44, 0x45, 0x20, 0x20, 0x0C, 0x00, 0x30, 0x40, 0x00, 0x00, 0x01,
    0x00, 0x5B, 0x00, 0x00, 0x00, 0x00, 0x01, 0x00, 0x00, 0x00, 0x00, 0x00, 0x00, 0x00, 0x41, 0x00,
    0x02, 0x00, 0x00, 0x02, 0x00, 0x00, 0x00, 0x0C, 0x30, 0x3E, 0x10, 0x05, 0x67, 0x31, 0x7F, 0x29,
    0x00, 0x00, 0x00, 0x02, 0x04, 0x12, 0x13, 0x7F, 0x62, 0x01, 0x00, 0x2D, 0x52, 0x00, 0x25, 0x00,
    0x00, 0x7F, 0x00, 0x25, 0x00, 0x13, 0x00, 0x00, 0x01, 0x0C, 0x00, 0x00, 0x4F, 0x00, 0x00, 0x00,
    0x00, 0x00, 0x00, 0x21, 0x02, 0x40, 0x40, 0x40, 0x1F, 0x3F, 0x19, 0x00, 0x01, 0x01, 0x00, 0x12,
    0x10, 0x13, 0x0A, 0x0E, 0x0A, 0x00, 0x00, 0x03, 0x09, 0x02, 0x11, 0x00, 0x00, 0x00, 0x00, 0x09,
    0x0B, 0x09, 0x13, 0x0A, 0x0C, 0x43, 0x39, 0x01, 0x01, 0x00, 0x00, 0x00, 0x04, 0x00, 0x00, 0x00,
    0x00, 0x00, 0x00, 0x00, 0x00, 0x00, 0x00, 0x00, 0x00, 0x00, 0x00, 0x00, 0x00, 0x00, 0x00, 0x00,
    0x00, 0x00, 0x00, 0x00, 0x00, 0x00, 0x00, 0x00, 0x00, 0x00, 0x7F, 0x40, 0x40, 0x40, 0x40, 0x40,
    0x40, 0x00, 0x00, 0x00, 0x00, 0x00, 0x00, 0x00, 0x00, 0x55, 0x52, 0x20, 0x54, 0x48, 0x41, 0x20,
    0x31, 0x20, 0x4F, 0x52, 0x47, 0x41, 0x4E, 0x20, 0x20, 0x00, 0x40, 0x30, 0x40, 0x00, 0x00, 0x00,
    0x00, 0x63, 0x00, 0x00, 0x00, 0x00, 0x00, 0x00, 0x00, 0x00, 0x00, 0x00, 0x00, 0x00, 0x78, 0x00,
    0x00, 0x00, 0x00, 0x00, 0x00, 0x00, 0x00, 0x24, 0x3C, 0x3C, 0x10, 0x3D, 0x34, 0x19, 0x67, 0x73,
    0x00, 0x00, 0x00, 0x01, 0x01, 0x28, 0x5B, 0x7C, 0x43, 0x00, 0x00, 0x00, 0x00, 0x00, 0x32, 0x10,
    0x2D, 0x00, 0x00, 0x23, 0x00, 0x1E, 0x00, 0x00, 0x01, 0x00, 0x00, 0x00, 0x00, 0x00, 0x00, 0x00,
    0x00, 0x07, 0x00, 0x21, 0x01, 0x40, 0x40, 0x40, 0x1F, 0x3F, 0x23, 0x00, 0x03, 0x01, 0x00, 0x0C,
    0x00, 0x7F, 0x00, 0x0D, 0x00, 0x0D, 0x00, 0x03, 0x09, 0x02, 0x00, 0x00, 0x00, 0x00, 0x00, 0x05,
    0x00, 0x7F, 0x00, 0x18, 0x0A, 0x7F, 0x42, 0x01, 0x01, 0x19, 0x00, 0x00, 0x03, 0x00, 0x00, 0x00,
    0x00, 0x00, 0x00, 0x00, 0x00, 0x00, 0x00, 0x00, 0x00, 0x00, 0x00, 0x00, 0x00, 0x00, 0x00, 0x00,
    0x00, 0x00, 0x00, 0x00, 0x00, 0x00, 0x00, 0x00, 0x00, 0x28, 0x68, 0x40, 0x40, 0x40, 0x40, 0x40,
    0x40, 0x00, 0x00, 0x00, 0x00, 0x00, 0x00, 0x00, 0x00, 0x54, 0x4F, 0x4D, 0x20, 0x54, 0x4F, 0x4D,
    0x20, 0x43, 0x4C, 0x55, 0x42, 0x42, 0x45, 0x52, 0x20, 0x09, 0x40, 0x30, 0x40, 0x03, 0x00, 0x00,
    0x00, 0x73, 0x00, 0x00, 0x00, 0x00, 0x00, 0x00, 0x00, 0x00, 0x00, 0x00, 0x00, 0x00, 0x78, 0x00,
    0x00, 0x00, 0x00, 0x00, 0x00, 0x00, 0x00, 0x18, 0x18, 0x45, 0x00, 0x0F, 0x3B, 0x16, 0x00, 0x7F,
    0x00, 0x00, 0x00, 0x02, 0x00, 0x30, 0x7F, 0x7F, 0x00, 0x00, 0x0F, 0x33, 0x00, 0x00, 0x28, 0x04,
    0x22, 0x00, 0x7F, 0x0B, 0x2C, 0x00, 0x5A, 0x00, 0x01, 0x00, 0x00, 0x00, 0x00, 0x00, 0x00, 0x00,
    0x00, 0x07, 0x00, 0x22, 0x01, 0x40, 0x40, 0x40, 0x1F, 0x3F, 0x2B, 0x00, 0x01, 0x01, 0x00, 0x0D,
    0x16, 0x0F, 0x7F, 0x04, 0x00, 0x39, 0x00, 0x03, 0x09, 0x02, 0x00, 0x00, 0x00, 0x00, 0x00, 0x0C,
    0x06, 0x4F, 0x7B, 0x00, 0x00, 0x00, 0x00, 0x01, 0x40, 0x00, 0x7F, 0x00, 0x04, 0x00, 0x00, 0x00,
    0x00, 0x00, 0x00, 0x00, 0x00, 0x00, 0x00, 0x00, 0x00, 0x00, 0x00, 0x00, 0x00, 0x00, 0x00, 0x00,
    0x00, 0x00, 0x00, 0x00, 0x00, 0x00, 0x00, 0x00, 0x00, 0x00, 0x7F, 0x20, 0x60, 0x40, 0x40, 0x40,
    0x40, 0x00, 0x00, 0x00, 0x00, 0x00, 0x00, 0x00, 0x00, 0x57, 0x48, 0x4F, 0x20, 0x45, 0x56, 0x45,
    0x52, 0x20, 0x53, 0x41, 0x49, 0x44, 0x20, 0x55, 0x42, 0x00, 0x40, 0x30, 0x40, 0x00, 0x00, 0x00,
    0x00, 0x56, 0x00, 0x00, 0x00, 0x00, 0x02, 0x00, 0x00, 0x00, 0x00, 0x00, 0x00, 0x00, 0x78, 0x00,
    0x00, 0x00, 0x00, 0x00, 0x00, 0x00, 0x00, 0x24, 0x3C, 0x3C, 0x10, 0x3D, 0x34, 0x18, 0x00, 0x73,
    0x00, 0x00, 0x00, 0x02, 0x02, 0x28, 0x5B, 0x7C, 0x43, 0x00, 0x00, 0x00, 0x00, 0x00, 0x32, 0x10,
    0x2D, 0x00, 0x00, 0x23, 0x00, 0x1E, 0x00, 0x00, 0x01, 0x00, 0x00, 0x00, 0x00, 0x00, 0x00, 0x00,
    0x00, 0x07, 0x00, 0x23, 0x01, 0x40, 0x40, 0x40, 0x1F, 0x3F, 0x23, 0x00, 0x03, 0x01, 0x00, 0x0C,
    0x0B, 0x7F, 0x57, 0x0D, 0x04, 0x0D, 0x7F, 0x03, 0x09, 0x02, 0x00, 0x00, 0x00, 0x00, 0x00, 0x17,
    0x16, 0x76, 0x08, 0x05, 0x12, 0x42, 0x48, 0x01, 0x01, 0x19, 0x00, 0x00, 0x03, 0x00, 0x00, 0x00,
    0x00, 0x00, 0x00, 0x00, 0x00, 0x00, 0x00, 0x00, 0x00, 0x00, 0x00, 0x00, 0x00, 0x00, 0x00, 0x00,
    0x00, 0x00, 0x00, 0x00, 0x00, 0x00, 0x00, 0x00, 0x00, 0x40, 0x45, 0x4A, 0x4F, 0x54, 0x4F, 0x4A,
    0x45, 0x00, 0x00, 0x00, 0x00, 0x00, 0x00, 0x00, 0x00, 0x44, 0x59, 0x4E, 0x41, 0x4D, 0x49, 0x43,
    0x20, 0x43, 0x4C, 0x55, 0x42, 0x42, 0x45, 0x52, 0x20, 0x0D, 0x40, 0x40, 0x00, 0x03, 0x00, 0x00,
    0x00, 0x59, 0x00, 0x00, 0x00, 0x00, 0x03, 0x00, 0x00, 0x00, 0x00, 0x00, 0x00, 0x00, 0x78, 0x00,
    0x00, 0x00, 0x00, 0x00, 0x00, 0x00, 0x00, 0x18, 0x3C, 0x3D, 0x10, 0x37, 0x29, 0x11, 0x7F, 0x5D,
    0x00, 0x00, 0x00, 0x00, 0x04, 0x4A, 0x00, 0x35, 0x00, 0x00, 0x19, 0x7F, 0x00, 0x00, 0x1D, 0x2A,
    0x7F, 0x7F, 0x00, 0x25, 0x00, 0x14, 0x5A, 0x00, 0x01, 0x00, 0x00, 0x00, 0x00, 0x00, 0x00, 0x00,
    0x00, 0x00, 0x01, 0x21, 0x01, 0x40, 0x40, 0x40, 0x1F, 0x3F, 0x14, 0x00, 0x03, 0x01, 0x00, 0x12,
    0x10, 0x12, 0x0B, 0x00, 0x00, 0x00, 0x00, 0x03, 0x09, 0x02, 0x00, 0x00, 0x00, 0x00, 0x00, 0x00,
    0x00, 0x00, 0x00, 0x00, 0x00, 0x00, 0x00, 0x00, 0x40, 0x00, 0x00, 0x00, 0x04, 0x00, 0x00, 0x00,
    0x00, 0x00, 0x00, 0x00, 0x00, 0x00, 0x00, 0x00, 0x00, 0x00, 0x00, 0x00, 0x00, 0x00, 0x00, 0x00,
    0x00, 0x00, 0x00, 0x00, 0x00, 0x00, 0x00, 0x00, 0x00, 0x40, 0x7F, 0x00, 0x7F, 0x00, 0x7F, 0x00,
    0x7F, 0x00, 0x00, 0x00, 0x00, 0x00, 0x00, 0x00, 0x00, 0x45, 0x4D, 0x45, 0x52, 0x53, 0x4F, 0x4E,
    0x49, 0x43, 0x4B, 0x45, 0x44, 0x20, 0x20, 0x20, 0x20, 0x20, 0x40, 0x40, 0x00, 0x03, 0x00, 0x00,
    0x00, 0x59, 0x00, 0x00, 0x00, 0x00, 0x03, 0x00, 0x00, 0x00, 0x00, 0x00, 0x00, 0x00, 0x78, 0x00,
    0x00, 0x00, 0x00, 0x00, 0x00, 0x00, 0x00, 0x18, 0x30, 0x3D, 0x10, 0x37, 0x29, 0x11, 0x4F, 0x4E,
    0x00, 0x00, 0x00, 0x00, 0x04, 0x47, 0x00, 0x35, 0x00, 0x00, 0x19, 0x7F, 0x00, 0x00, 0x1D, 0x2A,
    0x7F, 0x7F, 0x00, 0x25, 0x00, 0x14, 0x5A, 0x00, 0x01, 0x00, 0x00, 0x00, 0x00, 0x00, 0x00, 0x00,
    0x00, 0x00, 0x01, 0x24, 0x01, 0x40, 0x40, 0x40, 0x1F, 0x3F, 0x14, 0x00, 0x03, 0x01, 0x00, 0x12,
    0x10, 0x0D, 0x0B, 0x00, 0x00, 0x00, 0x00, 0x03, 0x09, 0x02, 0x00, 0x00, 0x00, 0x00, 0x00, 0x09,
    0x00, 0x30, 0x00, 0x00, 0x00, 0x00, 0x00, 0x01, 0x40, 0x00, 0x00, 0x00, 0x04, 0x00, 0x00, 0x00,
    0x00, 0x00, 0x00, 0x00, 0x00, 0x00, 0x00, 0x00, 0x00, 0x00, 0x00, 0x00, 0x00, 0x00, 0x00, 0x00,
    0x00, 0x00, 0x00, 0x00, 0x00, 0x00, 0x00, 0x00, 0x00, 0x40, 0x7F, 0x00, 0x7F, 0x00, 0x7F, 0x00,
    0x7F, 0x00, 0x00, 0x00, 0x00, 0x00, 0x00, 0x00, 0x00, 0x45, 0x4D, 0x45, 0x52, 0x53, 0x4F, 0x4E,
    0x49, 0x43, 0x4B, 0x45, 0x44, 0x20, 0x32, 0x20, 0x20, 0x20, 0x40, 0x40, 0x00, 0x03, 0x00, 0x00,
    0x00, 0x59, 0x00, 0x00, 0x00, 0x00, 0x03, 0x00, 0x00, 0x00, 0x00, 0x00, 0x00, 0x00, 0x78, 0x00,
    0x00, 0x00, 0x00, 0x00, 0x00, 0x00, 0x00, 0x18, 0x27, 0x3D, 0x10, 0x37, 0x4C, 0x51, 0x2C, 0x1F,
    0x00, 0x00, 0x00, 0x00, 0x04, 0x76, 0x00, 0x35, 0x00, 0x00, 0x19, 0x7F, 0x00, 0x00, 0x00, 0x2A,
    0x7F, 0x7F, 0x00, 0x09, 0x00, 0x14, 0x5A, 0x00, 0x01, 0x00, 0x00, 0x00, 0x00, 0x00, 0x00, 0x00,
    0x00, 0x00, 0x01, 0x22, 0x01, 0x40, 0x40, 0x40, 0x1F, 0x3F, 0x07, 0x00, 0x02, 0x02, 0x00, 0x12,
    0x10, 0x12, 0x0B, 0x00, 0x00, 0x00, 0x00, 0x03, 0x09, 0x02, 0x00, 0x00, 0x00, 0x00, 0x00, 0x00,
    0x00, 0x00, 0x00, 0x00, 0x00, 0x00, 0x00, 0x00, 0x40, 0x00, 0x00, 0x00, 0x04, 0x00, 0x00, 0x00,
    0x00, 0x00, 0x00, 0x00, 0x00, 0x00, 0x00, 0x00, 0x00, 0x00, 0x00, 0x00, 0x00, 0x00, 0x00, 0x00,
    0x00, 0x00, 0x00, 0x00, 0x00, 0x00, 0x00, 0x00, 0x00, 0x00, 0x7F, 0x10, 0x70, 0x00, 0x7F, 0x00,
    0x7F, 0x00, 0x00, 0x00, 0x00, 0x00, 0x00, 0x00, 0x00, 0x45, 0x4D, 0x45, 0x52, 0x53, 0x4F, 0x4E,
    0x49, 0x43, 0x4B, 0x45, 0x44, 0x20, 0x33, 0x20, 0x20, 0x3C, 0x44, 0x3F, 0x4B, 0x03, 0x00, 0x00,
    0x00, 0x59, 0x00, 0x00, 0x00, 0x00, 0x03, 0x00, 0x00, 0x00, 0x00, 0x00, 0x00, 0x00, 0x78, 0x00,
    0x00, 0x00, 0x00, 0x00, 0x00, 0x00, 0x00, 0x18, 0x30, 0x3F, 0x00, 0x37, 0x29, 0x11, 0x7F, 0x60,
    0x00, 0x00, 0x00, 0x00, 0x04, 0x2D, 0x3F, 0x41, 0x64, 0x00, 0x11, 0x21, 0x12, 0x3F, 0x21, 0x1B,
    0x37, 0x7F, 0x7F, 0x35, 0x00, 0x2C, 0x00, 0x00, 0x01, 0x0B, 0x00, 0x00, 0x24, 0x00, 0x00, 0x00,
    0x00, 0x00, 0x00, 0x22, 0x01, 0x40, 0x40, 0x40, 0x1F, 0x3F, 0x0A, 0x00, 0x03, 0x01, 0x00, 0x12,
    0x10, 0x12, 0x0A, 0x04, 0x00, 0x7F, 0x00, 0x03, 0x09, 0x02, 0x00, 0x00, 0x00, 0x00, 0x00, 0x09,
    0x00, 0x03, 0x00, 0x0A, 0x00, 0x3C, 0x00, 0x01, 0x01, 0x20, 0x7B, 0x4D, 0x04, 0x00, 0x00, 0x00,
    0x00, 0x00, 0x00, 0x00, 0x00, 0x00, 0x00, 0x00, 0x00, 0x00, 0x00, 0x00, 0x00, 0x00, 0x00, 0x00,
    0x00, 0x00, 0x00, 0x00, 0x00, 0x00, 0x00, 0x00, 0x00, 0x00, 0x7F, 0x00, 0x7F, 0x00, 0x7F, 0x00,
    0x7F, 0x00, 0x00, 0x00, 0x00, 0x00, 0x00, 0x00, 0x00, 0x43, 0x4C, 0x41, 0x53, 0x53, 0x49, 0x43,
    0x20, 0x41, 0x54, 0x43, 0x20, 0x4C, 0x45, 0x41, 0x44, 0x43, 0x44, 0x3F, 0x4B, 0x03, 0x00, 0x00,
    0x00, 0x59, 0x00, 0x00, 0x00, 0x00, 0x03, 0x00, 0x00, 0x00, 0x00, 0x00, 0x00, 0x00, 0x53, 0x00,
    0x38, 0x00, 0x00, 0x0C, 0x00, 0x00, 0x00, 0x18, 0x30, 0x40, 0x00, 0x4C, 0x39, 0x11, 0x1A, 0x00,
    0x00, 0x00, 0x00, 0x02, 0x04, 0x2D, 0x35, 0x41, 0x60, 0x00, 0x10, 0x21, 0x12, 0x3C, 0x28, 0x10,
    0x37, 0x7F, 0x7F, 0x2F, 0x00, 0x2C, 0x00, 0x00, 0x01, 0x0B, 0x00, 0x00, 0x20, 0x00, 0x00, 0x00,
    0x00, 0x00, 0x01, 0x22, 0x01, 0x40, 0x40, 0x40, 0x1F, 0x3F, 0x0E, 0x00, 0x03, 0x01, 0x00, 0x12,
    0x10, 0x12, 0x0B, 0x04, 0x00, 0x7F, 0x00, 0x03, 0x09, 0x02, 0x00, 0x00, 0x00, 0x00, 0x00, 0x00,
    0x00, 0x00, 0x00, 0x00, 0x00, 0x00, 0x00, 0x00, 0x40, 0x20, 0x00, 0x4D, 0x04, 0x00, 0x00, 0x00,
    0x00, 0x00, 0x00, 0x00, 0x00, 0x00, 0x00, 0x00, 0x00, 0x00, 0x00, 0x00, 0x00, 0x00, 0x00, 0x00,
    0x00, 0x46, 0x46, 0x46, 0x46, 0x46, 0x46, 0x46, 0x46, 0x10, 0x6F, 0x12, 0x6D, 0x0F, 0x6D, 0x0F,
    0x70, 0x7F, 0x7F, 0x7F, 0x7F, 0x7F, 0x7F, 0x7F, 0x7F, 0x43, 0x4C, 0x41, 0x53, 0x53, 0x49, 0x43,
    0x20, 0x41, 0x54, 0x43, 0x20, 0x4C, 0x2E, 0x20, 0x32, 0x3C, 0x44, 0x3F, 0x4B, 0x03, 0x00, 0x00,
    0x00, 0x5C, 0x00, 0x00, 0x00, 0x00, 0x03, 0x00, 0x00, 0x00, 0x00, 0x00, 0x00, 0x00, 0x78, 0x00,
    0x7F, 0x00, 0x00, 0x00, 0x00, 0x00, 0x00, 0x24, 0x0D, 0x40, 0x10, 0x7F, 0x00, 0x22, 0x3F, 0x3C,
    0x0D, 0x00, 0x7F, 0x02, 0x00, 0x00, 0x64, 0x3B, 0x7F, 0x00, 0x00, 0x7B, 0x00, 0x00, 0x00, 0x22,
    0x7F, 0x7F, 0x7F, 0x3C, 0x00, 0x44, 0x00, 0x00, 0x00, 0x0B, 0x00, 0x00, 0x09, 0x00, 0x00, 0x00,
    0x00, 0x02, 0x00, 0x21, 0x01, 0x40, 0x40, 0x40, 0x1F, 0x3F, 0x1B, 0x00, 0x02, 0x02, 0x00, 0x12,
    0x10, 0x0C, 0x06, 0x00, 0x00, 0x00, 0x00, 0x03, 0x09, 0x02, 0x00, 0x00, 0x00, 0x00, 0x00, 0x0A,
    0x05, 0x02, 0x05, 0x04, 0x05, 0x3B, 0x3B, 0x01, 0x01, 0x00, 0x00, 0x00, 0x04, 0x00, 0x00, 0x00,
    0x00, 0x00, 0x00, 0x00, 0x00, 0x00, 0x00, 0x00, 0x00, 0x00, 0x00, 0x00, 0x00, 0x00, 0x00, 0x00,
    0x00, 0x32, 0x32, 0x32, 0x32, 0x00, 0x00, 0x00, 0x00, 0x00, 0x7F, 0x00, 0x7F, 0x00, 0x7F, 0x00,
    0x7F, 0x62, 0x62, 0x62, 0x62, 0x00, 0x00, 0x00, 0x00, 0x4D, 0x55, 0x4C, 0x54, 0x49, 0x54, 0x52,
    0x49, 0x47, 0x47, 0x45, 0x52, 0x44, 0x20, 0x53, 0x52, 0x3C, 0x44, 0x3F, 0x4B, 0x03, 0x00, 0x00,
    0x00, 0x53, 0x00, 0x02, 0x01, 0x7F, 0x01, 0x0A, 0x00, 0x00, 0x00, 0x00, 0x00, 0x01, 0x15, 0x00,
    0x7F, 0x00, 0x00, 0x09, 0x0A, 0x00, 0x00, 0x18, 0x0E, 0x40, 0x10, 0x7F, 0x00, 0x33, 0x57, 0x40,
    0x00, 0x00, 0x17, 0x02, 0x02, 0x00, 0x6E, 0x3B, 0x7F, 0x00, 0x00, 0x7B, 0x00, 0x00, 0x00, 0x43,
    0x7F, 0x7F, 0x7F, 0x7F, 0x00, 0x7F, 0x00, 0x00, 0x00, 0x00, 0x00, 0x00, 0x00, 0x00, 0x00, 0x00,
    0x00, 0x00, 0x00, 0x01, 0x01, 0x40, 0x40, 0x40, 0x1F, 0x3F, 0x14, 0x00, 0x01, 0x02, 0x00, 0x0A,
    0x15, 0x06, 0x57, 0x00, 0x00, 0x00, 0x00, 0x03, 0x09, 0x0C, 0x00, 0x00, 0x00, 0x00, 0x00, 0x04,
    0x0B, 0x7F, 0x0B, 0x16, 0x0A, 0x37, 0x3B, 0x01, 0x01, 0x00, 0x78, 0x00, 0x04, 0x00, 0x00, 0x00,
    0x00, 0x00, 0x00, 0x00, 0x00, 0x00, 0x00, 0x00, 0x00, 0x00, 0x00, 0x00, 0x00, 0x00, 0x00, 0x00,
    0x00, 0x5A, 0x5A, 0x5A, 0x5A, 0x5A, 0x5A, 0x5A, 0x5A, 0x00, 0x7F, 0x00, 0x7F, 0x00, 0x7F, 0x00,
    0x7F, 0x7F, 0x7F, 0x7F, 0x7F, 0x7F, 0x7F, 0x7F, 0x7F, 0x50, 0x4C, 0x41, 0x59, 0x31, 0x20, 0x32,
    0x4E, 0x44, 0x26, 0x32, 0x20, 0x35, 0x54, 0x48, 0x53, 0x3C, 0x44, 0x3F, 0x4B, 0x03, 0x00, 0x00,
    0x00, 0x59, 0x00, 0x00, 0x00, 0x00, 0x03, 0x00, 0x00, 0x00, 0x00, 0x00, 0x00, 0x01, 0x21, 0x00,
    0x7F, 0x00, 0x00, 0x09, 0x00, 0x00, 0x00, 0x00, 0x0D, 0x40, 0x10, 0x7F, 0x00, 0x33, 0x57, 0x40,
    0x00, 0x00, 0x7F, 0x02, 0x04, 0x00, 0x6E, 0x3B, 0x7F, 0x00, 0x00, 0x7B, 0x00, 0x00, 0x00, 0x43,
    0x7F, 0x7F, 0x7F, 0x7F, 0x00, 0x7F, 0x00, 0x00, 0x00, 0x11, 0x00, 0x00, 0x5F, 0x00, 0x00, 0x00,
    0x00, 0x00, 0x00, 0x21, 0x01, 0x40, 0x40, 0x40, 0x1F, 0x3F, 0x24, 0x00, 0x02, 0x02, 0x00, 0x11,
    0x0B, 0x55, 0x08, 0x00, 0x00, 0x00, 0x00, 0x03, 0x09, 0x06, 0x00, 0x00, 0x00, 0x00, 0x00, 0x09,
    0x0A, 0x05, 0x0A, 0x00, 0x00, 0x00, 0x00, 0x01, 0x01, 0x00, 0x64, 0x00, 0x04, 0x00, 0x00, 0x00,
    0x00, 0x00, 0x00, 0x00, 0x00, 0x00, 0x00, 0x00, 0x00, 0x00, 0x00, 0x00, 0x00, 0x00, 0x00, 0x00,
    0x00, 0x5A, 0x5A, 0x5A, 0x5A, 0x5A, 0x5A, 0x5A, 0x5A, 0x00, 0x7F, 0x00, 0x7F, 0x00, 0x7F, 0x00,
    0x7F, 0x7F, 0x7F, 0x7F, 0x7F, 0x7F, 0x7F, 0x7F, 0x7F, 0x53, 0x55, 0x4E, 0x44, 0x41, 0x59, 0x4D,
    0x4F, 0x52, 0x4E, 0x49, 0x4E, 0x52, 0x49, 0x44, 0x45, 0x00, 0x40, 0x3D, 0x00, 0x00, 0x00, 0x00,
    0x02, 0x09, 0x00, 0x00, 0x01, 0x79, 0x01, 0x09, 0x07, 0x00, 0x00, 0x00, 0x00, 0x00, 0x30, 0x00,
    0x3F, 0x07, 0x00, 0x02, 0x07, 0x00, 0x00, 0x13, 0x28, 0x41, 0x10, 0x29, 0x22, 0x40, 0x3E, 0x7F,
    0x7F, 0x00, 0x2C, 0x01, 0x04, 0x42, 0x53, 0x3D, 0x00, 0x00, 0x00, 0x00, 0x00, 0x00, 0x00, 0x00,
    0x2C, 0x7F, 0x00, 0x6D, 0x4C, 0x00, 0x7F, 0x00, 0x01, 0x0A, 0x00, 0x00, 0x16, 0x00, 0x00, 0x00,
    0x00, 0x00, 0x00, 0x20, 0x02, 0x40, 0x40, 0x40, 0x1F, 0x3F, 0x20, 0x00, 0x03, 0x02, 0x00, 0x10,
    0x14, 0x3F, 0x05, 0x00, 0x00, 0x00, 0x00, 0x03, 0x09, 0x02, 0x00, 0x00, 0x00, 0x00, 0x00, 0x00,
    0x00, 0x00, 0x00, 0x00, 0x00, 0x00, 0x00, 0x00, 0x40, 0x00, 0x00, 0x00, 0x04, 0x00, 0x00, 0x00,
    0x00, 0x00, 0x00, 0x00, 0x00, 0x00, 0x00, 0x00, 0x00, 0x00, 0x00, 0x00, 0x00, 0x00, 0x00, 0x00,
    0x00, 0x1D, 0x1C, 0x21, 0x1D, 0x18, 0x20, 0x1A, 0x22, 0x34, 0x4D, 0x35, 0x4C, 0x32, 0x4B, 0x33,
    0x4F, 0x37, 0x39, 0x38, 0x35, 0x38, 0x36, 0x38, 0x36, 0x53, 0x49, 0x4C, 0x45, 0x4E, 0x54, 0x20,
    0x53, 0x43, 0x52, 0x45, 0x41, 0x4D, 0x20, 0x20, 0x20, 0x00, 0x40, 0x3D, 0x00, 0x00, 0x00, 0x00,
    0x05, 0x27, 0x00, 0x00, 0x01, 0x79, 0x01, 0x09, 0x07, 0x00, 0x00, 0x00, 0x00, 0x00, 0x30, 0x00,
    0x3F, 0x07, 0x00, 0x02, 0x07, 0x00, 0x00, 0x25, 0x18, 0x41, 0x10, 0x29, 0x22, 0x41, 0x3E, 0x7F,
    0x42, 0x00, 0x37, 0x01, 0x00, 0x42, 0x5E, 0x3D, 0x0E, 0x00, 0x00, 0x00, 0x00, 0x00, 0x00, 0x00,
    0x2C, 0x66, 0x00, 0x7F, 0x4C, 0x00, 0x7F, 0x00, 0x01, 0x0A, 0x00, 0x00, 0x16, 0x00, 0x00, 0x00,
    0x00, 0x00, 0x00, 0x20, 0x02, 0x40, 0x40, 0x40, 0x1F, 0x3F, 0x16, 0x00, 0x02, 0x02, 0x00, 0x0A,
    0x04, 0x7D, 0x7D, 0x00, 0x00, 0x00, 0x00, 0x03, 0x09, 0x05, 0x00, 0x00, 0x00, 0x00, 0x00, 0x00,
    0x00, 0x00, 0x00, 0x00, 0x00, 0x00, 0x00, 0x00, 0x40, 0x00, 0x00, 0x00, 0x04, 0x00, 0x00, 0x00,
    0x00, 0x00, 0x00, 0x00, 0x00, 0x00, 0x00, 0x00, 0x00, 0x00, 0x00, 0x00, 0x00, 0x00, 0x00, 0x00,
    0x00, 0x49, 0x1C, 0x21, 0x1D, 0x18, 0x20, 0x1A, 0x22, 0x34, 0x4D, 0x35, 0x4C, 0x32, 0x4B, 0x33,
    0x4F, 0x4C, 0x39, 0x38, 0x35, 0x38, 0x36, 0x38, 0x36, 0x52, 0x4F, 0x57, 0x54, 0x48, 0x45, 0x4D,
    0x4F, 0x44, 0x45, 0x4D, 0x41, 0x53, 0x48, 0x4F, 0x52, 0x00, 0x40, 0x3D, 0x00, 0x00, 0x00, 0x00,
    0x02, 0x27, 0x00, 0x00, 0x01, 0x79, 0x01, 0x09, 0x07, 0x00, 0x00, 0x00, 0x00, 0x00, 0x30, 0x00,
    0x3F, 0x07, 0x00, 0x02, 0x07, 0x00, 0x00, 0x14, 0x29, 0x41, 0x10, 0x29, 0x22, 0x40, 0x3E, 0x7F,
    0x2C, 0x00, 0x2C, 0x01, 0x04, 0x40, 0x5E, 0x3D, 0x00, 0x00, 0x00, 0x42, 0x00, 0x00, 0x00, 0x00,
    0x2C, 0x66, 0x00, 0x00, 0x7F, 0x00, 0x00, 0x00, 0x01, 0x0A, 0x00, 0x00, 0x13, 0x00, 0x00, 0x00,
    0x00, 0x00, 0x00, 0x20, 0x02, 0x40, 0x40, 0x40, 0x1F, 0x3F, 0x0B, 0x00, 0x01, 0x02, 0x00, 0x07,
    0x00, 0x3F, 0x00, 0x00, 0x00, 0x00, 0x00, 0x03, 0x09, 0x02, 0x03, 0x00, 0x00, 0x00, 0x00, 0x10,
    0x09, 0x01, 0x01, 0x00, 0x00, 0x00, 0x00, 0x01, 0x01, 0x00, 0x00, 0x00, 0x04, 0x00, 0x00, 0x00,
    0x00, 0x00, 0x00, 0x00, 0x00, 0x00, 0x00, 0x00, 0x00, 0x00, 0x00, 0x00, 0x00, 0x00, 0x00, 0x00,
    0x00, 0x1D, 0x1C, 0x21, 0x1D, 0x18, 0x20, 0x1A, 0x22, 0x34, 0x4D, 0x35, 0x4C, 0x32, 0x4B, 0x33,
    0x4F, 0x37, 0x39, 0x38, 0x35, 0x38, 0x36, 0x38, 0x36, 0x53, 0x48, 0x45, 0x27, 0x53, 0x20, 0x41,
    0x57, 0x41, 0x4B, 0x45, 0x21, 0x20, 0x20, 0x20, 0x20, 0x00, 0x40, 0x30, 0x40, 0x00, 0x00, 0x02,
    0x01, 0x63, 0x00, 0x7F, 0x1F, 0x0B, 0x04, 0x0C, 0x0B, 0x00, 0x00, 0x00, 0x01, 0x00, 0x14, 0x00,
    0x01, 0x03, 0x05, 0x01, 0x09, 0x0C, 0x00, 0x24, 0x12, 0x3C, 0x00, 0x3D, 0x34, 0x19, 0x00, 0x7F,
    0x00, 0x00, 0x00, 0x01, 0x02, 0x36, 0x7F, 0x79, 0x00, 0x00, 0x00, 0x03, 0x00, 0x00, 0x3A, 0x62,
    0x26, 0x29, 0x00, 0x62, 0x49, 0x23, 0x00, 0x00, 0x01, 0x02, 0x00, 0x00, 0x0A, 0x00, 0x00, 0x00,
    0x00, 0x07, 0x00, 0x24, 0x01, 0x40, 0x40, 0x40, 0x1F, 0x3F, 0x0A, 0x00, 0x03, 0x01, 0x00, 0x10,
    0x00, 0x4B, 0x00, 0x0D, 0x00, 0x0D, 0x00, 0x03, 0x09, 0x02, 0x00, 0x00, 0x00, 0x00, 0x00, 0x09,
    0x0A, 0x05, 0x0A, 0x05, 0x0B, 0x3B, 0x4A, 0x01, 0x01, 0x19, 0x5B, 0x00, 0x03, 0x00, 0x00, 0x00,
    0x00, 0x00, 0x00, 0x00, 0x00, 0x00, 0x00, 0x00, 0x00, 0x00, 0x00, 0x00, 0x00, 0x00, 0x00, 0x00,
    0x00, 0x33, 0x33, 0x33, 0x33, 0x33, 0x33, 0x33, 0x33, 0x00, 0x7F, 0x00, 0x7F, 0x00, 0x7F, 0x01,
    0x7F, 0x7F, 0x7F, 0x7F, 0x7F, 0x7F, 0x7F, 0x7F, 0x7F, 0x50, 0x55, 0x52, 0x53, 0x55, 0x49, 0x4E,
    0x47, 0x20, 0x57, 0x4F, 0x4C, 0x56, 0x45, 0x53, 0x20, 0x6B, 0x42, 0x40, 0x00, 0x00, 0x00, 0x02,
    0x00, 0x15, 0x00, 0x00, 0x03, 0x04, 0x09, 0x0A, 0x06, 0x00, 0x00, 0x00, 0x02, 0x00, 0x5E, 0x00,
    0x01, 0x08, 0x05, 0x01, 0x07, 0x0A, 0x00, 0x18, 0x18, 0x40, 0x00, 0x43, 0x39, 0x32, 0x4D, 0x4B,
    0x00, 0x00, 0x00, 0x02, 0x00, 0x4C, 0x6A, 0x7F, 0x51, 0x00, 0x09, 0x5E, 0x25, 0x00, 0x61, 0x11,
    0x00, 0x7F, 0x00, 0x54, 0x00, 0x5C, 0x00, 0x00, 0x7F, 0x10, 0x00, 0x00, 0x64, 0x00, 0x00, 0x00,
    0x00, 0x00, 0x01, 0x02, 0x01, 0x40, 0x40, 0x40, 0x1F, 0x3F, 0x21, 0x00, 0x01, 0x01, 0x00, 0x13,
    0x11, 0x07, 0x02, 0x0A, 0x00, 0x04, 0x00, 0x03, 0x09, 0x02, 0x00, 0x00, 0x00, 0x00, 0x00, 0x0B,
    0x18, 0x12, 0x0C, 0x04, 0x05, 0x3B, 0x3B, 0x01, 0x01, 0x23, 0x6B, 0x00, 0x04, 0x00, 0x00, 0x00,
    0x00, 0x00, 0x00, 0x00, 0x00, 0x00, 0x00, 0x00, 0x00, 0x00, 0x00, 0x00, 0x00, 0x00, 0x00, 0x00,
    0x00, 0x37, 0x35, 0x33, 0x38, 0x34, 0x30, 0x36, 0x31, 0x40, 0x40, 0x40, 0x40, 0x40, 0x40, 0x40,
    0x40, 0x7F, 0x7F, 0x7F, 0x7F, 0x7F, 0x7F, 0x7F, 0x7F, 0x47, 0x4C, 0x49, 0x53, 0x53, 0x41, 0x4E,
    0x44, 0x4F, 0x4C, 0x4F, 0x4F, 0x20, 0x20, 0x20, 0x20, 0x00, 0x40, 0x3D, 0x00, 0x00, 0x00, 0x00,
    0x01, 0x3A, 0x00, 0x7F, 0x01, 0x79, 0x01, 0x09, 0x07, 0x00, 0x00, 0x00, 0x00, 0x00, 0x28, 0x00,
    0x7F, 0x07, 0x00, 0x02, 0x07, 0x00, 0x00, 0x00, 0x0B, 0x41, 0x10, 0x29, 0x50, 0x51, 0x00, 0x7F,
    0x00, 0x00, 0x7F, 0x02, 0x03, 0x3D, 0x00, 0x3D, 0x7D, 0x00, 0x00, 0x78, 0x00, 0x00, 0x00, 0x5C,
    0x2C, 0x7F, 0x7F, 0x5C, 0x4C, 0x00, 0x7F, 0x00, 0x01, 0x0A, 0x00, 0x00, 0x16, 0x00, 0x00, 0x00,
    0x00, 0x00, 0x00, 0x22, 0x02, 0x40, 0x40, 0x40, 0x1F, 0x3F, 0x0C, 0x00, 0x01, 0x02, 0x00, 0x0A,
    0x14, 0x7F, 0x06, 0x00, 0x00, 0x00, 0x00, 0x03, 0x09, 0x0C, 0x00, 0x00, 0x00, 0x00, 0x00, 0x16,
    0x00, 0x11, 0x00, 0x04, 0x05, 0x39, 0x39, 0x00, 0x40, 0x00, 0x64, 0x00, 0x04, 0x00, 0x00, 0x00,
    0x00, 0x00, 0x00, 0x00, 0x00, 0x00, 0x00, 0x00, 0x00, 0x00, 0x00, 0x00, 0x00, 0x00, 0x00, 0x00,
    0x00, 0x49, 0x1C, 0x21, 0x1D, 0x18, 0x20, 0x1A, 0x22, 0x34, 0x4D, 0x35, 0x4C, 0x32, 0x4B, 0x33,
    0x4F, 0x4C, 0x39, 0x38, 0x35, 0x38, 0x36, 0x38, 0x36, 0x4C, 0x4F, 0x47, 0x52, 0x49, 0x41, 0x4E,
    0x27, 0x53, 0x20, 0x52, 0x55, 0x4E, 0x20, 0x20, 0x20, 0x00, 0x04, 0x32, 0x00, 0x00, 0x00, 0x00,
    0x01, 0x36, 0x00, 0x68, 0x00, 0x00, 0x01, 0x00, 0x00, 0x00, 0x00, 0x00, 0x00, 0x01, 0x22, 0x00,
    0x63, 0x00, 0x00, 0x01, 0x00, 0x00, 0x00, 0x3F, 0x1E, 0x40, 0x01, 0x4E, 0x41, 0x2A, 0x7F, 0x00,
    0x00, 0x00, 0x22, 0x03, 0x04, 0x4D, 0x48, 0x3F, 0x00, 0x00, 0x00, 0x54, 0x00, 0x00, 0x37, 0x00,
    0x00, 0x5D, 0x00, 0x74, 0x00, 0x00, 0x00, 0x00, 0x01, 0x01, 0x00, 0x00, 0x11, 0x00, 0x00, 0x00,
    0x00, 0x01, 0x00, 0x00, 0x01, 0x40, 0x40, 0x40, 0x1F, 0x3F, 0x08, 0x00, 0x03, 0x02, 0x00, 0x0C,
    0x04, 0x0F, 0x7F, 0x10, 0x0D, 0x5A, 0x74, 0x03, 0x09, 0x0B, 0x00, 0x00, 0x00, 0x00, 0x00, 0x09,
    0x12, 0x02, 0x14, 0x04, 0x05, 0x3B, 0x3B, 0x01, 0x01, 0x7F, 0x00, 0x00, 0x00, 0x00, 0x00, 0x00,
    0x00, 0x00, 0x00, 0x00, 0x00, 0x00, 0x00, 0x00, 0x00, 0x00, 0x00, 0x00, 0x00, 0x00, 0x00, 0x00,
    0x00, 0x00, 0x00, 0x2C, 0x00, 0x00, 0x15, 0x00, 0x00, 0x24, 0x57, 0x13, 0x4F, 0x7C, 0x40, 0x1C,
    0x73, 0x00, 0x00, 0x55, 0x00, 0x00, 0x4A, 0x00, 0x7F, 0x54, 0x41, 0x51, 0x55, 0x45, 0x52, 0x49,
    0x20, 0x49, 0x4E, 0x43, 0x49, 0x44, 0x45, 0x4E, 0x54, 0x5F, 0x40, 0x30, 0x40, 0x00, 0x00, 0x01,
    0x05, 0x3B, 0x00, 0x7F, 0x7F, 0x19, 0x02, 0x09, 0x0C, 0x00, 0x00, 0x00, 0x00, 0x05, 0x64, 0x08,
    0x15, 0x05, 0x00, 0x08, 0x09, 0x0E, 0x00, 0x0C, 0x1E, 0x40, 0x10, 0x3F, 0x3F, 0x2E, 0x3E, 0x45,
    0x22, 0x00, 0x00, 0x02, 0x01, 0x40, 0x78, 0x2D, 0x02, 0x00, 0x00, 0x61, 0x10, 0x00, 0x3A, 0x00,
    0x00, 0x2E, 0x00, 0x00, 0x02, 0x60, 0x48, 0x00, 0x00, 0x02, 0x04, 0x00, 0x0B, 0x7F, 0x00, 0x00,
    0x00, 0x04, 0x00, 0x24, 0x01, 0x40, 0x40, 0x40, 0x1F, 0x3F, 0x05, 0x00, 0x01, 0x02, 0x00, 0x09,
    0x0A, 0x03, 0x74, 0x00, 0x00, 0x00, 0x00, 0x03, 0x09, 0x02, 0x00, 0x00, 0x00, 0x00, 0x00, 0x04,
    0x0C, 0x7F, 0x25, 0x18, 0x0A, 0x36, 0x3B, 0x01, 0x01, 0x4A, 0x44, 0x40, 0x02, 0x00, 0x00, 0x00,
    0x00, 0x00, 0x00, 0x00, 0x00, 0x00, 0x00, 0x00, 0x00, 0x00, 0x00, 0x00, 0x00, 0x00, 0x00, 0x00,
    0x00, 0x0A, 0x14, 0x23, 0x2D, 0x3C, 0x46, 0x55, 0x5F, 0x59, 0x2C, 0x38, 0x52, 0x37, 0x50, 0x1A,
    0x53, 0x7D, 0x73, 0x5F, 0x55, 0x4B, 0x41, 0x37, 0x2D, 0x53, 0x41, 0x4D, 0x50, 0x4C, 0x49, 0x4E,
    0x47, 0x20, 0x4F, 0x4E, 0x20, 0x48, 0x4F, 0x4C, 0x44, 0x0C, 0x00, 0x30, 0x40, 0x00, 0x00, 0x00,
    0x00, 0x42, 0x00, 0x02, 0x7F, 0x00, 0x03, 0x06, 0x0C, 0x00, 0x00, 0x00, 0x00, 0x00, 0x78, 0x00,
    0x00, 0x00, 0x00, 0x00, 0x00, 0x00, 0x00, 0x18, 0x24, 0x42, 0x00, 0x60, 0x49, 0x2F, 0x7F, 0x7F,
    0x00, 0x00, 0x19, 0x01, 0x00, 0x38, 0x00, 0x26, 0x32, 0x15, 0x54, 0x31, 0x45, 0x68, 0x2C, 0x00,
    0x24, 0x63, 0x7F, 0x58, 0x15, 0x51, 0x00, 0x17, 0x50, 0x0A, 0x00, 0x00, 0x7F, 0x00, 0x00, 0x03,
    0x00, 0x00, 0x01, 0x01, 0x02, 0x40, 0x40, 0x40, 0x1F, 0x3F, 0x08, 0x00, 0x03, 0x01, 0x00, 0x12,
    0x0C, 0x02, 0x7F, 0x0A, 0x06, 0x07, 0x6E, 0x03, 0x09, 0x02, 0x00, 0x11, 0x00, 0x3F, 0x00, 0x17,
    0x16, 0x19, 0x32, 0x00, 0x00, 0x40, 0x40, 0x01, 0x40, 0x7F, 0x00, 0x00, 0x04, 0x00, 0x00, 0x00,
    0x00, 0x00, 0x00, 0x00, 0x00, 0x00, 0x00, 0x00, 0x00, 0x00, 0x00, 0x00, 0x00, 0x00, 0x00, 0x00,
    0x00, 0x00, 0x00, 0x00, 0x00, 0x00, 0x00, 0x00, 0x00, 0x20, 0x60, 0x28, 0x58, 0x30, 0x50, 0x40,
    0x30, 0x00, 0x00, 0x00, 0x00, 0x00, 0x00, 0x00, 0x00, 0x48, 0x41, 0x5A, 0x45, 0x4C, 0x27, 0x53,
    0x20, 0x52, 0x49, 0x4E, 0x47, 0x20, 0x20, 0x20, 0x20, 0x1E, 0x40, 0x30, 0x40, 0x06, 0x00, 0x02,
    0x04, 0x24, 0x00, 0x0D, 0x12, 0x02, 0x05, 0x09, 0x07, 0x00, 0x00, 0x00, 0x00, 0x00, 0x25, 0x00,
    0x0F, 0x01, 0x4A, 0x08, 0x01, 0x06, 0x00, 0x0C, 0x20, 0x42, 0x10, 0x43, 0x36, 0x41, 0x7F, 0x5D,
    0x00, 0x00, 0x00, 0x02, 0x01, 0x2F, 0x59, 0x41, 0x06, 0x01, 0x0F, 0x34, 0x10, 0x00, 0x19, 0x0C,
    0x06, 0x7F, 0x6F, 0x66, 0x3D, 0x61, 0x00, 0x00, 0x50, 0x0B, 0x00, 0x00, 0x56, 0x00, 0x00, 0x00,
    0x00, 0x02, 0x00, 0x01, 0x02, 0x40, 0x40, 0x40, 0x1F, 0x3F, 0x56, 0x00, 0x02, 0x04, 0x00, 0x09,
    0x0C, 0x0D, 0x18, 0x01, 0x0A, 0x7B, 0x0A, 0x03, 0x09, 0x0B, 0x09, 0x00, 0x00, 0x00, 0x00, 0x07,
    0x18, 0x09, 0x03, 0x04, 0x05, 0x36, 0x38, 0x01, 0x01, 0x00, 0x4B, 0x0A, 0x03, 0x00, 0x00, 0x00,
    0x00, 0x49, 0x00, 0x00, 0x00, 0x00, 0x00, 0x00, 0x00, 0x00, 0x00, 0x00, 0x00, 0x00, 0x00, 0x00,
    0x01, 0x18, 0x14, 0x17, 0x16, 0x16, 0x13, 0x1A, 0x19, 0x56, 0x2A, 0x56, 0x2A, 0x56, 0x2A, 0x56,
    0x2A, 0x7F, 0x7F, 0x7F, 0x7F, 0x7F, 0x7F, 0x7F, 0x7F, 0x4E, 0x4F, 0x4D, 0x41, 0x4E, 0x5A, 0x20,
    0x4C, 0x41, 0x48, 0x4E, 0x44, 0x45, 0x20, 0x20, 0x20, 0x30, 0x40, 0x00, 0x40, 0x02, 0x00, 0x01,
    0x01, 0x4B, 0x02, 0x00, 0x7F, 0x00, 0x00, 0x01, 0x00, 0x00, 0x00, 0x00, 0x00, 0x00, 0x67, 0x08,
    0x7F, 0x00, 0x00, 0x10, 0x01, 0x00, 0x00, 0x00, 0x3F, 0x41, 0x14, 0x3F, 0x3F, 0x22, 0x73, 0x6E,
    0x25, 0x00, 0x35, 0x02, 0x00, 0x46, 0x00, 0x00, 0x00, 0x00, 0x00, 0x00, 0x7C, 0x00, 0x43, 0x00,
    0x08, 0x5A, 0x00, 0x6C, 0x00, 0x14, 0x5A, 0x00, 0x01, 0x01, 0x00, 0x00, 0x00, 0x00, 0x00, 0x00,
    0x7F, 0x01, 0x00, 0x22, 0x01, 0x40, 0x40, 0x40, 0x1F, 0x3F, 0x06, 0x00, 0x01, 0x02, 0x00, 0x09,
    0x0A, 0x07, 0x7F, 0x00, 0x00, 0x00, 0x00, 0x00, 0x00, 0x00, 0x01, 0x00, 0x00, 0x00, 0x00, 0x04,
    0x00, 0x7F, 0x00, 0x18, 0x05, 0x45, 0x45, 0x01, 0x01, 0x40, 0x40, 0x40, 0x03, 0x00, 0x00, 0x00,
    0x00, 0x00, 0x00, 0x00, 0x00, 0x00, 0x00, 0x00, 0x00, 0x00, 0x00, 0x00, 0x00, 0x00, 0x00, 0x04,
    0x00, 0x00, 0x00, 0x00, 0x00, 0x00, 0x00, 0x00, 0x00, 0x7F, 0x70, 0x20, 0x58, 0x40, 0x40, 0x40,
    0x40, 0x00, 0x00, 0x00, 0x00, 0x00, 0x00, 0x00, 0x00, 0x4F, 0x42, 0x4E, 0x4F, 0x4B, 0x41, 0x4C,
    0x45, 0x44, 0x20, 0x20, 0x20, 0x20, 0x20, 0x20, 0x20, 0x5C, 0x44, 0x41, 0x7F, 0x00, 0x00, 0x00,
    0x00, 0x16, 0x00, 0x01, 0x01, 0x00, 0x01, 0x02, 0x00, 0x00, 0x00, 0x00, 0x00, 0x00, 0x55, 0x00,
    0x01, 0x01, 0x00, 0x02, 0x01, 0x00, 0x00, 0x18, 0x15, 0x3C, 0x00, 0x3D, 0x34, 0x11, 0x62, 0x7F,
    0x1A, 0x00, 0x00, 0x02, 0x01, 0x39, 0x7F, 0x7C, 0x31, 0x00, 0x7F, 0x14, 0x00, 0x46, 0x41, 0x21,
    0x2D, 0x2B, 0x00, 0x3A, 0x06, 0x1F, 0x07, 0x4F, 0x01, 0x0C, 0x00, 0x00, 0x00, 0x00, 0x00, 0x00,
    0x00, 0x00, 0x00, 0x00, 0x01, 0x40, 0x40, 0x40, 0x1F, 0x3F, 0x0B, 0x00, 0x01, 0x02, 0x00, 0x16,
    0x17, 0x32, 0x7F, 0x0D, 0x0E, 0x0D, 0x7F, 0x03, 0x09, 0x02, 0x00, 0x00, 0x00, 0x00, 0x00, 0x09,
    0x00, 0x11, 0x00, 0x04, 0x05, 0x3B, 0x3B, 0x01, 0x01, 0x00, 0x5F, 0x00, 0x03, 0x00, 0x00, 0x00,
    0x00, 0x00, 0x00, 0x00, 0x00, 0x00, 0x00, 0x00, 0x00, 0x00, 0x00, 0x00, 0x00, 0x00, 0x00, 0x00,
    0x00, 0x14, 0x19, 0x13, 0x18, 0x12, 0x1A, 0x15, 0x1B, 0x4C, 0x00, 0x10, 0x1C, 0x28, 0x34, 0x40,
    0x4C, 0x7F, 0x7F, 0x7F, 0x7F, 0x7F, 0x7F, 0x7F, 0x7F, 0x50, 0x52, 0x4F, 0x50, 0x45, 0x52, 0x20,
    0x50, 0x55, 0x52, 0x49, 0x54, 0x59, 0x20, 0x20, 0x20, 0x00, 0x04, 0x32, 0x00, 0x00, 0x00, 0x00,
    0x01, 0x19, 0x00, 0x20, 0x00, 0x00, 0x01, 0x00, 0x00, 0x00, 0x00, 0x00, 0x01, 0x00, 0x45, 0x00,
    0x34, 0x00, 0x00, 0x01, 0x00, 0x00, 0x00, 0x3F, 0x1E, 0x40, 0x13, 0x4E, 0x41, 0x7A, 0x7F, 0x00,
    0x00, 0x00, 0x22, 0x03, 0x04, 0x49, 0x73, 0x1A, 0x32, 0x00, 0x00, 0x00, 0x00, 0x00, 0x37, 0x00,
    0x00, 0x5D, 0x00, 0x74, 0x00, 0x00, 0x00, 0x00, 0x01, 0x01, 0x00, 0x00, 0x11, 0x00, 0x00, 0x00,
    0x00, 0x01, 0x00, 0x00, 0x01, 0x40, 0x40, 0x40, 0x1F, 0x3F, 0x08, 0x00, 0x03, 0x02, 0x00, 0x0C,
    0x02, 0x32, 0x02, 0x10, 0x00, 0x5A, 0x00, 0x03, 0x09, 0x0C, 0x00, 0x11, 0x00, 0x3F, 0x00, 0x17,
    0x16, 0x7F, 0x2F, 0x17, 0x16, 0x5C, 0x47, 0x01, 0x01, 0x7F, 0x00, 0x00, 0x00, 0x00, 0x00, 0x00,
    0x00, 0x00, 0x00, 0x00, 0x00, 0x00, 0x00, 0x00, 0x00, 0x00, 0x00, 0x00, 0x00, 0x00, 0x00, 0x00,
    0x00, 0x00, 0x00, 0x00, 0x00, 0x00, 0x00, 0x00, 0x00, 0x24, 0x57, 0x13, 0x4F, 0x7C, 0x45, 0x31,
    0x4F, 0x00, 0x00, 0x00, 0x00, 0x00, 0x00, 0x00, 0x00, 0x56, 0x41, 0x4E, 0x55, 0x4A, 0x49, 0x20,
    0x43, 0x48, 0x4F, 0x49, 0x52, 0x20, 0x20, 0x20, 0x20, 0xF7,
};
inline constexpr int size = static_cast<int> (sizeof (data));
} // namespace omega8_bank
