# FM FILTER stage-2 (ATK/DEC/BOFS/WOFS) bit-exact vectors
# источник: exp18_fdn_snap.json (эмулятор OS 1.32, брейкпоинты
# $0A5D/$0A84/$0A9D/$0AB7/$0AD1; трек-кадр $0100-$0B4C, машина 1)
CFG 0 ATK=0 DEC=64 BOFS=64 WOFS=64
F
IN 0 0 0 0 0 0 0 0 0 0 0 0 0 0 0 0 0 0 0 0 0 0 0 0 0 0 0 0 0 0 0 0 5967925 5967925 5967925 5967925 5967925 5967925 5967925 5967925 5967925 5967925 5967925 5967925 5967925 5967925 5967925 5967925 0 0 0 0 0 0 0 0 0 0 0 0 0 0 0 0 0 4194304 4194304 4194304 0 0 0 0 0 0 0 0 0 0 0
E1 0 0 0 5686813 0 5151073 0 4665804 0 4226250 0 3828106 0 3467470 0 3140809 0 2844922 0 2576909 0 2334145 0 2114251 0 1915073 0 1734659 0 1571241 0 1423219 0 1289141 0 5967925
E2 0 0 0 0 0 5186405 0 5154182 0 4708779 0 4268709 0 3866877 0 3502616 0 3172646 0 2873759 0 2603031 0 2357805 0 2135682 0 1934486 0 1752242 0 1587168 0 1437646
E3 0 0 0 0 0 0 0 0 0 0 0 0 0 0 0 0 0 0 0 0 0 0 0 0 0 0 0 0 0 0 0 0 0 0
E4 0 0 0 5186405 5154182 4708779 4268709 3866877 3502616 3172646 2873759 2603031 2357805 2135682 1934486 1752242 1587168 8388606 0 0 0 0 0 0 0 0 0 0 0 0 0 0 0 0
F
IN 0 0 0 0 0 0 0 0 0 0 493456 1480352 2467248 3454144 4441039 5427935 0 0 0 0 0 0 0 0 0 0 493456 1480352 2467248 3454144 4441039 5427935 5967925 5967925 5967925 5967925 5967925 5967925 5967925 5967925 5967925 5967925 5967925 5967925 5967925 5967925 5967925 5967925 0 0 0 0 0 0 0 0 0 0 0 0 0 0 0 0 0 4194304 4194304 4194304 0 0 5967925 0 1289141 0 1437646 0 0 0 0
E1 0 1289141 0 1167694 0 1057688 0 958046 0 867791 0 786039 0 711988 0 644914 0 584158 0 529126 0 479279 0 434127 0 393229 0 356184 0 322629 0 292235 0 264704 0 5967925
E2 0 1437646 0 1302208 0 1179531 0 1068409 0 967757 0 876588 0 794007 0 719205 0 651451 0 590079 0 534490 0 484137 0 438528 0 397215 0 359794 0 325900 0 295197
E3 0 0 0 0 0 0 0 0 0 0 0 0 0 0 0 0 0 0 0 0 0 0 16647 16647 66029 66029 147039 147039 258611 258611 399715 399715 569353 569353
E4 0 1437646 1302208 1179531 1068409 967757 876588 794007 719205 651451 590079 534490 500783 504556 544253 618404 725614 8388606 0 0 0 0 0 0 0 0 0 0 0 16646 66028 147038 258610 399714
F
IN 6414815 7401711 8388607 7401711 6414815 5427919 4441023 3454128 2467232 1480336 493440 11 34 57 80 103 6414815 7401711 8388607 7401711 6414815 5427919 4441023 3454128 2467232 1480336 493440 12 35 58 81 104 5967925 5967925 5967925 5967925 5967925 5967925 5967925 5967925 5967925 5967925 5967925 5967925 5967925 5967925 5967925 5967925 0 0 0 0 0 0 0 0 0 0 0 0 0 0 0 0 0 4194304 4194304 4194304 0 0 5967925 0 264704 0 295197 569353 569353 0 0
E1 0 264704 0 239766 0 217179 0 196719 0 178186 0 161400 0 146195 0 132422 0 119947 0 108647 0 98412 0 89141 0 80743 0 73136 0 66246 0 60006 0 54353 0 5967925
E2 0 295197 0 267387 0 242196 0 219381 0 198713 0 179992 0 163036 0 147677 0 133764 0 121163 0 109748 0 99410 0 90044 0 81562 0 73877 0 66918 0 60614
E3 569353 569353 766562 766562 990413 990413 1240007 1240007 1447886 1447886 1615456 1615456 1744078 1744078 1835065 1835065 1889688 1889688 1909173 1909173 1894705 1894705 1847430 1847430 1785103 1785103 1724880 1724880 1666690 1666689 1610463 1610463 1556134 1556134
E4 0 864549 1033948 1232608 1459387 1646598 1795447 1907113 1982741 2023451 2030335 2004452 1946839 1875146 1806441 1740565 1677380 8388606 569352 766561 990412 1240006 1447885 1615455 1744077 1835064 1889687 1909172 1894704 1847429 1785102 1724879 1666689 1610462
F
IN 126 149 172 195 247568 494940 742313 989686 1237059 1484431 1731804 1979177 1979167 1731784 1484400 1237017 127 150 173 196 245383 490570 735756 980943 1226130 1471317 1716504 1961691 1961681 1716483 1471286 1226088 5967925 5967925 5967925 5967925 5967925 5967925 5967925 5967925 5967925 5967925 5967925 5967925 5967925 5967925 5967925 5967925 0 0 0 0 0 0 0 0 0 0 0 0 0 0 0 0 0 4194304 4194304 4194304 0 0 5967925 0 54353 0 60614 1556134 1556134 0 0
E1 0 54353 0 49232 0 44594 0 40393 0 36588 0 33141 0 30019 0 27191 0 24629 0 22309 0 20207 0 18303 0 16579 0 15017 0 13603 0 12321 0 11160 0 5967925
E2 0 60614 0 54903 0 49731 0 45046 0 40803 0 36959 0 33477 0 30323 0 27467 0 24878 0 22535 0 20412 0 18489 0 16747 0 15169 0 13741 0 12446
E3 1556134 1556134 1503638 1503638 1452915 1452915 1403903 1403903 1356546 1356546 1319059 1319132 1291108 1291326 1272372 1272804 1262540 1263253 1261311 1262369 1268396 1269861 1283514 1285445 1306394 1308850 1328502 1331464 1341591 1344970 1345967 1349674 1341922 1345873
E4 0 1616747 1558540 1502645 1448948 1397348 1356090 1324802 1303126 1290719 1287246 1292395 1305856 1327338 1348210 1360138 1363414 8388606 1556133 1503637 1452914 1403902 1356545 1319058 1291107 1272371 1262539 1261310 1268395 1283513 1306393 1328501 1341590 1345966
F
IN 989637 742254 494870 247487 103 103 103 102 102 102 102 101 101 493551 1480435 2467319 980894 735696 490499 245301 103 103 102 102 102 101 101 101 100 493550 1480434 2467318 5967925 5967925 5967925 5967925 5967925 5967925 5967925 5967925 5967925 5967925 5967925 5967925 5967925 5967925 5967925 5967925 0 0 0 0 0 0 0 0 0 0 0 0 0 0 0 0 0 4194304 4194304 4194304 0 0 5967925 0 11160 0 12446 1341922 1345873 0 0
E1 0 11160 0 10108 0 9156 0 8293 0 7512 0 6804 0 6163 0 5583 0 5057 0 4580 0 4149 0 3758 0 3404 0 3083 0 2793 0 2530 0 2291 0 5967925
E2 0 12446 0 11273 0 10210 0 9249 0 8377 0 7588 0 6873 0 6226 0 5639 0 5108 0 4627 0 4191 0 3796 0 3439 0 3114 0 2821 0 2556
E3 1341922 1345873 1329741 1333854 1309700 1313895 1282062 1286264 1247085 1251218 1205015 1209009 1164365 1168224 1125086 1128815 1087132 1090735 1050459 1053940 1015023 1018387 980782 984033 947697 950838 915728 918763 901485 904417 921017 923850 973184 975923
E4 0 1358318 1345126 1324104 1295512 1259594 1216596 1175096 1135040 1096373 1059047 1023013 988223 954633 922201 907530 926670 8388606 1341921 1329740 1309699 1282061 1247084 1205014 1164364 1125085 1087131 1050458 1015022 980781 947696 915727 901484 921016
F
IN 3454187 4441071 5427955 6414839 7401723 8388607 8388607 8388607 8388607 8388607 8388607 8388607 8388607 8388607 8388607 8388607 3454186 4441071 5427955 6414839 7401723 8388607 8388607 8388607 8388607 8388607 8388607 8388607 8388607 8388607 8388607 8388607 5967925 5967925 5967925 5967925 5967925 5967925 5967925 5967925 5967925 5967925 5967925 5967925 5967925 5967925 5967925 5967925 0 0 0 0 0 0 0 0 0 0 0 0 0 0 0 0 0 4194304 4194304 4194304 0 0 5967925 0 2291 0 2556 973184 975923 0 0
E1 0 2291 0 2075 0 1879 0 1702 0 1542 0 1397 0 1265 0 1146 0 1038 0 940 0 851 0 771 0 699 0 633 0 573 0 519 0 470 0 5967925
E2 0 2556 0 2314 0 2096 0 1898 0 1719 0 1558 0 1411 0 1278 0 1157 0 1049 0 949 0 860 0 779 0 706 0 639 0 579 0 524
E3 973184 975923 1056886 1059532 1171058 1173616 1314674 1317145 1486739 1489127 1686294 1688601 1912411 1914641 2130900 2133054 2342017 2344099 2546012 2548023 2743125 2745068 2933588 2935465 3117625 3119439 3295453 3297206 3467281 3468975 3633313 3634950 3793743 3795325
E4 0 978478 1061845 1175711 1319042 1490845 1690158 1916051 2134331 2345255 2549071 2746016 2936324 3120217 3297911 3469613 3635528 8388606 973183 1056885 1171057 1314673 1486738 1686293 1912410 2130899 2342016 2546011 2743124 2933587 3117624 3295452 3467280 3633312
F
IN 8388607 8388607 8388607 8388607 8388607 8388607 8388607 8388607 8388607 8388607 8388607 8388607 8388607 8388607 8388607 8388607 8388607 8388607 8388607 8388607 8388607 8388607 8388607 8388607 8388607 8388607 8388607 8388607 8388607 8388607 8388607 8388607 5967925 5967925 5967925 5967925 5967925 5967925 5967925 5967925 5967925 5967925 5967925 5967925 5967925 5967925 5967925 5967925 0 0 0 0 0 0 0 0 0 0 0 0 0 0 0 0 0 4194304 4194304 4194304 0 0 5967925 0 470 0 524 3793743 3795325 0 0
E1 0 470 0 425 0 385 0 349 0 316 0 286 0 259 0 235 0 213 0 193 0 175 0 158 0 143 0 130 0 117 0 106 0 96 0 5967925
E2 0 524 0 474 0 430 0 389 0 352 0 319 0 289 0 262 0 237 0 215 0 195 0 177 0 160 0 144 0 131 0 119 0 107
E3 3793743 3795325 3948760 3950289 4098548 4100025 4243283 4244710 4383134 4384513 4518268 4519600 4648842 4650130 4775011 4776255 4896924 4898126 5014723 5015885 5128549 5129671 5238534 5239618 5344808 5345856 5447497 5448510 5546722 5547701 5642599 5643545 5735242 5736156
E4 0 3795848 3950762 4100454 4245097 4384863 4519917 4650417 4776515 4898361 5016098 5129864 5239793 5346014 5448652 5547830 5643662 8388606 3793742 3948759 4098547 4243281 4383132 4518266 4648840 4775009 4896922 5014721 5128547 5238532 5344806 5447495 5546720 5642597
F
IN 8388607 8388607 8388607 8388607 8388607 8388607 8388607 8388607 8388607 8388607 8388607 8388607 8388607 8388607 8388607 8388607 8388607 8388607 8388607 8388607 8388607 8388607 8388607 8388607 8388607 8388607 8388607 8388607 8388607 8388607 8388607 8388607 5967925 5967925 5967925 5967925 5967925 5967925 5967925 5967925 5967925 5967925 5967925 5967925 5967925 5967925 5967925 5967925 0 0 0 0 0 0 0 0 0 0 0 0 0 0 0 0 0 4194304 4194304 4194304 0 0 5967925 0 96 0 107 5735242 5736156 0 0
E1 0 96 0 86 0 78 0 71 0 64 0 58 0 53 0 48 0 43 0 39 0 36 0 32 0 29 0 26 0 24 0 22 0 20 0 5967925
E2 0 107 0 96 0 87 0 79 0 72 0 65 0 58 0 54 0 48 0 44 0 39 0 36 0 33 0 29 0 26 0 24 0 23
E3 5735242 5736156 5824759 5825642 5911256 5912109 5994834 5995659 6075594 6076390 6153628 6154398 6229030 6229774 6301888 6302607 6372288 6372983 6440313 6440984 6506043 6506691 6569555 6570182 6630925 6631531 6690224 6690809 6747523 6748088 6802888 6803435 6856386 6856914
E4 0 5736261 5825736 5912194 5995736 6076460 6154461 6229830 6302659 6373029 6441026 6506728 6570216 6631562 6690836 6748112 6803457 8388606 5735240 5824757 5911254 5994832 6075592 6153626 6229028 6301886 6372286 6440311 6506041 6569553 6630923 6690222 6747521 6802886
CFG 1 ATK=1 DEC=64 BOFS=64 WOFS=64
F
IN 0 0 0 0 0 0 0 0 0 0 0 0 0 0 0 0 0 0 0 0 0 0 0 0 0 0 0 0 0 0 0 0 5967925 5967925 5967925 5967925 5967925 5967925 5967925 5967925 5967925 5967925 5967925 5967925 5967925 5967925 5967925 5967925 0 0 0 0 0 0 0 0 0 0 0 0 0 0 0 0 65536 4194304 4194304 4194304 0 0 0 0 0 0 0 0 0 0 0
E1 0 0 0 5686813 0 5151073 0 4665804 0 4226250 0 3828106 0 3467470 0 3140809 0 2844922 0 2576909 0 2334145 0 2114251 0 1915073 0 1734659 0 1571241 0 1423219 0 1289141 0 5967925
E2 0 0 0 0 0 5186405 0 5154182 0 4708779 0 4268709 0 3866877 0 3502616 0 3172646 0 2873759 0 2603031 0 2357805 0 2135682 0 1934486 0 1752242 0 1587168 0 1437646
E3 0 0 0 0 0 0 0 0 0 0 0 0 0 0 0 0 0 0 0 0 0 0 0 0 0 0 0 0 0 0 0 0 0 0
E4 0 0 0 5186405 5154182 4708779 4268709 3866877 3502616 3172646 2873759 2603031 2357805 2135682 1934486 1752242 1587168 8128512 0 0 0 0 0 0 0 0 0 0 0 0 0 0 0 0
F
IN 0 0 0 0 0 0 0 0 0 0 493456 1480352 2467248 3454144 4441039 5427935 0 0 0 0 0 0 0 0 0 0 493456 1480352 2467248 3454144 4441039 5427935 5967925 5967925 5967925 5967925 5967925 5967925 5967925 5967925 5967925 5967925 5967925 5967925 5967925 5967925 5967925 5967925 0 0 0 0 0 0 0 0 0 0 0 0 0 0 0 0 65536 4194304 4194304 4194304 0 0 5967925 0 1289141 0 1437646 0 0 0 0
E1 0 1289141 0 1167694 0 1057688 0 958046 0 867791 0 786039 0 711988 0 644914 0 584158 0 529126 0 479279 0 434127 0 393229 0 356184 0 322629 0 292235 0 264704 0 5967925
E2 0 1437646 0 1302208 0 1179531 0 1068409 0 967757 0 876588 0 794007 0 719205 0 651451 0 590079 0 534490 0 484137 0 438528 0 397215 0 359794 0 325900 0 295197
E3 0 0 0 0 0 0 0 0 0 0 0 0 0 0 0 0 0 0 0 0 0 0 16647 16647 66029 66029 147039 147039 258611 258611 399715 399715 569353 569353
E4 0 1437646 1302208 1179531 1068409 967757 876588 794007 719205 651451 590079 534490 500267 502509 539694 610386 713221 8128512 0 0 0 0 0 0 0 0 0 0 0 16130 63981 142479 250592 387321
F
IN 6414815 7401711 8388607 7401711 6414815 5427919 4441023 3454128 2467232 1480336 493440 11 34 57 80 103 6414815 7401711 8388607 7401711 6414815 5427919 4441023 3454128 2467232 1480336 493440 12 35 58 81 104 5967925 5967925 5967925 5967925 5967925 5967925 5967925 5967925 5967925 5967925 5967925 5967925 5967925 5967925 5967925 5967925 0 0 0 0 0 0 0 0 0 0 0 0 0 0 0 0 65536 4194304 4194304 4194304 0 0 5967925 0 264704 0 295197 569353 569353 0 0
E1 0 264704 0 239766 0 217179 0 196719 0 178186 0 161400 0 146195 0 132422 0 119947 0 108647 0 98412 0 89141 0 80743 0 73136 0 66246 0 60006 0 54353 0 5967925
E2 0 295197 0 267387 0 242196 0 219381 0 198713 0 179992 0 163036 0 147677 0 133764 0 121163 0 109748 0 99410 0 90044 0 81562 0 73877 0 66918 0 60614
E3 569353 569353 766562 766562 990413 990413 1240007 1240007 1447886 1447886 1615456 1615456 1744078 1744078 1835065 1835065 1889688 1889688 1909173 1909173 1894705 1894705 1847430 1847430 1785103 1785103 1724880 1724880 1666690 1666689 1610463 1610463 1556134 1556134
E4 0 846896 1010181 1201900 1420940 1601706 1745359 1853037 1925844 1964860 1971140 1945706 1889558 1819798 1752960 1688888 1627447 8128512 551699 742794 959704 1201559 1402993 1565367 1690001 1778167 1831096 1849977 1835958 1790148 1729754 1671398 1615012 1560529
F
IN 126 149 172 195 247568 494940 742313 989686 1237059 1484431 1731804 1979177 1979167 1731784 1484400 1237017 127 150 173 196 245383 490570 735756 980943 1226130 1471317 1716504 1961691 1961681 1716483 1471286 1226088 5967925 5967925 5967925 5967925 5967925 5967925 5967925 5967925 5967925 5967925 5967925 5967925 5967925 5967925 5967925 5967925 0 0 0 0 0 0 0 0 0 0 0 0 0 0 0 0 65536 4194304 4194304 4194304 0 0 5967925 0 54353 0 60614 1556134 1556134 0 0
E1 0 54353 0 49232 0 44594 0 40393 0 36588 0 33141 0 30019 0 27191 0 24629 0 22309 0 20207 0 18303 0 16579 0 15017 0 13603 0 12321 0 11160 0 5967925
E2 0 60614 0 54903 0 49731 0 45046 0 40803 0 36959 0 33477 0 30323 0 27467 0 24878 0 22535 0 20412 0 18489 0 16747 0 15169 0 13741 0 12446
E3 1556134 1556134 1503638 1503638 1452915 1452915 1403903 1403903 1356546 1356546 1319059 1319132 1291108 1291326 1272372 1272804 1262540 1263253 1261311 1262369 1268396 1269861 1283514 1285445 1306394 1308850 1328502 1331464 1341591 1344970 1345967 1349674 1341922 1345873
E4 0 1568498 1511919 1457597 1405419 1355288 1315190 1284764 1263662 1251551 1248106 1253022 1266000 1286756 1306927 1318437 1321567 8128512 1507884 1457016 1407866 1360373 1314485 1278160 1251076 1232921 1223393 1222202 1229068 1243717 1265888 1287310 1299993 1304234
F
IN 989637 742254 494870 247487 103 103 103 102 102 102 102 101 101 493551 1480435 2467319 980894 735696 490499 245301 103 103 102 102 102 101 101 101 100 493550 1480434 2467318 5967925 5967925 5967925 5967925 5967925 5967925 5967925 5967925 5967925 5967925 5967925 5967925 5967925 5967925 5967925 5967925 0 0 0 0 0 0 0 0 0 0 0 0 0 0 0 0 65536 4194304 4194304 4194304 0 0 5967925 0 11160 0 12446 1341922 1345873 0 0
E1 0 11160 0 10108 0 9156 0 8293 0 7512 0 6804 0 6163 0 5583 0 5057 0 4580 0 4149 0 3758 0 3404 0 3083 0 2793 0 2530 0 2291 0 5967925
E2 0 12446 0 11273 0 10210 0 9249 0 8377 0 7588 0 6873 0 6226 0 5639 0 5108 0 4627 0 4191 0 3796 0 3439 0 3114 0 2821 0 2556
E3 1341922 1345873 1329741 1333854 1309700 1313895 1282062 1286264 1247085 1251218 1205015 1209009 1164365 1168224 1125086 1128815 1087132 1090735 1050459 1053940 1015023 1018387 980782 984033 947697 950838 915728 918763 901485 904417 921017 923850 973184 975923
E4 0 1316589 1303769 1283366 1255631 1220799 1179110 1138875 1100041 1062554 1026369 991438 957713 925152 893714 879488 898026 8128512 1300314 1288511 1269091 1242310 1208418 1167652 1128262 1090201 1053424 1017888 983551 950372 918312 887335 873533 892460
F
IN 3454187 4441071 5427955 6414839 7401723 8388607 8388607 8388607 8388607 8388607 8388607 8388607 8388607 8388607 8388607 8388607 3454186 4441071 5427955 6414839 7401723 8388607 8388607 8388607 8388607 8388607 8388607 8388607 8388607 8388607 8388607 8388607 5967925 5967925 5967925 5967925 5967925 5967925 5967925 5967925 5967925 5967925 5967925 5967925 5967925 5967925 5967925 5967925 0 0 0 0 0 0 0 0 0 0 0 0 0 0 0 0 65536 4194304 4194304 4194304 0 0 5967925 0 2291 0 2556 973184 975923 0 0
E1 0 2291 0 2075 0 1879 0 1702 0 1542 0 1397 0 1265 0 1146 0 1038 0 940 0 851 0 771 0 699 0 633 0 573 0 519 0 470 0 5967925
E2 0 2556 0 2314 0 2096 0 1898 0 1719 0 1558 0 1411 0 1278 0 1157 0 1049 0 949 0 860 0 779 0 706 0 639 0 579 0 524
E3 973184 975923 1056886 1059532 1171058 1173616 1314674 1317145 1486739 1489127 1686294 1688601 1912411 1914641 2130900 2133054 2342017 2344099 2546012 2548023 2743125 2745068 2933588 2935465 3117625 3119439 3295453 3297206 3467281 3468975 3633313 3634950 3793743 3795325
E4 0 948219 1028994 1139323 1278203 1444674 1637802 1856686 2068194 2272575 2470068 2660903 2845308 3023497 3195679 3362055 3522824 8128512 943009 1024116 1134748 1273911 1440641 1634009 1853115 2064829 2269400 2467070 2658072 2842629 3020960 3193274 3359774 3520659
F
IN 8388607 8388607 8388607 8388607 8388607 8388607 8388607 8388607 8388607 8388607 8388607 8388607 8388607 8388607 8388607 8388607 8388607 8388607 8388607 8388607 8388607 8388607 8388607 8388607 8388607 8388607 8388607 8388607 8388607 8388607 8388607 8388607 5967925 5967925 5967925 5967925 5967925 5967925 5967925 5967925 5967925 5967925 5967925 5967925 5967925 5967925 5967925 5967925 0 0 0 0 0 0 0 0 0 0 0 0 0 0 0 0 65536 4194304 4194304 4194304 0 0 5967925 0 470 0 524 3793743 3795325 0 0
E1 0 470 0 425 0 385 0 349 0 316 0 286 0 259 0 235 0 213 0 193 0 175 0 158 0 143 0 130 0 117 0 106 0 96 0 5967925
E2 0 524 0 474 0 430 0 389 0 352 0 319 0 289 0 262 0 237 0 215 0 195 0 177 0 160 0 144 0 131 0 119 0 107
E3 3793743 3795325 3948760 3950289 4098548 4100025 4243283 4244710 4383134 4384513 4518268 4519600 4648842 4650130 4775011 4776255 4896924 4898126 5014723 5015885 5128549 5129671 5238534 5239618 5344808 5345856 5447497 5448510 5546722 5547701 5642599 5643545 5735242 5736156
E4 0 3678171 3828280 3973330 4113488 4248919 4379784 4506237 4628425 4746492 4860578 4970816 5077336 5180263 5279718 5375820 5468681 8128512 3676114 3826325 3971468 4111716 4247231 4378175 4504700 4626957 4745090 4859237 4969533 5076108 5179087 5278592 5374741 5467645
F
IN 8388607 8388607 8388607 8388607 8388607 8388607 8388607 8388607 8388607 8388607 8388607 8388607 8388607 8388607 8388607 8388607 8388607 8388607 8388607 8388607 8388607 8388607 8388607 8388607 8388607 8388607 8388607 8388607 8388607 8388607 8388607 8388607 5967925 5967925 5967925 5967925 5967925 5967925 5967925 5967925 5967925 5967925 5967925 5967925 5967925 5967925 5967925 5967925 0 0 0 0 0 0 0 0 0 0 0 0 0 0 0 0 65536 4194304 4194304 4194304 0 0 5967925 0 96 0 107 5735242 5736156 0 0
E1 0 96 0 86 0 78 0 71 0 64 0 58 0 53 0 48 0 43 0 39 0 36 0 32 0 29 0 26 0 24 0 22 0 20 0 5967925
E2 0 107 0 96 0 87 0 79 0 72 0 65 0 58 0 54 0 48 0 44 0 39 0 36 0 33 0 29 0 26 0 24 0 23
E3 5735242 5736156 5824759 5825642 5911256 5912109 5994834 5995659 6075594 6076390 6153628 6154398 6229030 6229774 6301888 6302607 6372288 6372983 6440313 6440984 6506043 6506691 6569555 6570182 6630925 6631531 6690224 6690809 6747523 6748088 6802888 6803435 6856386 6856914
E4 0 5558408 5645108 5728885 5809837 5888058 5963640 6036672 6107243 6175431 6241319 6304984 6366503 6425947 6483383 6538883 6592512 8128512 5557415 5644157 5727972 5808959 5887214 5962829 6035893 6106492 6174709 6240625 6304317 6365860 6425327 6482787 6538310 6591958
CFG 2 ATK=32 DEC=64 BOFS=64 WOFS=64
F
IN 0 0 0 0 0 0 0 0 0 0 0 0 0 0 0 0 0 0 0 0 0 0 0 0 0 0 0 0 0 0 0 0 5967925 5967925 5967925 5967925 5967925 5967925 5967925 5967925 5967925 5967925 5967925 5967925 5967925 5967925 5967925 5967925 0 0 0 0 0 0 0 0 0 0 0 0 0 0 0 0 2097152 4194304 4194304 4194304 0 0 0 0 0 0 0 0 0 0 0
E1 0 0 0 5686813 0 5151073 0 4665804 0 4226250 0 3828106 0 3467470 0 3140809 0 2844922 0 2576909 0 2334145 0 2114251 0 1915073 0 1734659 0 1571241 0 1423219 0 1289141 0 5967925
E2 0 0 0 0 0 5186405 0 5154182 0 4708779 0 4268709 0 3866877 0 3502616 0 3172646 0 2873759 0 2603031 0 2357805 0 2135682 0 1934486 0 1752242 0 1587168 0 1437646
E3 0 0 0 0 0 0 0 0 0 0 0 0 0 0 0 0 0 0 0 0 0 0 0 0 0 0 0 0 0 0 0 0 0 0
E4 0 0 0 5186405 5154182 4708779 4268709 3866877 3502616 3172646 2873759 2603031 2357805 2135682 1934486 1752242 1587168 2097152 0 0 0 0 0 0 0 0 0 0 0 0 0 0 0 0
F
IN 0 0 0 0 0 0 0 0 0 0 493456 1480352 2467248 3454144 4441039 5427935 0 0 0 0 0 0 0 0 0 0 493456 1480352 2467248 3454144 4441039 5427935 5967925 5967925 5967925 5967925 5967925 5967925 5967925 5967925 5967925 5967925 5967925 5967925 5967925 5967925 5967925 5967925 0 0 0 0 0 0 0 0 0 0 0 0 0 0 0 0 2097152 4194304 4194304 4194304 0 0 5967925 0 1289141 0 1437646 0 0 0 0
E1 0 1289141 0 1167694 0 1057688 0 958046 0 867791 0 786039 0 711988 0 644914 0 584158 0 529126 0 479279 0 434127 0 393229 0 356184 0 322629 0 292235 0 264704 0 5967925
E2 0 1437646 0 1302208 0 1179531 0 1068409 0 967757 0 876588 0 794007 0 719205 0 651451 0 590079 0 534490 0 484137 0 438528 0 397215 0 359794 0 325900 0 295197
E3 0 0 0 0 0 0 0 0 0 0 0 0 0 0 0 0 0 0 0 0 0 0 16647 16647 66029 66029 147039 147039 258611 258611 399715 399715 569353 569353
E4 0 1437646 1302208 1179531 1068409 967757 876588 794007 719205 651451 590079 534490 488298 455035 433974 424446 425828 2097152 0 0 0 0 0 0 0 0 0 0 0 4161 16507 36759 64652 99928
F
IN 6414815 7401711 8388607 7401711 6414815 5427919 4441023 3454128 2467232 1480336 493440 11 34 57 80 103 6414815 7401711 8388607 7401711 6414815 5427919 4441023 3454128 2467232 1480336 493440 12 35 58 81 104 5967925 5967925 5967925 5967925 5967925 5967925 5967925 5967925 5967925 5967925 5967925 5967925 5967925 5967925 5967925 5967925 0 0 0 0 0 0 0 0 0 0 0 0 0 0 0 0 2097152 4194304 4194304 4194304 0 0 5967925 0 264704 0 295197 569353 569353 0 0
E1 0 264704 0 239766 0 217179 0 196719 0 178186 0 161400 0 146195 0 132422 0 119947 0 108647 0 98412 0 89141 0 80743 0 73136 0 66246 0 60006 0 54353 0 5967925
E2 0 295197 0 267387 0 242196 0 219381 0 198713 0 179992 0 163036 0 147677 0 133764 0 121163 0 109748 0 99410 0 90044 0 81562 0 73877 0 66918 0 60614
E3 569353 569353 766562 766562 990413 990413 1240007 1240007 1447886 1447886 1615456 1615456 1744078 1744078 1835065 1835065 1889688 1889688 1909173 1909173 1894705 1894705 1847430 1847430 1785103 1785103 1724880 1724880 1666690 1666689 1610463 1610463 1556134 1556134
E4 0 437535 459027 489799 529382 560684 583856 599055 606443 606186 598456 583424 561267 536319 512782 490549 469533 2097152 142338 191640 247603 310001 361971 403864 436019 458766 472422 477293 473676 461857 446275 431220 416672 402615
F
IN 126 149 172 195 247568 494940 742313 989686 1237059 1484431 1731804 1979177 1979167 1731784 1484400 1237017 127 150 173 196 245383 490570 735756 980943 1226130 1471317 1716504 1961691 1961681 1716483 1471286 1226088 5967925 5967925 5967925 5967925 5967925 5967925 5967925 5967925 5967925 5967925 5967925 5967925 5967925 5967925 5967925 5967925 0 0 0 0 0 0 0 0 0 0 0 0 0 0 0 0 2097152 4194304 4194304 4194304 0 0 5967925 0 54353 0 60614 1556134 1556134 0 0
E1 0 54353 0 49232 0 44594 0 40393 0 36588 0 33141 0 30019 0 27191 0 24629 0 22309 0 20207 0 18303 0 16579 0 15017 0 13603 0 12321 0 11160 0 5967925
E2 0 60614 0 54903 0 49731 0 45046 0 40803 0 36959 0 33477 0 30323 0 27467 0 24878 0 22535 0 20412 0 18489 0 16747 0 15169 0 13741 0 12446
E3 1556134 1556134 1503638 1503638 1452915 1452915 1403903 1403903 1356546 1356546 1319059 1319132 1291108 1291326 1272372 1272804 1262540 1263253 1261311 1262369 1268396 1269861 1283514 1285445 1306394 1308850 1328502 1331464 1341591 1344970 1345967 1349674 1341922 1345873
E4 0 449647 430812 412959 396021 379939 366742 356308 348524 343280 340470 340000 341773 345701 349613 351411 351159 2097152 389033 375909 363228 350975 339136 329764 322777 318093 315635 315327 317099 320878 326598 332125 335397 336491
F
IN 989637 742254 494870 247487 103 103 103 102 102 102 102 101 101 493551 1480435 2467319 980894 735696 490499 245301 103 103 102 102 102 101 101 101 100 493550 1480434 2467318 5967925 5967925 5967925 5967925 5967925 5967925 5967925 5967925 5967925 5967925 5967925 5967925 5967925 5967925 5967925 5967925 0 0 0 0 0 0 0 0 0 0 0 0 0 0 0 0 2097152 4194304 4194304 4194304 0 0 5967925 0 11160 0 12446 1341922 1345873 0 0
E1 0 11160 0 10108 0 9156 0 8293 0 7512 0 6804 0 6163 0 5583 0 5057 0 4580 0 4149 0 3758 0 3404 0 3083 0 2793 0 2530 0 2291 0 5967925
E2 0 12446 0 11273 0 10210 0 9249 0 8377 0 7588 0 6873 0 6226 0 5639 0 5108 0 4627 0 4191 0 3796 0 3439 0 3114 0 2821 0 2556
E3 1341922 1345873 1329741 1333854 1309700 1313895 1282062 1286264 1247085 1251218 1205015 1209009 1164365 1168224 1125086 1128815 1087132 1090735 1050459 1053940 1015023 1018387 980782 984033 947697 950838 915728 918763 901485 904417 921017 923850 973184 975923
E4 0 348914 344736 338683 330815 321181 309840 298929 288429 278322 268593 259223 250199 241505 233129 229218 233783 2097152 335480 332435 327425 320515 311771 301253 291091 281271 271783 262614 253755 245195 236924 228932 225371 230254
F
IN 3454187 4441071 5427955 6414839 7401723 8388607 8388607 8388607 8388607 8388607 8388607 8388607 8388607 8388607 8388607 8388607 3454186 4441071 5427955 6414839 7401723 8388607 8388607 8388607 8388607 8388607 8388607 8388607 8388607 8388607 8388607 8388607 5967925 5967925 5967925 5967925 5967925 5967925 5967925 5967925 5967925 5967925 5967925 5967925 5967925 5967925 5967925 5967925 0 0 0 0 0 0 0 0 0 0 0 0 0 0 0 0 2097152 4194304 4194304 4194304 0 0 5967925 0 2291 0 2556 973184 975923 0 0
E1 0 2291 0 2075 0 1879 0 1702 0 1542 0 1397 0 1265 0 1146 0 1038 0 940 0 851 0 771 0 699 0 633 0 573 0 519 0 470 0 5967925
E2 0 2556 0 2314 0 2096 0 1898 0 1719 0 1558 0 1411 0 1278 0 1157 0 1049 0 949 0 860 0 779 0 706 0 639 0 579 0 524
E3 973184 975923 1056886 1059532 1171058 1173616 1314674 1317145 1486739 1489127 1686294 1688601 1912411 1914641 2130900 2133054 2342017 2344099 2546012 2548023 2743125 2745068 2933588 2935465 3117625 3119439 3295453 3297206 3467281 3468975 3633313 3634950 3793743 3795325
E4 0 246536 267197 295500 331184 374000 423708 480071 534541 587181 638054 687216 734726 780638 825007 867882 909316 2097152 243296 264221 292764 328668 371684 421573 478102 532725 585504 636503 685781 733397 779406 823863 866820 908328
F
IN 8388607 8388607 8388607 8388607 8388607 8388607 8388607 8388607 8388607 8388607 8388607 8388607 8388607 8388607 8388607 8388607 8388607 8388607 8388607 8388607 8388607 8388607 8388607 8388607 8388607 8388607 8388607 8388607 8388607 8388607 8388607 8388607 5967925 5967925 5967925 5967925 5967925 5967925 5967925 5967925 5967925 5967925 5967925 5967925 5967925 5967925 5967925 5967925 0 0 0 0 0 0 0 0 0 0 0 0 0 0 0 0 2097152 4194304 4194304 4194304 0 0 5967925 0 470 0 524 3793743 3795325 0 0
E1 0 470 0 425 0 385 0 349 0 316 0 286 0 259 0 235 0 213 0 193 0 175 0 158 0 143 0 130 0 117 0 106 0 96 0 5967925
E2 0 524 0 474 0 430 0 389 0 352 0 319 0 289 0 262 0 237 0 215 0 195 0 177 0 160 0 144 0 131 0 119 0 107
E3 3793743 3795325 3948760 3950289 4098548 4100025 4243283 4244710 4383134 4384513 4518268 4519600 4648842 4650130 4775011 4776255 4896924 4898126 5014723 5015885 5128549 5129671 5238534 5239618 5344808 5345856 5447497 5448510 5546722 5547701 5642599 5643545 5735242 5736156
E4 0 949355 988046 1025436 1061566 1096480 1130219 1162821 1194325 1224768 1254186 1282612 1310081 1336624 1362271 1387056 1411005 2097152 948435 987190 1024637 1060820 1095783 1129567 1162210 1193752 1224231 1253680 1282137 1309633 1336202 1361874 1386680 1410649
F
IN 8388607 8388607 8388607 8388607 8388607 8388607 8388607 8388607 8388607 8388607 8388607 8388607 8388607 8388607 8388607 8388607 8388607 8388607 8388607 8388607 8388607 8388607 8388607 8388607 8388607 8388607 8388607 8388607 8388607 8388607 8388607 8388607 5967925 5967925 5967925 5967925 5967925 5967925 5967925 5967925 5967925 5967925 5967925 5967925 5967925 5967925 5967925 5967925 0 0 0 0 0 0 0 0 0 0 0 0 0 0 0 0 2097152 4194304 4194304 4194304 0 0 5967925 0 96 0 107 5735242 5736156 0 0
E1 0 96 0 86 0 78 0 71 0 64 0 58 0 53 0 48 0 43 0 39 0 36 0 32 0 29 0 26 0 24 0 22 0 20 0 5967925
E2 0 107 0 96 0 87 0 79 0 72 0 65 0 58 0 54 0 48 0 44 0 39 0 36 0 33 0 29 0 26 0 24 0 23
E3 5735242 5736156 5824759 5825642 5911256 5912109 5994834 5995659 6075594 6076390 6153628 6154398 6229030 6229774 6301888 6302607 6372288 6372983 6440313 6440984 6506043 6506691 6569555 6570182 6630925 6631531 6690224 6690809 6747523 6748088 6802888 6803435 6856386 6856914
E4 0 1434146 1456506 1478114 1498993 1519169 1538664 1557501 1575705 1593293 1610290 1626711 1642581 1657915 1672731 1687048 1700882 2097152 1433810 1456189 1477814 1498708 1518898 1538407 1557257 1575472 1593072 1610078 1626510 1642388 1657731 1672556 1686880 1700722
CFG 3 ATK=64 DEC=64 BOFS=64 WOFS=64
F
IN 0 0 0 0 0 0 0 0 0 0 0 0 0 0 0 0 0 0 0 0 0 0 0 0 0 0 0 0 0 0 0 0 0 0 0 0 0 0 0 0 0 0 0 0 0 0 0 0 5890554 5890554 5890554 5890554 5890554 5890554 5890554 5890554 5890554 5890554 5890554 5890554 5890554 5890554 5890554 5890554 4194304 4194304 4194304 4194304 0 0 0 0 0 0 0 0 0 0 0
E1 0 0 5613086 0 5084292 0 4605314 0 4171459 0 3778477 0 3422516 0 3100090 0 2808039 0 2543501 0 2303884 0 2086841 0 1890245 0 1712170 0 1550871 0 1404767 0 1272428 0 5890554 0
E2 0 0 0 0 5119166 0 5087360 0 4647732 0 4213368 0 3816745 0 3457206 0 3131514 0 2836503 0 2569284 0 2327237 0 2107995 0 1909406 0 1729525 0 1566592 0 1419006 0
E3 0 0 0 0 0 0 0 0 0 0 0 0 0 0 0 0 0 0 0 0 0 0 0 0 0 0 0 0 0 0 0 0 0 0
E4 0 0 0 0 0 0 0 0 0 0 0 0 0 0 0 0 0 0 0 0 5119166 5087360 4647732 4213368 3816745 3457206 3131514 2836503 2569284 2327237 2107995 1909406 1729525 1566592
F
IN 0 0 0 0 0 0 0 0 0 0 493456 1480352 2467248 3454144 4441039 5427935 0 0 0 0 0 0 0 0 0 0 493456 1480352 2467248 3454144 4441039 5427935 0 0 0 0 0 0 0 0 0 0 0 0 0 0 0 0 5890554 5890554 5890554 5890554 5890554 5890554 5890554 5890554 5890554 5890554 5890554 5890554 5890554 5890554 5890554 5890554 4194304 4194304 4194304 4194304 0 5890554 0 1272428 0 1419006 0 0 0 0 0
E1 1272428 0 1152555 0 1043976 0 945626 0 856541 0 775848 0 702758 0 636553 0 576585 0 522266 0 473065 0 428499 0 388131 0 351566 0 318446 0 288446 0 261272 0 5890554 0
E2 1419006 0 1285326 0 1164238 0 1054558 0 955211 0 865224 0 783712 0 709882 0 643005 0 582430 0 527560 0 477860 0 432843 0 392065 0 355130 0 321674 0 291370 0
E3 0 0 0 0 0 0 0 0 0 0 0 0 0 0 0 0 0 0 0 0 0 0 16647 16647 66029 66029 147039 147039 258611 258611 399715 399715 569353 569353
E4 0 0 0 0 0 0 0 0 0 0 0 0 0 0 0 0 0 0 1419006 1285326 1164238 1054558 955211 865224 783712 709882 643005 582430 527560 477860 432843 392065 355130 321674
F
IN 6414815 7401711 8388607 7401711 6414815 5427919 4441023 3454128 2467232 1480336 493440 11 34 57 80 103 6414815 7401711 8388607 7401711 6414815 5427919 4441023 3454128 2467232 1480336 493440 12 35 58 81 104 1714178 1714178 1714178 1714178 1714178 1714178 1714178 1714178 1714178 1714178 1714178 1714178 1714178 1714178 1714178 1714178 5890554 5890554 5890554 5890554 5890554 5890554 5890554 5890554 5890554 5890554 5890554 5890554 5890554 5890554 5890554 5890554 4194304 4194304 4194304 4194304 0 5890554 0 261272 0 291370 0 569353 569353 0 0
E1 261272 0 236658 1633433 214363 1479552 194168 1340167 175876 1213913 159307 1099554 144299 995968 130705 902140 118392 817152 107239 740170 97136 670441 87985 607280 79696 550070 72188 498249 65388 451310 59228 408794 53648 370282 5890554 1714178
E2 291370 0 263920 0 239057 1489700 216536 1480445 196136 1352510 177659 1226109 160922 1110690 145761 1006063 132030 911285 119592 825435 108326 747673 98121 677237 88877 613435 80504 555646 72920 503300 66050 455885 59829 412937
E3 569353 569353 766562 766562 990413 990413 1240007 1240007 1447886 1447886 1615456 1615456 1744078 1744078 1835065 1835065 1889688 1889688 1909173 1909173 1894705 1894705 1847430 1847430 1785103 1785103 1724880 1724880 1666690 1666689 1610463 1610463 1556134 1556134
E4 0 0 0 1489700 1480445 1352510 1226109 1110690 1006063 911285 825435 747673 677237 613435 555646 503300 455885 0 291370 263920 239057 216536 196136 177659 160922 145761 132030 119592 108326 98121 88877 80504 72920 66050
F
IN 126 149 172 195 247568 494940 742313 989686 1237059 1484431 1731804 1979177 1979167 1731784 1484400 1237017 127 150 173 196 245383 490570 735756 980943 1226130 1471317 1716504 1961691 1961681 1716483 1471286 1226088 351978 351978 351978 351978 351978 351978 351978 351978 351978 351978 351978 351978 351978 351978 351978 351978 5890554 5890554 5890554 5890554 5890554 5890554 5890554 5890554 5890554 5890554 5890554 5890554 5890554 5890554 5890554 5890554 4194304 4194304 4194304 4194304 0 5890554 1714178 53648 370282 59829 412937 1556134 1556134 0 0
E1 53648 370282 48593 15814579 44016 15905266 39869 15987411 36113 16061816 32711 16129212 29629 16190259 26838 16245555 24310 16295641 22020 16341009 19945 16382103 18066 16419325 16364 16453041 14823 16483581 13426 16511244 12161 16536300 11016 16558996 5890554 351978
E2 59829 412937 54191 374035 49086 15932198 44462 15907636 40273 15980392 36479 16054651 33043 16122651 29929 16184310 27110 16240165 24557 16290760 22243 16336587 20147 16378098 18249 16415697 16530 16449755 14973 16480605 13562 16508548 12285 16533858
E3 1556134 1556134 1503638 1503638 1452915 1452915 1403903 1403903 1356546 1356546 1319059 1319132 1291108 1291326 1272372 1272804 1262540 1263253 1261311 1262369 1268396 1269861 1283514 1285445 1306394 1308850 1328502 1331464 1341591 1344970 1345967 1349674 1341922 1345873
E4 0 412937 374035 15932198 15907636 15980392 16054651 16122651 16184310 16240165 16290760 16336587 16378098 16415697 16449755 16480605 16508548 0 59829 54191 49086 44462 40273 36479 33043 29929 27110 24557 22243 20147 18249 16530 14973 13562
F
IN 989637 742254 494870 247487 103 103 103 102 102 102 102 101 101 493551 1480435 2467319 980894 735696 490499 245301 103 103 102 102 102 101 101 101 100 493550 1480434 2467318 72271 72271 72271 72271 72271 72271 72271 72271 72271 72271 72271 72271 72271 72271 72271 72271 5890554 5890554 5890554 5890554 5890554 5890554 5890554 5890554 5890554 5890554 5890554 5890554 5890554 5890554 5890554 5890554 4194304 4194304 4194304 4194304 0 5890554 351978 11016 16558996 12285 16533858 1341922 1345873 0 0
E1 11016 16558996 9978 16313022 9038 16356752 8186 16396363 7415 16432242 6717 16464741 6084 16494179 5511 16520843 4991 16544995 4521 16566872 4095 16586688 3710 16604637 3360 16620895 3043 16635622 2757 16648961 2497 16661044 2262 16671988 5890554 72271
E2 12285 16533858 11127 16556783 10079 16334472 9130 16354792 8269 16392705 7490 16428763 6785 16461575 6146 16491310 5567 16518244 5041 16542641 4567 16564740 4137 16584757 3747 16602887 3394 16619311 3074 16634186 2785 16647661 2522 16659867
E3 1341922 1345873 1329741 1333854 1309700 1313895 1282062 1286264 1247085 1251218 1205015 1209009 1164365 1168224 1125086 1128815 1087132 1090735 1050459 1053940 1015023 1018387 980782 984033 947697 950838 915728 918763 901485 904417 921017 923850 973184 975923
E4 0 16533858 16556783 16334472 16354792 16392705 16428763 16461575 16491310 16518244 16542641 16564740 16584757 16602887 16619311 16634186 16647661 0 12285 11127 10079 9130 8269 7490 6785 6146 5567 5041 4567 4137 3747 3394 3074 2785
F
IN 3454187 4441071 5427955 6414839 7401723 8388607 8388607 8388607 8388607 8388607 8388607 8388607 8388607 8388607 8388607 8388607 3454186 4441071 5427955 6414839 7401723 8388607 8388607 8388607 8388607 8388607 8388607 8388607 8388607 8388607 8388607 8388607 14839 14839 14839 14839 14839 14839 14839 14839 14839 14839 14839 14839 14839 14839 14839 14839 5890554 5890554 5890554 5890554 5890554 5890554 5890554 5890554 5890554 5890554 5890554 5890554 5890554 5890554 5890554 5890554 4194304 4194304 4194304 4194304 0 5890554 72271 2262 16671988 2522 16659867 973184 975923 0 0
E1 2262 16671988 2048 16627174 1855 16641309 1681 16654113 1522 16665710 1379 16676214 1249 16685730 1131 16694348 1025 16702155 928 16709226 841 16715631 762 16721433 690 16726688 625 16731449 566 16735760 513 16739666 464 16743203 5890554 14839
E2 2522 16659867 2284 16670921 2069 16631023 1874 16640404 1698 16652907 1537 16664583 1393 16675191 1262 16684803 1143 16693508 1035 16701394 937 16708537 850 16715006 770 16720868 697 16726176 631 16730985 572 16735340 518 16739285
E3 973184 975923 1056886 1059532 1171058 1173616 1314674 1317145 1486739 1489127 1686294 1688601 1912411 1914641 2130900 2133054 2342017 2344099 2546012 2548023 2743125 2745068 2933588 2935465 3117625 3119439 3295453 3297206 3467281 3468975 3633313 3634950 3793743 3795325
E4 0 16659867 16670921 16631023 16640404 16652907 16664583 16675191 16684803 16693508 16701394 16708537 16715006 16720868 16726176 16730985 16735340 0 2522 2284 2069 1874 1698 1537 1393 1262 1143 1035 937 850 770 697 631 572
F
IN 8388607 8388607 8388607 8388607 8388607 8388607 8388607 8388607 8388607 8388607 8388607 8388607 8388607 8388607 8388607 8388607 8388607 8388607 8388607 8388607 8388607 8388607 8388607 8388607 8388607 8388607 8388607 8388607 8388607 8388607 8388607 8388607 3048 3048 3048 3048 3048 3048 3048 3048 3048 3048 3048 3048 3048 3048 3048 3048 5890554 5890554 5890554 5890554 5890554 5890554 5890554 5890554 5890554 5890554 5890554 5890554 5890554 5890554 5890554 5890554 4194304 4194304 4194304 4194304 0 5890554 14839 464 16743203 518 16739285 3793743 3795325 0 0
E1 464 16743203 420 16735171 380 16739132 344 16742720 312 16745970 283 16748913 256 16751580 232 16753995 210 16756182 190 16758164 172 16759959 156 16761584 141 16763057 128 16764391 116 16765599 105 16766694 95 16767685 5890554 3048
E2 518 16739285 468 16742858 424 16735847 384 16738843 348 16742379 315 16745654 286 16748626 258 16751320 235 16753760 212 16755969 192 16757971 174 16759784 157 16761425 143 16762914 129 16764261 117 16765481 106 16766587
E3 3793743 3795325 3948760 3950289 4098548 4100025 4243283 4244710 4383134 4384513 4518268 4519600 4648842 4650130 4775011 4776255 4896924 4898126 5014723 5015885 5128549 5129671 5238534 5239618 5344808 5345856 5447497 5448510 5546722 5547701 5642599 5643545 5735242 5736156
E4 0 16739285 16742858 16735847 16738843 16742379 16745654 16748626 16751320 16753760 16755969 16757971 16759784 16761425 16762914 16764261 16765481 0 518 468 424 384 348 315 286 258 235 212 192 174 157 143 129 117
F
IN 8388607 8388607 8388607 8388607 8388607 8388607 8388607 8388607 8388607 8388607 8388607 8388607 8388607 8388607 8388607 8388607 8388607 8388607 8388607 8388607 8388607 8388607 8388607 8388607 8388607 8388607 8388607 8388607 8388607 8388607 8388607 8388607 626 626 626 626 626 626 626 626 626 626 626 626 626 626 626 626 5890554 5890554 5890554 5890554 5890554 5890554 5890554 5890554 5890554 5890554 5890554 5890554 5890554 5890554 5890554 5890554 4194304 4194304 4194304 4194304 0 5890554 3048 95 16767685 106 16766587 5735242 5736156 0 0
E1 95 16767685 86 16766274 77 16767305 70 16768239 64 16769085 58 16769851 52 16770545 47 16771173 43 16771742 39 16772258 35 16772725 32 16773148 29 16773531 26 16773879 24 16774193 21 16774478 19 16774736 5890554 626
E2 106 16766587 95 16767588 87 16766390 78 16767224 71 16768150 64 16769002 59 16769777 53 16770477 47 16771112 43 16771686 40 16772208 35 16772680 33 16773106 29 16773494 26 16773845 24 16774163 22 16774450
E3 5735242 5736156 5824759 5825642 5911256 5912109 5994834 5995659 6075594 6076390 6153628 6154398 6229030 6229774 6301888 6302607 6372288 6372983 6440313 6440984 6506043 6506691 6569555 6570182 6630925 6631531 6690224 6690809 6747523 6748088 6802888 6803435 6856386 6856914
E4 0 16766587 16767588 16766390 16767224 16768150 16769002 16769777 16770477 16771112 16771686 16772208 16772680 16773106 16773494 16773845 16774163 0 106 95 87 78 71 64 59 53 47 43 40 35 33 29 26 24
CFG 4 ATK=96 DEC=64 BOFS=64 WOFS=64
F
IN 0 0 0 0 0 0 0 0 0 0 0 0 0 0 0 0 0 0 0 0 0 0 0 0 0 0 0 0 0 0 0 0 0 0 0 0 0 0 0 0 0 0 0 0 0 0 0 0 5890554 5890554 5890554 5890554 5890554 5890554 5890554 5890554 5890554 5890554 5890554 5890554 5890554 5890554 5890554 5890554 6291456 4194304 4194304 4194304 0 0 0 0 0 0 0 0 0 0 0
E1 0 0 5613086 0 5084292 0 4605314 0 4171459 0 3778477 0 3422516 0 3100090 0 2808039 0 2543501 0 2303884 0 2086841 0 1890245 0 1712170 0 1550871 0 1404767 0 1272428 0 5890554 0
E2 0 0 0 0 5119166 0 5087360 0 4647732 0 4213368 0 3816745 0 3457206 0 3131514 0 2836503 0 2569284 0 2327237 0 2107995 0 1909406 0 1729525 0 1566592 0 1419006 0
E3 0 0 0 0 0 0 0 0 0 0 0 0 0 0 0 0 0 0 0 0 0 0 0 0 0 0 0 0 0 0 0 0 0 0
E4 0 0 0 0 0 0 0 0 0 0 0 0 0 0 0 0 0 2097152 0 0 5119166 5087360 4647732 4213368 3816745 3457206 3131514 2836503 2569284 2327237 2107995 1909406 1729525 1566592
F
IN 0 0 0 0 0 0 0 0 0 0 493456 1480352 2467248 3454144 4441039 5427935 0 0 0 0 0 0 0 0 0 0 493456 1480352 2467248 3454144 4441039 5427935 0 0 0 0 0 0 0 0 0 0 0 0 0 0 0 0 5890554 5890554 5890554 5890554 5890554 5890554 5890554 5890554 5890554 5890554 5890554 5890554 5890554 5890554 5890554 5890554 6291456 4194304 4194304 4194304 0 5890554 0 1272428 0 1419006 0 0 0 0 0
E1 1272428 0 1152555 0 1043976 0 945626 0 856541 0 775848 0 702758 0 636553 0 576585 0 522266 0 473065 0 428499 0 388131 0 351566 0 318446 0 288446 0 261272 0 5890554 0
E2 1419006 0 1285326 0 1164238 0 1054558 0 955211 0 865224 0 783712 0 709882 0 643005 0 582430 0 527560 0 477860 0 432843 0 392065 0 355130 0 321674 0 291370 0
E3 0 0 0 0 0 0 0 0 0 0 0 0 0 0 0 0 0 0 0 0 0 0 16647 16647 66029 66029 147039 147039 258611 258611 399715 399715 569353 569353
E4 0 0 0 0 0 0 0 0 0 0 0 0 4161 16507 36759 64652 99928 2097152 1419006 1285326 1164238 1054558 955211 865224 783712 709882 643005 582430 527560 482021 449350 428824 419782 421602
F
IN 6414815 7401711 8388607 7401711 6414815 5427919 4441023 3454128 2467232 1480336 493440 11 34 57 80 103 6414815 7401711 8388607 7401711 6414815 5427919 4441023 3454128 2467232 1480336 493440 12 35 58 81 104 1714178 1714178 1714178 1714178 1714178 1714178 1714178 1714178 1714178 1714178 1714178 1714178 1714178 1714178 1714178 1714178 5890554 5890554 5890554 5890554 5890554 5890554 5890554 5890554 5890554 5890554 5890554 5890554 5890554 5890554 5890554 5890554 6291456 4194304 4194304 4194304 0 5890554 0 261272 0 291370 0 569353 569353 0 0
E1 261272 0 236658 1633433 214363 1479552 194168 1340167 175876 1213913 159307 1099554 144299 995968 130705 902140 118392 817152 107239 740170 97136 670441 87985 607280 79696 550070 72188 498249 65388 451310 59228 408794 53648 370282 5890554 1714178
E2 291370 0 263920 0 239057 1489700 216536 1480445 196136 1352510 177659 1226109 160922 1110690 145761 1006063 132030 911285 119592 825435 108326 747673 98121 677237 88877 613435 80504 555646 72920 503300 66050 455885 59829 412937
E3 569353 569353 766562 766562 990413 990413 1240007 1240007 1447886 1447886 1615456 1615456 1744078 1744078 1835065 1835065 1889688 1889688 1909173 1909173 1894705 1894705 1847430 1847430 1785103 1785103 1724880 1724880 1666690 1666689 1610463 1610463 1556134 1556134
E4 0 142338 191640 1737303 1790446 1714481 1629973 1546709 1464829 1383707 1302728 1221349 1139094 1059710 986866 919972 858500 2097152 433708 455560 486660 526537 558107 581523 596941 604527 604452 596885 582002 559978 535152 511724 489592 468665
F
IN 126 149 172 195 247568 494940 742313 989686 1237059 1484431 1731804 1979177 1979167 1731784 1484400 1237017 127 150 173 196 245383 490570 735756 980943 1226130 1471317 1716504 1961691 1961681 1716483 1471286 1226088 409496 409496 409496 409496 409496 409496 409496 409496 409496 409496 409496 409496 409496 409496 409496 409496 5890554 5890554 5890554 5890554 5890554 5890554 5890554 5890554 5890554 5890554 5890554 5890554 5890554 5890554 5890554 5890554 6291456 4194304 4194304 4194304 0 5890554 1714178 53648 370282 59829 412937 1556134 1556134 0 0
E1 53648 370282 48593 15869388 44016 15954912 39869 16032379 36113 16102548 32711 16166107 29629 16223678 26838 16275825 24310 16323060 22020 16365845 19945 16404599 18066 16439702 16364 16471499 14823 16500299 13426 16526387 12161 16550017 11016 16571421 5890554 409496
E2 59829 412937 54191 374035 49086 15982185 44462 15957311 40273 16025774 36479 16095792 33043 16159920 29929 16218068 27110 16270742 24557 16318457 22243 16361675 20147 16400822 18249 16436280 16530 16468400 14973 16497492 13562 16523845 12285 16547714
E3 1556134 1556134 1503638 1503638 1452915 1452915 1403903 1403903 1356546 1356546 1319059 1319132 1291108 1291326 1272372 1272804 1262540 1263253 1261311 1262369 1268396 1269861 1283514 1285445 1306394 1308850 1328502 1331464 1341591 1344970 1345967 1349674 1341922 1345873
E4 0 801970 749944 16345413 16308286 16364910 16425575 16482751 16536269 16586555 16634049 16679140 16722183 16763492 24050 56518 84047 2097152 448862 430100 412314 395437 379409 366243 355820 348022 342745 339884 339342 341025 344847 348655 350370 350053
F
IN 989637 742254 494870 247487 103 103 103 102 102 102 102 101 101 493551 1480435 2467319 980894 735696 490499 245301 103 103 102 102 102 101 101 101 100 493550 1480434 2467318 488468 488468 488468 488468 488468 488468 488468 488468 488468 488468 488468 488468 488468 488468 488468 488468 5890554 5890554 5890554 5890554 5890554 5890554 5890554 5890554 5890554 5890554 5890554 5890554 5890554 5890554 5890554 5890554 6291456 4194304 4194304 4194304 0 5890554 409496 11016 16571421 12285 16547714 1341922 1345873 0 0
E1 11016 16571421 9978 16666060 9038 16676532 8186 16686017 7415 16694609 6717 16702391 6084 16709440 5511 16715825 4991 16721608 4521 16726847 4095 16731592 3710 16735890 3360 16739783 3043 16743310 2757 16746504 2497 16749397 2262 16752018 5890554 488468
E2 12285 16547714 11127 16569334 10079 16657549 9130 16674862 8269 16685035 7490 16693767 6785 16701632 6146 16708753 5567 16715202 5041 16721045 4567 16726336 4137 16731130 3747 16735471 3394 16739403 3074 16742967 2785 16746192 2522 16749115
E3 1341922 1345873 1329741 1333854 1309700 1313895 1282062 1286264 1247085 1251218 1205015 1209009 1164365 1168224 1125086 1128815 1087132 1090735 1050459 1053940 1015023 1018387 980782 984033 947697 950838 915728 918763 901485 904417 921017 923850 973184 975923
E4 0 106966 125581 208806 219212 220623 218803 216472 213740 210669 207314 203716 199922 195964 191877 191855 199938 2097152 347765 343562 337504 329645 320040 308743 297876 287417 277350 267655 258322 249332 240671 232326 228445 233039
F
IN 3454187 4441071 5427955 6414839 7401723 8388607 8388607 8388607 8388607 8388607 8388607 8388607 8388607 8388607 8388607 8388607 3454186 4441071 5427955 6414839 7401723 8388607 8388607 8388607 8388607 8388607 8388607 8388607 8388607 8388607 8388607 8388607 352341 352341 352341 352341 352341 352341 352341 352341 352341 352341 352341 352341 352341 352341 352341 352341 5890554 5890554 5890554 5890554 5890554 5890554 5890554 5890554 5890554 5890554 5890554 5890554 5890554 5890554 5890554 5890554 6291456 4194304 4194304 4194304 0 5890554 488468 2262 16752018 2522 16749115 973184 975923 0 0
E1 2262 16752018 2048 16624676 1855 16639047 1681 16652063 1522 16663854 1379 16674533 1249 16684207 1131 16692969 1025 16700906 928 16708095 841 16714606 762 16720505 690 16725847 625 16730687 566 16735070 513 16739040 464 16742637 5890554 352341
E2 2522 16749115 2284 16751762 2069 16635859 1874 16638766 1698 16650893 1537 16662714 1393 16673493 1262 16683264 1143 16692115 1035 16700132 937 16707395 850 16713971 770 16719930 697 16725327 631 16730215 572 16734643 518 16738653
E3 973184 975923 1056886 1059532 1171058 1173616 1314674 1317145 1486739 1489127 1686294 1688601 1912411 1914641 2130900 2133054 2342017 2344099 2546012 2548023 2743125 2745068 2933588 2935465 3117625 3119439 3295453 3297206 3467281 3468975 3633313 3634950 3793743 3795325
E4 0 215879 239429 152047 190836 245958 307648 374937 439311 500923 559921 616446 670621 722573 772412 820242 866164 2097152 245818 266505 294833 330542 373382 423110 479495 533987 586647 637538 686718 734247 780176 824560 867451 908900
F
IN 8388607 8388607 8388607 8388607 8388607 8388607 8388607 8388607 8388607 8388607 8388607 8388607 8388607 8388607 8388607 8388607 8388607 8388607 8388607 8388607 8388607 8388607 8388607 8388607 8388607 8388607 8388607 8388607 8388607 8388607 8388607 8388607 220260 220260 220260 220260 220260 220260 220260 220260 220260 220260 220260 220260 220260 220260 220260 220260 5890554 5890554 5890554 5890554 5890554 5890554 5890554 5890554 5890554 5890554 5890554 5890554 5890554 5890554 5890554 5890554 6291456 4194304 4194304 4194304 0 5890554 352341 464 16742637 518 16738653 3793743 3795325 0 0
E1 464 16742637 420 16620035 380 16634842 344 16648255 312 16660404 283 16671409 256 16681376 232 16690405 210 16698583 190 16705991 172 16712701 156 16718779 141 16724284 128 16729271 116 16733788 105 16737879 95 16741585 5890554 220260
E2 518 16738653 468 16742286 424 16630792 384 16634486 348 16647043 315 16659229 286 16670337 258 16680405 235 16689525 212 16697786 192 16705269 174 16712047 157 16718186 143 16723748 129 16728785 117 16733347 106 16737481
E3 3793743 3795325 3948760 3950289 4098548 4100025 4243283 4244710 4383134 4384513 4518268 4519600 4648842 4650130 4775011 4776255 4896924 4898126 5014723 5015885 5128549 5129671 5238534 5239618 5344808 5345856 5447497 5448510 5546722 5547701 5642599 5643545 5735242 5736156
E4 0 910268 952642 878582 918447 965955 1011913 1055653 1097252 1136840 1174541 1210470 1244735 1277434 1308659 1338494 1367017 2097152 948953 987658 1025061 1061204 1096131 1129882 1162496 1194010 1224466 1253892 1282329 1309807 1336359 1362017 1386809 1410766
F
IN 8388607 8388607 8388607 8388607 8388607 8388607 8388607 8388607 8388607 8388607 8388607 8388607 8388607 8388607 8388607 8388607 8388607 8388607 8388607 8388607 8388607 8388607 8388607 8388607 8388607 8388607 8388607 8388607 8388607 8388607 8388607 8388607 868847 868847 868847 868847 868847 868847 868847 868847 868847 868847 868847 868847 868847 868847 868847 868847 5890554 5890554 5890554 5890554 5890554 5890554 5890554 5890554 5890554 5890554 5890554 5890554 5890554 5890554 5890554 5890554 6291456 4194304 4194304 4194304 0 5890554 220260 95 16741585 106 16737481 5735242 5736156 0 0
E1 95 16741585 86 585761 77 530578 70 480594 64 435318 58 394308 52 357161 47 323514 43 293037 39 265431 35 240425 32 217775 29 197259 26 178676 24 161843 21 146597 19 132786 5890554 868847
E2 106 16737481 95 16741223 87 531051 78 530619 71 484996 64 439689 59 398302 53 360781 47 326793 43 296008 40 268121 35 242862 33 219983 29 199258 26 180487 24 163484 22 148083
E3 5735242 5736156 5824759 5825642 5911256 5912109 5994834 5995659 6075594 6076390 6153628 6154398 6229030 6229774 6301888 6302607 6372288 6372983 6440313 6440984 6506043 6506691 6569555 6570182 6630925 6631531 6690224 6690809 6747523 6748088 6802888 6803435 6856386 6856914
E4 0 1394304 1420417 2009078 2029533 2004093 1978288 1955745 1936432 1920038 1906254 1894793 1885407 1877865 1871960 1867509 1864342 2097152 1433916 1456284 1477901 1498786 1518969 1538471 1557316 1575525 1593119 1610121 1626550 1642423 1657764 1672585 1686906 1700746
CFG 5 ATK=126 DEC=64 BOFS=64 WOFS=64
F
IN 0 0 0 0 0 0 0 0 0 0 0 0 0 0 0 0 0 0 0 0 0 0 0 0 0 0 0 0 0 0 0 0 0 0 0 0 0 0 0 0 0 0 0 0 0 0 0 0 5890554 5890554 5890554 5890554 5890554 5890554 5890554 5890554 5890554 5890554 5890554 5890554 5890554 5890554 5890554 5890554 8257536 4194304 4194304 4194304 0 0 0 0 0 0 0 0 0 0 0
E1 0 0 5613086 0 5084292 0 4605314 0 4171459 0 3778477 0 3422516 0 3100090 0 2808039 0 2543501 0 2303884 0 2086841 0 1890245 0 1712170 0 1550871 0 1404767 0 1272428 0 5890554 0
E2 0 0 0 0 5119166 0 5087360 0 4647732 0 4213368 0 3816745 0 3457206 0 3131514 0 2836503 0 2569284 0 2327237 0 2107995 0 1909406 0 1729525 0 1566592 0 1419006 0
E3 0 0 0 0 0 0 0 0 0 0 0 0 0 0 0 0 0 0 0 0 0 0 0 0 0 0 0 0 0 0 0 0 0 0
E4 0 0 0 0 0 0 0 0 0 0 0 0 0 0 0 0 0 7872512 0 0 5119166 5087360 4647732 4213368 3816745 3457206 3131514 2836503 2569284 2327237 2107995 1909406 1729525 1566592
F
IN 0 0 0 0 0 0 0 0 0 0 493456 1480352 2467248 3454144 4441039 5427935 0 0 0 0 0 0 0 0 0 0 493456 1480352 2467248 3454144 4441039 5427935 0 0 0 0 0 0 0 0 0 0 0 0 0 0 0 0 5890554 5890554 5890554 5890554 5890554 5890554 5890554 5890554 5890554 5890554 5890554 5890554 5890554 5890554 5890554 5890554 8257536 4194304 4194304 4194304 0 5890554 0 1272428 0 1419006 0 0 0 0 0
E1 1272428 0 1152555 0 1043976 0 945626 0 856541 0 775848 0 702758 0 636553 0 576585 0 522266 0 473065 0 428499 0 388131 0 351566 0 318446 0 288446 0 261272 0 5890554 0
E2 1419006 0 1285326 0 1164238 0 1054558 0 955211 0 865224 0 783712 0 709882 0 643005 0 582430 0 527560 0 477860 0 432843 0 392065 0 355130 0 321674 0 291370 0
E3 0 0 0 0 0 0 0 0 0 0 0 0 0 0 0 0 0 0 0 0 0 0 16647 16647 66029 66029 147039 147039 258611 258611 399715 399715 569353 569353
E4 0 0 0 0 0 0 0 0 0 0 0 0 15622 61966 137992 242700 375123 7872512 1419006 1285326 1164238 1054558 955211 865224 783712 709882 643005 582430 527560 493482 494809 530057 597830 696797
F
IN 6414815 7401711 8388607 7401711 6414815 5427919 4441023 3454128 2467232 1480336 493440 11 34 57 80 103 6414815 7401711 8388607 7401711 6414815 5427919 4441023 3454128 2467232 1480336 493440 12 35 58 81 104 1714178 1714178 1714178 1714178 1714178 1714178 1714178 1714178 1714178 1714178 1714178 1714178 1714178 1714178 1714178 1714178 5890554 5890554 5890554 5890554 5890554 5890554 5890554 5890554 5890554 5890554 5890554 5890554 5890554 5890554 5890554 5890554 8257536 4194304 4194304 4194304 0 5890554 0 261272 0 291370 0 569353 569353 0 0
E1 261272 0 236658 1633433 214363 1479552 194168 1340167 175876 1213913 159307 1099554 144299 995968 130705 902140 118392 817152 107239 740170 97136 670441 87985 607280 79696 550070 72188 498249 65388 451310 59228 408794 53648 370282 5890554 1714178
E2 291370 0 263920 0 239057 1489700 216536 1480445 196136 1352510 177659 1226109 160922 1110690 145761 1006063 132030 911285 119592 825435 108326 747673 98121 677237 88877 613435 80504 555646 72920 503300 66050 455885 59829 412937
E3 569353 569353 766562 766562 990413 990413 1240007 1240007 1447886 1447886 1615456 1615456 1744078 1744078 1835065 1835065 1889688 1889688 1909173 1909173 1894705 1894705 1847430 1847430 1785103 1785103 1724880 1724880 1666690 1666689 1610463 1610463 1556134 1556134
E4 0 534324 719400 2419179 2644162 2711317 2742176 2747466 2728228 2684712 2617149 2525809 2411006 2288712 2174405 2067448 1967266 7872512 825694 983320 1168536 1380253 1554943 1693726 1797698 1867926 1905457 1911306 1886462 1831890 1764154 1699263 1637069 1577431
F
IN 126 149 172 195 247568 494940 742313 989686 1237059 1484431 1731804 1979177 1979167 1731784 1484400 1237017 127 150 173 196 245383 490570 735756 980943 1226130 1471317 1716504 1961691 1961681 1716483 1471286 1226088 567900 567900 567900 567900 567900 567900 567900 567900 567900 567900 567900 567900 567900 567900 567900 567900 5890554 5890554 5890554 5890554 5890554 5890554 5890554 5890554 5890554 5890554 5890554 5890554 5890554 5890554 5890554 5890554 8257536 4194304 4194304 4194304 0 5890554 1714178 53648 370282 59829 412937 1556134 1556134 0 0
E1 53648 370282 48593 16020330 44016 16091634 39869 16156221 36113 16214724 32711 16267715 29629 16315713 26838 16359190 24310 16398572 22020 16434243 19945 16466553 18066 16495820 16364 16522330 14823 16546342 13426 16568092 12161 16587793 11016 16605638 5890554 567900
E2 59829 412937 54191 374035 49086 16119845 44462 16094116 40273 16150756 36479 16209095 33043 16262557 29929 16311036 27110 16354952 24557 16394734 22243 16430766 20147 16463404 18249 16492968 16530 16519746 14973 16544002 13562 16565972 12285 16585873
E3 1556134 1556134 1503638 1503638 1452915 1452915 1403903 1403903 1356546 1356546 1319059 1319132 1291108 1291326 1272372 1272804 1262540 1263253 1261311 1262369 1268396 1269861 1283514 1285445 1306394 1308850 1328502 1331464 1341591 1344970 1345967 1349674 1341922 1345873
E4 0 1873332 1785164 706155 634430 646626 669853 697220 728316 763269 802221 845284 892548 944077 992077 1029008 1055393 7872512 1520224 1465320 1412612 1361992 1313359 1274384 1244717 1224020 1211974 1208267 1212602 1224694 1244269 1263297 1274024 1276720
F
IN 989637 742254 494870 247487 103 103 103 102 102 102 102 101 101 493551 1480435 2467319 980894 735696 490499 245301 103 103 102 102 102 101 101 101 100 493550 1480434 2467318 1634638 1634638 1634638 1634638 1634638 1634638 1634638 1634638 1634638 1634638 1634638 1634638 1634638 1634638 1634638 1634638 5890554 5890554 5890554 5890554 5890554 5890554 5890554 5890554 5890554 5890554 5890554 5890554 5890554 5890554 5890554 5890554 8257536 4194304 4194304 4194304 0 5890554 567900 11016 16605638 12285 16585873 1341922 1345873 0 0
E1 11016 16605638 9978 861076 9038 779956 8186 706479 7415 639923 6717 579638 6084 525031 5511 475570 4991 430767 4521 390186 4095 353428 3710 320132 3360 289973 3043 262656 2757 237911 2497 215499 2262 195197 5890554 1634638
E2 12285 16585873 11127 16603898 10079 770055 9130 779085 8269 712868 7490 646342 6785 585507 6146 530353 5567 480391 5041 435133 4567 394141 4137 357011 3747 323377 3394 292912 3074 265319 2785 240322 2522 217684
E3 1341922 1345873 1329741 1333854 1309700 1313895 1282062 1286264 1247085 1251218 1205015 1209009 1164365 1168224 1125086 1128815 1087132 1090735 1050459 1053940 1015023 1018387 980782 984033 947697 950838 915728 918763 901485 904417 921017 923850 973184 975923
E4 0 1071727 1078472 2003114 1986213 1887106 1780968 1681857 1589719 1504020 1424230 1349873 1280502 1215716 1155149 1114093 1107333 7872512 1271647 1259057 1239201 1212315 1178629 1138368 1099514 1062012 1025814 990872 957142 924577 893138 862783 849096 867137
F
IN 3454187 4441071 5427955 6414839 7401723 8388607 8388607 8388607 8388607 8388607 8388607 8388607 8388607 8388607 8388607 8388607 3454186 4441071 5427955 6414839 7401723 8388607 8388607 8388607 8388607 8388607 8388607 8388607 8388607 8388607 8388607 8388607 1281793 1281793 1281793 1281793 1281793 1281793 1281793 1281793 1281793 1281793 1281793 1281793 1281793 1281793 1281793 1281793 5890554 5890554 5890554 5890554 5890554 5890554 5890554 5890554 5890554 5890554 5890554 5890554 5890554 5890554 5890554 5890554 8257536 4194304 4194304 4194304 0 5890554 1634638 2262 195197 2522 217684 973184 975923 0 0
E1 2262 195197 2048 16617799 1855 16632817 1681 16646421 1522 16658742 1379 16669904 1249 16680013 1131 16689170 1025 16697465 928 16704978 841 16711783 762 16717948 690 16723531 625 16728589 566 16733170 513 16737319 464 16741078 5890554 1281793
E2 2522 217684 2284 197175 2069 16649177 1874 16634257 1698 16645351 1537 16657563 1393 16668818 1262 16679028 1143 16688278 1035 16696656 937 16704246 850 16711120 770 16717347 697 16722987 631 16728096 572 16732723 518 16736915
E3 973184 975923 1056886 1059532 1171058 1173616 1314674 1317145 1486739 1489127 1686294 1688601 1912411 1914641 2130900 2133054 2342017 2344099 2546012 2548023 2743125 2745068 2933588 2935465 3117625 3119439 3295453 3297206 3467281 3468975 3633313 3634950 3793743 3795325
E4 0 1133564 1191520 973372 1093150 1265645 1465059 1688447 1903633 2110943 2310699 2503211 2688769 2867651 3040121 3206431 3366822 7872512 915832 994146 1101079 1235664 1396967 1584084 1796145 2001061 2199071 2390407 2575295 2753953 2926587 3093402 3254592 3410351
F
IN 8388607 8388607 8388607 8388607 8388607 8388607 8388607 8388607 8388607 8388607 8388607 8388607 8388607 8388607 8388607 8388607 8388607 8388607 8388607 8388607 8388607 8388607 8388607 8388607 8388607 8388607 8388607 8388607 8388607 8388607 8388607 8388607 818442 818442 818442 818442 818442 818442 818442 818442 818442 818442 818442 818442 818442 818442 818442 818442 5890554 5890554 5890554 5890554 5890554 5890554 5890554 5890554 5890554 5890554 5890554 5890554 5890554 5890554 5890554 5890554 8257536 4194304 4194304 4194304 0 5890554 1281793 464 16741078 518 16736915 3793743 3795325 0 0
E1 464 16741078 420 16302957 380 16347635 344 16388105 312 16424762 283 16457966 256 16488042 232 16515284 210 16539960 190 16562311 172 16582557 156 16600895 141 16617506 128 16632552 116 16646180 105 16658525 95 16669706 5890554 818442
E2 518 16736915 468 16740711 424 16341477 384 16347093 348 16384496 315 16421219 286 16454733 258 16485111 235 16512629 212 16537555 192 16560132 174 16580584 157 16599108 143 16615887 129 16631085 117 16644852 106 16657322
E3 3793743 3795325 3948760 3950289 4098548 4100025 4243283 4244710 4383134 4384513 4518268 4519600 4648842 4650130 4775011 4776255 4896924 4898126 5014723 5015885 5128549 5129671 5238534 5239618 5344808 5345856 5447497 5448510 5546722 5547701 5642599 5643545 5735242 5736156
E4 0 3521522 3670748 3412038 3553437 3722042 3885541 4041555 4190298 4332189 4467629 4596992 4720626 4838852 4951969 5060256 5163970 7872512 3560856 3706286 3846815 3982605 4113816 4240603 4363115 4481493 4595883 4706412 4813215 4916415 5016134 5112491 5205597 5295563
F
IN 8388607 8388607 8388607 8388607 8388607 8388607 8388607 8388607 8388607 8388607 8388607 8388607 8388607 8388607 8388607 8388607 8388607 8388607 8388607 8388607 8388607 8388607 8388607 8388607 8388607 8388607 8388607 8388607 8388607 8388607 8388607 8388607 3259846 3259846 3259846 3259846 3259846 3259846 3259846 3259846 3259846 3259846 3259846 3259846 3259846 3259846 3259846 3259846 5890554 5890554 5890554 5890554 5890554 5890554 5890554 5890554 5890554 5890554 5890554 5890554 5890554 5890554 5890554 5890554 8257536 4194304 4194304 4194304 0 5890554 818442 95 16669706 106 16657322 5735242 5736156 0 0
E1 95 16669706 86 2229022 77 2019032 70 1828824 64 1656536 58 1500478 52 1359121 47 1231082 43 1115105 39 1010054 35 914899 32 828709 29 750639 26 679923 24 615869 21 557850 19 505296 5890554 3259846
E2 106 16657322 95 16668616 87 2023324 78 2019410 71 1845594 64 1673172 59 1515675 53 1372896 47 1243561 43 1126409 40 1020292 35 924173 33 837110 29 758247 26 686816 24 622111 22 563505
E3 5735242 5736156 5824759 5825642 5911256 5912109 5994834 5995659 6075594 6076390 6153628 6154398 6229030 6229774 6301888 6302607 6372288 6372983 6440313 6440984 6506043 6506691 6569555 6570182 6630925 6631531 6690224 6690809 6747523 6748088 6802888 6803435 6856386 6856914
E4 0 5263353 5358628 7571699 7646195 7548143 7448930 7362171 7287744 7224456 7171121 7126669 7090134 7060646 7037414 7019738 7006975 7872512 5382496 5466494 5547662 5626089 5701873 5775099 5845857 5914227 5980289 6044125 6105808 6165408 6223000 6278647 6332418 6384374
CFG 6 ATK=127 DEC=64 BOFS=64 WOFS=64
F
IN 0 0 0 0 0 0 0 0 0 0 0 0 0 0 0 0 0 0 0 0 0 0 0 0 0 0 0 0 0 0 0 0 0 0 0 0 0 0 0 0 0 0 0 0 0 0 0 0 5890554 5890554 5890554 5890554 5890554 5890554 5890554 5890554 5890554 5890554 5890554 5890554 5890554 5890554 5890554 5890554 8323072 4194304 4194304 4194304 0 0 0 0 0 0 0 0 0 0 0
E1 0 0 5613086 0 5084292 0 4605314 0 4171459 0 3778477 0 3422516 0 3100090 0 2808039 0 2543501 0 2303884 0 2086841 0 1890245 0 1712170 0 1550871 0 1404767 0 1272428 0 5890554 0
E2 0 0 0 0 5119166 0 5087360 0 4647732 0 4213368 0 3816745 0 3457206 0 3131514 0 2836503 0 2569284 0 2327237 0 2107995 0 1909406 0 1729525 0 1566592 0 1419006 0
E3 0 0 0 0 0 0 0 0 0 0 0 0 0 0 0 0 0 0 0 0 0 0 0 0 0 0 0 0 0 0 0 0 0 0
E4 0 0 0 0 0 0 0 0 0 0 0 0 0 0 0 0 0 8128512 0 0 5119166 5087360 4647732 4213368 3816745 3457206 3131514 2836503 2569284 2327237 2107995 1909406 1729525 1566592
F
IN 0 0 0 0 0 0 0 0 0 0 493456 1480352 2467248 3454144 4441039 5427935 0 0 0 0 0 0 0 0 0 0 493456 1480352 2467248 3454144 4441039 5427935 0 0 0 0 0 0 0 0 0 0 0 0 0 0 0 0 5890554 5890554 5890554 5890554 5890554 5890554 5890554 5890554 5890554 5890554 5890554 5890554 5890554 5890554 5890554 5890554 8323072 4194304 4194304 4194304 0 5890554 0 1272428 0 1419006 0 0 0 0 0
E1 1272428 0 1152555 0 1043976 0 945626 0 856541 0 775848 0 702758 0 636553 0 576585 0 522266 0 473065 0 428499 0 388131 0 351566 0 318446 0 288446 0 261272 0 5890554 0
E2 1419006 0 1285326 0 1164238 0 1054558 0 955211 0 865224 0 783712 0 709882 0 643005 0 582430 0 527560 0 477860 0 432843 0 392065 0 355130 0 321674 0 291370 0
E3 0 0 0 0 0 0 0 0 0 0 0 0 0 0 0 0 0 0 0 0 0 0 16647 16647 66029 66029 147039 147039 258611 258611 399715 399715 569353 569353
E4 0 0 0 0 0 0 0 0 0 0 0 0 16130 63981 142479 250592 387321 8128512 1419006 1285326 1164238 1054558 955211 865224 783712 709882 643005 582430 527560 493990 496824 534544 605722 708995
F
IN 6414815 7401711 8388607 7401711 6414815 5427919 4441023 3454128 2467232 1480336 493440 11 34 57 80 103 6414815 7401711 8388607 7401711 6414815 5427919 4441023 3454128 2467232 1480336 493440 12 35 58 81 104 1714178 1714178 1714178 1714178 1714178 1714178 1714178 1714178 1714178 1714178 1714178 1714178 1714178 1714178 1714178 1714178 5890554 5890554 5890554 5890554 5890554 5890554 5890554 5890554 5890554 5890554 5890554 5890554 5890554 5890554 5890554 5890554 8323072 4194304 4194304 4194304 0 5890554 0 261272 0 291370 0 569353 569353 0 0
E1 261272 0 236658 1633433 214363 1479552 194168 1340167 175876 1213913 159307 1099554 144299 995968 130705 902140 118392 817152 107239 740170 97136 670441 87985 607280 79696 550070 72188 498249 65388 451310 59228 408794 53648 370282 5890554 1714178
E2 291370 0 263920 0 239057 1489700 216536 1480445 196136 1352510 177659 1226109 160922 1110690 145761 1006063 132030 911285 119592 825435 108326 747673 98121 677237 88877 613435 80504 555646 72920 503300 66050 455885 59829 412937
E3 569353 569353 766562 766562 990413 990413 1240007 1240007 1447886 1447886 1615456 1615456 1744078 1744078 1835065 1835065 1889688 1889688 1909173 1909173 1894705 1894705 1847430 1847430 1785103 1785103 1724880 1724880 1666690 1666689 1610463 1610463 1556134 1556134
E4 0 551699 742794 2449404 2682004 2755503 2791476 2800691 2784230 2742381 2675412 2583631 2467385 2343189 2227044 2118311 2016414 8128512 843069 1006714 1198761 1418095 1599129 1743026 1850923 1923928 1963126 1969569 1944284 1888269 1818631 1751902 1687932 1626579
F
IN 126 149 172 195 247568 494940 742313 989686 1237059 1484431 1731804 1979177 1979167 1731784 1484400 1237017 127 150 173 196 245383 490570 735756 980943 1226130 1471317 1716504 1961691 1961681 1716483 1471286 1226088 574921 574921 574921 574921 574921 574921 574921 574921 574921 574921 574921 574921 574921 574921 574921 574921 5890554 5890554 5890554 5890554 5890554 5890554 5890554 5890554 5890554 5890554 5890554 5890554 5890554 5890554 5890554 5890554 8323072 4194304 4194304 4194304 0 5890554 1714178 53648 370282 59829 412937 1556134 1556134 0 0
E1 53648 370282 48593 16027020 44016 16097695 39869 16161710 36113 16219696 32711 16272218 29629 16319793 26838 16362885 24310 16401918 22020 16437274 19945 16469299 18066 16498307 16364 16524583 14823 16548383 13426 16569940 12161 16589467 11016 16607155 5890554 574921
E2 59829 412937 54191 374035 49086 16125946 44462 16100181 40273 16156296 36479 16214117 33043 16267105 29929 16315157 27110 16358685 24557 16398114 22243 16433828 20147 16466178 18249 16495480 16530 16522022 14973 16546063 13562 16567839 12285 16587564
E3 1556134 1556134 1503638 1503638 1452915 1452915 1403903 1403903 1356546 1356546 1319059 1319132 1291108 1291326 1272372 1272804 1262540 1263253 1261311 1262369 1268396 1269861 1283514 1285445 1306394 1308850 1328502 1331464 1341591 1344970 1345967 1349674 1341922 1345873
E4 0 1920821 1831051 756596 683338 693565 715132 741176 771280 805553 844126 887099 934550 986531 1034986 1072115 1098449 8128512 1567713 1511207 1456952 1404835 1354758 1314639 1284119 1262850 1250503 1246759 1251311 1263864 1284137 1303840 1314966 1317796
F
IN 989637 742254 494870 247487 103 103 103 102 102 102 102 101 101 493551 1480435 2467319 980894 735696 490499 245301 103 103 102 102 102 101 101 101 100 493550 1480434 2467318 1685445 1685445 1685445 1685445 1685445 1685445 1685445 1685445 1685445 1685445 1685445 1685445 1685445 1685445 1685445 1685445 5890554 5890554 5890554 5890554 5890554 5890554 5890554 5890554 5890554 5890554 5890554 5890554 5890554 5890554 5890554 5890554 8323072 4194304 4194304 4194304 0 5890554 574921 11016 16607155 12285 16587564 1341922 1345873 0 0
E1 11016 16607155 9978 904174 9038 818994 8186 741838 7415 671952 6717 608649 6084 551310 5511 499372 4991 452328 4521 409715 4095 371117 3710 336155 3360 304487 3043 275802 2757 249819 2497 226284 2262 204967 5890554 1685445
E2 12285 16587564 11127 16605431 10079 809495 9130 818158 8269 748554 7490 678693 6785 614812 6146 556898 5567 504434 5041 456913 4567 413868 4137 374879 3747 339562 3394 307574 3074 278598 2785 252351 2522 228578
E3 1341922 1345873 1329741 1333854 1309700 1313895 1282062 1286264 1247085 1251218 1205015 1209009 1164365 1168224 1125086 1128815 1087132 1090735 1050459 1053940 1015023 1018387 980782 984033 947697 950838 915728 918763 901485 904417 921017 923850 973184 975923
E4 0 1114491 1120711 2082651 2064540 1960976 1850215 1746814 1650713 1561349 1478174 1400679 1328401 1260918 1197849 1154972 1147556 8128512 1312599 1299638 1279170 1251440 1216687 1175142 1135047 1096347 1058991 1022929 988118 954509 922059 890729 876607 895245
F
IN 3454187 4441071 5427955 6414839 7401723 8388607 8388607 8388607 8388607 8388607 8388607 8388607 8388607 8388607 8388607 8388607 3454186 4441071 5427955 6414839 7401723 8388607 8388607 8388607 8388607 8388607 8388607 8388607 8388607 8388607 8388607 8388607 1322993 1322993 1322993 1322993 1322993 1322993 1322993 1322993 1322993 1322993 1322993 1322993 1322993 1322993 1322993 1322993 5890554 5890554 5890554 5890554 5890554 5890554 5890554 5890554 5890554 5890554 5890554 5890554 5890554 5890554 5890554 5890554 8323072 4194304 4194304 4194304 0 5890554 1685445 2262 204967 2522 228578 973184 975923 0 0
E1 2262 204967 2048 16617494 1855 16632541 1681 16646170 1522 16658516 1379 16669698 1249 16679827 1131 16689002 1025 16697312 928 16704840 841 16711658 762 16717834 690 16723429 625 16728496 566 16733086 513 16737243 464 16741009 5890554 1322993
E2 2522 228578 2284 207044 2069 16649767 1874 16634057 1698 16645104 1537 16657336 1393 16668610 1262 16678840 1143 16688108 1035 16696502 937 16704107 850 16710993 770 16717232 697 16722884 631 16728002 572 16732639 518 16736838
E3 973184 975923 1056886 1059532 1171058 1173616 1314674 1317145 1486739 1489127 1686294 1688601 1912411 1914641 2130900 2133054 2342017 2344099 2546012 2548023 2743125 2745068 2933588 2935465 3117625 3119439 3295453 3297206 3467281 3468975 3633313 3634950 3793743 3795325
E4 0 1174241 1233724 1009778 1133146 1310843 1516364 1746669 1968540 2182310 2388305 2586845 2778225 2962734 3140641 3312202 3477668 8128512 945531 1026400 1136817 1275785 1442339 1635546 1854508 2066091 2270543 2468105 2659009 2843479 3021730 3193971 3360405 3521231
F
IN 8388607 8388607 8388607 8388607 8388607 8388607 8388607 8388607 8388607 8388607 8388607 8388607 8388607 8388607 8388607 8388607 8388607 8388607 8388607 8388607 8388607 8388607 8388607 8388607 8388607 8388607 8388607 8388607 8388607 8388607 8388607 8388607 844959 844959 844959 844959 844959 844959 844959 844959 844959 844959 844959 844959 844959 844959 844959 844959 5890554 5890554 5890554 5890554 5890554 5890554 5890554 5890554 5890554 5890554 5890554 5890554 5890554 5890554 5890554 5890554 8323072 4194304 4194304 4194304 0 5890554 1322993 464 16741009 518 16736838 3793743 3795325 0 0
E1 464 16741009 420 16288903 380 16334905 344 16376574 312 16414318 283 16448505 256 16479472 232 16507522 210 16532929 190 16555943 172 16576789 156 16595670 141 16612773 128 16628265 116 16642297 105 16655008 95 16666521 5890554 844959
E2 518 16736838 468 16740641 424 16328654 384 16334355 348 16372859 315 16410670 286 16445175 258 16476454 235 16504789 212 16530452 192 16553700 174 16574758 157 16593830 143 16611106 129 16626755 117 16640929 106 16653769
E3 3793743 3795325 3948760 3950289 4098548 4100025 4243283 4244710 4383134 4384513 4518268 4519600 4648842 4650130 4775011 4776255 4896924 4898126 5014723 5015885 5128549 5129671 5238534 5239618 5344808 5345856 5447497 5448510 5546722 5547701 5642599 5643545 5735242 5736156
E4 0 3637269 3791231 3524338 3670238 3844210 4012919 4173907 4327401 4473828 4613599 4747105 4874701 4996717 5113464 5225228 5332275 8128512 3676632 3826793 3971892 4112100 4247579 4378490 4504986 4627215 4745325 4859449 4969725 5076282 5179244 5278735 5374870 5467762
F
IN 8388607 8388607 8388607 8388607 8388607 8388607 8388607 8388607 8388607 8388607 8388607 8388607 8388607 8388607 8388607 8388607 8388607 8388607 8388607 8388607 8388607 8388607 8388607 8388607 8388607 8388607 8388607 8388607 8388607 8388607 8388607 8388607 3365830 3365830 3365830 3365830 3365830 3365830 3365830 3365830 3365830 3365830 3365830 3365830 3365830 3365830 3365830 3365830 5890554 5890554 5890554 5890554 5890554 5890554 5890554 5890554 5890554 5890554 5890554 5890554 5890554 5890554 5890554 5890554 8323072 4194304 4194304 4194304 0 5890554 844959 95 16666521 106 16653769 5735242 5736156 0 0
E1 95 16666521 86 2301861 77 2085009 70 1888586 64 1710667 58 1549509 52 1403534 47 1271311 43 1151544 39 1043060 35 944796 32 855789 29 775168 26 702141 24 635994 21 576079 19 521808 5890554 3365830
E2 106 16653769 95 16665398 87 2089471 78 2085402 71 1905905 64 1727846 59 1565202 53 1417760 47 1284198 43 1163216 40 1053634 35 954373 33 864463 29 783026 26 709258 24 642441 22 581919
E3 5735242 5736156 5824759 5825642 5911256 5912109 5994834 5995659 6075594 6076390 6153628 6154398 6229030 6229774 6301888 6302607 6372288 6372983 6440313 6440984 6506043 6506691 6569555 6570182 6630925 6631531 6690224 6690809 6747523 6748088 6802888 6803435 6856386 6856914
E4 0 5434854 5533194 7818269 7895160 7793891 7691421 7601816 7524949 7459581 7404491 7358579 7320840 7290377 7266380 7248115 7234929 8128512 5557521 5644252 5728059 5809037 5887285 5962893 6035952 6106545 6174756 6240668 6304357 6365895 6425360 6482816 6538336 6591982
CFG 7 ATK=64 DEC=0 BOFS=64 WOFS=64
F
IN 0 0 0 0 0 0 0 0 0 0 0 0 0 0 0 0 0 0 0 0 0 0 0 0 0 0 0 0 0 0 0 0 0 0 0 0 0 0 0 0 0 0 0 0 0 0 0 0 5890554 5890554 5890554 5890554 5890554 5890554 5890554 5890554 5890554 5890554 5890554 5890554 5890554 5890554 5890554 5890554 4194304 0 4194304 4194304 0 0 0 0 0 0 0 0 0 0 0
E1 0 0 5613086 0 5084292 0 4605314 0 4171459 0 3778477 0 3422516 0 3100090 0 2808039 0 2543501 0 2303884 0 2086841 0 1890245 0 1712170 0 1550871 0 1404767 0 1272428 0 5890554 0
E2 0 0 0 0 5119166 0 5087360 0 4647732 0 4213368 0 3816745 0 3457206 0 3131514 0 2836503 0 2569284 0 2327237 0 2107995 0 1909406 0 1729525 0 1566592 0 1419006 0
E3 0 0 0 0 0 0 0 0 0 0 0 0 0 0 0 0 0 0 0 0 0 0 0 0 0 0 0 0 0 0 0 0 0 0
E4 0 0 0 0 0 0 0 0 0 0 0 0 0 0 0 0 0 0 0 0 0 0 0 0 0 0 0 0 0 0 0 0 0 0
F
IN 0 0 0 0 0 0 0 0 0 0 493456 1480352 2467248 3454144 4441039 5427935 0 0 0 0 0 0 0 0 0 0 493456 1480352 2467248 3454144 4441039 5427935 0 0 0 0 0 0 0 0 0 0 0 0 0 0 0 0 5890554 5890554 5890554 5890554 5890554 5890554 5890554 5890554 5890554 5890554 5890554 5890554 5890554 5890554 5890554 5890554 4194304 0 4194304 4194304 0 5890554 0 1272428 0 1419006 0 0 0 0 0
E1 1272428 0 1152555 0 1043976 0 945626 0 856541 0 775848 0 702758 0 636553 0 576585 0 522266 0 473065 0 428499 0 388131 0 351566 0 318446 0 288446 0 261272 0 5890554 0
E2 1419006 0 1285326 0 1164238 0 1054558 0 955211 0 865224 0 783712 0 709882 0 643005 0 582430 0 527560 0 477860 0 432843 0 392065 0 355130 0 321674 0 291370 0
E3 0 0 0 0 0 0 0 0 0 0 0 0 0 0 0 0 0 0 0 0 0 0 16647 16647 66029 66029 147039 147039 258611 258611 399715 399715 569353 569353
E4 0 0 0 0 0 0 0 0 0 0 0 0 0 0 0 0 0 0 0 0 0 0 0 0 0 0 0 0 0 0 0 0 0 0
F
IN 6414815 7401711 8388607 7401711 6414815 5427919 4441023 3454128 2467232 1480336 493440 11 34 57 80 103 6414815 7401711 8388607 7401711 6414815 5427919 4441023 3454128 2467232 1480336 493440 12 35 58 81 104 0 0 0 0 0 0 0 0 0 0 0 0 0 0 0 0 5890554 5890554 5890554 5890554 5890554 5890554 5890554 5890554 5890554 5890554 5890554 5890554 5890554 5890554 5890554 5890554 4194304 0 4194304 4194304 0 5890554 0 261272 0 291370 0 569353 569353 0 0
E1 261272 0 236658 0 214363 0 194168 0 175876 0 159307 0 144299 0 130705 0 118392 0 107239 0 97136 0 87985 0 79696 0 72188 0 65388 0 59228 0 53648 0 5890554 0
E2 291370 0 263920 0 239057 0 216536 0 196136 0 177659 0 160922 0 145761 0 132030 0 119592 0 108326 0 98121 0 88877 0 80504 0 72920 0 66050 0 59829 0
E3 569353 569353 766562 766562 990413 990413 1240007 1240007 1447886 1447886 1615456 1615456 1744078 1744078 1835065 1835065 1889688 1889688 1909173 1909173 1894705 1894705 1847430 1847430 1785103 1785103 1724880 1724880 1666690 1666689 1610463 1610463 1556134 1556134
E4 0 0 0 0 0 0 0 0 0 0 0 0 0 0 0 0 0 0 0 0 0 0 0 0 0 0 0 0 0 0 0 0 0 0
F
IN 126 149 172 195 247568 494940 742313 989686 1237059 1484431 1731804 1979177 1979167 1731784 1484400 1237017 127 150 173 196 245383 490570 735756 980943 1226130 1471317 1716504 1961691 1961681 1716483 1471286 1226088 0 0 0 0 0 0 0 0 0 0 0 0 0 0 0 0 5890554 5890554 5890554 5890554 5890554 5890554 5890554 5890554 5890554 5890554 5890554 5890554 5890554 5890554 5890554 5890554 4194304 0 4194304 4194304 0 5890554 0 53648 0 59829 0 1556134 1556134 0 0
E1 53648 0 48593 0 44016 0 39869 0 36113 0 32711 0 29629 0 26838 0 24310 0 22020 0 19945 0 18066 0 16364 0 14823 0 13426 0 12161 0 11016 0 5890554 0
E2 59829 0 54191 0 49086 0 44462 0 40273 0 36479 0 33043 0 29929 0 27110 0 24557 0 22243 0 20147 0 18249 0 16530 0 14973 0 13562 0 12285 0
E3 1556134 1556134 1503638 1503638 1452915 1452915 1403903 1403903 1356546 1356546 1319059 1319132 1291108 1291326 1272372 1272804 1262540 1263253 1261311 1262369 1268396 1269861 1283514 1285445 1306394 1308850 1328502 1331464 1341591 1344970 1345967 1349674 1341922 1345873
E4 0 0 0 0 0 0 0 0 0 0 0 0 0 0 0 0 0 0 0 0 0 0 0 0 0 0 0 0 0 0 0 0 0 0
F
IN 989637 742254 494870 247487 103 103 103 102 102 102 102 101 101 493551 1480435 2467319 980894 735696 490499 245301 103 103 102 102 102 101 101 101 100 493550 1480434 2467318 0 0 0 0 0 0 0 0 0 0 0 0 0 0 0 0 5890554 5890554 5890554 5890554 5890554 5890554 5890554 5890554 5890554 5890554 5890554 5890554 5890554 5890554 5890554 5890554 4194304 0 4194304 4194304 0 5890554 0 11016 0 12285 0 1341922 1345873 0 0
E1 11016 0 9978 0 9038 0 8186 0 7415 0 6717 0 6084 0 5511 0 4991 0 4521 0 4095 0 3710 0 3360 0 3043 0 2757 0 2497 0 2262 0 5890554 0
E2 12285 0 11127 0 10079 0 9130 0 8269 0 7490 0 6785 0 6146 0 5567 0 5041 0 4567 0 4137 0 3747 0 3394 0 3074 0 2785 0 2522 0
E3 1341922 1345873 1329741 1333854 1309700 1313895 1282062 1286264 1247085 1251218 1205015 1209009 1164365 1168224 1125086 1128815 1087132 1090735 1050459 1053940 1015023 1018387 980782 984033 947697 950838 915728 918763 901485 904417 921017 923850 973184 975923
E4 0 0 0 0 0 0 0 0 0 0 0 0 0 0 0 0 0 0 0 0 0 0 0 0 0 0 0 0 0 0 0 0 0 0
F
IN 3454187 4441071 5427955 6414839 7401723 8388607 8388607 8388607 8388607 8388607 8388607 8388607 8388607 8388607 8388607 8388607 3454186 4441071 5427955 6414839 7401723 8388607 8388607 8388607 8388607 8388607 8388607 8388607 8388607 8388607 8388607 8388607 0 0 0 0 0 0 0 0 0 0 0 0 0 0 0 0 5890554 5890554 5890554 5890554 5890554 5890554 5890554 5890554 5890554 5890554 5890554 5890554 5890554 5890554 5890554 5890554 4194304 0 4194304 4194304 0 5890554 0 2262 0 2522 0 973184 975923 0 0
E1 2262 0 2048 0 1855 0 1681 0 1522 0 1379 0 1249 0 1131 0 1025 0 928 0 841 0 762 0 690 0 625 0 566 0 513 0 464 0 5890554 0
E2 2522 0 2284 0 2069 0 1874 0 1698 0 1537 0 1393 0 1262 0 1143 0 1035 0 937 0 850 0 770 0 697 0 631 0 572 0 518 0
E3 973184 975923 1056886 1059532 1171058 1173616 1314674 1317145 1486739 1489127 1686294 1688601 1912411 1914641 2130900 2133054 2342017 2344099 2546012 2548023 2743125 2745068 2933588 2935465 3117625 3119439 3295453 3297206 3467281 3468975 3633313 3634950 3793743 3795325
E4 0 0 0 0 0 0 0 0 0 0 0 0 0 0 0 0 0 0 0 0 0 0 0 0 0 0 0 0 0 0 0 0 0 0
F
IN 8388607 8388607 8388607 8388607 8388607 8388607 8388607 8388607 8388607 8388607 8388607 8388607 8388607 8388607 8388607 8388607 8388607 8388607 8388607 8388607 8388607 8388607 8388607 8388607 8388607 8388607 8388607 8388607 8388607 8388607 8388607 8388607 0 0 0 0 0 0 0 0 0 0 0 0 0 0 0 0 5890554 5890554 5890554 5890554 5890554 5890554 5890554 5890554 5890554 5890554 5890554 5890554 5890554 5890554 5890554 5890554 4194304 0 4194304 4194304 0 5890554 0 464 0 518 0 3793743 3795325 0 0
E1 464 0 420 0 380 0 344 0 312 0 283 0 256 0 232 0 210 0 190 0 172 0 156 0 141 0 128 0 116 0 105 0 95 0 5890554 0
E2 518 0 468 0 424 0 384 0 348 0 315 0 286 0 258 0 235 0 212 0 192 0 174 0 157 0 143 0 129 0 117 0 106 0
E3 3793743 3795325 3948760 3950289 4098548 4100025 4243283 4244710 4383134 4384513 4518268 4519600 4648842 4650130 4775011 4776255 4896924 4898126 5014723 5015885 5128549 5129671 5238534 5239618 5344808 5345856 5447497 5448510 5546722 5547701 5642599 5643545 5735242 5736156
E4 0 0 0 0 0 0 0 0 0 0 0 0 0 0 0 0 0 0 0 0 0 0 0 0 0 0 0 0 0 0 0 0 0 0
F
IN 8388607 8388607 8388607 8388607 8388607 8388607 8388607 8388607 8388607 8388607 8388607 8388607 8388607 8388607 8388607 8388607 8388607 8388607 8388607 8388607 8388607 8388607 8388607 8388607 8388607 8388607 8388607 8388607 8388607 8388607 8388607 8388607 0 0 0 0 0 0 0 0 0 0 0 0 0 0 0 0 5890554 5890554 5890554 5890554 5890554 5890554 5890554 5890554 5890554 5890554 5890554 5890554 5890554 5890554 5890554 5890554 4194304 0 4194304 4194304 0 5890554 0 95 0 106 0 5735242 5736156 0 0
E1 95 0 86 0 77 0 70 0 64 0 58 0 52 0 47 0 43 0 39 0 35 0 32 0 29 0 26 0 24 0 21 0 19 0 5890554 0
E2 106 0 95 0 87 0 78 0 71 0 64 0 59 0 53 0 47 0 43 0 40 0 35 0 33 0 29 0 26 0 24 0 22 0
E3 5735242 5736156 5824759 5825642 5911256 5912109 5994834 5995659 6075594 6076390 6153628 6154398 6229030 6229774 6301888 6302607 6372288 6372983 6440313 6440984 6506043 6506691 6569555 6570182 6630925 6631531 6690224 6690809 6747523 6748088 6802888 6803435 6856386 6856914
E4 0 0 0 0 0 0 0 0 0 0 0 0 0 0 0 0 0 0 0 0 0 0 0 0 0 0 0 0 0 0 0 0 0 0
CFG 8 ATK=64 DEC=1 BOFS=64 WOFS=64
F
IN 0 0 0 0 0 0 0 0 0 0 0 0 0 0 0 0 0 0 0 0 0 0 0 0 0 0 0 0 0 0 0 0 0 0 0 0 0 0 0 0 0 0 0 0 0 0 0 0 5890554 5890554 5890554 5890554 5890554 5890554 5890554 5890554 5890554 5890554 5890554 5890554 5890554 5890554 5890554 5890554 4194304 65536 4194304 4194304 0 0 0 0 0 0 0 0 0 0 0
E1 0 0 5613086 0 5084292 0 4605314 0 4171459 0 3778477 0 3422516 0 3100090 0 2808039 0 2543501 0 2303884 0 2086841 0 1890245 0 1712170 0 1550871 0 1404767 0 1272428 0 5890554 0
E2 0 0 0 0 5119166 0 5087360 0 4647732 0 4213368 0 3816745 0 3457206 0 3131514 0 2836503 0 2569284 0 2327237 0 2107995 0 1909406 0 1729525 0 1566592 0 1419006 0
E3 0 0 0 0 0 0 0 0 0 0 0 0 0 0 0 0 0 0 0 0 0 0 0 0 0 0 0 0 0 0 0 0 0 0
E4 0 0 0 0 0 0 0 0 0 0 0 0 0 0 0 0 0 0 0 0 79986 79490 72620 65833 59636 54018 48929 44320 40145 36363 32937 29834 27023 24478
F
IN 0 0 0 0 0 0 0 0 0 0 493456 1480352 2467248 3454144 4441039 5427935 0 0 0 0 0 0 0 0 0 0 493456 1480352 2467248 3454144 4441039 5427935 0 0 0 0 0 0 0 0 0 0 0 0 0 0 0 0 5890554 5890554 5890554 5890554 5890554 5890554 5890554 5890554 5890554 5890554 5890554 5890554 5890554 5890554 5890554 5890554 4194304 65536 4194304 4194304 0 5890554 0 1272428 0 1419006 0 0 0 0 0
E1 1272428 0 1152555 0 1043976 0 945626 0 856541 0 775848 0 702758 0 636553 0 576585 0 522266 0 473065 0 428499 0 388131 0 351566 0 318446 0 288446 0 261272 0 5890554 0
E2 1419006 0 1285326 0 1164238 0 1054558 0 955211 0 865224 0 783712 0 709882 0 643005 0 582430 0 527560 0 477860 0 432843 0 392065 0 355130 0 321674 0 291370 0
E3 0 0 0 0 0 0 0 0 0 0 0 0 0 0 0 0 0 0 0 0 0 0 16647 16647 66029 66029 147039 147039 258611 258611 399715 399715 569353 569353
E4 0 0 0 0 0 0 0 0 0 0 0 0 0 0 0 0 0 0 22171 20083 18191 16477 14925 13519 12245 11091 10046 9100 8243 7466 6763 6126 5548 5026
F
IN 6414815 7401711 8388607 7401711 6414815 5427919 4441023 3454128 2467232 1480336 493440 11 34 57 80 103 6414815 7401711 8388607 7401711 6414815 5427919 4441023 3454128 2467232 1480336 493440 12 35 58 81 104 26785 26785 26785 26785 26785 26785 26785 26785 26785 26785 26785 26785 26785 26785 26785 26785 5890554 5890554 5890554 5890554 5890554 5890554 5890554 5890554 5890554 5890554 5890554 5890554 5890554 5890554 5890554 5890554 4194304 65536 4194304 4194304 0 5890554 0 261272 0 291370 0 569353 569353 0 0
E1 261272 0 236658 25523 214363 23118 194168 20940 175876 18968 159307 17181 144299 15562 130705 14096 118392 12768 107239 11565 97136 10476 87985 9489 79696 8595 72188 7785 65388 7052 59228 6388 53648 5786 5890554 26785
E2 291370 0 263920 0 239057 23277 216536 23132 196136 21132 177659 19159 160922 17355 145761 15720 132030 14239 119592 12897 108326 11682 98121 10582 88877 9586 80504 8682 72920 7864 66050 7123 59829 6453
E3 569353 569353 766562 766562 990413 990413 1240007 1240007 1447886 1447886 1615456 1615456 1744078 1744078 1835065 1835065 1889688 1889688 1909173 1909173 1894705 1894705 1847430 1847430 1785103 1785103 1724880 1724880 1666690 1666689 1610463 1610463 1556134 1556134
E4 0 0 0 363 361 330 299 271 245 222 201 182 165 149 135 122 111 0 4552 4123 3735 3383 3064 2775 2514 2277 2062 1868 1692 1533 1388 1257 1139 1032
F
IN 126 149 172 195 247568 494940 742313 989686 1237059 1484431 1731804 1979177 1979167 1731784 1484400 1237017 127 150 173 196 245383 490570 735756 980943 1226130 1471317 1716504 1961691 1961681 1716483 1471286 1226088 5500 5500 5500 5500 5500 5500 5500 5500 5500 5500 5500 5500 5500 5500 5500 5500 5890554 5890554 5890554 5890554 5890554 5890554 5890554 5890554 5890554 5890554 5890554 5890554 5890554 5890554 5890554 5890554 4194304 65536 4194304 4194304 0 5890554 26785 53648 5786 59829 6453 1556134 1556134 0 0
E1 53648 5786 48593 16762174 44016 16763591 39869 16764875 36113 16766037 32711 16767090 29629 16768044 26838 16768908 24310 16769691 22020 16770400 19945 16771042 18066 16771624 16364 16772151 14823 16772628 13426 16773060 12161 16773451 11016 16773806 5890554 5500
E2 59829 6453 54191 5844 49086 16764012 44462 16763628 40273 16764765 36479 16765925 33043 16766988 29929 16767951 27110 16768824 24557 16769614 22243 16770331 20147 16770980 18249 16771567 16530 16772100 14973 16772581 13562 16773018 12285 16773413
E3 1556134 1556134 1503638 1503638 1452915 1452915 1403903 1403903 1356546 1356546 1319059 1319132 1291108 1291326 1272372 1272804 1262540 1263253 1261311 1262369 1268396 1269861 1283514 1285445 1306394 1308850 1328502 1331464 1341591 1344970 1345967 1349674 1341922 1345873
E4 0 100 91 16777009 16777003 16777021 16777039 16777056 16777071 16777084 16777097 16777108 16777118 16777127 16777136 16777143 16777150 0 934 846 766 694 629 569 516 467 423 383 347 314 285 258 233 211
F
IN 989637 742254 494870 247487 103 103 103 102 102 102 102 101 101 493551 1480435 2467319 980894 735696 490499 245301 103 103 102 102 102 101 101 101 100 493550 1480434 2467318 1130 1130 1130 1130 1130 1130 1130 1130 1130 1130 1130 1130 1130 1130 1130 1130 5890554 5890554 5890554 5890554 5890554 5890554 5890554 5890554 5890554 5890554 5890554 5890554 5890554 5890554 5890554 5890554 4194304 65536 4194304 4194304 0 5890554 5500 11016 16773806 12285 16773413 1341922 1345873 0 0
E1 11016 16773806 9978 16769963 9038 16770646 8186 16771265 7415 16771825 6717 16772333 6084 16772793 5511 16773210 4991 16773587 4521 16773929 4095 16774239 3710 16774519 3360 16774773 3043 16775004 2757 16775212 2497 16775401 2262 16775572 5890554 1130
E2 12285 16773413 11127 16773771 10079 16770298 9130 16770615 8269 16771208 7490 16771771 6785 16772283 6146 16772749 5567 16773169 5041 16773550 4567 16773896 4137 16774209 3747 16774491 3394 16774749 3074 16774981 2785 16775192 2522 16775382
E3 1341922 1345873 1329741 1333854 1309700 1313895 1282062 1286264 1247085 1251218 1205015 1209009 1164365 1168224 1125086 1128815 1087132 1090735 1050459 1053940 1015023 1018387 980782 984033 947697 950838 915728 918763 901485 904417 921017 923850 973184 975923
E4 0 16777156 16777162 16777107 16777112 16777122 16777130 16777138 16777146 16777152 16777158 16777164 16777169 16777173 16777177 16777181 16777184 0 191 173 157 142 129 117 106 96 86 78 71 64 58 53 48 43
F
IN 3454187 4441071 5427955 6414839 7401723 8388607 8388607 8388607 8388607 8388607 8388607 8388607 8388607 8388607 8388607 8388607 3454186 4441071 5427955 6414839 7401723 8388607 8388607 8388607 8388607 8388607 8388607 8388607 8388607 8388607 8388607 8388607 231 231 231 231 231 231 231 231 231 231 231 231 231 231 231 231 5890554 5890554 5890554 5890554 5890554 5890554 5890554 5890554 5890554 5890554 5890554 5890554 5890554 5890554 5890554 5890554 4194304 65536 4194304 4194304 0 5890554 1130 2262 16775572 2522 16775382 973184 975923 0 0
E1 2262 16775572 2048 16774870 1855 16775091 1681 16775291 1522 16775472 1379 16775637 1249 16775785 1131 16775920 1025 16776042 928 16776153 841 16776253 762 16776344 690 16776426 625 16776500 566 16776568 513 16776629 464 16776684 5890554 231
E2 2522 16775382 2284 16775555 2069 16774930 1874 16775077 1698 16775272 1537 16775454 1393 16775621 1262 16775771 1143 16775907 1035 16776030 937 16776142 850 16776243 770 16776335 697 16776418 631 16776493 572 16776562 518 16776623
E3 973184 975923 1056886 1059532 1171058 1173616 1314674 1317145 1486739 1489127 1686294 1688601 1912411 1914641 2130900 2133054 2342017 2344099 2546012 2548023 2743125 2745068 2933588 2935465 3117625 3119439 3295453 3297206 3467281 3468975 3633313 3634950 3793743 3795325
E4 0 16777187 16777190 16777180 16777182 16777185 16777188 16777191 16777193 16777195 16777197 16777199 16777200 16777202 16777203 16777204 16777205 0 39 35 32 29 26 24 21 19 17 16 14 13 12 10 9 8
F
IN 8388607 8388607 8388607 8388607 8388607 8388607 8388607 8388607 8388607 8388607 8388607 8388607 8388607 8388607 8388607 8388607 8388607 8388607 8388607 8388607 8388607 8388607 8388607 8388607 8388607 8388607 8388607 8388607 8388607 8388607 8388607 8388607 47 47 47 47 47 47 47 47 47 47 47 47 47 47 47 47 5890554 5890554 5890554 5890554 5890554 5890554 5890554 5890554 5890554 5890554 5890554 5890554 5890554 5890554 5890554 5890554 4194304 65536 4194304 4194304 0 5890554 231 464 16776684 518 16776623 3793743 3795325 0 0
E1 464 16776684 420 16776558 380 16776620 344 16776676 312 16776727 283 16776773 256 16776815 232 16776853 210 16776887 190 16776918 172 16776946 156 16776972 141 16776995 128 16777015 116 16777034 105 16777051 95 16777067 5890554 47
E2 518 16776623 468 16776678 424 16776569 384 16776615 348 16776671 315 16776722 286 16776768 258 16776811 235 16776850 212 16776883 192 16776915 174 16776944 157 16776969 143 16776993 129 16777013 117 16777032 106 16777049
E3 3793743 3795325 3948760 3950289 4098548 4100025 4243283 4244710 4383134 4384513 4518268 4519600 4648842 4650130 4775011 4776255 4896924 4898126 5014723 5015885 5128549 5129671 5238534 5239618 5344808 5345856 5447497 5448510 5546722 5547701 5642599 5643545 5735242 5736156
E4 0 16777206 16777207 16777205 16777206 16777207 16777208 16777209 16777209 16777210 16777210 16777211 16777211 16777212 16777212 16777212 16777213 0 8 7 6 6 5 4 4 4 3 3 3 2 2 2 2 1
F
IN 8388607 8388607 8388607 8388607 8388607 8388607 8388607 8388607 8388607 8388607 8388607 8388607 8388607 8388607 8388607 8388607 8388607 8388607 8388607 8388607 8388607 8388607 8388607 8388607 8388607 8388607 8388607 8388607 8388607 8388607 8388607 8388607 8 8 8 8 8 8 8 8 8 8 8 8 8 8 8 8 5890554 5890554 5890554 5890554 5890554 5890554 5890554 5890554 5890554 5890554 5890554 5890554 5890554 5890554 5890554 5890554 4194304 65536 4194304 4194304 0 5890554 47 95 16777067 106 16777049 5735242 5736156 0 0
E1 95 16777067 86 16777043 77 16777060 70 16777074 64 16777088 58 16777100 52 16777111 47 16777121 43 16777130 39 16777138 35 16777145 32 16777152 29 16777158 26 16777163 24 16777168 21 16777173 19 16777177 5890554 8
E2 106 16777049 95 16777065 87 16777045 78 16777059 71 16777072 64 16777087 59 16777099 53 16777110 47 16777120 43 16777129 40 16777137 35 16777144 33 16777152 29 16777157 26 16777163 24 16777167 22 16777173
E3 5735242 5736156 5824759 5825642 5911256 5912109 5994834 5995659 6075594 6076390 6153628 6154398 6229030 6229774 6301888 6302607 6372288 6372983 6440313 6440984 6506043 6506691 6569555 6570182 6630925 6631531 6690224 6690809 6747523 6748088 6802888 6803435 6856386 6856914
E4 0 16777213 16777213 16777213 16777213 16777213 16777213 16777214 16777214 16777214 16777214 16777214 16777214 16777215 16777215 16777215 16777215 0 1 1 1 1 1 1 0 0 0 0 0 0 0 0 0 0
CFG 9 ATK=64 DEC=32 BOFS=64 WOFS=64
F
IN 0 0 0 0 0 0 0 0 0 0 0 0 0 0 0 0 0 0 0 0 0 0 0 0 0 0 0 0 0 0 0 0 0 0 0 0 0 0 0 0 0 0 0 0 0 0 0 0 5890554 5890554 5890554 5890554 5890554 5890554 5890554 5890554 5890554 5890554 5890554 5890554 5890554 5890554 5890554 5890554 4194304 2097152 4194304 4194304 0 0 0 0 0 0 0 0 0 0 0
E1 0 0 5613086 0 5084292 0 4605314 0 4171459 0 3778477 0 3422516 0 3100090 0 2808039 0 2543501 0 2303884 0 2086841 0 1890245 0 1712170 0 1550871 0 1404767 0 1272428 0 5890554 0
E2 0 0 0 0 5119166 0 5087360 0 4647732 0 4213368 0 3816745 0 3457206 0 3131514 0 2836503 0 2569284 0 2327237 0 2107995 0 1909406 0 1729525 0 1566592 0 1419006 0
E3 0 0 0 0 0 0 0 0 0 0 0 0 0 0 0 0 0 0 0 0 0 0 0 0 0 0 0 0 0 0 0 0 0 0
E4 0 0 0 0 0 0 0 0 0 0 0 0 0 0 0 0 0 0 0 0 2559583 2543680 2323866 2106684 1908372 1728603 1565757 1418251 1284642 1163618 1053997 954703 864762 783296
F
IN 0 0 0 0 0 0 0 0 0 0 493456 1480352 2467248 3454144 4441039 5427935 0 0 0 0 0 0 0 0 0 0 493456 1480352 2467248 3454144 4441039 5427935 0 0 0 0 0 0 0 0 0 0 0 0 0 0 0 0 5890554 5890554 5890554 5890554 5890554 5890554 5890554 5890554 5890554 5890554 5890554 5890554 5890554 5890554 5890554 5890554 4194304 2097152 4194304 4194304 0 5890554 0 1272428 0 1419006 0 0 0 0 0
E1 1272428 0 1152555 0 1043976 0 945626 0 856541 0 775848 0 702758 0 636553 0 576585 0 522266 0 473065 0 428499 0 388131 0 351566 0 318446 0 288446 0 261272 0 5890554 0
E2 1419006 0 1285326 0 1164238 0 1054558 0 955211 0 865224 0 783712 0 709882 0 643005 0 582430 0 527560 0 477860 0 432843 0 392065 0 355130 0 321674 0 291370 0
E3 0 0 0 0 0 0 0 0 0 0 0 0 0 0 0 0 0 0 0 0 0 0 16647 16647 66029 66029 147039 147039 258611 258611 399715 399715 569353 569353
E4 0 0 0 0 0 0 0 0 0 0 0 0 0 0 0 0 0 0 709503 642663 582119 527279 477605 432612 391856 354941 321502 291215 263780 238930 216421 196032 177565 160837
F
IN 6414815 7401711 8388607 7401711 6414815 5427919 4441023 3454128 2467232 1480336 493440 11 34 57 80 103 6414815 7401711 8388607 7401711 6414815 5427919 4441023 3454128 2467232 1480336 493440 12 35 58 81 104 857089 857089 857089 857089 857089 857089 857089 857089 857089 857089 857089 857089 857089 857089 857089 857089 5890554 5890554 5890554 5890554 5890554 5890554 5890554 5890554 5890554 5890554 5890554 5890554 5890554 5890554 5890554 5890554 4194304 2097152 4194304 4194304 0 5890554 0 261272 0 291370 0 569353 569353 0 0
E1 261272 0 236658 816716 214363 739776 194168 670083 175876 606957 159307 549777 144299 497984 130705 451070 118392 408576 107239 370085 97136 335220 87985 303640 79696 275035 72188 249124 65388 225655 59228 204397 53648 185141 5890554 857089
E2 291370 0 263920 0 239057 744849 216536 740223 196136 676254 177659 613055 160922 555345 145761 503032 132030 455642 119592 412718 108326 373836 98121 338618 88877 306718 80504 277823 72920 251649 66050 227943 59829 206468
E3 569353 569353 766562 766562 990413 990413 1240007 1240007 1447886 1447886 1615456 1615456 1744078 1744078 1835065 1835065 1889688 1889688 1909173 1909173 1894705 1894705 1847430 1847430 1785103 1785103 1724880 1724880 1666690 1666689 1610463 1610463 1556134 1556134
E4 0 0 0 372424 370111 338127 306527 277672 251516 227821 206359 186918 169309 153359 138911 125824 113971 0 145685 131960 119528 108268 98068 88829 80461 72880 66015 59796 54163 49060 44438 40252 36460 33025
F
IN 126 149 172 195 247568 494940 742313 989686 1237059 1484431 1731804 1979177 1979167 1731784 1484400 1237017 127 150 173 196 245383 490570 735756 980943 1226130 1471317 1716504 1961691 1961681 1716483 1471286 1226088 175989 175989 175989 175989 175989 175989 175989 175989 175989 175989 175989 175989 175989 175989 175989 175989 5890554 5890554 5890554 5890554 5890554 5890554 5890554 5890554 5890554 5890554 5890554 5890554 5890554 5890554 5890554 5890554 4194304 2097152 4194304 4194304 0 5890554 857089 53648 185141 59829 206468 1556134 1556134 0 0
E1 53648 185141 48593 16295897 44016 16341241 39869 16382313 36113 16419516 32711 16453214 29629 16483737 26838 16511385 24310 16536428 22020 16559112 19945 16579659 18066 16598271 16364 16615129 14823 16630399 13426 16644230 12161 16656758 11016 16668106 5890554 175989
E2 59829 206468 54191 187017 49086 16354707 44462 16342426 40273 16378803 36479 16415934 33043 16449933 29929 16480763 27110 16508690 24557 16533987 22243 16556901 20147 16577657 18249 16596457 16530 16613486 14973 16628911 13562 16642882 12285 16655537
E3 1556134 1556134 1503638 1503638 1452915 1452915 1403903 1403903 1356546 1356546 1319059 1319132 1291108 1291326 1272372 1272804 1262540 1263253 1261311 1262369 1268396 1269861 1283514 1285445 1306394 1308850 1328502 1331464 1341591 1344970 1345967 1349674 1341922 1345873
E4 0 103234 93508 16565961 16559821 16578009 16596575 16613574 16628989 16642953 16655601 16667058 16677436 16686836 16695351 16703063 16710049 0 29914 27095 24543 22231 20136 18239 16521 14964 13555 12278 11121 10073 9124 8265 7486 6781
F
IN 989637 742254 494870 247487 103 103 103 102 102 102 102 101 101 493551 1480435 2467319 980894 735696 490499 245301 103 103 102 102 102 101 101 101 100 493550 1480434 2467318 36136 36136 36136 36136 36136 36136 36136 36136 36136 36136 36136 36136 36136 36136 36136 36136 5890554 5890554 5890554 5890554 5890554 5890554 5890554 5890554 5890554 5890554 5890554 5890554 5890554 5890554 5890554 5890554 4194304 2097152 4194304 4194304 0 5890554 175989 11016 16668106 12285 16655537 1341922 1345873 0 0
E1 11016 16668106 9978 16545119 9038 16566984 8186 16586790 7415 16604729 6717 16620979 6084 16635698 5511 16649030 4991 16661106 4521 16672044 4095 16681952 3710 16690927 3360 16699056 3043 16706419 2757 16713089 2497 16719130 2262 16724602 5890554 36136
E2 12285 16655537 11127 16666999 10079 16555844 9130 16566004 8269 16584961 7490 16602989 6785 16619396 6146 16634264 5567 16647731 5041 16659929 4567 16670978 4137 16680986 3747 16690052 3394 16698264 3074 16705701 2785 16712439 2522 16718541
E3 1341922 1345873 1329741 1333854 1309700 1313895 1282062 1286264 1247085 1251218 1205015 1209009 1164365 1168224 1125086 1128815 1087132 1090735 1050459 1053940 1015023 1018387 980782 984033 947697 950838 915728 918763 901485 904417 921017 923850 973184 975923
E4 0 16716376 16722107 16666530 16671610 16681088 16690102 16698306 16705740 16712473 16718572 16724097 16729101 16733634 16737740 16741458 16744827 0 6142 5563 5039 4565 4134 3745 3392 3073 2783 2520 2283 2068 1873 1697 1537 1392
F
IN 3454187 4441071 5427955 6414839 7401723 8388607 8388607 8388607 8388607 8388607 8388607 8388607 8388607 8388607 8388607 8388607 3454186 4441071 5427955 6414839 7401723 8388607 8388607 8388607 8388607 8388607 8388607 8388607 8388607 8388607 8388607 8388607 7420 7420 7420 7420 7420 7420 7420 7420 7420 7420 7420 7420 7420 7420 7420 7420 5890554 5890554 5890554 5890554 5890554 5890554 5890554 5890554 5890554 5890554 5890554 5890554 5890554 5890554 5890554 5890554 4194304 2097152 4194304 4194304 0 5890554 36136 2262 16724602 2522 16718541 973184 975923 0 0
E1 2262 16724602 2048 16702195 1855 16709262 1681 16715664 1522 16721463 1379 16726715 1249 16731473 1131 16735782 1025 16739685 928 16743221 841 16746424 762 16749324 690 16751952 625 16754332 566 16756488 513 16758441 464 16760209 5890554 7420
E2 2522 16718541 2284 16724068 2069 16704120 1874 16708809 1698 16715061 1537 16720900 1393 16726203 1262 16731009 1143 16735362 1035 16739305 937 16742876 850 16746112 770 16749042 697 16751696 631 16754100 572 16756277 518 16758251
E3 973184 975923 1056886 1059532 1171058 1173616 1314674 1317145 1486739 1489127 1686294 1688601 1912411 1914641 2130900 2133054 2342017 2344099 2546012 2548023 2743125 2745068 2933588 2935465 3117625 3119439 3295453 3297206 3467281 3468975 3633313 3634950 3793743 3795325
E4 0 16747878 16750642 16740668 16743012 16746138 16749058 16751709 16754112 16756289 16758260 16760046 16761664 16763129 16764456 16765658 16766746 0 1261 1142 1034 937 849 768 696 631 571 517 468 425 385 348 315 286
F
IN 8388607 8388607 8388607 8388607 8388607 8388607 8388607 8388607 8388607 8388607 8388607 8388607 8388607 8388607 8388607 8388607 8388607 8388607 8388607 8388607 8388607 8388607 8388607 8388607 8388607 8388607 8388607 8388607 8388607 8388607 8388607 8388607 1523 1523 1523 1523 1523 1523 1523 1523 1523 1523 1523 1523 1523 1523 1523 1523 5890554 5890554 5890554 5890554 5890554 5890554 5890554 5890554 5890554 5890554 5890554 5890554 5890554 5890554 5890554 5890554 4194304 2097152 4194304 4194304 0 5890554 7420 464 16760209 518 16758251 3793743 3795325 0 0
E1 464 16760209 420 16756191 380 16758172 344 16759966 312 16761591 283 16763063 256 16764397 232 16765604 210 16766698 190 16767689 172 16768587 156 16769400 141 16770136 128 16770803 116 16771407 105 16771954 95 16772450 5890554 1523
E2 518 16758251 468 16760036 424 16756530 384 16758027 348 16759795 315 16761433 286 16762920 258 16764267 235 16765486 212 16766592 192 16767592 174 16768500 157 16769320 143 16770065 129 16770738 117 16771348 106 16771900
E3 3793743 3795325 3948760 3950289 4098548 4100025 4243283 4244710 4383134 4384513 4518268 4519600 4648842 4650130 4775011 4776255 4896924 4898126 5014723 5015885 5128549 5129671 5238534 5239618 5344808 5345856 5447497 5448510 5546722 5547701 5642599 5643545 5735242 5736156
E4 0 16767733 16768626 16766873 16767621 16768505 16769324 16770068 16770741 16771351 16771904 16772404 16772858 16773268 16773640 16773977 16774282 0 259 234 212 192 174 157 143 129 117 106 96 87 78 71 64 58
F
IN 8388607 8388607 8388607 8388607 8388607 8388607 8388607 8388607 8388607 8388607 8388607 8388607 8388607 8388607 8388607 8388607 8388607 8388607 8388607 8388607 8388607 8388607 8388607 8388607 8388607 8388607 8388607 8388607 8388607 8388607 8388607 8388607 313 313 313 313 313 313 313 313 313 313 313 313 313 313 313 313 5890554 5890554 5890554 5890554 5890554 5890554 5890554 5890554 5890554 5890554 5890554 5890554 5890554 5890554 5890554 5890554 4194304 2097152 4194304 4194304 0 5890554 1523 95 16772450 106 16771900 5735242 5736156 0 0
E1 95 16772450 86 16771745 77 16772261 70 16772728 64 16773150 58 16773534 52 16773880 47 16774195 43 16774479 39 16774737 35 16774971 32 16775182 29 16775374 26 16775547 24 16775705 21 16775847 19 16775976 5890554 313
E2 106 16771900 95 16772401 87 16771803 78 16772221 71 16772683 64 16773109 59 16773496 53 16773847 47 16774164 43 16774451 40 16774712 35 16774948 33 16775162 29 16775355 26 16775530 24 16775690 22 16775833
E3 5735242 5736156 5824759 5825642 5911256 5912109 5994834 5995659 6075594 6076390 6153628 6154398 6229030 6229774 6301888 6302607 6372288 6372983 6440313 6440984 6506043 6506691 6569555 6570182 6630925 6631531 6690224 6690809 6747523 6748088 6802888 6803435 6856386 6856914
E4 0 16774558 16774808 16774509 16774718 16774949 16775162 16775356 16775531 16775690 16775833 16775964 16776082 16776189 16776285 16776373 16776453 0 53 47 43 39 35 32 29 26 23 21 20 17 16 14 13 12
CFG 10 ATK=64 DEC=64 BOFS=64 WOFS=64
F
IN 0 0 0 0 0 0 0 0 0 0 0 0 0 0 0 0 0 0 0 0 0 0 0 0 0 0 0 0 0 0 0 0 0 0 0 0 0 0 0 0 0 0 0 0 0 0 0 0 5890554 5890554 5890554 5890554 5890554 5890554 5890554 5890554 5890554 5890554 5890554 5890554 5890554 5890554 5890554 5890554 4194304 4194304 4194304 4194304 0 0 0 0 0 0 0 0 0 0 0
E1 0 0 5613086 0 5084292 0 4605314 0 4171459 0 3778477 0 3422516 0 3100090 0 2808039 0 2543501 0 2303884 0 2086841 0 1890245 0 1712170 0 1550871 0 1404767 0 1272428 0 5890554 0
E2 0 0 0 0 5119166 0 5087360 0 4647732 0 4213368 0 3816745 0 3457206 0 3131514 0 2836503 0 2569284 0 2327237 0 2107995 0 1909406 0 1729525 0 1566592 0 1419006 0
E3 0 0 0 0 0 0 0 0 0 0 0 0 0 0 0 0 0 0 0 0 0 0 0 0 0 0 0 0 0 0 0 0 0 0
E4 0 0 0 0 0 0 0 0 0 0 0 0 0 0 0 0 0 0 0 0 5119166 5087360 4647732 4213368 3816745 3457206 3131514 2836503 2569284 2327237 2107995 1909406 1729525 1566592
F
IN 0 0 0 0 0 0 0 0 0 0 493456 1480352 2467248 3454144 4441039 5427935 0 0 0 0 0 0 0 0 0 0 493456 1480352 2467248 3454144 4441039 5427935 0 0 0 0 0 0 0 0 0 0 0 0 0 0 0 0 5890554 5890554 5890554 5890554 5890554 5890554 5890554 5890554 5890554 5890554 5890554 5890554 5890554 5890554 5890554 5890554 4194304 4194304 4194304 4194304 0 5890554 0 1272428 0 1419006 0 0 0 0 0
E1 1272428 0 1152555 0 1043976 0 945626 0 856541 0 775848 0 702758 0 636553 0 576585 0 522266 0 473065 0 428499 0 388131 0 351566 0 318446 0 288446 0 261272 0 5890554 0
E2 1419006 0 1285326 0 1164238 0 1054558 0 955211 0 865224 0 783712 0 709882 0 643005 0 582430 0 527560 0 477860 0 432843 0 392065 0 355130 0 321674 0 291370 0
E3 0 0 0 0 0 0 0 0 0 0 0 0 0 0 0 0 0 0 0 0 0 0 16647 16647 66029 66029 147039 147039 258611 258611 399715 399715 569353 569353
E4 0 0 0 0 0 0 0 0 0 0 0 0 0 0 0 0 0 0 1419006 1285326 1164238 1054558 955211 865224 783712 709882 643005 582430 527560 477860 432843 392065 355130 321674
F
IN 6414815 7401711 8388607 7401711 6414815 5427919 4441023 3454128 2467232 1480336 493440 11 34 57 80 103 6414815 7401711 8388607 7401711 6414815 5427919 4441023 3454128 2467232 1480336 493440 12 35 58 81 104 1714178 1714178 1714178 1714178 1714178 1714178 1714178 1714178 1714178 1714178 1714178 1714178 1714178 1714178 1714178 1714178 5890554 5890554 5890554 5890554 5890554 5890554 5890554 5890554 5890554 5890554 5890554 5890554 5890554 5890554 5890554 5890554 4194304 4194304 4194304 4194304 0 5890554 0 261272 0 291370 0 569353 569353 0 0
E1 261272 0 236658 1633433 214363 1479552 194168 1340167 175876 1213913 159307 1099554 144299 995968 130705 902140 118392 817152 107239 740170 97136 670441 87985 607280 79696 550070 72188 498249 65388 451310 59228 408794 53648 370282 5890554 1714178
E2 291370 0 263920 0 239057 1489700 216536 1480445 196136 1352510 177659 1226109 160922 1110690 145761 1006063 132030 911285 119592 825435 108326 747673 98121 677237 88877 613435 80504 555646 72920 503300 66050 455885 59829 412937
E3 569353 569353 766562 766562 990413 990413 1240007 1240007 1447886 1447886 1615456 1615456 1744078 1744078 1835065 1835065 1889688 1889688 1909173 1909173 1894705 1894705 1847430 1847430 1785103 1785103 1724880 1724880 1666690 1666689 1610463 1610463 1556134 1556134
E4 0 0 0 1489700 1480445 1352510 1226109 1110690 1006063 911285 825435 747673 677237 613435 555646 503300 455885 0 291370 263920 239057 216536 196136 177659 160922 145761 132030 119592 108326 98121 88877 80504 72920 66050
F
IN 126 149 172 195 247568 494940 742313 989686 1237059 1484431 1731804 1979177 1979167 1731784 1484400 1237017 127 150 173 196 245383 490570 735756 980943 1226130 1471317 1716504 1961691 1961681 1716483 1471286 1226088 351978 351978 351978 351978 351978 351978 351978 351978 351978 351978 351978 351978 351978 351978 351978 351978 5890554 5890554 5890554 5890554 5890554 5890554 5890554 5890554 5890554 5890554 5890554 5890554 5890554 5890554 5890554 5890554 4194304 4194304 4194304 4194304 0 5890554 1714178 53648 370282 59829 412937 1556134 1556134 0 0
E1 53648 370282 48593 15814579 44016 15905266 39869 15987411 36113 16061816 32711 16129212 29629 16190259 26838 16245555 24310 16295641 22020 16341009 19945 16382103 18066 16419325 16364 16453041 14823 16483581 13426 16511244 12161 16536300 11016 16558996 5890554 351978
E2 59829 412937 54191 374035 49086 15932198 44462 15907636 40273 15980392 36479 16054651 33043 16122651 29929 16184310 27110 16240165 24557 16290760 22243 16336587 20147 16378098 18249 16415697 16530 16449755 14973 16480605 13562 16508548 12285 16533858
E3 1556134 1556134 1503638 1503638 1452915 1452915 1403903 1403903 1356546 1356546 1319059 1319132 1291108 1291326 1272372 1272804 1262540 1263253 1261311 1262369 1268396 1269861 1283514 1285445 1306394 1308850 1328502 1331464 1341591 1344970 1345967 1349674 1341922 1345873
E4 0 412937 374035 15932198 15907636 15980392 16054651 16122651 16184310 16240165 16290760 16336587 16378098 16415697 16449755 16480605 16508548 0 59829 54191 49086 44462 40273 36479 33043 29929 27110 24557 22243 20147 18249 16530 14973 13562
F
IN 989637 742254 494870 247487 103 103 103 102 102 102 102 101 101 493551 1480435 2467319 980894 735696 490499 245301 103 103 102 102 102 101 101 101 100 493550 1480434 2467318 72271 72271 72271 72271 72271 72271 72271 72271 72271 72271 72271 72271 72271 72271 72271 72271 5890554 5890554 5890554 5890554 5890554 5890554 5890554 5890554 5890554 5890554 5890554 5890554 5890554 5890554 5890554 5890554 4194304 4194304 4194304 4194304 0 5890554 351978 11016 16558996 12285 16533858 1341922 1345873 0 0
E1 11016 16558996 9978 16313022 9038 16356752 8186 16396363 7415 16432242 6717 16464741 6084 16494179 5511 16520843 4991 16544995 4521 16566872 4095 16586688 3710 16604637 3360 16620895 3043 16635622 2757 16648961 2497 16661044 2262 16671988 5890554 72271
E2 12285 16533858 11127 16556783 10079 16334472 9130 16354792 8269 16392705 7490 16428763 6785 16461575 6146 16491310 5567 16518244 5041 16542641 4567 16564740 4137 16584757 3747 16602887 3394 16619311 3074 16634186 2785 16647661 2522 16659867
E3 1341922 1345873 1329741 1333854 1309700 1313895 1282062 1286264 1247085 1251218 1205015 1209009 1164365 1168224 1125086 1128815 1087132 1090735 1050459 1053940 1015023 1018387 980782 984033 947697 950838 915728 918763 901485 904417 921017 923850 973184 975923
E4 0 16533858 16556783 16334472 16354792 16392705 16428763 16461575 16491310 16518244 16542641 16564740 16584757 16602887 16619311 16634186 16647661 0 12285 11127 10079 9130 8269 7490 6785 6146 5567 5041 4567 4137 3747 3394 3074 2785
F
IN 3454187 4441071 5427955 6414839 7401723 8388607 8388607 8388607 8388607 8388607 8388607 8388607 8388607 8388607 8388607 8388607 3454186 4441071 5427955 6414839 7401723 8388607 8388607 8388607 8388607 8388607 8388607 8388607 8388607 8388607 8388607 8388607 14839 14839 14839 14839 14839 14839 14839 14839 14839 14839 14839 14839 14839 14839 14839 14839 5890554 5890554 5890554 5890554 5890554 5890554 5890554 5890554 5890554 5890554 5890554 5890554 5890554 5890554 5890554 5890554 4194304 4194304 4194304 4194304 0 5890554 72271 2262 16671988 2522 16659867 973184 975923 0 0
E1 2262 16671988 2048 16627174 1855 16641309 1681 16654113 1522 16665710 1379 16676214 1249 16685730 1131 16694348 1025 16702155 928 16709226 841 16715631 762 16721433 690 16726688 625 16731449 566 16735760 513 16739666 464 16743203 5890554 14839
E2 2522 16659867 2284 16670921 2069 16631023 1874 16640404 1698 16652907 1537 16664583 1393 16675191 1262 16684803 1143 16693508 1035 16701394 937 16708537 850 16715006 770 16720868 697 16726176 631 16730985 572 16735340 518 16739285
E3 973184 975923 1056886 1059532 1171058 1173616 1314674 1317145 1486739 1489127 1686294 1688601 1912411 1914641 2130900 2133054 2342017 2344099 2546012 2548023 2743125 2745068 2933588 2935465 3117625 3119439 3295453 3297206 3467281 3468975 3633313 3634950 3793743 3795325
E4 0 16659867 16670921 16631023 16640404 16652907 16664583 16675191 16684803 16693508 16701394 16708537 16715006 16720868 16726176 16730985 16735340 0 2522 2284 2069 1874 1698 1537 1393 1262 1143 1035 937 850 770 697 631 572
F
IN 8388607 8388607 8388607 8388607 8388607 8388607 8388607 8388607 8388607 8388607 8388607 8388607 8388607 8388607 8388607 8388607 8388607 8388607 8388607 8388607 8388607 8388607 8388607 8388607 8388607 8388607 8388607 8388607 8388607 8388607 8388607 8388607 3048 3048 3048 3048 3048 3048 3048 3048 3048 3048 3048 3048 3048 3048 3048 3048 5890554 5890554 5890554 5890554 5890554 5890554 5890554 5890554 5890554 5890554 5890554 5890554 5890554 5890554 5890554 5890554 4194304 4194304 4194304 4194304 0 5890554 14839 464 16743203 518 16739285 3793743 3795325 0 0
E1 464 16743203 420 16735171 380 16739132 344 16742720 312 16745970 283 16748913 256 16751580 232 16753995 210 16756182 190 16758164 172 16759959 156 16761584 141 16763057 128 16764391 116 16765599 105 16766694 95 16767685 5890554 3048
E2 518 16739285 468 16742858 424 16735847 384 16738843 348 16742379 315 16745654 286 16748626 258 16751320 235 16753760 212 16755969 192 16757971 174 16759784 157 16761425 143 16762914 129 16764261 117 16765481 106 16766587
E3 3793743 3795325 3948760 3950289 4098548 4100025 4243283 4244710 4383134 4384513 4518268 4519600 4648842 4650130 4775011 4776255 4896924 4898126 5014723 5015885 5128549 5129671 5238534 5239618 5344808 5345856 5447497 5448510 5546722 5547701 5642599 5643545 5735242 5736156
E4 0 16739285 16742858 16735847 16738843 16742379 16745654 16748626 16751320 16753760 16755969 16757971 16759784 16761425 16762914 16764261 16765481 0 518 468 424 384 348 315 286 258 235 212 192 174 157 143 129 117
F
IN 8388607 8388607 8388607 8388607 8388607 8388607 8388607 8388607 8388607 8388607 8388607 8388607 8388607 8388607 8388607 8388607 8388607 8388607 8388607 8388607 8388607 8388607 8388607 8388607 8388607 8388607 8388607 8388607 8388607 8388607 8388607 8388607 626 626 626 626 626 626 626 626 626 626 626 626 626 626 626 626 5890554 5890554 5890554 5890554 5890554 5890554 5890554 5890554 5890554 5890554 5890554 5890554 5890554 5890554 5890554 5890554 4194304 4194304 4194304 4194304 0 5890554 3048 95 16767685 106 16766587 5735242 5736156 0 0
E1 95 16767685 86 16766274 77 16767305 70 16768239 64 16769085 58 16769851 52 16770545 47 16771173 43 16771742 39 16772258 35 16772725 32 16773148 29 16773531 26 16773879 24 16774193 21 16774478 19 16774736 5890554 626
E2 106 16766587 95 16767588 87 16766390 78 16767224 71 16768150 64 16769002 59 16769777 53 16770477 47 16771112 43 16771686 40 16772208 35 16772680 33 16773106 29 16773494 26 16773845 24 16774163 22 16774450
E3 5735242 5736156 5824759 5825642 5911256 5912109 5994834 5995659 6075594 6076390 6153628 6154398 6229030 6229774 6301888 6302607 6372288 6372983 6440313 6440984 6506043 6506691 6569555 6570182 6630925 6631531 6690224 6690809 6747523 6748088 6802888 6803435 6856386 6856914
E4 0 16766587 16767588 16766390 16767224 16768150 16769002 16769777 16770477 16771112 16771686 16772208 16772680 16773106 16773494 16773845 16774163 0 106 95 87 78 71 64 59 53 47 43 40 35 33 29 26 24
CFG 11 ATK=64 DEC=96 BOFS=64 WOFS=64
F
IN 0 0 0 0 0 0 0 0 0 0 0 0 0 0 0 0 0 0 0 0 0 0 0 0 0 0 0 0 0 0 0 0 0 0 0 0 0 0 0 0 0 0 0 0 0 0 0 0 5890554 5890554 5890554 5890554 5890554 5890554 5890554 5890554 5890554 5890554 5890554 5890554 5890554 5890554 5890554 5890554 4194304 6291456 4194304 4194304 0 0 0 0 0 0 0 0 0 0 0
E1 0 0 5613086 0 5084292 0 4605314 0 4171459 0 3778477 0 3422516 0 3100090 0 2808039 0 2543501 0 2303884 0 2086841 0 1890245 0 1712170 0 1550871 0 1404767 0 1272428 0 5890554 0
E2 0 0 0 0 5119166 0 5087360 0 4647732 0 4213368 0 3816745 0 3457206 0 3131514 0 2836503 0 2569284 0 2327237 0 2107995 0 1909406 0 1729525 0 1566592 0 1419006 0
E3 0 0 0 0 0 0 0 0 0 0 0 0 0 0 0 0 0 0 0 0 0 0 0 0 0 0 0 0 0 0 0 0 0 0
E4 0 0 0 0 0 0 0 0 0 0 0 0 0 0 0 0 0 0 0 0 7678749 7631040 6971598 6320052 5725117 5185809 4697271 4254754 3853926 3490855 3161992 2864109 2594287 2349888
F
IN 0 0 0 0 0 0 0 0 0 0 493456 1480352 2467248 3454144 4441039 5427935 0 0 0 0 0 0 0 0 0 0 493456 1480352 2467248 3454144 4441039 5427935 0 0 0 0 0 0 0 0 0 0 0 0 0 0 0 0 5890554 5890554 5890554 5890554 5890554 5890554 5890554 5890554 5890554 5890554 5890554 5890554 5890554 5890554 5890554 5890554 4194304 6291456 4194304 4194304 0 5890554 0 1272428 0 1419006 0 0 0 0 0
E1 1272428 0 1152555 0 1043976 0 945626 0 856541 0 775848 0 702758 0 636553 0 576585 0 522266 0 473065 0 428499 0 388131 0 351566 0 318446 0 288446 0 261272 0 5890554 0
E2 1419006 0 1285326 0 1164238 0 1054558 0 955211 0 865224 0 783712 0 709882 0 643005 0 582430 0 527560 0 477860 0 432843 0 392065 0 355130 0 321674 0 291370 0
E3 0 0 0 0 0 0 0 0 0 0 0 0 0 0 0 0 0 0 0 0 0 0 16647 16647 66029 66029 147039 147039 258611 258611 399715 399715 569353 569353
E4 0 0 0 0 0 0 0 0 0 0 0 0 0 0 0 0 0 0 2128509 1927989 1746357 1581837 1432816 1297836 1175568 1064823 964507 873645 791340 716790 649264 588097 532695 482511
F
IN 6414815 7401711 8388607 7401711 6414815 5427919 4441023 3454128 2467232 1480336 493440 11 34 57 80 103 6414815 7401711 8388607 7401711 6414815 5427919 4441023 3454128 2467232 1480336 493440 12 35 58 81 104 2571267 2571267 2571267 2571267 2571267 2571267 2571267 2571267 2571267 2571267 2571267 2571267 2571267 2571267 2571267 2571267 5890554 5890554 5890554 5890554 5890554 5890554 5890554 5890554 5890554 5890554 5890554 5890554 5890554 5890554 5890554 5890554 4194304 6291456 4194304 4194304 0 5890554 0 261272 0 291370 0 569353 569353 0 0
E1 261272 0 236658 2450150 214363 2219328 194168 2010251 175876 1820870 159307 1649331 144299 1493952 130705 1353210 118392 1225728 107239 1110255 97136 1005661 87985 910920 79696 825105 72188 747374 65388 676966 59228 613190 53648 555423 5890554 2571267
E2 291370 0 263920 0 239057 2234550 216536 2220668 196136 2028766 177659 1839164 160922 1666035 145761 1509094 132030 1366927 119592 1238153 108326 1121509 98121 1015855 88877 920154 80504 833469 72920 754950 66050 683828 59829 619405
E3 569353 569353 766562 766562 990413 990413 1240007 1240007 1447886 1447886 1615456 1615456 1744078 1744078 1835065 1835065 1889688 1889688 1909173 1909173 1894705 1894705 1847430 1847430 1785103 1785103 1724880 1724880 1666690 1666689 1610463 1610463 1556134 1556134
E4 0 0 0 3351825 3331002 3043149 2758746 2499052 2263641 2050390 1857229 1682263 1523782 1380231 1250203 1132425 1025742 0 437055 395880 358585 324804 294204 266488 241383 218641 198045 179388 162489 147181 133315 120756 109380 99075
F
IN 126 149 172 195 247568 494940 742313 989686 1237059 1484431 1731804 1979177 1979167 1731784 1484400 1237017 127 150 173 196 245383 490570 735756 980943 1226130 1471317 1716504 1961691 1961681 1716483 1471286 1226088 527967 527967 527967 527967 527967 527967 527967 527967 527967 527967 527967 527967 527967 527967 527967 527967 5890554 5890554 5890554 5890554 5890554 5890554 5890554 5890554 5890554 5890554 5890554 5890554 5890554 5890554 5890554 5890554 4194304 6291456 4194304 4194304 0 5890554 2571267 53648 555423 59829 619405 1556134 1556134 0 0
E1 53648 555423 48593 15333261 44016 15469292 39869 15592508 36113 15704116 32711 15805210 29629 15896780 26838 15979724 24310 16054854 22020 16122906 19945 16184546 18066 16240380 16364 16290954 14823 16336764 13426 16378258 12161 16415842 11016 16449886 5890554 527967
E2 59829 619405 54191 561053 49086 15509690 44462 15472847 40273 15581978 36479 15693369 33043 15795368 29929 15887857 27110 15971640 24557 16047532 22243 16116273 20147 16178538 18249 16234939 16530 16286025 14973 16332299 13562 16374214 12285 16412179
E3 1556134 1556134 1503638 1503638 1452915 1452915 1403903 1403903 1356546 1356546 1319059 1319132 1291108 1291326 1272372 1272804 1262540 1263253 1261311 1262369 1268396 1269861 1283514 1285445 1306394 1308850 1328502 1331464 1341591 1344970 1345967 1349674 1341922 1345873
E4 0 929107 841579 14875927 14820662 14984359 15151445 15304444 15443177 15568852 15682690 15785801 15879199 15963800 16040429 16109840 16172713 0 89743 81286 73629 66693 60409 54718 49564 44893 40665 36835 33364 30220 27373 24795 22459 20343
F
IN 989637 742254 494870 247487 103 103 103 102 102 102 102 101 101 493551 1480435 2467319 980894 735696 490499 245301 103 103 102 102 102 101 101 101 100 493550 1480434 2467318 108407 108407 108407 108407 108407 108407 108407 108407 108407 108407 108407 108407 108407 108407 108407 108407 5890554 5890554 5890554 5890554 5890554 5890554 5890554 5890554 5890554 5890554 5890554 5890554 5890554 5890554 5890554 5890554 4194304 6291456 4194304 4194304 0 5890554 527967 11016 16449886 12285 16412179 1341922 1345873 0 0
E1 11016 16449886 9978 16080925 9038 16146521 8186 16205937 7415 16259756 6717 16308504 6084 16352661 5511 16392657 4991 16428885 4521 16461700 4095 16491424 3710 16518348 3360 16542735 3043 16564825 2757 16584834 2497 16602958 2262 16619374 5890554 108407
E2 12285 16412179 11127 16446567 10079 16113100 9130 16143580 8269 16200450 7490 16254537 6785 16303756 6146 16348357 5567 16388759 5041 16425354 4567 16458502 4137 16488527 3747 16515724 3394 16540358 3074 16562672 2785 16582884 2522 16601192
E3 1341922 1345873 1329741 1333854 1309700 1313895 1282062 1286264 1247085 1251218 1205015 1209009 1164365 1168224 1125086 1128815 1087132 1090735 1050459 1053940 1015023 1018387 980782 984033 947697 950838 915728 918763 901485 904417 921017 923850 973184 975923
E4 0 16229660 16281242 15781042 15826762 15912067 15993197 16067026 16133927 16194530 16249423 16299145 16344182 16384978 16421929 16455400 16485718 0 18427 16690 15118 13695 12403 11235 10177 9219 8350 7561 6850 6205 5620 5091 4611 4177
F
IN 3454187 4441071 5427955 6414839 7401723 8388607 8388607 8388607 8388607 8388607 8388607 8388607 8388607 8388607 8388607 8388607 3454186 4441071 5427955 6414839 7401723 8388607 8388607 8388607 8388607 8388607 8388607 8388607 8388607 8388607 8388607 8388607 22259 22259 22259 22259 22259 22259 22259 22259 22259 22259 22259 22259 22259 22259 22259 22259 5890554 5890554 5890554 5890554 5890554 5890554 5890554 5890554 5890554 5890554 5890554 5890554 5890554 5890554 5890554 5890554 4194304 6291456 4194304 4194304 0 5890554 108407 2262 16619374 2522 16601192 973184 975923 0 0
E1 2262 16619374 2048 16552153 1855 16573356 1681 16592561 1522 16609957 1379 16625714 1249 16639987 1131 16652915 1025 16664625 928 16675231 841 16684839 762 16693542 690 16701425 625 16708565 566 16715032 513 16720890 464 16726197 5890554 22259
E2 2522 16601192 2284 16617774 2069 16557927 1874 16571998 1698 16590752 1537 16608267 1393 16624179 1262 16638596 1143 16651655 1035 16663483 937 16674198 850 16683902 770 16692694 697 16700657 631 16707869 572 16714401 518 16720320
E3 973184 975923 1056886 1059532 1171058 1173616 1314674 1317145 1486739 1489127 1686294 1688601 1912411 1914641 2130900 2133054 2342017 2344099 2546012 2548023 2743125 2745068 2933588 2935465 3117625 3119439 3295453 3297206 3467281 3468975 3633313 3634950 3793743 3795325
E4 0 16513180 16538053 16448282 16469389 16497520 16523792 16547660 16569286 16588874 16606616 16622689 16637245 16650433 16662377 16673195 16682993 0 3783 3426 3103 2811 2547 2305 2089 1893 1714 1552 1405 1275 1155 1045 946 858
F
IN 8388607 8388607 8388607 8388607 8388607 8388607 8388607 8388607 8388607 8388607 8388607 8388607 8388607 8388607 8388607 8388607 8388607 8388607 8388607 8388607 8388607 8388607 8388607 8388607 8388607 8388607 8388607 8388607 8388607 8388607 8388607 8388607 4571 4571 4571 4571 4571 4571 4571 4571 4571 4571 4571 4571 4571 4571 4571 4571 5890554 5890554 5890554 5890554 5890554 5890554 5890554 5890554 5890554 5890554 5890554 5890554 5890554 5890554 5890554 5890554 4194304 6291456 4194304 4194304 0 5890554 22259 464 16726197 518 16720320 3793743 3795325 0 0
E1 464 16726197 420 16714148 380 16720090 344 16725471 312 16730346 283 16734761 256 16738761 232 16742384 210 16745665 190 16748638 172 16751330 156 16753768 141 16755977 128 16757978 116 16759791 105 16761432 95 16762919 5890554 4571
E2 518 16720320 468 16725679 424 16715163 384 16719656 348 16724960 315 16729872 286 16734331 258 16738371 235 16742031 212 16745345 192 16748348 174 16751068 157 16753530 143 16755762 129 16757783 117 16759614 106 16761272
E3 3793743 3795325 3948760 3950289 4098548 4100025 4243283 4244710 4383134 4384513 4518268 4519600 4648842 4650130 4775011 4776255 4896924 4898126 5014723 5015885 5128549 5129671 5238534 5239618 5344808 5345856 5447497 5448510 5546722 5547701 5642599 5643545 5735242 5736156
E4 0 16691872 16699910 16684136 16690876 16698832 16706200 16712888 16718948 16724438 16729409 16733914 16737994 16741687 16745035 16748066 16750813 0 777 702 636 576 522 472 429 387 352 318 288 261 235 214 193 175
F
IN 8388607 8388607 8388607 8388607 8388607 8388607 8388607 8388607 8388607 8388607 8388607 8388607 8388607 8388607 8388607 8388607 8388607 8388607 8388607 8388607 8388607 8388607 8388607 8388607 8388607 8388607 8388607 8388607 8388607 8388607 8388607 8388607 939 939 939 939 939 939 939 939 939 939 939 939 939 939 939 939 5890554 5890554 5890554 5890554 5890554 5890554 5890554 5890554 5890554 5890554 5890554 5890554 5890554 5890554 5890554 5890554 4194304 6291456 4194304 4194304 0 5890554 4571 95 16762919 106 16761272 5735242 5736156 0 0
E1 95 16762919 86 16760804 77 16762351 70 16763751 64 16765019 58 16766169 52 16767209 47 16768152 43 16769006 39 16769779 35 16770480 32 16771115 29 16771689 26 16772210 24 16772682 21 16773109 19 16773496 5890554 939
E2 106 16761272 95 16762774 87 16760977 78 16762230 71 16763617 64 16764896 59 16766057 53 16767107 47 16768060 43 16768923 40 16769704 35 16770412 33 16771053 29 16771633 26 16772159 24 16772636 22 16773067
E3 5735242 5736156 5824759 5825642 5911256 5912109 5994834 5995659 6075594 6076390 6153628 6154398 6229030 6229774 6301888 6302607 6372288 6372983 6440313 6440984 6506043 6506691 6569555 6570182 6630925 6631531 6690224 6690809 6747523 6748088 6802888 6803435 6856386 6856914
E4 0 16753300 16755553 16752857 16754737 16756817 16758736 16760477 16762052 16763482 16764776 16765948 16767010 16767971 16768841 16769630 16770346 0 159 142 130 117 106 96 88 79 70 64 60 52 49 43 39 36
CFG 12 ATK=64 DEC=126 BOFS=64 WOFS=64
F
IN 0 0 0 0 0 0 0 0 0 0 0 0 0 0 0 0 0 0 0 0 0 0 0 0 0 0 0 0 0 0 0 0 0 0 0 0 0 0 0 0 0 0 0 0 0 0 0 0 5890554 5890554 5890554 5890554 5890554 5890554 5890554 5890554 5890554 5890554 5890554 5890554 5890554 5890554 5890554 5890554 4194304 8257536 4194304 4194304 0 0 0 0 0 0 0 0 0 0 0
E1 0 0 5613086 0 5084292 0 4605314 0 4171459 0 3778477 0 3422516 0 3100090 0 2808039 0 2543501 0 2303884 0 2086841 0 1890245 0 1712170 0 1550871 0 1404767 0 1272428 0 5890554 0
E2 0 0 0 0 5119166 0 5087360 0 4647732 0 4213368 0 3816745 0 3457206 0 3131514 0 2836503 0 2569284 0 2327237 0 2107995 0 1909406 0 1729525 0 1566592 0 1419006 0
E3 0 0 0 0 0 0 0 0 0 0 0 0 0 0 0 0 0 0 0 0 0 0 0 0 0 0 0 0 0 0 0 0 0 0
E4 0 0 0 0 0 0 0 0 0 0 0 0 0 0 0 0 0 0 0 0 8388607 8388607 8388607 8295068 7514216 6806374 6165168 5584365 5058277 4581747 4150115 3759143 3405002 3084228
F
IN 0 0 0 0 0 0 0 0 0 0 493456 1480352 2467248 3454144 4441039 5427935 0 0 0 0 0 0 0 0 0 0 493456 1480352 2467248 3454144 4441039 5427935 0 0 0 0 0 0 0 0 0 0 0 0 0 0 0 0 5890554 5890554 5890554 5890554 5890554 5890554 5890554 5890554 5890554 5890554 5890554 5890554 5890554 5890554 5890554 5890554 4194304 8257536 4194304 4194304 0 5890554 0 1272428 0 1419006 0 0 0 0 0
E1 1272428 0 1152555 0 1043976 0 945626 0 856541 0 775848 0 702758 0 636553 0 576585 0 522266 0 473065 0 428499 0 388131 0 351566 0 318446 0 288446 0 261272 0 5890554 0
E2 1419006 0 1285326 0 1164238 0 1054558 0 955211 0 865224 0 783712 0 709882 0 643005 0 582430 0 527560 0 477860 0 432843 0 392065 0 355130 0 321674 0 291370 0
E3 0 0 0 0 0 0 0 0 0 0 0 0 0 0 0 0 0 0 0 0 0 0 16647 16647 66029 66029 147039 147039 258611 258611 399715 399715 569353 569353
E4 0 0 0 0 0 0 0 0 0 0 0 0 0 0 0 0 0 0 2793668 2530485 2292093 2076161 1880571 1703409 1542933 1397580 1265916 1146659 1038633 940786 852159 771877 699162 633295
F
IN 6414815 7401711 8388607 7401711 6414815 5427919 4441023 3454128 2467232 1480336 493440 11 34 57 80 103 6414815 7401711 8388607 7401711 6414815 5427919 4441023 3454128 2467232 1480336 493440 12 35 58 81 104 3374788 3374788 3374788 3374788 3374788 3374788 3374788 3374788 3374788 3374788 3374788 3374788 3374788 3374788 3374788 3374788 5890554 5890554 5890554 5890554 5890554 5890554 5890554 5890554 5890554 5890554 5890554 5890554 5890554 5890554 5890554 5890554 4194304 8257536 4194304 4194304 0 5890554 0 261272 0 291370 0 569353 569353 0 0
E1 261272 0 236658 3215822 214363 2912868 194168 2638454 175876 2389892 159307 2164747 144299 1960812 130705 1776089 118392 1608768 107239 1457210 97136 1319930 87985 1195583 79696 1082950 72188 980928 65388 888518 59228 804813 53648 728993 5890554 3374788
E2 291370 0 263920 0 239057 2932847 216536 2914626 196136 2662756 177659 2413902 160922 2186672 145761 1980686 132030 1794092 119592 1625076 108326 1471981 98121 1333310 88877 1207702 80504 1093927 72920 990872 66050 897524 59829 812971
E3 569353 569353 766562 766562 990413 990413 1240007 1240007 1447886 1447886 1615456 1615456 1744078 1744078 1835065 1835065 1889688 1889688 1909173 1909173 1894705 1894705 1847430 1847430 1785103 1785103 1724880 1724880 1666690 1666689 1610463 1610463 1556134 1556134
E4 0 0 0 5774042 5738169 5242300 4752369 4305010 3899475 3532118 3199368 2897962 2624954 2377663 2153668 1950779 1767000 0 573634 519592 470643 426305 386142 349766 316815 286966 259934 235446 213266 193175 174976 158492 143561 130035
F
IN 126 149 172 195 247568 494940 742313 989686 1237059 1484431 1731804 1979177 1979167 1731784 1484400 1237017 127 150 173 196 245383 490570 735756 980943 1226130 1471317 1716504 1961691 1961681 1716483 1471286 1226088 692956 692956 692956 692956 692956 692956 692956 692956 692956 692956 692956 692956 692956 692956 692956 692956 5890554 5890554 5890554 5890554 5890554 5890554 5890554 5890554 5890554 5890554 5890554 5890554 5890554 5890554 5890554 5890554 4194304 8257536 4194304 4194304 0 5890554 3374788 53648 728993 59829 812971 1556134 1556134 0 0
E1 53648 728993 48593 14882024 44016 15060565 39869 15222287 36113 15368773 32711 15501458 29629 15621644 26838 15730508 24310 15829115 22020 15918433 19945 15999337 18066 16072619 16364 16138997 14823 16199122 13426 16253583 12161 16302913 11016 16347596 5890554 692956
E2 59829 812971 54191 736382 49086 15113588 44462 15065230 40273 15208467 36479 15354667 33043 15488541 29929 15609932 27110 15719898 24557 15819505 22243 15909728 20147 15991452 18249 16065476 16530 16132528 14973 16193262 13562 16248275 12285 16298105
E3 1556134 1556134 1503638 1503638 1452915 1452915 1403903 1403903 1356546 1356546 1319059 1319132 1291108 1291326 1272372 1272804 1262540 1263253 1261311 1262369 1268396 1269861 1283514 1285445 1306394 1308850 1328502 1331464 1341591 1344970 1345967 1349674 1341922 1345873
E4 0 1600536 1449752 13501948 13406743 13688741 13976572 14240137 14479125 14695621 14891722 15069349 15230243 15375977 15507986 15627556 15735863 0 117788 106688 96638 87534 79287 71818 65053 58922 53372 48346 43790 39664 35927 32543 29478 26700
F
IN 989637 742254 494870 247487 103 103 103 102 102 102 102 101 101 493551 1480435 2467319 980894 735696 490499 245301 103 103 102 102 102 101 101 101 100 493550 1480434 2467318 142282 142282 142282 142282 142282 142282 142282 142282 142282 142282 142282 142282 142282 142282 142282 142282 5890554 5890554 5890554 5890554 5890554 5890554 5890554 5890554 5890554 5890554 5890554 5890554 5890554 5890554 5890554 5890554 4194304 8257536 4194304 4194304 0 5890554 692956 11016 16347596 12285 16298105 1341922 1345873 0 0
E1 11016 16347596 9978 15863334 9038 15949428 8186 16027412 7415 16098049 6717 16162032 6084 16219986 5511 16272482 4991 16320031 4521 16363102 4095 16402114 3710 16437452 3360 16469460 3043 16498453 2757 16524714 2497 16548502 2262 16570048 5890554 142282
E2 12285 16298105 11127 16343241 10079 15905563 9130 15945568 8269 16020210 7490 16091200 6785 16155799 6146 16214338 5567 16267365 5041 16315397 4567 16358904 4137 16398312 3747 16434008 3394 16466340 3074 16495628 2785 16522154 2522 16546184
E3 1341922 1345873 1329741 1333854 1309700 1313895 1282062 1286264 1247085 1251218 1205015 1209009 1164365 1168224 1125086 1128815 1087132 1090735 1050459 1053940 1015023 1018387 980782 984033 947697 950838 915728 918763 901485 904417 921017 923850 973184 975923
E4 0 15833966 15922827 15061149 15139909 15286860 15426622 15553801 15669049 15773446 15868009 15953664 16031248 16101525 16165178 16222839 16275062 0 24186 21906 19843 17974 16279 14745 13357 12099 10960 9924 8991 8144 7376 6681 6051 5482
F
IN 3454187 4441071 5427955 6414839 7401723 8388607 8388607 8388607 8388607 8388607 8388607 8388607 8388607 8388607 8388607 8388607 3454186 4441071 5427955 6414839 7401723 8388607 8388607 8388607 8388607 8388607 8388607 8388607 8388607 8388607 8388607 8388607 29214 29214 29214 29214 29214 29214 29214 29214 29214 29214 29214 29214 29214 29214 29214 29214 5890554 5890554 5890554 5890554 5890554 5890554 5890554 5890554 5890554 5890554 5890554 5890554 5890554 5890554 5890554 5890554 4194304 8257536 4194304 4194304 0 5890554 142282 2262 16570048 2522 16546184 973184 975923 0 0
E1 2262 16570048 2048 16481822 1855 16509650 1681 16534857 1522 16557689 1379 16578370 1249 16597103 1131 16614071 1025 16629440 928 16643362 841 16655972 762 16667394 690 16677740 625 16687112 566 16695600 513 16703289 464 16710253 5890554 29214
E2 2522 16546184 2284 16567948 2069 16489400 1874 16507868 1698 16532482 1537 16555471 1393 16576355 1262 16595278 1143 16612417 1035 16627942 937 16642005 850 16654743 770 16666281 697 16676732 631 16686198 572 16694773 518 16702540
E3 973184 975923 1056886 1059532 1171058 1173616 1314674 1317145 1486739 1489127 1686294 1688601 1912411 1914641 2130900 2133054 2342017 2344099 2546012 2548023 2743125 2745068 2933588 2935465 3117625 3119439 3295453 3297206 3467281 3468975 3633313 3634950 3793743 3795325
E4 0 16322371 16365219 16210578 16246937 16295395 16340655 16381770 16419025 16452767 16483332 16511019 16536097 16558812 16579388 16598024 16614906 0 4965 4496 4073 3689 3342 3025 2742 2484 2250 2037 1844 1673 1515 1372 1242 1126
F
IN 8388607 8388607 8388607 8388607 8388607 8388607 8388607 8388607 8388607 8388607 8388607 8388607 8388607 8388607 8388607 8388607 8388607 8388607 8388607 8388607 8388607 8388607 8388607 8388607 8388607 8388607 8388607 8388607 8388607 8388607 8388607 8388607 5999 5999 5999 5999 5999 5999 5999 5999 5999 5999 5999 5999 5999 5999 5999 5999 5890554 5890554 5890554 5890554 5890554 5890554 5890554 5890554 5890554 5890554 5890554 5890554 5890554 5890554 5890554 5890554 4194304 8257536 4194304 4194304 0 5890554 29214 464 16710253 518 16702540 3793743 3795325 0 0
E1 464 16710253 420 16694439 380 16702238 344 16709301 312 16715699 283 16721495 256 16726744 232 16731499 210 16735806 190 16739707 172 16743240 156 16746441 141 16749340 128 16751967 116 16754345 105 16756500 95 16758451 5890554 5999
E2 518 16702540 468 16709574 424 16695771 384 16701669 348 16708629 315 16715077 286 16720930 258 16726232 235 16731036 212 16735386 192 16739327 174 16742896 157 16746129 143 16749057 129 16751711 117 16754113 106 16756290
E3 3793743 3795325 3948760 3950289 4098548 4100025 4243283 4244710 4383134 4384513 4518268 4519600 4648842 4650130 4775011 4776255 4896924 4898126 5014723 5015885 5128549 5129671 5238534 5239618 5344808 5345856 5447497 5448510 5546722 5547701 5642599 5643545 5735242 5736156
E4 0 16630197 16644045 16616871 16628482 16642185 16654879 16666402 16676841 16686299 16694863 16702622 16709648 16716013 16721777 16727003 16731731 0 1019 921 834 756 685 620 563 507 462 417 378 342 309 281 253 230
F
IN 8388607 8388607 8388607 8388607 8388607 8388607 8388607 8388607 8388607 8388607 8388607 8388607 8388607 8388607 8388607 8388607 8388607 8388607 8388607 8388607 8388607 8388607 8388607 8388607 8388607 8388607 8388607 8388607 8388607 8388607 8388607 8388607 1233 1233 1233 1233 1233 1233 1233 1233 1233 1233 1233 1233 1233 1233 1233 1233 5890554 5890554 5890554 5890554 5890554 5890554 5890554 5890554 5890554 5890554 5890554 5890554 5890554 5890554 5890554 5890554 4194304 8257536 4194304 4194304 0 5890554 5999 95 16758451 106 16756290 5735242 5736156 0 0
E1 95 16758451 86 16755677 77 16757706 70 16759544 64 16761209 58 16762717 52 16764083 47 16765320 43 16766441 39 16767456 35 16768375 32 16769208 29 16769962 26 16770646 24 16771265 21 16771825 19 16772333 5890554 1233
E2 106 16756290 95 16758260 87 16755905 78 16757547 71 16759368 64 16761047 59 16762570 53 16763950 47 16765200 43 16766332 40 16767357 35 16768285 33 16769127 29 16769888 26 16770580 24 16771204 22 16771771
E3 5735242 5736156 5824759 5825642 5911256 5912109 5994834 5995659 6075594 6076390 6153628 6154398 6229030 6229774 6301888 6302607 6372288 6372983 6440313 6440984 6506043 6506691 6569555 6570182 6630925 6631531 6690224 6690809 6747523 6748088 6802888 6803435 6856386 6856914
E4 0 16736017 16739896 16735259 16738492 16742077 16745383 16748381 16751098 16753559 16755788 16757806 16759633 16761290 16762789 16764151 16765379 0 208 187 171 153 139 126 116 104 92 84 78 68 64 57 51 47
CFG 13 ATK=64 DEC=127 BOFS=64 WOFS=64
F
IN 0 0 0 0 0 0 0 0 0 0 0 0 0 0 0 0 0 0 0 0 0 0 0 0 0 0 0 0 0 0 0 0 0 0 0 0 0 0 0 0 0 0 0 0 0 0 0 0 5890554 5890554 5890554 5890554 5890554 5890554 5890554 5890554 5890554 5890554 5890554 5890554 5890554 5890554 5890554 5890554 4194304 8323072 4194304 4194304 0 0 0 0 0 0 0 0 0 0 0
E1 0 0 5613086 0 5084292 0 4605314 0 4171459 0 3778477 0 3422516 0 3100090 0 2808039 0 2543501 0 2303884 0 2086841 0 1890245 0 1712170 0 1550871 0 1404767 0 1272428 0 5890554 0
E2 0 0 0 0 5119166 0 5087360 0 4647732 0 4213368 0 3816745 0 3457206 0 3131514 0 2836503 0 2569284 0 2327237 0 2107995 0 1909406 0 1729525 0 1566592 0 1419006 0
E3 0 0 0 0 0 0 0 0 0 0 0 0 0 0 0 0 0 0 0 0 0 0 0 0 0 0 0 0 0 0 0 0 0 0
E4 0 0 0 0 0 0 0 0 0 0 0 0 0 0 0 0 0 0 0 0 8388607 8388607 8388607 8360902 7573853 6860393 6214098 5628685 5098422 4618110 4183052 3788977 3432026 3108706
F
IN 0 0 0 0 0 0 0 0 0 0 493456 1480352 2467248 3454144 4441039 5427935 0 0 0 0 0 0 0 0 0 0 493456 1480352 2467248 3454144 4441039 5427935 0 0 0 0 0 0 0 0 0 0 0 0 0 0 0 0 5890554 5890554 5890554 5890554 5890554 5890554 5890554 5890554 5890554 5890554 5890554 5890554 5890554 5890554 5890554 5890554 4194304 8323072 4194304 4194304 0 5890554 0 1272428 0 1419006 0 0 0 0 0
E1 1272428 0 1152555 0 1043976 0 945626 0 856541 0 775848 0 702758 0 636553 0 576585 0 522266 0 473065 0 428499 0 388131 0 351566 0 318446 0 288446 0 261272 0 5890554 0
E2 1419006 0 1285326 0 1164238 0 1054558 0 955211 0 865224 0 783712 0 709882 0 643005 0 582430 0 527560 0 477860 0 432843 0 392065 0 355130 0 321674 0 291370 0
E3 0 0 0 0 0 0 0 0 0 0 0 0 0 0 0 0 0 0 0 0 0 0 16647 16647 66029 66029 147039 147039 258611 258611 399715 399715 569353 569353
E4 0 0 0 0 0 0 0 0 0 0 0 0 0 0 0 0 0 0 2815840 2550568 2310284 2092638 1895496 1716928 1555178 1408672 1275963 1155759 1046876 948253 858922 778003 704711 638321
F
IN 6414815 7401711 8388607 7401711 6414815 5427919 4441023 3454128 2467232 1480336 493440 11 34 57 80 103 6414815 7401711 8388607 7401711 6414815 5427919 4441023 3454128 2467232 1480336 493440 12 35 58 81 104 3401572 3401572 3401572 3401572 3401572 3401572 3401572 3401572 3401572 3401572 3401572 3401572 3401572 3401572 3401572 3401572 5890554 5890554 5890554 5890554 5890554 5890554 5890554 5890554 5890554 5890554 5890554 5890554 5890554 5890554 5890554 5890554 4194304 8323072 4194304 4194304 0 5890554 0 261272 0 291370 0 569353 569353 0 0
E1 261272 0 236658 3241345 214363 2935986 194168 2659394 175876 2408860 159307 2181927 144299 1976374 130705 1790185 118392 1621536 107239 1468775 97136 1330406 87985 1205072 79696 1091545 72188 988713 65388 895569 59228 811200 53648 734779 5890554 3401572
E2 291370 0 263920 0 239057 2956124 216536 2937759 196136 2683888 177659 2433061 160922 2204025 145761 1996406 132030 1808332 119592 1637973 108326 1483663 98121 1343892 88877 1217287 80504 1102610 72920 998735 66050 904647 59829 819423
E3 569353 569353 766562 766562 990413 990413 1240007 1240007 1447886 1447886 1615456 1615456 1744078 1744078 1835065 1835065 1889688 1889688 1909173 1909173 1894705 1894705 1847430 1847430 1785103 1785103 1724880 1724880 1666690 1666689 1610463 1610463 1556134 1556134
E4 0 0 0 5866058 5829615 5325840 4828105 4373612 3961618 3588408 3250352 2944143 2666785 2415553 2187991 1981864 1795158 0 578187 523716 474378 429688 389207 352542 319329 289244 261997 237315 214959 194708 176365 159750 144700 131067
F
IN 126 149 172 195 247568 494940 742313 989686 1237059 1484431 1731804 1979177 1979167 1731784 1484400 1237017 127 150 173 196 245383 490570 735756 980943 1226130 1471317 1716504 1961691 1961681 1716483 1471286 1226088 698455 698455 698455 698455 698455 698455 698455 698455 698455 698455 698455 698455 698455 698455 698455 698455 5890554 5890554 5890554 5890554 5890554 5890554 5890554 5890554 5890554 5890554 5890554 5890554 5890554 5890554 5890554 5890554 4194304 8323072 4194304 4194304 0 5890554 3401572 53648 734779 59829 819423 1556134 1556134 0 0
E1 53648 734779 48593 14866983 44016 15046941 39869 15209946 36113 15357594 32711 15491333 29629 15612473 26838 15722200 24310 15821590 22020 15911618 19945 15993163 18066 16067027 16364 16133932 14823 16194534 13426 16249427 12161 16299149 11016 16344186 5890554 698455
E2 59829 819423 54191 742227 49086 15100384 44462 15051644 40273 15196016 36479 15343376 33043 15478314 29929 15600668 27110 15711505 24557 15811904 22243 15902843 20147 15985216 18249 16059828 16530 16127411 14973 16188628 13562 16244077 12285 16294303
E3 1556134 1556134 1503638 1503638 1452915 1452915 1403903 1403903 1356546 1356546 1319059 1319132 1291108 1291326 1272372 1272804 1262540 1263253 1261311 1262369 1268396 1269861 1283514 1285445 1306394 1308850 1328502 1331464 1341591 1344970 1345967 1349674 1341922 1345873
E4 0 1626042 1472856 13449752 13353034 13639522 13931939 14199707 14442503 14662445 14861675 15042132 15205591 15353649 15487759 15609236 15719268 0 118723 107535 97405 88229 79916 72388 65569 59390 53796 48730 44138 39979 36212 32801 29712 26912
F
IN 989637 742254 494870 247487 103 103 103 102 102 102 102 101 101 493551 1480435 2467319 980894 735696 490499 245301 103 103 102 102 102 101 101 101 100 493550 1480434 2467318 143411 143411 143411 143411 143411 143411 143411 143411 143411 143411 143411 143411 143411 143411 143411 143411 5890554 5890554 5890554 5890554 5890554 5890554 5890554 5890554 5890554 5890554 5890554 5890554 5890554 5890554 5890554 5890554 4194304 8323072 4194304 4194304 0 5890554 698455 11016 16344186 12285 16294303 1341922 1345873 0 0
E1 11016 16344186 9978 15856081 9038 15942859 8186 16021461 7415 16092659 6717 16157149 6084 16215564 5511 16268476 4991 16316403 4521 16359815 4095 16399137 3710 16434755 3360 16467017 3043 16496240 2757 16522710 2497 16546687 2262 16568404 5890554 143411
E2 12285 16294303 11127 16339796 10079 15898645 9130 15938969 8269 16014202 7490 16085755 6785 16150867 6146 16209871 5567 16263319 5041 16311732 4567 16355584 4137 16395304 3747 16431284 3394 16463873 3074 16493392 2785 16520130 2522 16544350
E3 1341922 1345873 1329741 1333854 1309700 1313895 1282062 1286264 1247085 1251218 1205015 1209009 1164365 1168224 1125086 1128815 1087132 1090735 1050459 1053940 1015023 1018387 980782 984033 947697 950838 915728 918763 901485 904417 921017 923850 973184 975923
E4 0 15818935 15909210 15033801 15113819 15263110 15405098 15534304 15651390 15757451 15853521 15940540 16019359 16090757 16155425 16214002 16267060 0 24378 22080 20000 18117 16408 14862 13463 12195 11047 10003 9062 8209 7435 6734 6099 5526
F
IN 3454187 4441071 5427955 6414839 7401723 8388607 8388607 8388607 8388607 8388607 8388607 8388607 8388607 8388607 8388607 8388607 3454186 4441071 5427955 6414839 7401723 8388607 8388607 8388607 8388607 8388607 8388607 8388607 8388607 8388607 8388607 8388607 29446 29446 29446 29446 29446 29446 29446 29446 29446 29446 29446 29446 29446 29446 29446 29446 5890554 5890554 5890554 5890554 5890554 5890554 5890554 5890554 5890554 5890554 5890554 5890554 5890554 5890554 5890554 5890554 4194304 8323072 4194304 4194304 0 5890554 143411 2262 16568404 2522 16544350 973184 975923 0 0
E1 2262 16568404 2048 16479478 1855 16507527 1681 16532934 1522 16555947 1379 16576792 1249 16595674 1131 16612777 1025 16628268 928 16642300 841 16655010 762 16666523 690 16676951 625 16686397 566 16694952 513 16702702 464 16709722 5890554 29446
E2 2522 16544350 2284 16566287 2069 16487117 1874 16505731 1698 16530540 1537 16553711 1393 16574761 1262 16593834 1143 16611110 1035 16626758 937 16640933 850 16653771 770 16665401 697 16675935 631 16685476 572 16694118 518 16701947
E3 973184 975923 1056886 1059532 1171058 1173616 1314674 1317145 1486739 1489127 1686294 1688601 1912411 1914641 2130900 2133054 2342017 2344099 2546012 2548023 2743125 2745068 2933588 2935465 3117625 3119439 3295453 3297206 3467281 3468975 3633313 3634950 3793743 3795325
E4 0 16315122 16358653 16201550 16238487 16287718 16333698 16375469 16413317 16447599 16478650 16506779 16532254 16555333 16576236 16595169 16612318 0 5004 4532 4105 3718 3369 3049 2764 2504 2268 2053 1859 1686 1527 1383 1252 1135
F
IN 8388607 8388607 8388607 8388607 8388607 8388607 8388607 8388607 8388607 8388607 8388607 8388607 8388607 8388607 8388607 8388607 8388607 8388607 8388607 8388607 8388607 8388607 8388607 8388607 8388607 8388607 8388607 8388607 8388607 8388607 8388607 8388607 6048 6048 6048 6048 6048 6048 6048 6048 6048 6048 6048 6048 6048 6048 6048 6048 5890554 5890554 5890554 5890554 5890554 5890554 5890554 5890554 5890554 5890554 5890554 5890554 5890554 5890554 5890554 5890554 4194304 8323072 4194304 4194304 0 5890554 29446 464 16709722 518 16701947 3793743 3795325 0 0
E1 464 16709722 420 16693784 380 16701644 344 16708763 312 16715212 283 16721053 256 16726344 232 16731137 210 16735478 190 16739410 172 16742972 156 16746198 141 16749120 128 16751767 116 16754164 105 16756336 95 16758303 5890554 6048
E2 518 16701947 468 16709037 424 16695127 384 16701070 348 16708086 315 16714585 286 16720484 258 16725828 235 16730670 212 16735055 192 16739027 174 16742625 157 16745883 143 16748835 129 16751509 117 16753931 106 16756124
E3 3793743 3795325 3948760 3950289 4098548 4100025 4243283 4244710 4383134 4384513 4518268 4519600 4648842 4650130 4775011 4776255 4896924 4898126 5014723 5015885 5128549 5129671 5238534 5239618 5344808 5345856 5447497 5448510 5546722 5547701 5642599 5643545 5735242 5736156
E4 0 16627854 16641923 16614320 16626113 16640036 16652932 16664638 16675242 16684851 16693552 16701434 16708574 16715039 16720897 16726203 16731009 0 1027 928 841 762 690 625 567 511 466 420 381 345 311 283 255 232
F
IN 8388607 8388607 8388607 8388607 8388607 8388607 8388607 8388607 8388607 8388607 8388607 8388607 8388607 8388607 8388607 8388607 8388607 8388607 8388607 8388607 8388607 8388607 8388607 8388607 8388607 8388607 8388607 8388607 8388607 8388607 8388607 8388607 1243 1243 1243 1243 1243 1243 1243 1243 1243 1243 1243 1243 1243 1243 1243 1243 5890554 5890554 5890554 5890554 5890554 5890554 5890554 5890554 5890554 5890554 5890554 5890554 5890554 5890554 5890554 5890554 4194304 8323072 4194304 4194304 0 5890554 6048 95 16758303 106 16756124 5735242 5736156 0 0
E1 95 16758303 86 16755506 77 16757551 70 16759403 64 16761082 58 16762601 52 16763978 47 16765225 43 16766355 39 16767378 35 16768305 32 16769145 29 16769905 26 16770594 24 16771217 21 16771783 19 16772294 5890554 1243
E2 106 16756124 95 16758111 87 16755735 78 16757391 71 16759226 64 16760919 59 16762453 53 16763844 47 16765103 43 16766245 40 16767278 35 16768215 33 16769063 29 16769831 26 16770527 24 16771156 22 16771728
E3 5735242 5736156 5824759 5825642 5911256 5912109 5994834 5995659 6075594 6076390 6153628 6154398 6229030 6229774 6301888 6302607 6372288 6372983 6440313 6440984 6506043 6506691 6569555 6570182 6630925 6631531 6690224 6690809 6747523 6748088 6802888 6803435 6856386 6856914
E4 0 16735361 16739304 16734589 16737875 16741517 16744876 16747920 16750680 16753179 16755445 16757495 16759354 16761037 16762561 16763942 16765190 0 210 188 172 154 140 127 117 105 93 85 79 69 65 57 51 47
CFG 14 ATK=64 DEC=64 BOFS=0 WOFS=64
F
IN 0 0 0 0 0 0 0 0 0 0 0 0 0 0 0 0 0 0 0 0 0 0 0 0 0 0 0 0 0 0 0 0 0 0 0 0 0 0 0 0 0 0 0 0 0 0 0 0 5890554 5890554 5890554 5890554 5890554 5890554 5890554 5890554 5890554 5890554 5890554 5890554 5890554 5890554 5890554 5890554 4194304 4194304 0 4194304 0 0 0 0 0 0 0 0 0 0 0
E1 0 0 5884041 0 5871029 0 5858046 0 5845092 0 5832167 0 5819270 0 5806401 0 5793562 0 5780750 0 5767967 0 5755212 0 5742485 0 5729787 0 5717116 0 5704474 0 5691859 0 5890554 0
E2 0 0 0 0 554320 0 1055193 0 1507657 0 1916276 0 2285182 0 2618119 0 2918479 0 3189333 0 3433464 0 3653391 0 3851398 0 4029553 0 4189727 0 4333619 0 4462763 0
E3 0 0 0 0 0 0 0 0 0 0 0 0 0 0 0 0 0 0 0 0 0 0 0 0 0 0 0 0 0 0 0 0 0 0
E4 0 0 0 0 0 0 0 0 0 0 0 0 0 0 0 0 0 0 0 0 554320 1055193 1507657 1916276 2285182 2618119 2918479 3189333 3433464 3653391 3851398 4029553 4189727 4333619
F
IN 0 0 0 0 0 0 0 0 0 0 493456 1480352 2467248 3454144 4441039 5427935 0 0 0 0 0 0 0 0 0 0 493456 1480352 2467248 3454144 4441039 5427935 0 0 0 0 0 0 0 0 0 0 0 0 0 0 0 0 5890554 5890554 5890554 5890554 5890554 5890554 5890554 5890554 5890554 5890554 5890554 5890554 5890554 5890554 5890554 5890554 4194304 4194304 0 4194304 0 5890554 0 5691859 0 4462763 0 0 0 0 0
E1 5691859 0 5679272 0 5666713 0 5654182 0 5641679 0 5629203 0 5616755 0 5604335 0 5591942 0 5579576 0 5567238 0 5554927 0 5542643 0 5530386 0 5518157 0 5505954 0 5493779 0 5890554 0
E2 4462763 0 4578552 0 4682248 0 4774992 0 4857819 0 4931664 0 4997377 0 5055727 0 5107410 0 5153057 0 5193238 0 5228472 0 5259226 0 5285926 0 5308956 0 5328664 0 5345366 0
E3 0 0 0 0 0 0 0 0 0 0 0 0 0 0 0 0 0 0 0 0 0 0 16647 16647 66029 66029 147039 147039 258611 258611 399715 399715 569353 569353
E4 0 0 0 0 0 0 0 0 0 0 0 0 0 0 0 0 0 0 4462763 4578552 4682248 4774992 4857819 4931664 4997377 5055727 5107410 5153057 5193238 5228472 5259226 5285926 5308956 5328664
F
IN 6414815 7401711 8388607 7401711 6414815 5427919 4441023 3454128 2467232 1480336 493440 11 34 57 80 103 6414815 7401711 8388607 7401711 6414815 5427919 4441023 3454128 2467232 1480336 493440 12 35 58 81 104 4204475 4204475 4204475 4204475 4204475 4204475 4204475 4204475 4204475 4204475 4204475 4204475 4204475 4204475 4204475 4204475 5890554 5890554 5890554 5890554 5890554 5890554 5890554 5890554 5890554 5890554 5890554 5890554 5890554 5890554 5890554 5890554 4194304 4194304 0 4194304 0 5890554 0 5493779 0 5345366 0 569353 569353 0 0
E1 5493779 0 5481630 4199826 5469508 4190539 5457413 4181272 5445345 4172026 5433304 4162800 5421289 4153595 5409301 4144410 5397339 4135245 5385404 4126101 5373495 4116976 5361612 4107872 5349756 4098789 5337926 4089725 5326122 4080681 5314344 4071657 5302592 4062653 5890554 4204475
E2 5345366 0 5359347 0 5370867 395654 5380160 753160 5387438 1076114 5392893 1367772 5396700 1631084 5399016 1868723 5399985 2083110 5399736 2276436 5398386 2450688 5396041 2607665 5392797 2748996 5388743 2876156 5383955 2990483 5378507 3093188 5372462 3185367
E3 569353 569353 766562 766562 990413 990413 1240007 1240007 1447886 1447886 1615456 1615456 1744078 1744078 1835065 1835065 1889688 1889688 1909173 1909173 1894705 1894705 1847430 1847430 1785103 1785103 1724880 1724880 1666690 1666689 1610463 1610463 1556134 1556134
E4 0 0 0 395654 753160 1076114 1367772 1631084 1868723 2083110 2276436 2450688 2607665 2748996 2876156 2990483 3093188 0 5345366 5359347 5370867 5380160 5387438 5392893 5396700 5399016 5399985 5399736 5398386 5396041 5392797 5388743 5383955 5378507
F
IN 126 149 172 195 247568 494940 742313 989686 1237059 1484431 1731804 1979177 1979167 1731784 1484400 1237017 127 150 173 196 245383 490570 735756 980943 1226130 1471317 1716504 1961691 1961681 1716483 1471286 1226088 5311962 5311962 5311962 5311962 5311962 5311962 5311962 5311962 5311962 5311962 5311962 5311962 5311962 5311962 5311962 5311962 5890554 5890554 5890554 5890554 5890554 5890554 5890554 5890554 5890554 5890554 5890554 5890554 5890554 5890554 5890554 5890554 4194304 4194304 0 4194304 0 5890554 4204475 5302592 4062653 5372462 3185367 1556134 1556134 0 0
E1 5302592 4062653 5290866 5159931 5279166 5148521 5267492 5137136 5255844 5125776 5244221 5114441 5232625 5103131 5221053 5091847 5209508 5080587 5197988 5069352 5186494 5058142 5175024 5046957 5163581 5035796 5152162 5024660 5140769 5013549 5129401 5002463 5118059 4991400 5890554 5311962
E2 5372462 3185367 5365879 3268013 5358812 3446246 5351309 3606613 5343413 3750800 5335163 3880332 5326596 3996595 5317743 4100839 5308634 4194199 5299296 4277703 5289752 4352282 5280024 4418780 5270132 4477959 5260095 4530511 5249926 4577063 5239643 4618184 5229257 4654386
E3 1556134 1556134 1503638 1503638 1452915 1452915 1403903 1403903 1356546 1356546 1319059 1319132 1291108 1291326 1272372 1272804 1262540 1263253 1261311 1262369 1268396 1269861 1283514 1285445 1306394 1308850 1328502 1331464 1341591 1344970 1345967 1349674 1341922 1345873
E4 0 3185367 3268013 3446246 3606613 3750800 3880332 3996595 4100839 4194199 4277703 4352282 4418780 4477959 4530511 4577063 4618184 0 5372462 5365879 5358812 5351309 5343413 5335163 5326596 5317743 5308634 5299296 5289752 5280024 5270132 5260095 5249926 5239643
F
IN 989637 742254 494870 247487 103 103 103 102 102 102 102 101 101 493551 1480435 2467319 980894 735696 490499 245301 103 103 102 102 102 101 101 101 100 493550 1480434 2467318 5384552 5384552 5384552 5384552 5384552 5384552 5384552 5384552 5384552 5384552 5384552 5384552 5384552 5384552 5384552 5384552 5890554 5890554 5890554 5890554 5890554 5890554 5890554 5890554 5890554 5890554 5890554 5890554 5890554 5890554 5890554 5890554 4194304 4194304 0 4194304 0 5890554 5311962 5118059 4991400 5229257 4654386 1341922 1345873 0 0
E1 5118059 4991400 5106741 5052872 5095448 5041698 5084180 5030549 5072938 5019425 5061720 5008325 5050526 4997250 5039358 4986200 5028214 4975174 5017095 4964172 5006001 4953194 4994931 4942241 4983885 4931312 4972864 4920407 4961868 4909527 4950895 4898670 4939947 4887838 5890554 5384552
E2 5229257 4654386 5218781 4686135 5208226 4720684 5197601 4750926 5186916 4777269 5176179 4800081 5165396 4819700 5154574 4836426 5143720 4850536 5132838 4862278 5121935 4871877 5111013 4879538 5100077 4885445 5089131 4889766 5078178 4892652 5067220 4894242 5056262 4894659
E3 1341922 1345873 1329741 1333854 1309700 1313895 1282062 1286264 1247085 1251218 1205015 1209009 1164365 1168224 1125086 1128815 1087132 1090735 1050459 1053940 1015023 1018387 980782 984033 947697 950838 915728 918763 901485 904417 921017 923850 973184 975923
E4 0 4654386 4686135 4720684 4750926 4777269 4800081 4819700 4836426 4850536 4862278 4871877 4879538 4885445 4889766 4892652 4894242 0 5229257 5218781 5208226 5197601 5186916 5176179 5165396 5154574 5143720 5132838 5121935 5111013 5100077 5089131 5078178 5067220
F
IN 3454187 4441071 5427955 6414839 7401723 8388607 8388607 8388607 8388607 8388607 8388607 8388607 8388607 8388607 8388607 8388607 3454186 4441071 5427955 6414839 7401723 8388607 8388607 8388607 8388607 8388607 8388607 8388607 8388607 8388607 8388607 8388607 5250029 5250029 5250029 5250029 5250029 5250029 5250029 5250029 5250029 5250029 5250029 5250029 5250029 5250029 5250029 5250029 5890554 5890554 5890554 5890554 5890554 5890554 5890554 5890554 5890554 5890554 5890554 5890554 5890554 5890554 5890554 5890554 4194304 4194304 0 4194304 0 5890554 5384552 4939947 4887838 5056262 4894659 973184 975923 0 0
E1 4939947 4887838 4929023 4742655 4918123 4732167 4907247 4721703 4896396 4711261 4885568 4700843 4874765 4690448 4863985 4680076 4853229 4669727 4842497 4659400 4831789 4649097 4821104 4638816 4810443 4628558 4799805 4618323 4789191 4608110 4778601 4597920 4768034 4587753 5890554 5250029
E2 5056262 4894659 5045304 4894016 5034349 4879757 5023400 4865853 5012457 4852273 5001524 4838988 4990600 4825974 4979687 4813206 4968787 4800664 4957901 4788329 4947029 4776183 4936172 4764211 4925332 4752398 4914509 4740731 4903703 4729199 4892915 4717792 4882146 4706499
E3 973184 975923 1056886 1059532 1171058 1173616 1314674 1317145 1486739 1489127 1686294 1688601 1912411 1914641 2130900 2133054 2342017 2344099 2546012 2548023 2743125 2745068 2933588 2935465 3117625 3119439 3295453 3297206 3467281 3468975 3633313 3634950 3793743 3795325
E4 0 4894659 4894016 4879757 4865853 4852273 4838988 4825974 4813206 4800664 4788329 4776183 4764211 4752398 4740731 4729199 4717792 0 5056262 5045304 5034349 5023400 5012457 5001524 4990600 4979687 4968787 4957901 4947029 4936172 4925332 4914509 4903703 4892915
F
IN 8388607 8388607 8388607 8388607 8388607 8388607 8388607 8388607 8388607 8388607 8388607 8388607 8388607 8388607 8388607 8388607 8388607 8388607 8388607 8388607 8388607 8388607 8388607 8388607 8388607 8388607 8388607 8388607 8388607 8388607 8388607 8388607 5078178 5078178 5078178 5078178 5078178 5078178 5078178 5078178 5078178 5078178 5078178 5078178 5078178 5078178 5078178 5078178 5890554 5890554 5890554 5890554 5890554 5890554 5890554 5890554 5890554 5890554 5890554 5890554 5890554 5890554 5890554 5890554 4194304 4194304 0 4194304 0 5890554 5250029 4768034 4587753 4882146 4706499 3793743 3795325 0 0
E1 4768034 4587753 4757490 4405946 4746969 4396203 4736472 4386482 4725998 4376782 4715548 4367103 4705120 4357446 4694715 4347811 4684334 4338196 4673975 4328603 4663639 4319031 4653327 4309480 4643037 4299950 4632769 4290442 4622525 4280954 4612303 4271488 4602103 4262042 5890554 5078178
E2 4882146 4706499 4871395 4695312 4860665 4668051 4849954 4642441 4839263 4618328 4828592 4595573 4817943 4574049 4807314 4553643 4796706 4534253 4786120 4515782 4775555 4498149 4765012 4481275 4754490 4465090 4743991 4449533 4733513 4434545 4723057 4420076 4712623 4406078
E3 3793743 3795325 3948760 3950289 4098548 4100025 4243283 4244710 4383134 4384513 4518268 4519600 4648842 4650130 4775011 4776255 4896924 4898126 5014723 5015885 5128549 5129671 5238534 5239618 5344808 5345856 5447497 5448510 5546722 5547701 5642599 5643545 5735242 5736156
E4 0 4706499 4695312 4668051 4642441 4618328 4595573 4574049 4553643 4534253 4515782 4498149 4481275 4465090 4449533 4434545 4420076 0 4882146 4871395 4860665 4849954 4839263 4828592 4817943 4807314 4796706 4786120 4775555 4765012 4754490 4743991 4733513 4723057
F
IN 8388607 8388607 8388607 8388607 8388607 8388607 8388607 8388607 8388607 8388607 8388607 8388607 8388607 8388607 8388607 8388607 8388607 8388607 8388607 8388607 8388607 8388607 8388607 8388607 8388607 8388607 8388607 8388607 8388607 8388607 8388607 8388607 4903684 4903684 4903684 4903684 4903684 4903684 4903684 4903684 4903684 4903684 4903684 4903684 4903684 4903684 4903684 4903684 5890554 5890554 5890554 5890554 5890554 5890554 5890554 5890554 5890554 5890554 5890554 5890554 5890554 5890554 5890554 5890554 4194304 4194304 0 4194304 0 5890554 5078178 4602103 4262042 4712623 4406078 5735242 5736156 0 0
E1 4602103 4262042 4591926 4078316 4581771 4069297 4571640 4060299 4561530 4051320 4551443 4042361 4541378 4033422 4531336 4024503 4521316 4015603 4511317 4006723 4501341 3997863 4491388 3989023 4481456 3980202 4471546 3971400 4461657 3962618 4451791 3953855 4441947 3945112 5890554 4903684
E2 4712623 4406078 4702211 4392508 4691821 4362909 4681454 4335249 4671108 4309346 4660785 4285038 4650484 4262176 4640206 4240626 4629949 4220266 4619715 4200985 4609503 4182684 4599314 4165272 4589146 4148668 4579001 4132798 4568878 4117593 4558777 4102993 4548698 4088943
E3 5735242 5736156 5824759 5825642 5911256 5912109 5994834 5995659 6075594 6076390 6153628 6154398 6229030 6229774 6301888 6302607 6372288 6372983 6440313 6440984 6506043 6506691 6569555 6570182 6630925 6631531 6690224 6690809 6747523 6748088 6802888 6803435 6856386 6856914
E4 0 4406078 4392508 4362909 4335249 4309346 4285038 4262176 4240626 4220266 4200985 4182684 4165272 4148668 4132798 4117593 4102993 0 4712623 4702211 4691821 4681454 4671108 4660785 4650484 4640206 4629949 4619715 4609503 4599314 4589146 4579001 4568878 4558777
CFG 15 ATK=64 DEC=64 BOFS=1 WOFS=64
F
IN 0 0 0 0 0 0 0 0 0 0 0 0 0 0 0 0 0 0 0 0 0 0 0 0 0 0 0 0 0 0 0 0 0 0 0 0 0 0 0 0 0 0 0 0 0 0 0 0 5890554 5890554 5890554 5890554 5890554 5890554 5890554 5890554 5890554 5890554 5890554 5890554 5890554 5890554 5890554 5890554 4194304 4194304 65536 4194304 0 0 0 0 0 0 0 0 0 0 0
E1 0 0 5883642 0 5869837 0 5856064 0 5842323 0 5828615 0 5814939 0 5801295 0 5787682 0 5774102 0 5760554 0 5747037 0 5733553 0 5720099 0 5706678 0 5693288 0 5679929 0 5890554 0
E2 0 0 0 0 586406 0 1112990 0 1585719 0 2009963 0 2390557 0 2731856 0 3037778 0 3311853 0 3557259 0 3776855 0 3973218 0 4148665 0 4305286 0 4444958 0 4569376 0
E3 0 0 0 0 0 0 0 0 0 0 0 0 0 0 0 0 0 0 0 0 0 0 0 0 0 0 0 0 0 0 0 0 0 0
E4 0 0 0 0 0 0 0 0 0 0 0 0 0 0 0 0 0 0 0 0 586406 1112990 1585719 2009963 2390557 2731856 3037778 3311853 3557259 3776855 3973218 4148665 4305286 4444958
F
IN 0 0 0 0 0 0 0 0 0 0 493456 1480352 2467248 3454144 4441039 5427935 0 0 0 0 0 0 0 0 0 0 493456 1480352 2467248 3454144 4441039 5427935 0 0 0 0 0 0 0 0 0 0 0 0 0 0 0 0 5890554 5890554 5890554 5890554 5890554 5890554 5890554 5890554 5890554 5890554 5890554 5890554 5890554 5890554 5890554 5890554 4194304 4194304 65536 4194304 0 5890554 0 5679929 0 4569376 0 0 0 0 0
E1 5679929 0 5666601 0 5653305 0 5640040 0 5626806 0 5613604 0 5600432 0 5587291 0 5574181 0 5561102 0 5548053 0 5535035 0 5522048 0 5509091 0 5496165 0 5483268 0 5470402 0 5890554 0
E2 4569376 0 4680061 0 4778387 0 4865587 0 4942775 0 5010950 0 5071015 0 5123781 0 5169978 0 5210263 0 5245230 0 5275412 0 5301288 0 5323290 0 5341809 0 5357193 0 5369758 0
E3 0 0 0 0 0 0 0 0 0 0 0 0 0 0 0 0 0 0 0 0 0 0 16647 16647 66029 66029 147039 147039 258611 258611 399715 399715 569353 569353
E4 0 0 0 0 0 0 0 0 0 0 0 0 0 0 0 0 0 0 4569376 4680061 4778387 4865587 4942775 5010950 5071015 5123781 5169978 5210263 5245230 5275412 5301288 5323290 5341809 5357193
F
IN 6414815 7401711 8388607 7401711 6414815 5427919 4441023 3454128 2467232 1480336 493440 11 34 57 80 103 6414815 7401711 8388607 7401711 6414815 5427919 4441023 3454128 2467232 1480336 493440 12 35 58 81 104 4320540 4320540 4320540 4320540 4320540 4320540 4320540 4320540 4320540 4320540 4320540 4320540 4320540 4320540 4320540 4320540 5890554 5890554 5890554 5890554 5890554 5890554 5890554 5890554 5890554 5890554 5890554 5890554 5890554 5890554 5890554 5890554 4194304 4194304 65536 4194304 0 5890554 0 5470402 0 5369758 0 569353 569353 0 0
E1 5470402 0 5457566 4315470 5444760 4305345 5431985 4295243 5419239 4285164 5406523 4275110 5393837 4265078 5381181 4255071 5368555 4245087 5355958 4235126 5343391 4225189 5330853 4215275 5318345 4205384 5305866 4195517 5293416 4185672 5280996 4175851 5268605 4166053 5890554 4320540
E2 5369758 0 5379788 0 5387540 430110 5393243 816344 5397105 1163076 5399311 1474246 5400029 1753400 5399412 2003732 5397595 2228117 5394701 2429142 5390840 2609140 5386110 2770207 5380603 2914233 5374398 3042918 5367568 3157794 5360177 3260240 5352285 3351496
E3 569353 569353 766562 766562 990413 990413 1240007 1240007 1447886 1447886 1615456 1615456 1744078 1744078 1835065 1835065 1889688 1889688 1909173 1909173 1894705 1894705 1847430 1847430 1785103 1785103 1724880 1724880 1666690 1666689 1610463 1610463 1556134 1556134
E4 0 0 0 430110 816344 1163076 1474246 1753400 2003732 2228117 2429142 2609140 2770207 2914233 3042918 3157794 3260240 0 5369758 5379788 5387540 5393243 5397105 5399311 5400029 5399412 5397595 5394701 5390840 5386110 5380603 5374398 5367568 5360177
F
IN 126 149 172 195 247568 494940 742313 989686 1237059 1484431 1731804 1979177 1979167 1731784 1484400 1237017 127 150 173 196 245383 490570 735756 980943 1226130 1471317 1716504 1961691 1961681 1716483 1471286 1226088 5344628 5344628 5344628 5344628 5344628 5344628 5344628 5344628 5344628 5344628 5344628 5344628 5344628 5344628 5344628 5344628 5890554 5890554 5890554 5890554 5890554 5890554 5890554 5890554 5890554 5890554 5890554 5890554 5890554 5890554 5890554 5890554 4194304 4194304 65536 4194304 0 5890554 4320540 5268605 4166053 5352285 3351496 1556134 1556134 0 0
E1 5268605 4166053 5256242 5179164 5243909 5167011 5231605 5154888 5219329 5142792 5207083 5130725 5194865 5118686 5182676 5106676 5170515 5094694 5158383 5082739 5146279 5070813 5134204 5058915 5122157 5047045 5110139 5035203 5098148 5023388 5086186 5011601 5074252 4999842 5890554 5344628
E2 5352285 3351496 5343944 3432680 5335203 3606747 5326104 3762254 5316686 3901054 5306983 4024815 5297026 4135038 5286844 4233075 5276462 4320145 5265902 4397342 5255186 4465653 5244332 4525968 5233355 4579085 5222273 4625725 5211097 4666537 5199839 4702103 5188512 4732950
E3 1556134 1556134 1503638 1503638 1452915 1452915 1403903 1403903 1356546 1356546 1319059 1319132 1291108 1291326 1272372 1272804 1262540 1263253 1261311 1262369 1268396 1269861 1283514 1285445 1306394 1308850 1328502 1331464 1341591 1344970 1345967 1349674 1341922 1345873
E4 0 3351496 3432680 3606747 3762254 3901054 4024815 4135038 4233075 4320145 4397342 4465653 4525968 4579085 4625725 4666537 4702103 0 5352285 5343944 5335203 5326104 5316686 5306983 5297026 5286844 5276462 5265902 5255186 5244332 5233355 5222273 5211097 5199839
F
IN 989637 742254 494870 247487 103 103 103 102 102 102 102 101 101 493551 1480435 2467319 980894 735696 490499 245301 103 103 102 102 102 101 101 101 100 493550 1480434 2467318 5368069 5368069 5368069 5368069 5368069 5368069 5368069 5368069 5368069 5368069 5368069 5368069 5368069 5368069 5368069 5368069 5890554 5890554 5890554 5890554 5890554 5890554 5890554 5890554 5890554 5890554 5890554 5890554 5890554 5890554 5890554 5890554 4194304 4194304 65536 4194304 0 5890554 5344628 5074252 4999842 5188512 4732950 1341922 1345873 0 0
E1 5074252 4999842 5062345 5011523 5050467 4999764 5038617 4988033 5026794 4976329 5014999 4964653 5003232 4953004 4991492 4941382 4979780 4929787 4968096 4918220 4956439 4906680 4944809 4895167 4933207 4883681 4921631 4872222 4910083 4860790 4898562 4849384 4887068 4838006 5890554 5368069
E2 5188512 4732950 5177124 4759550 5165684 4784663 5154200 4806102 5142681 4824234 5131131 4839393 5119556 4851878 5107962 4861957 5096354 4869873 5084735 4875844 5073110 4880068 5061482 4882720 5049854 4883960 5038228 4883933 5026607 4882765 5014993 4880575 5003389 4877467
E3 1341922 1345873 1329741 1333854 1309700 1313895 1282062 1286264 1247085 1251218 1205015 1209009 1164365 1168224 1125086 1128815 1087132 1090735 1050459 1053940 1015023 1018387 980782 984033 947697 950838 915728 918763 901485 904417 921017 923850 973184 975923
E4 0 4732950 4759550 4784663 4806102 4824234 4839393 4851878 4861957 4869873 4875844 4880068 4882720 4883960 4883933 4882765 4880575 0 5188512 5177124 5165684 5154200 5142681 5131131 5119556 5107962 5096354 5084735 5073110 5061482 5049854 5038228 5026607 5014993
F
IN 3454187 4441071 5427955 6414839 7401723 8388607 8388607 8388607 8388607 8388607 8388607 8388607 8388607 8388607 8388607 8388607 3454186 4441071 5427955 6414839 7401723 8388607 8388607 8388607 8388607 8388607 8388607 8388607 8388607 8388607 8388607 8388607 5211166 5211166 5211166 5211166 5211166 5211166 5211166 5211166 5211166 5211166 5211166 5211166 5211166 5211166 5211166 5211166 5890554 5890554 5890554 5890554 5890554 5890554 5890554 5890554 5890554 5890554 5890554 5890554 5890554 5890554 5890554 5890554 4194304 4194304 65536 4194304 0 5890554 5368069 4887068 4838006 5003389 4877467 973184 975923 0 0
E1 4887068 4838006 4875601 4669935 4864160 4658977 4852747 4648045 4841361 4637139 4830001 4626259 4818668 4615404 4807361 4604574 4796081 4593770 4784828 4582991 4773601 4572238 4762400 4561509 4751226 4550806 4740077 4540128 4728955 4529475 4717859 4518847 4706789 4508244 5890554 5211166
E2 5003389 4877467 4991795 4873534 4980214 4853241 4968648 4833880 4957096 4815358 4945561 4797595 4934044 4780519 4922544 4764062 4911064 4748167 4899604 4732778 4888165 4717849 4876747 4703337 4865350 4689201 4853976 4675408 4842624 4661925 4831295 4648724 4819989 4635779
E3 973184 975923 1056886 1059532 1171058 1173616 1314674 1317145 1486739 1489127 1686294 1688601 1912411 1914641 2130900 2133054 2342017 2344099 2546012 2548023 2743125 2745068 2933588 2935465 3117625 3119439 3295453 3297206 3467281 3468975 3633313 3634950 3793743 3795325
E4 0 4877467 4873534 4853241 4833880 4815358 4797595 4780519 4764062 4748167 4732778 4717849 4703337 4689201 4675408 4661925 4648724 0 5003389 4991795 4980214 4968648 4957096 4945561 4934044 4922544 4911064 4899604 4888165 4876747 4865350 4853976 4842624 4831295
F
IN 8388607 8388607 8388607 8388607 8388607 8388607 8388607 8388607 8388607 8388607 8388607 8388607 8388607 8388607 8388607 8388607 8388607 8388607 8388607 8388607 8388607 8388607 8388607 8388607 8388607 8388607 8388607 8388607 8388607 8388607 8388607 8388607 5026597 5026597 5026597 5026597 5026597 5026597 5026597 5026597 5026597 5026597 5026597 5026597 5026597 5026597 5026597 5026597 5890554 5890554 5890554 5890554 5890554 5890554 5890554 5890554 5890554 5890554 5890554 5890554 5890554 5890554 5890554 5890554 4194304 4194304 65536 4194304 0 5890554 5211166 4706789 4508244 4819989 4635779 3793743 3795325 0 0
E1 4706789 4508244 4695745 4313313 4684726 4303192 4673734 4293095 4662768 4283022 4651827 4272972 4640912 4262946 4630023 4252944 4619159 4242964 4608320 4233009 4597507 4223076 4586720 4213167 4575958 4203282 4565221 4193419 4554509 4183580 4543822 4173763 4533160 4163970 5890554 5026597
E2 4819989 4635779 4808706 4623067 4797448 4592195 4786213 4563391 4775003 4536451 4763816 4511193 4752655 4487450 4741518 4465074 4730405 4443932 4719318 4423902 4708255 4404876 4697217 4386757 4686204 4369456 4675216 4352893 4664253 4336999 4653315 4321708 4642402 4306963
E3 3793743 3795325 3948760 3950289 4098548 4100025 4243283 4244710 4383134 4384513 4518268 4519600 4648842 4650130 4775011 4776255 4896924 4898126 5014723 5015885 5128549 5129671 5238534 5239618 5344808 5345856 5447497 5448510 5546722 5547701 5642599 5643545 5735242 5736156
E4 0 4635779 4623067 4592195 4563391 4536451 4511193 4487450 4465074 4443932 4423902 4404876 4386757 4369456 4352893 4336999 4321708 0 4819989 4808706 4797448 4786213 4775003 4763816 4752655 4741518 4730405 4719318 4708255 4697217 4686204 4675216 4664253 4653315
F
IN 8388607 8388607 8388607 8388607 8388607 8388607 8388607 8388607 8388607 8388607 8388607 8388607 8388607 8388607 8388607 8388607 8388607 8388607 8388607 8388607 8388607 8388607 8388607 8388607 8388607 8388607 8388607 8388607 8388607 8388607 8388607 8388607 4842601 4842601 4842601 4842601 4842601 4842601 4842601 4842601 4842601 4842601 4842601 4842601 4842601 4842601 4842601 4842601 5890554 5890554 5890554 5890554 5890554 5890554 5890554 5890554 5890554 5890554 5890554 5890554 5890554 5890554 5890554 5890554 4194304 4194304 65536 4194304 0 5890554 5026597 4533160 4163970 4642402 4306963 5735242 5736156 0 0
E1 4533160 4163970 4522523 3970419 4511911 3961103 4501325 3951809 4490763 3942536 4480226 3933285 4469713 3924056 4459225 3914849 4448762 3905663 4438324 3896499 4427910 3887356 4417520 3878235 4407155 3869135 4396814 3860056 4386497 3850999 4376205 3841963 4365936 3832948 5890554 4842601
E2 4642402 4306963 4631514 4292711 4620651 4260589 4609813 4230740 4599000 4202940 4588213 4176986 4577450 4152697 4566712 4129909 4555999 4108474 4545311 4088261 4534648 4069149 4524010 4051030 4513396 4033808 4502807 4017395 4492243 4001714 4481704 3986692 4471189 3972268
E3 5735242 5736156 5824759 5825642 5911256 5912109 5994834 5995659 6075594 6076390 6153628 6154398 6229030 6229774 6301888 6302607 6372288 6372983 6440313 6440984 6506043 6506691 6569555 6570182 6630925 6631531 6690224 6690809 6747523 6748088 6802888 6803435 6856386 6856914
E4 0 4306963 4292711 4260589 4230740 4202940 4176986 4152697 4129909 4108474 4088261 4069149 4051030 4033808 4017395 4001714 3986692 0 4642402 4631514 4620651 4609813 4599000 4588213 4577450 4566712 4555999 4545311 4534648 4524010 4513396 4502807 4492243 4481704
CFG 16 ATK=64 DEC=64 BOFS=32 WOFS=64
F
IN 0 0 0 0 0 0 0 0 0 0 0 0 0 0 0 0 0 0 0 0 0 0 0 0 0 0 0 0 0 0 0 0 0 0 0 0 0 0 0 0 0 0 0 0 0 0 0 0 5890554 5890554 5890554 5890554 5890554 5890554 5890554 5890554 5890554 5890554 5890554 5890554 5890554 5890554 5890554 5890554 4194304 4194304 2097152 4194304 0 0 0 0 0 0 0 0 0 0 0
E1 0 0 5847272 0 5761346 0 5676683 0 5593264 0 5511071 0 5430085 0 5350290 0 5271667 0 5194200 0 5117871 0 5042663 0 4968561 0 4895548 0 4823607 0 4752724 0 4682883 0 5890554 0
E2 0 0 0 0 2781846 0 4199347 0 4902191 0 5230970 0 5364228 0 5395560 0 5374022 0 5325327 0 5262943 0 5193925 0 5121962 0 5048981 0 4975985 0 4903491 0 4831764 0
E3 0 0 0 0 0 0 0 0 0 0 0 0 0 0 0 0 0 0 0 0 0 0 0 0 0 0 0 0 0 0 0 0 0 0
E4 0 0 0 0 0 0 0 0 0 0 0 0 0 0 0 0 0 0 0 0 2781846 4199347 4902191 5230970 5364228 5395560 5374022 5325327 5262943 5193925 5121962 5048981 4975985 4903491
F
IN 0 0 0 0 0 0 0 0 0 0 493456 1480352 2467248 3454144 4441039 5427935 0 0 0 0 0 0 0 0 0 0 493456 1480352 2467248 3454144 4441039 5427935 0 0 0 0 0 0 0 0 0 0 0 0 0 0 0 0 5890554 5890554 5890554 5890554 5890554 5890554 5890554 5890554 5890554 5890554 5890554 5890554 5890554 5890554 5890554 5890554 4194304 4194304 2097152 4194304 0 5890554 0 4682883 0 4831764 0 0 0 0 0
E1 4682883 0 4614067 0 4546263 0 4479456 0 4413630 0 4348771 0 4284866 0 4221900 0 4159859 0 4098729 0 4038498 0 3979152 0 3920679 0 3863064 0 3806296 0 3750362 0 3695251 0 5890554 0
E2 4831764 0 4760933 0 4691062 0 4622173 0 4554275 0 4487363 0 4421428 0 4356459 0 4292442 0 4229365 0 4167215 0 4105978 0 4045640 0 3986190 0 3927613 0 3869896 0 3813028 0
E3 0 0 0 0 0 0 0 0 0 0 0 0 0 0 0 0 0 0 0 0 0 0 16647 16647 66029 66029 147039 147039 258611 258611 399715 399715 569353 569353
E4 0 0 0 0 0 0 0 0 0 0 0 0 0 0 0 0 0 0 4831764 4760933 4691062 4622173 4554275 4487363 4421428 4356459 4292442 4229365 4167215 4105978 4045640 3986190 3927613 3869896
F
IN 6414815 7401711 8388607 7401711 6414815 5427919 4441023 3454128 2467232 1480336 493440 11 34 57 80 103 6414815 7401711 8388607 7401711 6414815 5427919 4441023 3454128 2467232 1480336 493440 12 35 58 81 104 4975218 4975218 4975218 4975218 4975218 4975218 4975218 4975218 4975218 4975218 4975218 4975218 4975218 4975218 4975218 4975218 5890554 5890554 5890554 5890554 5890554 5890554 5890554 5890554 5890554 5890554 5890554 5890554 5890554 5890554 5890554 5890554 4194304 4194304 2097152 4194304 0 5890554 0 3695251 0 3813028 0 569353 569353 0 0
E1 3695251 0 3640949 4938662 3587445 4866088 3534727 4794580 3482784 4724124 3431604 4654703 3381177 4586301 3331490 4518906 3282534 4452500 3234297 4387070 3186769 4322602 3139939 4259081 3093797 4196494 3048334 4134826 3003538 4074065 2959401 4014196 2915913 3955207 5890554 4975218
E2 3813028 0 3756995 0 3701786 2349574 3647388 3546808 3593789 4140437 3540979 4418127 3488943 4530678 3437674 4557141 3387156 4538951 3337382 4497821 3288340 4445131 3240017 4386838 3192405 4326058 3145492 4264417 3099269 4202764 3053725 4141536 3008850 4080953
E3 569353 569353 766562 766562 990413 990413 1240007 1240007 1447886 1447886 1615456 1615456 1744078 1744078 1835065 1835065 1889688 1889688 1909173 1909173 1894705 1894705 1847430 1847430 1785103 1785103 1724880 1724880 1666690 1666689 1610463 1610463 1556134 1556134
E4 0 0 0 2349574 3546808 4140437 4418127 4530678 4557141 4538951 4497821 4445131 4386838 4326058 4264417 4202764 4141536 0 3813028 3756995 3701786 3647388 3593789 3540979 3488943 3437674 3387156 3337382 3288340 3240017 3192405 3145492 3099269 3053725
F
IN 126 149 172 195 247568 494940 742313 989686 1237059 1484431 1731804 1979177 1979167 1731784 1484400 1237017 127 150 173 196 245383 490570 735756 980943 1226130 1471317 1716504 1961691 1961681 1716483 1471286 1226088 3926764 3926764 3926764 3926764 3926764 3926764 3926764 3926764 3926764 3926764 3926764 3926764 3926764 3926764 3926764 3926764 5890554 5890554 5890554 5890554 5890554 5890554 5890554 5890554 5890554 5890554 5890554 5890554 5890554 5890554 5890554 5890554 4194304 4194304 2097152 4194304 0 5890554 4975218 2915913 3955207 3008850 4080953 1556134 1556134 0 0
E1 2915913 3955207 2873063 2856334 2830843 2814360 2789244 2773003 2748256 2732254 2707870 2692103 2668078 2652542 2628870 2613563 2590239 2575157 2552175 2537315 2514671 2500029 2477718 2463291 2441307 2427093 2405432 2391426 2370084 2356284 2335256 2321658 2300939 2287542 5890554 3926764
E2 3008850 4080953 2964635 4021129 2921069 3466976 2878144 3156493 2835850 2974047 2794177 2859014 2753116 2779606 2712659 2719155 2672796 2668920 2633520 2624312 2594820 2582923 2556689 2543486 2519118 2505333 2482100 2468110 2445625 2431628 2409686 2395783 2374276 2360518
E3 1556134 1556134 1503638 1503638 1452915 1452915 1403903 1403903 1356546 1356546 1319059 1319132 1291108 1291326 1272372 1272804 1262540 1263253 1261311 1262369 1268396 1269861 1283514 1285445 1306394 1308850 1328502 1331464 1341591 1344970 1345967 1349674 1341922 1345873
E4 0 4080953 4021129 3466976 3156493 2974047 2859014 2779606 2719155 2668920 2624312 2582923 2543486 2505333 2468110 2431628 2395783 0 3008850 2964635 2921069 2878144 2835850 2794177 2753116 2712659 2672796 2633520 2594820 2556689 2519118 2482100 2445625 2409686
F
IN 989637 742254 494870 247487 103 103 103 102 102 102 102 101 101 493551 1480435 2467319 980894 735696 490499 245301 103 103 102 102 102 101 101 101 100 493550 1480434 2467318 3098600 3098600 3098600 3098600 3098600 3098600 3098600 3098600 3098600 3098600 3098600 3098600 3098600 3098600 3098600 3098600 5890554 5890554 5890554 5890554 5890554 5890554 5890554 5890554 5890554 5890554 5890554 5890554 5890554 5890554 5890554 5890554 4194304 4194304 2097152 4194304 0 5890554 3926764 2300939 2287542 2374276 2360518 1341922 1345873 0 0
E1 2300939 2287542 2267126 1431847 2233811 1410806 2200985 1390074 2168641 1369647 2136773 1349520 2105373 1329689 2074434 1310149 2043950 1290896 2013914 1271926 1984320 1253235 1955160 1234819 1926429 1216673 1898120 1198794 1870227 1181178 1842744 1163820 1815665 1146718 5890554 3098600
E2 2374276 2360518 2339385 2325799 2305008 1900500 2271136 1667528 2237762 1535529 2204877 1456610 2172477 1405662 2140552 1369518 2109096 1341273 2078103 1317306 2047565 1295716 2017476 1275506 1987829 1256149 1958618 1237368 1929836 1219017 1901477 1201015 1873535 1183319
E3 1341922 1345873 1329741 1333854 1309700 1313895 1282062 1286264 1247085 1251218 1205015 1209009 1164365 1168224 1125086 1128815 1087132 1090735 1050459 1053940 1015023 1018387 980782 984033 947697 950838 915728 918763 901485 904417 921017 923850 973184 975923
E4 0 2360518 2325799 1900500 1667528 1535529 1456610 1405662 1369518 1341273 1317306 1295716 1275506 1256149 1237368 1219017 1201015 0 2374276 2339385 2305008 2271136 2237762 2204877 2172477 2140552 2109096 2078103 2047565 2017476 1987829 1958618 1929836 1901477
F
IN 3454187 4441071 5427955 6414839 7401723 8388607 8388607 8388607 8388607 8388607 8388607 8388607 8388607 8388607 8388607 8388607 3454186 4441071 5427955 6414839 7401723 8388607 8388607 8388607 8388607 8388607 8388607 8388607 8388607 8388607 8388607 8388607 2445096 2445096 2445096 2445096 2445096 2445096 2445096 2445096 2445096 2445096 2445096 2445096 2445096 2445096 2445096 2445096 5890554 5890554 5890554 5890554 5890554 5890554 5890554 5890554 5890554 5890554 5890554 5890554 5890554 5890554 5890554 5890554 4194304 4194304 2097152 4194304 0 5890554 3098600 1815665 1146718 1873535 1183319 973184 975923 0 0
E1 1815665 1146718 1788983 481164 1762694 474093 1736791 467127 1711269 460262 1686122 453499 1661344 446834 1636931 440268 1612876 433798 1589174 427424 1565822 421143 1542812 414954 1520140 408856 1497801 402848 1475791 396928 1454104 391095 1432736 385348 5890554 2445096
E2 1873535 1183319 1846003 1165906 1818875 840139 1792147 665992 1765812 571382 1739863 518516 1714295 487584 1689104 468197 1664282 454910 1639826 444866 1615728 436568 1591985 429230 1568591 422438 1545541 415976 1522828 409730 1500450 403640 1478401 397672
E3 973184 975923 1056886 1059532 1171058 1173616 1314674 1317145 1486739 1489127 1686294 1688601 1912411 1914641 2130900 2133054 2342017 2344099 2546012 2548023 2743125 2745068 2933588 2935465 3117625 3119439 3295453 3297206 3467281 3468975 3633313 3634950 3793743 3795325
E4 0 1183319 1165906 840139 665992 571382 518516 487584 468197 454910 444866 436568 429230 422438 415976 409730 403640 0 1873535 1846003 1818875 1792147 1765812 1739863 1714295 1689104 1664282 1639826 1615728 1591985 1568591 1545541 1522828 1500450
F
IN 8388607 8388607 8388607 8388607 8388607 8388607 8388607 8388607 8388607 8388607 8388607 8388607 8388607 8388607 8388607 8388607 8388607 8388607 8388607 8388607 8388607 8388607 8388607 8388607 8388607 8388607 8388607 8388607 8388607 8388607 8388607 8388607 1929419 1929419 1929419 1929419 1929419 1929419 1929419 1929419 1929419 1929419 1929419 1929419 1929419 1929419 1929419 1929419 5890554 5890554 5890554 5890554 5890554 5890554 5890554 5890554 5890554 5890554 5890554 5890554 5890554 5890554 5890554 5890554 4194304 4194304 2097152 4194304 0 5890554 2445096 1432736 385348 1478401 397672 3793743 3795325 0 0
E1 1432736 385348 1411681 16645013 1390937 16646956 1370497 16648870 1350357 16650756 1330514 16652614 1310962 16654445 1291697 16656249 1272716 16658027 1254013 16659778 1235585 16661504 1217428 16663204 1199538 16664880 1181911 16666531 1164542 16668157 1147429 16669760 1130568 16671339 5890554 1929419
E2 1478401 397672 1456675 391808 1435269 142510 1414178 12739 1393397 16722834 1372921 16688542 1352746 16671450 1332867 16663359 1313280 16659977 1293982 16659049 1274966 16659396 1256231 16660399 1237770 16661733 1219581 16663230 1201660 16664801 1184001 16666398 1166602 16667997
E3 3793743 3795325 3948760 3950289 4098548 4100025 4243283 4244710 4383134 4384513 4518268 4519600 4648842 4650130 4775011 4776255 4896924 4898126 5014723 5015885 5128549 5129671 5238534 5239618 5344808 5345856 5447497 5448510 5546722 5547701 5642599 5643545 5735242 5736156
E4 0 397672 391808 142510 12739 16722834 16688542 16671450 16663359 16659977 16659049 16659396 16660399 16661733 16663230 16664801 16666398 0 1478401 1456675 1435269 1414178 1393397 1372921 1352746 1332867 1313280 1293982 1274966 1256231 1237770 1219581 1201660 1184001
F
IN 8388607 8388607 8388607 8388607 8388607 8388607 8388607 8388607 8388607 8388607 8388607 8388607 8388607 8388607 8388607 8388607 8388607 8388607 8388607 8388607 8388607 8388607 8388607 8388607 8388607 8388607 8388607 8388607 8388607 8388607 8388607 8388607 1522499 1522499 1522499 1522499 1522499 1522499 1522499 1522499 1522499 1522499 1522499 1522499 1522499 1522499 1522499 1522499 5890554 5890554 5890554 5890554 5890554 5890554 5890554 5890554 5890554 5890554 5890554 5890554 5890554 5890554 5890554 5890554 4194304 4194304 2097152 4194304 0 5890554 1929419 1130568 16671339 1166602 16667997 5735242 5736156 0 0
E1 1130568 16671339 1113954 16268964 1097584 16276433 1081455 16283792 1065563 16291043 1049905 16298187 1034476 16305227 1019274 16312163 1004296 16318997 989538 16325730 974997 16332365 960669 16338902 946552 16345343 932642 16351689 918937 16357942 905433 16364104 892128 16370174 5890554 1522499
E2 1166602 16667997 1149458 16669586 1132567 16478990 1115924 16382623 1099525 16335604 1083368 16314404 1067448 16306689 1051761 16305994 1036306 16308929 1021077 16313718 1006072 16319433 991288 16325586 976721 16331921 962368 16338306 948226 16344673 934292 16350986 920562 16357227
E3 5735242 5736156 5824759 5825642 5911256 5912109 5994834 5995659 6075594 6076390 6153628 6154398 6229030 6229774 6301888 6302607 6372288 6372983 6440313 6440984 6506043 6506691 6569555 6570182 6630925 6631531 6690224 6690809 6747523 6748088 6802888 6803435 6856386 6856914
E4 0 16667997 16669586 16478990 16382623 16335604 16314404 16306689 16305994 16308929 16313718 16319433 16325586 16331921 16338306 16344673 16350986 0 1166602 1149458 1132567 1115924 1099525 1083368 1067448 1051761 1036306 1021077 1006072 991288 976721 962368 948226 934292
CFG 17 ATK=64 DEC=64 BOFS=64 WOFS=64
F
IN 0 0 0 0 0 0 0 0 0 0 0 0 0 0 0 0 0 0 0 0 0 0 0 0 0 0 0 0 0 0 0 0 0 0 0 0 0 0 0 0 0 0 0 0 0 0 0 0 5890554 5890554 5890554 5890554 5890554 5890554 5890554 5890554 5890554 5890554 5890554 5890554 5890554 5890554 5890554 5890554 4194304 4194304 4194304 4194304 0 0 0 0 0 0 0 0 0 0 0
E1 0 0 5613086 0 5084292 0 4605314 0 4171459 0 3778477 0 3422516 0 3100090 0 2808039 0 2543501 0 2303884 0 2086841 0 1890245 0 1712170 0 1550871 0 1404767 0 1272428 0 5890554 0
E2 0 0 0 0 5119166 0 5087360 0 4647732 0 4213368 0 3816745 0 3457206 0 3131514 0 2836503 0 2569284 0 2327237 0 2107995 0 1909406 0 1729525 0 1566592 0 1419006 0
E3 0 0 0 0 0 0 0 0 0 0 0 0 0 0 0 0 0 0 0 0 0 0 0 0 0 0 0 0 0 0 0 0 0 0
E4 0 0 0 0 0 0 0 0 0 0 0 0 0 0 0 0 0 0 0 0 5119166 5087360 4647732 4213368 3816745 3457206 3131514 2836503 2569284 2327237 2107995 1909406 1729525 1566592
F
IN 0 0 0 0 0 0 0 0 0 0 493456 1480352 2467248 3454144 4441039 5427935 0 0 0 0 0 0 0 0 0 0 493456 1480352 2467248 3454144 4441039 5427935 0 0 0 0 0 0 0 0 0 0 0 0 0 0 0 0 5890554 5890554 5890554 5890554 5890554 5890554 5890554 5890554 5890554 5890554 5890554 5890554 5890554 5890554 5890554 5890554 4194304 4194304 4194304 4194304 0 5890554 0 1272428 0 1419006 0 0 0 0 0
E1 1272428 0 1152555 0 1043976 0 945626 0 856541 0 775848 0 702758 0 636553 0 576585 0 522266 0 473065 0 428499 0 388131 0 351566 0 318446 0 288446 0 261272 0 5890554 0
E2 1419006 0 1285326 0 1164238 0 1054558 0 955211 0 865224 0 783712 0 709882 0 643005 0 582430 0 527560 0 477860 0 432843 0 392065 0 355130 0 321674 0 291370 0
E3 0 0 0 0 0 0 0 0 0 0 0 0 0 0 0 0 0 0 0 0 0 0 16647 16647 66029 66029 147039 147039 258611 258611 399715 399715 569353 569353
E4 0 0 0 0 0 0 0 0 0 0 0 0 0 0 0 0 0 0 1419006 1285326 1164238 1054558 955211 865224 783712 709882 643005 582430 527560 477860 432843 392065 355130 321674
F
IN 6414815 7401711 8388607 7401711 6414815 5427919 4441023 3454128 2467232 1480336 493440 11 34 57 80 103 6414815 7401711 8388607 7401711 6414815 5427919 4441023 3454128 2467232 1480336 493440 12 35 58 81 104 1714178 1714178 1714178 1714178 1714178 1714178 1714178 1714178 1714178 1714178 1714178 1714178 1714178 1714178 1714178 1714178 5890554 5890554 5890554 5890554 5890554 5890554 5890554 5890554 5890554 5890554 5890554 5890554 5890554 5890554 5890554 5890554 4194304 4194304 4194304 4194304 0 5890554 0 261272 0 291370 0 569353 569353 0 0
E1 261272 0 236658 1633433 214363 1479552 194168 1340167 175876 1213913 159307 1099554 144299 995968 130705 902140 118392 817152 107239 740170 97136 670441 87985 607280 79696 550070 72188 498249 65388 451310 59228 408794 53648 370282 5890554 1714178
E2 291370 0 263920 0 239057 1489700 216536 1480445 196136 1352510 177659 1226109 160922 1110690 145761 1006063 132030 911285 119592 825435 108326 747673 98121 677237 88877 613435 80504 555646 72920 503300 66050 455885 59829 412937
E3 569353 569353 766562 766562 990413 990413 1240007 1240007 1447886 1447886 1615456 1615456 1744078 1744078 1835065 1835065 1889688 1889688 1909173 1909173 1894705 1894705 1847430 1847430 1785103 1785103 1724880 1724880 1666690 1666689 1610463 1610463 1556134 1556134
E4 0 0 0 1489700 1480445 1352510 1226109 1110690 1006063 911285 825435 747673 677237 613435 555646 503300 455885 0 291370 263920 239057 216536 196136 177659 160922 145761 132030 119592 108326 98121 88877 80504 72920 66050
F
IN 126 149 172 195 247568 494940 742313 989686 1237059 1484431 1731804 1979177 1979167 1731784 1484400 1237017 127 150 173 196 245383 490570 735756 980943 1226130 1471317 1716504 1961691 1961681 1716483 1471286 1226088 351978 351978 351978 351978 351978 351978 351978 351978 351978 351978 351978 351978 351978 351978 351978 351978 5890554 5890554 5890554 5890554 5890554 5890554 5890554 5890554 5890554 5890554 5890554 5890554 5890554 5890554 5890554 5890554 4194304 4194304 4194304 4194304 0 5890554 1714178 53648 370282 59829 412937 1556134 1556134 0 0
E1 53648 370282 48593 15814579 44016 15905266 39869 15987411 36113 16061816 32711 16129212 29629 16190259 26838 16245555 24310 16295641 22020 16341009 19945 16382103 18066 16419325 16364 16453041 14823 16483581 13426 16511244 12161 16536300 11016 16558996 5890554 351978
E2 59829 412937 54191 374035 49086 15932198 44462 15907636 40273 15980392 36479 16054651 33043 16122651 29929 16184310 27110 16240165 24557 16290760 22243 16336587 20147 16378098 18249 16415697 16530 16449755 14973 16480605 13562 16508548 12285 16533858
E3 1556134 1556134 1503638 1503638 1452915 1452915 1403903 1403903 1356546 1356546 1319059 1319132 1291108 1291326 1272372 1272804 1262540 1263253 1261311 1262369 1268396 1269861 1283514 1285445 1306394 1308850 1328502 1331464 1341591 1344970 1345967 1349674 1341922 1345873
E4 0 412937 374035 15932198 15907636 15980392 16054651 16122651 16184310 16240165 16290760 16336587 16378098 16415697 16449755 16480605 16508548 0 59829 54191 49086 44462 40273 36479 33043 29929 27110 24557 22243 20147 18249 16530 14973 13562
F
IN 989637 742254 494870 247487 103 103 103 102 102 102 102 101 101 493551 1480435 2467319 980894 735696 490499 245301 103 103 102 102 102 101 101 101 100 493550 1480434 2467318 72271 72271 72271 72271 72271 72271 72271 72271 72271 72271 72271 72271 72271 72271 72271 72271 5890554 5890554 5890554 5890554 5890554 5890554 5890554 5890554 5890554 5890554 5890554 5890554 5890554 5890554 5890554 5890554 4194304 4194304 4194304 4194304 0 5890554 351978 11016 16558996 12285 16533858 1341922 1345873 0 0
E1 11016 16558996 9978 16313022 9038 16356752 8186 16396363 7415 16432242 6717 16464741 6084 16494179 5511 16520843 4991 16544995 4521 16566872 4095 16586688 3710 16604637 3360 16620895 3043 16635622 2757 16648961 2497 16661044 2262 16671988 5890554 72271
E2 12285 16533858 11127 16556783 10079 16334472 9130 16354792 8269 16392705 7490 16428763 6785 16461575 6146 16491310 5567 16518244 5041 16542641 4567 16564740 4137 16584757 3747 16602887 3394 16619311 3074 16634186 2785 16647661 2522 16659867
E3 1341922 1345873 1329741 1333854 1309700 1313895 1282062 1286264 1247085 1251218 1205015 1209009 1164365 1168224 1125086 1128815 1087132 1090735 1050459 1053940 1015023 1018387 980782 984033 947697 950838 915728 918763 901485 904417 921017 923850 973184 975923
E4 0 16533858 16556783 16334472 16354792 16392705 16428763 16461575 16491310 16518244 16542641 16564740 16584757 16602887 16619311 16634186 16647661 0 12285 11127 10079 9130 8269 7490 6785 6146 5567 5041 4567 4137 3747 3394 3074 2785
F
IN 3454187 4441071 5427955 6414839 7401723 8388607 8388607 8388607 8388607 8388607 8388607 8388607 8388607 8388607 8388607 8388607 3454186 4441071 5427955 6414839 7401723 8388607 8388607 8388607 8388607 8388607 8388607 8388607 8388607 8388607 8388607 8388607 14839 14839 14839 14839 14839 14839 14839 14839 14839 14839 14839 14839 14839 14839 14839 14839 5890554 5890554 5890554 5890554 5890554 5890554 5890554 5890554 5890554 5890554 5890554 5890554 5890554 5890554 5890554 5890554 4194304 4194304 4194304 4194304 0 5890554 72271 2262 16671988 2522 16659867 973184 975923 0 0
E1 2262 16671988 2048 16627174 1855 16641309 1681 16654113 1522 16665710 1379 16676214 1249 16685730 1131 16694348 1025 16702155 928 16709226 841 16715631 762 16721433 690 16726688 625 16731449 566 16735760 513 16739666 464 16743203 5890554 14839
E2 2522 16659867 2284 16670921 2069 16631023 1874 16640404 1698 16652907 1537 16664583 1393 16675191 1262 16684803 1143 16693508 1035 16701394 937 16708537 850 16715006 770 16720868 697 16726176 631 16730985 572 16735340 518 16739285
E3 973184 975923 1056886 1059532 1171058 1173616 1314674 1317145 1486739 1489127 1686294 1688601 1912411 1914641 2130900 2133054 2342017 2344099 2546012 2548023 2743125 2745068 2933588 2935465 3117625 3119439 3295453 3297206 3467281 3468975 3633313 3634950 3793743 3795325
E4 0 16659867 16670921 16631023 16640404 16652907 16664583 16675191 16684803 16693508 16701394 16708537 16715006 16720868 16726176 16730985 16735340 0 2522 2284 2069 1874 1698 1537 1393 1262 1143 1035 937 850 770 697 631 572
F
IN 8388607 8388607 8388607 8388607 8388607 8388607 8388607 8388607 8388607 8388607 8388607 8388607 8388607 8388607 8388607 8388607 8388607 8388607 8388607 8388607 8388607 8388607 8388607 8388607 8388607 8388607 8388607 8388607 8388607 8388607 8388607 8388607 3048 3048 3048 3048 3048 3048 3048 3048 3048 3048 3048 3048 3048 3048 3048 3048 5890554 5890554 5890554 5890554 5890554 5890554 5890554 5890554 5890554 5890554 5890554 5890554 5890554 5890554 5890554 5890554 4194304 4194304 4194304 4194304 0 5890554 14839 464 16743203 518 16739285 3793743 3795325 0 0
E1 464 16743203 420 16735171 380 16739132 344 16742720 312 16745970 283 16748913 256 16751580 232 16753995 210 16756182 190 16758164 172 16759959 156 16761584 141 16763057 128 16764391 116 16765599 105 16766694 95 16767685 5890554 3048
E2 518 16739285 468 16742858 424 16735847 384 16738843 348 16742379 315 16745654 286 16748626 258 16751320 235 16753760 212 16755969 192 16757971 174 16759784 157 16761425 143 16762914 129 16764261 117 16765481 106 16766587
E3 3793743 3795325 3948760 3950289 4098548 4100025 4243283 4244710 4383134 4384513 4518268 4519600 4648842 4650130 4775011 4776255 4896924 4898126 5014723 5015885 5128549 5129671 5238534 5239618 5344808 5345856 5447497 5448510 5546722 5547701 5642599 5643545 5735242 5736156
E4 0 16739285 16742858 16735847 16738843 16742379 16745654 16748626 16751320 16753760 16755969 16757971 16759784 16761425 16762914 16764261 16765481 0 518 468 424 384 348 315 286 258 235 212 192 174 157 143 129 117
F
IN 8388607 8388607 8388607 8388607 8388607 8388607 8388607 8388607 8388607 8388607 8388607 8388607 8388607 8388607 8388607 8388607 8388607 8388607 8388607 8388607 8388607 8388607 8388607 8388607 8388607 8388607 8388607 8388607 8388607 8388607 8388607 8388607 626 626 626 626 626 626 626 626 626 626 626 626 626 626 626 626 5890554 5890554 5890554 5890554 5890554 5890554 5890554 5890554 5890554 5890554 5890554 5890554 5890554 5890554 5890554 5890554 4194304 4194304 4194304 4194304 0 5890554 3048 95 16767685 106 16766587 5735242 5736156 0 0
E1 95 16767685 86 16766274 77 16767305 70 16768239 64 16769085 58 16769851 52 16770545 47 16771173 43 16771742 39 16772258 35 16772725 32 16773148 29 16773531 26 16773879 24 16774193 21 16774478 19 16774736 5890554 626
E2 106 16766587 95 16767588 87 16766390 78 16767224 71 16768150 64 16769002 59 16769777 53 16770477 47 16771112 43 16771686 40 16772208 35 16772680 33 16773106 29 16773494 26 16773845 24 16774163 22 16774450
E3 5735242 5736156 5824759 5825642 5911256 5912109 5994834 5995659 6075594 6076390 6153628 6154398 6229030 6229774 6301888 6302607 6372288 6372983 6440313 6440984 6506043 6506691 6569555 6570182 6630925 6631531 6690224 6690809 6747523 6748088 6802888 6803435 6856386 6856914
E4 0 16766587 16767588 16766390 16767224 16768150 16769002 16769777 16770477 16771112 16771686 16772208 16772680 16773106 16773494 16773845 16774163 0 106 95 87 78 71 64 59 53 47 43 40 35 33 29 26 24
CFG 18 ATK=64 DEC=64 BOFS=96 WOFS=64
F
IN 0 0 0 0 0 0 0 0 0 0 0 0 0 0 0 0 0 0 0 0 0 0 0 0 0 0 0 0 0 0 0 0 0 0 0 0 0 0 0 0 0 0 0 0 0 0 0 0 5890554 5890554 5890554 5890554 5890554 5890554 5890554 5890554 5890554 5890554 5890554 5890554 5890554 5890554 5890554 5890554 4194304 4194304 6291456 4194304 0 0 0 0 0 0 0 0 0 0 0
E1 0 0 4489335 0 2353528 0 1233835 0 646836 0 339103 0 177774 0 93198 0 48859 0 25614 0 13429 0 7040 0 3690 0 1935 0 1014 0 532 0 279 0 5890554 0
E2 0 0 0 0 2885813 0 2543652 0 1701682 0 1023610 0 583599 0 322728 0 175183 0 93980 0 50033 0 26503 0 13992 0 7370 0 3876 0 2037 0 1069 0
E3 0 0 0 0 0 0 0 0 0 0 0 0 0 0 0 0 0 0 0 0 0 0 0 0 0 0 0 0 0 0 0 0 0 0
E4 0 0 0 0 0 0 0 0 0 0 0 0 0 0 0 0 0 0 0 0 2885813 2543652 1701682 1023610 583599 322728 175183 93980 50033 26503 13992 7370 3876 2037
F
IN 0 0 0 0 0 0 0 0 0 0 493456 1480352 2467248 3454144 4441039 5427935 0 0 0 0 0 0 0 0 0 0 493456 1480352 2467248 3454144 4441039 5427935 0 0 0 0 0 0 0 0 0 0 0 0 0 0 0 0 5890554 5890554 5890554 5890554 5890554 5890554 5890554 5890554 5890554 5890554 5890554 5890554 5890554 5890554 5890554 5890554 4194304 4194304 6291456 4194304 0 5890554 0 279 0 1069 0 0 0 0 0
E1 279 0 146 0 76 0 40 0 21 0 11 0 6 0 3 0 2 0 1 0 0 0 0 0 0 0 0 0 0 0 0 0 0 0 5890554 0
E2 1069 0 561 0 294 0 154 0 80 0 43 0 22 0 12 0 6 0 3 0 2 0 1 0 0 0 0 0 0 0 0 0 0 0
E3 0 0 0 0 0 0 0 0 0 0 0 0 0 0 0 0 0 0 0 0 0 0 16647 16647 66029 66029 147039 147039 258611 258611 399715 399715 569353 569353
E4 0 0 0 0 0 0 0 0 0 0 0 0 0 0 0 0 0 0 1069 561 294 154 80 43 22 12 6 3 2 1 0 0 0 0
F
IN 6414815 7401711 8388607 7401711 6414815 5427919 4441023 3454128 2467232 1480336 493440 11 34 57 80 103 6414815 7401711 8388607 7401711 6414815 5427919 4441023 3454128 2467232 1480336 493440 12 35 58 81 104 3005 3005 3005 3005 3005 3005 3005 3005 3005 3005 3005 3005 3005 3005 3005 3005 5890554 5890554 5890554 5890554 5890554 5890554 5890554 5890554 5890554 5890554 5890554 5890554 5890554 5890554 5890554 5890554 4194304 4194304 6291456 4194304 0 5890554 0 0 0 0 0 569353 569353 0 0
E1 0 0 0 2290 0 1200 0 629 0 330 0 173 0 91 0 47 0 25 0 13 0 7 0 4 0 2 0 1 0 0 0 0 0 0 5890554 3005
E2 0 0 0 0 0 1472 0 1297 0 867 0 522 0 298 0 165 0 89 0 48 0 25 0 14 0 7 0 4 0 2 0 1 0 0
E3 569353 569353 766562 766562 990413 990413 1240007 1240007 1447886 1447886 1615456 1615456 1744078 1744078 1835065 1835065 1889688 1889688 1909173 1909173 1894705 1894705 1847430 1847430 1785103 1785103 1724880 1724880 1666690 1666689 1610463 1610463 1556134 1556134
E4 0 0 0 1472 1297 867 522 298 165 89 48 25 14 7 4 2 1 0 0 0 0 0 0 0 0 0 0 0 0 0 0 0 0 0
F
IN 126 149 172 195 247568 494940 742313 989686 1237059 1484431 1731804 1979177 1979167 1731784 1484400 1237017 127 150 173 196 245383 490570 735756 980943 1226130 1471317 1716504 1961691 1961681 1716483 1471286 1226088 0 0 0 0 0 0 0 0 0 0 0 0 0 0 0 0 5890554 5890554 5890554 5890554 5890554 5890554 5890554 5890554 5890554 5890554 5890554 5890554 5890554 5890554 5890554 5890554 4194304 4194304 6291456 4194304 0 5890554 3005 0 0 0 0 1556134 1556134 0 0
E1 0 0 0 16774925 0 16776015 0 16776587 0 16776886 0 16777043 0 16777125 0 16777168 0 16777191 0 16777203 0 16777209 0 16777213 0 16777214 0 16777215 0 0 0 0 0 0 5890554 0
E2 0 0 0 0 0 16775743 0 16775918 0 16776348 0 16776694 0 16776918 0 16777051 0 16777126 0 16777168 0 16777190 0 16777203 0 16777209 0 16777212 0 16777214 0 0 0 0
E3 1556134 1556134 1503638 1503638 1452915 1452915 1403903 1403903 1356546 1356546 1319059 1319132 1291108 1291326 1272372 1272804 1262540 1263253 1261311 1262369 1268396 1269861 1283514 1285445 1306394 1308850 1328502 1331464 1341591 1344970 1345967 1349674 1341922 1345873
E4 0 0 0 16775743 16775918 16776348 16776694 16776918 16777051 16777126 16777168 16777190 16777203 16777209 16777212 16777214 0 0 0 0 0 0 0 0 0 0 0 0 0 0 0 0 0 0
F
IN 989637 742254 494870 247487 103 103 103 102 102 102 102 101 101 493551 1480435 2467319 980894 735696 490499 245301 103 103 102 102 102 101 101 101 100 493550 1480434 2467318 0 0 0 0 0 0 0 0 0 0 0 0 0 0 0 0 5890554 5890554 5890554 5890554 5890554 5890554 5890554 5890554 5890554 5890554 5890554 5890554 5890554 5890554 5890554 5890554 4194304 4194304 6291456 4194304 0 5890554 0 0 0 0 0 1341922 1345873 0 0
E1 0 0 0 0 0 0 0 0 0 0 0 0 0 0 0 0 0 0 0 0 0 0 0 0 0 0 0 0 0 0 0 0 0 0 5890554 0
E2 0 0 0 0 0 0 0 0 0 0 0 0 0 0 0 0 0 0 0 0 0 0 0 0 0 0 0 0 0 0 0 0 0 0
E3 1341922 1345873 1329741 1333854 1309700 1313895 1282062 1286264 1247085 1251218 1205015 1209009 1164365 1168224 1125086 1128815 1087132 1090735 1050459 1053940 1015023 1018387 980782 984033 947697 950838 915728 918763 901485 904417 921017 923850 973184 975923
E4 0 0 0 0 0 0 0 0 0 0 0 0 0 0 0 0 0 0 0 0 0 0 0 0 0 0 0 0 0 0 0 0 0 0
F
IN 3454187 4441071 5427955 6414839 7401723 8388607 8388607 8388607 8388607 8388607 8388607 8388607 8388607 8388607 8388607 8388607 3454186 4441071 5427955 6414839 7401723 8388607 8388607 8388607 8388607 8388607 8388607 8388607 8388607 8388607 8388607 8388607 0 0 0 0 0 0 0 0 0 0 0 0 0 0 0 0 5890554 5890554 5890554 5890554 5890554 5890554 5890554 5890554 5890554 5890554 5890554 5890554 5890554 5890554 5890554 5890554 4194304 4194304 6291456 4194304 0 5890554 0 0 0 0 0 973184 975923 0 0
E1 0 0 0 0 0 0 0 0 0 0 0 0 0 0 0 0 0 0 0 0 0 0 0 0 0 0 0 0 0 0 0 0 0 0 5890554 0
E2 0 0 0 0 0 0 0 0 0 0 0 0 0 0 0 0 0 0 0 0 0 0 0 0 0 0 0 0 0 0 0 0 0 0
E3 973184 975923 1056886 1059532 1171058 1173616 1314674 1317145 1486739 1489127 1686294 1688601 1912411 1914641 2130900 2133054 2342017 2344099 2546012 2548023 2743125 2745068 2933588 2935465 3117625 3119439 3295453 3297206 3467281 3468975 3633313 3634950 3793743 3795325
E4 0 0 0 0 0 0 0 0 0 0 0 0 0 0 0 0 0 0 0 0 0 0 0 0 0 0 0 0 0 0 0 0 0 0
F
IN 8388607 8388607 8388607 8388607 8388607 8388607 8388607 8388607 8388607 8388607 8388607 8388607 8388607 8388607 8388607 8388607 8388607 8388607 8388607 8388607 8388607 8388607 8388607 8388607 8388607 8388607 8388607 8388607 8388607 8388607 8388607 8388607 0 0 0 0 0 0 0 0 0 0 0 0 0 0 0 0 5890554 5890554 5890554 5890554 5890554 5890554 5890554 5890554 5890554 5890554 5890554 5890554 5890554 5890554 5890554 5890554 4194304 4194304 6291456 4194304 0 5890554 0 0 0 0 0 3793743 3795325 0 0
E1 0 0 0 0 0 0 0 0 0 0 0 0 0 0 0 0 0 0 0 0 0 0 0 0 0 0 0 0 0 0 0 0 0 0 5890554 0
E2 0 0 0 0 0 0 0 0 0 0 0 0 0 0 0 0 0 0 0 0 0 0 0 0 0 0 0 0 0 0 0 0 0 0
E3 3793743 3795325 3948760 3950289 4098548 4100025 4243283 4244710 4383134 4384513 4518268 4519600 4648842 4650130 4775011 4776255 4896924 4898126 5014723 5015885 5128549 5129671 5238534 5239618 5344808 5345856 5447497 5448510 5546722 5547701 5642599 5643545 5735242 5736156
E4 0 0 0 0 0 0 0 0 0 0 0 0 0 0 0 0 0 0 0 0 0 0 0 0 0 0 0 0 0 0 0 0 0 0
F
IN 8388607 8388607 8388607 8388607 8388607 8388607 8388607 8388607 8388607 8388607 8388607 8388607 8388607 8388607 8388607 8388607 8388607 8388607 8388607 8388607 8388607 8388607 8388607 8388607 8388607 8388607 8388607 8388607 8388607 8388607 8388607 8388607 0 0 0 0 0 0 0 0 0 0 0 0 0 0 0 0 5890554 5890554 5890554 5890554 5890554 5890554 5890554 5890554 5890554 5890554 5890554 5890554 5890554 5890554 5890554 5890554 4194304 4194304 6291456 4194304 0 5890554 0 0 0 0 0 5735242 5736156 0 0
E1 0 0 0 0 0 0 0 0 0 0 0 0 0 0 0 0 0 0 0 0 0 0 0 0 0 0 0 0 0 0 0 0 0 0 5890554 0
E2 0 0 0 0 0 0 0 0 0 0 0 0 0 0 0 0 0 0 0 0 0 0 0 0 0 0 0 0 0 0 0 0 0 0
E3 5735242 5736156 5824759 5825642 5911256 5912109 5994834 5995659 6075594 6076390 6153628 6154398 6229030 6229774 6301888 6302607 6372288 6372983 6440313 6440984 6506043 6506691 6569555 6570182 6630925 6631531 6690224 6690809 6747523 6748088 6802888 6803435 6856386 6856914
E4 0 0 0 0 0 0 0 0 0 0 0 0 0 0 0 0 0 0 0 0 0 0 0 0 0 0 0 0 0 0 0 0 0 0
CFG 19 ATK=64 DEC=64 BOFS=126 WOFS=64
F
IN 0 0 0 0 0 0 0 0 0 0 0 0 0 0 0 0 0 0 0 0 0 0 0 0 0 0 0 0 0 0 0 0 0 0 0 0 0 0 0 0 0 0 0 0 0 0 0 0 5890554 5890554 5890554 5890554 5890554 5890554 5890554 5890554 5890554 5890554 5890554 5890554 5890554 5890554 5890554 5890554 4194304 4194304 8257536 4194304 0 0 0 0 0 0 0 0 0 0 0
E1 0 0 3220813 0 301313 0 28189 0 2637 0 246 0 23 0 3 0 0 0 0 0 0 0 0 0 0 0 0 0 0 0 0 0 0 0 5890554 0
E2 0 0 0 0 2654503 0 715070 0 148962 0 28365 0 5190 0 932 0 166 0 29 0 5 0 1 0 0 0 0 0 0 0 0 0 0 0
E3 0 0 0 0 0 0 0 0 0 0 0 0 0 0 0 0 0 0 0 0 0 0 0 0 0 0 0 0 0 0 0 0 0 0
E4 0 0 0 0 0 0 0 0 0 0 0 0 0 0 0 0 0 0 0 0 2654503 715070 148962 28365 5190 932 166 29 5 1 0 0 0 0
F
IN 0 0 0 0 0 0 0 0 0 0 493456 1480352 2467248 3454144 4441039 5427935 0 0 0 0 0 0 0 0 0 0 493456 1480352 2467248 3454144 4441039 5427935 0 0 0 0 0 0 0 0 0 0 0 0 0 0 0 0 5890554 5890554 5890554 5890554 5890554 5890554 5890554 5890554 5890554 5890554 5890554 5890554 5890554 5890554 5890554 5890554 4194304 4194304 8257536 4194304 0 5890554 0 0 0 0 0 0 0 0 0
E1 0 0 0 0 0 0 0 0 0 0 0 0 0 0 0 0 0 0 0 0 0 0 0 0 0 0 0 0 0 0 0 0 0 0 5890554 0
E2 0 0 0 0 0 0 0 0 0 0 0 0 0 0 0 0 0 0 0 0 0 0 0 0 0 0 0 0 0 0 0 0 0 0
E3 0 0 0 0 0 0 0 0 0 0 0 0 0 0 0 0 0 0 0 0 0 0 16647 16647 66029 66029 147039 147039 258611 258611 399715 399715 569353 569353
E4 0 0 0 0 0 0 0 0 0 0 0 0 0 0 0 0 0 0 0 0 0 0 0 0 0 0 0 0 0 0 0 0 0 0
F
IN 6414815 7401711 8388607 7401711 6414815 5427919 4441023 3454128 2467232 1480336 493440 11 34 57 80 103 6414815 7401711 8388607 7401711 6414815 5427919 4441023 3454128 2467232 1480336 493440 12 35 58 81 104 0 0 0 0 0 0 0 0 0 0 0 0 0 0 0 0 5890554 5890554 5890554 5890554 5890554 5890554 5890554 5890554 5890554 5890554 5890554 5890554 5890554 5890554 5890554 5890554 4194304 4194304 8257536 4194304 0 5890554 0 0 0 0 0 569353 569353 0 0
E1 0 0 0 0 0 0 0 0 0 0 0 0 0 0 0 0 0 0 0 0 0 0 0 0 0 0 0 0 0 0 0 0 0 0 5890554 0
E2 0 0 0 0 0 0 0 0 0 0 0 0 0 0 0 0 0 0 0 0 0 0 0 0 0 0 0 0 0 0 0 0 0 0
E3 569353 569353 766562 766562 990413 990413 1240007 1240007 1447886 1447886 1615456 1615456 1744078 1744078 1835065 1835065 1889688 1889688 1909173 1909173 1894705 1894705 1847430 1847430 1785103 1785103 1724880 1724880 1666690 1666689 1610463 1610463 1556134 1556134
E4 0 0 0 0 0 0 0 0 0 0 0 0 0 0 0 0 0 0 0 0 0 0 0 0 0 0 0 0 0 0 0 0 0 0
F
IN 126 149 172 195 247568 494940 742313 989686 1237059 1484431 1731804 1979177 1979167 1731784 1484400 1237017 127 150 173 196 245383 490570 735756 980943 1226130 1471317 1716504 1961691 1961681 1716483 1471286 1226088 0 0 0 0 0 0 0 0 0 0 0 0 0 0 0 0 5890554 5890554 5890554 5890554 5890554 5890554 5890554 5890554 5890554 5890554 5890554 5890554 5890554 5890554 5890554 5890554 4194304 4194304 8257536 4194304 0 5890554 0 0 0 0 0 1556134 1556134 0 0
E1 0 0 0 0 0 0 0 0 0 0 0 0 0 0 0 0 0 0 0 0 0 0 0 0 0 0 0 0 0 0 0 0 0 0 5890554 0
E2 0 0 0 0 0 0 0 0 0 0 0 0 0 0 0 0 0 0 0 0 0 0 0 0 0 0 0 0 0 0 0 0 0 0
E3 1556134 1556134 1503638 1503638 1452915 1452915 1403903 1403903 1356546 1356546 1319059 1319132 1291108 1291326 1272372 1272804 1262540 1263253 1261311 1262369 1268396 1269861 1283514 1285445 1306394 1308850 1328502 1331464 1341591 1344970 1345967 1349674 1341922 1345873
E4 0 0 0 0 0 0 0 0 0 0 0 0 0 0 0 0 0 0 0 0 0 0 0 0 0 0 0 0 0 0 0 0 0 0
F
IN 989637 742254 494870 247487 103 103 103 102 102 102 102 101 101 493551 1480435 2467319 980894 735696 490499 245301 103 103 102 102 102 101 101 101 100 493550 1480434 2467318 0 0 0 0 0 0 0 0 0 0 0 0 0 0 0 0 5890554 5890554 5890554 5890554 5890554 5890554 5890554 5890554 5890554 5890554 5890554 5890554 5890554 5890554 5890554 5890554 4194304 4194304 8257536 4194304 0 5890554 0 0 0 0 0 1341922 1345873 0 0
E1 0 0 0 0 0 0 0 0 0 0 0 0 0 0 0 0 0 0 0 0 0 0 0 0 0 0 0 0 0 0 0 0 0 0 5890554 0
E2 0 0 0 0 0 0 0 0 0 0 0 0 0 0 0 0 0 0 0 0 0 0 0 0 0 0 0 0 0 0 0 0 0 0
E3 1341922 1345873 1329741 1333854 1309700 1313895 1282062 1286264 1247085 1251218 1205015 1209009 1164365 1168224 1125086 1128815 1087132 1090735 1050459 1053940 1015023 1018387 980782 984033 947697 950838 915728 918763 901485 904417 921017 923850 973184 975923
E4 0 0 0 0 0 0 0 0 0 0 0 0 0 0 0 0 0 0 0 0 0 0 0 0 0 0 0 0 0 0 0 0 0 0
F
IN 3454187 4441071 5427955 6414839 7401723 8388607 8388607 8388607 8388607 8388607 8388607 8388607 8388607 8388607 8388607 8388607 3454186 4441071 5427955 6414839 7401723 8388607 8388607 8388607 8388607 8388607 8388607 8388607 8388607 8388607 8388607 8388607 0 0 0 0 0 0 0 0 0 0 0 0 0 0 0 0 5890554 5890554 5890554 5890554 5890554 5890554 5890554 5890554 5890554 5890554 5890554 5890554 5890554 5890554 5890554 5890554 4194304 4194304 8257536 4194304 0 5890554 0 0 0 0 0 973184 975923 0 0
E1 0 0 0 0 0 0 0 0 0 0 0 0 0 0 0 0 0 0 0 0 0 0 0 0 0 0 0 0 0 0 0 0 0 0 5890554 0
E2 0 0 0 0 0 0 0 0 0 0 0 0 0 0 0 0 0 0 0 0 0 0 0 0 0 0 0 0 0 0 0 0 0 0
E3 973184 975923 1056886 1059532 1171058 1173616 1314674 1317145 1486739 1489127 1686294 1688601 1912411 1914641 2130900 2133054 2342017 2344099 2546012 2548023 2743125 2745068 2933588 2935465 3117625 3119439 3295453 3297206 3467281 3468975 3633313 3634950 3793743 3795325
E4 0 0 0 0 0 0 0 0 0 0 0 0 0 0 0 0 0 0 0 0 0 0 0 0 0 0 0 0 0 0 0 0 0 0
F
IN 8388607 8388607 8388607 8388607 8388607 8388607 8388607 8388607 8388607 8388607 8388607 8388607 8388607 8388607 8388607 8388607 8388607 8388607 8388607 8388607 8388607 8388607 8388607 8388607 8388607 8388607 8388607 8388607 8388607 8388607 8388607 8388607 0 0 0 0 0 0 0 0 0 0 0 0 0 0 0 0 5890554 5890554 5890554 5890554 5890554 5890554 5890554 5890554 5890554 5890554 5890554 5890554 5890554 5890554 5890554 5890554 4194304 4194304 8257536 4194304 0 5890554 0 0 0 0 0 3793743 3795325 0 0
E1 0 0 0 0 0 0 0 0 0 0 0 0 0 0 0 0 0 0 0 0 0 0 0 0 0 0 0 0 0 0 0 0 0 0 5890554 0
E2 0 0 0 0 0 0 0 0 0 0 0 0 0 0 0 0 0 0 0 0 0 0 0 0 0 0 0 0 0 0 0 0 0 0
E3 3793743 3795325 3948760 3950289 4098548 4100025 4243283 4244710 4383134 4384513 4518268 4519600 4648842 4650130 4775011 4776255 4896924 4898126 5014723 5015885 5128549 5129671 5238534 5239618 5344808 5345856 5447497 5448510 5546722 5547701 5642599 5643545 5735242 5736156
E4 0 0 0 0 0 0 0 0 0 0 0 0 0 0 0 0 0 0 0 0 0 0 0 0 0 0 0 0 0 0 0 0 0 0
F
IN 8388607 8388607 8388607 8388607 8388607 8388607 8388607 8388607 8388607 8388607 8388607 8388607 8388607 8388607 8388607 8388607 8388607 8388607 8388607 8388607 8388607 8388607 8388607 8388607 8388607 8388607 8388607 8388607 8388607 8388607 8388607 8388607 0 0 0 0 0 0 0 0 0 0 0 0 0 0 0 0 5890554 5890554 5890554 5890554 5890554 5890554 5890554 5890554 5890554 5890554 5890554 5890554 5890554 5890554 5890554 5890554 4194304 4194304 8257536 4194304 0 5890554 0 0 0 0 0 5735242 5736156 0 0
E1 0 0 0 0 0 0 0 0 0 0 0 0 0 0 0 0 0 0 0 0 0 0 0 0 0 0 0 0 0 0 0 0 0 0 5890554 0
E2 0 0 0 0 0 0 0 0 0 0 0 0 0 0 0 0 0 0 0 0 0 0 0 0 0 0 0 0 0 0 0 0 0 0
E3 5735242 5736156 5824759 5825642 5911256 5912109 5994834 5995659 6075594 6076390 6153628 6154398 6229030 6229774 6301888 6302607 6372288 6372983 6440313 6440984 6506043 6506691 6569555 6570182 6630925 6631531 6690224 6690809 6747523 6748088 6802888 6803435 6856386 6856914
E4 0 0 0 0 0 0 0 0 0 0 0 0 0 0 0 0 0 0 0 0 0 0 0 0 0 0 0 0 0 0 0 0 0 0
CFG 20 ATK=64 DEC=64 BOFS=127 WOFS=64
F
IN 0 0 0 0 0 0 0 0 0 0 0 0 0 0 0 0 0 0 0 0 0 0 0 0 0 0 0 0 0 0 0 0 0 0 0 0 0 0 0 0 0 0 0 0 0 0 0 0 5890554 5890554 5890554 5890554 5890554 5890554 5890554 5890554 5890554 5890554 5890554 5890554 5890554 5890554 5890554 5890554 4194304 4194304 8323072 4194304 0 0 0 0 0 0 0 0 0 0 0
E1 0 0 3211277 0 290025 0 26194 0 2365 0 214 0 19 0 2 0 0 0 0 0 0 0 0 0 0 0 0 0 0 0 0 0 0 0 5890554 0
E2 0 0 0 0 2657167 0 698478 0 142197 0 26494 0 4748 0 835 0 146 0 25 0 4 0 1 0 0 0 0 0 0 0 0 0 0 0
E3 0 0 0 0 0 0 0 0 0 0 0 0 0 0 0 0 0 0 0 0 0 0 0 0 0 0 0 0 0 0 0 0 0 0
E4 0 0 0 0 0 0 0 0 0 0 0 0 0 0 0 0 0 0 0 0 2657167 698478 142197 26494 4748 835 146 25 4 1 0 0 0 0
F
IN 0 0 0 0 0 0 0 0 0 0 493456 1480352 2467248 3454144 4441039 5427935 0 0 0 0 0 0 0 0 0 0 493456 1480352 2467248 3454144 4441039 5427935 0 0 0 0 0 0 0 0 0 0 0 0 0 0 0 0 5890554 5890554 5890554 5890554 5890554 5890554 5890554 5890554 5890554 5890554 5890554 5890554 5890554 5890554 5890554 5890554 4194304 4194304 8323072 4194304 0 5890554 0 0 0 0 0 0 0 0 0
E1 0 0 0 0 0 0 0 0 0 0 0 0 0 0 0 0 0 0 0 0 0 0 0 0 0 0 0 0 0 0 0 0 0 0 5890554 0
E2 0 0 0 0 0 0 0 0 0 0 0 0 0 0 0 0 0 0 0 0 0 0 0 0 0 0 0 0 0 0 0 0 0 0
E3 0 0 0 0 0 0 0 0 0 0 0 0 0 0 0 0 0 0 0 0 0 0 16647 16647 66029 66029 147039 147039 258611 258611 399715 399715 569353 569353
E4 0 0 0 0 0 0 0 0 0 0 0 0 0 0 0 0 0 0 0 0 0 0 0 0 0 0 0 0 0 0 0 0 0 0
F
IN 6414815 7401711 8388607 7401711 6414815 5427919 4441023 3454128 2467232 1480336 493440 11 34 57 80 103 6414815 7401711 8388607 7401711 6414815 5427919 4441023 3454128 2467232 1480336 493440 12 35 58 81 104 0 0 0 0 0 0 0 0 0 0 0 0 0 0 0 0 5890554 5890554 5890554 5890554 5890554 5890554 5890554 5890554 5890554 5890554 5890554 5890554 5890554 5890554 5890554 5890554 4194304 4194304 8323072 4194304 0 5890554 0 0 0 0 0 569353 569353 0 0
E1 0 0 0 0 0 0 0 0 0 0 0 0 0 0 0 0 0 0 0 0 0 0 0 0 0 0 0 0 0 0 0 0 0 0 5890554 0
E2 0 0 0 0 0 0 0 0 0 0 0 0 0 0 0 0 0 0 0 0 0 0 0 0 0 0 0 0 0 0 0 0 0 0
E3 569353 569353 766562 766562 990413 990413 1240007 1240007 1447886 1447886 1615456 1615456 1744078 1744078 1835065 1835065 1889688 1889688 1909173 1909173 1894705 1894705 1847430 1847430 1785103 1785103 1724880 1724880 1666690 1666689 1610463 1610463 1556134 1556134
E4 0 0 0 0 0 0 0 0 0 0 0 0 0 0 0 0 0 0 0 0 0 0 0 0 0 0 0 0 0 0 0 0 0 0
F
IN 126 149 172 195 247568 494940 742313 989686 1237059 1484431 1731804 1979177 1979167 1731784 1484400 1237017 127 150 173 196 245383 490570 735756 980943 1226130 1471317 1716504 1961691 1961681 1716483 1471286 1226088 0 0 0 0 0 0 0 0 0 0 0 0 0 0 0 0 5890554 5890554 5890554 5890554 5890554 5890554 5890554 5890554 5890554 5890554 5890554 5890554 5890554 5890554 5890554 5890554 4194304 4194304 8323072 4194304 0 5890554 0 0 0 0 0 1556134 1556134 0 0
E1 0 0 0 0 0 0 0 0 0 0 0 0 0 0 0 0 0 0 0 0 0 0 0 0 0 0 0 0 0 0 0 0 0 0 5890554 0
E2 0 0 0 0 0 0 0 0 0 0 0 0 0 0 0 0 0 0 0 0 0 0 0 0 0 0 0 0 0 0 0 0 0 0
E3 1556134 1556134 1503638 1503638 1452915 1452915 1403903 1403903 1356546 1356546 1319059 1319132 1291108 1291326 1272372 1272804 1262540 1263253 1261311 1262369 1268396 1269861 1283514 1285445 1306394 1308850 1328502 1331464 1341591 1344970 1345967 1349674 1341922 1345873
E4 0 0 0 0 0 0 0 0 0 0 0 0 0 0 0 0 0 0 0 0 0 0 0 0 0 0 0 0 0 0 0 0 0 0
F
IN 989637 742254 494870 247487 103 103 103 102 102 102 102 101 101 493551 1480435 2467319 980894 735696 490499 245301 103 103 102 102 102 101 101 101 100 493550 1480434 2467318 0 0 0 0 0 0 0 0 0 0 0 0 0 0 0 0 5890554 5890554 5890554 5890554 5890554 5890554 5890554 5890554 5890554 5890554 5890554 5890554 5890554 5890554 5890554 5890554 4194304 4194304 8323072 4194304 0 5890554 0 0 0 0 0 1341922 1345873 0 0
E1 0 0 0 0 0 0 0 0 0 0 0 0 0 0 0 0 0 0 0 0 0 0 0 0 0 0 0 0 0 0 0 0 0 0 5890554 0
E2 0 0 0 0 0 0 0 0 0 0 0 0 0 0 0 0 0 0 0 0 0 0 0 0 0 0 0 0 0 0 0 0 0 0
E3 1341922 1345873 1329741 1333854 1309700 1313895 1282062 1286264 1247085 1251218 1205015 1209009 1164365 1168224 1125086 1128815 1087132 1090735 1050459 1053940 1015023 1018387 980782 984033 947697 950838 915728 918763 901485 904417 921017 923850 973184 975923
E4 0 0 0 0 0 0 0 0 0 0 0 0 0 0 0 0 0 0 0 0 0 0 0 0 0 0 0 0 0 0 0 0 0 0
F
IN 3454187 4441071 5427955 6414839 7401723 8388607 8388607 8388607 8388607 8388607 8388607 8388607 8388607 8388607 8388607 8388607 3454186 4441071 5427955 6414839 7401723 8388607 8388607 8388607 8388607 8388607 8388607 8388607 8388607 8388607 8388607 8388607 0 0 0 0 0 0 0 0 0 0 0 0 0 0 0 0 5890554 5890554 5890554 5890554 5890554 5890554 5890554 5890554 5890554 5890554 5890554 5890554 5890554 5890554 5890554 5890554 4194304 4194304 8323072 4194304 0 5890554 0 0 0 0 0 973184 975923 0 0
E1 0 0 0 0 0 0 0 0 0 0 0 0 0 0 0 0 0 0 0 0 0 0 0 0 0 0 0 0 0 0 0 0 0 0 5890554 0
E2 0 0 0 0 0 0 0 0 0 0 0 0 0 0 0 0 0 0 0 0 0 0 0 0 0 0 0 0 0 0 0 0 0 0
E3 973184 975923 1056886 1059532 1171058 1173616 1314674 1317145 1486739 1489127 1686294 1688601 1912411 1914641 2130900 2133054 2342017 2344099 2546012 2548023 2743125 2745068 2933588 2935465 3117625 3119439 3295453 3297206 3467281 3468975 3633313 3634950 3793743 3795325
E4 0 0 0 0 0 0 0 0 0 0 0 0 0 0 0 0 0 0 0 0 0 0 0 0 0 0 0 0 0 0 0 0 0 0
F
IN 8388607 8388607 8388607 8388607 8388607 8388607 8388607 8388607 8388607 8388607 8388607 8388607 8388607 8388607 8388607 8388607 8388607 8388607 8388607 8388607 8388607 8388607 8388607 8388607 8388607 8388607 8388607 8388607 8388607 8388607 8388607 8388607 0 0 0 0 0 0 0 0 0 0 0 0 0 0 0 0 5890554 5890554 5890554 5890554 5890554 5890554 5890554 5890554 5890554 5890554 5890554 5890554 5890554 5890554 5890554 5890554 4194304 4194304 8323072 4194304 0 5890554 0 0 0 0 0 3793743 3795325 0 0
E1 0 0 0 0 0 0 0 0 0 0 0 0 0 0 0 0 0 0 0 0 0 0 0 0 0 0 0 0 0 0 0 0 0 0 5890554 0
E2 0 0 0 0 0 0 0 0 0 0 0 0 0 0 0 0 0 0 0 0 0 0 0 0 0 0 0 0 0 0 0 0 0 0
E3 3793743 3795325 3948760 3950289 4098548 4100025 4243283 4244710 4383134 4384513 4518268 4519600 4648842 4650130 4775011 4776255 4896924 4898126 5014723 5015885 5128549 5129671 5238534 5239618 5344808 5345856 5447497 5448510 5546722 5547701 5642599 5643545 5735242 5736156
E4 0 0 0 0 0 0 0 0 0 0 0 0 0 0 0 0 0 0 0 0 0 0 0 0 0 0 0 0 0 0 0 0 0 0
F
IN 8388607 8388607 8388607 8388607 8388607 8388607 8388607 8388607 8388607 8388607 8388607 8388607 8388607 8388607 8388607 8388607 8388607 8388607 8388607 8388607 8388607 8388607 8388607 8388607 8388607 8388607 8388607 8388607 8388607 8388607 8388607 8388607 0 0 0 0 0 0 0 0 0 0 0 0 0 0 0 0 5890554 5890554 5890554 5890554 5890554 5890554 5890554 5890554 5890554 5890554 5890554 5890554 5890554 5890554 5890554 5890554 4194304 4194304 8323072 4194304 0 5890554 0 0 0 0 0 5735242 5736156 0 0
E1 0 0 0 0 0 0 0 0 0 0 0 0 0 0 0 0 0 0 0 0 0 0 0 0 0 0 0 0 0 0 0 0 0 0 5890554 0
E2 0 0 0 0 0 0 0 0 0 0 0 0 0 0 0 0 0 0 0 0 0 0 0 0 0 0 0 0 0 0 0 0 0 0
E3 5735242 5736156 5824759 5825642 5911256 5912109 5994834 5995659 6075594 6076390 6153628 6154398 6229030 6229774 6301888 6302607 6372288 6372983 6440313 6440984 6506043 6506691 6569555 6570182 6630925 6631531 6690224 6690809 6747523 6748088 6802888 6803435 6856386 6856914
E4 0 0 0 0 0 0 0 0 0 0 0 0 0 0 0 0 0 0 0 0 0 0 0 0 0 0 0 0 0 0 0 0 0 0
CFG 21 ATK=64 DEC=64 BOFS=64 WOFS=0
F
IN 0 0 0 0 0 0 0 0 0 0 0 0 0 0 0 0 0 0 0 0 0 0 0 0 0 0 0 0 0 0 0 0 0 0 0 0 0 0 0 0 0 0 0 0 0 0 0 0 5890554 5890554 5890554 5890554 5890554 5890554 5890554 5890554 5890554 5890554 5890554 5890554 5890554 5890554 5890554 5890554 4194304 4194304 4194304 0 0 0 0 0 0 0 0 0 0 0 0
E1 0 0 5613086 0 5084292 0 4605314 0 4171459 0 3778477 0 3422516 0 3100090 0 2808039 0 2543501 0 2303884 0 2086841 0 1890245 0 1712170 0 1550871 0 1404767 0 1272428 0 5890554 0
E2 0 0 0 0 528794 0 957955 0 1301564 0 1571929 0 1779802 0 1934558 0 2044360 0 2116304 0 2156549 0 2170429 0 2162555 0 2136901 0 2096888 0 2045449 0 1985092 0
E3 0 0 0 0 0 0 0 0 0 0 0 0 0 0 0 0 0 0 0 0 0 0 0 0 0 0 0 0 0 0 0 0 0 0
E4 0 0 0 0 0 0 0 0 0 0 0 0 0 0 0 0 0 0 0 0 528794 957955 1301564 1571929 1779802 1934558 2044360 2116304 2156549 2170429 2162555 2136901 2096888 2045449
F
IN 0 0 0 0 0 0 0 0 0 0 493456 1480352 2467248 3454144 4441039 5427935 0 0 0 0 0 0 0 0 0 0 493456 1480352 2467248 3454144 4441039 5427935 0 0 0 0 0 0 0 0 0 0 0 0 0 0 0 0 5890554 5890554 5890554 5890554 5890554 5890554 5890554 5890554 5890554 5890554 5890554 5890554 5890554 5890554 5890554 5890554 4194304 4194304 4194304 0 0 5890554 0 1272428 0 1985092 0 0 0 0 0
E1 1272428 0 1152555 0 1043976 0 945626 0 856541 0 775848 0 702758 0 636553 0 576585 0 522266 0 473065 0 428499 0 388131 0 351566 0 318446 0 288446 0 261272 0 5890554 0
E2 1985092 0 1917953 0 1845847 0 1770305 0 1692614 0 1613850 0 1534904 0 1456509 0 1379264 0 1303645 0 1230034 0 1158721 0 1089929 0 1023815 0 960484 0 899999 0 842386 0
E3 0 0 0 0 0 0 0 0 0 0 0 0 0 0 0 0 0 0 0 0 0 0 16647 16647 66029 66029 147039 147039 258611 258611 399715 399715 569353 569353
E4 0 0 0 0 0 0 0 0 0 0 0 0 0 0 0 0 0 0 1985092 1917953 1845847 1770305 1692614 1613850 1534904 1456509 1379264 1303645 1230034 1158721 1089929 1023815 960484 899999
F
IN 6414815 7401711 8388607 7401711 6414815 5427919 4441023 3454128 2467232 1480336 493440 11 34 57 80 103 6414815 7401711 8388607 7401711 6414815 5427919 4441023 3454128 2467232 1480336 493440 12 35 58 81 104 2105806 2105806 2105806 2105806 2105806 2105806 2105806 2105806 2105806 2105806 2105806 2105806 2105806 2105806 2105806 2105806 5890554 5890554 5890554 5890554 5890554 5890554 5890554 5890554 5890554 5890554 5890554 5890554 5890554 5890554 5890554 5890554 4194304 4194304 4194304 0 0 5890554 0 261272 0 842386 0 569353 569353 0 0
E1 261272 0 236658 2006614 214363 1817576 194168 1646347 175876 1491249 159307 1350762 144299 1223511 130705 1108247 118392 1003842 107239 909272 97136 823612 87985 746022 79696 675741 72188 612081 65388 554419 59228 502188 53648 454878 5890554 2105806
E2 842386 0 787640 0 735734 189037 686617 342458 640224 465294 596479 561946 555294 636259 516576 691582 480224 730835 446137 756554 414210 770942 384339 775903 356420 773088 330351 763918 306030 749613 283360 731225 262245 709648
E3 569353 569353 766562 766562 990413 990413 1240007 1240007 1447886 1447886 1615456 1615456 1744078 1744078 1835065 1835065 1889688 1889688 1909173 1909173 1894705 1894705 1847430 1847430 1785103 1785103 1724880 1724880 1666690 1666689 1610463 1610463 1556134 1556134
E4 0 0 0 189037 342458 465294 561946 636259 691582 730835 756554 770942 775903 773088 763918 749613 731225 0 842386 787640 735734 686617 640224 596479 555294 516576 480224 446137 414210 384339 356420 330351 306030 283360
F
IN 126 149 172 195 247568 494940 742313 989686 1237059 1484431 1731804 1979177 1979167 1731784 1484400 1237017 127 150 173 196 245383 490570 735756 980943 1226130 1471317 1716504 1961691 1961681 1716483 1471286 1226088 957612 957612 957612 957612 957612 957612 957612 957612 957612 957612 957612 957612 957612 957612 957612 957612 5890554 5890554 5890554 5890554 5890554 5890554 5890554 5890554 5890554 5890554 5890554 5890554 5890554 5890554 5890554 5890554 4194304 4194304 4194304 0 0 5890554 2105806 53648 454878 262245 709648 1556134 1556134 0 0
E1 53648 454878 48593 16095131 44016 16159388 39869 16217592 36113 16270313 32711 16318067 29629 16361322 26838 16400503 24310 16435992 22020 16468138 19945 16497255 18066 16523629 16364 16547519 14823 16569158 13426 16588759 12161 16606513 11016 16622594 5890554 957612
E2 262245 709648 242593 685646 224317 556796 207331 446138 191555 351387 176911 270530 163327 201789 150731 143599 139060 94581 128249 53525 118242 19365 108981 16768383 100417 16745325 92498 16726690 85181 16711850 78421 16700254 72179 16691422
E3 1556134 1556134 1503638 1503638 1452915 1452915 1403903 1403903 1356546 1356546 1319059 1319132 1291108 1291326 1272372 1272804 1262540 1263253 1261311 1262369 1268396 1269861 1283514 1285445 1306394 1308850 1328502 1331464 1341591 1344970 1345967 1349674 1341922 1345873
E4 0 709648 685646 556796 446138 351387 270530 201789 143599 94581 53525 19365 16768383 16745325 16726690 16711850 16700254 0 262245 242593 224317 207331 191555 176911 163327 150731 139060 128249 118242 108981 100417 92498 85181 78421
F
IN 989637 742254 494870 247487 103 103 103 102 102 102 102 101 101 493551 1480435 2467319 980894 735696 490499 245301 103 103 102 102 102 101 101 101 100 493550 1480434 2467318 304475 304475 304475 304475 304475 304475 304475 304475 304475 304475 304475 304475 304475 304475 304475 304475 5890554 5890554 5890554 5890554 5890554 5890554 5890554 5890554 5890554 5890554 5890554 5890554 5890554 5890554 5890554 5890554 4194304 4194304 4194304 0 0 5890554 957612 11016 16622594 72179 16691422 1341922 1345873 0 0
E1 11016 16622594 9978 16014788 9038 16086615 8186 16151674 7415 16210605 6717 16263984 6084 16312334 5511 16356130 4991 16395799 4521 16431731 4095 16464279 3710 16493760 3360 16520463 3043 16544651 2757 16566561 2497 16586406 2262 16604382 5890554 304475
E2 72179 16691422 66416 16684937 61100 16621804 56195 16571386 51672 16531846 47503 16501582 43661 16479199 40120 16463479 36860 16453366 33858 16447943 31094 16446415 28550 16448098 26210 16452400 24058 16458812 22078 16466899 20258 16476288 18585 16486662
E3 1341922 1345873 1329741 1333854 1309700 1313895 1282062 1286264 1247085 1251218 1205015 1209009 1164365 1168224 1125086 1128815 1087132 1090735 1050459 1053940 1015023 1018387 980782 984033 947697 950838 915728 918763 901485 904417 921017 923850 973184 975923
E4 0 16691422 16684937 16621804 16571386 16531846 16501582 16479199 16463479 16453366 16447943 16446415 16448098 16452400 16458812 16466899 16476288 0 72179 66416 61100 56195 51672 47503 43661 40120 36860 33858 31094 28550 26210 24058 22078 20258
F
IN 3454187 4441071 5427955 6414839 7401723 8388607 8388607 8388607 8388607 8388607 8388607 8388607 8388607 8388607 8388607 8388607 3454186 4441071 5427955 6414839 7401723 8388607 8388607 8388607 8388607 8388607 8388607 8388607 8388607 8388607 8388607 8388607 84663 84663 84663 84663 84663 84663 84663 84663 84663 84663 84663 84663 84663 84663 84663 84663 5890554 5890554 5890554 5890554 5890554 5890554 5890554 5890554 5890554 5890554 5890554 5890554 5890554 5890554 5890554 5890554 4194304 4194304 4194304 0 0 5890554 304475 2262 16604382 18585 16486662 973184 975923 0 0
E1 2262 16604382 2048 16411206 1855 16445687 1681 16476919 1522 16505209 1379 16530834 1249 16554045 1131 16575070 1025 16594113 928 16611363 841 16626988 762 16641140 690 16653960 625 16665571 566 16676089 513 16685616 464 16694245 5890554 84663
E2 18585 16486662 17047 16497752 15634 16489598 14336 16485462 13143 16484657 12049 16486593 11043 16490761 10121 16496723 9274 16504103 8497 16512583 7784 16521889 7130 16531790 6530 16542092 5980 16552630 5475 16563270 5013 16573899 4589 16584423
E3 973184 975923 1056886 1059532 1171058 1173616 1314674 1317145 1486739 1489127 1686294 1688601 1912411 1914641 2130900 2133054 2342017 2344099 2546012 2548023 2743125 2745068 2933588 2935465 3117625 3119439 3295453 3297206 3467281 3468975 3633313 3634950 3793743 3795325
E4 0 16486662 16497752 16489598 16485462 16484657 16486593 16490761 16496723 16504103 16512583 16521889 16531790 16542092 16552630 16563270 16573899 0 18585 17047 15634 14336 13143 12049 11043 10121 9274 8497 7784 7130 6530 5980 5475 5013
F
IN 8388607 8388607 8388607 8388607 8388607 8388607 8388607 8388607 8388607 8388607 8388607 8388607 8388607 8388607 8388607 8388607 8388607 8388607 8388607 8388607 8388607 8388607 8388607 8388607 8388607 8388607 8388607 8388607 8388607 8388607 8388607 8388607 21931 21931 21931 21931 21931 21931 21931 21931 21931 21931 21931 21931 21931 21931 21931 21931 5890554 5890554 5890554 5890554 5890554 5890554 5890554 5890554 5890554 5890554 5890554 5890554 5890554 5890554 5890554 5890554 4194304 4194304 4194304 0 0 5890554 84663 464 16694245 4589 16584423 3793743 3795325 0 0
E1 464 16694245 420 16642284 380 16654995 344 16666510 312 16676939 283 16686386 256 16694943 232 16702693 210 16709714 190 16716073 172 16721833 156 16727051 141 16731777 128 16736057 116 16739935 105 16743447 95 16746628 5890554 21931
E2 4589 16584423 4200 16594769 3844 16599245 3517 16604497 3219 16610339 2945 16616613 2694 16623186 2464 16629946 2254 16636800 2061 16643669 1885 16650490 1724 16657211 1576 16663790 1441 16670195 1317 16676400 1204 16682385 1100 16688138
E3 3793743 3795325 3948760 3950289 4098548 4100025 4243283 4244710 4383134 4384513 4518268 4519600 4648842 4650130 4775011 4776255 4896924 4898126 5014723 5015885 5128549 5129671 5238534 5239618 5344808 5345856 5447497 5448510 5546722 5547701 5642599 5643545 5735242 5736156
E4 0 16584423 16594769 16599245 16604497 16610339 16616613 16623186 16629946 16636800 16643669 16650490 16657211 16663790 16670195 16676400 16682385 0 4589 4200 3844 3517 3219 2945 2694 2464 2254 2061 1885 1724 1576 1441 1317 1204
F
IN 8388607 8388607 8388607 8388607 8388607 8388607 8388607 8388607 8388607 8388607 8388607 8388607 8388607 8388607 8388607 8388607 8388607 8388607 8388607 8388607 8388607 8388607 8388607 8388607 8388607 8388607 8388607 8388607 8388607 8388607 8388607 8388607 5437 5437 5437 5437 5437 5437 5437 5437 5437 5437 5437 5437 5437 5437 5437 5437 5890554 5890554 5890554 5890554 5890554 5890554 5890554 5890554 5890554 5890554 5890554 5890554 5890554 5890554 5890554 5890554 4194304 4194304 4194304 0 0 5890554 21931 95 16746628 1100 16688138 5735242 5736156 0 0
E1 95 16746628 86 16733792 77 16737883 70 16741588 64 16744945 58 16747985 52 16750739 47 16753233 43 16755492 39 16757539 35 16759393 32 16761072 29 16762593 26 16763970 24 16765218 21 16766348 19 16767372 5890554 5437
E2 1100 16688138 1005 16693648 918 16697430 839 16701241 767 16705042 700 16708801 640 16712492 584 16716095 534 16719594 488 16722976 445 16726232 407 16729356 371 16732344 339 16735193 310 16737904 283 16740478 258 16742915
E3 5735242 5736156 5824759 5825642 5911256 5912109 5994834 5995659 6075594 6076390 6153628 6154398 6229030 6229774 6301888 6302607 6372288 6372983 6440313 6440984 6506043 6506691 6569555 6570182 6630925 6631531 6690224 6690809 6747523 6748088 6802888 6803435 6856386 6856914
E4 0 16688138 16693648 16697430 16701241 16705042 16708801 16712492 16716095 16719594 16722976 16726232 16729356 16732344 16735193 16737904 16740478 0 1100 1005 918 839 767 700 640 584 534 488 445 407 371 339 310 283
CFG 22 ATK=64 DEC=64 BOFS=64 WOFS=1
F
IN 0 0 0 0 0 0 0 0 0 0 0 0 0 0 0 0 0 0 0 0 0 0 0 0 0 0 0 0 0 0 0 0 0 0 0 0 0 0 0 0 0 0 0 0 0 0 0 0 5890554 5890554 5890554 5890554 5890554 5890554 5890554 5890554 5890554 5890554 5890554 5890554 5890554 5890554 5890554 5890554 4194304 4194304 4194304 65536 0 0 0 0 0 0 0 0 0 0 0
E1 0 0 5613086 0 5084292 0 4605314 0 4171459 0 3778477 0 3422516 0 3100090 0 2808039 0 2543501 0 2303884 0 2086841 0 1890245 0 1712170 0 1550871 0 1404767 0 1272428 0 5890554 0
E2 0 0 0 0 559440 0 1010419 0 1368712 0 1648054 0 1860388 0 2016081 0 2124121 0 2192285 0 2227290 0 2234923 0 2220165 0 2187282 0 2139929 0 2081219 0 2013799 0
E3 0 0 0 0 0 0 0 0 0 0 0 0 0 0 0 0 0 0 0 0 0 0 0 0 0 0 0 0 0 0 0 0 0 0
E4 0 0 0 0 0 0 0 0 0 0 0 0 0 0 0 0 0 0 0 0 559440 1010419 1368712 1648054 1860388 2016081 2124121 2192285 2227290 2234923 2220165 2187282 2139929 2081219
F
IN 0 0 0 0 0 0 0 0 0 0 493456 1480352 2467248 3454144 4441039 5427935 0 0 0 0 0 0 0 0 0 0 493456 1480352 2467248 3454144 4441039 5427935 0 0 0 0 0 0 0 0 0 0 0 0 0 0 0 0 5890554 5890554 5890554 5890554 5890554 5890554 5890554 5890554 5890554 5890554 5890554 5890554 5890554 5890554 5890554 5890554 4194304 4194304 4194304 65536 0 5890554 0 1272428 0 2013799 0 0 0 0 0
E1 1272428 0 1152555 0 1043976 0 945626 0 856541 0 775848 0 702758 0 636553 0 576585 0 522266 0 473065 0 428499 0 388131 0 351566 0 318446 0 288446 0 261272 0 5890554 0
E2 2013799 0 1939908 0 1861435 0 1779961 0 1696805 0 1613058 0 1529616 0 1447205 0 1366410 0 1287690 0 1211403 0 1137815 0 1067119 0 999446 0 934874 0 873436 0 815132 0
E3 0 0 0 0 0 0 0 0 0 0 0 0 0 0 0 0 0 0 0 0 0 0 16647 16647 66029 66029 147039 147039 258611 258611 399715 399715 569353 569353
E4 0 0 0 0 0 0 0 0 0 0 0 0 0 0 0 0 0 0 2013799 1939908 1861435 1779961 1696805 1613058 1529616 1447205 1366410 1287690 1211403 1137815 1067119 999446 934874 873436
F
IN 6414815 7401711 8388607 7401711 6414815 5427919 4441023 3454128 2467232 1480336 493440 11 34 57 80 103 6414815 7401711 8388607 7401711 6414815 5427919 4441023 3454128 2467232 1480336 493440 12 35 58 81 104 2148639 2148639 2148639 2148639 2148639 2148639 2148639 2148639 2148639 2148639 2148639 2148639 2148639 2148639 2148639 2148639 5890554 5890554 5890554 5890554 5890554 5890554 5890554 5890554 5890554 5890554 5890554 5890554 5890554 5890554 5890554 5890554 4194304 4194304 4194304 65536 0 5890554 0 261272 0 815132 0 569353 569353 0 0
E1 261272 0 236658 2047430 214363 1854546 194168 1679834 175876 1521582 159307 1378237 144299 1248397 130705 1130789 118392 1024260 107239 927767 97136 840365 87985 761196 79696 689486 72188 624531 65388 565696 59228 512403 53648 464131 5890554 2148639
E2 815132 0 759930 0 707777 204061 658600 368560 612311 499251 568813 601144 527998 678595 489756 735385 453971 774794 420524 799658 389300 812426 360181 815211 333052 809827 307801 797833 284318 780561 262498 759146 242238 734553
E3 569353 569353 766562 766562 990413 990413 1240007 1240007 1447886 1447886 1615456 1615456 1744078 1744078 1835065 1835065 1889688 1889688 1909173 1909173 1894705 1894705 1847430 1847430 1785103 1785103 1724880 1724880 1666690 1666689 1610463 1610463 1556134 1556134
E4 0 0 0 204061 368560 499251 601144 678595 735385 774794 799658 812426 815211 809827 797833 780561 759146 0 815132 759930 707777 658600 612311 568813 527998 489756 453971 420524 389300 360181 333052 307801 284318 262498
F
IN 126 149 172 195 247568 494940 742313 989686 1237059 1484431 1731804 1979177 1979167 1731784 1484400 1237017 127 150 173 196 245383 490570 735756 980943 1226130 1471317 1716504 1961691 1961681 1716483 1471286 1226088 931740 931740 931740 931740 931740 931740 931740 931740 931740 931740 931740 931740 931740 931740 931740 931740 5890554 5890554 5890554 5890554 5890554 5890554 5890554 5890554 5890554 5890554 5890554 5890554 5890554 5890554 5890554 5890554 4194304 4194304 4194304 65536 0 5890554 2148639 53648 464131 242238 734553 1556134 1556134 0 0
E1 53648 464131 48593 16038043 44016 16107679 39869 16170754 36113 16227888 32711 16279638 29629 16326514 26838 16368973 24310 16407433 22020 16442269 19945 16473824 18066 16502405 16364 16528295 14823 16551745 13426 16572986 12161 16592226 11016 16609653 5890554 931740
E2 242238 734553 223441 707600 206015 563404 189869 440521 174919 336171 161084 247916 148290 173614 136463 111391 125537 59600 115448 16805 106136 16758963 97546 16730544 89624 16707806 82323 16689914 75595 16676143 69399 16665862 63694 16658523
E3 1556134 1556134 1503638 1503638 1452915 1452915 1403903 1403903 1356546 1356546 1319059 1319132 1291108 1291326 1272372 1272804 1262540 1263253 1261311 1262369 1268396 1269861 1283514 1285445 1306394 1308850 1328502 1331464 1341591 1344970 1345967 1349674 1341922 1345873
E4 0 734553 707600 563404 440521 336171 247916 173614 111391 59600 16805 16758963 16730544 16707806 16689914 16676143 16665862 0 242238 223441 206015 189869 174919 161084 148290 136463 125537 115448 106136 97546 89624 82323 75595 69399
F
IN 989637 742254 494870 247487 103 103 103 102 102 102 102 101 101 493551 1480435 2467319 980894 735696 490499 245301 103 103 102 102 102 101 101 101 100 493550 1480434 2467318 282758 282758 282758 282758 282758 282758 282758 282758 282758 282758 282758 282758 282758 282758 282758 282758 5890554 5890554 5890554 5890554 5890554 5890554 5890554 5890554 5890554 5890554 5890554 5890554 5890554 5890554 5890554 5890554 4194304 4194304 4194304 65536 0 5890554 931740 11016 16609653 63694 16658523 1341922 1345873 0 0
E1 11016 16609653 9978 16007026 9038 16079583 8186 16145305 7415 16204836 6717 16258759 6084 16307601 5511 16351842 4991 16391916 4521 16428214 4095 16461092 3710 16490874 3360 16517849 3043 16542283 2757 16564416 2497 16584463 2262 16602622 5890554 282758
E2 63694 16658523 58443 16653652 53613 16589204 49170 16538412 45085 16499232 41331 16469890 37881 16448848 34712 16434770 31802 16426505 29129 16423057 26677 16423571 24426 16427311 22361 16433646 20468 16442038 18731 16452029 17139 16463231 15680 16475314
E3 1341922 1345873 1329741 1333854 1309700 1313895 1282062 1286264 1247085 1251218 1205015 1209009 1164365 1168224 1125086 1128815 1087132 1090735 1050459 1053940 1015023 1018387 980782 984033 947697 950838 915728 918763 901485 904417 921017 923850 973184 975923
E4 0 16658523 16653652 16589204 16538412 16499232 16469890 16448848 16434770 16426505 16423057 16423571 16427311 16433646 16442038 16452029 16463231 0 63694 58443 53613 49170 45085 41331 37881 34712 31802 29129 26677 24426 22361 20468 18731 17139
F
IN 3454187 4441071 5427955 6414839 7401723 8388607 8388607 8388607 8388607 8388607 8388607 8388607 8388607 8388607 8388607 8388607 3454186 4441071 5427955 6414839 7401723 8388607 8388607 8388607 8388607 8388607 8388607 8388607 8388607 8388607 8388607 8388607 75104 75104 75104 75104 75104 75104 75104 75104 75104 75104 75104 75104 75104 75104 75104 75104 5890554 5890554 5890554 5890554 5890554 5890554 5890554 5890554 5890554 5890554 5890554 5890554 5890554 5890554 5890554 5890554 4194304 4194304 4194304 65536 0 5890554 282758 2262 16602622 15680 16475314 973184 975923 0 0
E1 2262 16602622 2048 16421197 1855 16454736 1681 16485116 1522 16512634 1379 16537560 1249 16560137 1131 16580588 1025 16599112 928 16615890 841 16631088 762 16644855 690 16657324 625 16668619 566 16678850 513 16688116 464 16696510 5890554 75104
E2 15680 16475314 14342 16488002 13117 16481344 11994 16478692 10967 16479332 10025 16482651 9163 16488124 8375 16495301 7653 16503801 6992 16513301 6388 16523526 5835 16534246 5329 16545270 4867 16556438 4444 16567619 4058 16578705 3704 16589610
E3 973184 975923 1056886 1059532 1171058 1173616 1314674 1317145 1486739 1489127 1686294 1688601 1912411 1914641 2130900 2133054 2342017 2344099 2546012 2548023 2743125 2745068 2933588 2935465 3117625 3119439 3295453 3297206 3467281 3468975 3633313 3634950 3793743 3795325
E4 0 16475314 16488002 16481344 16478692 16479332 16482651 16488124 16495301 16503801 16513301 16523526 16534246 16545270 16556438 16567619 16578705 0 15680 14342 13117 11994 10967 10025 9163 8375 7653 6992 6388 5835 5329 4867 4444 4058
F
IN 8388607 8388607 8388607 8388607 8388607 8388607 8388607 8388607 8388607 8388607 8388607 8388607 8388607 8388607 8388607 8388607 8388607 8388607 8388607 8388607 8388607 8388607 8388607 8388607 8388607 8388607 8388607 8388607 8388607 8388607 8388607 8388607 18598 18598 18598 18598 18598 18598 18598 18598 18598 18598 18598 18598 18598 18598 18598 18598 5890554 5890554 5890554 5890554 5890554 5890554 5890554 5890554 5890554 5890554 5890554 5890554 5890554 5890554 5890554 5890554 4194304 4194304 4194304 65536 0 5890554 75104 464 16696510 3704 16589610 3793743 3795325 0 0
E1 464 16696510 420 16650268 380 16662228 344 16673060 312 16682873 283 16691760 256 16699811 232 16707103 210 16713708 190 16719691 172 16725111 156 16730019 141 16734466 128 16738493 116 16742141 105 16745445 95 16748438 5890554 18598
E2 3704 16589610 3381 16600264 3085 16605248 2816 16610927 2569 16617119 2345 16623673 2139 16630459 1951 16637371 1780 16644321 1624 16651237 1481 16658059 1350 16664742 1231 16671248 1123 16677549 1023 16683623 933 16689455 850 16695036
E3 3793743 3795325 3948760 3950289 4098548 4100025 4243283 4244710 4383134 4384513 4518268 4519600 4648842 4650130 4775011 4776255 4896924 4898126 5014723 5015885 5128549 5129671 5238534 5239618 5344808 5345856 5447497 5448510 5546722 5547701 5642599 5643545 5735242 5736156
E4 0 16589610 16600264 16605248 16610927 16617119 16623673 16630459 16637371 16644321 16651237 16658059 16664742 16671248 16677549 16683623 16689455 0 3704 3381 3085 2816 2569 2345 2139 1951 1780 1624 1481 1350 1231 1123 1023 933
F
IN 8388607 8388607 8388607 8388607 8388607 8388607 8388607 8388607 8388607 8388607 8388607 8388607 8388607 8388607 8388607 8388607 8388607 8388607 8388607 8388607 8388607 8388607 8388607 8388607 8388607 8388607 8388607 8388607 8388607 8388607 8388607 8388607 4412 4412 4412 4412 4412 4412 4412 4412 4412 4412 4412 4412 4412 4412 4412 4412 5890554 5890554 5890554 5890554 5890554 5890554 5890554 5890554 5890554 5890554 5890554 5890554 5890554 5890554 5890554 5890554 4194304 4194304 4194304 65536 0 5890554 18598 95 16748438 850 16695036 5735242 5736156 0 0
E1 95 16748438 86 16737631 77 16741360 70 16744738 64 16747798 58 16750569 52 16753079 47 16755353 43 16757413 39 16759278 35 16760968 32 16762499 29 16763885 26 16765141 24 16766279 21 16767309 19 16768243 5890554 4412
E2 850 16695036 774 16700358 706 16704073 643 16707789 586 16711472 534 16715092 486 16718628 443 16722062 404 16725380 368 16728572 335 16731633 305 16734557 278 16737341 253 16739987 230 16742494 210 16744865 191 16747102
E3 5735242 5736156 5824759 5825642 5911256 5912109 5994834 5995659 6075594 6076390 6153628 6154398 6229030 6229774 6301888 6302607 6372288 6372983 6440313 6440984 6506043 6506691 6569555 6570182 6630925 6631531 6690224 6690809 6747523 6748088 6802888 6803435 6856386 6856914
E4 0 16695036 16700358 16704073 16707789 16711472 16715092 16718628 16722062 16725380 16728572 16731633 16734557 16737341 16739987 16742494 16744865 0 850 774 706 643 586 534 486 443 404 368 335 305 278 253 230 210
CFG 23 ATK=64 DEC=64 BOFS=64 WOFS=32
F
IN 0 0 0 0 0 0 0 0 0 0 0 0 0 0 0 0 0 0 0 0 0 0 0 0 0 0 0 0 0 0 0 0 0 0 0 0 0 0 0 0 0 0 0 0 0 0 0 0 5890554 5890554 5890554 5890554 5890554 5890554 5890554 5890554 5890554 5890554 5890554 5890554 5890554 5890554 5890554 5890554 4194304 4194304 4194304 2097152 0 0 0 0 0 0 0 0 0 0 0
E1 0 0 5613086 0 5084292 0 4605314 0 4171459 0 3778477 0 3422516 0 3100090 0 2808039 0 2543501 0 2303884 0 2086841 0 1890245 0 1712170 0 1550871 0 1404767 0 1272428 0 5890554 0
E2 0 0 0 0 2670432 0 3818828 0 4193000 0 4182752 0 3990418 0 3720238 0 3425201 0 3131586 0 2851804 0 2591130 0 2351214 0 2131908 0 1932217 0 1750791 0 1586170 0
E3 0 0 0 0 0 0 0 0 0 0 0 0 0 0 0 0 0 0 0 0 0 0 0 0 0 0 0 0 0 0 0 0 0 0
E4 0 0 0 0 0 0 0 0 0 0 0 0 0 0 0 0 0 0 0 0 2670432 3818828 4193000 4182752 3990418 3720238 3425201 3131586 2851804 2591130 2351214 2131908 1932217 1750791
F
IN 0 0 0 0 0 0 0 0 0 0 493456 1480352 2467248 3454144 4441039 5427935 0 0 0 0 0 0 0 0 0 0 493456 1480352 2467248 3454144 4441039 5427935 0 0 0 0 0 0 0 0 0 0 0 0 0 0 0 0 5890554 5890554 5890554 5890554 5890554 5890554 5890554 5890554 5890554 5890554 5890554 5890554 5890554 5890554 5890554 5890554 4194304 4194304 4194304 2097152 0 5890554 0 1272428 0 1586170 0 0 0 0 0
E1 1272428 0 1152555 0 1043976 0 945626 0 856541 0 775848 0 702758 0 636553 0 576585 0 522266 0 473065 0 428499 0 388131 0 351566 0 318446 0 288446 0 261272 0 5890554 0
E2 1586170 0 1436906 0 1301626 0 1179049 0 1067998 0 967397 0 876267 0 793720 0 718947 0 651219 0 589869 0 534299 0 483965 0 438372 0 397074 0 359666 0 325783 0
E3 0 0 0 0 0 0 0 0 0 0 0 0 0 0 0 0 0 0 0 0 0 0 16647 16647 66029 66029 147039 147039 258611 258611 399715 399715 569353 569353
E4 0 0 0 0 0 0 0 0 0 0 0 0 0 0 0 0 0 0 1586170 1436906 1301626 1179049 1067998 967397 876267 793720 718947 651219 589869 534299 483965 438372 397074 359666
F
IN 6414815 7401711 8388607 7401711 6414815 5427919 4441023 3454128 2467232 1480336 493440 11 34 57 80 103 6414815 7401711 8388607 7401711 6414815 5427919 4441023 3454128 2467232 1480336 493440 12 35 58 81 104 1915412 1915412 1915412 1915412 1915412 1915412 1915412 1915412 1915412 1915412 1915412 1915412 1915412 1915412 1915412 1915412 5890554 5890554 5890554 5890554 5890554 5890554 5890554 5890554 5890554 5890554 5890554 5890554 5890554 5890554 5890554 5890554 4194304 4194304 4194304 2097152 0 5890554 0 261272 0 325783 0 569353 569353 0 0
E1 261272 0 236658 1825188 214363 1653242 194168 1497495 175876 1356419 159307 1228635 144299 1112888 130705 1008046 118392 913080 107239 827062 97136 749146 87985 678571 79696 614645 72188 556741 65388 504291 59228 456784 53648 413751 5890554 1915412
E2 325783 0 295091 0 267292 868335 242111 1241755 219302 1363424 198642 1360091 179928 1297551 162978 1209697 147624 1113762 133717 1018287 121120 927311 109709 842549 99374 764536 90012 693226 81532 628293 73852 569299 66894 515769
E3 569353 569353 766562 766562 990413 990413 1240007 1240007 1447886 1447886 1615456 1615456 1744078 1744078 1835065 1835065 1889688 1889688 1909173 1909173 1894705 1894705 1847430 1847430 1785103 1785103 1724880 1724880 1666690 1666689 1610463 1610463 1556134 1556134
E4 0 0 0 868335 1241755 1363424 1360091 1297551 1209697 1113762 1018287 927311 842549 764536 693226 628293 569299 0 325783 295091 267292 242111 219302 198642 179928 162978 147624 133717 121120 109709 99374 90012 81532 73852
F
IN 126 149 172 195 247568 494940 742313 989686 1237059 1484431 1731804 1979177 1979167 1731784 1484400 1237017 127 150 173 196 245383 490570 735756 980943 1226130 1471317 1716504 1961691 1961681 1716483 1471286 1226088 393549 393549 393549 393549 393549 393549 393549 393549 393549 393549 393549 393549 393549 393549 393549 393549 5890554 5890554 5890554 5890554 5890554 5890554 5890554 5890554 5890554 5890554 5890554 5890554 5890554 5890554 5890554 5890554 4194304 4194304 4194304 2097152 0 5890554 1915412 53648 413751 66894 515769 1556134 1556134 0 0
E1 53648 413751 48593 15701811 44016 15803122 39869 15894889 36113 15978010 32711 16053301 29629 16121500 26838 16183273 24310 16239227 22020 16289909 19945 16335817 18066 16377400 16364 16415066 14823 16449183 13426 16480086 12161 16508078 11016 16533433 5890554 393549
E2 66894 515769 60592 467233 54883 16510537 49713 16173984 45030 16041204 40788 16011140 36945 16031198 33464 16074159 30312 16126070 27457 16179905 24870 16232239 22527 16281517 20405 16327133 18482 16368967 16741 16407130 15164 16441839 13735 16473352
E3 1556134 1556134 1503638 1503638 1452915 1452915 1403903 1403903 1356546 1356546 1319059 1319132 1291108 1291326 1272372 1272804 1262540 1263253 1261311 1262369 1268396 1269861 1283514 1285445 1306394 1308850 1328502 1331464 1341591 1344970 1345967 1349674 1341922 1345873
E4 0 515769 467233 16510537 16173984 16041204 16011140 16031198 16074159 16126070 16179905 16232239 16281517 16327133 16368967 16407130 16441839 0 66894 60592 54883 49713 45030 40788 36945 33464 30312 27457 24870 22527 20405 18482 16741 15164
F
IN 989637 742254 494870 247487 103 103 103 102 102 102 102 101 101 493551 1480435 2467319 980894 735696 490499 245301 103 103 102 102 102 101 101 101 100 493550 1480434 2467318 80810 80810 80810 80810 80810 80810 80810 80810 80810 80810 80810 80810 80810 80810 80810 80810 5890554 5890554 5890554 5890554 5890554 5890554 5890554 5890554 5890554 5890554 5890554 5890554 5890554 5890554 5890554 5890554 4194304 4194304 4194304 2097152 0 5890554 393549 11016 16533433 13735 16473352 1341922 1345873 0 0
E1 11016 16533433 9978 16258391 9038 16307268 8186 16351541 7415 16391642 6717 16427966 6084 16460868 5511 16490671 4991 16517665 4521 16542117 4095 16564265 3710 16584326 3360 16602498 3043 16618958 2757 16633867 2497 16647371 2262 16659604 5890554 80810
E2 13735 16473352 12441 16501935 11269 16386069 10208 16348579 9246 16349988 8375 16369805 7586 16397475 6871 16427635 6224 16457624 5638 16486189 5106 16512797 4625 16537282 4190 16559664 3795 16580042 3437 16598556 3114 16615356 2820 16630587
E3 1341922 1345873 1329741 1333854 1309700 1313895 1282062 1286264 1247085 1251218 1205015 1209009 1164365 1168224 1125086 1128815 1087132 1090735 1050459 1053940 1015023 1018387 980782 984033 947697 950838 915728 918763 901485 904417 921017 923850 973184 975923
E4 0 16473352 16501935 16386069 16348579 16349988 16369805 16397475 16427635 16457624 16486189 16512797 16537282 16559664 16580042 16598556 16615356 0 13735 12441 11269 10208 9246 8375 7586 6871 6224 5638 5106 4625 4190 3795 3437 3114
F
IN 3454187 4441071 5427955 6414839 7401723 8388607 8388607 8388607 8388607 8388607 8388607 8388607 8388607 8388607 8388607 8388607 3454186 4441071 5427955 6414839 7401723 8388607 8388607 8388607 8388607 8388607 8388607 8388607 8388607 8388607 8388607 8388607 16593 16593 16593 16593 16593 16593 16593 16593 16593 16593 16593 16593 16593 16593 16593 16593 5890554 5890554 5890554 5890554 5890554 5890554 5890554 5890554 5890554 5890554 5890554 5890554 5890554 5890554 5890554 5890554 4194304 4194304 4194304 2097152 0 5890554 80810 2262 16659604 2820 16630587 973184 975923 0 0
E1 2262 16659604 2048 16609491 1855 16625292 1681 16639605 1522 16652569 1379 16664311 1249 16674948 1131 16684582 1025 16693309 928 16701214 841 16708374 762 16714859 690 16720733 625 16726055 566 16730874 513 16735240 464 16739195 5890554 16593
E2 2820 16630587 2554 16644391 2313 16627788 2095 16626600 1898 16632787 1720 16642199 1557 16652718 1411 16663294 1278 16673422 1157 16682883 1048 16691604 950 16699583 860 16706850 779 16713455 706 16719450 640 16724885 579 16729811
E3 973184 975923 1056886 1059532 1171058 1173616 1314674 1317145 1486739 1489127 1686294 1688601 1912411 1914641 2130900 2133054 2342017 2344099 2546012 2548023 2743125 2745068 2933588 2935465 3117625 3119439 3295453 3297206 3467281 3468975 3633313 3634950 3793743 3795325
E4 0 16630587 16644391 16627788 16626600 16632787 16642199 16652718 16663294 16673422 16682883 16691604 16699583 16706850 16713455 16719450 16724885 0 2820 2554 2313 2095 1898 1720 1557 1411 1278 1157 1048 950 860 779 706 640
F
IN 8388607 8388607 8388607 8388607 8388607 8388607 8388607 8388607 8388607 8388607 8388607 8388607 8388607 8388607 8388607 8388607 8388607 8388607 8388607 8388607 8388607 8388607 8388607 8388607 8388607 8388607 8388607 8388607 8388607 8388607 8388607 8388607 3408 3408 3408 3408 3408 3408 3408 3408 3408 3408 3408 3408 3408 3408 3408 3408 5890554 5890554 5890554 5890554 5890554 5890554 5890554 5890554 5890554 5890554 5890554 5890554 5890554 5890554 5890554 5890554 4194304 4194304 4194304 2097152 0 5890554 16593 464 16739195 579 16729811 3793743 3795325 0 0
E1 464 16739195 420 16730212 380 16734641 344 16738651 312 16742285 283 16745575 256 16748556 232 16751256 210 16753702 190 16755917 172 16757923 156 16759741 141 16761387 128 16762878 116 16764229 105 16765453 95 16766561 5890554 3408
E2 579 16729811 524 16734275 474 16732342 430 16733436 389 16735917 352 16738946 319 16742100 289 16745172 262 16748066 237 16750747 215 16753207 195 16755451 176 16757492 159 16759345 145 16761025 131 16762550 118 16763931
E3 3793743 3795325 3948760 3950289 4098548 4100025 4243283 4244710 4383134 4384513 4518268 4519600 4648842 4650130 4775011 4776255 4896924 4898126 5014723 5015885 5128549 5129671 5238534 5239618 5344808 5345856 5447497 5448510 5546722 5547701 5642599 5643545 5735242 5736156
E4 0 16729811 16734275 16732342 16733436 16735917 16738946 16742100 16745172 16748066 16750747 16753207 16755451 16757492 16759345 16761025 16762550 0 579 524 474 430 389 352 319 289 262 237 215 195 176 159 145 131
F
IN 8388607 8388607 8388607 8388607 8388607 8388607 8388607 8388607 8388607 8388607 8388607 8388607 8388607 8388607 8388607 8388607 8388607 8388607 8388607 8388607 8388607 8388607 8388607 8388607 8388607 8388607 8388607 8388607 8388607 8388607 8388607 8388607 701 701 701 701 701 701 701 701 701 701 701 701 701 701 701 701 5890554 5890554 5890554 5890554 5890554 5890554 5890554 5890554 5890554 5890554 5890554 5890554 5890554 5890554 5890554 5890554 4194304 4194304 4194304 2097152 0 5890554 3408 95 16766561 118 16763931 5735242 5736156 0 0
E1 95 16766561 86 16764985 77 16766137 70 16767181 64 16768126 58 16768982 52 16769758 47 16770461 43 16771097 39 16771674 35 16772196 32 16772669 29 16773097 26 16773485 24 16773837 21 16774155 19 16774443 5890554 701
E2 118 16763931 107 16765182 97 16765088 87 16765587 79 16766345 72 16767193 65 16768044 59 16768859 53 16769621 49 16770324 44 16770966 39 16771551 36 16772083 33 16772565 29 16773003 27 16773400 24 16773759
E3 5735242 5736156 5824759 5825642 5911256 5912109 5994834 5995659 6075594 6076390 6153628 6154398 6229030 6229774 6301888 6302607 6372288 6372983 6440313 6440984 6506043 6506691 6569555 6570182 6630925 6631531 6690224 6690809 6747523 6748088 6802888 6803435 6856386 6856914
E4 0 16763931 16765182 16765088 16765587 16766345 16767193 16768044 16768859 16769621 16770324 16770966 16771551 16772083 16772565 16773003 16773400 0 118 107 97 87 79 72 65 59 53 49 44 39 36 33 29 27
CFG 24 ATK=64 DEC=64 BOFS=64 WOFS=64
F
IN 0 0 0 0 0 0 0 0 0 0 0 0 0 0 0 0 0 0 0 0 0 0 0 0 0 0 0 0 0 0 0 0 0 0 0 0 0 0 0 0 0 0 0 0 0 0 0 0 5890554 5890554 5890554 5890554 5890554 5890554 5890554 5890554 5890554 5890554 5890554 5890554 5890554 5890554 5890554 5890554 4194304 4194304 4194304 4194304 0 0 0 0 0 0 0 0 0 0 0
E1 0 0 5613086 0 5084292 0 4605314 0 4171459 0 3778477 0 3422516 0 3100090 0 2808039 0 2543501 0 2303884 0 2086841 0 1890245 0 1712170 0 1550871 0 1404767 0 1272428 0 5890554 0
E2 0 0 0 0 5119166 0 5087360 0 4647732 0 4213368 0 3816745 0 3457206 0 3131514 0 2836503 0 2569284 0 2327237 0 2107995 0 1909406 0 1729525 0 1566592 0 1419006 0
E3 0 0 0 0 0 0 0 0 0 0 0 0 0 0 0 0 0 0 0 0 0 0 0 0 0 0 0 0 0 0 0 0 0 0
E4 0 0 0 0 0 0 0 0 0 0 0 0 0 0 0 0 0 0 0 0 5119166 5087360 4647732 4213368 3816745 3457206 3131514 2836503 2569284 2327237 2107995 1909406 1729525 1566592
F
IN 0 0 0 0 0 0 0 0 0 0 493456 1480352 2467248 3454144 4441039 5427935 0 0 0 0 0 0 0 0 0 0 493456 1480352 2467248 3454144 4441039 5427935 0 0 0 0 0 0 0 0 0 0 0 0 0 0 0 0 5890554 5890554 5890554 5890554 5890554 5890554 5890554 5890554 5890554 5890554 5890554 5890554 5890554 5890554 5890554 5890554 4194304 4194304 4194304 4194304 0 5890554 0 1272428 0 1419006 0 0 0 0 0
E1 1272428 0 1152555 0 1043976 0 945626 0 856541 0 775848 0 702758 0 636553 0 576585 0 522266 0 473065 0 428499 0 388131 0 351566 0 318446 0 288446 0 261272 0 5890554 0
E2 1419006 0 1285326 0 1164238 0 1054558 0 955211 0 865224 0 783712 0 709882 0 643005 0 582430 0 527560 0 477860 0 432843 0 392065 0 355130 0 321674 0 291370 0
E3 0 0 0 0 0 0 0 0 0 0 0 0 0 0 0 0 0 0 0 0 0 0 16647 16647 66029 66029 147039 147039 258611 258611 399715 399715 569353 569353
E4 0 0 0 0 0 0 0 0 0 0 0 0 0 0 0 0 0 0 1419006 1285326 1164238 1054558 955211 865224 783712 709882 643005 582430 527560 477860 432843 392065 355130 321674
F
IN 6414815 7401711 8388607 7401711 6414815 5427919 4441023 3454128 2467232 1480336 493440 11 34 57 80 103 6414815 7401711 8388607 7401711 6414815 5427919 4441023 3454128 2467232 1480336 493440 12 35 58 81 104 1714178 1714178 1714178 1714178 1714178 1714178 1714178 1714178 1714178 1714178 1714178 1714178 1714178 1714178 1714178 1714178 5890554 5890554 5890554 5890554 5890554 5890554 5890554 5890554 5890554 5890554 5890554 5890554 5890554 5890554 5890554 5890554 4194304 4194304 4194304 4194304 0 5890554 0 261272 0 291370 0 569353 569353 0 0
E1 261272 0 236658 1633433 214363 1479552 194168 1340167 175876 1213913 159307 1099554 144299 995968 130705 902140 118392 817152 107239 740170 97136 670441 87985 607280 79696 550070 72188 498249 65388 451310 59228 408794 53648 370282 5890554 1714178
E2 291370 0 263920 0 239057 1489700 216536 1480445 196136 1352510 177659 1226109 160922 1110690 145761 1006063 132030 911285 119592 825435 108326 747673 98121 677237 88877 613435 80504 555646 72920 503300 66050 455885 59829 412937
E3 569353 569353 766562 766562 990413 990413 1240007 1240007 1447886 1447886 1615456 1615456 1744078 1744078 1835065 1835065 1889688 1889688 1909173 1909173 1894705 1894705 1847430 1847430 1785103 1785103 1724880 1724880 1666690 1666689 1610463 1610463 1556134 1556134
E4 0 0 0 1489700 1480445 1352510 1226109 1110690 1006063 911285 825435 747673 677237 613435 555646 503300 455885 0 291370 263920 239057 216536 196136 177659 160922 145761 132030 119592 108326 98121 88877 80504 72920 66050
F
IN 126 149 172 195 247568 494940 742313 989686 1237059 1484431 1731804 1979177 1979167 1731784 1484400 1237017 127 150 173 196 245383 490570 735756 980943 1226130 1471317 1716504 1961691 1961681 1716483 1471286 1226088 351978 351978 351978 351978 351978 351978 351978 351978 351978 351978 351978 351978 351978 351978 351978 351978 5890554 5890554 5890554 5890554 5890554 5890554 5890554 5890554 5890554 5890554 5890554 5890554 5890554 5890554 5890554 5890554 4194304 4194304 4194304 4194304 0 5890554 1714178 53648 370282 59829 412937 1556134 1556134 0 0
E1 53648 370282 48593 15814579 44016 15905266 39869 15987411 36113 16061816 32711 16129212 29629 16190259 26838 16245555 24310 16295641 22020 16341009 19945 16382103 18066 16419325 16364 16453041 14823 16483581 13426 16511244 12161 16536300 11016 16558996 5890554 351978
E2 59829 412937 54191 374035 49086 15932198 44462 15907636 40273 15980392 36479 16054651 33043 16122651 29929 16184310 27110 16240165 24557 16290760 22243 16336587 20147 16378098 18249 16415697 16530 16449755 14973 16480605 13562 16508548 12285 16533858
E3 1556134 1556134 1503638 1503638 1452915 1452915 1403903 1403903 1356546 1356546 1319059 1319132 1291108 1291326 1272372 1272804 1262540 1263253 1261311 1262369 1268396 1269861 1283514 1285445 1306394 1308850 1328502 1331464 1341591 1344970 1345967 1349674 1341922 1345873
E4 0 412937 374035 15932198 15907636 15980392 16054651 16122651 16184310 16240165 16290760 16336587 16378098 16415697 16449755 16480605 16508548 0 59829 54191 49086 44462 40273 36479 33043 29929 27110 24557 22243 20147 18249 16530 14973 13562
F
IN 989637 742254 494870 247487 103 103 103 102 102 102 102 101 101 493551 1480435 2467319 980894 735696 490499 245301 103 103 102 102 102 101 101 101 100 493550 1480434 2467318 72271 72271 72271 72271 72271 72271 72271 72271 72271 72271 72271 72271 72271 72271 72271 72271 5890554 5890554 5890554 5890554 5890554 5890554 5890554 5890554 5890554 5890554 5890554 5890554 5890554 5890554 5890554 5890554 4194304 4194304 4194304 4194304 0 5890554 351978 11016 16558996 12285 16533858 1341922 1345873 0 0
E1 11016 16558996 9978 16313022 9038 16356752 8186 16396363 7415 16432242 6717 16464741 6084 16494179 5511 16520843 4991 16544995 4521 16566872 4095 16586688 3710 16604637 3360 16620895 3043 16635622 2757 16648961 2497 16661044 2262 16671988 5890554 72271
E2 12285 16533858 11127 16556783 10079 16334472 9130 16354792 8269 16392705 7490 16428763 6785 16461575 6146 16491310 5567 16518244 5041 16542641 4567 16564740 4137 16584757 3747 16602887 3394 16619311 3074 16634186 2785 16647661 2522 16659867
E3 1341922 1345873 1329741 1333854 1309700 1313895 1282062 1286264 1247085 1251218 1205015 1209009 1164365 1168224 1125086 1128815 1087132 1090735 1050459 1053940 1015023 1018387 980782 984033 947697 950838 915728 918763 901485 904417 921017 923850 973184 975923
E4 0 16533858 16556783 16334472 16354792 16392705 16428763 16461575 16491310 16518244 16542641 16564740 16584757 16602887 16619311 16634186 16647661 0 12285 11127 10079 9130 8269 7490 6785 6146 5567 5041 4567 4137 3747 3394 3074 2785
F
IN 3454187 4441071 5427955 6414839 7401723 8388607 8388607 8388607 8388607 8388607 8388607 8388607 8388607 8388607 8388607 8388607 3454186 4441071 5427955 6414839 7401723 8388607 8388607 8388607 8388607 8388607 8388607 8388607 8388607 8388607 8388607 8388607 14839 14839 14839 14839 14839 14839 14839 14839 14839 14839 14839 14839 14839 14839 14839 14839 5890554 5890554 5890554 5890554 5890554 5890554 5890554 5890554 5890554 5890554 5890554 5890554 5890554 5890554 5890554 5890554 4194304 4194304 4194304 4194304 0 5890554 72271 2262 16671988 2522 16659867 973184 975923 0 0
E1 2262 16671988 2048 16627174 1855 16641309 1681 16654113 1522 16665710 1379 16676214 1249 16685730 1131 16694348 1025 16702155 928 16709226 841 16715631 762 16721433 690 16726688 625 16731449 566 16735760 513 16739666 464 16743203 5890554 14839
E2 2522 16659867 2284 16670921 2069 16631023 1874 16640404 1698 16652907 1537 16664583 1393 16675191 1262 16684803 1143 16693508 1035 16701394 937 16708537 850 16715006 770 16720868 697 16726176 631 16730985 572 16735340 518 16739285
E3 973184 975923 1056886 1059532 1171058 1173616 1314674 1317145 1486739 1489127 1686294 1688601 1912411 1914641 2130900 2133054 2342017 2344099 2546012 2548023 2743125 2745068 2933588 2935465 3117625 3119439 3295453 3297206 3467281 3468975 3633313 3634950 3793743 3795325
E4 0 16659867 16670921 16631023 16640404 16652907 16664583 16675191 16684803 16693508 16701394 16708537 16715006 16720868 16726176 16730985 16735340 0 2522 2284 2069 1874 1698 1537 1393 1262 1143 1035 937 850 770 697 631 572
F
IN 8388607 8388607 8388607 8388607 8388607 8388607 8388607 8388607 8388607 8388607 8388607 8388607 8388607 8388607 8388607 8388607 8388607 8388607 8388607 8388607 8388607 8388607 8388607 8388607 8388607 8388607 8388607 8388607 8388607 8388607 8388607 8388607 3048 3048 3048 3048 3048 3048 3048 3048 3048 3048 3048 3048 3048 3048 3048 3048 5890554 5890554 5890554 5890554 5890554 5890554 5890554 5890554 5890554 5890554 5890554 5890554 5890554 5890554 5890554 5890554 4194304 4194304 4194304 4194304 0 5890554 14839 464 16743203 518 16739285 3793743 3795325 0 0
E1 464 16743203 420 16735171 380 16739132 344 16742720 312 16745970 283 16748913 256 16751580 232 16753995 210 16756182 190 16758164 172 16759959 156 16761584 141 16763057 128 16764391 116 16765599 105 16766694 95 16767685 5890554 3048
E2 518 16739285 468 16742858 424 16735847 384 16738843 348 16742379 315 16745654 286 16748626 258 16751320 235 16753760 212 16755969 192 16757971 174 16759784 157 16761425 143 16762914 129 16764261 117 16765481 106 16766587
E3 3793743 3795325 3948760 3950289 4098548 4100025 4243283 4244710 4383134 4384513 4518268 4519600 4648842 4650130 4775011 4776255 4896924 4898126 5014723 5015885 5128549 5129671 5238534 5239618 5344808 5345856 5447497 5448510 5546722 5547701 5642599 5643545 5735242 5736156
E4 0 16739285 16742858 16735847 16738843 16742379 16745654 16748626 16751320 16753760 16755969 16757971 16759784 16761425 16762914 16764261 16765481 0 518 468 424 384 348 315 286 258 235 212 192 174 157 143 129 117
F
IN 8388607 8388607 8388607 8388607 8388607 8388607 8388607 8388607 8388607 8388607 8388607 8388607 8388607 8388607 8388607 8388607 8388607 8388607 8388607 8388607 8388607 8388607 8388607 8388607 8388607 8388607 8388607 8388607 8388607 8388607 8388607 8388607 626 626 626 626 626 626 626 626 626 626 626 626 626 626 626 626 5890554 5890554 5890554 5890554 5890554 5890554 5890554 5890554 5890554 5890554 5890554 5890554 5890554 5890554 5890554 5890554 4194304 4194304 4194304 4194304 0 5890554 3048 95 16767685 106 16766587 5735242 5736156 0 0
E1 95 16767685 86 16766274 77 16767305 70 16768239 64 16769085 58 16769851 52 16770545 47 16771173 43 16771742 39 16772258 35 16772725 32 16773148 29 16773531 26 16773879 24 16774193 21 16774478 19 16774736 5890554 626
E2 106 16766587 95 16767588 87 16766390 78 16767224 71 16768150 64 16769002 59 16769777 53 16770477 47 16771112 43 16771686 40 16772208 35 16772680 33 16773106 29 16773494 26 16773845 24 16774163 22 16774450
E3 5735242 5736156 5824759 5825642 5911256 5912109 5994834 5995659 6075594 6076390 6153628 6154398 6229030 6229774 6301888 6302607 6372288 6372983 6440313 6440984 6506043 6506691 6569555 6570182 6630925 6631531 6690224 6690809 6747523 6748088 6802888 6803435 6856386 6856914
E4 0 16766587 16767588 16766390 16767224 16768150 16769002 16769777 16770477 16771112 16771686 16772208 16772680 16773106 16773494 16773845 16774163 0 106 95 87 78 71 64 59 53 47 43 40 35 33 29 26 24
CFG 25 ATK=64 DEC=64 BOFS=64 WOFS=96
F
IN 0 0 0 0 0 0 0 0 0 0 0 0 0 0 0 0 0 0 0 0 0 0 0 0 0 0 0 0 0 0 0 0 0 0 0 0 0 0 0 0 0 0 0 0 0 0 0 0 5890554 5890554 5890554 5890554 5890554 5890554 5890554 5890554 5890554 5890554 5890554 5890554 5890554 5890554 5890554 5890554 4194304 4194304 4194304 6291456 0 0 0 0 0 0 0 0 0 0 0
E1 0 0 5613086 0 5084292 0 4605314 0 4171459 0 3778477 0 3422516 0 3100090 0 2808039 0 2543501 0 2303884 0 2086841 0 1890245 0 1712170 0 1550871 0 1404767 0 1272428 0 5890554 0
E2 0 0 0 0 3608178 0 4557047 0 4588074 0 4320267 0 3971996 0 3618782 0 3285359 0 2978530 0 2698887 0 2444973 0 2214760 0 2006157 0 1817177 0 1645992 0 1490928 0
E3 0 0 0 0 0 0 0 0 0 0 0 0 0 0 0 0 0 0 0 0 0 0 0 0 0 0 0 0 0 0 0 0 0 0
E4 0 0 0 0 0 0 0 0 0 0 0 0 0 0 0 0 0 0 0 0 3608178 4557047 4588074 4320267 3971996 3618782 3285359 2978530 2698887 2444973 2214760 2006157 1817177 1645992
F
IN 0 0 0 0 0 0 0 0 0 0 493456 1480352 2467248 3454144 4441039 5427935 0 0 0 0 0 0 0 0 0 0 493456 1480352 2467248 3454144 4441039 5427935 0 0 0 0 0 0 0 0 0 0 0 0 0 0 0 0 5890554 5890554 5890554 5890554 5890554 5890554 5890554 5890554 5890554 5890554 5890554 5890554 5890554 5890554 5890554 5890554 4194304 4194304 4194304 6291456 0 5890554 0 1272428 0 1490928 0 0 0 0 0
E1 1272428 0 1152555 0 1043976 0 945626 0 856541 0 775848 0 702758 0 636553 0 576585 0 522266 0 473065 0 428499 0 388131 0 351566 0 318446 0 288446 0 261272 0 5890554 0
E2 1490928 0 1350472 0 1223248 0 1108009 0 1003627 0 909078 0 823436 0 745862 0 675596 0 611951 0 554300 0 502081 0 454781 0 411937 0 373130 0 337978 0 306138 0
E3 0 0 0 0 0 0 0 0 0 0 0 0 0 0 0 0 0 0 0 0 0 0 16647 16647 66029 66029 147039 147039 258611 258611 399715 399715 569353 569353
E4 0 0 0 0 0 0 0 0 0 0 0 0 0 0 0 0 0 0 1490928 1350472 1223248 1108009 1003627 909078 823436 745862 675596 611951 554300 502081 454781 411937 373130 337978
F
IN 6414815 7401711 8388607 7401711 6414815 5427919 4441023 3454128 2467232 1480336 493440 11 34 57 80 103 6414815 7401711 8388607 7401711 6414815 5427919 4441023 3454128 2467232 1480336 493440 12 35 58 81 104 1801056 1801056 1801056 1801056 1801056 1801056 1801056 1801056 1801056 1801056 1801056 1801056 1801056 1801056 1801056 1801056 5890554 5890554 5890554 5890554 5890554 5890554 5890554 5890554 5890554 5890554 5890554 5890554 5890554 5890554 5890554 5890554 4194304 4194304 4194304 6291456 0 5890554 0 261272 0 306138 0 569353 569353 0 0
E1 261272 0 236658 1716219 214363 1554538 194168 1408089 175876 1275437 159307 1155281 144299 1046445 130705 947863 118392 858567 107239 777683 97136 704420 87985 638058 79696 577949 72188 523502 65388 474184 59228 429512 53648 389049 5890554 1801056
E2 306138 0 277297 0 251174 1103212 227511 1393331 206077 1402818 186664 1320935 169078 1214450 153150 1106454 138722 1004509 125654 910695 113816 825193 103094 747559 93382 677170 84584 613389 76616 555608 69398 503267 62861 455857
E3 569353 569353 766562 766562 990413 990413 1240007 1240007 1447886 1447886 1615456 1615456 1744078 1744078 1835065 1835065 1889688 1889688 1909173 1909173 1894705 1894705 1847430 1847430 1785103 1785103 1724880 1724880 1666690 1666689 1610463 1610463 1556134 1556134
E4 0 0 0 1103212 1393331 1402818 1320935 1214450 1106454 1004509 910695 825193 747559 677170 613389 555608 503267 0 306138 277297 251174 227511 206077 186664 169078 153150 138722 125654 113816 103094 93382 84584 76616 69398
F
IN 126 149 172 195 247568 494940 742313 989686 1237059 1484431 1731804 1979177 1979167 1731784 1484400 1237017 127 150 173 196 245383 490570 735756 980943 1226130 1471317 1716504 1961691 1961681 1716483 1471286 1226088 369818 369818 369818 369818 369818 369818 369818 369818 369818 369818 369818 369818 369818 369818 369818 369818 5890554 5890554 5890554 5890554 5890554 5890554 5890554 5890554 5890554 5890554 5890554 5890554 5890554 5890554 5890554 5890554 4194304 4194304 4194304 6291456 0 5890554 1801056 53648 389049 62861 455857 1556134 1556134 0 0
E1 53648 389049 48593 15765792 44016 15861076 39869 15947383 36113 16025559 32711 16096371 29629 16160511 26838 16218610 24310 16271234 22020 16318902 19945 16362078 18066 16401187 16364 16436612 14823 16468699 13426 16497764 12161 16524090 11016 16547937 5890554 369818
E2 62861 455857 56938 412911 51574 16274543 46716 16008760 42314 15969306 38328 16005466 34717 16063901 31447 16126003 28484 16185533 25801 16240623 23370 16290942 21169 16336669 19174 16378142 17368 16415727 15732 16449779 14250 16480624 12907 16508565
E3 1556134 1556134 1503638 1503638 1452915 1452915 1403903 1403903 1356546 1356546 1319059 1319132 1291108 1291326 1272372 1272804 1262540 1263253 1261311 1262369 1268396 1269861 1283514 1285445 1306394 1308850 1328502 1331464 1341591 1344970 1345967 1349674 1341922 1345873
E4 0 455857 412911 16274543 16008760 15969306 16005466 16063901 16126003 16185533 16240623 16290942 16336669 16378142 16415727 16449779 16480624 0 62861 56938 51574 46716 42314 38328 34717 31447 28484 25801 23370 21169 19174 17368 15732 14250
F
IN 989637 742254 494870 247487 103 103 103 102 102 102 102 101 101 493551 1480435 2467319 980894 735696 490499 245301 103 103 102 102 102 101 101 101 100 493550 1480434 2467318 75935 75935 75935 75935 75935 75935 75935 75935 75935 75935 75935 75935 75935 75935 75935 75935 5890554 5890554 5890554 5890554 5890554 5890554 5890554 5890554 5890554 5890554 5890554 5890554 5890554 5890554 5890554 5890554 4194304 4194304 4194304 6291456 0 5890554 369818 11016 16547937 12907 16508565 1341922 1345873 0 0
E1 11016 16547937 9978 16289496 9038 16335443 8186 16377061 7415 16414759 6717 16448905 6084 16479834 5511 16507850 4991 16533226 4521 16556212 4095 16577032 3710 16595891 3360 16612973 3043 16628446 2757 16642461 2497 16655156 2262 16666655 5890554 75935
E2 12907 16508565 11691 16533873 10590 16376784 9592 16350209 8688 16367470 7870 16397868 7129 16430676 6457 16462275 5849 16491572 5297 16518348 4799 16542687 4346 16564765 3937 16584773 3566 16602900 3230 16619322 2926 16634196 2650 16647669
E3 1341922 1345873 1329741 1333854 1309700 1313895 1282062 1286264 1247085 1251218 1205015 1209009 1164365 1168224 1125086 1128815 1087132 1090735 1050459 1053940 1015023 1018387 980782 984033 947697 950838 915728 918763 901485 904417 921017 923850 973184 975923
E4 0 16508565 16533873 16376784 16350209 16367470 16397868 16430676 16462275 16491572 16518348 16542687 16564765 16584773 16602900 16619322 16634196 0 12907 11691 10590 9592 8688 7870 7129 6457 5849 5297 4799 4346 3937 3566 3230 2926
F
IN 3454187 4441071 5427955 6414839 7401723 8388607 8388607 8388607 8388607 8388607 8388607 8388607 8388607 8388607 8388607 8388607 3454186 4441071 5427955 6414839 7401723 8388607 8388607 8388607 8388607 8388607 8388607 8388607 8388607 8388607 8388607 8388607 15593 15593 15593 15593 15593 15593 15593 15593 15593 15593 15593 15593 15593 15593 15593 15593 5890554 5890554 5890554 5890554 5890554 5890554 5890554 5890554 5890554 5890554 5890554 5890554 5890554 5890554 5890554 5890554 4194304 4194304 4194304 6291456 0 5890554 75935 2262 16666655 2650 16647669 973184 975923 0 0
E1 2262 16666655 2048 16619571 1855 16634422 1681 16647874 1522 16660059 1379 16671096 1249 16681093 1131 16690149 1025 16698351 928 16705781 841 16712511 762 16718606 690 16724128 625 16729129 566 16733659 513 16737763 464 16741479 5890554 15593
E2 2650 16647669 2400 16659873 2174 16633966 1969 16634259 1784 16643011 1615 16653970 1464 16664979 1325 16675337 1201 16684859 1087 16693531 985 16701406 893 16708544 808 16715012 733 16720872 663 16726180 601 16730988 544 16735343
E3 973184 975923 1056886 1059532 1171058 1173616 1314674 1317145 1486739 1489127 1686294 1688601 1912411 1914641 2130900 2133054 2342017 2344099 2546012 2548023 2743125 2745068 2933588 2935465 3117625 3119439 3295453 3297206 3467281 3468975 3633313 3634950 3793743 3795325
E4 0 16647669 16659873 16633966 16634259 16643011 16653970 16664979 16675337 16684859 16693531 16701406 16708544 16715012 16720872 16726180 16730988 0 2650 2400 2174 1969 1784 1615 1464 1325 1201 1087 985 893 808 733 663 601
F
IN 8388607 8388607 8388607 8388607 8388607 8388607 8388607 8388607 8388607 8388607 8388607 8388607 8388607 8388607 8388607 8388607 8388607 8388607 8388607 8388607 8388607 8388607 8388607 8388607 8388607 8388607 8388607 8388607 8388607 8388607 8388607 8388607 3202 3202 3202 3202 3202 3202 3202 3202 3202 3202 3202 3202 3202 3202 3202 3202 5890554 5890554 5890554 5890554 5890554 5890554 5890554 5890554 5890554 5890554 5890554 5890554 5890554 5890554 5890554 5890554 4194304 4194304 4194304 6291456 0 5890554 15593 464 16741479 544 16735343 3793743 3795325 0 0
E1 464 16741479 420 16733038 380 16737200 344 16740970 312 16744384 283 16747477 256 16750279 232 16752817 210 16755115 190 16757197 172 16759083 156 16760791 141 16762339 128 16763740 116 16765010 105 16766160 95 16767201 5890554 3202
E2 544 16735343 492 16739287 446 16735270 403 16736510 365 16739377 331 16742596 301 16745734 272 16748655 246 16751331 223 16753763 202 16755970 182 16757972 166 16759784 149 16761426 136 16762913 123 16764261 112 16765482
E3 3793743 3795325 3948760 3950289 4098548 4100025 4243283 4244710 4383134 4384513 4518268 4519600 4648842 4650130 4775011 4776255 4896924 4898126 5014723 5015885 5128549 5129671 5238534 5239618 5344808 5345856 5447497 5448510 5546722 5547701 5642599 5643545 5735242 5736156
E4 0 16735343 16739287 16735270 16736510 16739377 16742596 16745734 16748655 16751331 16753763 16755970 16757972 16759784 16761426 16762913 16764261 0 544 492 446 403 365 331 301 272 246 223 202 182 166 149 136 123
F
IN 8388607 8388607 8388607 8388607 8388607 8388607 8388607 8388607 8388607 8388607 8388607 8388607 8388607 8388607 8388607 8388607 8388607 8388607 8388607 8388607 8388607 8388607 8388607 8388607 8388607 8388607 8388607 8388607 8388607 8388607 8388607 8388607 658 658 658 658 658 658 658 658 658 658 658 658 658 658 658 658 5890554 5890554 5890554 5890554 5890554 5890554 5890554 5890554 5890554 5890554 5890554 5890554 5890554 5890554 5890554 5890554 4194304 4194304 4194304 6291456 0 5890554 3202 95 16767201 112 16765482 5735242 5736156 0 0
E1 95 16767201 86 16765720 77 16766803 70 16767784 64 16768672 58 16769477 52 16770206 47 16770867 43 16771465 39 16772007 35 16772497 32 16772942 29 16773345 26 16773709 24 16774040 21 16774339 19 16774610 5890554 658
E2 112 16765482 101 16766586 91 16766030 82 16766527 74 16767335 68 16768194 61 16769019 56 16769782 50 16770479 45 16771113 41 16771688 38 16772208 34 16772680 31 16773107 27 16773494 25 16773845 23 16774163
E3 5735242 5736156 5824759 5825642 5911256 5912109 5994834 5995659 6075594 6076390 6153628 6154398 6229030 6229774 6301888 6302607 6372288 6372983 6440313 6440984 6506043 6506691 6569555 6570182 6630925 6631531 6690224 6690809 6747523 6748088 6802888 6803435 6856386 6856914
E4 0 16765482 16766586 16766030 16766527 16767335 16768194 16769019 16769782 16770479 16771113 16771688 16772208 16772680 16773107 16773494 16773845 0 112 101 91 82 74 68 61 56 50 45 41 38 34 31 27 25
CFG 26 ATK=64 DEC=64 BOFS=64 WOFS=126
F
IN 0 0 0 0 0 0 0 0 0 0 0 0 0 0 0 0 0 0 0 0 0 0 0 0 0 0 0 0 0 0 0 0 0 0 0 0 0 0 0 0 0 0 0 0 0 0 0 0 5890554 5890554 5890554 5890554 5890554 5890554 5890554 5890554 5890554 5890554 5890554 5890554 5890554 5890554 5890554 5890554 4194304 4194304 4194304 8257536 0 0 0 0 0 0 0 0 0 0 0
E1 0 0 5613086 0 5084292 0 4605314 0 4171459 0 3778477 0 3422516 0 3100090 0 2808039 0 2543501 0 2303884 0 2086841 0 1890245 0 1712170 0 1550871 0 1404767 0 1272428 0 5890554 0
E2 0 0 0 0 4626147 0 5003737 0 4675368 0 4260061 0 3863153 0 3499992 0 3170404 0 2871753 0 2601217 0 2356164 0 2134195 0 1933138 0 1751023 0 1586063 0 1436644 0
E3 0 0 0 0 0 0 0 0 0 0 0 0 0 0 0 0 0 0 0 0 0 0 0 0 0 0 0 0 0 0 0 0 0 0
E4 0 0 0 0 0 0 0 0 0 0 0 0 0 0 0 0 0 0 0 0 4626147 5003737 4675368 4260061 3863153 3499992 3170404 2871753 2601217 2356164 2134195 1933138 1751023 1586063
F
IN 0 0 0 0 0 0 0 0 0 0 493456 1480352 2467248 3454144 4441039 5427935 0 0 0 0 0 0 0 0 0 0 493456 1480352 2467248 3454144 4441039 5427935 0 0 0 0 0 0 0 0 0 0 0 0 0 0 0 0 5890554 5890554 5890554 5890554 5890554 5890554 5890554 5890554 5890554 5890554 5890554 5890554 5890554 5890554 5890554 5890554 4194304 4194304 4194304 8257536 0 5890554 0 1272428 0 1436644 0 0 0 0 0
E1 1272428 0 1152555 0 1043976 0 945626 0 856541 0 775848 0 702758 0 636553 0 576585 0 522266 0 473065 0 428499 0 388131 0 351566 0 318446 0 288446 0 261272 0 5890554 0
E2 1436644 0 1301301 0 1178709 0 1067666 0 967084 0 875977 0 793454 0 718705 0 650998 0 589668 0 534118 0 483799 0 438223 0 396938 0 359544 0 325672 0 294992 0
E3 0 0 0 0 0 0 0 0 0 0 0 0 0 0 0 0 0 0 0 0 0 0 16647 16647 66029 66029 147039 147039 258611 258611 399715 399715 569353 569353
E4 0 0 0 0 0 0 0 0 0 0 0 0 0 0 0 0 0 0 1436644 1301301 1178709 1067666 967084 875977 793454 718705 650998 589668 534118 483799 438223 396938 359544 325672
F
IN 6414815 7401711 8388607 7401711 6414815 5427919 4441023 3454128 2467232 1480336 493440 11 34 57 80 103 6414815 7401711 8388607 7401711 6414815 5427919 4441023 3454128 2467232 1480336 493440 12 35 58 81 104 1735482 1735482 1735482 1735482 1735482 1735482 1735482 1735482 1735482 1735482 1735482 1735482 1735482 1735482 1735482 1735482 5890554 5890554 5890554 5890554 5890554 5890554 5890554 5890554 5890554 5890554 5890554 5890554 5890554 5890554 5890554 5890554 4194304 4194304 4194304 8257536 0 5890554 0 261272 0 294992 0 569353 569353 0 0
E1 261272 0 236658 1653734 214363 1497940 194168 1356823 175876 1229000 159307 1113219 144299 1008346 130705 913352 118392 827307 107239 749369 97136 678773 87985 614827 79696 556906 72188 504441 65388 456919 59228 413874 53648 374884 5890554 1735482
E2 294992 0 267200 0 242029 1362961 219227 1474206 198574 1377463 179867 1255104 162922 1138166 147574 1031172 133671 934068 121078 846079 109672 766373 99341 694176 89981 628778 81505 569543 73826 515888 66871 467288 60572 423265
E3 569353 569353 766562 766562 990413 990413 1240007 1240007 1447886 1447886 1615456 1615456 1744078 1744078 1835065 1835065 1889688 1889688 1909173 1909173 1894705 1894705 1847430 1847430 1785103 1785103 1724880 1724880 1666690 1666689 1610463 1610463 1556134 1556134
E4 0 0 0 1362961 1474206 1377463 1255104 1138166 1031172 934068 846079 766373 694176 628778 569543 515888 467288 0 294992 267200 242029 219227 198574 179867 162922 147574 133671 121078 109672 99341 89981 81505 73826 66871
F
IN 126 149 172 195 247568 494940 742313 989686 1237059 1484431 1731804 1979177 1979167 1731784 1484400 1237017 127 150 173 196 245383 490570 735756 980943 1226130 1471317 1716504 1961691 1961681 1716483 1471286 1226088 356352 356352 356352 356352 356352 356352 356352 356352 356352 356352 356352 356352 356352 356352 356352 356352 5890554 5890554 5890554 5890554 5890554 5890554 5890554 5890554 5890554 5890554 5890554 5890554 5890554 5890554 5890554 5890554 4194304 4194304 4194304 8257536 0 5890554 1735482 53648 374884 60572 423265 1556134 1556134 0 0
E1 53648 374884 48593 15802615 44016 15894429 39869 15977595 36113 16052925 32711 16121158 29629 16182964 26838 16238947 24310 16289656 22020 16335588 19945 16377192 18066 16414877 16364 16449012 14823 16479932 13426 16507938 12161 16533306 11016 16556284 5890554 356352
E2 60572 423265 54865 383390 49696 16041388 45014 15920269 40774 15967515 36933 16037908 33453 16106520 30301 16169523 27447 16226740 24862 16278594 22519 16325567 20398 16368115 18476 16406655 16735 16441564 15160 16473186 13731 16501828 12437 16527771
E3 1556134 1556134 1503638 1503638 1452915 1452915 1403903 1403903 1356546 1356546 1319059 1319132 1291108 1291326 1272372 1272804 1262540 1263253 1261311 1262369 1268396 1269861 1283514 1285445 1306394 1308850 1328502 1331464 1341591 1344970 1345967 1349674 1341922 1345873
E4 0 423265 383390 16041388 15920269 15967515 16037908 16106520 16169523 16226740 16278594 16325567 16368115 16406655 16441564 16473186 16501828 0 60572 54865 49696 45014 40774 36933 33453 30301 27447 24862 22519 20398 18476 16735 15160 13731
F
IN 989637 742254 494870 247487 103 103 103 102 102 102 102 101 101 493551 1480435 2467319 980894 735696 490499 245301 103 103 102 102 102 101 101 101 100 493550 1480434 2467318 73170 73170 73170 73170 73170 73170 73170 73170 73170 73170 73170 73170 73170 73170 73170 73170 5890554 5890554 5890554 5890554 5890554 5890554 5890554 5890554 5890554 5890554 5890554 5890554 5890554 5890554 5890554 5890554 4194304 4194304 4194304 8257536 0 5890554 356352 11016 16556284 12437 16527771 1341922 1345873 0 0
E1 11016 16556284 9978 16307254 9038 16351528 8186 16391631 7415 16427956 6717 16460859 6084 16490662 5511 16517657 4991 16542110 4521 16564258 4095 16584321 3710 16602493 3360 16618953 3043 16633862 2757 16647367 2497 16659600 2262 16670681 5890554 73170
E2 12437 16527771 11265 16551270 10205 16350159 9243 16351287 8372 16384538 7583 16420322 6869 16453731 6222 16484169 5636 16511768 5105 16536775 4623 16559426 4188 16579944 3794 16598528 3437 16615362 3112 16630609 2819 16644420 2554 16656931
E3 1341922 1345873 1329741 1333854 1309700 1313895 1282062 1286264 1247085 1251218 1205015 1209009 1164365 1168224 1125086 1128815 1087132 1090735 1050459 1053940 1015023 1018387 980782 984033 947697 950838 915728 918763 901485 904417 921017 923850 973184 975923
E4 0 16527771 16551270 16350159 16351287 16384538 16420322 16453731 16484169 16511768 16536775 16559426 16579944 16598528 16615362 16630609 16644420 0 12437 11265 10205 9243 8372 7583 6869 6222 5636 5105 4623 4188 3794 3437 3112 2819
F
IN 3454187 4441071 5427955 6414839 7401723 8388607 8388607 8388607 8388607 8388607 8388607 8388607 8388607 8388607 8388607 8388607 3454186 4441071 5427955 6414839 7401723 8388607 8388607 8388607 8388607 8388607 8388607 8388607 8388607 8388607 8388607 8388607 15025 15025 15025 15025 15025 15025 15025 15025 15025 15025 15025 15025 15025 15025 15025 15025 5890554 5890554 5890554 5890554 5890554 5890554 5890554 5890554 5890554 5890554 5890554 5890554 5890554 5890554 5890554 5890554 4194304 4194304 4194304 8257536 0 5890554 73170 2262 16670681 2554 16656931 973184 975923 0 0
E1 2262 16670681 2048 16625311 1855 16639621 1681 16652584 1522 16664325 1379 16674960 1249 16684593 1131 16693319 1025 16701223 928 16708382 841 16714867 762 16720740 690 16726061 625 16730880 566 16735245 513 16739199 464 16742781 5890554 15025
E2 2554 16656931 2313 16668263 2094 16632863 1897 16638433 1719 16650096 1557 16661823 1410 16672650 1278 16682493 1157 16691416 1048 16699498 949 16706820 860 16713452 779 16719459 706 16724900 639 16729829 579 16734292 524 16738336
E3 973184 975923 1056886 1059532 1171058 1173616 1314674 1317145 1486739 1489127 1686294 1688601 1912411 1914641 2130900 2133054 2342017 2344099 2546012 2548023 2743125 2745068 2933588 2935465 3117625 3119439 3295453 3297206 3467281 3468975 3633313 3634950 3793743 3795325
E4 0 16656931 16668263 16632863 16638433 16650096 16661823 16672650 16682493 16691416 16699498 16706820 16713452 16719459 16724900 16729829 16734292 0 2554 2313 2094 1897 1719 1557 1410 1278 1157 1048 949 860 779 706 639 579
F
IN 8388607 8388607 8388607 8388607 8388607 8388607 8388607 8388607 8388607 8388607 8388607 8388607 8388607 8388607 8388607 8388607 8388607 8388607 8388607 8388607 8388607 8388607 8388607 8388607 8388607 8388607 8388607 8388607 8388607 8388607 8388607 8388607 3084 3084 3084 3084 3084 3084 3084 3084 3084 3084 3084 3084 3084 3084 3084 3084 5890554 5890554 5890554 5890554 5890554 5890554 5890554 5890554 5890554 5890554 5890554 5890554 5890554 5890554 5890554 5890554 4194304 4194304 4194304 8257536 0 5890554 15025 464 16742781 524 16738336 3793743 3795325 0 0
E1 464 16742781 420 16734646 380 16738656 344 16742289 312 16745579 283 16748560 256 16751259 232 16753705 210 16755920 190 16757926 172 16759743 156 16761389 141 16762880 128 16764231 116 16765454 105 16766562 95 16767566 5890554 3084
E2 524 16738336 474 16741999 430 16735939 388 16738178 352 16741566 319 16744874 289 16747912 262 16750670 238 16753171 214 16755437 195 16757488 176 16759347 159 16761030 144 16762555 131 16763936 119 16765187 107 16766320
E3 3793743 3795325 3948760 3950289 4098548 4100025 4243283 4244710 4383134 4384513 4518268 4519600 4648842 4650130 4775011 4776255 4896924 4898126 5014723 5015885 5128549 5129671 5238534 5239618 5344808 5345856 5447497 5448510 5546722 5547701 5642599 5643545 5735242 5736156
E4 0 16738336 16741999 16735939 16738178 16741566 16744874 16747912 16750670 16753171 16755437 16757488 16759347 16761030 16762555 16763936 16765187 0 524 474 430 388 352 319 289 262 238 214 195 176 159 144 131 119
F
IN 8388607 8388607 8388607 8388607 8388607 8388607 8388607 8388607 8388607 8388607 8388607 8388607 8388607 8388607 8388607 8388607 8388607 8388607 8388607 8388607 8388607 8388607 8388607 8388607 8388607 8388607 8388607 8388607 8388607 8388607 8388607 8388607 634 634 634 634 634 634 634 634 634 634 634 634 634 634 634 634 5890554 5890554 5890554 5890554 5890554 5890554 5890554 5890554 5890554 5890554 5890554 5890554 5890554 5890554 5890554 5890554 4194304 4194304 4194304 8257536 0 5890554 3084 95 16767566 107 16766320 5735242 5736156 0 0
E1 95 16767566 86 16766140 77 16767183 70 16768129 64 16768985 58 16769760 52 16770463 47 16771099 43 16771675 39 16772197 35 16772670 32 16773098 29 16773486 26 16773837 24 16774156 21 16774444 19 16774705 5890554 634
E2 107 16766320 97 16767346 88 16766352 78 16767037 72 16767937 65 16768801 60 16769591 53 16770310 48 16770960 44 16771550 40 16772083 36 16772567 32 16773004 30 16773402 27 16773760 24 16774086 22 16774382
E3 5735242 5736156 5824759 5825642 5911256 5912109 5994834 5995659 6075594 6076390 6153628 6154398 6229030 6229774 6301888 6302607 6372288 6372983 6440313 6440984 6506043 6506691 6569555 6570182 6630925 6631531 6690224 6690809 6747523 6748088 6802888 6803435 6856386 6856914
E4 0 16766320 16767346 16766352 16767037 16767937 16768801 16769591 16770310 16770960 16771550 16772083 16772567 16773004 16773402 16773760 16774086 0 107 97 88 78 72 65 60 53 48 44 40 36 32 30 27 24
CFG 27 ATK=64 DEC=64 BOFS=64 WOFS=127
F
IN 0 0 0 0 0 0 0 0 0 0 0 0 0 0 0 0 0 0 0 0 0 0 0 0 0 0 0 0 0 0 0 0 0 0 0 0 0 0 0 0 0 0 0 0 0 0 0 0 5890554 5890554 5890554 5890554 5890554 5890554 5890554 5890554 5890554 5890554 5890554 5890554 5890554 5890554 5890554 5890554 4194304 4194304 4194304 8323072 0 0 0 0 0 0 0 0 0 0 0
E1 0 0 5613086 0 5084292 0 4605314 0 4171459 0 3778477 0 3422516 0 3100090 0 2808039 0 2543501 0 2303884 0 2086841 0 1890245 0 1712170 0 1550871 0 1404767 0 1272428 0 5890554 0
E2 0 0 0 0 4644540 0 5008413 0 4674869 0 4258323 0 3861275 0 3498224 0 3168789 0 2870287 0 2599888 0 2354960 0 2133105 0 1932151 0 1750128 0 1585253 0 1435910 0
E3 0 0 0 0 0 0 0 0 0 0 0 0 0 0 0 0 0 0 0 0 0 0 0 0 0 0 0 0 0 0 0 0 0 0
E4 0 0 0 0 0 0 0 0 0 0 0 0 0 0 0 0 0 0 0 0 4644540 5008413 4674869 4258323 3861275 3498224 3168789 2870287 2599888 2354960 2133105 1932151 1750128 1585253
F
IN 0 0 0 0 0 0 0 0 0 0 493456 1480352 2467248 3454144 4441039 5427935 0 0 0 0 0 0 0 0 0 0 493456 1480352 2467248 3454144 4441039 5427935 0 0 0 0 0 0 0 0 0 0 0 0 0 0 0 0 5890554 5890554 5890554 5890554 5890554 5890554 5890554 5890554 5890554 5890554 5890554 5890554 5890554 5890554 5890554 5890554 4194304 4194304 4194304 8323072 0 5890554 0 1272428 0 1435910 0 0 0 0 0
E1 1272428 0 1152555 0 1043976 0 945626 0 856541 0 775848 0 702758 0 636553 0 576585 0 522266 0 473065 0 428499 0 388131 0 351566 0 318446 0 288446 0 261272 0 5890554 0
E2 1435910 0 1300637 0 1178106 0 1067121 0 966590 0 875530 0 793048 0 718338 0 650665 0 589367 0 533845 0 483552 0 437999 0 396736 0 359360 0 325506 0 294840 0
E3 0 0 0 0 0 0 0 0 0 0 0 0 0 0 0 0 0 0 0 0 0 0 16647 16647 66029 66029 147039 147039 258611 258611 399715 399715 569353 569353
E4 0 0 0 0 0 0 0 0 0 0 0 0 0 0 0 0 0 0 1435910 1300637 1178106 1067121 966590 875530 793048 718338 650665 589367 533845 483552 437999 396736 359360 325506
F
IN 6414815 7401711 8388607 7401711 6414815 5427919 4441023 3454128 2467232 1480336 493440 11 34 57 80 103 6414815 7401711 8388607 7401711 6414815 5427919 4441023 3454128 2467232 1480336 493440 12 35 58 81 104 1734596 1734596 1734596 1734596 1734596 1734596 1734596 1734596 1734596 1734596 1734596 1734596 1734596 1734596 1734596 1734596 5890554 5890554 5890554 5890554 5890554 5890554 5890554 5890554 5890554 5890554 5890554 5890554 5890554 5890554 5890554 5890554 4194304 4194304 4194304 8323072 0 5890554 0 261272 0 294840 0 569353 569353 0 0
E1 261272 0 236658 1652890 214363 1497175 194168 1356130 175876 1228373 159307 1112651 144299 1007831 130705 912886 118392 826885 107239 748986 97136 678426 87985 614514 79696 556622 72188 504184 65388 456686 59228 413663 53648 374693 5890554 1734596
E2 294840 0 267064 0 241904 1367681 219116 1474831 198472 1376612 179775 1253952 162839 1137032 147498 1030125 133603 933116 121017 845215 109616 765591 99289 693466 89936 628137 81463 568962 73788 515362 66838 466810 60541 422834
E3 569353 569353 766562 766562 990413 990413 1240007 1240007 1447886 1447886 1615456 1615456 1744078 1744078 1835065 1835065 1889688 1889688 1909173 1909173 1894705 1894705 1847430 1847430 1785103 1785103 1724880 1724880 1666690 1666689 1610463 1610463 1556134 1556134
E4 0 0 0 1367681 1474831 1376612 1253952 1137032 1030125 933116 845215 765591 693466 628137 568962 515362 466810 0 294840 267064 241904 219116 198472 179775 162839 147498 133603 121017 109616 99289 89936 81463 73788 66838
F
IN 126 149 172 195 247568 494940 742313 989686 1237059 1484431 1731804 1979177 1979167 1731784 1484400 1237017 127 150 173 196 245383 490570 735756 980943 1226130 1471317 1716504 1961691 1961681 1716483 1471286 1226088 356172 356172 356172 356172 356172 356172 356172 356172 356172 356172 356172 356172 356172 356172 356172 356172 5890554 5890554 5890554 5890554 5890554 5890554 5890554 5890554 5890554 5890554 5890554 5890554 5890554 5890554 5890554 5890554 4194304 4194304 4194304 8323072 0 5890554 1734596 53648 374693 60541 422834 1556134 1556134 0 0
E1 53648 374693 48593 15803115 44016 15894882 39869 15978005 36113 16053296 32711 16121495 29629 16183269 26838 16239223 24310 16289906 22020 16335814 19945 16377397 18066 16415063 16364 16449181 14823 16480084 13426 16508076 12161 16533431 11016 16556397 5890554 356172
E2 60541 422834 54837 382999 49670 16037285 44992 15919453 40753 15967902 36914 16038561 33436 16107185 30286 16170141 27433 16227302 24848 16279104 22508 16326029 20388 16368533 18466 16407034 16727 16441909 15152 16473497 13723 16502109 12431 16528026
E3 1556134 1556134 1503638 1503638 1452915 1452915 1403903 1403903 1356546 1356546 1319059 1319132 1291108 1291326 1272372 1272804 1262540 1263253 1261311 1262369 1268396 1269861 1283514 1285445 1306394 1308850 1328502 1331464 1341591 1344970 1345967 1349674 1341922 1345873
E4 0 422834 382999 16037285 15919453 15967902 16038561 16107185 16170141 16227302 16279104 16326029 16368533 16407034 16441909 16473497 16502109 0 60541 54837 49670 44992 40753 36914 33436 30286 27433 24848 22508 20388 18466 16727 15152 13723
F
IN 989637 742254 494870 247487 103 103 103 102 102 102 102 101 101 493551 1480435 2467319 980894 735696 490499 245301 103 103 102 102 102 101 101 101 100 493550 1480434 2467318 73135 73135 73135 73135 73135 73135 73135 73135 73135 73135 73135 73135 73135 73135 73135 73135 5890554 5890554 5890554 5890554 5890554 5890554 5890554 5890554 5890554 5890554 5890554 5890554 5890554 5890554 5890554 5890554 4194304 4194304 4194304 8323072 0 5890554 356172 11016 16556397 12431 16528026 1341922 1345873 0 0
E1 11016 16556397 9978 16307494 9038 16351746 8186 16391828 7415 16428135 6717 16461021 6084 16490808 5511 16517790 4991 16542230 4521 16564367 4095 16584419 3710 16602582 3360 16619034 3043 16633936 2757 16647434 2497 16659661 2262 16670735 5890554 73135
E2 12431 16528026 11260 16551501 10199 16349598 9238 16351375 8368 16384848 7579 16420666 6866 16454057 6219 16484467 5633 16512040 5102 16537021 4621 16559648 4186 16580145 3792 16598710 3434 16615527 3111 16630760 2818 16644557 2552 16657055
E3 1341922 1345873 1329741 1333854 1309700 1313895 1282062 1286264 1247085 1251218 1205015 1209009 1164365 1168224 1125086 1128815 1087132 1090735 1050459 1053940 1015023 1018387 980782 984033 947697 950838 915728 918763 901485 904417 921017 923850 973184 975923
E4 0 16528026 16551501 16349598 16351375 16384848 16420666 16454057 16484467 16512040 16537021 16559648 16580145 16598710 16615527 16630760 16644557 0 12431 11260 10199 9238 8368 7579 6866 6219 5633 5102 4621 4186 3792 3434 3111 2818
F
IN 3454187 4441071 5427955 6414839 7401723 8388607 8388607 8388607 8388607 8388607 8388607 8388607 8388607 8388607 8388607 8388607 3454186 4441071 5427955 6414839 7401723 8388607 8388607 8388607 8388607 8388607 8388607 8388607 8388607 8388607 8388607 8388607 15015 15015 15015 15015 15015 15015 15015 15015 15015 15015 15015 15015 15015 15015 15015 15015 5890554 5890554 5890554 5890554 5890554 5890554 5890554 5890554 5890554 5890554 5890554 5890554 5890554 5890554 5890554 5890554 4194304 4194304 4194304 8323072 0 5890554 73135 2262 16670735 2552 16657055 973184 975923 0 0
E1 2262 16670735 2048 16625383 1855 16639687 1681 16652644 1522 16664379 1379 16675009 1249 16684638 1131 16693359 1025 16701259 928 16708415 841 16714897 762 16720768 690 16726085 625 16730902 566 16735265 513 16739217 464 16742797 5890554 15015
E2 2552 16657055 2312 16668374 2093 16632801 1896 16638499 1718 16650203 1556 16661933 1410 16672753 1276 16682587 1156 16691500 1048 16699575 949 16706890 859 16713515 779 16719517 705 16724952 639 16729875 579 16734335 524 16738375
E3 973184 975923 1056886 1059532 1171058 1173616 1314674 1317145 1486739 1489127 1686294 1688601 1912411 1914641 2130900 2133054 2342017 2344099 2546012 2548023 2743125 2745068 2933588 2935465 3117625 3119439 3295453 3297206 3467281 3468975 3633313 3634950 3793743 3795325
E4 0 16657055 16668374 16632801 16638499 16650203 16661933 16672753 16682587 16691500 16699575 16706890 16713515 16719517 16724952 16729875 16734335 0 2552 2312 2093 1896 1718 1556 1410 1276 1156 1048 949 859 779 705 639 579
F
IN 8388607 8388607 8388607 8388607 8388607 8388607 8388607 8388607 8388607 8388607 8388607 8388607 8388607 8388607 8388607 8388607 8388607 8388607 8388607 8388607 8388607 8388607 8388607 8388607 8388607 8388607 8388607 8388607 8388607 8388607 8388607 8388607 3084 3084 3084 3084 3084 3084 3084 3084 3084 3084 3084 3084 3084 3084 3084 3084 5890554 5890554 5890554 5890554 5890554 5890554 5890554 5890554 5890554 5890554 5890554 5890554 5890554 5890554 5890554 5890554 4194304 4194304 4194304 8323072 0 5890554 15015 464 16742797 524 16738375 3793743 3795325 0 0
E1 464 16742797 420 16734670 380 16738678 344 16742309 312 16745597 283 16748576 256 16751274 232 16753718 210 16755932 190 16757937 172 16759753 156 16761398 141 16762888 128 16764238 116 16765461 105 16766568 95 16767571 5890554 3084
E2 524 16738375 474 16742033 429 16735941 389 16738206 351 16741601 319 16744907 289 16747943 262 16750699 237 16753197 215 16755460 194 16757510 176 16759366 159 16761047 145 16762571 130 16763950 119 16765200 107 16766332
E3 3793743 3795325 3948760 3950289 4098548 4100025 4243283 4244710 4383134 4384513 4518268 4519600 4648842 4650130 4775011 4776255 4896924 4898126 5014723 5015885 5128549 5129671 5238534 5239618 5344808 5345856 5447497 5448510 5546722 5547701 5642599 5643545 5735242 5736156
E4 0 16738375 16742033 16735941 16738206 16741601 16744907 16747943 16750699 16753197 16755460 16757510 16759366 16761047 16762571 16763950 16765200 0 524 474 429 389 351 319 289 262 237 215 194 176 159 145 130 119
F
IN 8388607 8388607 8388607 8388607 8388607 8388607 8388607 8388607 8388607 8388607 8388607 8388607 8388607 8388607 8388607 8388607 8388607 8388607 8388607 8388607 8388607 8388607 8388607 8388607 8388607 8388607 8388607 8388607 8388607 8388607 8388607 8388607 634 634 634 634 634 634 634 634 634 634 634 634 634 634 634 634 5890554 5890554 5890554 5890554 5890554 5890554 5890554 5890554 5890554 5890554 5890554 5890554 5890554 5890554 5890554 5890554 4194304 4194304 4194304 8323072 0 5890554 3084 95 16767571 107 16766332 5735242 5736156 0 0
E1 95 16767571 86 16766145 77 16767188 70 16768132 64 16768988 58 16769763 52 16770465 47 16771101 43 16771677 39 16772199 35 16772672 32 16773100 29 16773488 26 16773839 24 16774157 21 16774445 19 16774706 5890554 634
E2 107 16766332 97 16767357 87 16766354 79 16767044 72 16767944 65 16768808 59 16769598 54 16770316 48 16770965 44 16771554 39 16772088 36 16772571 33 16773009 30 16773405 26 16773764 25 16774090 21 16774383
E3 5735242 5736156 5824759 5825642 5911256 5912109 5994834 5995659 6075594 6076390 6153628 6154398 6229030 6229774 6301888 6302607 6372288 6372983 6440313 6440984 6506043 6506691 6569555 6570182 6630925 6631531 6690224 6690809 6747523 6748088 6802888 6803435 6856386 6856914
E4 0 16766332 16767357 16766354 16767044 16767944 16768808 16769598 16770316 16770965 16771554 16772088 16772571 16773009 16773405 16773764 16774090 0 107 97 87 79 72 65 59 54 48 44 39 36 33 30 26 25
CFG 28 ATK=64 DEC=64 BOFS=30 WOFS=64
F
IN 0 0 0 0 0 0 0 0 0 0 0 0 0 0 0 0 0 0 0 0 0 0 0 0 0 0 0 0 0 0 0 0 0 0 0 0 0 0 0 0 0 0 0 0 0 0 0 0 5890554 5890554 5890554 5890554 5890554 5890554 5890554 5890554 5890554 5890554 5890554 5890554 5890554 5890554 5890554 5890554 4194304 4194304 1966080 4194304 0 0 0 0 0 0 0 0 0 0 16
E1 0 0 5852087 0 5775658 0 5700226 0 5625780 0 5552306 0 5479792 0 5408225 0 5337592 0 5267882 0 5199083 0 5131181 0 5064167 0 4998028 0 4932753 0 4868330 0 4804748 0 5890554 0
E2 0 0 0 0 2563737 0 3970845 0 4728468 0 5121571 0 5310272 0 5384537 0 5394914 0 5369802 0 5325152 0 5269922 0 5209141 0 5145630 0 5080967 0 5016036 0 4951328 0
E3 0 0 0 0 0 0 0 0 0 0 0 0 0 0 0 0 0 0 0 0 0 0 0 0 0 0 0 0 0 0 0 0 0 0
E4 0 0 0 0 0 0 0 0 0 0 0 0 0 0 0 0 0 0 0 0 2563737 3970845 4728468 5121571 5310272 5384537 5394914 5369802 5325152 5269922 5209141 5145630 5080967 5016036
F
IN 0 0 0 0 0 0 0 0 0 0 493456 1480352 2467248 3454144 4441039 5427935 0 0 0 0 0 0 0 0 0 0 493456 1480352 2467248 3454144 4441039 5427935 0 0 0 0 8385227 3381 35 13888012 7549687 1180 1203 0 0 10499831 160 0 0 8385227 0 35 6 6974999 0 1206 0 0 9372536 148 0 0 0 0 4194304 4194304 1966080 4194304 0 5890554 0 4804748 0 4951328 0 0 0 0 16
E1 4804748 0 15667125 0 7234877 0 15587134 0 15602711 0 15618022 8330470 5785390 16671777 15557597 16669830 15574723 13800860 15589230 7433239 15604745 16614162 8388608 16616314 15729762 16617220 15743295 16619310 15756798 10384980 15770125 16705015 15783278 16705799 0 0
E2 4951328 0 4887112 0 2259801 0 4439329 0 1973144 0 594193 0 16603268 3649490 2436775 2004495 834948 1079303 16719583 16079778 16224387 2864525 15952928 1538175 12639080 793827 13993075 375967 14759828 142083 15196590 14056684 15447849 15216889
E3 0 0 0 0 0 0 0 0 0 0 0 0 0 0 0 0 0 0 0 0 0 0 300157 300157 1018042 1018042 1899560 1899560 2845176 2845176 3815902 3815902 4796464 4796464
E4 0 0 0 0 0 0 0 3649490 2004495 1079303 16079778 2864525 1538175 793827 375967 142083 14056684 0 4951328 4887112 2259801 4439329 1973144 594193 16603268 2436775 834948 16719583 16224387 15952928 12639080 13993075 14759828 15196590
F
IN 6414815 7401711 8388607 7401711 6414815 5427919 4441023 3454128 2467232 1480336 493440 11 34 57 80 103 6414815 7401711 8388607 7401711 6414815 5427919 4441023 3454128 2467232 1480336 493440 12 35 58 81 104 0 0 0 0 6975056 9802160 35 16777155 9802133 1192 1209 256 0 4194414 160 0 0 7404680 10499831 35 4 9227437 0 1212 0 0 6277385 148 0 0 0 0 4194304 4194304 1966080 4194304 0 0 0 15783278 16705799 15447849 15216889 4796464 4796464 0 16
E1 15783278 16705799 15796259 16706731 6388180 16707652 9489246 16708560 15820856 16709457 15833316 6862634 8388608 9691207 15955196 16713294 15967136 16714033 15976512 9785385 15986969 30202 5456467 29825 15926174 28488 15937142 27862 15948114 4194522 15958942 16750092 15969629 16750287 0 0
E2 15447849 15216889 15594796 15869164 15683055 16236093 2183773 16442678 14811519 16559158 15253699 16625003 15507623 2920917 12388858 15314205 13951233 15927131 14834379 16271864 15334735 13430207 15620472 14909727 1740433 15740920 605136 16207391 16749221 16469231 16398264 1664515 16205802 923426
E3 4796464 4796464 5780868 5780868 6766789 6766789 7753302 7753302 7539438 7539438 6855356 6855356 5987080 5987080 5046650 5046650 4077957 4077957 3098191 3098191 2114088 2114088 1128286 1128286 441983 441983 173157 173156 67865 67864 26633 26632 10496 10495
E4 0 15216889 15869164 16236093 16442678 16559158 16625003 2920917 15314205 15927131 16271864 13430207 14909727 15740920 16207391 16469231 1664515 0 15447849 15594796 15683055 2183773 14811519 15253699 15507623 12388858 13951233 14834379 15334735 15620472 1740433 605136 16749221 16398264
F
IN 126 149 172 195 849433 1698671 2547910 3397148 4246386 5095624 5944863 6794101 6794082 5944833 5095584 4246334 127 150 173 196 841931 1683666 2525400 3367135 4208870 5050605 5892340 6734074 6734055 5892310 5050564 4208818 0 0 0 16767775 16742408 16741982 35 2889154 5338471 1199 1210 512 0 15304334 160 0 16770193 16743899 16740608 35 12 6975054 0 1213 0 0 12582802 148 0 0 0 0 4194304 4194304 1966080 4194304 0 0 0 15969629 16750287 16205802 923426 10496 10495 0 16
E1 15969629 16750287 15973199 16750638 15957577 16750985 15965012 16751328 16012023 16742287 16021994 16717541 6184135 16717898 15951079 16753711 15963074 2847055 15972502 5243194 15983012 16649514 11826360 16651193 16058190 16652145 16067434 16653270 16076704 15191625 16085853 16675756 16094882 16676922 0 0
E2 16205802 923426 16102337 507085 16045763 273293 16007129 142075 15988678 68492 15998905 23184 16009021 16764101 2277546 16743860 917856 16748175 159086 1230946 16514071 2988669 16281420 1623420 14329706 857008 15086936 426770 15516482 185507 15761909 16186824 15903826 16401020
E3 10496 10495 4188 4187 1732 1731 784 783 426 425 512294 516857 1224812 1235726 2015929 2033897 2837835 2863130 3671803 3704532 4510496 4550700 5351039 5398737 6192307 6247504 6521839 6579974 6138912 6193633 5476895 5525716 4705554 4747498
E4 0 923426 507085 273293 142075 68492 23184 16764101 16743860 16748175 1230946 2988669 1623420 857008 426770 185507 16186824 0 16205802 16102337 16045763 16007129 15988678 15998905 16009021 2277546 917856 159086 16514071 16281420 14329706 15086936 15516482 15761909
F
IN 3397099 2547850 1698601 849352 103 103 103 102 102 102 102 101 101 493551 1480435 2467319 3367086 2525340 1683594 841849 103 103 102 102 102 101 101 101 100 493550 1480434 2467318 0 0 0 16032425 15980411 0 35 11438717 13887988 1199 1206 768 0 15304334 160 0 16066267 15954632 16677643 35 13 11438675 0 1208 0 0 1472882 148 0 0 0 0 4194304 4194304 1966080 4194304 0 0 0 16094882 16676922 15903826 16401020 4705554 4747498 0 16
E1 16094882 16676922 15397487 16678231 15304600 16679524 16042122 16680800 16150680 15942132 16158841 15901364 10863225 16704404 16244142 16705390 16252305 11402656 16257960 13906125 16264742 37959 957482 37470 16259077 36545 16265697 35305 16272377 15348796 16278970 53658 16285478 52799 0 0
E2 15903826 16401020 15987525 16521889 15729036 16590381 15543095 16629434 15761713 16651937 15932116 16340978 16031441 16148388 13767301 16391973 14852379 16529278 15465671 14283359 15812765 14118097 16010771 15299658 16766005 15963376 16543925 16335920 16422037 16544714 16356472 16020795 16322519 16375682
E3 4705554 4747498 3891395 3926082 3060456 3087736 2222943 2242758 1382857 1395182 541760 546588 212283 214174 83218 83960 32661 32951 12856 12970 5097 5143 2058 2076 868 875 401 404 300372 300374 1018175 1018177 1899655 1899656
E4 0 16401020 16521889 16590381 16629434 16651937 16340978 16148388 16391973 16529278 14283359 14118097 15299658 15963376 16335920 16544714 16020795 0 15903826 15987525 15729036 15543095 15761713 15932116 16031441 13767301 14852379 15465671 15812765 16010771 16766005 16543925 16422037 16356472
F
IN 3454187 4441071 5427955 6414839 7401723 8388607 8388607 8388607 8388607 8388607 8388607 8388607 8388607 8388607 8388607 8388607 3454186 4441071 5427955 6414839 7401723 8388607 8388607 8388607 8388607 8388607 8388607 8388607 8388607 8388607 8388607 8388607 0 0 0 16729579 14303280 4194304 35 6974987 16777184 1195 1194 1024 0 4194414 160 0 16732077 14438271 8323072 35 17 2889126 0 1197 0 0 1472882 148 0 0 0 0 4194304 4194304 1966080 4194304 0 0 0 16285478 52799 16322519 16375682 1899655 1899656 0 16
E1 16285478 52799 16247055 52109 13975152 51428 7826924 50757 16233233 2768 16240319 14369493 2340358 4248418 16216749 26053 16225258 6955117 16231277 16712026 16238408 16714097 931492 16714920 16233426 16715565 16240381 16715353 16247392 4105968 16254312 16662695 16261141 16664032 0 0
E2 16322519 16375682 16306291 16574720 16280341 16686260 15270462 16748637 2582231 6177 1212670 4683 446203 15725050 1276012 1269964 471470 725019 23117 3454359 16551036 1912482 16414077 1046992 204025 561025 16653631 288237 16472591 134862 16373934 1874561 16321528 1003166
E3 1899655 1899656 2845239 2845240 3815946 3815946 4796493 4796493 5780894 5780895 6766806 6766806 7753310 7753309 8139746 8139746 8291122 8291122 8350420 8350420 8373648 8373649 8382747 8382747 8386312 8386312 8387708 8387708 8388255 8388254 8388469 8388469 8388553 8388553
E4 0 16375682 16574720 16686260 16748637 6177 4683 15725050 1269964 725019 3454359 1912482 1046992 561025 288237 134862 1874561 0 16322519 16306291 16280341 15270462 2582231 1212670 446203 1276012 471470 23117 16551036 16414077 204025 16653631 16472591 16373934
F
IN 8388607 8388607 8388607 8388607 8388607 8388607 8388607 7401711 6414815 5427919 4441023 3454128 2467232 1480336 493440 0 8388607 8388607 8388607 8388607 8388607 8388607 8388607 7402044 6415481 5428917 4442354 3455791 2469228 1482665 496102 2840 0 0 0 10170942 0 0 35 9227462 2889166 1184 1153 1280 0 8388608 160 0 10387024 8532822 0 35 23 6 0 1155 0 0 8388608 148 0 0 0 0 4194304 4194304 1966080 4194304 0 0 0 16261141 16664032 16321528 1003166 8388553 8388553 0 16
E1 16261141 16664032 9919418 16665510 8388608 16666969 16467002 16668408 16471088 10106696 16475074 16756948 16479003 16757213 16482892 16757509 16487884 9257278 16490515 2949027 16494259 41389 8388608 40817 8388608 40410 8388608 38611 8388608 8481494 8388608 146610 8388608 144536 0 0
E2 16321528 1003166 16295073 514104 13501966 239944 11261858 86529 13542176 954 14825302 13855468 15548049 15126575 15955890 15840941 16186764 16242479 16318682 13182337 16393960 16049153 16437900 16386241 12911591 16575405 10930120 16681519 9816710 16740358 9191074 13122238 8839522 14787673
E3 8388553 8388553 8388585 8388585 8388599 8388599 8388604 8388604 8388605 8388605 8388607 8388607 8388607 8388607 8388607 8388607 7788504 7788301 6953326 6952842 6026064 6025267 5062731 5061609 4085267 4083817 3102269 3100486 2117102 2114987 1131086 1128638 444801 442115
E4 0 1003166 514104 239944 86529 954 13855468 15126575 15840941 16242479 13182337 16049153 16386241 16575405 16681519 16740358 13122238 0 16321528 16295073 13501966 11261858 13542176 14825302 15548049 15955890 16186764 16318682 16393960 16437900 12911591 10930120 9816710 9191074
F
IN 0 0 0 0 0 0 0 0 0 0 0 0 0 0 0 0 2863 2887 2910 2933 2957 2980 3004 3027 3045 3063 3081 3099 3117 3135 3153 3171 0 0 0 0 0 0 35 6975038 11438668 1142 1112 1536 0 8388608 160 0 0 0 0 35 22 13887983 0 1114 0 0 8388608 148 0 0 0 0 4194304 4194304 1966080 4194304 0 0 0 8388608 144536 8839522 14787673 444801 442115 0 16
E1 8388608 144536 8498165 142648 8606291 140785 8713005 138946 8818360 137131 8922291 135341 8388608 133573 9134413 131863 9235337 7059596 9332728 11511436 9429955 107813 8388608 106375 8388608 105407 8388608 102505 8388608 8544553 8388608 208845 8388608 205959 0 0
E2 8839522 14787673 8641981 15722590 8578977 16247103 8590943 16541016 8644417 16705364 8720619 19701 8808970 70361 8624813 98054 8848064 112865 9017724 3156154 9155724 16243811 9275862 16524721 8887165 16681939 8668753 16769856 8546024 40771 8477062 13193483 8438311 14854971
E3 444801 442115 175980 173186 70692 67841 29461 26575 13325 10410 7019 4078 4562 1598 3614 626 3257 245 3128 96 3088 37 3084 15 3093 6 3108 2 3124 1 3142 0 3160 0
E4 0 14787673 15722590 16247103 16541016 16705364 19701 70361 98054 112865 3156154 16243811 16524721 16681939 16769856 40771 13193483 0 8839522 8641981 8578977 8590943 8644417 8720619 8808970 8624813 8848064 9017724 9155724 9275862 8887165 8668753 8546024 8477062
CFG 29 ATK=64 DEC=64 BOFS=40 WOFS=64
F
IN 0 0 0 0 0 0 0 0 0 0 0 0 0 0 0 0 0 0 0 0 0 0 0 0 0 0 0 0 0 0 0 0 0 0 0 0 0 0 0 0 0 0 0 0 0 0 0 0 5890554 5890554 5890554 5890554 5890554 5890554 5890554 5890554 5890554 5890554 5890554 5890554 5890554 5890554 5890554 5890554 4194304 4194304 2621440 4194304 0 0 0 0 0 0 0 0 0 0 256
E1 0 0 5821266 0 5684321 0 5550598 0 5420021 0 5292516 0 5168010 0 5046433 0 4927716 0 4811793 0 4698596 0 4588062 0 4480128 0 4374734 0 4271819 0 4171325 0 4073195 0 5890554 0
E2 0 0 0 0 3683109 0 4949275 0 5329731 0 5386857 0 5327168 0 5226469 0 5112560 0 4995610 0 4879309 0 4764972 0 4653041 0 4543639 0 4436773 0 4332407 0 4230490 0
E3 0 0 0 0 0 0 0 0 0 0 0 0 0 0 0 0 0 0 0 0 0 0 0 0 0 0 0 0 0 0 0 0 0 0
E4 0 0 0 0 0 0 0 0 0 0 0 0 0 0 0 0 0 0 0 0 3683109 4949275 5329731 5386857 5327168 5226469 5112560 4995610 4879309 4764972 4653041 4543639 4436773 4332407
F
IN 0 0 0 0 0 0 0 0 0 0 493456 1480352 2467248 3454144 4441039 5427935 0 0 0 0 0 0 0 0 0 0 493456 1480352 2467248 3454144 4441039 5427935 0 0 0 0 0 1 0 0 0 0 0 0 0 0 0 0 0 0 0 0 0 0 537 0 0 0 0 0 0 0 0 0 4194304 4194304 2621440 4194304 0 5890554 0 4073195 0 4230490 0 0 0 0 256
E1 4073195 0 14933323 0 14976700 0 15019057 0 15060417 0 15100805 0 15140242 0 15179283 0 15216343 0 15253062 0 15288918 0 15323930 0 15358118 0 15391503 0 15424101 0 15455933 0 15487016 0 0 0
E2 4230490 0 4130969 0 350679 0 15766836 0 15293717 0 15146108 0 15117445 0 15131869 0 15161867 0 15196334 0 15232226 0 15268095 0 15303422 0 15338028 0 15371861 0 15404914 0 15437193 0
E3 0 0 0 0 0 0 0 0 0 0 0 0 0 0 0 0 0 0 0 0 0 0 0 0 0 0 0 0 0 0 0 0 0 0
E4 0 0 0 0 0 0 0 0 0 0 0 0 0 0 0 0 0 0 4230490 4130969 350679 15766836 15293717 15146108 15117445 15131869 15161867 15196334 15232226 15268095 15303422 15338028 15371861 15404914
F
IN 6414815 7401711 8388607 7401711 6414815 5427919 4441023 3454128 2467232 1480336 493440 11 34 57 80 103 6414815 7401711 8388607 7401711 6414815 5427919 4441023 3454128 2467232 1480336 493440 12 35 58 81 104 0 0 0 0 0 1 0 0 0 0 0 0 0 0 0 0 0 0 0 0 0 0 589 0 0 0 0 0 0 0 0 0 4194304 4194304 2621440 4194304 0 0 0 15487016 0 15437193 0 0 0 0 256
E1 15487016 0 15517367 0 15547005 0 15575946 0 15604205 0 15631800 0 15658746 0 15685640 0 15710737 0 15735826 0 15760325 0 15784247 0 15807606 0 15830416 0 15852690 0 15874439 0 15895677 0 0 0
E2 15437193 0 15468715 0 15499498 0 15529555 0 15558907 0 15587567 0 15615553 0 15642881 0 15669935 0 15695750 0 15721106 0 15745920 0 15770169 0 15793856 0 15816987 0 15839576 0 15861634 0
E3 0 0 0 0 0 0 0 0 0 0 0 0 0 0 0 0 0 0 0 0 0 0 0 0 0 0 0 0 0 0 0 0 0 0
E4 0 0 0 0 0 0 0 0 0 0 0 0 0 0 0 0 0 0 15437193 15468715 15499498 15529555 15558907 15587567 15615553 15642881 15669935 15695750 15721106 15745920 15770169 15793856 15816987 15839576
F
IN 126 149 172 195 172 149 126 103 80 57 34 11 6 18 30 42 127 150 173 196 173 150 127 104 81 58 35 12 6 18 30 42 0 0 0 0 0 1 0 0 0 0 0 0 0 0 0 0 0 0 0 0 0 0 121 0 0 0 0 0 0 0 0 0 4194304 4194304 2621440 4194304 0 0 0 15895677 0 15861634 0 0 0 0 256
E1 15895677 0 15916415 0 15936665 0 15956439 0 15975747 0 15994602 0 16013013 0 16031110 0 16048543 0 16065685 0 16082423 0 16098768 0 16114729 0 16130313 0 16145532 0 16160392 0 16174903 0 0 0
E2 15861634 0 15883172 0 15904205 0 15924743 0 15944797 0 15964379 0 15983501 0 16002173 0 16020481 0 16038236 0 16055603 0 16072572 0 16089146 0 16105333 0 16121138 0 16136572 0 16151643 0
E3 0 0 0 0 0 0 0 0 0 0 0 0 0 0 0 0 0 0 0 0 0 0 0 0 0 0 0 0 0 0 0 0 0 0
E4 0 0 0 0 0 0 0 0 0 0 0 0 0 0 0 0 0 0 15861634 15883172 15904205 15924743 15944797 15964379 15983501 16002173 16020481 16038236 16055603 16072572 16089146 16105333 16121138 16136572
F
IN 55 67 79 91 103 103 103 102 102 102 102 101 101 493551 1480435 2467319 55 67 79 91 103 103 102 102 102 101 101 101 100 493550 1480434 2467318 0 0 0 0 0 1 0 0 0 0 0 0 0 0 0 0 0 0 0 0 0 0 920 0 0 0 0 0 0 0 0 0 4194304 4194304 2621440 4194304 0 0 0 16174903 0 16151643 0 0 0 0 256
E1 16174903 0 16189072 0 16202908 0 16216418 0 16229611 0 16242493 0 16255073 0 16268265 0 16279329 0 16291042 0 16302479 0 16313647 0 16324553 0 16335201 0 16345600 0 16355753 0 16365668 0 0 0
E2 16151643 0 16166359 0 16180730 0 16194762 0 16208463 0 16221844 0 16234908 0 16247667 0 16260699 0 16272486 0 16284227 0 16295775 0 16307082 0 16318136 0 16328933 0 16339478 0 16349775 0
E3 0 0 0 0 0 0 0 0 0 0 0 0 0 0 0 0 0 0 0 0 0 0 0 0 0 0 0 0 0 0 0 0 0 0
E4 0 0 0 0 0 0 0 0 0 0 0 0 0 0 0 0 0 0 16151643 16166359 16180730 16194762 16208463 16221844 16234908 16247667 16260699 16272486 16284227 16295775 16307082 16318136 16328933 16339478
F
IN 3454187 4441071 5427955 6414839 7401723 8388607 8388607 8388607 8388607 8388607 8388607 8388607 8388607 8388607 8388607 8388607 3454186 4441071 5427955 6414839 7401723 8388607 8388607 8388607 8388607 8388607 8388607 8388607 8388607 8388607 8388607 8388607 0 0 0 0 0 1 0 0 0 0 0 0 0 0 0 0 0 0 0 0 0 0 16777114 0 0 0 0 0 0 0 0 0 4194304 4194304 2621440 4194304 0 0 0 16365668 0 16349775 0 0 0 0 256
E1 16365668 0 16375349 0 16384803 0 16394034 0 16403049 0 16411851 0 16420446 0 16428738 0 16437037 0 16445040 0 16452854 0 16460485 0 16467936 0 16475212 0 16482316 0 16489254 0 16496028 0 0 0
E2 16349775 0 16359830 0 16369649 0 16379237 0 16388599 0 16397741 0 16406669 0 16415385 0 16423834 0 16432187 0 16440319 0 16448250 0 16455991 0 16463549 0 16470928 0 16478133 0 16485170 0
E3 0 0 0 0 0 0 0 0 0 0 0 0 0 0 0 0 0 0 0 0 0 0 0 0 0 0 0 0 0 0 0 0 0 0
E4 0 0 0 0 0 0 0 0 0 0 0 0 0 0 0 0 0 0 16349775 16359830 16369649 16379237 16388599 16397741 16406669 16415385 16423834 16432187 16440319 16448250 16455991 16463549 16470928 16478133
F
IN 8388607 8388607 8388607 8388607 8388607 8388607 8388607 8388607 8388607 8388607 8388607 8388607 8388607 8388607 8388607 8388607 8388607 8388607 8388607 8388607 8388607 8388607 8388607 8388607 8388607 8388607 8388607 8388607 8388607 8388607 8388607 8388607 0 0 0 0 0 1 0 0 0 0 0 0 0 0 0 0 0 0 0 0 0 0 974 0 0 0 0 0 0 0 0 0 4194304 4194304 2621440 4194304 0 0 0 16496028 0 16485170 0 0 0 0 256
E1 16496028 0 16502642 0 16509102 0 16515409 0 16521568 0 16527582 0 16533455 0 16540152 0 16544766 0 16550234 0 16555574 0 16560788 0 16565880 0 16570851 0 16575706 0 16580447 0 16585076 0 0 0
E2 16485170 0 16492039 0 16498748 0 16505299 0 16511695 0 16517942 0 16524041 0 16529997 0 16536423 0 16541701 0 16547100 0 16552461 0 16557730 0 16562886 0 16567926 0 16572848 0 16577656 0
E3 0 0 0 0 0 0 0 0 0 0 0 0 0 0 0 0 0 0 0 0 0 0 0 0 0 0 0 0 0 0 0 0 0 0
E4 0 0 0 0 0 0 0 0 0 0 0 0 0 0 0 0 0 0 16485170 16492039 16498748 16505299 16511695 16517942 16524041 16529997 16536423 16541701 16547100 16552461 16557730 16562886 16567926 16572848
F
IN 8388607 8388607 8388607 8388607 8388607 8388607 8388607 8388607 8388607 8388607 8388607 8388607 8388607 8388607 8388607 8388607 8388607 8388607 8388607 8388607 8388607 8388607 8388607 8388607 8388607 8388607 8388607 8388607 8388607 8388607 8388607 8388607 0 0 0 0 0 1 0 0 0 0 0 0 0 0 0 0 0 0 0 0 0 0 16777211 0 0 0 0 0 0 0 0 0 4194304 4194304 2621440 4194304 0 0 0 16585076 0 16577656 0 0 0 0 256
E1 16585076 0 16589596 0 16594009 0 16598319 0 16602528 0 16606637 0 16610650 0 16614564 0 16618395 0 16622131 0 16625780 0 16629342 0 16632821 0 16636218 0 16639535 0 16642774 0 16645936 0 0 0
E2 16577656 0 16582350 0 16586935 0 16591410 0 16595782 0 16600050 0 16604217 0 16608288 0 16612258 0 16616141 0 16619931 0 16623632 0 16627245 0 16630772 0 16634218 0 16637582 0 16640867 0
E3 0 0 0 0 0 0 0 0 0 0 0 0 0 0 0 0 0 0 0 0 0 0 0 0 0 0 0 0 0 0 0 0 0 0
E4 0 0 0 0 0 0 0 0 0 0 0 0 0 0 0 0 0 0 16577656 16582350 16586935 16591410 16595782 16600050 16604217 16608288 16612258 16616141 16619931 16623632 16627245 16630772 16634218 16637582
CFG 30 ATK=64 DEC=64 BOFS=50 WOFS=64
F
IN 0 0 0 0 0 0 0 0 0 0 0 0 0 0 0 0 0 0 0 0 0 0 0 0 0 0 0 0 0 0 0 0 0 0 0 0 0 0 0 0 0 0 0 0 0 0 0 0 5890554 5890554 5890554 5890554 5890554 5890554 5890554 5890554 5890554 5890554 5890554 5890554 5890554 5890554 5890554 5890554 4194304 4194304 3276800 4194304 0 0 0 0 0 0 0 0 0 0 4096
E1 0 0 5766289 0 5523004 0 5289982 0 5066793 0 4853019 0 4648265 0 4452150 0 4264310 0 4084394 0 3912069 0 3747015 0 3588925 0 3437504 0 3292472 0 3153560 0 3020508 0 5890554 0
E2 0 0 0 0 4628215 0 5346402 0 5301118 0 5113041 0 4904338 0 4698806 0 4500831 0 4310992 0 4129117 0 3954907 0 3788046 0 3628225 0 3475146 0 3328525 0 3188093 0
E3 0 0 0 0 0 0 0 0 0 0 0 0 0 0 0 0 0 0 0 0 0 0 0 0 0 0 0 0 0 0 0 0 0 0
E4 0 0 0 0 0 0 0 0 0 0 0 0 0 0 0 0 0 0 0 0 4628215 5346402 5301118 5113041 4904338 4698806 4500831 4310992 4129117 3954907 3788046 3628225 3475146 3328525
F
IN 0 0 0 0 0 0 0 0 0 0 493456 1480352 2467248 3454144 4441039 5427935 0 0 0 0 0 0 0 0 0 0 493456 1480352 2467248 3454144 4441039 5427935 0 0 0 0 0 0 0 0 0 0 0 0 0 0 0 0 0 0 0 0 0 0 0 0 0 0 0 0 0 0 0 0 4194304 4194304 3276800 4194304 0 5890554 0 3020508 0 3188093 0 0 0 0 4096
E1 3020508 0 13903995 0 14025220 0 14141329 0 14252540 0 14359059 0 14461083 0 14558803 0 14652400 0 14742048 0 14827914 0 14910157 0 14988930 0 15064380 0 15136646 0 15205864 0 15272161 0 0 0
E2 3188093 0 3053583 0 15073749 0 14232165 0 14159257 0 14234129 0 14334402 0 14436080 0 14534582 0 14629146 0 14719765 0 14806569 0 14889712 0 14969348 0 15045624 0 15118681 0 15188657 0
E3 0 0 0 0 0 0 0 0 0 0 0 0 0 0 0 0 0 0 0 0 0 0 0 0 0 0 0 0 0 0 0 0 0 0
E4 0 0 0 0 0 0 0 0 0 0 0 0 0 0 0 0 0 0 3188093 3053583 15073749 14232165 14159257 14234129 14334402 14436080 14534582 14629146 14719765 14806569 14889712 14969348 15045624 15118681
F
IN 6414815 7401711 8388607 7401711 6414815 5427919 4441023 3454128 2467232 1480336 493440 11 34 57 80 103 6414815 7401711 8388607 7401711 6414815 5427919 4441023 3454128 2467232 1480336 493440 12 35 58 81 104 0 0 0 0 0 0 0 0 0 0 0 0 0 0 0 0 0 0 0 0 0 0 0 0 0 0 0 0 0 0 0 0 4194304 4194304 3276800 4194304 0 0 0 15272161 0 15188657 0 0 0 0 4096
E1 15272161 0 15335660 0 15396481 0 15454736 0 15510532 0 15563975 0 15615163 0 15664191 0 15711151 0 15756129 0 15799210 0 15840473 0 15879995 0 15917850 0 15954107 0 15988835 0 16022098 0 0 0
E2 15188657 0 15255680 0 15319874 0 15381362 0 15440254 0 15496661 0 15550690 0 15602438 0 15652003 0 15699477 0 15744948 0 15788500 0 15830216 0 15870170 0 15908440 0 15945093 0 15980202 0
E3 0 0 0 0 0 0 0 0 0 0 0 0 0 0 0 0 0 0 0 0 0 0 0 0 0 0 0 0 0 0 0 0 0 0
E4 0 0 0 0 0 0 0 0 0 0 0 0 0 0 0 0 0 0 15188657 15255680 15319874 15381362 15440254 15496661 15550690 15602438 15652003 15699477 15744948 15788500 15830216 15870170 15908440 15945093
F
IN 126 149 172 195 172 149 126 103 80 57 34 11 6 18 30 42 127 150 173 196 173 150 127 104 81 58 35 12 6 18 30 42 0 0 0 0 0 0 0 0 0 0 0 0 0 0 0 0 0 0 0 0 0 0 0 0 0 0 0 0 0 0 0 0 4194304 4194304 3276800 4194304 0 0 0 16022098 0 15980202 0 0 0 0 4096
E1 16022098 0 16053957 0 16084472 0 16113699 0 16141694 0 16168507 0 16194189 0 16218788 0 16242348 0 16264915 0 16286529 0 16307232 0 16327061 0 16346054 0 16364245 0 16381669 0 16398357 0 0 0
E2 15980202 0 16013829 0 16046037 0 16076886 0 16106433 0 16134735 0 16161841 0 16187805 0 16212673 0 16236491 0 16259305 0 16281156 0 16302086 0 16322131 0 16341333 0 16359723 0 16377337 0
E3 0 0 0 0 0 0 0 0 0 0 0 0 0 0 0 0 0 0 0 0 0 0 0 0 0 0 0 0 0 0 0 0 0 0
E4 0 0 0 0 0 0 0 0 0 0 0 0 0 0 0 0 0 0 15980202 16013829 16046037 16076886 16106433 16134735 16161841 16187805 16212673 16236491 16259305 16281156 16302086 16322131 16341333 16359723
F
IN 55 67 79 91 103 103 103 102 102 102 102 101 101 493551 1480435 2467319 55 67 79 91 103 103 102 102 102 101 101 101 100 493550 1480434 2467318 0 0 0 0 0 0 0 0 0 0 0 0 0 0 0 0 0 0 0 0 0 0 0 0 0 0 0 0 0 0 0 0 4194304 4194304 3276800 4194304 0 0 0 16398357 0 16377337 0 0 0 0 4096
E1 16398357 0 16414341 0 16429651 0 16444315 0 16458361 0 16471813 0 16484699 0 16497040 0 16508861 0 16520183 0 16531028 0 16541415 0 16551363 0 16560892 0 16570019 0 16578761 0 16587134 0 0 0
E2 16377337 0 16394208 0 16410367 0 16425845 0 16440670 0 16454869 0 16468469 0 16481496 0 16493972 0 16505922 0 16517369 0 16528332 0 16538833 0 16548890 0 16558523 0 16567750 0 16576588 0
E3 0 0 0 0 0 0 0 0 0 0 0 0 0 0 0 0 0 0 0 0 0 0 0 0 0 0 0 0 0 0 0 0 0 0
E4 0 0 0 0 0 0 0 0 0 0 0 0 0 0 0 0 0 0 16377337 16394208 16410367 16425845 16440670 16454869 16468469 16481496 16493972 16505922 16517369 16528332 16538833 16548890 16558523 16567750
F
IN 3454187 4441071 5427955 6414839 7401723 8388607 8388607 8388607 8388607 8388607 8388607 8388607 8388607 8388607 8388607 8388607 3454186 4441071 5427955 6414839 7401723 8388607 8388607 8388607 8388607 8388607 8388607 8388607 8388607 8388607 8388607 8388607 0 0 0 0 0 0 0 0 0 0 0 0 0 0 0 0 0 0 0 0 0 0 0 0 0 0 0 0 0 0 0 0 4194304 4194304 3276800 4194304 0 0 0 16587134 0 16576588 0 0 0 0 4096
E1 16587134 0 16595153 0 16602835 0 16610192 0 16617239 0 16623989 0 16630453 0 16636645 0 16642576 0 16648257 0 16653698 0 16658909 0 16663901 0 16668681 0 16673261 0 16677647 0 16681848 0 0 0
E2 16576588 0 16585052 0 16593159 0 16600926 0 16608363 0 16615487 0 16622311 0 16628846 0 16635106 0 16641102 0 16646844 0 16652346 0 16657613 0 16662660 0 16667493 0 16672123 0 16676556 0
E3 0 0 0 0 0 0 0 0 0 0 0 0 0 0 0 0 0 0 0 0 0 0 0 0 0 0 0 0 0 0 0 0 0 0
E4 0 0 0 0 0 0 0 0 0 0 0 0 0 0 0 0 0 0 16576588 16585052 16593159 16600926 16608363 16615487 16622311 16628846 16635106 16641102 16646844 16652346 16657613 16662660 16667493 16672123
F
IN 8388607 8388607 8388607 8388607 8388607 8388607 8388607 8388607 8388607 8388607 8388607 8388607 8388607 8388607 8388607 8388607 8388607 8388607 8388607 8388607 8388607 8388607 8388607 8388607 8388607 8388607 8388607 8388607 8388607 8388607 8388607 8388607 0 0 0 0 0 0 0 0 0 0 0 0 0 0 0 0 0 0 0 0 0 0 0 0 0 0 0 0 0 0 0 0 4194304 4194304 3276800 4194304 0 0 0 16681848 0 16676556 0 0 0 0 4096
E1 16681848 0 16685871 0 16689725 0 16693416 0 16696952 0 16700338 0 16703582 0 16706689 0 16709664 0 16712514 0 16715244 0 16717859 0 16720363 0 16722762 0 16725059 0 16727260 0 16729368 0 0 0
E2 16676556 0 16680803 0 16684871 0 16688767 0 16692498 0 16696073 0 16699496 0 16702776 0 16705917 0 16708924 0 16711806 0 16714565 0 16717209 0 16719740 0 16722166 0 16724488 0 16726713 0
E3 0 0 0 0 0 0 0 0 0 0 0 0 0 0 0 0 0 0 0 0 0 0 0 0 0 0 0 0 0 0 0 0 0 0
E4 0 0 0 0 0 0 0 0 0 0 0 0 0 0 0 0 0 0 16676556 16680803 16684871 16688767 16692498 16696073 16699496 16702776 16705917 16708924 16711806 16714565 16717209 16719740 16722166 16724488
F
IN 8388607 8388607 8388607 8388607 8388607 8388607 8388607 8388607 8388607 8388607 8388607 8388607 8388607 8388607 8388607 8388607 8388607 8388607 8388607 8388607 8388607 8388607 8388607 8388607 8388607 8388607 8388607 8388607 8388607 8388607 8388607 8388607 0 0 0 0 0 0 0 0 0 0 0 0 0 0 0 0 0 0 0 0 0 0 0 0 0 0 0 0 0 0 0 0 4194304 4194304 3276800 4194304 0 0 0 16729368 0 16726713 0 0 0 0 4096
E1 16729368 0 16731386 0 16733320 0 16735172 0 16736946 0 16738645 0 16740272 0 16741831 0 16743324 0 16744754 0 16746123 0 16747435 0 16748692 0 16749895 0 16751048 0 16752152 0 16753209 0 0 0
E2 16726713 0 16728843 0 16730885 0 16732839 0 16734712 0 16736505 0 16738222 0 16739868 0 16741443 0 16742953 0 16744399 0 16745782 0 16747109 0 16748380 0 16749596 0 16750761 0 16751877 0
E3 0 0 0 0 0 0 0 0 0 0 0 0 0 0 0 0 0 0 0 0 0 0 0 0 0 0 0 0 0 0 0 0 0 0
E4 0 0 0 0 0 0 0 0 0 0 0 0 0 0 0 0 0 0 16726713 16728843 16730885 16732839 16734712 16736505 16738222 16739868 16741443 16742953 16744399 16745782 16747109 16748380 16749596 16750761
CFG 31 ATK=64 DEC=64 BOFS=60 WOFS=64
F
IN 0 0 0 0 0 0 0 0 0 0 0 0 0 0 0 0 0 0 0 0 0 0 0 0 0 0 0 0 0 0 0 0 0 0 0 0 0 0 0 0 0 0 0 0 0 0 0 0 5890554 5890554 5890554 5890554 5890554 5890554 5890554 5890554 5890554 5890554 5890554 5890554 5890554 5890554 5890554 5890554 4194304 4194304 3932160 4194304 0 0 0 0 0 0 0 0 0 0 65536
E1 0 0 5669437 0 5243805 0 4850126 0 4486004 0 4149217 0 3837715 0 3549599 0 3283113 0 3036634 0 2808659 0 2597799 0 2402769 0 2222382 0 2055537 0 1901217 0 1758484 0 5890554 0
E2 0 0 0 0 5087828 0 5227804 0 4888871 0 4527332 0 4188007 0 3873650 0 3582843 0 3313861 0 3065074 0 2834963 0 2622129 0 2425273 0 2243196 0 2074788 0 1919023 0
E3 0 0 0 0 0 0 0 0 0 0 0 0 0 0 0 0 0 0 0 0 0 0 0 0 0 0 0 0 0 0 0 0 0 0
E4 0 0 0 0 0 0 0 0 0 0 0 0 0 0 0 0 0 0 0 0 5087828 5227804 4888871 4527332 4188007 3873650 3582843 3313861 3065074 2834963 2622129 2425273 2243196 2074788
F
IN 0 0 0 0 0 0 0 0 0 0 493456 1480352 2467248 3454144 4441039 5427935 0 0 0 0 0 0 0 0 0 0 493456 1480352 2467248 3454144 4441039 5427935 0 0 0 0 0 0 0 0 0 0 0 0 0 0 0 0 0 0 0 0 0 0 0 0 0 0 0 0 0 0 0 0 4194304 4194304 3932160 4194304 0 5890554 0 1758484 0 1919023 0 0 0 0 65536
E1 1758484 0 12734244 0 13037770 0 13318508 0 13578170 0 13818339 0 14040476 0 14245936 0 14435972 0 14611741 0 14774314 0 14924681 0 15063760 0 15192398 0 15311378 0 15421425 0 15523211 0 0 0
E2 1919023 0 1774953 0 13331085 0 13067860 0 13292795 0 13548894 0 13790698 0 14014852 0 14222230 0 14414045 0 14591460 0 14755555 0 14907331 0 15047713 0 15177555 0 15297650 0 15408727 0
E3 0 0 0 0 0 0 0 0 0 0 0 0 0 0 0 0 0 0 0 0 0 0 0 0 0 0 0 0 0 0 0 0 0 0
E4 0 0 0 0 0 0 0 0 0 0 0 0 0 0 0 0 0 0 1919023 1774953 13331085 13067860 13292795 13548894 13790698 14014852 14222230 14414045 14591460 14755555 14907331 15047713 15177555 15297650
F
IN 6414815 7401711 8388607 7401711 6414815 5427919 4441023 3454128 2467232 1480336 493440 11 34 57 80 103 6414815 7401711 8388607 7401711 6414815 5427919 4441023 3454128 2467232 1480336 493440 12 35 58 81 104 0 0 0 0 0 0 0 0 0 0 0 0 0 0 0 0 0 0 0 0 0 0 0 0 0 0 0 0 0 0 0 0 4194304 4194304 3932160 4194304 0 0 0 15523211 0 15408727 0 0 0 0 65536
E1 15523211 0 15617355 0 15704431 0 15784971 0 15859463 0 15928363 0 15992091 0 16051034 0 16105552 0 16155977 0 16202617 0 16245755 0 16285654 0 16322558 0 16356692 0 16388262 0 16417463 0 0 0
E2 15408727 0 15511466 0 15606492 0 15694384 0 15775678 0 15850868 0 15920413 0 15984738 0 16044232 0 16099262 0 16150159 0 16197235 0 16240778 0 16281050 0 16318300 0 16352753 0 16384620 0
E3 0 0 0 0 0 0 0 0 0 0 0 0 0 0 0 0 0 0 0 0 0 0 0 0 0 0 0 0 0 0 0 0 0 0
E4 0 0 0 0 0 0 0 0 0 0 0 0 0 0 0 0 0 0 15408727 15511466 15606492 15694384 15775678 15850868 15920413 15984738 16044232 16099262 16150159 16197235 16240778 16281050 16318300 16352753
F
IN 126 149 172 195 172 149 126 103 80 57 34 11 6 18 30 42 127 150 173 196 173 150 127 104 81 58 35 12 6 18 30 42 0 0 0 0 0 0 0 0 0 0 0 0 0 0 0 0 0 0 0 0 0 0 0 0 0 0 0 0 0 0 0 0 4194304 4194304 3932160 4194304 0 0 0 16417463 0 16384620 0 0 0 0 65536
E1 16417463 0 16444471 0 16469452 0 16492557 0 16513928 0 16533694 0 16551977 0 16568886 0 16584527 0 16598993 0 16612373 0 16624748 0 16636195 0 16646782 0 16656574 0 16665632 0 16674009 0 0 0
E2 16384620 0 16414093 0 16441355 0 16466569 0 16489891 0 16511463 0 16531413 0 16549867 0 16566935 0 16582723 0 16597324 0 16610829 0 16623320 0 16634874 0 16645560 0 16655444 0 16664587 0
E3 0 0 0 0 0 0 0 0 0 0 0 0 0 0 0 0 0 0 0 0 0 0 0 0 0 0 0 0 0 0 0 0 0 0
E4 0 0 0 0 0 0 0 0 0 0 0 0 0 0 0 0 0 0 16384620 16414093 16441355 16466569 16489891 16511463 16531413 16549867 16566935 16582723 16597324 16610829 16623320 16634874 16645560 16655444
F
IN 55 67 79 91 103 103 103 102 102 102 102 101 101 493551 1480435 2467319 55 67 79 91 103 103 102 102 102 101 101 101 100 493550 1480434 2467318 0 0 0 0 0 0 0 0 0 0 0 0 0 0 0 0 0 0 0 0 0 0 0 0 0 0 0 0 0 0 0 0 4194304 4194304 3932160 4194304 0 0 0 16674009 0 16664587 0 0 0 0 65536
E1 16674009 0 16681757 0 16688923 0 16695552 0 16701683 0 16707353 0 16712598 0 16717450 0 16721937 0 16726087 0 16729925 0 16733475 0 16736759 0 16739797 0 16742606 0 16745204 0 16747608 0 0 0
E2 16664587 0 16673042 0 16680863 0 16688096 0 16694787 0 16700976 0 16706699 0 16711992 0 16716890 0 16721420 0 16725608 0 16729482 0 16733065 0 16736380 0 16739447 0 16742282 0 16744904 0
E3 0 0 0 0 0 0 0 0 0 0 0 0 0 0 0 0 0 0 0 0 0 0 0 0 0 0 0 0 0 0 0 0 0 0
E4 0 0 0 0 0 0 0 0 0 0 0 0 0 0 0 0 0 0 16664587 16673042 16680863 16688096 16694787 16700976 16706699 16711992 16716890 16721420 16725608 16729482 16733065 16736380 16739447 16742282
F
IN 3454187 4441071 5427955 6414839 7401723 8388607 8388607 8388607 8388607 8388607 8388607 8388607 8388607 8388607 8388607 8388607 3454186 4441071 5427955 6414839 7401723 8388607 8388607 8388607 8388607 8388607 8388607 8388607 8388607 8388607 8388607 8388607 0 0 0 0 0 0 0 0 0 0 0 0 0 0 0 0 0 0 0 0 0 0 0 0 0 0 0 0 0 0 0 0 4194304 4194304 3932160 4194304 0 0 0 16747608 0 16744904 0 0 0 0 65536
E1 16747608 0 16749830 0 16751886 0 16753788 0 16755547 0 16757174 0 16758678 0 16760070 0 16761357 0 16762548 0 16763649 0 16764668 0 16765610 0 16766481 0 16767287 0 16768032 0 16768722 0 0 0
E2 16744904 0 16747330 0 16749574 0 16751648 0 16753569 0 16755344 0 16756986 0 16758505 0 16759909 0 16761209 0 16762410 0 16763522 0 16764551 0 16765501 0 16766380 0 16767194 0 16767946 0
E3 0 0 0 0 0 0 0 0 0 0 0 0 0 0 0 0 0 0 0 0 0 0 0 0 0 0 0 0 0 0 0 0 0 0
E4 0 0 0 0 0 0 0 0 0 0 0 0 0 0 0 0 0 0 16744904 16747330 16749574 16751648 16753569 16755344 16756986 16758505 16759909 16761209 16762410 16763522 16764551 16765501 16766380 16767194
F
IN 8388607 8388607 8388607 8388607 8388607 8388607 8388607 8388607 8388607 8388607 8388607 8388607 8388607 8388607 8388607 8388607 8388607 8388607 8388607 8388607 8388607 8388607 8388607 8388607 8388607 8388607 8388607 8388607 8388607 8388607 8388607 8388607 0 0 0 0 0 0 0 0 0 0 0 0 0 0 0 0 0 0 0 0 0 0 0 0 0 0 0 0 0 0 0 0 4194304 4194304 3932160 4194304 0 0 0 16768722 0 16767946 0 0 0 0 65536
E1 16768722 0 16769359 0 16769949 0 16770495 0 16770999 0 16771466 0 16771898 0 16772297 0 16772666 0 16773008 0 16773324 0 16773616 0 16773886 0 16774136 0 16774367 0 16774581 0 16774779 0 0 0
E2 16767946 0 16768642 0 16769285 0 16769881 0 16770432 0 16770941 0 16771412 0 16771848 0 16772251 0 16772624 0 16772968 0 16773288 0 16773582 0 16773855 0 16774107 0 16774340 0 16774557 0
E3 0 0 0 0 0 0 0 0 0 0 0 0 0 0 0 0 0 0 0 0 0 0 0 0 0 0 0 0 0 0 0 0 0 0
E4 0 0 0 0 0 0 0 0 0 0 0 0 0 0 0 0 0 0 16767946 16768642 16769285 16769881 16770432 16770941 16771412 16771848 16772251 16772624 16772968 16773288 16773582 16773855 16774107 16774340
F
IN 8388607 8388607 8388607 8388607 8388607 8388607 8388607 8388607 8388607 8388607 8388607 8388607 8388607 8388607 8388607 8388607 8388607 8388607 8388607 8388607 8388607 8388607 8388607 8388607 8388607 8388607 8388607 8388607 8388607 8388607 8388607 8388607 0 0 0 0 0 0 0 0 0 0 0 0 0 0 0 0 0 0 0 0 0 0 0 0 0 0 0 0 0 0 0 0 4194304 4194304 3932160 4194304 0 0 0 16774779 0 16774557 0 0 0 0 65536
E1 16774779 0 16774961 0 16775131 0 16775287 0 16775432 0 16775566 0 16775690 0 16775804 0 16775910 0 16776009 0 16776099 0 16776183 0 16776261 0 16776332 0 16776399 0 16776460 0 16776517 0 0 0
E2 16774557 0 16774756 0 16774940 0 16775111 0 16775269 0 16775415 0 16775551 0 16775676 0 16775790 0 16775898 0 16775998 0 16776088 0 16776174 0 16776252 0 16776324 0 16776391 0 16776453 0
E3 0 0 0 0 0 0 0 0 0 0 0 0 0 0 0 0 0 0 0 0 0 0 0 0 0 0 0 0 0 0 0 0 0 0
E4 0 0 0 0 0 0 0 0 0 0 0 0 0 0 0 0 0 0 16774557 16774756 16774940 16775111 16775269 16775415 16775551 16775676 16775790 16775898 16775998 16776088 16776174 16776252 16776324 16776391
CFG 32 ATK=64 DEC=64 BOFS=70 WOFS=64
F
IN 0 0 0 0 0 0 0 0 0 0 0 0 0 0 0 0 0 0 0 0 0 0 0 0 0 0 0 0 0 0 0 0 0 0 0 0 0 0 0 0 0 0 0 0 0 0 0 0 5890554 5890554 5890554 5890554 5890554 5890554 5890554 5890554 5890554 5890554 5890554 5890554 5890554 5890554 5890554 5890554 4194304 4194304 4587520 4194304 0 0 0 0 0 0 0 0 0 8388608 0
E1 0 0 5502677 0 4778007 0 4148771 0 3602402 0 3127986 0 2716049 0 2358361 0 2047778 0 1778098 0 1543933 0 1340606 0 1164056 0 1010756 0 877646 0 762065 0 661705 0 5890554 0
E2 0 0 0 0 1021811 0 1719312 0 2170447 0 2436352 0 2564783 0 2592873 0 2549325 0 2456191 0 2330274 0 2184255 0 2027595 0 1867242 0 1708198 0 1553970 0 1406918 0
E3 0 0 0 0 0 0 0 0 0 0 0 0 0 0 0 0 0 0 0 0 0 0 0 0 0 0 0 0 0 0 0 0 0 0
E4 0 0 0 0 0 0 0 0 0 0 0 0 0 0 0 0 0 0 0 0 1021811 1719312 2170447 2436352 2564783 2592873 2549325 2456191 2330274 2184255 2027595 1867242 1708198 1553970
F
IN 0 0 0 0 0 0 0 0 0 0 493456 1480352 2467248 3454144 4441039 5427935 0 0 0 0 0 0 0 0 0 0 493456 1480352 2467248 3454144 4441039 5427935 0 0 0 0 0 0 0 0 0 0 0 0 0 0 0 0 5890554 0 5890554 0 5890554 0 5890554 0 5890554 0 5890554 0 5890554 0 5890554 0 4194304 4194304 4587520 4194304 0 5890554 0 661705 0 1406918 0 0 0 8388608 0
E1 661705 0 574562 0 11773434 0 1157864 0 12279919 0 1597648 0 12661786 0 1929226 0 12949696 0 2179220 0 13166768 0 2367704 0 13330430 0 2509813 0 13453824 0 2616957 0 13546857 0 0 0
E2 1406918 0 1268536 0 1139670 0 16776087 0 214088 0 16116431 0 16535807 0 15816426 0 16353084 0 15721097 0 16321878 0 15735995 0 16369010 0 15804765 0 16451399 0 15894769 0 16544585 0
E3 0 0 0 0 0 0 0 0 0 0 0 0 0 0 0 0 0 0 0 0 0 0 411381 411381 1302554 1302554 2273528 2273528 3257777 3257777 4244231 4244231 5231054 5231054
E4 0 0 0 0 0 0 0 0 0 0 0 0 0 0 0 0 0 0 1406918 1268536 1139670 16776087 214088 16116431 16535807 15816426 16353084 15721097 16321878 15735995 16369010 15804765 16451399 15894769
F
IN 6414815 7401711 8388607 7401711 6414815 5427919 4441023 3454128 2467232 1480336 493440 11 34 57 80 103 6414815 7401711 8388607 7401711 6414815 5427919 4441023 3454128 2467232 1480336 493440 12 35 58 81 104 1553897 0 1553897 0 1553897 0 1553897 0 1553897 0 1553897 0 1553897 0 1553897 0 8385227 0 8385227 0 8385227 0 8385227 0 8385227 0 8385227 0 8385227 0 8385227 0 4194304 4194304 4587520 4194304 0 0 0 13546857 0 16544585 0 5231054 5231054 8388608 0
E1 13546857 0 5028144 1451577 13310099 16586051 4822565 1285588 13131594 16441922 4667569 1160440 12997010 16333255 4550708 1066084 12895539 16251325 4462601 994943 12819035 16189554 4396172 941307 12761354 16142981 4346087 900867 12717865 16107867 4308326 870378 12685076 16081392 0 0
E2 16544585 0 15987926 0 290970 269548 16370333 183997 564192 388555 16559673 254141 689590 422435 16636794 261550 730690 410947 16651420 236982 726239 377731 16633589 198464 699384 336405 16601010 156163 663554 294450 16563757 115479 626207 255659
E3 5231054 5231054 6217924 6217924 7204816 7204816 8191711 8191711 7533109 7533109 6600817 6600817 5623003 5623003 4637617 4637617 3650974 3650974 2664119 2664119 1677231 1677231 690335 690335 114831 114830 19129 19128 3230 3229 605 604 187 186
E4 0 0 0 269548 183997 388555 254141 422435 261550 410947 236982 377731 198464 336405 156163 294450 115479 0 16544585 15987926 290970 16370333 564192 16559673 689590 16636794 730690 16651420 726239 16633589 699384 16601010 663554 16563757
F
IN 126 149 172 195 797789 1595384 2392978 3190572 3988166 4785761 5583355 6380949 6380931 5583326 4785721 3988116 127 150 173 196 790743 1581290 2371837 3162384 3952932 4743479 5534026 6324573 6324555 5533997 4743438 3952880 15895091 0 15895091 0 15895091 0 15895091 0 15895091 0 15895091 0 15895091 0 15895091 0 8385227 0 8385227 0 8385227 0 8385227 0 8385227 0 8385227 0 8385227 0 8385227 0 4194304 4194304 4587520 4194304 0 0 0 12685076 16081392 626207 255659 187 186 8388608 0
E1 12685076 16081392 4279854 15348988 12660355 16361117 4258389 15591875 12641716 16572017 4242205 15775001 12627664 16731027 4230003 15913070 12617069 73696 4220804 16017168 12609081 164085 4213868 16095652 12603058 232234 4208638 16154827 12598517 283615 4204695 16199441 12595094 322354 0 0
E2 626207 255659 16527256 78974 591197 16576313 16494157 16536352 560259 16360969 16465503 16400159 533920 16284071 16441445 16367068 512064 16282764 16421681 16388265 494261 16319355 16405701 16434846 479960 16371860 16392937 16490256 468596 16427969 16382839 16545488 459641 16481229
E3 187 186 136 135 148 147 169 168 192 191 659253 665127 1427931 1440658 2214840 2234582 3004783 3031565 3795230 3829058 4585760 4626636 5376304 5424228 6166851 6221821 6298325 6354466 5661125 5711587 4896073 4939717 4109758 4146393
E4 0 255659 78974 16576313 16536352 16360969 16400159 16284071 16367068 16282764 16388265 16319355 16434846 16371860 16490256 16427969 16545488 0 626207 16527256 591197 16494157 560259 16465503 533920 16441445 512064 16421681 494261 16405701 479960 16392937 468596 16382839
F
IN 3190523 2392918 1595313 797708 103 103 103 102 102 102 102 101 101 493551 1480435 2467319 3162335 2371777 1581219 790661 103 103 102 102 102 101 101 101 100 493550 1480434 2467318 16564173 0 16564173 0 16564173 0 16564173 0 16564173 0 16564173 0 16564173 0 16564173 0 0 0 0 0 0 0 0 0 0 0 0 0 0 0 0 0 4194304 4194304 4587520 4194304 0 0 0 12595094 322354 459641 16481229 4109758 4146393 8388608 0
E1 12595094 322354 13145855 80887 13624084 269249 14039333 34776 14399896 229211 14712976 10 14984824 199024 15220872 16751015 15425833 176264 15603802 16731252 15758334 159104 15892515 16716352 16009025 146166 16110191 16705118 16198035 136412 16274309 16696649 16340539 129058 0 0
E2 459641 16481229 16374911 16596050 15775297 16644712 15375830 16719315 15127651 16736524 14992512 9428 14940604 7679 14948815 43210 14999335 30321 15078533 57422 15176072 38224 15284194 60670 15397155 38102 15510775 58169 15622083 33979 15729034 53000 15830288 28198
E3 4109758 4146393 3319916 3349509 2529478 2552024 1738939 1754440 948385 956837 157827 159233 26337 26571 4465 4505 828 835 223 224 121 122 104 105 102 102 100 101 411476 411477 1302638 1302639 2273601 2273602
E4 0 16481229 16596050 16644712 16719315 16736524 9428 7679 43210 30321 57422 38224 60670 38102 58169 33979 53000 0 459641 16374911 15775297 15375830 15127651 14992512 14940604 14948815 14999335 15078533 15176072 15284194 15397155 15510775 15622083 15729034
F
IN 3454187 4441071 5427955 6414839 7401723 8388607 8388607 8388607 8388607 8388607 8388607 8388607 8388607 8388607 8388607 8388607 3454186 4441071 5427955 6414839 7401723 8388607 8388607 8388607 8388607 8388607 8388607 8388607 8388607 8388607 8388607 8388607 16383263 0 16383263 0 16383263 0 16383263 0 16383263 0 16383263 0 16383263 0 16383263 0 1013531 0 1013531 0 1013531 0 1013531 0 1013531 0 1013531 0 1013531 0 1013531 0 4194304 4194304 4587520 4194304 0 0 0 16340539 129058 15830288 28198 2273601 2273602 8388608 0
E1 16340539 129058 567623 16521265 16323294 145769 552649 16535775 16310292 158368 541360 16546716 16300489 167867 532848 16554964 16293098 175030 526431 16561183 16287526 180429 521592 16565872 16283325 184501 517944 16569407 16280157 187570 515194 16572072 16277769 189885 0 0
E2 15830288 28198 15925038 46927 16188686 16767900 16213681 19482 16420950 16748247 16400401 5818 16570900 16739151 16520687 175 16667269 16736088 16597788 16776227 16728861 16736295 16646908 182 16767962 16738119 16677968 2424 15360 16740601 16697423 5015 30693 16743206
E3 2273601 2273602 3257823 3257824 4244266 4244266 5231076 5231076 6217948 6217948 7204830 7204830 8191713 8191714 8355859 8355858 8383160 8383160 8387701 8387701 8388456 8388456 8388582 8388582 8388603 8388603 8388606 8388606 8388607 8388607 8388607 8388607 8388607 8388607
E4 0 28198 46927 16767900 19482 16748247 5818 16739151 175 16736088 16776227 16736295 182 16738119 2424 16740601 5015 0 15830288 15925038 16188686 16213681 16420950 16400401 16570900 16520687 16667269 16597788 16728861 16646908 16767962 16677968 15360 16697423
F
IN 8388607 8388607 8388607 8388607 8388607 8388607 8388607 8388607 8388607 8388607 8388607 8388607 8388607 8388607 8388607 8388607 8388607 8388607 8388607 8388607 8388607 8388607 8388607 8388607 8388607 8388607 8388607 8388607 8388607 8388607 8388607 8388607 15729084 0 15729084 0 15729084 0 15729084 0 15729084 0 15729084 0 15729084 0 15729084 0 1262315 0 1262315 0 1262315 0 1262315 0 1262315 0 1262315 0 1262315 0 1262315 0 4194304 4194304 4587520 4194304 0 0 0 16277769 189885 30693 16743206 8388607 8388607 8388608 0
E1 16277769 189885 745522 15962978 16245362 272108 717383 16034374 16220929 334101 696168 16088202 16202507 380841 680172 16128787 16188618 416081 668112 16159386 16178147 442650 659020 16182456 16170252 462682 652164 16199850 16164299 477785 646996 16212964 16159811 489172 0 0
E2 30693 16743206 16709465 7565 83268 16632178 16746260 16709639 108006 16584247 16761867 16682120 116775 16571834 16765587 16680691 116834 16578206 16763056 16692425 112533 16593443 16757610 16709766 106410 16611848 16751157 16728472 99883 16630311 16744736 16746312 93695 16647272
E3 8388607 8388607 8388607 8388607 8388607 8388607 8388607 8388607 8388607 8388607 8388607 8388607 8388607 8388607 8388607 8388607 8388607 8388607 8388607 8388607 8388607 8388607 8388607 8388607 8388607 8388607 8388607 8388607 8388607 8388607 8388607 8388607 8388607 8388607
E4 0 16743206 7565 16632178 16709639 16584247 16682120 16571834 16680691 16578206 16692425 16593443 16709766 16611848 16728472 16630311 16746312 0 30693 16709465 83268 16746260 108006 16761867 116775 16765587 116834 16763056 112533 16757610 106410 16751157 99883 16744736
F
IN 8388607 8388607 8388607 8388607 8388607 8388607 8388607 8388607 8388607 8388607 8388607 8388607 8388607 8388607 8388607 8388607 8388607 8388607 8388607 8388607 8388607 8388607 8388607 8388607 8388607 8388607 8388607 8388607 8388607 8388607 8388607 8388607 16697478 0 16697478 0 16697478 0 16697478 0 16697478 0 16697478 0 16697478 0 16697478 0 1509785 0 1509785 0 1509785 0 1509785 0 1509785 0 1509785 0 1509785 0 1509785 0 4194304 4194304 4587520 4194304 0 0 0 16159811 489172 93695 16647272 8388607 8388607 8388608 0
E1 16159811 489172 874273 350263 16125982 378623 844900 254273 16100478 295274 822754 181901 16081248 232433 806057 127335 16066750 185054 793468 86195 16055819 149332 783977 55178 16047578 122399 776821 31792 16041364 102093 771426 14160 16036679 86783 0 0
E2 93695 16647272 16738864 16762237 131116 52844 16763055 113339 145361 139510 16769919 168434 146838 170935 16767550 182355 141809 172138 16760763 174536 133944 158132 16752328 156498 125313 137683 16743771 134845 117016 115709 16735860 113181 109572 94793
E3 8388607 8388607 8388607 8388607 8388607 8388607 8388607 8388607 8388607 8388607 8388607 8388607 8388607 8388607 8388607 8388607 8388607 8388607 8388607 8388607 8388607 8388607 8388607 8388607 8388607 8388607 8388607 8388607 8388607 8388607 8388607 8388607 8388607 8388607
E4 0 16647272 16762237 52844 113339 139510 168434 170935 182355 172138 174536 158132 156498 137683 134845 115709 113181 0 93695 16738864 131116 16763055 145361 16769919 146838 16767550 141809 16760763 133944 16752328 125313 16743771 117016 16735860
CFG 33 ATK=64 DEC=64 BOFS=80 WOFS=64
F
IN 0 0 0 0 0 0 0 0 0 0 0 0 0 0 0 0 0 0 0 0 0 0 0 0 0 0 0 0 0 0 0 0 0 0 0 0 0 0 0 0 0 0 0 0 0 0 0 0 5890554 5890554 5890554 5890554 5890554 5890554 5890554 5890554 5890554 5890554 5890554 5890554 5890554 5890554 5890554 5890554 4194304 4194304 5242880 4194304 0 0 0 0 0 0 0 0 0 5666970 4660
E1 0 0 5227533 0 4050747 0 3138871 0 2432270 0 1884735 0 1460456 0 1131689 0 876931 0 679522 0 526553 0 408019 0 316168 0 244995 0 189843 0 147107 0 113992 0 5890554 0
E2 0 0 0 0 2180343 0 2960467 0 3034877 0 2783536 0 2408657 0 2013173 0 1645517 0 1324948 0 1055749 0 835027 0 656927 0 514800 0 402268 0 313668 0 244197 0
E3 0 0 0 0 0 0 0 0 0 0 0 0 0 0 0 0 0 0 0 0 0 0 0 0 0 0 0 0 0 0 0 0 0 0
E4 0 0 0 0 0 0 0 0 0 0 0 0 0 0 0 0 0 0 0 0 2180343 2960467 3034877 2783536 2408657 2013173 1645517 1324948 1055749 835027 656927 514800 402268 313668
F
IN 0 0 0 0 0 0 0 0 0 0 493456 1480352 2467248 3454144 4441039 5427935 0 0 0 0 0 0 0 0 0 0 493456 1480352 2467248 3454144 4441039 5427935 0 0 0 0 0 0 0 0 0 0 0 0 0 0 0 0 0 0 0 0 0 0 0 0 0 0 0 0 0 0 0 0 4194304 4194304 5242880 4194304 0 5890554 0 113992 0 244197 0 0 0 5666970 4660
E1 113992 0 11638013 0 12794915 0 13691382 0 14386044 0 14924328 0 15341437 0 15664650 0 15915103 0 16109176 0 16259560 0 16376091 0 16466390 0 16536361 0 16590580 0 16632595 0 16665151 0 0 0
E2 244197 0 189890 0 14744403 0 13931294 0 13831229 0 14062636 0 14422038 0 14805509 0 15163846 0 15477187 0 15740782 0 15957159 0 16131890 0 16271406 0 16381916 0 16468947 0 16537203 0
E3 0 0 0 0 0 0 0 0 0 0 0 0 0 0 0 0 0 0 0 0 0 0 0 0 0 0 0 0 0 0 0 0 0 0
E4 0 0 0 0 0 0 0 0 0 0 0 0 0 0 0 0 0 0 244197 189890 14744403 13931294 13831229 14062636 14422038 14805509 15163846 15477187 15740782 15957159 16131890 16271406 16381916 16468947
F
IN 6414815 7401711 8388607 7401711 6414815 5427919 4441023 3454128 2467232 1480336 493440 11 34 57 80 103 6414815 7401711 8388607 7401711 6414815 5427919 4441023 3454128 2467232 1480336 493440 12 35 58 81 104 0 0 0 0 0 0 0 0 0 0 0 0 0 0 0 0 0 0 0 0 0 0 0 0 0 0 0 0 0 0 0 0 4194304 4194304 5242880 4194304 0 0 0 16665151 0 16537203 0 0 0 5666970 4660
E1 16665151 0 16690378 0 16709926 0 16725074 0 16736812 0 16745907 0 16752955 0 16758417 0 16762649 0 16765928 0 16768469 0 16770438 0 16771964 0 16773146 0 16774062 0 16774772 0 16775323 0 0 0
E2 16537203 0 16590568 0 16632198 0 16664617 0 16689833 0 16709427 0 16724643 0 16736451 0 16745613 0 16752719 0 16758228 0 16762499 0 16765811 0 16768377 0 16770366 0 16771908 0 16773102 0
E3 0 0 0 0 0 0 0 0 0 0 0 0 0 0 0 0 0 0 0 0 0 0 0 0 0 0 0 0 0 0 0 0 0 0
E4 0 0 0 0 0 0 0 0 0 0 0 0 0 0 0 0 0 0 16537203 16590568 16632198 16664617 16689833 16709427 16724643 16736451 16745613 16752719 16758228 16762499 16765811 16768377 16770366 16771908
F
IN 126 149 172 195 172 149 126 103 80 57 34 11 6 18 30 42 127 150 173 196 173 150 127 104 81 58 35 12 6 18 30 42 0 0 0 0 0 0 0 0 0 0 0 0 0 0 0 0 0 0 0 0 0 0 0 0 0 0 0 0 0 0 0 0 4194304 4194304 5242880 4194304 0 0 0 16775323 0 16773102 0 0 0 5666970 4660
E1 16775323 0 16775749 0 16776079 0 16776335 0 16776533 0 16776687 0 16776806 0 16776898 0 16776970 0 16777025 0 16777068 0 16777102 0 16777127 0 16777147 0 16777163 0 16777175 0 16777184 0 0 0
E2 16773102 0 16774028 0 16774746 0 16775302 0 16775732 0 16776067 0 16776325 0 16776526 0 16776681 0 16776801 0 16776895 0 16776967 0 16777023 0 16777067 0 16777100 0 16777126 0 16777147 0
E3 0 0 0 0 0 0 0 0 0 0 0 0 0 0 0 0 0 0 0 0 0 0 0 0 0 0 0 0 0 0 0 0 0 0
E4 0 0 0 0 0 0 0 0 0 0 0 0 0 0 0 0 0 0 16773102 16774028 16774746 16775302 16775732 16776067 16776325 16776526 16776681 16776801 16776895 16776967 16777023 16777067 16777100 16777126
F
IN 55 67 79 91 103 103 103 102 102 102 102 101 101 493551 1480435 2467319 55 67 79 91 103 103 102 102 102 101 101 101 100 493550 1480434 2467318 0 0 0 0 0 0 0 0 0 0 0 0 0 0 0 0 0 0 0 0 0 0 0 0 0 0 0 0 0 0 0 0 4194304 4194304 5242880 4194304 0 0 0 16777184 0 16777147 0 0 0 5666970 4660
E1 16777184 0 16777191 0 16777196 0 16777201 0 16777204 0 16777207 0 16777209 0 16777211 0 16777212 0 16777213 0 16777213 0 16777214 0 16777214 0 16777215 0 16777215 0 16777215 0 16777215 0 0 0
E2 16777147 0 16777162 0 16777174 0 16777183 0 16777191 0 16777196 0 16777201 0 16777204 0 16777207 0 16777209 0 16777211 0 16777212 0 16777212 0 16777213 0 16777214 0 16777214 0 16777215 0
E3 0 0 0 0 0 0 0 0 0 0 0 0 0 0 0 0 0 0 0 0 0 0 0 0 0 0 0 0 0 0 0 0 0 0
E4 0 0 0 0 0 0 0 0 0 0 0 0 0 0 0 0 0 0 16777147 16777162 16777174 16777183 16777191 16777196 16777201 16777204 16777207 16777209 16777211 16777212 16777212 16777213 16777214 16777214
F
IN 3454187 4441071 5427955 6414839 7401723 8388607 8388607 8388607 8388607 8388607 8388607 8388607 8388607 8388607 8388607 8388607 3454186 4441071 5427955 6414839 7401723 8388607 8388607 8388607 8388607 8388607 8388607 8388607 8388607 8388607 8388607 8388607 0 0 0 0 0 0 0 0 0 0 0 0 0 0 0 0 0 0 0 0 0 0 0 0 0 0 0 0 0 0 0 0 4194304 4194304 5242880 4194304 0 0 0 16777215 0 16777215 0 0 0 5666970 4660
E1 16777215 0 16777215 0 16777215 0 16777215 0 16777215 0 0 0 0 0 0 0 0 0 0 0 0 0 0 0 0 0 0 0 0 0 0 0 0 0 0 0
E2 16777215 0 16777215 0 16777215 0 16777215 0 16777215 0 16777215 0 16777215 0 16777215 0 0 0 0 0 0 0 0 0 0 0 0 0 0 0 0 0 0 0
E3 0 0 0 0 0 0 0 0 0 0 0 0 0 0 0 0 0 0 0 0 0 0 0 0 0 0 0 0 0 0 0 0 0 0
E4 0 0 0 0 0 0 0 0 0 0 0 0 0 0 0 0 0 0 16777215 16777215 16777215 16777215 16777215 16777215 16777215 16777215 0 0 0 0 0 0 0 0
F
IN 8388607 8388607 8388607 8388607 8388607 8388607 8388607 8388607 8388607 8388607 8388607 8388607 8388607 8388607 8388607 8388607 8388607 8388607 8388607 8388607 8388607 8388607 8388607 8388607 8388607 8388607 8388607 8388607 8388607 8388607 8388607 8388607 0 0 0 0 0 0 0 0 0 0 0 0 0 0 0 0 0 0 0 0 0 0 0 0 0 0 0 0 0 0 0 0 4194304 4194304 5242880 4194304 0 0 0 0 0 0 0 0 0 5666970 4660
E1 0 0 0 0 0 0 0 0 0 0 0 0 0 0 0 0 0 0 0 0 0 0 0 0 0 0 0 0 0 0 0 0 0 0 0 0
E2 0 0 0 0 0 0 0 0 0 0 0 0 0 0 0 0 0 0 0 0 0 0 0 0 0 0 0 0 0 0 0 0 0 0
E3 0 0 0 0 0 0 0 0 0 0 0 0 0 0 0 0 0 0 0 0 0 0 0 0 0 0 0 0 0 0 0 0 0 0
E4 0 0 0 0 0 0 0 0 0 0 0 0 0 0 0 0 0 0 0 0 0 0 0 0 0 0 0 0 0 0 0 0 0 0
F
IN 8388607 8388607 8388607 8388607 8388607 8388607 8388607 8388607 8388607 8388607 8388607 8388607 8388607 8388607 8388607 8388607 8388607 8388607 8388607 8388607 8388607 8388607 8388607 8388607 8388607 8388607 8388607 8388607 8388607 8388607 8388607 8388607 0 0 0 0 0 0 0 0 0 0 0 0 0 0 0 0 0 0 0 0 0 0 0 0 0 0 0 0 0 0 0 0 4194304 4194304 5242880 4194304 0 0 0 0 0 0 0 0 0 5666970 4660
E1 0 0 0 0 0 0 0 0 0 0 0 0 0 0 0 0 0 0 0 0 0 0 0 0 0 0 0 0 0 0 0 0 0 0 0 0
E2 0 0 0 0 0 0 0 0 0 0 0 0 0 0 0 0 0 0 0 0 0 0 0 0 0 0 0 0 0 0 0 0 0 0
E3 0 0 0 0 0 0 0 0 0 0 0 0 0 0 0 0 0 0 0 0 0 0 0 0 0 0 0 0 0 0 0 0 0 0
E4 0 0 0 0 0 0 0 0 0 0 0 0 0 0 0 0 0 0 0 0 0 0 0 0 0 0 0 0 0 0 0 0 0 0
