# X:$14A000  X_14A000_sine8k_full  (8192 words)
# m18 phaser LFO quadrature SIN (read at $144ED4/$145076: x:(r0+$14a000),a)
# 3 bytes/word big-endian signed 24-bit fraction = word/2^23
#  idx | hex     signed24   fraction(24-bit)
     0 | 000000         0   +0.0000000
     1 | 001922      6434   +0.0007670
     2 | 003244     12868   +0.0015340
     3 | 004B66     19302   +0.0023010
     4 | 006488     25736   +0.0030680
     5 | 007DAA     32170   +0.0038350
     6 | 0096CC     38604   +0.0046020
     7 | 00AFEE     45038   +0.0053689
     8 | 00C910     51472   +0.0061359
     9 | 00E231     57905   +0.0069028
    10 | 00FB53     64339   +0.0076698
    11 | 011475     70773   +0.0084368
    12 | 012D97     77207   +0.0092038
    13 | 0146B8     83640   +0.0099707
    14 | 015FDA     90074   +0.0107377
    15 | 0178FC     96508   +0.0115047
    16 | 01921D    102941   +0.0122715
    17 | 01AB3F    109375   +0.0130385
    18 | 01C460    115808   +0.0138054
    19 | 01DD81    122241   +0.0145723
    20 | 01F6A3    128675   +0.0153393
    21 | 020FC4    135108   +0.0161061
    22 | 0228E5    141541   +0.0168730
    23 | 024206    147974   +0.0176399
    24 | 025B27    154407   +0.0184067
    25 | 027448    160840   +0.0191736
    26 | 028D68    167272   +0.0199404
    27 | 02A689    173705   +0.0207072
    28 | 02BFAA    180138   +0.0214741
    29 | 02D8CA    186570   +0.0222409
    30 | 02F1EA    193002   +0.0230076
    31 | 030B0B    199435   +0.0237745
    32 | 03242B    205867   +0.0245413
    33 | 033D4B    212299   +0.0253080
    34 | 03566B    218731   +0.0260748
    35 | 036F8A    225162   +0.0268414
    36 | 0388AA    231594   +0.0276082
    37 | 03A1C9    238025   +0.0283748
    38 | 03BAE9    244457   +0.0291415
    39 | 03D408    250888   +0.0299082
    40 | 03ED27    257319   +0.0306748
    41 | 040646    263750   +0.0314415
    42 | 041F64    270180   +0.0322080
    43 | 043883    276611   +0.0329746
    44 | 0451A1    283041   +0.0337411
    45 | 046AC0    289472   +0.0345078
    46 | 0483DE    295902   +0.0352743
    47 | 049CFC    302332   +0.0360408
    48 | 04B619    308761   +0.0368072
    49 | 04CF37    315191   +0.0375737
    50 | 04E854    321620   +0.0383401
    51 | 050171    328049   +0.0391065
    52 | 051A8E    334478   +0.0398729
    53 | 0533AB    340907   +0.0406393
    54 | 054CC8    347336   +0.0414057
    55 | 0565E4    353764   +0.0421720
    56 | 057F00    360192   +0.0429382
    57 | 05981C    366620   +0.0437045
    58 | 05B138    373048   +0.0444708
    59 | 05CA53    379475   +0.0452369
    60 | 05E36F    385903   +0.0460032
    61 | 05FC8A    392330   +0.0467694
    62 | 0615A4    398756   +0.0475354
    63 | 062EBF    405183   +0.0483016
    64 | 0647D9    411609   +0.0490676
    65 | 0660F4    418036   +0.0498338
    66 | 067A0D    424461   +0.0505997
    67 | 069327    430887   +0.0513657
    68 | 06AC40    437312   +0.0521317
    69 | 06C559    443737   +0.0528976
    70 | 06DE72    450162   +0.0536635
    71 | 06F78B    456587   +0.0544294
    72 | 0710A3    463011   +0.0551952
    73 | 0729BB    469435   +0.0559610
    74 | 0742D3    475859   +0.0567268
    75 | 075BEA    482282   +0.0574925
    76 | 077502    488706   +0.0582583
    77 | 078E19    495129   +0.0590240
    78 | 07A72F    501551   +0.0597895
    79 | 07C046    507974   +0.0605552
    80 | 07D95C    514396   +0.0613208
    81 | 07F271    520817   +0.0620862
    82 | 080B87    527239   +0.0628518
    83 | 08249C    533660   +0.0636172
    84 | 083DB1    540081   +0.0643827
    85 | 0856C5    546501   +0.0651480
    86 | 086FD9    552921   +0.0659133
    87 | 0888ED    559341   +0.0666786
    88 | 08A201    565761   +0.0674440
    89 | 08BB14    572180   +0.0682092
    90 | 08D427    578599   +0.0689744
    91 | 08ED39    585017   +0.0697395
    92 | 09064B    591435   +0.0705045
    93 | 091F5D    597853   +0.0712696
    94 | 09386E    604270   +0.0720346
    95 | 09517F    610687   +0.0727996
    96 | 096A90    617104   +0.0735645
    97 | 0983A1    623521   +0.0743295
    98 | 099CB1    629937   +0.0750943
    99 | 09B5C0    636352   +0.0758591
   100 | 09CECF    642767   +0.0766238
   101 | 09E7DE    649182   +0.0773885
   102 | 0A00ED    655597   +0.0781533
   103 | 0A19FB    662011   +0.0789179
   104 | 0A3309    668425   +0.0796825
   105 | 0A4C16    674838   +0.0804470
   106 | 0A6523    681251   +0.0812114
   107 | 0A7E2F    687663   +0.0819758
   108 | 0A973C    694076   +0.0827403
   109 | 0AB047    700487   +0.0835046
   110 | 0AC953    706899   +0.0842689
   111 | 0AE25D    713309   +0.0850331
   112 | 0AFB68    719720   +0.0857973
   113 | 0B1472    726130   +0.0865614
   114 | 0B2D7C    732540   +0.0873256
   115 | 0B4685    738949   +0.0880896
   116 | 0B5F8E    745358   +0.0888536
   117 | 0B7896    751766   +0.0896175
   118 | 0B919E    758174   +0.0903814
   119 | 0BAAA5    764581   +0.0911452
   120 | 0BC3AC    770988   +0.0919089
   121 | 0BDCB3    777395   +0.0926727
   122 | 0BF5B9    783801   +0.0934364
   123 | 0C0EBE    790206   +0.0941999
   124 | 0C27C3    796611   +0.0949634
   125 | 0C40C8    803016   +0.0957270
   126 | 0C59CC    809420   +0.0964904
   127 | 0C72D0    815824   +0.0972538
   128 | 0C8BD3    822227   +0.0980171
   129 | 0CA4D6    828630   +0.0987804
   130 | 0CBDD8    835032   +0.0995436
   131 | 0CD6DA    841434   +0.1003067
   132 | 0CEFDB    847835   +0.1010698
   133 | 0D08DC    854236   +0.1018329
   134 | 0D21DC    860636   +0.1025958
   135 | 0D3ADC    867036   +0.1033587
   136 | 0D53DB    873435   +0.1041216
   137 | 0D6CDA    879834   +0.1048844
   138 | 0D85D8    886232   +0.1056471
   139 | 0D9ED6    892630   +0.1064098
   140 | 0DB7D3    899027   +0.1071724
   141 | 0DD0D0    905424   +0.1079350
   142 | 0DE9CC    911820   +0.1086974
   143 | 0E02C8    918216   +0.1094599
   144 | 0E1BC3    924611   +0.1102222
   145 | 0E34BD    931005   +0.1109844
   146 | 0E4DB7    937399   +0.1117467
   147 | 0E66B1    943793   +0.1125089
   148 | 0E7FAA    950186   +0.1132710
   149 | 0E98A2    956578   +0.1140330
   150 | 0EB19A    962970   +0.1147950
   151 | 0ECA91    969361   +0.1155568
   152 | 0EE387    975751   +0.1163186
   153 | 0EFC7D    982141   +0.1170803
   154 | 0F1573    988531   +0.1178421
   155 | 0F2E68    994920   +0.1186037
   156 | 0F475C   1001308   +0.1193652
   157 | 0F6050   1007696   +0.1201267
   158 | 0F7943   1014083   +0.1208881
   159 | 0F9235   1020469   +0.1216494
   160 | 0FAB27   1026855   +0.1224107
   161 | 0FC418   1033240   +0.1231718
   162 | 0FDD09   1039625   +0.1239330
   163 | 0FF5F9   1046009   +0.1246940
   164 | 100EE9   1052393   +0.1254550
   165 | 1027D7   1058775   +0.1262158
   166 | 1040C6   1065158   +0.1269767
   167 | 1059B3   1071539   +0.1277374
   168 | 1072A0   1077920   +0.1284981
   169 | 108B8C   1084300   +0.1292586
   170 | 10A478   1090680   +0.1300192
   171 | 10BD63   1097059   +0.1307796
   172 | 10D64E   1103438   +0.1315401
   173 | 10EF37   1109815   +0.1323003
   174 | 110820   1116192   +0.1330605
   175 | 112109   1122569   +0.1338207
   176 | 1139F1   1128945   +0.1345807
   177 | 1152D8   1135320   +0.1353407
   178 | 116BBE   1141694   +0.1361005
   179 | 1184A4   1148068   +0.1368604
   180 | 119D89   1154441   +0.1376201
   181 | 11B66E   1160814   +0.1383798
   182 | 11CF51   1167185   +0.1391393
   183 | 11E834   1173556   +0.1398988
   184 | 120117   1179927   +0.1406583
   185 | 1219F8   1186296   +0.1414175
   186 | 1232D9   1192665   +0.1421767
   187 | 124BBA   1199034   +0.1429360
   188 | 126499   1205401   +0.1436950
   189 | 127D78   1211768   +0.1444540
   190 | 129656   1218134   +0.1452129
   191 | 12AF34   1224500   +0.1459718
   192 | 12C810   1230864   +0.1467304
   193 | 12E0EC   1237228   +0.1474891
   194 | 12F9C8   1243592   +0.1482477
   195 | 1312A2   1249954   +0.1490061
   196 | 132B7C   1256316   +0.1497645
   197 | 134455   1262677   +0.1505228
   198 | 135D2D   1269037   +0.1512810
   199 | 137605   1275397   +0.1520392
   200 | 138EDC   1281756   +0.1527972
   201 | 13A7B2   1288114   +0.1535552
   202 | 13C087   1294471   +0.1543130
   203 | 13D95B   1300827   +0.1550707
   204 | 13F22F   1307183   +0.1558284
   205 | 140B02   1313538   +0.1565859
   206 | 1423D4   1319892   +0.1573434
   207 | 143CA6   1326246   +0.1581008
   208 | 145577   1332599   +0.1588582
   209 | 146E46   1338950   +0.1596153
   210 | 148716   1345302   +0.1603725
   211 | 149FE4   1351652   +0.1611295
   212 | 14B8B1   1358001   +0.1618863
   213 | 14D17E   1364350   +0.1626432
   214 | 14EA4A   1370698   +0.1633999
   215 | 150315   1377045   +0.1641566
   216 | 151BDF   1383391   +0.1649131
   217 | 1534A9   1389737   +0.1656696
   218 | 154D71   1396081   +0.1664258
   219 | 156639   1402425   +0.1671821
   220 | 157F00   1408768   +0.1679382
   221 | 1597C7   1415111   +0.1686944
   222 | 15B08C   1421452   +0.1694503
   223 | 15C950   1427792   +0.1702061
   224 | 15E214   1434132   +0.1709619
   225 | 15FAD7   1440471   +0.1717175
   226 | 161399   1446809   +0.1724731
   227 | 162C5A   1453146   +0.1732285
   228 | 16451A   1459482   +0.1739838
   229 | 165DDA   1465818   +0.1747391
   230 | 167698   1472152   +0.1754942
   231 | 168F56   1478486   +0.1762493
   232 | 16A813   1484819   +0.1770042
   233 | 16C0CF   1491151   +0.1777591
   234 | 16D98A   1497482   +0.1785138
   235 | 16F244   1503812   +0.1792684
   236 | 170AFD   1510141   +0.1800228
   237 | 1723B6   1516470   +0.1807773
   238 | 173C6D   1522797   +0.1815315
   239 | 175524   1529124   +0.1822858
   240 | 176DDA   1535450   +0.1830399
   241 | 17868F   1541775   +0.1837939
   242 | 179F42   1548098   +0.1845477
   243 | 17B7F5   1554421   +0.1853014
   244 | 17D0A8   1560744   +0.1860552
   245 | 17E959   1567065   +0.1868087
   246 | 180209   1573385   +0.1875621
   247 | 181AB8   1579704   +0.1883154
   248 | 183367   1586023   +0.1890687
   249 | 184C14   1592340   +0.1898217
   250 | 1864C1   1598657   +0.1905748
   251 | 187D6C   1604972   +0.1913276
   252 | 189617   1611287   +0.1920804
   253 | 18AEC1   1617601   +0.1928331
   254 | 18C769   1623913   +0.1935855
   255 | 18E011   1630225   +0.1943380
   256 | 18F8B8   1636536   +0.1950903
   257 | 19115E   1642846   +0.1958425
   258 | 192A03   1649155   +0.1965946
   259 | 1942A7   1655463   +0.1973466
   260 | 195B4A   1661770   +0.1980984
   261 | 1973EC   1668076   +0.1988502
   262 | 198C8D   1674381   +0.1996018
   263 | 19A52D   1680685   +0.2003533
   264 | 19BDCC   1686988   +0.2011046
   265 | 19D66A   1693290   +0.2018559
   266 | 19EF07   1699591   +0.2026070
   267 | 1A07A3   1705891   +0.2033581
   268 | 1A203E   1712190   +0.2041090
   269 | 1A38D8   1718488   +0.2048597
   270 | 1A5171   1724785   +0.2056104
   271 | 1A6A09   1731081   +0.2063609
   272 | 1A82A0   1737376   +0.2071114
   273 | 1A9B36   1743670   +0.2078617
   274 | 1AB3CB   1749963   +0.2086118
   275 | 1ACC5F   1756255   +0.2093619
   276 | 1AE4F2   1762546   +0.2101119
   277 | 1AFD83   1768835   +0.2108616
   278 | 1B1614   1775124   +0.2116113
   279 | 1B2EA4   1781412   +0.2123609
   280 | 1B4733   1787699   +0.2131103
   281 | 1B5FC0   1793984   +0.2138596
   282 | 1B784D   1800269   +0.2146088
   283 | 1B90D9   1806553   +0.2153579
   284 | 1BA963   1812835   +0.2161068
   285 | 1BC1EC   1819116   +0.2168555
   286 | 1BDA75   1825397   +0.2176043
   287 | 1BF2FC   1831676   +0.2183528
   288 | 1C0B82   1837954   +0.2191012
   289 | 1C2407   1844231   +0.2198495
   290 | 1C3C8B   1850507   +0.2205976
   291 | 1C550E   1856782   +0.2213457
   292 | 1C6D90   1863056   +0.2220936
   293 | 1C8611   1869329   +0.2228414
   294 | 1C9E90   1875600   +0.2235889
   295 | 1CB70F   1881871   +0.2243365
   296 | 1CCF8C   1888140   +0.2250838
   297 | 1CE809   1894409   +0.2258312
   298 | 1D0084   1900676   +0.2265782
   299 | 1D18FE   1906942   +0.2273252
   300 | 1D3177   1913207   +0.2280720
   301 | 1D49EF   1919471   +0.2288188
   302 | 1D6266   1925734   +0.2295654
   303 | 1D7ADB   1931995   +0.2303118
   304 | 1D9350   1938256   +0.2310581
   305 | 1DABC3   1944515   +0.2318043
   306 | 1DC435   1950773   +0.2325503
   307 | 1DDCA6   1957030   +0.2332962
   308 | 1DF516   1963286   +0.2340419
   309 | 1E0D85   1969541   +0.2347876
   310 | 1E25F2   1975794   +0.2355330
   311 | 1E3E5F   1982047   +0.2362784
   312 | 1E56CA   1988298   +0.2370236
   313 | 1E6F34   1994548   +0.2377687
   314 | 1E879D   2000797   +0.2385136
   315 | 1EA005   2007045   +0.2392584
   316 | 1EB86B   2013291   +0.2400030
   317 | 1ED0D0   2019536   +0.2407475
   318 | 1EE935   2025781   +0.2414919
   319 | 1F0197   2032023   +0.2422360
   320 | 1F19F9   2038265   +0.2429801
   321 | 1F325A   2044506   +0.2437241
   322 | 1F4AB9   2050745   +0.2444679
   323 | 1F6317   2056983   +0.2452115
   324 | 1F7B74   2063220   +0.2459550
   325 | 1F93D0   2069456   +0.2466984
   326 | 1FAC2A   2075690   +0.2474415
   327 | 1FC484   2081924   +0.2481847
   328 | 1FDCDC   2088156   +0.2489276
   329 | 1FF533   2094387   +0.2496704
   330 | 200D88   2100616   +0.2504129
   331 | 2025DD   2106845   +0.2511555
   332 | 203E30   2113072   +0.2518978
   333 | 205682   2119298   +0.2526400
   334 | 206ED2   2125522   +0.2533820
   335 | 208722   2131746   +0.2541239
   336 | 209F70   2137968   +0.2548656
   337 | 20B7BD   2144189   +0.2556072
   338 | 20D008   2150408   +0.2563486
   339 | 20E853   2156627   +0.2570900
   340 | 21009C   2162844   +0.2578311
   341 | 2118E4   2169060   +0.2585721
   342 | 21312A   2175274   +0.2593129
   343 | 21496F   2181487   +0.2600535
   344 | 2161B3   2187699   +0.2607940
   345 | 2179F6   2193910   +0.2615345
   346 | 219237   2200119   +0.2622746
   347 | 21AA78   2206328   +0.2630148
   348 | 21C2B6   2212534   +0.2637546
   349 | 21DAF4   2218740   +0.2644944
   350 | 21F330   2224944   +0.2652340
   351 | 220B6B   2231147   +0.2659734
   352 | 2223A5   2237349   +0.2667128
   353 | 223BDD   2243549   +0.2674519
   354 | 225414   2249748   +0.2681909
   355 | 226C49   2255945   +0.2689296
   356 | 22847E   2262142   +0.2696683
   357 | 229CB1   2268337   +0.2704068
   358 | 22B4E2   2274530   +0.2711451
   359 | 22CD12   2280722   +0.2718832
   360 | 22E541   2286913   +0.2726213
   361 | 22FD6F   2293103   +0.2733592
   362 | 23159B   2299291   +0.2740968
   363 | 232DC6   2305478   +0.2748344
   364 | 2345F0   2311664   +0.2755718
   365 | 235E18   2317848   +0.2763090
   366 | 23763F   2324031   +0.2770461
   367 | 238E64   2330212   +0.2777829
   368 | 23A688   2336392   +0.2785196
   369 | 23BEAB   2342571   +0.2792562
   370 | 23D6CC   2348748   +0.2799926
   371 | 23EEEC   2354924   +0.2807288
   372 | 24070B   2361099   +0.2814649
   373 | 241F28   2367272   +0.2822008
   374 | 243744   2373444   +0.2829366
   375 | 244F5E   2379614   +0.2836721
   376 | 246777   2385783   +0.2844075
   377 | 247F8F   2391951   +0.2851428
   378 | 2497A5   2398117   +0.2858778
   379 | 24AFBA   2404282   +0.2866127
   380 | 24C7CD   2410445   +0.2873474
   381 | 24DFDF   2416607   +0.2880820
   382 | 24F7EF   2422767   +0.2888163
   383 | 250FFE   2428926   +0.2895505
   384 | 25280C   2435084   +0.2902846
   385 | 254018   2441240   +0.2910185
   386 | 255823   2447395   +0.2917522
   387 | 25702C   2453548   +0.2924857
   388 | 258834   2459700   +0.2932191
   389 | 25A03B   2465851   +0.2939523
   390 | 25B840   2472000   +0.2946854
   391 | 25D043   2478147   +0.2954181
   392 | 25E845   2484293   +0.2961508
   393 | 260046   2490438   +0.2968833
   394 | 261845   2496581   +0.2976156
   395 | 263043   2502723   +0.2983478
   396 | 26483F   2508863   +0.2990798
   397 | 26603A   2515002   +0.2998116
   398 | 267833   2521139   +0.3005432
   399 | 26902B   2527275   +0.3012747
   400 | 26A821   2533409   +0.3020059
   401 | 26C016   2539542   +0.3027370
   402 | 26D809   2545673   +0.3034679
   403 | 26EFFB   2551803   +0.3041986
   404 | 2707EB   2557931   +0.3049291
   405 | 271FDA   2564058   +0.3056595
   406 | 2737C8   2570184   +0.3063898
   407 | 274FB3   2576307   +0.3071197
   408 | 27679E   2582430   +0.3078496
   409 | 277F86   2588550   +0.3085792
   410 | 27976E   2594670   +0.3093088
   411 | 27AF53   2600787   +0.3100380
   412 | 27C738   2606904   +0.3107672
   413 | 27DF1A   2613018   +0.3114960
   414 | 27F6FB   2619131   +0.3122247
   415 | 280EDB   2625243   +0.3129534
   416 | 2826B9   2631353   +0.3136817
   417 | 283E95   2637461   +0.3144099
   418 | 285670   2643568   +0.3151379
   419 | 286E4A   2649674   +0.3158658
   420 | 288621   2655777   +0.3165933
   421 | 289DF8   2661880   +0.3173208
   422 | 28B5CC   2667980   +0.3180480
   423 | 28CD9F   2674079   +0.3187751
   424 | 28E571   2680177   +0.3195020
   425 | 28FD41   2686273   +0.3202287
   426 | 29150F   2692367   +0.3209552
   427 | 292CDC   2698460   +0.3216815
   428 | 2944A7   2704551   +0.3224076
   429 | 295C71   2710641   +0.3231336
   430 | 297439   2716729   +0.3238593
   431 | 298BFF   2722815   +0.3245848
   432 | 29A3C4   2728900   +0.3253102
   433 | 29BB87   2734983   +0.3260354
   434 | 29D349   2741065   +0.3267604
   435 | 29EB09   2747145   +0.3274852
   436 | 2A02C7   2753223   +0.3282098
   437 | 2A1A84   2759300   +0.3289342
   438 | 2A323F   2765375   +0.3296584
   439 | 2A49F9   2771449   +0.3303825
   440 | 2A61B1   2777521   +0.3311063
   441 | 2A7967   2783591   +0.3318299
   442 | 2A911C   2789660   +0.3325534
   443 | 2AA8CE   2795726   +0.3332765
   444 | 2AC080   2801792   +0.3339996
   445 | 2AD82F   2807855   +0.3347224
   446 | 2AEFDE   2813918   +0.3354452
   447 | 2B078A   2819978   +0.3361676
   448 | 2B1F35   2826037   +0.3368899
   449 | 2B36DE   2832094   +0.3376119
   450 | 2B4E85   2838149   +0.3383337
   451 | 2B662B   2844203   +0.3390554
   452 | 2B7DCF   2850255   +0.3397769
   453 | 2B9571   2856305   +0.3404981
   454 | 2BAD12   2862354   +0.3412192
   455 | 2BC4B1   2868401   +0.3419400
   456 | 2BDC4E   2874446   +0.3426607
   457 | 2BF3EA   2880490   +0.3433812
   458 | 2C0B84   2886532   +0.3441014
   459 | 2C231C   2892572   +0.3448215
   460 | 2C3AB2   2898610   +0.3455412
   461 | 2C5247   2904647   +0.3462609
   462 | 2C69DA   2910682   +0.3469803
   463 | 2C816C   2916716   +0.3476996
   464 | 2C98FB   2922747   +0.3484186
   465 | 2CB089   2928777   +0.3491374
   466 | 2CC816   2934806   +0.3498561
   467 | 2CDFA0   2940832   +0.3505745
   468 | 2CF729   2946857   +0.3512927
   469 | 2D0EB0   2952880   +0.3520107
   470 | 2D2635   2958901   +0.3527285
   471 | 2D3DB9   2964921   +0.3534461
   472 | 2D553B   2970939   +0.3541635
   473 | 2D6CBB   2976955   +0.3548807
   474 | 2D8439   2982969   +0.3555976
   475 | 2D9BB6   2988982   +0.3563144
   476 | 2DB330   2994992   +0.3570309
   477 | 2DCAA9   3001001   +0.3577472
   478 | 2DE221   3007009   +0.3584634
   479 | 2DF996   3013014   +0.3591793
   480 | 2E110A   3019018   +0.3598950
   481 | 2E287C   3025020   +0.3606105
   482 | 2E3FEC   3031020   +0.3613257
   483 | 2E575B   3037019   +0.3620409
   484 | 2E6EC7   3043015   +0.3627557
   485 | 2E8632   3049010   +0.3634703
   486 | 2E9D9B   3055003   +0.3641847
   487 | 2EB502   3060994   +0.3648989
   488 | 2ECC68   3066984   +0.3656130
   489 | 2EE3CB   3072971   +0.3663267
   490 | 2EFB2D   3078957   +0.3670403
   491 | 2F128D   3084941   +0.3677536
   492 | 2F29EB   3090923   +0.3684667
   493 | 2F4148   3096904   +0.3691797
   494 | 2F58A2   3102882   +0.3698924
   495 | 2F6FFB   3108859   +0.3706049
   496 | 2F8752   3114834   +0.3713171
   497 | 2F9EA7   3120807   +0.3720292
   498 | 2FB5FA   3126778   +0.3727410
   499 | 2FCD4C   3132748   +0.3734527
   500 | 2FE49B   3138715   +0.3741640
   501 | 2FFBE9   3144681   +0.3748752
   502 | 301335   3150645   +0.3755862
   503 | 302A7F   3156607   +0.3762969
   504 | 3041C7   3162567   +0.3770074
   505 | 30590D   3168525   +0.3777176
   506 | 307052   3174482   +0.3784277
   507 | 308794   3180436   +0.3791375
   508 | 309ED5   3186389   +0.3798472
   509 | 30B614   3192340   +0.3805566
   510 | 30CD51   3198289   +0.3812658
   511 | 30E48C   3204236   +0.3819747
   512 | 30FBC5   3210181   +0.3826834
   513 | 3112FC   3216124   +0.3833919
   514 | 312A32   3222066   +0.3841002
   515 | 314165   3228005   +0.3848082
   516 | 315897   3233943   +0.3855160
   517 | 316FC6   3239878   +0.3862236
   518 | 3186F4   3245812   +0.3869309
   519 | 319E20   3251744   +0.3876381
   520 | 31B54A   3257674   +0.3883450
   521 | 31CC72   3263602   +0.3890517
   522 | 31E398   3269528   +0.3897581
   523 | 31FABC   3275452   +0.3904643
   524 | 3211DF   3281375   +0.3911704
   525 | 3228FF   3287295   +0.3918761
   526 | 32401D   3293213   +0.3925816
   527 | 32573A   3299130   +0.3932869
   528 | 326E54   3305044   +0.3939919
   529 | 32856D   3310957   +0.3946968
   530 | 329C84   3316868   +0.3954015
   531 | 32B398   3322776   +0.3961058
   532 | 32CAAB   3328683   +0.3968099
   533 | 32E1BC   3334588   +0.3975139
   534 | 32F8CB   3340491   +0.3982176
   535 | 330FD7   3346391   +0.3989209
   536 | 3326E2   3352290   +0.3996241
   537 | 333DEB   3358187   +0.4003271
   538 | 3354F2   3364082   +0.4010298
   539 | 336BF7   3369975   +0.4017323
   540 | 3382FA   3375866   +0.4024346
   541 | 3399FB   3381755   +0.4031366
   542 | 33B0FA   3387642   +0.4038384
   543 | 33C7F7   3393527   +0.4045399
   544 | 33DEF2   3399410   +0.4052413
   545 | 33F5EB   3405291   +0.4059423
   546 | 340CE2   3411170   +0.4066432
   547 | 3423D7   3417047   +0.4073437
   548 | 343ACA   3422922   +0.4080441
   549 | 3451BB   3428795   +0.4087442
   550 | 3468AA   3434666   +0.4094441
   551 | 347F97   3440535   +0.4101437
   552 | 349682   3446402   +0.4108431
   553 | 34AD6B   3452267   +0.4115423
   554 | 34C452   3458130   +0.4122412
   555 | 34DB36   3463990   +0.4129398
   556 | 34F219   3469849   +0.4136382
   557 | 3508FA   3475706   +0.4143364
   558 | 351FD9   3481561   +0.4150344
   559 | 3536B5   3487413   +0.4157320
   560 | 354D90   3493264   +0.4164295
   561 | 356468   3499112   +0.4171267
   562 | 357B3F   3504959   +0.4178237
   563 | 359213   3510803   +0.4185203
   564 | 35A8E6   3516646   +0.4192169
   565 | 35BFB6   3522486   +0.4199131
   566 | 35D684   3528324   +0.4206090
   567 | 35ED50   3534160   +0.4213047
   568 | 36041A   3539994   +0.4220002
   569 | 361AE2   3545826   +0.4226954
   570 | 3631A8   3551656   +0.4233904
   571 | 36486C   3557484   +0.4240851
   572 | 365F2E   3563310   +0.4247797
   573 | 3675ED   3569133   +0.4254738
   574 | 368CAB   3574955   +0.4261678
   575 | 36A366   3580774   +0.4268615
   576 | 36BA20   3586592   +0.4275551
   577 | 36D0D7   3592407   +0.4282483
   578 | 36E78C   3598220   +0.4289412
   579 | 36FE3F   3604031   +0.4296340
   580 | 3714F0   3609840   +0.4303265
   581 | 372B9E   3615646   +0.4310186
   582 | 37424B   3621451   +0.4317106
   583 | 3758F6   3627254   +0.4324024
   584 | 376F9E   3633054   +0.4330938
   585 | 378644   3638852   +0.4337850
   586 | 379CE8   3644648   +0.4344759
   587 | 37B38A   3650442   +0.4351666
   588 | 37CA2A   3656234   +0.4358571
   589 | 37E0C7   3662023   +0.4365472
   590 | 37F763   3667811   +0.4372371
   591 | 380DFC   3673596   +0.4379268
   592 | 382493   3679379   +0.4386162
   593 | 383B28   3685160   +0.4393053
   594 | 3851BB   3690939   +0.4399942
   595 | 38684C   3696716   +0.4406829
   596 | 387EDA   3702490   +0.4413712
   597 | 389566   3708262   +0.4420593
   598 | 38ABF0   3714032   +0.4427471
   599 | 38C278   3719800   +0.4434347
   600 | 38D8FE   3725566   +0.4441221
   601 | 38EF82   3731330   +0.4448092
   602 | 390603   3737091   +0.4454960
   603 | 391C82   3742850   +0.4461825
   604 | 3932FF   3748607   +0.4468688
   605 | 39497A   3754362   +0.4475548
   606 | 395FF2   3760114   +0.4482405
   607 | 397669   3765865   +0.4489261
   608 | 398CDD   3771613   +0.4496113
   609 | 39A34F   3777359   +0.4502963
   610 | 39B9BE   3783102   +0.4509809
   611 | 39D02C   3788844   +0.4516654
   612 | 39E697   3794583   +0.4523495
   613 | 39FD00   3800320   +0.4530334
   614 | 3A1367   3806055   +0.4537171
   615 | 3A29CB   3811787   +0.4544004
   616 | 3A402D   3817517   +0.4550835
   617 | 3A568D   3823245   +0.4557663
   618 | 3A6CEB   3828971   +0.4564489
   619 | 3A8347   3834695   +0.4571313
   620 | 3A99A0   3840416   +0.4578133
   621 | 3AAFF7   3846135   +0.4584950
   622 | 3AC64C   3851852   +0.4591765
   623 | 3ADC9E   3857566   +0.4598577
   624 | 3AF2EE   3863278   +0.4605386
   625 | 3B093C   3868988   +0.4612193
   626 | 3B1F88   3874696   +0.4618998
   627 | 3B35D1   3880401   +0.4625798
   628 | 3B4C18   3886104   +0.4632597
   629 | 3B625D   3891805   +0.4639393
   630 | 3B78A0   3897504   +0.4646187
   631 | 3B8EE0   3903200   +0.4652977
   632 | 3BA51E   3908894   +0.4659765
   633 | 3BBB59   3914585   +0.4666549
   634 | 3BD193   3920275   +0.4673332
   635 | 3BE7CA   3925962   +0.4680111
   636 | 3BFDFE   3931646   +0.4686887
   637 | 3C1431   3937329   +0.4693662
   638 | 3C2A61   3943009   +0.4700433
   639 | 3C408F   3948687   +0.4707202
   640 | 3C56BA   3954362   +0.4713967
   641 | 3C6CE3   3960035   +0.4720730
   642 | 3C830A   3965706   +0.4727490
   643 | 3C992E   3971374   +0.4734247
   644 | 3CAF50   3977040   +0.4741001
   645 | 3CC570   3982704   +0.4747753
   646 | 3CDB8E   3988366   +0.4754503
   647 | 3CF1A9   3994025   +0.4761249
   648 | 3D07C1   3999681   +0.4767991
   649 | 3D1DD8   4005336   +0.4774733
   650 | 3D33EC   4010988   +0.4781470
   651 | 3D49FD   4016637   +0.4788204
   652 | 3D600D   4022285   +0.4794937
   653 | 3D761A   4027930   +0.4801667
   654 | 3D8C24   4033572   +0.4808393
   655 | 3DA22C   4039212   +0.4815116
   656 | 3DB832   4044850   +0.4821837
   657 | 3DCE36   4050486   +0.4828556
   658 | 3DE437   4056119   +0.4835271
   659 | 3DFA35   4061749   +0.4841982
   660 | 3E1032   4067378   +0.4848692
   661 | 3E262B   4073003   +0.4855398
   662 | 3E3C23   4078627   +0.4862102
   663 | 3E5218   4084248   +0.4868803
   664 | 3E680B   4089867   +0.4875501
   665 | 3E7DFB   4095483   +0.4882196
   666 | 3E93E9   4101097   +0.4888889
   667 | 3EA9D4   4106708   +0.4895577
   668 | 3EBFBD   4112317   +0.4902264
   669 | 3ED5A4   4117924   +0.4908948
   670 | 3EEB88   4123528   +0.4915628
   671 | 3F016A   4129130   +0.4922307
   672 | 3F1749   4134729   +0.4928981
   673 | 3F2D26   4140326   +0.4935653
   674 | 3F4301   4145921   +0.4942323
   675 | 3F58D9   4151513   +0.4948989
   676 | 3F6EAE   4157102   +0.4955652
   677 | 3F8481   4162689   +0.4962312
   678 | 3F9A52   4168274   +0.4968970
   679 | 3FB020   4173856   +0.4975624
   680 | 3FC5EC   4179436   +0.4982276
   681 | 3FDBB5   4185013   +0.4988924
   682 | 3FF17C   4190588   +0.4995570
   683 | 400741   4196161   +0.5002214
   684 | 401D03   4201731   +0.5008854
   685 | 4032C2   4207298   +0.5015490
   686 | 40487F   4212863   +0.5022124
   687 | 405E3A   4218426   +0.5028756
   688 | 4073F2   4223986   +0.5035384
   689 | 4089A7   4229543   +0.5042008
   690 | 409F5A   4235098   +0.5048630
   691 | 40B50B   4240651   +0.5055250
   692 | 40CAB9   4246201   +0.5061866
   693 | 40E064   4251748   +0.5068479
   694 | 40F60D   4257293   +0.5075089
   695 | 410BB4   4262836   +0.5081697
   696 | 412158   4268376   +0.5088301
   697 | 4136FA   4273914   +0.5094903
   698 | 414C99   4279449   +0.5101501
   699 | 416235   4284981   +0.5108095
   700 | 4177CF   4290511   +0.5114688
   701 | 418D67   4296039   +0.5121278
   702 | 41A2FC   4301564   +0.5127864
   703 | 41B88E   4307086   +0.5134447
   704 | 41CE1E   4312606   +0.5141027
   705 | 41E3AB   4318123   +0.5147604
   706 | 41F936   4323638   +0.5154178
   707 | 420EBE   4329150   +0.5160749
   708 | 422444   4334660   +0.5167317
   709 | 4239C7   4340167   +0.5173882
   710 | 424F48   4345672   +0.5180445
   711 | 4264C6   4351174   +0.5187004
   712 | 427A41   4356673   +0.5193559
   713 | 428FBA   4362170   +0.5200112
   714 | 42A531   4367665   +0.5206662
   715 | 42BAA4   4373156   +0.5213208
   716 | 42D016   4378646   +0.5219753
   717 | 42E584   4384132   +0.5226293
   718 | 42FAF0   4389616   +0.5232830
   719 | 43105A   4395098   +0.5239365
   720 | 4325C1   4400577   +0.5245897
   721 | 433B25   4406053   +0.5252424
   722 | 435087   4411527   +0.5258950
   723 | 4365E6   4416998   +0.5265472
   724 | 437B42   4422466   +0.5271990
   725 | 43909C   4427932   +0.5278506
   726 | 43A5F4   4433396   +0.5285020
   727 | 43BB48   4438856   +0.5291529
   728 | 43D09A   4444314   +0.5298035
   729 | 43E5EA   4449770   +0.5304539
   730 | 43FB37   4455223   +0.5311040
   731 | 441081   4460673   +0.5317537
   732 | 4425C9   4466121   +0.5324031
   733 | 443B0E   4471566   +0.5330522
   734 | 445050   4477008   +0.5337009
   735 | 446590   4482448   +0.5343494
   736 | 447ACD   4487885   +0.5349976
   737 | 449007   4493319   +0.5356454
   738 | 44A53F   4498751   +0.5362929
   739 | 44BA74   4504180   +0.5369401
   740 | 44CFA7   4509607   +0.5375870
   741 | 44E4D7   4515031   +0.5382336
   742 | 44FA04   4520452   +0.5388799
   743 | 450F2E   4525870   +0.5395257
   744 | 452456   4531286   +0.5401714
   745 | 45397B   4536699   +0.5408167
   746 | 454E9E   4542110   +0.5414617
   747 | 4563BE   4547518   +0.5421064
   748 | 4578DB   4552923   +0.5427507
   749 | 458DF6   4558326   +0.5433948
   750 | 45A30D   4563725   +0.5440384
   751 | 45B823   4569123   +0.5446819
   752 | 45CD35   4574517   +0.5453249
   753 | 45E245   4579909   +0.5459677
   754 | 45F752   4585298   +0.5466101
   755 | 460C5C   4590684   +0.5472522
   756 | 462164   4596068   +0.5478940
   757 | 463669   4601449   +0.5485355
   758 | 464B6B   4606827   +0.5491766
   759 | 46606B   4612203   +0.5498174
   760 | 467568   4617576   +0.5504580
   761 | 468A62   4622946   +0.5510981
   762 | 469F59   4628313   +0.5517379
   763 | 46B44E   4633678   +0.5523775
   764 | 46C940   4639040   +0.5530167
   765 | 46DE2F   4644399   +0.5536555
   766 | 46F31C   4649756   +0.5542941
   767 | 470805   4655109   +0.5549322
   768 | 471CEC   4660460   +0.5555701
   769 | 4731D1   4665809   +0.5562078
   770 | 4746B2   4671154   +0.5568449
   771 | 475B91   4676497   +0.5574819
   772 | 47706D   4681837   +0.5581185
   773 | 478546   4687174   +0.5587547
   774 | 479A1D   4692509   +0.5593907
   775 | 47AEF1   4697841   +0.5600263
   776 | 47C3C2   4703170   +0.5606616
   777 | 47D890   4708496   +0.5612965
   778 | 47ED5B   4713819   +0.5619310
   779 | 480224   4719140   +0.5625653
   780 | 4816EA   4724458   +0.5631993
   781 | 482BAD   4729773   +0.5638329
   782 | 48406D   4735085   +0.5644661
   783 | 48552B   4740395   +0.5650991
   784 | 4869E6   4745702   +0.5657318
   785 | 487E9E   4751006   +0.5663640
   786 | 489353   4756307   +0.5669960
   787 | 48A805   4761605   +0.5676275
   788 | 48BCB5   4766901   +0.5682589
   789 | 48D162   4772194   +0.5688899
   790 | 48E60C   4777484   +0.5695205
   791 | 48FAB3   4782771   +0.5701507
   792 | 490F57   4788055   +0.5707806
   793 | 4923F9   4793337   +0.5714103
   794 | 493898   4798616   +0.5720396
   795 | 494D34   4803892   +0.5726686
   796 | 4961CD   4809165   +0.5732971
   797 | 497663   4814435   +0.5739254
   798 | 498AF6   4819702   +0.5745533
   799 | 499F87   4824967   +0.5751809
   800 | 49B415   4830229   +0.5758082
   801 | 49C8A0   4835488   +0.5764351
   802 | 49DD28   4840744   +0.5770617
   803 | 49F1AD   4845997   +0.5776879
   804 | 4A062F   4851247   +0.5783137
   805 | 4A1AAF   4856495   +0.5789393
   806 | 4A2F2B   4861739   +0.5795645
   807 | 4A43A5   4866981   +0.5801893
   808 | 4A581C   4872220   +0.5808139
   809 | 4A6C90   4877456   +0.5814381
   810 | 4A8101   4882689   +0.5820619
   811 | 4A9570   4887920   +0.5826855
   812 | 4AA9DB   4893147   +0.5833086
   813 | 4ABE44   4898372   +0.5839314
   814 | 4AD2A9   4903593   +0.5845538
   815 | 4AE70C   4908812   +0.5851760
   816 | 4AFB6C   4914028   +0.5857978
   817 | 4B0FC9   4919241   +0.5864192
   818 | 4B2423   4924451   +0.5870403
   819 | 4B387A   4929658   +0.5876610
   820 | 4B4CCF   4934863   +0.5882815
   821 | 4B6120   4940064   +0.5889015
   822 | 4B756F   4945263   +0.5895213
   823 | 4B89BA   4950458   +0.5901406
   824 | 4B9E03   4955651   +0.5907596
   825 | 4BB249   4960841   +0.5913783
   826 | 4BC68C   4966028   +0.5919967
   827 | 4BDACC   4971212   +0.5926147
   828 | 4BEF09   4976393   +0.5932323
   829 | 4C0343   4981571   +0.5938495
   830 | 4C177A   4986746   +0.5944664
   831 | 4C2BAE   4991918   +0.5950830
   832 | 4C3FDF   4997087   +0.5956992
   833 | 4C540E   5002254   +0.5963151
   834 | 4C6839   5007417   +0.5969306
   835 | 4C7C62   5012578   +0.5975459
   836 | 4C9087   5017735   +0.5981606
   837 | 4CA4AA   5022890   +0.5987751
   838 | 4CB8C9   5028041   +0.5993892
   839 | 4CCCE6   5033190   +0.6000030
   840 | 4CE100   5038336   +0.6006165
   841 | 4CF516   5043478   +0.6012294
   842 | 4D092A   5048618   +0.6018422
   843 | 4D1D3B   5053755   +0.6024545
   844 | 4D3149   5058889   +0.6030666
   845 | 4D4554   5064020   +0.6036782
   846 | 4D595B   5069147   +0.6042894
   847 | 4D6D60   5074272   +0.6049004
   848 | 4D8162   5079394   +0.6055110
   849 | 4D9561   5084513   +0.6061212
   850 | 4DA95D   5089629   +0.6067311
   851 | 4DBD56   5094742   +0.6073406
   852 | 4DD14C   5099852   +0.6079497
   853 | 4DE53F   5104959   +0.6085585
   854 | 4DF92F   5110063   +0.6091670
   855 | 4E0D1C   5115164   +0.6097751
   856 | 4E2105   5120261   +0.6103827
   857 | 4E34EC   5125356   +0.6109900
   858 | 4E48D0   5130448   +0.6115971
   859 | 4E5CB1   5135537   +0.6122037
   860 | 4E708F   5140623   +0.6128100
   861 | 4E846A   5145706   +0.6134160
   862 | 4E9842   5150786   +0.6140215
   863 | 4EAC16   5155862   +0.6146266
   864 | 4EBFE8   5160936   +0.6152315
   865 | 4ED3B7   5166007   +0.6158360
   866 | 4EE782   5171074   +0.6164401
   867 | 4EFB4B   5176139   +0.6170439
   868 | 4F0F11   5181201   +0.6176473
   869 | 4F22D3   5186259   +0.6182503
   870 | 4F3693   5191315   +0.6188530
   871 | 4F4A4F   5196367   +0.6194552
   872 | 4F5E08   5201416   +0.6200571
   873 | 4F71BF   5206463   +0.6206588
   874 | 4F8572   5211506   +0.6212599
   875 | 4F9922   5216546   +0.6218607
   876 | 4FACCF   5221583   +0.6224612
   877 | 4FC079   5226617   +0.6230613
   878 | 4FD420   5231648   +0.6236610
   879 | 4FE7C4   5236676   +0.6242604
   880 | 4FFB65   5241701   +0.6248595
   881 | 500F02   5246722   +0.6254580
   882 | 50229D   5251741   +0.6260563
   883 | 503635   5256757   +0.6266543
   884 | 5049C9   5261769   +0.6272517
   885 | 505D5A   5266778   +0.6278489
   886 | 5070E9   5271785   +0.6284457
   887 | 508474   5276788   +0.6290421
   888 | 5097FC   5281788   +0.6296382
   889 | 50AB81   5286785   +0.6302339
   890 | 50BF02   5291778   +0.6308291
   891 | 50D281   5296769   +0.6314241
   892 | 50E5FD   5301757   +0.6320187
   893 | 50F975   5306741   +0.6326128
   894 | 510CEB   5311723   +0.6332067
   895 | 51205D   5316701   +0.6338001
   896 | 5133CC   5321676   +0.6343932
   897 | 514738   5326648   +0.6349859
   898 | 515AA1   5331617   +0.6355783
   899 | 516E06   5336582   +0.6361701
   900 | 518169   5341545   +0.6367618
   901 | 5194C8   5346504   +0.6373529
   902 | 51A825   5351461   +0.6379439
   903 | 51BB7E   5356414   +0.6385343
   904 | 51CED4   5361364   +0.6391244
   905 | 51E227   5366311   +0.6397141
   906 | 51F576   5371254   +0.6403034
   907 | 5208C3   5376195   +0.6408924
   908 | 521C0C   5381132   +0.6414809
   909 | 522F52   5386066   +0.6420691
   910 | 524295   5390997   +0.6426569
   911 | 5255D5   5395925   +0.6432444
   912 | 526912   5400850   +0.6438315
   913 | 527C4B   5405771   +0.6444181
   914 | 528F82   5410690   +0.6450045
   915 | 52A2B5   5415605   +0.6455904
   916 | 52B5E5   5420517   +0.6461760
   917 | 52C911   5425425   +0.6467611
   918 | 52DC3B   5430331   +0.6473459
   919 | 52EF61   5435233   +0.6479303
   920 | 530284   5440132   +0.6485143
   921 | 5315A4   5445028   +0.6490979
   922 | 5328C1   5449921   +0.6496812
   923 | 533BDB   5454811   +0.6502641
   924 | 534EF1   5459697   +0.6508466
   925 | 536204   5464580   +0.6514287
   926 | 537514   5469460   +0.6520104
   927 | 538821   5474337   +0.6525918
   928 | 539B2A   5479210   +0.6531727
   929 | 53AE31   5484081   +0.6537534
   930 | 53C134   5488948   +0.6543336
   931 | 53D433   5493811   +0.6549133
   932 | 53E730   5498672   +0.6554928
   933 | 53FA29   5503529   +0.6560718
   934 | 540D1F   5508383   +0.6566504
   935 | 542012   5513234   +0.6572287
   936 | 543302   5518082   +0.6578066
   937 | 5445EE   5522926   +0.6583841
   938 | 5458D7   5527767   +0.6589612
   939 | 546BBD   5532605   +0.6595379
   940 | 547EA0   5537440   +0.6601143
   941 | 54917F   5542271   +0.6606902
   942 | 54A45B   5547099   +0.6612657
   943 | 54B734   5551924   +0.6618409
   944 | 54CA0A   5556746   +0.6624157
   945 | 54DCDC   5561564   +0.6629901
   946 | 54EFAB   5566379   +0.6635641
   947 | 550277   5571191   +0.6641377
   948 | 55153F   5575999   +0.6647109
   949 | 552804   5580804   +0.6652837
   950 | 553AC6   5585606   +0.6658561
   951 | 554D85   5590405   +0.6664282
   952 | 556040   5595200   +0.6669998
   953 | 5572F8   5599992   +0.6675711
   954 | 5585AD   5604781   +0.6681420
   955 | 55985E   5609566   +0.6687124
   956 | 55AB0D   5614349   +0.6692826
   957 | 55BDB7   5619127   +0.6698521
   958 | 55D05F   5623903   +0.6704215
   959 | 55E303   5628675   +0.6709903
   960 | 55F5A4   5633444   +0.6715589
   961 | 560842   5638210   +0.6721270
   962 | 561ADC   5642972   +0.6726947
   963 | 562D73   5647731   +0.6732620
   964 | 564007   5652487   +0.6738290
   965 | 565297   5657239   +0.6743954
   966 | 566524   5661988   +0.6749616
   967 | 5677AE   5666734   +0.6755273
   968 | 568A34   5671476   +0.6760926
   969 | 569CB7   5676215   +0.6766576
   970 | 56AF37   5680951   +0.6772221
   971 | 56C1B3   5685683   +0.6777862
   972 | 56D42C   5690412   +0.6783500
   973 | 56E6A2   5695138   +0.6789134
   974 | 56F914   5699860   +0.6794763
   975 | 570B83   5704579   +0.6800388
   976 | 571DEE   5709294   +0.6806009
   977 | 573056   5714006   +0.6811626
   978 | 5742BB   5718715   +0.6817240
   979 | 57551D   5723421   +0.6822850
   980 | 57677B   5728123   +0.6828455
   981 | 5779D6   5732822   +0.6834056
   982 | 578C2D   5737517   +0.6839653
   983 | 579E81   5742209   +0.6845247
   984 | 57B0D2   5746898   +0.6850836
   985 | 57C31F   5751583   +0.6856421
   986 | 57D569   5756265   +0.6862003
   987 | 57E7AF   5760943   +0.6867579
   988 | 57F9F2   5765618   +0.6873152
   989 | 580C32   5770290   +0.6878722
   990 | 581E6E   5774958   +0.6884286
   991 | 5830A7   5779623   +0.6889848
   992 | 5842DD   5784285   +0.6895405
   993 | 58550F   5788943   +0.6900958
   994 | 58673D   5793597   +0.6906506
   995 | 587969   5798249   +0.6912051
   996 | 588B91   5802897   +0.6917592
   997 | 589DB5   5807541   +0.6923128
   998 | 58AFD6   5812182   +0.6928661
   999 | 58C1F4   5816820   +0.6934190
  1000 | 58D40E   5821454   +0.6939714
  1001 | 58E625   5826085   +0.6945235
  1002 | 58F838   5830712   +0.6950750
  1003 | 590A48   5835336   +0.6956263
  1004 | 591C54   5839956   +0.6961770
  1005 | 592E5D   5844573   +0.6967274
  1006 | 594063   5849187   +0.6972774
  1007 | 595265   5853797   +0.6978270
  1008 | 596464   5858404   +0.6983762
  1009 | 59765F   5863007   +0.6989249
  1010 | 598857   5867607   +0.6994733
  1011 | 599A4B   5872203   +0.7000211
  1012 | 59AC3C   5876796   +0.7005687
  1013 | 59BE2A   5881386   +0.7011158
  1014 | 59D014   5885972   +0.7016625
  1015 | 59E1FA   5890554   +0.7022088
  1016 | 59F3DD   5895133   +0.7027546
  1017 | 5A05BD   5899709   +0.7033001
  1018 | 5A1799   5904281   +0.7038451
  1019 | 5A2972   5908850   +0.7043898
  1020 | 5A3B47   5913415   +0.7049340
  1021 | 5A4D19   5917977   +0.7054778
  1022 | 5A5EE7   5922535   +0.7060212
  1023 | 5A70B2   5927090   +0.7065642
  1024 | 5A8279   5931641   +0.7071067
  1025 | 5A943D   5936189   +0.7076489
  1026 | 5AA5FD   5940733   +0.7081906
  1027 | 5AB7BA   5945274   +0.7087319
  1028 | 5AC973   5949811   +0.7092727
  1029 | 5ADB29   5954345   +0.7098132
  1030 | 5AECDB   5958875   +0.7103533
  1031 | 5AFE8A   5963402   +0.7108929
  1032 | 5B1035   5967925   +0.7114321
  1033 | 5B21DD   5972445   +0.7119709
  1034 | 5B3381   5976961   +0.7125093
  1035 | 5B4522   5981474   +0.7130473
  1036 | 5B56BF   5985983   +0.7135848
  1037 | 5B6859   5990489   +0.7141219
  1038 | 5B79EF   5994991   +0.7146586
  1039 | 5B8B82   5999490   +0.7151949
  1040 | 5B9D11   6003985   +0.7157308
  1041 | 5BAE9C   6008476   +0.7162662
  1042 | 5BC024   6012964   +0.7168012
  1043 | 5BD1A9   6017449   +0.7173358
  1044 | 5BE32A   6021930   +0.7178700
  1045 | 5BF4A7   6026407   +0.7184037
  1046 | 5C0621   6030881   +0.7189370
  1047 | 5C1797   6035351   +0.7194699
  1048 | 5C290A   6039818   +0.7200024
  1049 | 5C3A79   6044281   +0.7205344
  1050 | 5C4BE5   6048741   +0.7210661
  1051 | 5C5D4D   6053197   +0.7215973
  1052 | 5C6EB2   6057650   +0.7221282
  1053 | 5C8013   6062099   +0.7226585
  1054 | 5C9170   6066544   +0.7231884
  1055 | 5CA2CA   6070986   +0.7237179
  1056 | 5CB420   6075424   +0.7242470
  1057 | 5CC573   6079859   +0.7247757
  1058 | 5CD6C2   6084290   +0.7253039
  1059 | 5CE80E   6088718   +0.7258317
  1060 | 5CF955   6093141   +0.7263590
  1061 | 5D0A9A   6097562   +0.7268860
  1062 | 5D1BDB   6101979   +0.7274126
  1063 | 5D2D18   6106392   +0.7279387
  1064 | 5D3E51   6110801   +0.7284642
  1065 | 5D4F88   6115208   +0.7289896
  1066 | 5D60BA   6119610   +0.7295144
  1067 | 5D71E9   6124009   +0.7300388
  1068 | 5D8314   6128404   +0.7305627
  1069 | 5D943C   6132796   +0.7310863
  1070 | 5DA560   6137184   +0.7316093
  1071 | 5DB680   6141568   +0.7321320
  1072 | 5DC79D   6145949   +0.7326542
  1073 | 5DD8B6   6150326   +0.7331760
  1074 | 5DE9CB   6154699   +0.7336973
  1075 | 5DFADD   6159069   +0.7342182
  1076 | 5E0BEC   6163436   +0.7347388
  1077 | 5E1CF6   6167798   +0.7352588
  1078 | 5E2DFD   6172157   +0.7357785
  1079 | 5E3F01   6176513   +0.7362977
  1080 | 5E5001   6180865   +0.7368165
  1081 | 5E60FD   6185213   +0.7373348
  1082 | 5E71F5   6189557   +0.7378527
  1083 | 5E82EA   6193898   +0.7383702
  1084 | 5E93DB   6198235   +0.7388872
  1085 | 5EA4C9   6202569   +0.7394038
  1086 | 5EB5B3   6206899   +0.7399200
  1087 | 5EC699   6211225   +0.7404357
  1088 | 5ED77C   6215548   +0.7409511
  1089 | 5EE85B   6219867   +0.7414659
  1090 | 5EF936   6224182   +0.7419803
  1091 | 5F0A0E   6228494   +0.7424943
  1092 | 5F1AE2   6232802   +0.7430079
  1093 | 5F2BB2   6237106   +0.7435210
  1094 | 5F3C7F   6241407   +0.7440337
  1095 | 5F4D48   6245704   +0.7445459
  1096 | 5F5E0D   6249997   +0.7450577
  1097 | 5F6ECF   6254287   +0.7455691
  1098 | 5F7F8D   6258573   +0.7460800
  1099 | 5F9047   6262855   +0.7465905
  1100 | 5FA0FD   6267133   +0.7471005
  1101 | 5FB1B0   6271408   +0.7476101
  1102 | 5FC25F   6275679   +0.7481192
  1103 | 5FD30B   6279947   +0.7486280
  1104 | 5FE3B3   6284211   +0.7491363
  1105 | 5FF457   6288471   +0.7496442
  1106 | 6004F7   6292727   +0.7501515
  1107 | 601594   6296980   +0.7506585
  1108 | 60262D   6301229   +0.7511650
  1109 | 6036C2   6305474   +0.7516711
  1110 | 604754   6309716   +0.7521768
  1111 | 6057E2   6313954   +0.7526820
  1112 | 60686C   6318188   +0.7531867
  1113 | 6078F3   6322419   +0.7536911
  1114 | 608975   6326645   +0.7541949
  1115 | 6099F4   6330868   +0.7546983
  1116 | 60AA70   6335088   +0.7552013
  1117 | 60BAE7   6339303   +0.7557038
  1118 | 60CB5B   6343515   +0.7562059
  1119 | 60DBCB   6347723   +0.7567075
  1120 | 60EC37   6351927   +0.7572087
  1121 | 60FCA0   6356128   +0.7577095
  1122 | 610D05   6360325   +0.7582098
  1123 | 611D66   6364518   +0.7587097
  1124 | 612DC4   6368708   +0.7592092
  1125 | 613E1D   6372893   +0.7597080
  1126 | 614E73   6377075   +0.7602066
  1127 | 615EC5   6381253   +0.7607046
  1128 | 616F14   6385428   +0.7612023
  1129 | 617F5E   6389598   +0.7616994
  1130 | 618FA5   6393765   +0.7621962
  1131 | 619FE8   6397928   +0.7626925
  1132 | 61B028   6402088   +0.7631884
  1133 | 61C063   6406243   +0.7636837
  1134 | 61D09B   6410395   +0.7641786
  1135 | 61E0CF   6414543   +0.7646731
  1136 | 61F0FF   6418687   +0.7651671
  1137 | 62012C   6422828   +0.7656608
  1138 | 621155   6426965   +0.7661539
  1139 | 62217A   6431098   +0.7666466
  1140 | 62319B   6435227   +0.7671388
  1141 | 6241B8   6439352   +0.7676306
  1142 | 6251D2   6443474   +0.7681220
  1143 | 6261E8   6447592   +0.7686129
  1144 | 6271FA   6451706   +0.7691033
  1145 | 628208   6455816   +0.7695932
  1146 | 629212   6459922   +0.7700827
  1147 | 62A219   6464025   +0.7705718
  1148 | 62B21C   6468124   +0.7710605
  1149 | 62C21B   6472219   +0.7715486
  1150 | 62D216   6476310   +0.7720363
  1151 | 62E20D   6480397   +0.7725235
  1152 | 62F201   6484481   +0.7730104
  1153 | 6301F1   6488561   +0.7734967
  1154 | 6311DD   6492637   +0.7739826
  1155 | 6321C5   6496709   +0.7744681
  1156 | 6331A9   6500777   +0.7749530
  1157 | 63418A   6504842   +0.7754376
  1158 | 635166   6508902   +0.7759216
  1159 | 63613F   6512959   +0.7764052
  1160 | 637114   6517012   +0.7768884
  1161 | 6380E5   6521061   +0.7773710
  1162 | 6390B3   6525107   +0.7778534
  1163 | 63A07C   6529148   +0.7783351
  1164 | 63B042   6533186   +0.7788165
  1165 | 63C003   6537219   +0.7792972
  1166 | 63CFC1   6541249   +0.7797776
  1167 | 63DF7C   6545276   +0.7802577
  1168 | 63EF32   6549298   +0.7807372
  1169 | 63FEE4   6553316   +0.7812161
  1170 | 640E93   6557331   +0.7816948
  1171 | 641E3D   6561341   +0.7821728
  1172 | 642DE4   6565348   +0.7826505
  1173 | 643D87   6569351   +0.7831277
  1174 | 644D26   6573350   +0.7836044
  1175 | 645CC2   6577346   +0.7840807
  1176 | 646C59   6581337   +0.7845565
  1177 | 647BEC   6585324   +0.7850318
  1178 | 648B7C   6589308   +0.7855067
  1179 | 649B08   6593288   +0.7859812
  1180 | 64AA90   6597264   +0.7864552
  1181 | 64BA14   6601236   +0.7869287
  1182 | 64C994   6605204   +0.7874017
  1183 | 64D910   6609168   +0.7878742
  1184 | 64E888   6613128   +0.7883463
  1185 | 64F7FD   6617085   +0.7888180
  1186 | 65076D   6621037   +0.7892891
  1187 | 6516DA   6624986   +0.7897599
  1188 | 652643   6628931   +0.7902302
  1189 | 6535A8   6632872   +0.7907000
  1190 | 654509   6636809   +0.7911693
  1191 | 655466   6640742   +0.7916381
  1192 | 6563BF   6644671   +0.7921065
  1193 | 657314   6648596   +0.7925744
  1194 | 658265   6652517   +0.7930418
  1195 | 6591B3   6656435   +0.7935089
  1196 | 65A0FC   6660348   +0.7939754
  1197 | 65B042   6664258   +0.7944415
  1198 | 65BF83   6668163   +0.7949070
  1199 | 65CEC1   6672065   +0.7953721
  1200 | 65DDFB   6675963   +0.7958368
  1201 | 65ED31   6679857   +0.7963010
  1202 | 65FC63   6683747   +0.7967647
  1203 | 660B91   6687633   +0.7972280
  1204 | 661ABB   6691515   +0.7976907
  1205 | 6629E1   6695393   +0.7981530
  1206 | 663903   6699267   +0.7986149
  1207 | 664822   6703138   +0.7990763
  1208 | 66573C   6707004   +0.7995372
  1209 | 666652   6710866   +0.7999976
  1210 | 667565   6714725   +0.8004576
  1211 | 668473   6718579   +0.8009170
  1212 | 66937E   6722430   +0.8013761
  1213 | 66A284   6726276   +0.8018346
  1214 | 66B187   6730119   +0.8022927
  1215 | 66C086   6733958   +0.8027503
  1216 | 66CF80   6737792   +0.8032074
  1217 | 66DE77   6741623   +0.8036641
  1218 | 66ED6A   6745450   +0.8041203
  1219 | 66FC59   6749273   +0.8045760
  1220 | 670B43   6753091   +0.8050312
  1221 | 671A2A   6756906   +0.8054860
  1222 | 67290D   6760717   +0.8059403
  1223 | 6737EC   6764524   +0.8063941
  1224 | 6746C7   6768327   +0.8068475
  1225 | 67559E   6772126   +0.8073003
  1226 | 676471   6775921   +0.8077527
  1227 | 677340   6779712   +0.8082047
  1228 | 67820B   6783499   +0.8086561
  1229 | 6790D2   6787282   +0.8091071
  1230 | 679F95   6791061   +0.8095576
  1231 | 67AE54   6794836   +0.8100076
  1232 | 67BD0F   6798607   +0.8104571
  1233 | 67CBC6   6802374   +0.8109062
  1234 | 67DA79   6806137   +0.8113548
  1235 | 67E928   6809896   +0.8118029
  1236 | 67F7D3   6813651   +0.8122505
  1237 | 68067A   6817402   +0.8126976
  1238 | 68151D   6821149   +0.8131443
  1239 | 6823BC   6824892   +0.8135905
  1240 | 683257   6828631   +0.8140363
  1241 | 6840EE   6832366   +0.8144815
  1242 | 684F81   6836097   +0.8149263
  1243 | 685E10   6839824   +0.8153706
  1244 | 686C9A   6843546   +0.8158143
  1245 | 687B21   6847265   +0.8162576
  1246 | 6889A4   6850980   +0.8167005
  1247 | 689823   6854691   +0.8171428
  1248 | 68A69E   6858398   +0.8175848
  1249 | 68B514   6862100   +0.8180261
  1250 | 68C387   6865799   +0.8184670
  1251 | 68D1F6   6869494   +0.8189075
  1252 | 68E060   6873184   +0.8193474
  1253 | 68EEC7   6876871   +0.8197869
  1254 | 68FD29   6880553   +0.8202258
  1255 | 690B88   6884232   +0.8206644
  1256 | 6919E2   6887906   +0.8211024
  1257 | 692839   6891577   +0.8215400
  1258 | 69368B   6895243   +0.8219770
  1259 | 6944D9   6898905   +0.8224136
  1260 | 695323   6902563   +0.8228496
  1261 | 69616A   6906218   +0.8232853
  1262 | 696FAC   6909868   +0.8237205
  1263 | 697DEA   6913514   +0.8241551
  1264 | 698C24   6917156   +0.8245893
  1265 | 699A59   6920793   +0.8250228
  1266 | 69A88B   6924427   +0.8254560
  1267 | 69B6B9   6928057   +0.8258888
  1268 | 69C4E3   6931683   +0.8263210
  1269 | 69D308   6935304   +0.8267527
  1270 | 69E12A   6938922   +0.8271840
  1271 | 69EF47   6942535   +0.8276147
  1272 | 69FD60   6946144   +0.8280449
  1273 | 6A0B76   6949750   +0.8284748
  1274 | 6A1987   6953351   +0.8289040
  1275 | 6A2794   6956948   +0.8293328
  1276 | 6A359D   6960541   +0.8297611
  1277 | 6A43A2   6964130   +0.8301890
  1278 | 6A51A3   6967715   +0.8306164
  1279 | 6A5F9F   6971295   +0.8310431
  1280 | 6A6D98   6974872   +0.8314695
  1281 | 6A7B8C   6978444   +0.8318954
  1282 | 6A897D   6982013   +0.8323208
  1283 | 6A9769   6985577   +0.8327457
  1284 | 6AA551   6989137   +0.8331701
  1285 | 6AB335   6992693   +0.8335940
  1286 | 6AC115   6996245   +0.8340174
  1287 | 6ACEF1   6999793   +0.8344404
  1288 | 6ADCC9   7003337   +0.8348628
  1289 | 6AEA9C   7006876   +0.8352847
  1290 | 6AF86C   7010412   +0.8357062
  1291 | 6B0637   7013943   +0.8361272
  1292 | 6B13FE   7017470   +0.8365476
  1293 | 6B21C1   7020993   +0.8369676
  1294 | 6B2F80   7024512   +0.8373871
  1295 | 6B3D3B   7028027   +0.8378061
  1296 | 6B4AF2   7031538   +0.8382246
  1297 | 6B58A4   7035044   +0.8386426
  1298 | 6B6653   7038547   +0.8390602
  1299 | 6B73FD   7042045   +0.8394772
  1300 | 6B81A3   7045539   +0.8398937
  1301 | 6B8F45   7049029   +0.8403097
  1302 | 6B9CE3   7052515   +0.8407253
  1303 | 6BAA7C   7055996   +0.8411403
  1304 | 6BB812   7059474   +0.8415549
  1305 | 6BC5A3   7062947   +0.8419689
  1306 | 6BD331   7066417   +0.8423826
  1307 | 6BE0BA   7069882   +0.8427956
  1308 | 6BEE3F   7073343   +0.8432082
  1309 | 6BFBBF   7076799   +0.8436202
  1310 | 6C093C   7080252   +0.8440318
  1311 | 6C16B4   7083700   +0.8444428
  1312 | 6C2429   7087145   +0.8448535
  1313 | 6C3199   7090585   +0.8452636
  1314 | 6C3F05   7094021   +0.8456732
  1315 | 6C4C6C   7097452   +0.8460822
  1316 | 6C59D0   7100880   +0.8464909
  1317 | 6C672F   7104303   +0.8468989
  1318 | 6C748A   7107722   +0.8473065
  1319 | 6C81E1   7111137   +0.8477136
  1320 | 6C8F34   7114548   +0.8481202
  1321 | 6C9C83   7117955   +0.8485264
  1322 | 6CA9CD   7121357   +0.8489319
  1323 | 6CB714   7124756   +0.8493371
  1324 | 6CC456   7128150   +0.8497417
  1325 | 6CD194   7131540   +0.8501458
  1326 | 6CDECD   7134925   +0.8505493
  1327 | 6CEC03   7138307   +0.8509525
  1328 | 6CF934   7141684   +0.8513551
  1329 | 6D0661   7145057   +0.8517572
  1330 | 6D138A   7148426   +0.8521588
  1331 | 6D20AF   7151791   +0.8525599
  1332 | 6D2DCF   7155151   +0.8529605
  1333 | 6D3AEC   7158508   +0.8533607
  1334 | 6D4804   7161860   +0.8537602
  1335 | 6D5517   7165207   +0.8541592
  1336 | 6D6227   7168551   +0.8545579
  1337 | 6D6F33   7171891   +0.8549560
  1338 | 6D7C3A   7175226   +0.8553536
  1339 | 6D893D   7178557   +0.8557507
  1340 | 6D963B   7181883   +0.8561472
  1341 | 6DA336   7185206   +0.8565433
  1342 | 6DB02C   7188524   +0.8569388
  1343 | 6DBD1E   7191838   +0.8573339
  1344 | 6DCA0C   7195148   +0.8577285
  1345 | 6DD6F6   7198454   +0.8581226
  1346 | 6DE3DB   7201755   +0.8585161
  1347 | 6DF0BC   7205052   +0.8589091
  1348 | 6DFD99   7208345   +0.8593017
  1349 | 6E0A72   7211634   +0.8596938
  1350 | 6E1746   7214918   +0.8600852
  1351 | 6E2417   7218199   +0.8604764
  1352 | 6E30E2   7221474   +0.8608668
  1353 | 6E3DAA   7224746   +0.8612568
  1354 | 6E4A6E   7228014   +0.8616464
  1355 | 6E572D   7231277   +0.8620354
  1356 | 6E63E8   7234536   +0.8624239
  1357 | 6E709E   7237790   +0.8628118
  1358 | 6E7D51   7241041   +0.8631994
  1359 | 6E89FF   7244287   +0.8635863
  1360 | 6E96A9   7247529   +0.8639728
  1361 | 6EA34E   7250766   +0.8643587
  1362 | 6EAFF0   7254000   +0.8647442
  1363 | 6EBC8D   7257229   +0.8651291
  1364 | 6EC926   7260454   +0.8655136
  1365 | 6ED5BA   7263674   +0.8658974
  1366 | 6EE24A   7266890   +0.8662808
  1367 | 6EEED6   7270102   +0.8666637
  1368 | 6EFB5E   7273310   +0.8670461
  1369 | 6F07E2   7276514   +0.8674281
  1370 | 6F1461   7279713   +0.8678094
  1371 | 6F20DC   7282908   +0.8681903
  1372 | 6F2D52   7286098   +0.8685706
  1373 | 6F39C5   7289285   +0.8689505
  1374 | 6F4633   7292467   +0.8693298
  1375 | 6F529C   7295644   +0.8697085
  1376 | 6F5F02   7298818   +0.8700869
  1377 | 6F6B63   7301987   +0.8704647
  1378 | 6F77C0   7305152   +0.8708420
  1379 | 6F8418   7308312   +0.8712187
  1380 | 6F906D   7311469   +0.8715950
  1381 | 6F9CBD   7314621   +0.8719708
  1382 | 6FA908   7317768   +0.8723459
  1383 | 6FB550   7320912   +0.8727207
  1384 | 6FC193   7324051   +0.8730949
  1385 | 6FCDD1   7327185   +0.8734685
  1386 | 6FDA0C   7330316   +0.8738418
  1387 | 6FE642   7333442   +0.8742144
  1388 | 6FF274   7336564   +0.8745866
  1389 | 6FFEA1   7339681   +0.8749582
  1390 | 700ACA   7342794   +0.8753293
  1391 | 7016EF   7345903   +0.8756999
  1392 | 702310   7349008   +0.8760700
  1393 | 702F2C   7352108   +0.8764396
  1394 | 703B44   7355204   +0.8768086
  1395 | 704757   7358295   +0.8771771
  1396 | 705367   7361383   +0.8775452
  1397 | 705F71   7364465   +0.8779126
  1398 | 706B78   7367544   +0.8782797
  1399 | 70777A   7370618   +0.8786461
  1400 | 708378   7373688   +0.8790121
  1401 | 708F72   7376754   +0.8793776
  1402 | 709B67   7379815   +0.8797425
  1403 | 70A758   7382872   +0.8801069
  1404 | 70B344   7385924   +0.8804708
  1405 | 70BF2C   7388972   +0.8808341
  1406 | 70CB10   7392016   +0.8811970
  1407 | 70D6F0   7395056   +0.8815594
  1408 | 70E2CB   7398091   +0.8819212
  1409 | 70EEA2   7401122   +0.8822825
  1410 | 70FA74   7404148   +0.8826432
  1411 | 710642   7407170   +0.8830035
  1412 | 71120C   7410188   +0.8833632
  1413 | 711DD1   7413201   +0.8837224
  1414 | 712992   7416210   +0.8840811
  1415 | 71354F   7419215   +0.8844393
  1416 | 714107   7422215   +0.8847970
  1417 | 714CBB   7425211   +0.8851541
  1418 | 71586B   7428203   +0.8855108
  1419 | 716416   7431190   +0.8858669
  1420 | 716FBD   7434173   +0.8862225
  1421 | 717B5F   7437151   +0.8865775
  1422 | 7186FD   7440125   +0.8869320
  1423 | 719297   7443095   +0.8872861
  1424 | 719E2C   7446060   +0.8876395
  1425 | 71A9BD   7449021   +0.8879925
  1426 | 71B549   7451977   +0.8883449
  1427 | 71C0D2   7454930   +0.8886969
  1428 | 71CC55   7457877   +0.8890482
  1429 | 71D7D5   7460821   +0.8893992
  1430 | 71E350   7463760   +0.8897495
  1431 | 71EEC6   7466694   +0.8900993
  1432 | 71FA38   7469624   +0.8904486
  1433 | 7205A6   7472550   +0.8907974
  1434 | 721110   7475472   +0.8911457
  1435 | 721C75   7478389   +0.8914934
  1436 | 7227D5   7481301   +0.8918406
  1437 | 723331   7484209   +0.8921872
  1438 | 723E89   7487113   +0.8925334
  1439 | 7249DD   7490013   +0.8928791
  1440 | 72552C   7492908   +0.8932242
  1441 | 726076   7495798   +0.8935688
  1442 | 726BBC   7498684   +0.8939128
  1443 | 7276FE   7501566   +0.8942564
  1444 | 72823C   7504444   +0.8945994
  1445 | 728D74   7507316   +0.8949418
  1446 | 7298A9   7510185   +0.8952838
  1447 | 72A3D9   7513049   +0.8956252
  1448 | 72AF05   7515909   +0.8959662
  1449 | 72BA2C   7518764   +0.8963065
  1450 | 72C54F   7521615   +0.8966464
  1451 | 72D06D   7524461   +0.8969857
  1452 | 72DB87   7527303   +0.8973244
  1453 | 72E69D   7530141   +0.8976628
  1454 | 72F1AE   7532974   +0.8980005
  1455 | 72FCBB   7535803   +0.8983377
  1456 | 7307C3   7538627   +0.8986744
  1457 | 7312C7   7541447   +0.8990105
  1458 | 731DC6   7544262   +0.8993461
  1459 | 7328C1   7547073   +0.8996812
  1460 | 7333B8   7549880   +0.9000158
  1461 | 733EAA   7552682   +0.9003499
  1462 | 734997   7555479   +0.9006833
  1463 | 735481   7558273   +0.9010164
  1464 | 735F65   7561061   +0.9013487
  1465 | 736A46   7563846   +0.9016807
  1466 | 737521   7566625   +0.9020120
  1467 | 737FF9   7569401   +0.9023429
  1468 | 738ACC   7572172   +0.9026732
  1469 | 73959A   7574938   +0.9030030
  1470 | 73A064   7577700   +0.9033322
  1471 | 73AB2A   7580458   +0.9036610
  1472 | 73B5EB   7583211   +0.9039892
  1473 | 73C0A8   7585960   +0.9043169
  1474 | 73CB60   7588704   +0.9046440
  1475 | 73D613   7591443   +0.9049705
  1476 | 73E0C3   7594179   +0.9052967
  1477 | 73EB6E   7596910   +0.9056222
  1478 | 73F614   7599636   +0.9059472
  1479 | 7400B6   7602358   +0.9062717
  1480 | 740B53   7605075   +0.9065956
  1481 | 7415EC   7607788   +0.9069190
  1482 | 742080   7610496   +0.9072418
  1483 | 742B10   7613200   +0.9075642
  1484 | 74359C   7615900   +0.9078860
  1485 | 744023   7618595   +0.9082073
  1486 | 744AA5   7621285   +0.9085280
  1487 | 745523   7623971   +0.9088482
  1488 | 745F9D   7626653   +0.9091679
  1489 | 746A12   7629330   +0.9094870
  1490 | 747483   7632003   +0.9098057
  1491 | 747EEF   7634671   +0.9101237
  1492 | 748956   7637334   +0.9104412
  1493 | 7493B9   7639993   +0.9107581
  1494 | 749E18   7642648   +0.9110746
  1495 | 74A872   7645298   +0.9113905
  1496 | 74B2C8   7647944   +0.9117060
  1497 | 74BD19   7650585   +0.9120208
  1498 | 74C765   7653221   +0.9123350
  1499 | 74D1AD   7655853   +0.9126488
  1500 | 74DBF1   7658481   +0.9129621
  1501 | 74E630   7661104   +0.9132748
  1502 | 74F06B   7663723   +0.9135870
  1503 | 74FAA1   7666337   +0.9138986
  1504 | 7504D2   7668946   +0.9142096
  1505 | 750EFF   7671551   +0.9145201
  1506 | 751928   7674152   +0.9148302
  1507 | 75234C   7676748   +0.9151397
  1508 | 752D6C   7679340   +0.9154487
  1509 | 753787   7681927   +0.9157571
  1510 | 75419D   7684509   +0.9160649
  1511 | 754BAF   7687087   +0.9163722
  1512 | 7555BC   7689660   +0.9166789
  1513 | 755FC5   7692229   +0.9169852
  1514 | 7569CA   7694794   +0.9172909
  1515 | 7573CA   7697354   +0.9175961
  1516 | 757DC5   7699909   +0.9179007
  1517 | 7587BC   7702460   +0.9182048
  1518 | 7591AE   7705006   +0.9185083
  1519 | 759B9C   7707548   +0.9188113
  1520 | 75A585   7710085   +0.9191138
  1521 | 75AF6A   7712618   +0.9194157
  1522 | 75B94A   7715146   +0.9197171
  1523 | 75C325   7717669   +0.9200178
  1524 | 75CCFC   7720188   +0.9203181
  1525 | 75D6CF   7722703   +0.9206179
  1526 | 75E09D   7725213   +0.9209172
  1527 | 75EA66   7727718   +0.9212158
  1528 | 75F42B   7730219   +0.9215139
  1529 | 75FDEB   7732715   +0.9218115
  1530 | 7607A7   7735207   +0.9221085
  1531 | 76115E   7737694   +0.9224050
  1532 | 761B11   7740177   +0.9227010
  1533 | 7624BF   7742655   +0.9229964
  1534 | 762E69   7745129   +0.9232913
  1535 | 76380E   7747598   +0.9235857
  1536 | 7641AE   7750062   +0.9238794
  1537 | 764B4A   7752522   +0.9241726
  1538 | 7654E2   7754978   +0.9244654
  1539 | 765E74   7757428   +0.9247575
  1540 | 766803   7759875   +0.9250492
  1541 | 76718C   7762316   +0.9253402
  1542 | 767B11   7764753   +0.9256307
  1543 | 768492   7767186   +0.9259207
  1544 | 768E0E   7769614   +0.9262102
  1545 | 769785   7772037   +0.9264990
  1546 | 76A0F8   7774456   +0.9267874
  1547 | 76AA66   7776870   +0.9270751
  1548 | 76B3D0   7779280   +0.9273624
  1549 | 76BD35   7781685   +0.9276491
  1550 | 76C695   7784085   +0.9279352
  1551 | 76CFF1   7786481   +0.9282209
  1552 | 76D949   7788873   +0.9285060
  1553 | 76E29B   7791259   +0.9287905
  1554 | 76EBEA   7793642   +0.9290745
  1555 | 76F533   7796019   +0.9293579
  1556 | 76FE78   7798392   +0.9296408
  1557 | 7707B9   7800761   +0.9299232
  1558 | 7710F4   7803124   +0.9302049
  1559 | 771A2C   7805484   +0.9304862
  1560 | 77235E   7807838   +0.9307668
  1561 | 772C8C   7810188   +0.9310470
  1562 | 7735B6   7812534   +0.9313266
  1563 | 773EDB   7814875   +0.9316057
  1564 | 7747FB   7817211   +0.9318842
  1565 | 775117   7819543   +0.9321622
  1566 | 775A2E   7821870   +0.9324396
  1567 | 776340   7824192   +0.9327164
  1568 | 776C4E   7826510   +0.9329927
  1569 | 777557   7828823   +0.9332684
  1570 | 777E5C   7831132   +0.9335437
  1571 | 77875C   7833436   +0.9338183
  1572 | 779057   7835735   +0.9340924
  1573 | 77994E   7838030   +0.9343660
  1574 | 77A240   7840320   +0.9346390
  1575 | 77AB2E   7842606   +0.9349115
  1576 | 77B417   7844887   +0.9351834
  1577 | 77BCFB   7847163   +0.9354547
  1578 | 77C5DB   7849435   +0.9357256
  1579 | 77CEB6   7851702   +0.9359958
  1580 | 77D78D   7853965   +0.9362656
  1581 | 77E05F   7856223   +0.9365348
  1582 | 77E92C   7858476   +0.9368033
  1583 | 77F1F5   7860725   +0.9370714
  1584 | 77FAB9   7862969   +0.9373389
  1585 | 780378   7865208   +0.9376059
  1586 | 780C33   7867443   +0.9378723
  1587 | 7814E9   7869673   +0.9381381
  1588 | 781D9A   7871898   +0.9384034
  1589 | 782647   7874119   +0.9386681
  1590 | 782EF0   7876336   +0.9389324
  1591 | 783793   7878547   +0.9391960
  1592 | 784032   7880754   +0.9394591
  1593 | 7848CD   7882957   +0.9397217
  1594 | 785162   7885154   +0.9399836
  1595 | 7859F3   7887347   +0.9402450
  1596 | 786280   7889536   +0.9405060
  1597 | 786B08   7891720   +0.9407663
  1598 | 78738B   7893899   +0.9410261
  1599 | 787C09   7896073   +0.9412853
  1600 | 788483   7898243   +0.9415439
  1601 | 788CF8   7900408   +0.9418020
  1602 | 789569   7902569   +0.9420596
  1603 | 789DD5   7904725   +0.9423167
  1604 | 78A63C   7906876   +0.9425731
  1605 | 78AE9F   7909023   +0.9428290
  1606 | 78B6FD   7911165   +0.9430844
  1607 | 78BF56   7913302   +0.9433391
  1608 | 78C7AB   7915435   +0.9435934
  1609 | 78CFFB   7917563   +0.9438471
  1610 | 78D846   7919686   +0.9441001
  1611 | 78E08D   7921805   +0.9443527
  1612 | 78E8CF   7923919   +0.9446048
  1613 | 78F10C   7926028   +0.9448562
  1614 | 78F945   7928133   +0.9451071
  1615 | 790179   7930233   +0.9453574
  1616 | 7909A8   7932328   +0.9456072
  1617 | 7911D3   7934419   +0.9458565
  1618 | 7919F9   7936505   +0.9461051
  1619 | 79221A   7938586   +0.9463532
  1620 | 792A37   7940663   +0.9466008
  1621 | 79324F   7942735   +0.9468478
  1622 | 793A62   7944802   +0.9470942
  1623 | 794271   7946865   +0.9473401
  1624 | 794A7B   7948923   +0.9475855
  1625 | 795280   7950976   +0.9478302
  1626 | 795A81   7953025   +0.9480745
  1627 | 79627D   7955069   +0.9483181
  1628 | 796A74   7957108   +0.9485612
  1629 | 797267   7959143   +0.9488038
  1630 | 797A55   7961173   +0.9490458
  1631 | 79823E   7963198   +0.9492872
  1632 | 798A23   7965219   +0.9495281
  1633 | 799203   7967235   +0.9497684
  1634 | 7999DE   7969246   +0.9500082
  1635 | 79A1B4   7971252   +0.9502473
  1636 | 79A986   7973254   +0.9504859
  1637 | 79B153   7975251   +0.9507240
  1638 | 79B91C   7977244   +0.9509616
  1639 | 79C0DF   7979231   +0.9511985
  1640 | 79C89E   7981214   +0.9514349
  1641 | 79D059   7983193   +0.9516708
  1642 | 79D80E   7985166   +0.9519060
  1643 | 79DFBF   7987135   +0.9521407
  1644 | 79E76C   7989100   +0.9523749
  1645 | 79EF13   7991059   +0.9526085
  1646 | 79F6B6   7993014   +0.9528415
  1647 | 79FE54   7994964   +0.9530740
  1648 | 7A05EE   7996910   +0.9533060
  1649 | 7A0D82   7998850   +0.9535372
  1650 | 7A1513   8000787   +0.9537681
  1651 | 7A1C9E   8002718   +0.9539983
  1652 | 7A2424   8004644   +0.9542279
  1653 | 7A2BA6   8006566   +0.9544570
  1654 | 7A3324   8008484   +0.9546857
  1655 | 7A3A9C   8010396   +0.9549136
  1656 | 7A4210   8012304   +0.9551411
  1657 | 7A497F   8014207   +0.9553679
  1658 | 7A50E9   8016105   +0.9555942
  1659 | 7A584F   8017999   +0.9558200
  1660 | 7A5FB0   8019888   +0.9560452
  1661 | 7A670C   8021772   +0.9562697
  1662 | 7A6E64   8023652   +0.9564939
  1663 | 7A75B6   8025526   +0.9567173
  1664 | 7A7D04   8027396   +0.9569402
  1665 | 7A844E   8029262   +0.9571626
  1666 | 7A8B92   8031122   +0.9573843
  1667 | 7A92D2   8032978   +0.9576056
  1668 | 7A9A0D   8034829   +0.9578263
  1669 | 7AA144   8036676   +0.9580464
  1670 | 7AA875   8038517   +0.9582659
  1671 | 7AAFA2   8040354   +0.9584849
  1672 | 7AB6CB   8042187   +0.9587034
  1673 | 7ABDEE   8044014   +0.9589212
  1674 | 7AC50D   8045837   +0.9591385
  1675 | 7ACC27   8047655   +0.9593552
  1676 | 7AD33C   8049468   +0.9595714
  1677 | 7ADA4D   8051277   +0.9597870
  1678 | 7AE159   8053081   +0.9600021
  1679 | 7AE860   8054880   +0.9602165
  1680 | 7AEF62   8056674   +0.9604304
  1681 | 7AF660   8058464   +0.9606438
  1682 | 7AFD59   8060249   +0.9608566
  1683 | 7B044D   8062029   +0.9610687
  1684 | 7B0B3C   8063804   +0.9612803
  1685 | 7B1227   8065575   +0.9614915
  1686 | 7B190D   8067341   +0.9617020
  1687 | 7B1FEE   8069102   +0.9619119
  1688 | 7B26CA   8070858   +0.9621212
  1689 | 7B2DA2   8072610   +0.9623301
  1690 | 7B3475   8074357   +0.9625384
  1691 | 7B3B43   8076099   +0.9627460
  1692 | 7B420D   8077837   +0.9629532
  1693 | 7B48D1   8079569   +0.9631597
  1694 | 7B4F91   8081297   +0.9633657
  1695 | 7B564C   8083020   +0.9635711
  1696 | 7B5D03   8084739   +0.9637760
  1697 | 7B63B4   8086452   +0.9639802
  1698 | 7B6A61   8088161   +0.9641839
  1699 | 7B7109   8089865   +0.9643871
  1700 | 7B77AD   8091565   +0.9645897
  1701 | 7B7E4B   8093259   +0.9647917
  1702 | 7B84E5   8094949   +0.9649931
  1703 | 7B8B7A   8096634   +0.9651940
  1704 | 7B920B   8098315   +0.9653944
  1705 | 7B9896   8099990   +0.9655941
  1706 | 7B9F1D   8101661   +0.9657933
  1707 | 7BA59F   8103327   +0.9659919
  1708 | 7BAC1C   8104988   +0.9661899
  1709 | 7BB295   8106645   +0.9663874
  1710 | 7BB908   8108296   +0.9665842
  1711 | 7BBF77   8109943   +0.9667805
  1712 | 7BC5E2   8111586   +0.9669764
  1713 | 7BCC47   8113223   +0.9671715
  1714 | 7BD2A8   8114856   +0.9673662
  1715 | 7BD904   8116484   +0.9675603
  1716 | 7BDF5B   8118107   +0.9677538
  1717 | 7BE5AD   8119725   +0.9679466
  1718 | 7BEBFA   8121338   +0.9681389
  1719 | 7BF243   8122947   +0.9683307
  1720 | 7BF887   8124551   +0.9685220
  1721 | 7BFEC6   8126150   +0.9687126
  1722 | 7C0501   8127745   +0.9689027
  1723 | 7C0B36   8129334   +0.9690921
  1724 | 7C1167   8130919   +0.9692811
  1725 | 7C1793   8132499   +0.9694694
  1726 | 7C1DBB   8134075   +0.9696573
  1727 | 7C23DD   8135645   +0.9698445
  1728 | 7C29FB   8137211   +0.9700311
  1729 | 7C3014   8138772   +0.9702172
  1730 | 7C3628   8140328   +0.9704027
  1731 | 7C3C37   8141879   +0.9705876
  1732 | 7C4242   8143426   +0.9707720
  1733 | 7C4848   8144968   +0.9709558
  1734 | 7C4E49   8146505   +0.9711391
  1735 | 7C5445   8148037   +0.9713217
  1736 | 7C5A3C   8149564   +0.9715037
  1737 | 7C602F   8151087   +0.9716853
  1738 | 7C661D   8152605   +0.9718663
  1739 | 7C6C06   8154118   +0.9720466
  1740 | 7C71EA   8155626   +0.9722264
  1741 | 7C77C9   8157129   +0.9724056
  1742 | 7C7DA4   8158628   +0.9725842
  1743 | 7C837A   8160122   +0.9727623
  1744 | 7C894B   8161611   +0.9729398
  1745 | 7C8F17   8163095   +0.9731168
  1746 | 7C94DF   8164575   +0.9732932
  1747 | 7C9AA1   8166049   +0.9734689
  1748 | 7CA05F   8167519   +0.9736441
  1749 | 7CA618   8168984   +0.9738188
  1750 | 7CABCC   8170444   +0.9739928
  1751 | 7CB17C   8171900   +0.9741664
  1752 | 7CB726   8173350   +0.9743392
  1753 | 7CBCCC   8174796   +0.9745116
  1754 | 7CC26D   8176237   +0.9746834
  1755 | 7CC809   8177673   +0.9748546
  1756 | 7CCDA0   8179104   +0.9750252
  1757 | 7CD333   8180531   +0.9751953
  1758 | 7CD8C1   8181953   +0.9753648
  1759 | 7CDE4A   8183370   +0.9755337
  1760 | 7CE3CE   8184782   +0.9757020
  1761 | 7CE94D   8186189   +0.9758698
  1762 | 7CEEC7   8187591   +0.9760369
  1763 | 7CF43D   8188989   +0.9762036
  1764 | 7CF9AE   8190382   +0.9763696
  1765 | 7CFF1A   8191770   +0.9765351
  1766 | 7D0481   8193153   +0.9766999
  1767 | 7D09E4   8194532   +0.9768643
  1768 | 7D0F41   8195905   +0.9770280
  1769 | 7D149A   8197274   +0.9771912
  1770 | 7D19EE   8198638   +0.9773538
  1771 | 7D1F3D   8199997   +0.9775158
  1772 | 7D2487   8201351   +0.9776772
  1773 | 7D29CD   8202701   +0.9778382
  1774 | 7D2F0D   8204045   +0.9779984
  1775 | 7D3449   8205385   +0.9781581
  1776 | 7D3980   8206720   +0.9783173
  1777 | 7D3EB2   8208050   +0.9784758
  1778 | 7D43DF   8209375   +0.9786338
  1779 | 7D4908   8210696   +0.9787912
  1780 | 7D4E2C   8212012   +0.9789481
  1781 | 7D534A   8213322   +0.9791043
  1782 | 7D5864   8214628   +0.9792600
  1783 | 7D5D79   8215929   +0.9794151
  1784 | 7D628A   8217226   +0.9795697
  1785 | 7D6795   8218517   +0.9797236
  1786 | 7D6C9C   8219804   +0.9798770
  1787 | 7D719E   8221086   +0.9800298
  1788 | 7D769B   8222363   +0.9801821
  1789 | 7D7B93   8223635   +0.9803337
  1790 | 7D8086   8224902   +0.9804847
  1791 | 7D8575   8226165   +0.9806353
  1792 | 7D8A5E   8227422   +0.9807851
  1793 | 7D8F43   8228675   +0.9809345
  1794 | 7D9423   8229923   +0.9810833
  1795 | 7D98FE   8231166   +0.9812315
  1796 | 7D9DD4   8232404   +0.9813790
  1797 | 7DA2A6   8233638   +0.9815261
  1798 | 7DA772   8234866   +0.9816725
  1799 | 7DAC3A   8236090   +0.9818184
  1800 | 7DB0FD   8237309   +0.9819638
  1801 | 7DB5BB   8238523   +0.9821085
  1802 | 7DBA74   8239732   +0.9822526
  1803 | 7DBF29   8240937   +0.9823962
  1804 | 7DC3D8   8242136   +0.9825392
  1805 | 7DC883   8243331   +0.9826816
  1806 | 7DCD29   8244521   +0.9828235
  1807 | 7DD1C9   8245705   +0.9829646
  1808 | 7DD666   8246886   +0.9831054
  1809 | 7DDAFD   8248061   +0.9832455
  1810 | 7DDF8F   8249231   +0.9833850
  1811 | 7DE41D   8250397   +0.9835240
  1812 | 7DE8A5   8251557   +0.9836622
  1813 | 7DED29   8252713   +0.9838001
  1814 | 7DF1A8   8253864   +0.9839373
  1815 | 7DF622   8255010   +0.9840739
  1816 | 7DFA98   8256152   +0.9842100
  1817 | 7DFF08   8257288   +0.9843454
  1818 | 7E0374   8258420   +0.9844804
  1819 | 7E07DA   8259546   +0.9846146
  1820 | 7E0C3C   8260668   +0.9847484
  1821 | 7E1099   8261785   +0.9848815
  1822 | 7E14F1   8262897   +0.9850141
  1823 | 7E1945   8264005   +0.9851462
  1824 | 7E1D93   8265107   +0.9852775
  1825 | 7E21DC   8266204   +0.9854083
  1826 | 7E2621   8267297   +0.9855386
  1827 | 7E2A61   8268385   +0.9856683
  1828 | 7E2E9C   8269468   +0.9857974
  1829 | 7E32D2   8270546   +0.9859259
  1830 | 7E3703   8271619   +0.9860538
  1831 | 7E3B30   8272688   +0.9861813
  1832 | 7E3F57   8273751   +0.9863080
  1833 | 7E437A   8274810   +0.9864342
  1834 | 7E4797   8275863   +0.9865597
  1835 | 7E4BB0   8276912   +0.9866848
  1836 | 7E4FC4   8277956   +0.9868093
  1837 | 7E53D3   8278995   +0.9869331
  1838 | 7E57DE   8280030   +0.9870565
  1839 | 7E5BE3   8281059   +0.9871792
  1840 | 7E5FE4   8282084   +0.9873013
  1841 | 7E63DF   8283103   +0.9874228
  1842 | 7E67D6   8284118   +0.9875438
  1843 | 7E6BC8   8285128   +0.9876642
  1844 | 7E6FB5   8286133   +0.9877840
  1845 | 7E739D   8287133   +0.9879032
  1846 | 7E7780   8288128   +0.9880219
  1847 | 7E7B5F   8289119   +0.9881400
  1848 | 7E7F38   8290104   +0.9882574
  1849 | 7E830D   8291085   +0.9883744
  1850 | 7E86DD   8292061   +0.9884907
  1851 | 7E8AA8   8293032   +0.9886065
  1852 | 7E8E6E   8293998   +0.9887216
  1853 | 7E922F   8294959   +0.9888362
  1854 | 7E95EB   8295915   +0.9889501
  1855 | 7E99A2   8296866   +0.9890635
  1856 | 7E9D55   8297813   +0.9891764
  1857 | 7EA103   8298755   +0.9892887
  1858 | 7EA4AB   8299691   +0.9894003
  1859 | 7EA84F   8300623   +0.9895114
  1860 | 7EABEE   8301550   +0.9896219
  1861 | 7EAF88   8302472   +0.9897318
  1862 | 7EB31D   8303389   +0.9898411
  1863 | 7EB6AE   8304302   +0.9899499
  1864 | 7EBA39   8305209   +0.9900581
  1865 | 7EBDC0   8306112   +0.9901657
  1866 | 7EC141   8307009   +0.9902726
  1867 | 7EC4BE   8307902   +0.9903791
  1868 | 7EC836   8308790   +0.9904850
  1869 | 7ECBA9   8309673   +0.9905902
  1870 | 7ECF17   8310551   +0.9906949
  1871 | 7ED280   8311424   +0.9907990
  1872 | 7ED5E5   8312293   +0.9909025
  1873 | 7ED944   8313156   +0.9910054
  1874 | 7EDC9F   8314015   +0.9911078
  1875 | 7EDFF4   8314868   +0.9912095
  1876 | 7EE345   8315717   +0.9913107
  1877 | 7EE691   8316561   +0.9914113
  1878 | 7EE9D8   8317400   +0.9915113
  1879 | 7EED1A   8318234   +0.9916108
  1880 | 7EF057   8319063   +0.9917096
  1881 | 7EF390   8319888   +0.9918079
  1882 | 7EF6C3   8320707   +0.9919056
  1883 | 7EF9F2   8321522   +0.9920027
  1884 | 7EFD1B   8322331   +0.9920992
  1885 | 7F0040   8323136   +0.9921951
  1886 | 7F0360   8323936   +0.9922905
  1887 | 7F067B   8324731   +0.9923853
  1888 | 7F0991   8325521   +0.9924794
  1889 | 7F0CA2   8326306   +0.9925730
  1890 | 7F0FAE   8327086   +0.9926660
  1891 | 7F12B5   8327861   +0.9927584
  1892 | 7F15B8   8328632   +0.9928503
  1893 | 7F18B5   8329397   +0.9929415
  1894 | 7F1BAE   8330158   +0.9930322
  1895 | 7F1EA2   8330914   +0.9931223
  1896 | 7F2191   8331665   +0.9932119
  1897 | 7F247B   8332411   +0.9933008
  1898 | 7F2760   8333152   +0.9933891
  1899 | 7F2A40   8333888   +0.9934769
  1900 | 7F2D1B   8334619   +0.9935640
  1901 | 7F2FF1   8335345   +0.9936506
  1902 | 7F32C3   8336067   +0.9937366
  1903 | 7F358F   8336783   +0.9938220
  1904 | 7F3857   8337495   +0.9939069
  1905 | 7F3B1A   8338202   +0.9939911
  1906 | 7F3DD7   8338903   +0.9940747
  1907 | 7F4090   8339600   +0.9941578
  1908 | 7F4344   8340292   +0.9942403
  1909 | 7F45F3   8340979   +0.9943222
  1910 | 7F489E   8341662   +0.9944036
  1911 | 7F4B43   8342339   +0.9944843
  1912 | 7F4DE3   8343011   +0.9945644
  1913 | 7F507F   8343679   +0.9946440
  1914 | 7F5315   8344341   +0.9947230
  1915 | 7F55A7   8344999   +0.9948014
  1916 | 7F5834   8345652   +0.9948792
  1917 | 7F5ABC   8346300   +0.9949565
  1918 | 7F5D3E   8346942   +0.9950330
  1919 | 7F5FBC   8347580   +0.9951091
  1920 | 7F6236   8348214   +0.9951847
  1921 | 7F64AA   8348842   +0.9952595
  1922 | 7F6719   8349465   +0.9953338
  1923 | 7F6983   8350083   +0.9954075
  1924 | 7F6BE9   8350697   +0.9954807
  1925 | 7F6E49   8351305   +0.9955531
  1926 | 7F70A5   8351909   +0.9956251
  1927 | 7F72FC   8352508   +0.9956965
  1928 | 7F754E   8353102   +0.9957674
  1929 | 7F779A   8353690   +0.9958375
  1930 | 7F79E2   8354274   +0.9959071
  1931 | 7F7C25   8354853   +0.9959761
  1932 | 7F7E64   8355428   +0.9960446
  1933 | 7F809D   8355997   +0.9961125
  1934 | 7F82D1   8356561   +0.9961797
  1935 | 7F8500   8357120   +0.9962463
  1936 | 7F872B   8357675   +0.9963125
  1937 | 7F8951   8358225   +0.9963781
  1938 | 7F8B71   8358769   +0.9964429
  1939 | 7F8D8D   8359309   +0.9965073
  1940 | 7F8FA4   8359844   +0.9965711
  1941 | 7F91B6   8360374   +0.9966342
  1942 | 7F93C3   8360899   +0.9966968
  1943 | 7F95CB   8361419   +0.9967588
  1944 | 7F97CE   8361934   +0.9968202
  1945 | 7F99CC   8362444   +0.9968810
  1946 | 7F9BC5   8362949   +0.9969412
  1947 | 7F9DBA   8363450   +0.9970009
  1948 | 7F9FA9   8363945   +0.9970599
  1949 | 7FA194   8364436   +0.9971185
  1950 | 7FA379   8364921   +0.9971763
  1951 | 7FA55A   8365402   +0.9972336
  1952 | 7FA736   8365878   +0.9972904
  1953 | 7FA90D   8366349   +0.9973465
  1954 | 7FAADE   8366814   +0.9974020
  1955 | 7FACAB   8367275   +0.9974569
  1956 | 7FAE74   8367732   +0.9975114
  1957 | 7FB037   8368183   +0.9975652
  1958 | 7FB1F5   8368629   +0.9976183
  1959 | 7FB3AE   8369070   +0.9976709
  1960 | 7FB563   8369507   +0.9977230
  1961 | 7FB712   8369938   +0.9977744
  1962 | 7FB8BD   8370365   +0.9978253
  1963 | 7FBA62   8370786   +0.9978755
  1964 | 7FBC03   8371203   +0.9979252
  1965 | 7FBD9F   8371615   +0.9979743
  1966 | 7FBF36   8372022   +0.9980228
  1967 | 7FC0C8   8372424   +0.9980707
  1968 | 7FC255   8372821   +0.9981180
  1969 | 7FC3DD   8373213   +0.9981648
  1970 | 7FC560   8373600   +0.9982109
  1971 | 7FC6DE   8373982   +0.9982564
  1972 | 7FC857   8374359   +0.9983014
  1973 | 7FC9CC   8374732   +0.9983459
  1974 | 7FCB3B   8375099   +0.9983896
  1975 | 7FCCA6   8375462   +0.9984329
  1976 | 7FCE0B   8375819   +0.9984754
  1977 | 7FCF6C   8376172   +0.9985175
  1978 | 7FD0C8   8376520   +0.9985590
  1979 | 7FD21E   8376862   +0.9985998
  1980 | 7FD370   8377200   +0.9986401
  1981 | 7FD4BD   8377533   +0.9986798
  1982 | 7FD605   8377861   +0.9987189
  1983 | 7FD748   8378184   +0.9987574
  1984 | 7FD887   8378503   +0.9987954
  1985 | 7FD9C0   8378816   +0.9988327
  1986 | 7FDAF4   8379124   +0.9988694
  1987 | 7FDC23   8379427   +0.9989055
  1988 | 7FDD4E   8379726   +0.9989412
  1989 | 7FDE73   8380019   +0.9989761
  1990 | 7FDF94   8380308   +0.9990106
  1991 | 7FE0B0   8380592   +0.9990444
  1992 | 7FE1C6   8380870   +0.9990776
  1993 | 7FE2D8   8381144   +0.9991102
  1994 | 7FE3E5   8381413   +0.9991423
  1995 | 7FE4ED   8381677   +0.9991738
  1996 | 7FE5F0   8381936   +0.9992046
  1997 | 7FE6EE   8382190   +0.9992349
  1998 | 7FE7E7   8382439   +0.9992646
  1999 | 7FE8DB   8382683   +0.9992937
  2000 | 7FE9CB   8382923   +0.9993223
  2001 | 7FEAB5   8383157   +0.9993502
  2002 | 7FEB9B   8383387   +0.9993776
  2003 | 7FEC7B   8383611   +0.9994043
  2004 | 7FED57   8383831   +0.9994305
  2005 | 7FEE2D   8384045   +0.9994560
  2006 | 7FEEFF   8384255   +0.9994811
  2007 | 7FEFCC   8384460   +0.9995055
  2008 | 7FF093   8384659   +0.9995292
  2009 | 7FF156   8384854   +0.9995525
  2010 | 7FF214   8385044   +0.9995751
  2011 | 7FF2CD   8385229   +0.9995972
  2012 | 7FF381   8385409   +0.9996186
  2013 | 7FF431   8385585   +0.9996396
  2014 | 7FF4DB   8385755   +0.9996599
  2015 | 7FF580   8385920   +0.9996796
  2016 | 7FF621   8386081   +0.9996988
  2017 | 7FF6BC   8386236   +0.9997172
  2018 | 7FF752   8386386   +0.9997351
  2019 | 7FF7E4   8386532   +0.9997525
  2020 | 7FF871   8386673   +0.9997693
  2021 | 7FF8F8   8386808   +0.9997854
  2022 | 7FF97B   8386939   +0.9998010
  2023 | 7FF9F9   8387065   +0.9998161
  2024 | 7FFA72   8387186   +0.9998305
  2025 | 7FFAE6   8387302   +0.9998443
  2026 | 7FFB55   8387413   +0.9998575
  2027 | 7FFBBF   8387519   +0.9998702
  2028 | 7FFC24   8387620   +0.9998822
  2029 | 7FFC84   8387716   +0.9998937
  2030 | 7FFCE0   8387808   +0.9999046
  2031 | 7FFD36   8387894   +0.9999149
  2032 | 7FFD87   8387975   +0.9999245
  2033 | 7FFDD4   8388052   +0.9999337
  2034 | 7FFE1B   8388123   +0.9999422
  2035 | 7FFE5E   8388190   +0.9999502
  2036 | 7FFE9C   8388252   +0.9999576
  2037 | 7FFED4   8388308   +0.9999642
  2038 | 7FFF08   8388360   +0.9999704
  2039 | 7FFF37   8388407   +0.9999760
  2040 | 7FFF61   8388449   +0.9999810
  2041 | 7FFF86   8388486   +0.9999855
  2042 | 7FFFA6   8388518   +0.9999893
  2043 | 7FFFC1   8388545   +0.9999925
  2044 | 7FFFD8   8388568   +0.9999952
  2045 | 7FFFE9   8388585   +0.9999973
  2046 | 7FFFF5   8388597   +0.9999987
  2047 | 7FFFFD   8388605   +0.9999996
  2048 | 7FFFFF   8388607   +0.9999999
  2049 | 7FFFFD   8388605   +0.9999996
  2050 | 7FFFF5   8388597   +0.9999987
  2051 | 7FFFE9   8388585   +0.9999973
  2052 | 7FFFD8   8388568   +0.9999952
  2053 | 7FFFC1   8388545   +0.9999925
  2054 | 7FFFA6   8388518   +0.9999893
  2055 | 7FFF86   8388486   +0.9999855
  2056 | 7FFF61   8388449   +0.9999810
  2057 | 7FFF37   8388407   +0.9999760
  2058 | 7FFF08   8388360   +0.9999704
  2059 | 7FFED4   8388308   +0.9999642
  2060 | 7FFE9C   8388252   +0.9999576
  2061 | 7FFE5E   8388190   +0.9999502
  2062 | 7FFE1B   8388123   +0.9999422
  2063 | 7FFDD4   8388052   +0.9999337
  2064 | 7FFD87   8387975   +0.9999245
  2065 | 7FFD36   8387894   +0.9999149
  2066 | 7FFCE0   8387808   +0.9999046
  2067 | 7FFC84   8387716   +0.9998937
  2068 | 7FFC24   8387620   +0.9998822
  2069 | 7FFBBF   8387519   +0.9998702
  2070 | 7FFB55   8387413   +0.9998575
  2071 | 7FFAE6   8387302   +0.9998443
  2072 | 7FFA72   8387186   +0.9998305
  2073 | 7FF9F9   8387065   +0.9998161
  2074 | 7FF97B   8386939   +0.9998010
  2075 | 7FF8F8   8386808   +0.9997854
  2076 | 7FF871   8386673   +0.9997693
  2077 | 7FF7E4   8386532   +0.9997525
  2078 | 7FF752   8386386   +0.9997351
  2079 | 7FF6BC   8386236   +0.9997172
  2080 | 7FF621   8386081   +0.9996988
  2081 | 7FF580   8385920   +0.9996796
  2082 | 7FF4DB   8385755   +0.9996599
  2083 | 7FF431   8385585   +0.9996396
  2084 | 7FF381   8385409   +0.9996186
  2085 | 7FF2CD   8385229   +0.9995972
  2086 | 7FF214   8385044   +0.9995751
  2087 | 7FF156   8384854   +0.9995525
  2088 | 7FF093   8384659   +0.9995292
  2089 | 7FEFCC   8384460   +0.9995055
  2090 | 7FEEFF   8384255   +0.9994811
  2091 | 7FEE2D   8384045   +0.9994560
  2092 | 7FED57   8383831   +0.9994305
  2093 | 7FEC7B   8383611   +0.9994043
  2094 | 7FEB9B   8383387   +0.9993776
  2095 | 7FEAB5   8383157   +0.9993502
  2096 | 7FE9CB   8382923   +0.9993223
  2097 | 7FE8DB   8382683   +0.9992937
  2098 | 7FE7E7   8382439   +0.9992646
  2099 | 7FE6EE   8382190   +0.9992349
  2100 | 7FE5F0   8381936   +0.9992046
  2101 | 7FE4ED   8381677   +0.9991738
  2102 | 7FE3E5   8381413   +0.9991423
  2103 | 7FE2D8   8381144   +0.9991102
  2104 | 7FE1C6   8380870   +0.9990776
  2105 | 7FE0B0   8380592   +0.9990444
  2106 | 7FDF94   8380308   +0.9990106
  2107 | 7FDE73   8380019   +0.9989761
  2108 | 7FDD4E   8379726   +0.9989412
  2109 | 7FDC23   8379427   +0.9989055
  2110 | 7FDAF4   8379124   +0.9988694
  2111 | 7FD9C0   8378816   +0.9988327
  2112 | 7FD887   8378503   +0.9987954
  2113 | 7FD748   8378184   +0.9987574
  2114 | 7FD605   8377861   +0.9987189
  2115 | 7FD4BD   8377533   +0.9986798
  2116 | 7FD370   8377200   +0.9986401
  2117 | 7FD21E   8376862   +0.9985998
  2118 | 7FD0C8   8376520   +0.9985590
  2119 | 7FCF6C   8376172   +0.9985175
  2120 | 7FCE0B   8375819   +0.9984754
  2121 | 7FCCA6   8375462   +0.9984329
  2122 | 7FCB3B   8375099   +0.9983896
  2123 | 7FC9CC   8374732   +0.9983459
  2124 | 7FC857   8374359   +0.9983014
  2125 | 7FC6DE   8373982   +0.9982564
  2126 | 7FC560   8373600   +0.9982109
  2127 | 7FC3DD   8373213   +0.9981648
  2128 | 7FC255   8372821   +0.9981180
  2129 | 7FC0C8   8372424   +0.9980707
  2130 | 7FBF36   8372022   +0.9980228
  2131 | 7FBD9F   8371615   +0.9979743
  2132 | 7FBC03   8371203   +0.9979252
  2133 | 7FBA62   8370786   +0.9978755
  2134 | 7FB8BD   8370365   +0.9978253
  2135 | 7FB712   8369938   +0.9977744
  2136 | 7FB563   8369507   +0.9977230
  2137 | 7FB3AE   8369070   +0.9976709
  2138 | 7FB1F5   8368629   +0.9976183
  2139 | 7FB037   8368183   +0.9975652
  2140 | 7FAE74   8367732   +0.9975114
  2141 | 7FACAB   8367275   +0.9974569
  2142 | 7FAADE   8366814   +0.9974020
  2143 | 7FA90D   8366349   +0.9973465
  2144 | 7FA736   8365878   +0.9972904
  2145 | 7FA55A   8365402   +0.9972336
  2146 | 7FA379   8364921   +0.9971763
  2147 | 7FA194   8364436   +0.9971185
  2148 | 7F9FA9   8363945   +0.9970599
  2149 | 7F9DBA   8363450   +0.9970009
  2150 | 7F9BC5   8362949   +0.9969412
  2151 | 7F99CC   8362444   +0.9968810
  2152 | 7F97CE   8361934   +0.9968202
  2153 | 7F95CB   8361419   +0.9967588
  2154 | 7F93C3   8360899   +0.9966968
  2155 | 7F91B6   8360374   +0.9966342
  2156 | 7F8FA4   8359844   +0.9965711
  2157 | 7F8D8D   8359309   +0.9965073
  2158 | 7F8B71   8358769   +0.9964429
  2159 | 7F8951   8358225   +0.9963781
  2160 | 7F872B   8357675   +0.9963125
  2161 | 7F8500   8357120   +0.9962463
  2162 | 7F82D1   8356561   +0.9961797
  2163 | 7F809D   8355997   +0.9961125
  2164 | 7F7E64   8355428   +0.9960446
  2165 | 7F7C25   8354853   +0.9959761
  2166 | 7F79E2   8354274   +0.9959071
  2167 | 7F779A   8353690   +0.9958375
  2168 | 7F754E   8353102   +0.9957674
  2169 | 7F72FC   8352508   +0.9956965
  2170 | 7F70A5   8351909   +0.9956251
  2171 | 7F6E49   8351305   +0.9955531
  2172 | 7F6BE9   8350697   +0.9954807
  2173 | 7F6983   8350083   +0.9954075
  2174 | 7F6719   8349465   +0.9953338
  2175 | 7F64AA   8348842   +0.9952595
  2176 | 7F6236   8348214   +0.9951847
  2177 | 7F5FBC   8347580   +0.9951091
  2178 | 7F5D3E   8346942   +0.9950330
  2179 | 7F5ABC   8346300   +0.9949565
  2180 | 7F5834   8345652   +0.9948792
  2181 | 7F55A7   8344999   +0.9948014
  2182 | 7F5315   8344341   +0.9947230
  2183 | 7F507F   8343679   +0.9946440
  2184 | 7F4DE3   8343011   +0.9945644
  2185 | 7F4B43   8342339   +0.9944843
  2186 | 7F489E   8341662   +0.9944036
  2187 | 7F45F3   8340979   +0.9943222
  2188 | 7F4344   8340292   +0.9942403
  2189 | 7F4090   8339600   +0.9941578
  2190 | 7F3DD7   8338903   +0.9940747
  2191 | 7F3B1A   8338202   +0.9939911
  2192 | 7F3857   8337495   +0.9939069
  2193 | 7F358F   8336783   +0.9938220
  2194 | 7F32C3   8336067   +0.9937366
  2195 | 7F2FF1   8335345   +0.9936506
  2196 | 7F2D1B   8334619   +0.9935640
  2197 | 7F2A40   8333888   +0.9934769
  2198 | 7F2760   8333152   +0.9933891
  2199 | 7F247B   8332411   +0.9933008
  2200 | 7F2191   8331665   +0.9932119
  2201 | 7F1EA2   8330914   +0.9931223
  2202 | 7F1BAE   8330158   +0.9930322
  2203 | 7F18B5   8329397   +0.9929415
  2204 | 7F15B8   8328632   +0.9928503
  2205 | 7F12B5   8327861   +0.9927584
  2206 | 7F0FAE   8327086   +0.9926660
  2207 | 7F0CA2   8326306   +0.9925730
  2208 | 7F0991   8325521   +0.9924794
  2209 | 7F067B   8324731   +0.9923853
  2210 | 7F0360   8323936   +0.9922905
  2211 | 7F0040   8323136   +0.9921951
  2212 | 7EFD1B   8322331   +0.9920992
  2213 | 7EF9F2   8321522   +0.9920027
  2214 | 7EF6C3   8320707   +0.9919056
  2215 | 7EF390   8319888   +0.9918079
  2216 | 7EF057   8319063   +0.9917096
  2217 | 7EED1A   8318234   +0.9916108
  2218 | 7EE9D8   8317400   +0.9915113
  2219 | 7EE691   8316561   +0.9914113
  2220 | 7EE345   8315717   +0.9913107
  2221 | 7EDFF4   8314868   +0.9912095
  2222 | 7EDC9F   8314015   +0.9911078
  2223 | 7ED944   8313156   +0.9910054
  2224 | 7ED5E5   8312293   +0.9909025
  2225 | 7ED280   8311424   +0.9907990
  2226 | 7ECF17   8310551   +0.9906949
  2227 | 7ECBA9   8309673   +0.9905902
  2228 | 7EC836   8308790   +0.9904850
  2229 | 7EC4BE   8307902   +0.9903791
  2230 | 7EC141   8307009   +0.9902726
  2231 | 7EBDC0   8306112   +0.9901657
  2232 | 7EBA39   8305209   +0.9900581
  2233 | 7EB6AE   8304302   +0.9899499
  2234 | 7EB31D   8303389   +0.9898411
  2235 | 7EAF88   8302472   +0.9897318
  2236 | 7EABEE   8301550   +0.9896219
  2237 | 7EA84F   8300623   +0.9895114
  2238 | 7EA4AB   8299691   +0.9894003
  2239 | 7EA103   8298755   +0.9892887
  2240 | 7E9D55   8297813   +0.9891764
  2241 | 7E99A2   8296866   +0.9890635
  2242 | 7E95EB   8295915   +0.9889501
  2243 | 7E922F   8294959   +0.9888362
  2244 | 7E8E6E   8293998   +0.9887216
  2245 | 7E8AA8   8293032   +0.9886065
  2246 | 7E86DD   8292061   +0.9884907
  2247 | 7E830D   8291085   +0.9883744
  2248 | 7E7F38   8290104   +0.9882574
  2249 | 7E7B5F   8289119   +0.9881400
  2250 | 7E7780   8288128   +0.9880219
  2251 | 7E739D   8287133   +0.9879032
  2252 | 7E6FB5   8286133   +0.9877840
  2253 | 7E6BC8   8285128   +0.9876642
  2254 | 7E67D6   8284118   +0.9875438
  2255 | 7E63DF   8283103   +0.9874228
  2256 | 7E5FE4   8282084   +0.9873013
  2257 | 7E5BE3   8281059   +0.9871792
  2258 | 7E57DE   8280030   +0.9870565
  2259 | 7E53D3   8278995   +0.9869331
  2260 | 7E4FC4   8277956   +0.9868093
  2261 | 7E4BB0   8276912   +0.9866848
  2262 | 7E4797   8275863   +0.9865597
  2263 | 7E437A   8274810   +0.9864342
  2264 | 7E3F57   8273751   +0.9863080
  2265 | 7E3B30   8272688   +0.9861813
  2266 | 7E3703   8271619   +0.9860538
  2267 | 7E32D2   8270546   +0.9859259
  2268 | 7E2E9C   8269468   +0.9857974
  2269 | 7E2A61   8268385   +0.9856683
  2270 | 7E2621   8267297   +0.9855386
  2271 | 7E21DC   8266204   +0.9854083
  2272 | 7E1D93   8265107   +0.9852775
  2273 | 7E1945   8264005   +0.9851462
  2274 | 7E14F1   8262897   +0.9850141
  2275 | 7E1099   8261785   +0.9848815
  2276 | 7E0C3C   8260668   +0.9847484
  2277 | 7E07DA   8259546   +0.9846146
  2278 | 7E0374   8258420   +0.9844804
  2279 | 7DFF08   8257288   +0.9843454
  2280 | 7DFA98   8256152   +0.9842100
  2281 | 7DF622   8255010   +0.9840739
  2282 | 7DF1A8   8253864   +0.9839373
  2283 | 7DED29   8252713   +0.9838001
  2284 | 7DE8A5   8251557   +0.9836622
  2285 | 7DE41D   8250397   +0.9835240
  2286 | 7DDF8F   8249231   +0.9833850
  2287 | 7DDAFD   8248061   +0.9832455
  2288 | 7DD666   8246886   +0.9831054
  2289 | 7DD1C9   8245705   +0.9829646
  2290 | 7DCD29   8244521   +0.9828235
  2291 | 7DC883   8243331   +0.9826816
  2292 | 7DC3D8   8242136   +0.9825392
  2293 | 7DBF29   8240937   +0.9823962
  2294 | 7DBA74   8239732   +0.9822526
  2295 | 7DB5BB   8238523   +0.9821085
  2296 | 7DB0FD   8237309   +0.9819638
  2297 | 7DAC3A   8236090   +0.9818184
  2298 | 7DA772   8234866   +0.9816725
  2299 | 7DA2A6   8233638   +0.9815261
  2300 | 7D9DD4   8232404   +0.9813790
  2301 | 7D98FE   8231166   +0.9812315
  2302 | 7D9423   8229923   +0.9810833
  2303 | 7D8F43   8228675   +0.9809345
  2304 | 7D8A5E   8227422   +0.9807851
  2305 | 7D8575   8226165   +0.9806353
  2306 | 7D8086   8224902   +0.9804847
  2307 | 7D7B93   8223635   +0.9803337
  2308 | 7D769B   8222363   +0.9801821
  2309 | 7D719E   8221086   +0.9800298
  2310 | 7D6C9C   8219804   +0.9798770
  2311 | 7D6795   8218517   +0.9797236
  2312 | 7D628A   8217226   +0.9795697
  2313 | 7D5D79   8215929   +0.9794151
  2314 | 7D5864   8214628   +0.9792600
  2315 | 7D534A   8213322   +0.9791043
  2316 | 7D4E2C   8212012   +0.9789481
  2317 | 7D4908   8210696   +0.9787912
  2318 | 7D43DF   8209375   +0.9786338
  2319 | 7D3EB2   8208050   +0.9784758
  2320 | 7D3980   8206720   +0.9783173
  2321 | 7D3449   8205385   +0.9781581
  2322 | 7D2F0D   8204045   +0.9779984
  2323 | 7D29CD   8202701   +0.9778382
  2324 | 7D2487   8201351   +0.9776772
  2325 | 7D1F3D   8199997   +0.9775158
  2326 | 7D19EE   8198638   +0.9773538
  2327 | 7D149A   8197274   +0.9771912
  2328 | 7D0F41   8195905   +0.9770280
  2329 | 7D09E4   8194532   +0.9768643
  2330 | 7D0481   8193153   +0.9766999
  2331 | 7CFF1A   8191770   +0.9765351
  2332 | 7CF9AE   8190382   +0.9763696
  2333 | 7CF43D   8188989   +0.9762036
  2334 | 7CEEC7   8187591   +0.9760369
  2335 | 7CE94D   8186189   +0.9758698
  2336 | 7CE3CE   8184782   +0.9757020
  2337 | 7CDE4A   8183370   +0.9755337
  2338 | 7CD8C1   8181953   +0.9753648
  2339 | 7CD333   8180531   +0.9751953
  2340 | 7CCDA0   8179104   +0.9750252
  2341 | 7CC809   8177673   +0.9748546
  2342 | 7CC26D   8176237   +0.9746834
  2343 | 7CBCCC   8174796   +0.9745116
  2344 | 7CB726   8173350   +0.9743392
  2345 | 7CB17C   8171900   +0.9741664
  2346 | 7CABCC   8170444   +0.9739928
  2347 | 7CA618   8168984   +0.9738188
  2348 | 7CA05F   8167519   +0.9736441
  2349 | 7C9AA1   8166049   +0.9734689
  2350 | 7C94DF   8164575   +0.9732932
  2351 | 7C8F17   8163095   +0.9731168
  2352 | 7C894B   8161611   +0.9729398
  2353 | 7C837A   8160122   +0.9727623
  2354 | 7C7DA4   8158628   +0.9725842
  2355 | 7C77C9   8157129   +0.9724056
  2356 | 7C71EA   8155626   +0.9722264
  2357 | 7C6C06   8154118   +0.9720466
  2358 | 7C661D   8152605   +0.9718663
  2359 | 7C602F   8151087   +0.9716853
  2360 | 7C5A3C   8149564   +0.9715037
  2361 | 7C5445   8148037   +0.9713217
  2362 | 7C4E49   8146505   +0.9711391
  2363 | 7C4848   8144968   +0.9709558
  2364 | 7C4242   8143426   +0.9707720
  2365 | 7C3C37   8141879   +0.9705876
  2366 | 7C3628   8140328   +0.9704027
  2367 | 7C3014   8138772   +0.9702172
  2368 | 7C29FB   8137211   +0.9700311
  2369 | 7C23DD   8135645   +0.9698445
  2370 | 7C1DBB   8134075   +0.9696573
  2371 | 7C1793   8132499   +0.9694694
  2372 | 7C1167   8130919   +0.9692811
  2373 | 7C0B36   8129334   +0.9690921
  2374 | 7C0501   8127745   +0.9689027
  2375 | 7BFEC6   8126150   +0.9687126
  2376 | 7BF887   8124551   +0.9685220
  2377 | 7BF243   8122947   +0.9683307
  2378 | 7BEBFA   8121338   +0.9681389
  2379 | 7BE5AD   8119725   +0.9679466
  2380 | 7BDF5B   8118107   +0.9677538
  2381 | 7BD904   8116484   +0.9675603
  2382 | 7BD2A8   8114856   +0.9673662
  2383 | 7BCC47   8113223   +0.9671715
  2384 | 7BC5E2   8111586   +0.9669764
  2385 | 7BBF77   8109943   +0.9667805
  2386 | 7BB908   8108296   +0.9665842
  2387 | 7BB295   8106645   +0.9663874
  2388 | 7BAC1C   8104988   +0.9661899
  2389 | 7BA59F   8103327   +0.9659919
  2390 | 7B9F1D   8101661   +0.9657933
  2391 | 7B9896   8099990   +0.9655941
  2392 | 7B920B   8098315   +0.9653944
  2393 | 7B8B7A   8096634   +0.9651940
  2394 | 7B84E5   8094949   +0.9649931
  2395 | 7B7E4B   8093259   +0.9647917
  2396 | 7B77AD   8091565   +0.9645897
  2397 | 7B7109   8089865   +0.9643871
  2398 | 7B6A61   8088161   +0.9641839
  2399 | 7B63B4   8086452   +0.9639802
  2400 | 7B5D03   8084739   +0.9637760
  2401 | 7B564C   8083020   +0.9635711
  2402 | 7B4F91   8081297   +0.9633657
  2403 | 7B48D1   8079569   +0.9631597
  2404 | 7B420D   8077837   +0.9629532
  2405 | 7B3B43   8076099   +0.9627460
  2406 | 7B3475   8074357   +0.9625384
  2407 | 7B2DA2   8072610   +0.9623301
  2408 | 7B26CA   8070858   +0.9621212
  2409 | 7B1FEE   8069102   +0.9619119
  2410 | 7B190D   8067341   +0.9617020
  2411 | 7B1227   8065575   +0.9614915
  2412 | 7B0B3C   8063804   +0.9612803
  2413 | 7B044D   8062029   +0.9610687
  2414 | 7AFD59   8060249   +0.9608566
  2415 | 7AF660   8058464   +0.9606438
  2416 | 7AEF62   8056674   +0.9604304
  2417 | 7AE860   8054880   +0.9602165
  2418 | 7AE159   8053081   +0.9600021
  2419 | 7ADA4D   8051277   +0.9597870
  2420 | 7AD33C   8049468   +0.9595714
  2421 | 7ACC27   8047655   +0.9593552
  2422 | 7AC50D   8045837   +0.9591385
  2423 | 7ABDEE   8044014   +0.9589212
  2424 | 7AB6CB   8042187   +0.9587034
  2425 | 7AAFA2   8040354   +0.9584849
  2426 | 7AA875   8038517   +0.9582659
  2427 | 7AA144   8036676   +0.9580464
  2428 | 7A9A0D   8034829   +0.9578263
  2429 | 7A92D2   8032978   +0.9576056
  2430 | 7A8B92   8031122   +0.9573843
  2431 | 7A844E   8029262   +0.9571626
  2432 | 7A7D04   8027396   +0.9569402
  2433 | 7A75B6   8025526   +0.9567173
  2434 | 7A6E64   8023652   +0.9564939
  2435 | 7A670C   8021772   +0.9562697
  2436 | 7A5FB0   8019888   +0.9560452
  2437 | 7A584F   8017999   +0.9558200
  2438 | 7A50E9   8016105   +0.9555942
  2439 | 7A497F   8014207   +0.9553679
  2440 | 7A4210   8012304   +0.9551411
  2441 | 7A3A9C   8010396   +0.9549136
  2442 | 7A3324   8008484   +0.9546857
  2443 | 7A2BA6   8006566   +0.9544570
  2444 | 7A2424   8004644   +0.9542279
  2445 | 7A1C9E   8002718   +0.9539983
  2446 | 7A1513   8000787   +0.9537681
  2447 | 7A0D82   7998850   +0.9535372
  2448 | 7A05EE   7996910   +0.9533060
  2449 | 79FE54   7994964   +0.9530740
  2450 | 79F6B6   7993014   +0.9528415
  2451 | 79EF13   7991059   +0.9526085
  2452 | 79E76C   7989100   +0.9523749
  2453 | 79DFBF   7987135   +0.9521407
  2454 | 79D80E   7985166   +0.9519060
  2455 | 79D059   7983193   +0.9516708
  2456 | 79C89E   7981214   +0.9514349
  2457 | 79C0DF   7979231   +0.9511985
  2458 | 79B91C   7977244   +0.9509616
  2459 | 79B153   7975251   +0.9507240
  2460 | 79A986   7973254   +0.9504859
  2461 | 79A1B4   7971252   +0.9502473
  2462 | 7999DE   7969246   +0.9500082
  2463 | 799203   7967235   +0.9497684
  2464 | 798A23   7965219   +0.9495281
  2465 | 79823E   7963198   +0.9492872
  2466 | 797A55   7961173   +0.9490458
  2467 | 797267   7959143   +0.9488038
  2468 | 796A74   7957108   +0.9485612
  2469 | 79627D   7955069   +0.9483181
  2470 | 795A81   7953025   +0.9480745
  2471 | 795280   7950976   +0.9478302
  2472 | 794A7B   7948923   +0.9475855
  2473 | 794271   7946865   +0.9473401
  2474 | 793A62   7944802   +0.9470942
  2475 | 79324F   7942735   +0.9468478
  2476 | 792A37   7940663   +0.9466008
  2477 | 79221A   7938586   +0.9463532
  2478 | 7919F9   7936505   +0.9461051
  2479 | 7911D3   7934419   +0.9458565
  2480 | 7909A8   7932328   +0.9456072
  2481 | 790179   7930233   +0.9453574
  2482 | 78F945   7928133   +0.9451071
  2483 | 78F10C   7926028   +0.9448562
  2484 | 78E8CF   7923919   +0.9446048
  2485 | 78E08D   7921805   +0.9443527
  2486 | 78D846   7919686   +0.9441001
  2487 | 78CFFB   7917563   +0.9438471
  2488 | 78C7AB   7915435   +0.9435934
  2489 | 78BF56   7913302   +0.9433391
  2490 | 78B6FD   7911165   +0.9430844
  2491 | 78AE9F   7909023   +0.9428290
  2492 | 78A63C   7906876   +0.9425731
  2493 | 789DD5   7904725   +0.9423167
  2494 | 789569   7902569   +0.9420596
  2495 | 788CF8   7900408   +0.9418020
  2496 | 788483   7898243   +0.9415439
  2497 | 787C09   7896073   +0.9412853
  2498 | 78738B   7893899   +0.9410261
  2499 | 786B08   7891720   +0.9407663
  2500 | 786280   7889536   +0.9405060
  2501 | 7859F3   7887347   +0.9402450
  2502 | 785162   7885154   +0.9399836
  2503 | 7848CD   7882957   +0.9397217
  2504 | 784032   7880754   +0.9394591
  2505 | 783793   7878547   +0.9391960
  2506 | 782EF0   7876336   +0.9389324
  2507 | 782647   7874119   +0.9386681
  2508 | 781D9A   7871898   +0.9384034
  2509 | 7814E9   7869673   +0.9381381
  2510 | 780C33   7867443   +0.9378723
  2511 | 780378   7865208   +0.9376059
  2512 | 77FAB9   7862969   +0.9373389
  2513 | 77F1F5   7860725   +0.9370714
  2514 | 77E92C   7858476   +0.9368033
  2515 | 77E05F   7856223   +0.9365348
  2516 | 77D78D   7853965   +0.9362656
  2517 | 77CEB6   7851702   +0.9359958
  2518 | 77C5DB   7849435   +0.9357256
  2519 | 77BCFB   7847163   +0.9354547
  2520 | 77B417   7844887   +0.9351834
  2521 | 77AB2E   7842606   +0.9349115
  2522 | 77A240   7840320   +0.9346390
  2523 | 77994E   7838030   +0.9343660
  2524 | 779057   7835735   +0.9340924
  2525 | 77875C   7833436   +0.9338183
  2526 | 777E5C   7831132   +0.9335437
  2527 | 777557   7828823   +0.9332684
  2528 | 776C4E   7826510   +0.9329927
  2529 | 776340   7824192   +0.9327164
  2530 | 775A2E   7821870   +0.9324396
  2531 | 775117   7819543   +0.9321622
  2532 | 7747FB   7817211   +0.9318842
  2533 | 773EDB   7814875   +0.9316057
  2534 | 7735B6   7812534   +0.9313266
  2535 | 772C8C   7810188   +0.9310470
  2536 | 77235E   7807838   +0.9307668
  2537 | 771A2C   7805484   +0.9304862
  2538 | 7710F4   7803124   +0.9302049
  2539 | 7707B9   7800761   +0.9299232
  2540 | 76FE78   7798392   +0.9296408
  2541 | 76F533   7796019   +0.9293579
  2542 | 76EBEA   7793642   +0.9290745
  2543 | 76E29B   7791259   +0.9287905
  2544 | 76D949   7788873   +0.9285060
  2545 | 76CFF1   7786481   +0.9282209
  2546 | 76C695   7784085   +0.9279352
  2547 | 76BD35   7781685   +0.9276491
  2548 | 76B3D0   7779280   +0.9273624
  2549 | 76AA66   7776870   +0.9270751
  2550 | 76A0F8   7774456   +0.9267874
  2551 | 769785   7772037   +0.9264990
  2552 | 768E0E   7769614   +0.9262102
  2553 | 768492   7767186   +0.9259207
  2554 | 767B11   7764753   +0.9256307
  2555 | 76718C   7762316   +0.9253402
  2556 | 766803   7759875   +0.9250492
  2557 | 765E74   7757428   +0.9247575
  2558 | 7654E2   7754978   +0.9244654
  2559 | 764B4A   7752522   +0.9241726
  2560 | 7641AE   7750062   +0.9238794
  2561 | 76380E   7747598   +0.9235857
  2562 | 762E69   7745129   +0.9232913
  2563 | 7624BF   7742655   +0.9229964
  2564 | 761B11   7740177   +0.9227010
  2565 | 76115E   7737694   +0.9224050
  2566 | 7607A7   7735207   +0.9221085
  2567 | 75FDEB   7732715   +0.9218115
  2568 | 75F42B   7730219   +0.9215139
  2569 | 75EA66   7727718   +0.9212158
  2570 | 75E09D   7725213   +0.9209172
  2571 | 75D6CF   7722703   +0.9206179
  2572 | 75CCFC   7720188   +0.9203181
  2573 | 75C325   7717669   +0.9200178
  2574 | 75B94A   7715146   +0.9197171
  2575 | 75AF6A   7712618   +0.9194157
  2576 | 75A585   7710085   +0.9191138
  2577 | 759B9C   7707548   +0.9188113
  2578 | 7591AE   7705006   +0.9185083
  2579 | 7587BC   7702460   +0.9182048
  2580 | 757DC5   7699909   +0.9179007
  2581 | 7573CA   7697354   +0.9175961
  2582 | 7569CA   7694794   +0.9172909
  2583 | 755FC5   7692229   +0.9169852
  2584 | 7555BC   7689660   +0.9166789
  2585 | 754BAF   7687087   +0.9163722
  2586 | 75419D   7684509   +0.9160649
  2587 | 753787   7681927   +0.9157571
  2588 | 752D6C   7679340   +0.9154487
  2589 | 75234C   7676748   +0.9151397
  2590 | 751928   7674152   +0.9148302
  2591 | 750EFF   7671551   +0.9145201
  2592 | 7504D2   7668946   +0.9142096
  2593 | 74FAA1   7666337   +0.9138986
  2594 | 74F06B   7663723   +0.9135870
  2595 | 74E630   7661104   +0.9132748
  2596 | 74DBF1   7658481   +0.9129621
  2597 | 74D1AD   7655853   +0.9126488
  2598 | 74C765   7653221   +0.9123350
  2599 | 74BD19   7650585   +0.9120208
  2600 | 74B2C8   7647944   +0.9117060
  2601 | 74A872   7645298   +0.9113905
  2602 | 749E18   7642648   +0.9110746
  2603 | 7493B9   7639993   +0.9107581
  2604 | 748956   7637334   +0.9104412
  2605 | 747EEF   7634671   +0.9101237
  2606 | 747483   7632003   +0.9098057
  2607 | 746A12   7629330   +0.9094870
  2608 | 745F9D   7626653   +0.9091679
  2609 | 745523   7623971   +0.9088482
  2610 | 744AA5   7621285   +0.9085280
  2611 | 744023   7618595   +0.9082073
  2612 | 74359C   7615900   +0.9078860
  2613 | 742B10   7613200   +0.9075642
  2614 | 742080   7610496   +0.9072418
  2615 | 7415EC   7607788   +0.9069190
  2616 | 740B53   7605075   +0.9065956
  2617 | 7400B6   7602358   +0.9062717
  2618 | 73F614   7599636   +0.9059472
  2619 | 73EB6E   7596910   +0.9056222
  2620 | 73E0C3   7594179   +0.9052967
  2621 | 73D613   7591443   +0.9049705
  2622 | 73CB60   7588704   +0.9046440
  2623 | 73C0A8   7585960   +0.9043169
  2624 | 73B5EB   7583211   +0.9039892
  2625 | 73AB2A   7580458   +0.9036610
  2626 | 73A064   7577700   +0.9033322
  2627 | 73959A   7574938   +0.9030030
  2628 | 738ACC   7572172   +0.9026732
  2629 | 737FF9   7569401   +0.9023429
  2630 | 737521   7566625   +0.9020120
  2631 | 736A46   7563846   +0.9016807
  2632 | 735F65   7561061   +0.9013487
  2633 | 735481   7558273   +0.9010164
  2634 | 734997   7555479   +0.9006833
  2635 | 733EAA   7552682   +0.9003499
  2636 | 7333B8   7549880   +0.9000158
  2637 | 7328C1   7547073   +0.8996812
  2638 | 731DC6   7544262   +0.8993461
  2639 | 7312C7   7541447   +0.8990105
  2640 | 7307C3   7538627   +0.8986744
  2641 | 72FCBB   7535803   +0.8983377
  2642 | 72F1AE   7532974   +0.8980005
  2643 | 72E69D   7530141   +0.8976628
  2644 | 72DB87   7527303   +0.8973244
  2645 | 72D06D   7524461   +0.8969857
  2646 | 72C54F   7521615   +0.8966464
  2647 | 72BA2C   7518764   +0.8963065
  2648 | 72AF05   7515909   +0.8959662
  2649 | 72A3D9   7513049   +0.8956252
  2650 | 7298A9   7510185   +0.8952838
  2651 | 728D74   7507316   +0.8949418
  2652 | 72823C   7504444   +0.8945994
  2653 | 7276FE   7501566   +0.8942564
  2654 | 726BBC   7498684   +0.8939128
  2655 | 726076   7495798   +0.8935688
  2656 | 72552C   7492908   +0.8932242
  2657 | 7249DD   7490013   +0.8928791
  2658 | 723E89   7487113   +0.8925334
  2659 | 723331   7484209   +0.8921872
  2660 | 7227D5   7481301   +0.8918406
  2661 | 721C75   7478389   +0.8914934
  2662 | 721110   7475472   +0.8911457
  2663 | 7205A6   7472550   +0.8907974
  2664 | 71FA38   7469624   +0.8904486
  2665 | 71EEC6   7466694   +0.8900993
  2666 | 71E350   7463760   +0.8897495
  2667 | 71D7D5   7460821   +0.8893992
  2668 | 71CC55   7457877   +0.8890482
  2669 | 71C0D2   7454930   +0.8886969
  2670 | 71B549   7451977   +0.8883449
  2671 | 71A9BD   7449021   +0.8879925
  2672 | 719E2C   7446060   +0.8876395
  2673 | 719297   7443095   +0.8872861
  2674 | 7186FD   7440125   +0.8869320
  2675 | 717B5F   7437151   +0.8865775
  2676 | 716FBD   7434173   +0.8862225
  2677 | 716416   7431190   +0.8858669
  2678 | 71586B   7428203   +0.8855108
  2679 | 714CBB   7425211   +0.8851541
  2680 | 714107   7422215   +0.8847970
  2681 | 71354F   7419215   +0.8844393
  2682 | 712992   7416210   +0.8840811
  2683 | 711DD1   7413201   +0.8837224
  2684 | 71120C   7410188   +0.8833632
  2685 | 710642   7407170   +0.8830035
  2686 | 70FA74   7404148   +0.8826432
  2687 | 70EEA2   7401122   +0.8822825
  2688 | 70E2CB   7398091   +0.8819212
  2689 | 70D6F0   7395056   +0.8815594
  2690 | 70CB10   7392016   +0.8811970
  2691 | 70BF2C   7388972   +0.8808341
  2692 | 70B344   7385924   +0.8804708
  2693 | 70A758   7382872   +0.8801069
  2694 | 709B67   7379815   +0.8797425
  2695 | 708F72   7376754   +0.8793776
  2696 | 708378   7373688   +0.8790121
  2697 | 70777A   7370618   +0.8786461
  2698 | 706B78   7367544   +0.8782797
  2699 | 705F71   7364465   +0.8779126
  2700 | 705367   7361383   +0.8775452
  2701 | 704757   7358295   +0.8771771
  2702 | 703B44   7355204   +0.8768086
  2703 | 702F2C   7352108   +0.8764396
  2704 | 702310   7349008   +0.8760700
  2705 | 7016EF   7345903   +0.8756999
  2706 | 700ACA   7342794   +0.8753293
  2707 | 6FFEA1   7339681   +0.8749582
  2708 | 6FF274   7336564   +0.8745866
  2709 | 6FE642   7333442   +0.8742144
  2710 | 6FDA0C   7330316   +0.8738418
  2711 | 6FCDD1   7327185   +0.8734685
  2712 | 6FC193   7324051   +0.8730949
  2713 | 6FB550   7320912   +0.8727207
  2714 | 6FA908   7317768   +0.8723459
  2715 | 6F9CBD   7314621   +0.8719708
  2716 | 6F906D   7311469   +0.8715950
  2717 | 6F8418   7308312   +0.8712187
  2718 | 6F77C0   7305152   +0.8708420
  2719 | 6F6B63   7301987   +0.8704647
  2720 | 6F5F02   7298818   +0.8700869
  2721 | 6F529C   7295644   +0.8697085
  2722 | 6F4633   7292467   +0.8693298
  2723 | 6F39C5   7289285   +0.8689505
  2724 | 6F2D52   7286098   +0.8685706
  2725 | 6F20DC   7282908   +0.8681903
  2726 | 6F1461   7279713   +0.8678094
  2727 | 6F07E2   7276514   +0.8674281
  2728 | 6EFB5E   7273310   +0.8670461
  2729 | 6EEED6   7270102   +0.8666637
  2730 | 6EE24A   7266890   +0.8662808
  2731 | 6ED5BA   7263674   +0.8658974
  2732 | 6EC926   7260454   +0.8655136
  2733 | 6EBC8D   7257229   +0.8651291
  2734 | 6EAFF0   7254000   +0.8647442
  2735 | 6EA34E   7250766   +0.8643587
  2736 | 6E96A9   7247529   +0.8639728
  2737 | 6E89FF   7244287   +0.8635863
  2738 | 6E7D51   7241041   +0.8631994
  2739 | 6E709E   7237790   +0.8628118
  2740 | 6E63E8   7234536   +0.8624239
  2741 | 6E572D   7231277   +0.8620354
  2742 | 6E4A6E   7228014   +0.8616464
  2743 | 6E3DAA   7224746   +0.8612568
  2744 | 6E30E2   7221474   +0.8608668
  2745 | 6E2417   7218199   +0.8604764
  2746 | 6E1746   7214918   +0.8600852
  2747 | 6E0A72   7211634   +0.8596938
  2748 | 6DFD99   7208345   +0.8593017
  2749 | 6DF0BC   7205052   +0.8589091
  2750 | 6DE3DB   7201755   +0.8585161
  2751 | 6DD6F6   7198454   +0.8581226
  2752 | 6DCA0C   7195148   +0.8577285
  2753 | 6DBD1E   7191838   +0.8573339
  2754 | 6DB02C   7188524   +0.8569388
  2755 | 6DA336   7185206   +0.8565433
  2756 | 6D963B   7181883   +0.8561472
  2757 | 6D893D   7178557   +0.8557507
  2758 | 6D7C3A   7175226   +0.8553536
  2759 | 6D6F33   7171891   +0.8549560
  2760 | 6D6227   7168551   +0.8545579
  2761 | 6D5517   7165207   +0.8541592
  2762 | 6D4804   7161860   +0.8537602
  2763 | 6D3AEC   7158508   +0.8533607
  2764 | 6D2DCF   7155151   +0.8529605
  2765 | 6D20AF   7151791   +0.8525599
  2766 | 6D138A   7148426   +0.8521588
  2767 | 6D0661   7145057   +0.8517572
  2768 | 6CF934   7141684   +0.8513551
  2769 | 6CEC03   7138307   +0.8509525
  2770 | 6CDECD   7134925   +0.8505493
  2771 | 6CD194   7131540   +0.8501458
  2772 | 6CC456   7128150   +0.8497417
  2773 | 6CB714   7124756   +0.8493371
  2774 | 6CA9CD   7121357   +0.8489319
  2775 | 6C9C83   7117955   +0.8485264
  2776 | 6C8F34   7114548   +0.8481202
  2777 | 6C81E1   7111137   +0.8477136
  2778 | 6C748A   7107722   +0.8473065
  2779 | 6C672F   7104303   +0.8468989
  2780 | 6C59D0   7100880   +0.8464909
  2781 | 6C4C6C   7097452   +0.8460822
  2782 | 6C3F05   7094021   +0.8456732
  2783 | 6C3199   7090585   +0.8452636
  2784 | 6C2429   7087145   +0.8448535
  2785 | 6C16B4   7083700   +0.8444428
  2786 | 6C093C   7080252   +0.8440318
  2787 | 6BFBBF   7076799   +0.8436202
  2788 | 6BEE3F   7073343   +0.8432082
  2789 | 6BE0BA   7069882   +0.8427956
  2790 | 6BD331   7066417   +0.8423826
  2791 | 6BC5A3   7062947   +0.8419689
  2792 | 6BB812   7059474   +0.8415549
  2793 | 6BAA7C   7055996   +0.8411403
  2794 | 6B9CE3   7052515   +0.8407253
  2795 | 6B8F45   7049029   +0.8403097
  2796 | 6B81A3   7045539   +0.8398937
  2797 | 6B73FD   7042045   +0.8394772
  2798 | 6B6653   7038547   +0.8390602
  2799 | 6B58A4   7035044   +0.8386426
  2800 | 6B4AF2   7031538   +0.8382246
  2801 | 6B3D3B   7028027   +0.8378061
  2802 | 6B2F80   7024512   +0.8373871
  2803 | 6B21C1   7020993   +0.8369676
  2804 | 6B13FE   7017470   +0.8365476
  2805 | 6B0637   7013943   +0.8361272
  2806 | 6AF86C   7010412   +0.8357062
  2807 | 6AEA9C   7006876   +0.8352847
  2808 | 6ADCC9   7003337   +0.8348628
  2809 | 6ACEF1   6999793   +0.8344404
  2810 | 6AC115   6996245   +0.8340174
  2811 | 6AB335   6992693   +0.8335940
  2812 | 6AA551   6989137   +0.8331701
  2813 | 6A9769   6985577   +0.8327457
  2814 | 6A897D   6982013   +0.8323208
  2815 | 6A7B8C   6978444   +0.8318954
  2816 | 6A6D98   6974872   +0.8314695
  2817 | 6A5F9F   6971295   +0.8310431
  2818 | 6A51A3   6967715   +0.8306164
  2819 | 6A43A2   6964130   +0.8301890
  2820 | 6A359D   6960541   +0.8297611
  2821 | 6A2794   6956948   +0.8293328
  2822 | 6A1987   6953351   +0.8289040
  2823 | 6A0B76   6949750   +0.8284748
  2824 | 69FD60   6946144   +0.8280449
  2825 | 69EF47   6942535   +0.8276147
  2826 | 69E12A   6938922   +0.8271840
  2827 | 69D308   6935304   +0.8267527
  2828 | 69C4E3   6931683   +0.8263210
  2829 | 69B6B9   6928057   +0.8258888
  2830 | 69A88B   6924427   +0.8254560
  2831 | 699A59   6920793   +0.8250228
  2832 | 698C24   6917156   +0.8245893
  2833 | 697DEA   6913514   +0.8241551
  2834 | 696FAC   6909868   +0.8237205
  2835 | 69616A   6906218   +0.8232853
  2836 | 695323   6902563   +0.8228496
  2837 | 6944D9   6898905   +0.8224136
  2838 | 69368B   6895243   +0.8219770
  2839 | 692839   6891577   +0.8215400
  2840 | 6919E2   6887906   +0.8211024
  2841 | 690B88   6884232   +0.8206644
  2842 | 68FD29   6880553   +0.8202258
  2843 | 68EEC7   6876871   +0.8197869
  2844 | 68E060   6873184   +0.8193474
  2845 | 68D1F6   6869494   +0.8189075
  2846 | 68C387   6865799   +0.8184670
  2847 | 68B514   6862100   +0.8180261
  2848 | 68A69E   6858398   +0.8175848
  2849 | 689823   6854691   +0.8171428
  2850 | 6889A4   6850980   +0.8167005
  2851 | 687B21   6847265   +0.8162576
  2852 | 686C9A   6843546   +0.8158143
  2853 | 685E10   6839824   +0.8153706
  2854 | 684F81   6836097   +0.8149263
  2855 | 6840EE   6832366   +0.8144815
  2856 | 683257   6828631   +0.8140363
  2857 | 6823BC   6824892   +0.8135905
  2858 | 68151D   6821149   +0.8131443
  2859 | 68067A   6817402   +0.8126976
  2860 | 67F7D3   6813651   +0.8122505
  2861 | 67E928   6809896   +0.8118029
  2862 | 67DA79   6806137   +0.8113548
  2863 | 67CBC6   6802374   +0.8109062
  2864 | 67BD0F   6798607   +0.8104571
  2865 | 67AE54   6794836   +0.8100076
  2866 | 679F95   6791061   +0.8095576
  2867 | 6790D2   6787282   +0.8091071
  2868 | 67820B   6783499   +0.8086561
  2869 | 677340   6779712   +0.8082047
  2870 | 676471   6775921   +0.8077527
  2871 | 67559E   6772126   +0.8073003
  2872 | 6746C7   6768327   +0.8068475
  2873 | 6737EC   6764524   +0.8063941
  2874 | 67290D   6760717   +0.8059403
  2875 | 671A2A   6756906   +0.8054860
  2876 | 670B43   6753091   +0.8050312
  2877 | 66FC59   6749273   +0.8045760
  2878 | 66ED6A   6745450   +0.8041203
  2879 | 66DE77   6741623   +0.8036641
  2880 | 66CF80   6737792   +0.8032074
  2881 | 66C086   6733958   +0.8027503
  2882 | 66B187   6730119   +0.8022927
  2883 | 66A284   6726276   +0.8018346
  2884 | 66937E   6722430   +0.8013761
  2885 | 668473   6718579   +0.8009170
  2886 | 667565   6714725   +0.8004576
  2887 | 666652   6710866   +0.7999976
  2888 | 66573C   6707004   +0.7995372
  2889 | 664822   6703138   +0.7990763
  2890 | 663903   6699267   +0.7986149
  2891 | 6629E1   6695393   +0.7981530
  2892 | 661ABB   6691515   +0.7976907
  2893 | 660B91   6687633   +0.7972280
  2894 | 65FC63   6683747   +0.7967647
  2895 | 65ED31   6679857   +0.7963010
  2896 | 65DDFB   6675963   +0.7958368
  2897 | 65CEC1   6672065   +0.7953721
  2898 | 65BF83   6668163   +0.7949070
  2899 | 65B042   6664258   +0.7944415
  2900 | 65A0FC   6660348   +0.7939754
  2901 | 6591B3   6656435   +0.7935089
  2902 | 658265   6652517   +0.7930418
  2903 | 657314   6648596   +0.7925744
  2904 | 6563BF   6644671   +0.7921065
  2905 | 655466   6640742   +0.7916381
  2906 | 654509   6636809   +0.7911693
  2907 | 6535A8   6632872   +0.7907000
  2908 | 652643   6628931   +0.7902302
  2909 | 6516DA   6624986   +0.7897599
  2910 | 65076D   6621037   +0.7892891
  2911 | 64F7FD   6617085   +0.7888180
  2912 | 64E888   6613128   +0.7883463
  2913 | 64D910   6609168   +0.7878742
  2914 | 64C994   6605204   +0.7874017
  2915 | 64BA14   6601236   +0.7869287
  2916 | 64AA90   6597264   +0.7864552
  2917 | 649B08   6593288   +0.7859812
  2918 | 648B7C   6589308   +0.7855067
  2919 | 647BEC   6585324   +0.7850318
  2920 | 646C59   6581337   +0.7845565
  2921 | 645CC2   6577346   +0.7840807
  2922 | 644D26   6573350   +0.7836044
  2923 | 643D87   6569351   +0.7831277
  2924 | 642DE4   6565348   +0.7826505
  2925 | 641E3D   6561341   +0.7821728
  2926 | 640E93   6557331   +0.7816948
  2927 | 63FEE4   6553316   +0.7812161
  2928 | 63EF32   6549298   +0.7807372
  2929 | 63DF7C   6545276   +0.7802577
  2930 | 63CFC1   6541249   +0.7797776
  2931 | 63C003   6537219   +0.7792972
  2932 | 63B042   6533186   +0.7788165
  2933 | 63A07C   6529148   +0.7783351
  2934 | 6390B3   6525107   +0.7778534
  2935 | 6380E5   6521061   +0.7773710
  2936 | 637114   6517012   +0.7768884
  2937 | 63613F   6512959   +0.7764052
  2938 | 635166   6508902   +0.7759216
  2939 | 63418A   6504842   +0.7754376
  2940 | 6331A9   6500777   +0.7749530
  2941 | 6321C5   6496709   +0.7744681
  2942 | 6311DD   6492637   +0.7739826
  2943 | 6301F1   6488561   +0.7734967
  2944 | 62F201   6484481   +0.7730104
  2945 | 62E20D   6480397   +0.7725235
  2946 | 62D216   6476310   +0.7720363
  2947 | 62C21B   6472219   +0.7715486
  2948 | 62B21C   6468124   +0.7710605
  2949 | 62A219   6464025   +0.7705718
  2950 | 629212   6459922   +0.7700827
  2951 | 628208   6455816   +0.7695932
  2952 | 6271FA   6451706   +0.7691033
  2953 | 6261E8   6447592   +0.7686129
  2954 | 6251D2   6443474   +0.7681220
  2955 | 6241B8   6439352   +0.7676306
  2956 | 62319B   6435227   +0.7671388
  2957 | 62217A   6431098   +0.7666466
  2958 | 621155   6426965   +0.7661539
  2959 | 62012C   6422828   +0.7656608
  2960 | 61F0FF   6418687   +0.7651671
  2961 | 61E0CF   6414543   +0.7646731
  2962 | 61D09B   6410395   +0.7641786
  2963 | 61C063   6406243   +0.7636837
  2964 | 61B028   6402088   +0.7631884
  2965 | 619FE8   6397928   +0.7626925
  2966 | 618FA5   6393765   +0.7621962
  2967 | 617F5E   6389598   +0.7616994
  2968 | 616F14   6385428   +0.7612023
  2969 | 615EC5   6381253   +0.7607046
  2970 | 614E73   6377075   +0.7602066
  2971 | 613E1D   6372893   +0.7597080
  2972 | 612DC4   6368708   +0.7592092
  2973 | 611D66   6364518   +0.7587097
  2974 | 610D05   6360325   +0.7582098
  2975 | 60FCA0   6356128   +0.7577095
  2976 | 60EC37   6351927   +0.7572087
  2977 | 60DBCB   6347723   +0.7567075
  2978 | 60CB5B   6343515   +0.7562059
  2979 | 60BAE7   6339303   +0.7557038
  2980 | 60AA70   6335088   +0.7552013
  2981 | 6099F4   6330868   +0.7546983
  2982 | 608975   6326645   +0.7541949
  2983 | 6078F3   6322419   +0.7536911
  2984 | 60686C   6318188   +0.7531867
  2985 | 6057E2   6313954   +0.7526820
  2986 | 604754   6309716   +0.7521768
  2987 | 6036C2   6305474   +0.7516711
  2988 | 60262D   6301229   +0.7511650
  2989 | 601594   6296980   +0.7506585
  2990 | 6004F7   6292727   +0.7501515
  2991 | 5FF457   6288471   +0.7496442
  2992 | 5FE3B3   6284211   +0.7491363
  2993 | 5FD30B   6279947   +0.7486280
  2994 | 5FC25F   6275679   +0.7481192
  2995 | 5FB1B0   6271408   +0.7476101
  2996 | 5FA0FD   6267133   +0.7471005
  2997 | 5F9047   6262855   +0.7465905
  2998 | 5F7F8D   6258573   +0.7460800
  2999 | 5F6ECF   6254287   +0.7455691
  3000 | 5F5E0D   6249997   +0.7450577
  3001 | 5F4D48   6245704   +0.7445459
  3002 | 5F3C7F   6241407   +0.7440337
  3003 | 5F2BB2   6237106   +0.7435210
  3004 | 5F1AE2   6232802   +0.7430079
  3005 | 5F0A0E   6228494   +0.7424943
  3006 | 5EF936   6224182   +0.7419803
  3007 | 5EE85B   6219867   +0.7414659
  3008 | 5ED77C   6215548   +0.7409511
  3009 | 5EC699   6211225   +0.7404357
  3010 | 5EB5B3   6206899   +0.7399200
  3011 | 5EA4C9   6202569   +0.7394038
  3012 | 5E93DB   6198235   +0.7388872
  3013 | 5E82EA   6193898   +0.7383702
  3014 | 5E71F5   6189557   +0.7378527
  3015 | 5E60FD   6185213   +0.7373348
  3016 | 5E5001   6180865   +0.7368165
  3017 | 5E3F01   6176513   +0.7362977
  3018 | 5E2DFD   6172157   +0.7357785
  3019 | 5E1CF6   6167798   +0.7352588
  3020 | 5E0BEC   6163436   +0.7347388
  3021 | 5DFADD   6159069   +0.7342182
  3022 | 5DE9CB   6154699   +0.7336973
  3023 | 5DD8B6   6150326   +0.7331760
  3024 | 5DC79D   6145949   +0.7326542
  3025 | 5DB680   6141568   +0.7321320
  3026 | 5DA560   6137184   +0.7316093
  3027 | 5D943C   6132796   +0.7310863
  3028 | 5D8314   6128404   +0.7305627
  3029 | 5D71E9   6124009   +0.7300388
  3030 | 5D60BA   6119610   +0.7295144
  3031 | 5D4F88   6115208   +0.7289896
  3032 | 5D3E51   6110801   +0.7284642
  3033 | 5D2D18   6106392   +0.7279387
  3034 | 5D1BDB   6101979   +0.7274126
  3035 | 5D0A9A   6097562   +0.7268860
  3036 | 5CF955   6093141   +0.7263590
  3037 | 5CE80E   6088718   +0.7258317
  3038 | 5CD6C2   6084290   +0.7253039
  3039 | 5CC573   6079859   +0.7247757
  3040 | 5CB420   6075424   +0.7242470
  3041 | 5CA2CA   6070986   +0.7237179
  3042 | 5C9170   6066544   +0.7231884
  3043 | 5C8013   6062099   +0.7226585
  3044 | 5C6EB2   6057650   +0.7221282
  3045 | 5C5D4D   6053197   +0.7215973
  3046 | 5C4BE5   6048741   +0.7210661
  3047 | 5C3A79   6044281   +0.7205344
  3048 | 5C290A   6039818   +0.7200024
  3049 | 5C1797   6035351   +0.7194699
  3050 | 5C0621   6030881   +0.7189370
  3051 | 5BF4A7   6026407   +0.7184037
  3052 | 5BE32A   6021930   +0.7178700
  3053 | 5BD1A9   6017449   +0.7173358
  3054 | 5BC024   6012964   +0.7168012
  3055 | 5BAE9C   6008476   +0.7162662
  3056 | 5B9D11   6003985   +0.7157308
  3057 | 5B8B82   5999490   +0.7151949
  3058 | 5B79EF   5994991   +0.7146586
  3059 | 5B6859   5990489   +0.7141219
  3060 | 5B56BF   5985983   +0.7135848
  3061 | 5B4522   5981474   +0.7130473
  3062 | 5B3381   5976961   +0.7125093
  3063 | 5B21DD   5972445   +0.7119709
  3064 | 5B1035   5967925   +0.7114321
  3065 | 5AFE8A   5963402   +0.7108929
  3066 | 5AECDB   5958875   +0.7103533
  3067 | 5ADB29   5954345   +0.7098132
  3068 | 5AC973   5949811   +0.7092727
  3069 | 5AB7BA   5945274   +0.7087319
  3070 | 5AA5FD   5940733   +0.7081906
  3071 | 5A943D   5936189   +0.7076489
  3072 | 5A8279   5931641   +0.7071067
  3073 | 5A70B2   5927090   +0.7065642
  3074 | 5A5EE7   5922535   +0.7060212
  3075 | 5A4D19   5917977   +0.7054778
  3076 | 5A3B47   5913415   +0.7049340
  3077 | 5A2972   5908850   +0.7043898
  3078 | 5A1799   5904281   +0.7038451
  3079 | 5A05BD   5899709   +0.7033001
  3080 | 59F3DD   5895133   +0.7027546
  3081 | 59E1FA   5890554   +0.7022088
  3082 | 59D014   5885972   +0.7016625
  3083 | 59BE2A   5881386   +0.7011158
  3084 | 59AC3C   5876796   +0.7005687
  3085 | 599A4B   5872203   +0.7000211
  3086 | 598857   5867607   +0.6994733
  3087 | 59765F   5863007   +0.6989249
  3088 | 596464   5858404   +0.6983762
  3089 | 595265   5853797   +0.6978270
  3090 | 594063   5849187   +0.6972774
  3091 | 592E5D   5844573   +0.6967274
  3092 | 591C54   5839956   +0.6961770
  3093 | 590A48   5835336   +0.6956263
  3094 | 58F838   5830712   +0.6950750
  3095 | 58E625   5826085   +0.6945235
  3096 | 58D40E   5821454   +0.6939714
  3097 | 58C1F4   5816820   +0.6934190
  3098 | 58AFD6   5812182   +0.6928661
  3099 | 589DB5   5807541   +0.6923128
  3100 | 588B91   5802897   +0.6917592
  3101 | 587969   5798249   +0.6912051
  3102 | 58673D   5793597   +0.6906506
  3103 | 58550F   5788943   +0.6900958
  3104 | 5842DD   5784285   +0.6895405
  3105 | 5830A7   5779623   +0.6889848
  3106 | 581E6E   5774958   +0.6884286
  3107 | 580C32   5770290   +0.6878722
  3108 | 57F9F2   5765618   +0.6873152
  3109 | 57E7AF   5760943   +0.6867579
  3110 | 57D569   5756265   +0.6862003
  3111 | 57C31F   5751583   +0.6856421
  3112 | 57B0D2   5746898   +0.6850836
  3113 | 579E81   5742209   +0.6845247
  3114 | 578C2D   5737517   +0.6839653
  3115 | 5779D6   5732822   +0.6834056
  3116 | 57677B   5728123   +0.6828455
  3117 | 57551D   5723421   +0.6822850
  3118 | 5742BB   5718715   +0.6817240
  3119 | 573056   5714006   +0.6811626
  3120 | 571DEE   5709294   +0.6806009
  3121 | 570B83   5704579   +0.6800388
  3122 | 56F914   5699860   +0.6794763
  3123 | 56E6A2   5695138   +0.6789134
  3124 | 56D42C   5690412   +0.6783500
  3125 | 56C1B3   5685683   +0.6777862
  3126 | 56AF37   5680951   +0.6772221
  3127 | 569CB7   5676215   +0.6766576
  3128 | 568A34   5671476   +0.6760926
  3129 | 5677AE   5666734   +0.6755273
  3130 | 566524   5661988   +0.6749616
  3131 | 565297   5657239   +0.6743954
  3132 | 564007   5652487   +0.6738290
  3133 | 562D73   5647731   +0.6732620
  3134 | 561ADC   5642972   +0.6726947
  3135 | 560842   5638210   +0.6721270
  3136 | 55F5A4   5633444   +0.6715589
  3137 | 55E303   5628675   +0.6709903
  3138 | 55D05F   5623903   +0.6704215
  3139 | 55BDB7   5619127   +0.6698521
  3140 | 55AB0D   5614349   +0.6692826
  3141 | 55985E   5609566   +0.6687124
  3142 | 5585AD   5604781   +0.6681420
  3143 | 5572F8   5599992   +0.6675711
  3144 | 556040   5595200   +0.6669998
  3145 | 554D85   5590405   +0.6664282
  3146 | 553AC6   5585606   +0.6658561
  3147 | 552804   5580804   +0.6652837
  3148 | 55153F   5575999   +0.6647109
  3149 | 550277   5571191   +0.6641377
  3150 | 54EFAB   5566379   +0.6635641
  3151 | 54DCDC   5561564   +0.6629901
  3152 | 54CA0A   5556746   +0.6624157
  3153 | 54B734   5551924   +0.6618409
  3154 | 54A45B   5547099   +0.6612657
  3155 | 54917F   5542271   +0.6606902
  3156 | 547EA0   5537440   +0.6601143
  3157 | 546BBD   5532605   +0.6595379
  3158 | 5458D7   5527767   +0.6589612
  3159 | 5445EE   5522926   +0.6583841
  3160 | 543302   5518082   +0.6578066
  3161 | 542012   5513234   +0.6572287
  3162 | 540D1F   5508383   +0.6566504
  3163 | 53FA29   5503529   +0.6560718
  3164 | 53E730   5498672   +0.6554928
  3165 | 53D433   5493811   +0.6549133
  3166 | 53C134   5488948   +0.6543336
  3167 | 53AE31   5484081   +0.6537534
  3168 | 539B2A   5479210   +0.6531727
  3169 | 538821   5474337   +0.6525918
  3170 | 537514   5469460   +0.6520104
  3171 | 536204   5464580   +0.6514287
  3172 | 534EF1   5459697   +0.6508466
  3173 | 533BDB   5454811   +0.6502641
  3174 | 5328C1   5449921   +0.6496812
  3175 | 5315A4   5445028   +0.6490979
  3176 | 530284   5440132   +0.6485143
  3177 | 52EF61   5435233   +0.6479303
  3178 | 52DC3B   5430331   +0.6473459
  3179 | 52C911   5425425   +0.6467611
  3180 | 52B5E5   5420517   +0.6461760
  3181 | 52A2B5   5415605   +0.6455904
  3182 | 528F82   5410690   +0.6450045
  3183 | 527C4B   5405771   +0.6444181
  3184 | 526912   5400850   +0.6438315
  3185 | 5255D5   5395925   +0.6432444
  3186 | 524295   5390997   +0.6426569
  3187 | 522F52   5386066   +0.6420691
  3188 | 521C0C   5381132   +0.6414809
  3189 | 5208C3   5376195   +0.6408924
  3190 | 51F576   5371254   +0.6403034
  3191 | 51E227   5366311   +0.6397141
  3192 | 51CED4   5361364   +0.6391244
  3193 | 51BB7E   5356414   +0.6385343
  3194 | 51A825   5351461   +0.6379439
  3195 | 5194C8   5346504   +0.6373529
  3196 | 518169   5341545   +0.6367618
  3197 | 516E06   5336582   +0.6361701
  3198 | 515AA1   5331617   +0.6355783
  3199 | 514738   5326648   +0.6349859
  3200 | 5133CC   5321676   +0.6343932
  3201 | 51205D   5316701   +0.6338001
  3202 | 510CEB   5311723   +0.6332067
  3203 | 50F975   5306741   +0.6326128
  3204 | 50E5FD   5301757   +0.6320187
  3205 | 50D281   5296769   +0.6314241
  3206 | 50BF02   5291778   +0.6308291
  3207 | 50AB81   5286785   +0.6302339
  3208 | 5097FC   5281788   +0.6296382
  3209 | 508474   5276788   +0.6290421
  3210 | 5070E9   5271785   +0.6284457
  3211 | 505D5A   5266778   +0.6278489
  3212 | 5049C9   5261769   +0.6272517
  3213 | 503635   5256757   +0.6266543
  3214 | 50229D   5251741   +0.6260563
  3215 | 500F02   5246722   +0.6254580
  3216 | 4FFB65   5241701   +0.6248595
  3217 | 4FE7C4   5236676   +0.6242604
  3218 | 4FD420   5231648   +0.6236610
  3219 | 4FC079   5226617   +0.6230613
  3220 | 4FACCF   5221583   +0.6224612
  3221 | 4F9922   5216546   +0.6218607
  3222 | 4F8572   5211506   +0.6212599
  3223 | 4F71BF   5206463   +0.6206588
  3224 | 4F5E08   5201416   +0.6200571
  3225 | 4F4A4F   5196367   +0.6194552
  3226 | 4F3693   5191315   +0.6188530
  3227 | 4F22D3   5186259   +0.6182503
  3228 | 4F0F11   5181201   +0.6176473
  3229 | 4EFB4B   5176139   +0.6170439
  3230 | 4EE782   5171074   +0.6164401
  3231 | 4ED3B7   5166007   +0.6158360
  3232 | 4EBFE8   5160936   +0.6152315
  3233 | 4EAC16   5155862   +0.6146266
  3234 | 4E9842   5150786   +0.6140215
  3235 | 4E846A   5145706   +0.6134160
  3236 | 4E708F   5140623   +0.6128100
  3237 | 4E5CB1   5135537   +0.6122037
  3238 | 4E48D0   5130448   +0.6115971
  3239 | 4E34EC   5125356   +0.6109900
  3240 | 4E2105   5120261   +0.6103827
  3241 | 4E0D1C   5115164   +0.6097751
  3242 | 4DF92F   5110063   +0.6091670
  3243 | 4DE53F   5104959   +0.6085585
  3244 | 4DD14C   5099852   +0.6079497
  3245 | 4DBD56   5094742   +0.6073406
  3246 | 4DA95D   5089629   +0.6067311
  3247 | 4D9561   5084513   +0.6061212
  3248 | 4D8162   5079394   +0.6055110
  3249 | 4D6D60   5074272   +0.6049004
  3250 | 4D595B   5069147   +0.6042894
  3251 | 4D4554   5064020   +0.6036782
  3252 | 4D3149   5058889   +0.6030666
  3253 | 4D1D3B   5053755   +0.6024545
  3254 | 4D092A   5048618   +0.6018422
  3255 | 4CF516   5043478   +0.6012294
  3256 | 4CE100   5038336   +0.6006165
  3257 | 4CCCE6   5033190   +0.6000030
  3258 | 4CB8C9   5028041   +0.5993892
  3259 | 4CA4AA   5022890   +0.5987751
  3260 | 4C9087   5017735   +0.5981606
  3261 | 4C7C62   5012578   +0.5975459
  3262 | 4C6839   5007417   +0.5969306
  3263 | 4C540E   5002254   +0.5963151
  3264 | 4C3FDF   4997087   +0.5956992
  3265 | 4C2BAE   4991918   +0.5950830
  3266 | 4C177A   4986746   +0.5944664
  3267 | 4C0343   4981571   +0.5938495
  3268 | 4BEF09   4976393   +0.5932323
  3269 | 4BDACC   4971212   +0.5926147
  3270 | 4BC68C   4966028   +0.5919967
  3271 | 4BB249   4960841   +0.5913783
  3272 | 4B9E03   4955651   +0.5907596
  3273 | 4B89BA   4950458   +0.5901406
  3274 | 4B756F   4945263   +0.5895213
  3275 | 4B6120   4940064   +0.5889015
  3276 | 4B4CCF   4934863   +0.5882815
  3277 | 4B387A   4929658   +0.5876610
  3278 | 4B2423   4924451   +0.5870403
  3279 | 4B0FC9   4919241   +0.5864192
  3280 | 4AFB6C   4914028   +0.5857978
  3281 | 4AE70C   4908812   +0.5851760
  3282 | 4AD2A9   4903593   +0.5845538
  3283 | 4ABE44   4898372   +0.5839314
  3284 | 4AA9DB   4893147   +0.5833086
  3285 | 4A9570   4887920   +0.5826855
  3286 | 4A8101   4882689   +0.5820619
  3287 | 4A6C90   4877456   +0.5814381
  3288 | 4A581C   4872220   +0.5808139
  3289 | 4A43A5   4866981   +0.5801893
  3290 | 4A2F2B   4861739   +0.5795645
  3291 | 4A1AAF   4856495   +0.5789393
  3292 | 4A062F   4851247   +0.5783137
  3293 | 49F1AD   4845997   +0.5776879
  3294 | 49DD28   4840744   +0.5770617
  3295 | 49C8A0   4835488   +0.5764351
  3296 | 49B415   4830229   +0.5758082
  3297 | 499F87   4824967   +0.5751809
  3298 | 498AF6   4819702   +0.5745533
  3299 | 497663   4814435   +0.5739254
  3300 | 4961CD   4809165   +0.5732971
  3301 | 494D34   4803892   +0.5726686
  3302 | 493898   4798616   +0.5720396
  3303 | 4923F9   4793337   +0.5714103
  3304 | 490F57   4788055   +0.5707806
  3305 | 48FAB3   4782771   +0.5701507
  3306 | 48E60C   4777484   +0.5695205
  3307 | 48D162   4772194   +0.5688899
  3308 | 48BCB5   4766901   +0.5682589
  3309 | 48A805   4761605   +0.5676275
  3310 | 489353   4756307   +0.5669960
  3311 | 487E9E   4751006   +0.5663640
  3312 | 4869E6   4745702   +0.5657318
  3313 | 48552B   4740395   +0.5650991
  3314 | 48406D   4735085   +0.5644661
  3315 | 482BAD   4729773   +0.5638329
  3316 | 4816EA   4724458   +0.5631993
  3317 | 480224   4719140   +0.5625653
  3318 | 47ED5B   4713819   +0.5619310
  3319 | 47D890   4708496   +0.5612965
  3320 | 47C3C2   4703170   +0.5606616
  3321 | 47AEF1   4697841   +0.5600263
  3322 | 479A1D   4692509   +0.5593907
  3323 | 478546   4687174   +0.5587547
  3324 | 47706D   4681837   +0.5581185
  3325 | 475B91   4676497   +0.5574819
  3326 | 4746B2   4671154   +0.5568449
  3327 | 4731D1   4665809   +0.5562078
  3328 | 471CEC   4660460   +0.5555701
  3329 | 470805   4655109   +0.5549322
  3330 | 46F31C   4649756   +0.5542941
  3331 | 46DE2F   4644399   +0.5536555
  3332 | 46C940   4639040   +0.5530167
  3333 | 46B44E   4633678   +0.5523775
  3334 | 469F59   4628313   +0.5517379
  3335 | 468A62   4622946   +0.5510981
  3336 | 467568   4617576   +0.5504580
  3337 | 46606B   4612203   +0.5498174
  3338 | 464B6B   4606827   +0.5491766
  3339 | 463669   4601449   +0.5485355
  3340 | 462164   4596068   +0.5478940
  3341 | 460C5C   4590684   +0.5472522
  3342 | 45F752   4585298   +0.5466101
  3343 | 45E245   4579909   +0.5459677
  3344 | 45CD35   4574517   +0.5453249
  3345 | 45B823   4569123   +0.5446819
  3346 | 45A30D   4563725   +0.5440384
  3347 | 458DF6   4558326   +0.5433948
  3348 | 4578DB   4552923   +0.5427507
  3349 | 4563BE   4547518   +0.5421064
  3350 | 454E9E   4542110   +0.5414617
  3351 | 45397B   4536699   +0.5408167
  3352 | 452456   4531286   +0.5401714
  3353 | 450F2E   4525870   +0.5395257
  3354 | 44FA04   4520452   +0.5388799
  3355 | 44E4D7   4515031   +0.5382336
  3356 | 44CFA7   4509607   +0.5375870
  3357 | 44BA74   4504180   +0.5369401
  3358 | 44A53F   4498751   +0.5362929
  3359 | 449007   4493319   +0.5356454
  3360 | 447ACD   4487885   +0.5349976
  3361 | 446590   4482448   +0.5343494
  3362 | 445050   4477008   +0.5337009
  3363 | 443B0E   4471566   +0.5330522
  3364 | 4425C9   4466121   +0.5324031
  3365 | 441081   4460673   +0.5317537
  3366 | 43FB37   4455223   +0.5311040
  3367 | 43E5EA   4449770   +0.5304539
  3368 | 43D09A   4444314   +0.5298035
  3369 | 43BB48   4438856   +0.5291529
  3370 | 43A5F4   4433396   +0.5285020
  3371 | 43909C   4427932   +0.5278506
  3372 | 437B42   4422466   +0.5271990
  3373 | 4365E6   4416998   +0.5265472
  3374 | 435087   4411527   +0.5258950
  3375 | 433B25   4406053   +0.5252424
  3376 | 4325C1   4400577   +0.5245897
  3377 | 43105A   4395098   +0.5239365
  3378 | 42FAF0   4389616   +0.5232830
  3379 | 42E584   4384132   +0.5226293
  3380 | 42D016   4378646   +0.5219753
  3381 | 42BAA4   4373156   +0.5213208
  3382 | 42A531   4367665   +0.5206662
  3383 | 428FBA   4362170   +0.5200112
  3384 | 427A41   4356673   +0.5193559
  3385 | 4264C6   4351174   +0.5187004
  3386 | 424F48   4345672   +0.5180445
  3387 | 4239C7   4340167   +0.5173882
  3388 | 422444   4334660   +0.5167317
  3389 | 420EBE   4329150   +0.5160749
  3390 | 41F936   4323638   +0.5154178
  3391 | 41E3AB   4318123   +0.5147604
  3392 | 41CE1E   4312606   +0.5141027
  3393 | 41B88E   4307086   +0.5134447
  3394 | 41A2FC   4301564   +0.5127864
  3395 | 418D67   4296039   +0.5121278
  3396 | 4177CF   4290511   +0.5114688
  3397 | 416235   4284981   +0.5108095
  3398 | 414C99   4279449   +0.5101501
  3399 | 4136FA   4273914   +0.5094903
  3400 | 412158   4268376   +0.5088301
  3401 | 410BB4   4262836   +0.5081697
  3402 | 40F60D   4257293   +0.5075089
  3403 | 40E064   4251748   +0.5068479
  3404 | 40CAB9   4246201   +0.5061866
  3405 | 40B50B   4240651   +0.5055250
  3406 | 409F5A   4235098   +0.5048630
  3407 | 4089A7   4229543   +0.5042008
  3408 | 4073F2   4223986   +0.5035384
  3409 | 405E3A   4218426   +0.5028756
  3410 | 40487F   4212863   +0.5022124
  3411 | 4032C2   4207298   +0.5015490
  3412 | 401D03   4201731   +0.5008854
  3413 | 400741   4196161   +0.5002214
  3414 | 3FF17C   4190588   +0.4995570
  3415 | 3FDBB5   4185013   +0.4988924
  3416 | 3FC5EC   4179436   +0.4982276
  3417 | 3FB020   4173856   +0.4975624
  3418 | 3F9A52   4168274   +0.4968970
  3419 | 3F8481   4162689   +0.4962312
  3420 | 3F6EAE   4157102   +0.4955652
  3421 | 3F58D9   4151513   +0.4948989
  3422 | 3F4301   4145921   +0.4942323
  3423 | 3F2D26   4140326   +0.4935653
  3424 | 3F1749   4134729   +0.4928981
  3425 | 3F016A   4129130   +0.4922307
  3426 | 3EEB88   4123528   +0.4915628
  3427 | 3ED5A4   4117924   +0.4908948
  3428 | 3EBFBD   4112317   +0.4902264
  3429 | 3EA9D4   4106708   +0.4895577
  3430 | 3E93E9   4101097   +0.4888889
  3431 | 3E7DFB   4095483   +0.4882196
  3432 | 3E680B   4089867   +0.4875501
  3433 | 3E5218   4084248   +0.4868803
  3434 | 3E3C23   4078627   +0.4862102
  3435 | 3E262B   4073003   +0.4855398
  3436 | 3E1032   4067378   +0.4848692
  3437 | 3DFA35   4061749   +0.4841982
  3438 | 3DE437   4056119   +0.4835271
  3439 | 3DCE36   4050486   +0.4828556
  3440 | 3DB832   4044850   +0.4821837
  3441 | 3DA22C   4039212   +0.4815116
  3442 | 3D8C24   4033572   +0.4808393
  3443 | 3D761A   4027930   +0.4801667
  3444 | 3D600D   4022285   +0.4794937
  3445 | 3D49FD   4016637   +0.4788204
  3446 | 3D33EC   4010988   +0.4781470
  3447 | 3D1DD8   4005336   +0.4774733
  3448 | 3D07C1   3999681   +0.4767991
  3449 | 3CF1A9   3994025   +0.4761249
  3450 | 3CDB8E   3988366   +0.4754503
  3451 | 3CC570   3982704   +0.4747753
  3452 | 3CAF50   3977040   +0.4741001
  3453 | 3C992E   3971374   +0.4734247
  3454 | 3C830A   3965706   +0.4727490
  3455 | 3C6CE3   3960035   +0.4720730
  3456 | 3C56BA   3954362   +0.4713967
  3457 | 3C408F   3948687   +0.4707202
  3458 | 3C2A61   3943009   +0.4700433
  3459 | 3C1431   3937329   +0.4693662
  3460 | 3BFDFE   3931646   +0.4686887
  3461 | 3BE7CA   3925962   +0.4680111
  3462 | 3BD193   3920275   +0.4673332
  3463 | 3BBB59   3914585   +0.4666549
  3464 | 3BA51E   3908894   +0.4659765
  3465 | 3B8EE0   3903200   +0.4652977
  3466 | 3B78A0   3897504   +0.4646187
  3467 | 3B625D   3891805   +0.4639393
  3468 | 3B4C18   3886104   +0.4632597
  3469 | 3B35D1   3880401   +0.4625798
  3470 | 3B1F88   3874696   +0.4618998
  3471 | 3B093C   3868988   +0.4612193
  3472 | 3AF2EE   3863278   +0.4605386
  3473 | 3ADC9E   3857566   +0.4598577
  3474 | 3AC64C   3851852   +0.4591765
  3475 | 3AAFF7   3846135   +0.4584950
  3476 | 3A99A0   3840416   +0.4578133
  3477 | 3A8347   3834695   +0.4571313
  3478 | 3A6CEB   3828971   +0.4564489
  3479 | 3A568D   3823245   +0.4557663
  3480 | 3A402D   3817517   +0.4550835
  3481 | 3A29CB   3811787   +0.4544004
  3482 | 3A1367   3806055   +0.4537171
  3483 | 39FD00   3800320   +0.4530334
  3484 | 39E697   3794583   +0.4523495
  3485 | 39D02C   3788844   +0.4516654
  3486 | 39B9BE   3783102   +0.4509809
  3487 | 39A34F   3777359   +0.4502963
  3488 | 398CDD   3771613   +0.4496113
  3489 | 397669   3765865   +0.4489261
  3490 | 395FF2   3760114   +0.4482405
  3491 | 39497A   3754362   +0.4475548
  3492 | 3932FF   3748607   +0.4468688
  3493 | 391C82   3742850   +0.4461825
  3494 | 390603   3737091   +0.4454960
  3495 | 38EF82   3731330   +0.4448092
  3496 | 38D8FE   3725566   +0.4441221
  3497 | 38C278   3719800   +0.4434347
  3498 | 38ABF0   3714032   +0.4427471
  3499 | 389566   3708262   +0.4420593
  3500 | 387EDA   3702490   +0.4413712
  3501 | 38684C   3696716   +0.4406829
  3502 | 3851BB   3690939   +0.4399942
  3503 | 383B28   3685160   +0.4393053
  3504 | 382493   3679379   +0.4386162
  3505 | 380DFC   3673596   +0.4379268
  3506 | 37F763   3667811   +0.4372371
  3507 | 37E0C7   3662023   +0.4365472
  3508 | 37CA2A   3656234   +0.4358571
  3509 | 37B38A   3650442   +0.4351666
  3510 | 379CE8   3644648   +0.4344759
  3511 | 378644   3638852   +0.4337850
  3512 | 376F9E   3633054   +0.4330938
  3513 | 3758F6   3627254   +0.4324024
  3514 | 37424B   3621451   +0.4317106
  3515 | 372B9E   3615646   +0.4310186
  3516 | 3714F0   3609840   +0.4303265
  3517 | 36FE3F   3604031   +0.4296340
  3518 | 36E78C   3598220   +0.4289412
  3519 | 36D0D7   3592407   +0.4282483
  3520 | 36BA20   3586592   +0.4275551
  3521 | 36A366   3580774   +0.4268615
  3522 | 368CAB   3574955   +0.4261678
  3523 | 3675ED   3569133   +0.4254738
  3524 | 365F2E   3563310   +0.4247797
  3525 | 36486C   3557484   +0.4240851
  3526 | 3631A8   3551656   +0.4233904
  3527 | 361AE2   3545826   +0.4226954
  3528 | 36041A   3539994   +0.4220002
  3529 | 35ED50   3534160   +0.4213047
  3530 | 35D684   3528324   +0.4206090
  3531 | 35BFB6   3522486   +0.4199131
  3532 | 35A8E6   3516646   +0.4192169
  3533 | 359213   3510803   +0.4185203
  3534 | 357B3F   3504959   +0.4178237
  3535 | 356468   3499112   +0.4171267
  3536 | 354D90   3493264   +0.4164295
  3537 | 3536B5   3487413   +0.4157320
  3538 | 351FD9   3481561   +0.4150344
  3539 | 3508FA   3475706   +0.4143364
  3540 | 34F219   3469849   +0.4136382
  3541 | 34DB36   3463990   +0.4129398
  3542 | 34C452   3458130   +0.4122412
  3543 | 34AD6B   3452267   +0.4115423
  3544 | 349682   3446402   +0.4108431
  3545 | 347F97   3440535   +0.4101437
  3546 | 3468AA   3434666   +0.4094441
  3547 | 3451BB   3428795   +0.4087442
  3548 | 343ACA   3422922   +0.4080441
  3549 | 3423D7   3417047   +0.4073437
  3550 | 340CE2   3411170   +0.4066432
  3551 | 33F5EB   3405291   +0.4059423
  3552 | 33DEF2   3399410   +0.4052413
  3553 | 33C7F7   3393527   +0.4045399
  3554 | 33B0FA   3387642   +0.4038384
  3555 | 3399FB   3381755   +0.4031366
  3556 | 3382FA   3375866   +0.4024346
  3557 | 336BF7   3369975   +0.4017323
  3558 | 3354F2   3364082   +0.4010298
  3559 | 333DEB   3358187   +0.4003271
  3560 | 3326E2   3352290   +0.3996241
  3561 | 330FD7   3346391   +0.3989209
  3562 | 32F8CB   3340491   +0.3982176
  3563 | 32E1BC   3334588   +0.3975139
  3564 | 32CAAB   3328683   +0.3968099
  3565 | 32B398   3322776   +0.3961058
  3566 | 329C84   3316868   +0.3954015
  3567 | 32856D   3310957   +0.3946968
  3568 | 326E54   3305044   +0.3939919
  3569 | 32573A   3299130   +0.3932869
  3570 | 32401D   3293213   +0.3925816
  3571 | 3228FF   3287295   +0.3918761
  3572 | 3211DF   3281375   +0.3911704
  3573 | 31FABC   3275452   +0.3904643
  3574 | 31E398   3269528   +0.3897581
  3575 | 31CC72   3263602   +0.3890517
  3576 | 31B54A   3257674   +0.3883450
  3577 | 319E20   3251744   +0.3876381
  3578 | 3186F4   3245812   +0.3869309
  3579 | 316FC6   3239878   +0.3862236
  3580 | 315897   3233943   +0.3855160
  3581 | 314165   3228005   +0.3848082
  3582 | 312A32   3222066   +0.3841002
  3583 | 3112FC   3216124   +0.3833919
  3584 | 30FBC5   3210181   +0.3826834
  3585 | 30E48C   3204236   +0.3819747
  3586 | 30CD51   3198289   +0.3812658
  3587 | 30B614   3192340   +0.3805566
  3588 | 309ED5   3186389   +0.3798472
  3589 | 308794   3180436   +0.3791375
  3590 | 307052   3174482   +0.3784277
  3591 | 30590D   3168525   +0.3777176
  3592 | 3041C7   3162567   +0.3770074
  3593 | 302A7F   3156607   +0.3762969
  3594 | 301335   3150645   +0.3755862
  3595 | 2FFBE9   3144681   +0.3748752
  3596 | 2FE49B   3138715   +0.3741640
  3597 | 2FCD4C   3132748   +0.3734527
  3598 | 2FB5FA   3126778   +0.3727410
  3599 | 2F9EA7   3120807   +0.3720292
  3600 | 2F8752   3114834   +0.3713171
  3601 | 2F6FFB   3108859   +0.3706049
  3602 | 2F58A2   3102882   +0.3698924
  3603 | 2F4148   3096904   +0.3691797
  3604 | 2F29EB   3090923   +0.3684667
  3605 | 2F128D   3084941   +0.3677536
  3606 | 2EFB2D   3078957   +0.3670403
  3607 | 2EE3CB   3072971   +0.3663267
  3608 | 2ECC68   3066984   +0.3656130
  3609 | 2EB502   3060994   +0.3648989
  3610 | 2E9D9B   3055003   +0.3641847
  3611 | 2E8632   3049010   +0.3634703
  3612 | 2E6EC7   3043015   +0.3627557
  3613 | 2E575B   3037019   +0.3620409
  3614 | 2E3FEC   3031020   +0.3613257
  3615 | 2E287C   3025020   +0.3606105
  3616 | 2E110A   3019018   +0.3598950
  3617 | 2DF996   3013014   +0.3591793
  3618 | 2DE221   3007009   +0.3584634
  3619 | 2DCAA9   3001001   +0.3577472
  3620 | 2DB330   2994992   +0.3570309
  3621 | 2D9BB6   2988982   +0.3563144
  3622 | 2D8439   2982969   +0.3555976
  3623 | 2D6CBB   2976955   +0.3548807
  3624 | 2D553B   2970939   +0.3541635
  3625 | 2D3DB9   2964921   +0.3534461
  3626 | 2D2635   2958901   +0.3527285
  3627 | 2D0EB0   2952880   +0.3520107
  3628 | 2CF729   2946857   +0.3512927
  3629 | 2CDFA0   2940832   +0.3505745
  3630 | 2CC816   2934806   +0.3498561
  3631 | 2CB089   2928777   +0.3491374
  3632 | 2C98FB   2922747   +0.3484186
  3633 | 2C816C   2916716   +0.3476996
  3634 | 2C69DA   2910682   +0.3469803
  3635 | 2C5247   2904647   +0.3462609
  3636 | 2C3AB2   2898610   +0.3455412
  3637 | 2C231C   2892572   +0.3448215
  3638 | 2C0B84   2886532   +0.3441014
  3639 | 2BF3EA   2880490   +0.3433812
  3640 | 2BDC4E   2874446   +0.3426607
  3641 | 2BC4B1   2868401   +0.3419400
  3642 | 2BAD12   2862354   +0.3412192
  3643 | 2B9571   2856305   +0.3404981
  3644 | 2B7DCF   2850255   +0.3397769
  3645 | 2B662B   2844203   +0.3390554
  3646 | 2B4E85   2838149   +0.3383337
  3647 | 2B36DE   2832094   +0.3376119
  3648 | 2B1F35   2826037   +0.3368899
  3649 | 2B078A   2819978   +0.3361676
  3650 | 2AEFDE   2813918   +0.3354452
  3651 | 2AD82F   2807855   +0.3347224
  3652 | 2AC080   2801792   +0.3339996
  3653 | 2AA8CE   2795726   +0.3332765
  3654 | 2A911C   2789660   +0.3325534
  3655 | 2A7967   2783591   +0.3318299
  3656 | 2A61B1   2777521   +0.3311063
  3657 | 2A49F9   2771449   +0.3303825
  3658 | 2A323F   2765375   +0.3296584
  3659 | 2A1A84   2759300   +0.3289342
  3660 | 2A02C7   2753223   +0.3282098
  3661 | 29EB09   2747145   +0.3274852
  3662 | 29D349   2741065   +0.3267604
  3663 | 29BB87   2734983   +0.3260354
  3664 | 29A3C4   2728900   +0.3253102
  3665 | 298BFF   2722815   +0.3245848
  3666 | 297439   2716729   +0.3238593
  3667 | 295C71   2710641   +0.3231336
  3668 | 2944A7   2704551   +0.3224076
  3669 | 292CDC   2698460   +0.3216815
  3670 | 29150F   2692367   +0.3209552
  3671 | 28FD41   2686273   +0.3202287
  3672 | 28E571   2680177   +0.3195020
  3673 | 28CD9F   2674079   +0.3187751
  3674 | 28B5CC   2667980   +0.3180480
  3675 | 289DF8   2661880   +0.3173208
  3676 | 288621   2655777   +0.3165933
  3677 | 286E4A   2649674   +0.3158658
  3678 | 285670   2643568   +0.3151379
  3679 | 283E95   2637461   +0.3144099
  3680 | 2826B9   2631353   +0.3136817
  3681 | 280EDB   2625243   +0.3129534
  3682 | 27F6FB   2619131   +0.3122247
  3683 | 27DF1A   2613018   +0.3114960
  3684 | 27C738   2606904   +0.3107672
  3685 | 27AF53   2600787   +0.3100380
  3686 | 27976E   2594670   +0.3093088
  3687 | 277F86   2588550   +0.3085792
  3688 | 27679E   2582430   +0.3078496
  3689 | 274FB3   2576307   +0.3071197
  3690 | 2737C8   2570184   +0.3063898
  3691 | 271FDA   2564058   +0.3056595
  3692 | 2707EB   2557931   +0.3049291
  3693 | 26EFFB   2551803   +0.3041986
  3694 | 26D809   2545673   +0.3034679
  3695 | 26C016   2539542   +0.3027370
  3696 | 26A821   2533409   +0.3020059
  3697 | 26902B   2527275   +0.3012747
  3698 | 267833   2521139   +0.3005432
  3699 | 26603A   2515002   +0.2998116
  3700 | 26483F   2508863   +0.2990798
  3701 | 263043   2502723   +0.2983478
  3702 | 261845   2496581   +0.2976156
  3703 | 260046   2490438   +0.2968833
  3704 | 25E845   2484293   +0.2961508
  3705 | 25D043   2478147   +0.2954181
  3706 | 25B840   2472000   +0.2946854
  3707 | 25A03B   2465851   +0.2939523
  3708 | 258834   2459700   +0.2932191
  3709 | 25702C   2453548   +0.2924857
  3710 | 255823   2447395   +0.2917522
  3711 | 254018   2441240   +0.2910185
  3712 | 25280C   2435084   +0.2902846
  3713 | 250FFE   2428926   +0.2895505
  3714 | 24F7EF   2422767   +0.2888163
  3715 | 24DFDF   2416607   +0.2880820
  3716 | 24C7CD   2410445   +0.2873474
  3717 | 24AFBA   2404282   +0.2866127
  3718 | 2497A5   2398117   +0.2858778
  3719 | 247F8F   2391951   +0.2851428
  3720 | 246777   2385783   +0.2844075
  3721 | 244F5E   2379614   +0.2836721
  3722 | 243744   2373444   +0.2829366
  3723 | 241F28   2367272   +0.2822008
  3724 | 24070B   2361099   +0.2814649
  3725 | 23EEEC   2354924   +0.2807288
  3726 | 23D6CC   2348748   +0.2799926
  3727 | 23BEAB   2342571   +0.2792562
  3728 | 23A688   2336392   +0.2785196
  3729 | 238E64   2330212   +0.2777829
  3730 | 23763F   2324031   +0.2770461
  3731 | 235E18   2317848   +0.2763090
  3732 | 2345F0   2311664   +0.2755718
  3733 | 232DC6   2305478   +0.2748344
  3734 | 23159B   2299291   +0.2740968
  3735 | 22FD6F   2293103   +0.2733592
  3736 | 22E541   2286913   +0.2726213
  3737 | 22CD12   2280722   +0.2718832
  3738 | 22B4E2   2274530   +0.2711451
  3739 | 229CB1   2268337   +0.2704068
  3740 | 22847E   2262142   +0.2696683
  3741 | 226C49   2255945   +0.2689296
  3742 | 225414   2249748   +0.2681909
  3743 | 223BDD   2243549   +0.2674519
  3744 | 2223A5   2237349   +0.2667128
  3745 | 220B6B   2231147   +0.2659734
  3746 | 21F330   2224944   +0.2652340
  3747 | 21DAF4   2218740   +0.2644944
  3748 | 21C2B6   2212534   +0.2637546
  3749 | 21AA78   2206328   +0.2630148
  3750 | 219237   2200119   +0.2622746
  3751 | 2179F6   2193910   +0.2615345
  3752 | 2161B3   2187699   +0.2607940
  3753 | 21496F   2181487   +0.2600535
  3754 | 21312A   2175274   +0.2593129
  3755 | 2118E4   2169060   +0.2585721
  3756 | 21009C   2162844   +0.2578311
  3757 | 20E853   2156627   +0.2570900
  3758 | 20D008   2150408   +0.2563486
  3759 | 20B7BD   2144189   +0.2556072
  3760 | 209F70   2137968   +0.2548656
  3761 | 208722   2131746   +0.2541239
  3762 | 206ED2   2125522   +0.2533820
  3763 | 205682   2119298   +0.2526400
  3764 | 203E30   2113072   +0.2518978
  3765 | 2025DD   2106845   +0.2511555
  3766 | 200D88   2100616   +0.2504129
  3767 | 1FF533   2094387   +0.2496704
  3768 | 1FDCDC   2088156   +0.2489276
  3769 | 1FC484   2081924   +0.2481847
  3770 | 1FAC2A   2075690   +0.2474415
  3771 | 1F93D0   2069456   +0.2466984
  3772 | 1F7B74   2063220   +0.2459550
  3773 | 1F6317   2056983   +0.2452115
  3774 | 1F4AB9   2050745   +0.2444679
  3775 | 1F325A   2044506   +0.2437241
  3776 | 1F19F9   2038265   +0.2429801
  3777 | 1F0197   2032023   +0.2422360
  3778 | 1EE935   2025781   +0.2414919
  3779 | 1ED0D0   2019536   +0.2407475
  3780 | 1EB86B   2013291   +0.2400030
  3781 | 1EA005   2007045   +0.2392584
  3782 | 1E879D   2000797   +0.2385136
  3783 | 1E6F34   1994548   +0.2377687
  3784 | 1E56CA   1988298   +0.2370236
  3785 | 1E3E5F   1982047   +0.2362784
  3786 | 1E25F2   1975794   +0.2355330
  3787 | 1E0D85   1969541   +0.2347876
  3788 | 1DF516   1963286   +0.2340419
  3789 | 1DDCA6   1957030   +0.2332962
  3790 | 1DC435   1950773   +0.2325503
  3791 | 1DABC3   1944515   +0.2318043
  3792 | 1D9350   1938256   +0.2310581
  3793 | 1D7ADB   1931995   +0.2303118
  3794 | 1D6266   1925734   +0.2295654
  3795 | 1D49EF   1919471   +0.2288188
  3796 | 1D3177   1913207   +0.2280720
  3797 | 1D18FE   1906942   +0.2273252
  3798 | 1D0084   1900676   +0.2265782
  3799 | 1CE809   1894409   +0.2258312
  3800 | 1CCF8C   1888140   +0.2250838
  3801 | 1CB70F   1881871   +0.2243365
  3802 | 1C9E90   1875600   +0.2235889
  3803 | 1C8611   1869329   +0.2228414
  3804 | 1C6D90   1863056   +0.2220936
  3805 | 1C550E   1856782   +0.2213457
  3806 | 1C3C8B   1850507   +0.2205976
  3807 | 1C2407   1844231   +0.2198495
  3808 | 1C0B82   1837954   +0.2191012
  3809 | 1BF2FC   1831676   +0.2183528
  3810 | 1BDA75   1825397   +0.2176043
  3811 | 1BC1EC   1819116   +0.2168555
  3812 | 1BA963   1812835   +0.2161068
  3813 | 1B90D9   1806553   +0.2153579
  3814 | 1B784D   1800269   +0.2146088
  3815 | 1B5FC0   1793984   +0.2138596
  3816 | 1B4733   1787699   +0.2131103
  3817 | 1B2EA4   1781412   +0.2123609
  3818 | 1B1614   1775124   +0.2116113
  3819 | 1AFD83   1768835   +0.2108616
  3820 | 1AE4F2   1762546   +0.2101119
  3821 | 1ACC5F   1756255   +0.2093619
  3822 | 1AB3CB   1749963   +0.2086118
  3823 | 1A9B36   1743670   +0.2078617
  3824 | 1A82A0   1737376   +0.2071114
  3825 | 1A6A09   1731081   +0.2063609
  3826 | 1A5171   1724785   +0.2056104
  3827 | 1A38D8   1718488   +0.2048597
  3828 | 1A203E   1712190   +0.2041090
  3829 | 1A07A3   1705891   +0.2033581
  3830 | 19EF07   1699591   +0.2026070
  3831 | 19D66A   1693290   +0.2018559
  3832 | 19BDCC   1686988   +0.2011046
  3833 | 19A52D   1680685   +0.2003533
  3834 | 198C8D   1674381   +0.1996018
  3835 | 1973EC   1668076   +0.1988502
  3836 | 195B4A   1661770   +0.1980984
  3837 | 1942A7   1655463   +0.1973466
  3838 | 192A03   1649155   +0.1965946
  3839 | 19115E   1642846   +0.1958425
  3840 | 18F8B8   1636536   +0.1950903
  3841 | 18E011   1630225   +0.1943380
  3842 | 18C769   1623913   +0.1935855
  3843 | 18AEC1   1617601   +0.1928331
  3844 | 189617   1611287   +0.1920804
  3845 | 187D6C   1604972   +0.1913276
  3846 | 1864C1   1598657   +0.1905748
  3847 | 184C14   1592340   +0.1898217
  3848 | 183367   1586023   +0.1890687
  3849 | 181AB8   1579704   +0.1883154
  3850 | 180209   1573385   +0.1875621
  3851 | 17E959   1567065   +0.1868087
  3852 | 17D0A8   1560744   +0.1860552
  3853 | 17B7F5   1554421   +0.1853014
  3854 | 179F42   1548098   +0.1845477
  3855 | 17868F   1541775   +0.1837939
  3856 | 176DDA   1535450   +0.1830399
  3857 | 175524   1529124   +0.1822858
  3858 | 173C6D   1522797   +0.1815315
  3859 | 1723B6   1516470   +0.1807773
  3860 | 170AFD   1510141   +0.1800228
  3861 | 16F244   1503812   +0.1792684
  3862 | 16D98A   1497482   +0.1785138
  3863 | 16C0CF   1491151   +0.1777591
  3864 | 16A813   1484819   +0.1770042
  3865 | 168F56   1478486   +0.1762493
  3866 | 167698   1472152   +0.1754942
  3867 | 165DDA   1465818   +0.1747391
  3868 | 16451A   1459482   +0.1739838
  3869 | 162C5A   1453146   +0.1732285
  3870 | 161399   1446809   +0.1724731
  3871 | 15FAD7   1440471   +0.1717175
  3872 | 15E214   1434132   +0.1709619
  3873 | 15C950   1427792   +0.1702061
  3874 | 15B08C   1421452   +0.1694503
  3875 | 1597C7   1415111   +0.1686944
  3876 | 157F00   1408768   +0.1679382
  3877 | 156639   1402425   +0.1671821
  3878 | 154D71   1396081   +0.1664258
  3879 | 1534A9   1389737   +0.1656696
  3880 | 151BDF   1383391   +0.1649131
  3881 | 150315   1377045   +0.1641566
  3882 | 14EA4A   1370698   +0.1633999
  3883 | 14D17E   1364350   +0.1626432
  3884 | 14B8B1   1358001   +0.1618863
  3885 | 149FE4   1351652   +0.1611295
  3886 | 148716   1345302   +0.1603725
  3887 | 146E46   1338950   +0.1596153
  3888 | 145577   1332599   +0.1588582
  3889 | 143CA6   1326246   +0.1581008
  3890 | 1423D4   1319892   +0.1573434
  3891 | 140B02   1313538   +0.1565859
  3892 | 13F22F   1307183   +0.1558284
  3893 | 13D95B   1300827   +0.1550707
  3894 | 13C087   1294471   +0.1543130
  3895 | 13A7B2   1288114   +0.1535552
  3896 | 138EDC   1281756   +0.1527972
  3897 | 137605   1275397   +0.1520392
  3898 | 135D2D   1269037   +0.1512810
  3899 | 134455   1262677   +0.1505228
  3900 | 132B7C   1256316   +0.1497645
  3901 | 1312A2   1249954   +0.1490061
  3902 | 12F9C8   1243592   +0.1482477
  3903 | 12E0EC   1237228   +0.1474891
  3904 | 12C810   1230864   +0.1467304
  3905 | 12AF34   1224500   +0.1459718
  3906 | 129656   1218134   +0.1452129
  3907 | 127D78   1211768   +0.1444540
  3908 | 126499   1205401   +0.1436950
  3909 | 124BBA   1199034   +0.1429360
  3910 | 1232D9   1192665   +0.1421767
  3911 | 1219F8   1186296   +0.1414175
  3912 | 120117   1179927   +0.1406583
  3913 | 11E834   1173556   +0.1398988
  3914 | 11CF51   1167185   +0.1391393
  3915 | 11B66E   1160814   +0.1383798
  3916 | 119D89   1154441   +0.1376201
  3917 | 1184A4   1148068   +0.1368604
  3918 | 116BBE   1141694   +0.1361005
  3919 | 1152D8   1135320   +0.1353407
  3920 | 1139F1   1128945   +0.1345807
  3921 | 112109   1122569   +0.1338207
  3922 | 110820   1116192   +0.1330605
  3923 | 10EF37   1109815   +0.1323003
  3924 | 10D64E   1103438   +0.1315401
  3925 | 10BD63   1097059   +0.1307796
  3926 | 10A478   1090680   +0.1300192
  3927 | 108B8C   1084300   +0.1292586
  3928 | 1072A0   1077920   +0.1284981
  3929 | 1059B3   1071539   +0.1277374
  3930 | 1040C6   1065158   +0.1269767
  3931 | 1027D7   1058775   +0.1262158
  3932 | 100EE9   1052393   +0.1254550
  3933 | 0FF5F9   1046009   +0.1246940
  3934 | 0FDD09   1039625   +0.1239330
  3935 | 0FC418   1033240   +0.1231718
  3936 | 0FAB27   1026855   +0.1224107
  3937 | 0F9235   1020469   +0.1216494
  3938 | 0F7943   1014083   +0.1208881
  3939 | 0F6050   1007696   +0.1201267
  3940 | 0F475C   1001308   +0.1193652
  3941 | 0F2E68    994920   +0.1186037
  3942 | 0F1573    988531   +0.1178421
  3943 | 0EFC7D    982141   +0.1170803
  3944 | 0EE387    975751   +0.1163186
  3945 | 0ECA91    969361   +0.1155568
  3946 | 0EB19A    962970   +0.1147950
  3947 | 0E98A2    956578   +0.1140330
  3948 | 0E7FAA    950186   +0.1132710
  3949 | 0E66B1    943793   +0.1125089
  3950 | 0E4DB7    937399   +0.1117467
  3951 | 0E34BD    931005   +0.1109844
  3952 | 0E1BC3    924611   +0.1102222
  3953 | 0E02C8    918216   +0.1094599
  3954 | 0DE9CC    911820   +0.1086974
  3955 | 0DD0D0    905424   +0.1079350
  3956 | 0DB7D3    899027   +0.1071724
  3957 | 0D9ED6    892630   +0.1064098
  3958 | 0D85D8    886232   +0.1056471
  3959 | 0D6CDA    879834   +0.1048844
  3960 | 0D53DB    873435   +0.1041216
  3961 | 0D3ADC    867036   +0.1033587
  3962 | 0D21DC    860636   +0.1025958
  3963 | 0D08DC    854236   +0.1018329
  3964 | 0CEFDB    847835   +0.1010698
  3965 | 0CD6DA    841434   +0.1003067
  3966 | 0CBDD8    835032   +0.0995436
  3967 | 0CA4D6    828630   +0.0987804
  3968 | 0C8BD3    822227   +0.0980171
  3969 | 0C72D0    815824   +0.0972538
  3970 | 0C59CC    809420   +0.0964904
  3971 | 0C40C8    803016   +0.0957270
  3972 | 0C27C3    796611   +0.0949634
  3973 | 0C0EBE    790206   +0.0941999
  3974 | 0BF5B9    783801   +0.0934364
  3975 | 0BDCB3    777395   +0.0926727
  3976 | 0BC3AC    770988   +0.0919089
  3977 | 0BAAA5    764581   +0.0911452
  3978 | 0B919E    758174   +0.0903814
  3979 | 0B7896    751766   +0.0896175
  3980 | 0B5F8E    745358   +0.0888536
  3981 | 0B4685    738949   +0.0880896
  3982 | 0B2D7C    732540   +0.0873256
  3983 | 0B1472    726130   +0.0865614
  3984 | 0AFB68    719720   +0.0857973
  3985 | 0AE25D    713309   +0.0850331
  3986 | 0AC953    706899   +0.0842689
  3987 | 0AB047    700487   +0.0835046
  3988 | 0A973C    694076   +0.0827403
  3989 | 0A7E2F    687663   +0.0819758
  3990 | 0A6523    681251   +0.0812114
  3991 | 0A4C16    674838   +0.0804470
  3992 | 0A3309    668425   +0.0796825
  3993 | 0A19FB    662011   +0.0789179
  3994 | 0A00ED    655597   +0.0781533
  3995 | 09E7DE    649182   +0.0773885
  3996 | 09CECF    642767   +0.0766238
  3997 | 09B5C0    636352   +0.0758591
  3998 | 099CB1    629937   +0.0750943
  3999 | 0983A1    623521   +0.0743295
  4000 | 096A90    617104   +0.0735645
  4001 | 09517F    610687   +0.0727996
  4002 | 09386E    604270   +0.0720346
  4003 | 091F5D    597853   +0.0712696
  4004 | 09064B    591435   +0.0705045
  4005 | 08ED39    585017   +0.0697395
  4006 | 08D427    578599   +0.0689744
  4007 | 08BB14    572180   +0.0682092
  4008 | 08A201    565761   +0.0674440
  4009 | 0888ED    559341   +0.0666786
  4010 | 086FD9    552921   +0.0659133
  4011 | 0856C5    546501   +0.0651480
  4012 | 083DB1    540081   +0.0643827
  4013 | 08249C    533660   +0.0636172
  4014 | 080B87    527239   +0.0628518
  4015 | 07F271    520817   +0.0620862
  4016 | 07D95C    514396   +0.0613208
  4017 | 07C046    507974   +0.0605552
  4018 | 07A72F    501551   +0.0597895
  4019 | 078E19    495129   +0.0590240
  4020 | 077502    488706   +0.0582583
  4021 | 075BEA    482282   +0.0574925
  4022 | 0742D3    475859   +0.0567268
  4023 | 0729BB    469435   +0.0559610
  4024 | 0710A3    463011   +0.0551952
  4025 | 06F78B    456587   +0.0544294
  4026 | 06DE72    450162   +0.0536635
  4027 | 06C559    443737   +0.0528976
  4028 | 06AC40    437312   +0.0521317
  4029 | 069327    430887   +0.0513657
  4030 | 067A0D    424461   +0.0505997
  4031 | 0660F4    418036   +0.0498338
  4032 | 0647D9    411609   +0.0490676
  4033 | 062EBF    405183   +0.0483016
  4034 | 0615A4    398756   +0.0475354
  4035 | 05FC8A    392330   +0.0467694
  4036 | 05E36F    385903   +0.0460032
  4037 | 05CA53    379475   +0.0452369
  4038 | 05B138    373048   +0.0444708
  4039 | 05981C    366620   +0.0437045
  4040 | 057F00    360192   +0.0429382
  4041 | 0565E4    353764   +0.0421720
  4042 | 054CC8    347336   +0.0414057
  4043 | 0533AB    340907   +0.0406393
  4044 | 051A8E    334478   +0.0398729
  4045 | 050171    328049   +0.0391065
  4046 | 04E854    321620   +0.0383401
  4047 | 04CF37    315191   +0.0375737
  4048 | 04B619    308761   +0.0368072
  4049 | 049CFC    302332   +0.0360408
  4050 | 0483DE    295902   +0.0352743
  4051 | 046AC0    289472   +0.0345078
  4052 | 0451A1    283041   +0.0337411
  4053 | 043883    276611   +0.0329746
  4054 | 041F64    270180   +0.0322080
  4055 | 040646    263750   +0.0314415
  4056 | 03ED27    257319   +0.0306748
  4057 | 03D408    250888   +0.0299082
  4058 | 03BAE9    244457   +0.0291415
  4059 | 03A1C9    238025   +0.0283748
  4060 | 0388AA    231594   +0.0276082
  4061 | 036F8A    225162   +0.0268414
  4062 | 03566B    218731   +0.0260748
  4063 | 033D4B    212299   +0.0253080
  4064 | 03242B    205867   +0.0245413
  4065 | 030B0B    199435   +0.0237745
  4066 | 02F1EA    193002   +0.0230076
  4067 | 02D8CA    186570   +0.0222409
  4068 | 02BFAA    180138   +0.0214741
  4069 | 02A689    173705   +0.0207072
  4070 | 028D68    167272   +0.0199404
  4071 | 027448    160840   +0.0191736
  4072 | 025B27    154407   +0.0184067
  4073 | 024206    147974   +0.0176399
  4074 | 0228E5    141541   +0.0168730
  4075 | 020FC4    135108   +0.0161061
  4076 | 01F6A3    128675   +0.0153393
  4077 | 01DD81    122241   +0.0145723
  4078 | 01C460    115808   +0.0138054
  4079 | 01AB3F    109375   +0.0130385
  4080 | 01921D    102941   +0.0122715
  4081 | 0178FC     96508   +0.0115047
  4082 | 015FDA     90074   +0.0107377
  4083 | 0146B8     83640   +0.0099707
  4084 | 012D97     77207   +0.0092038
  4085 | 011475     70773   +0.0084368
  4086 | 00FB53     64339   +0.0076698
  4087 | 00E231     57905   +0.0069028
  4088 | 00C910     51472   +0.0061359
  4089 | 00AFEE     45038   +0.0053689
  4090 | 0096CC     38604   +0.0046020
  4091 | 007DAA     32170   +0.0038350
  4092 | 006488     25736   +0.0030680
  4093 | 004B66     19302   +0.0023010
  4094 | 003244     12868   +0.0015340
  4095 | 001922      6434   +0.0007670
  4096 | 000000         0   +0.0000000
  4097 | FFE6DE     -6434   -0.0007670
  4098 | FFCDBC    -12868   -0.0015340
  4099 | FFB49A    -19302   -0.0023010
  4100 | FF9B78    -25736   -0.0030680
  4101 | FF8256    -32170   -0.0038350
  4102 | FF6934    -38604   -0.0046020
  4103 | FF5012    -45038   -0.0053689
  4104 | FF36F0    -51472   -0.0061359
  4105 | FF1DCF    -57905   -0.0069028
  4106 | FF04AD    -64339   -0.0076698
  4107 | FEEB8B    -70773   -0.0084368
  4108 | FED269    -77207   -0.0092038
  4109 | FEB948    -83640   -0.0099707
  4110 | FEA026    -90074   -0.0107377
  4111 | FE8704    -96508   -0.0115047
  4112 | FE6DE3   -102941   -0.0122715
  4113 | FE54C1   -109375   -0.0130385
  4114 | FE3BA0   -115808   -0.0138054
  4115 | FE227F   -122241   -0.0145723
  4116 | FE095D   -128675   -0.0153393
  4117 | FDF03C   -135108   -0.0161061
  4118 | FDD71B   -141541   -0.0168730
  4119 | FDBDFA   -147974   -0.0176399
  4120 | FDA4D9   -154407   -0.0184067
  4121 | FD8BB8   -160840   -0.0191736
  4122 | FD7298   -167272   -0.0199404
  4123 | FD5977   -173705   -0.0207072
  4124 | FD4056   -180138   -0.0214741
  4125 | FD2736   -186570   -0.0222409
  4126 | FD0E16   -193002   -0.0230076
  4127 | FCF4F5   -199435   -0.0237745
  4128 | FCDBD5   -205867   -0.0245413
  4129 | FCC2B5   -212299   -0.0253080
  4130 | FCA995   -218731   -0.0260748
  4131 | FC9076   -225162   -0.0268414
  4132 | FC7756   -231594   -0.0276082
  4133 | FC5E37   -238025   -0.0283748
  4134 | FC4517   -244457   -0.0291415
  4135 | FC2BF8   -250888   -0.0299082
  4136 | FC12D9   -257319   -0.0306748
  4137 | FBF9BA   -263750   -0.0314415
  4138 | FBE09C   -270180   -0.0322080
  4139 | FBC77D   -276611   -0.0329746
  4140 | FBAE5F   -283041   -0.0337411
  4141 | FB9540   -289472   -0.0345078
  4142 | FB7C22   -295902   -0.0352743
  4143 | FB6304   -302332   -0.0360408
  4144 | FB49E7   -308761   -0.0368072
  4145 | FB30C9   -315191   -0.0375737
  4146 | FB17AC   -321620   -0.0383401
  4147 | FAFE8F   -328049   -0.0391065
  4148 | FAE572   -334478   -0.0398729
  4149 | FACC55   -340907   -0.0406393
  4150 | FAB338   -347336   -0.0414057
  4151 | FA9A1C   -353764   -0.0421720
  4152 | FA8100   -360192   -0.0429382
  4153 | FA67E4   -366620   -0.0437045
  4154 | FA4EC8   -373048   -0.0444708
  4155 | FA35AD   -379475   -0.0452369
  4156 | FA1C91   -385903   -0.0460032
  4157 | FA0376   -392330   -0.0467694
  4158 | F9EA5C   -398756   -0.0475354
  4159 | F9D141   -405183   -0.0483016
  4160 | F9B827   -411609   -0.0490676
  4161 | F99F0C   -418036   -0.0498338
  4162 | F985F3   -424461   -0.0505997
  4163 | F96CD9   -430887   -0.0513657
  4164 | F953C0   -437312   -0.0521317
  4165 | F93AA7   -443737   -0.0528976
  4166 | F9218E   -450162   -0.0536635
  4167 | F90875   -456587   -0.0544294
  4168 | F8EF5D   -463011   -0.0551952
  4169 | F8D645   -469435   -0.0559610
  4170 | F8BD2D   -475859   -0.0567268
  4171 | F8A416   -482282   -0.0574925
  4172 | F88AFE   -488706   -0.0582583
  4173 | F871E7   -495129   -0.0590240
  4174 | F858D1   -501551   -0.0597895
  4175 | F83FBA   -507974   -0.0605552
  4176 | F826A4   -514396   -0.0613208
  4177 | F80D8F   -520817   -0.0620862
  4178 | F7F479   -527239   -0.0628518
  4179 | F7DB64   -533660   -0.0636172
  4180 | F7C24F   -540081   -0.0643827
  4181 | F7A93B   -546501   -0.0651480
  4182 | F79027   -552921   -0.0659133
  4183 | F77713   -559341   -0.0666786
  4184 | F75DFF   -565761   -0.0674440
  4185 | F744EC   -572180   -0.0682092
  4186 | F72BD9   -578599   -0.0689744
  4187 | F712C7   -585017   -0.0697395
  4188 | F6F9B5   -591435   -0.0705045
  4189 | F6E0A3   -597853   -0.0712696
  4190 | F6C792   -604270   -0.0720346
  4191 | F6AE81   -610687   -0.0727996
  4192 | F69570   -617104   -0.0735645
  4193 | F67C5F   -623521   -0.0743295
  4194 | F6634F   -629937   -0.0750943
  4195 | F64A40   -636352   -0.0758591
  4196 | F63131   -642767   -0.0766238
  4197 | F61822   -649182   -0.0773885
  4198 | F5FF13   -655597   -0.0781533
  4199 | F5E605   -662011   -0.0789179
  4200 | F5CCF7   -668425   -0.0796825
  4201 | F5B3EA   -674838   -0.0804470
  4202 | F59ADD   -681251   -0.0812114
  4203 | F581D1   -687663   -0.0819758
  4204 | F568C4   -694076   -0.0827403
  4205 | F54FB9   -700487   -0.0835046
  4206 | F536AD   -706899   -0.0842689
  4207 | F51DA3   -713309   -0.0850331
  4208 | F50498   -719720   -0.0857973
  4209 | F4EB8E   -726130   -0.0865614
  4210 | F4D284   -732540   -0.0873256
  4211 | F4B97B   -738949   -0.0880896
  4212 | F4A072   -745358   -0.0888536
  4213 | F4876A   -751766   -0.0896175
  4214 | F46E62   -758174   -0.0903814
  4215 | F4555B   -764581   -0.0911452
  4216 | F43C54   -770988   -0.0919089
  4217 | F4234D   -777395   -0.0926727
  4218 | F40A47   -783801   -0.0934364
  4219 | F3F142   -790206   -0.0941999
  4220 | F3D83D   -796611   -0.0949634
  4221 | F3BF38   -803016   -0.0957270
  4222 | F3A634   -809420   -0.0964904
  4223 | F38D30   -815824   -0.0972538
  4224 | F3742D   -822227   -0.0980171
  4225 | F35B2A   -828630   -0.0987804
  4226 | F34228   -835032   -0.0995436
  4227 | F32926   -841434   -0.1003067
  4228 | F31025   -847835   -0.1010698
  4229 | F2F724   -854236   -0.1018329
  4230 | F2DE24   -860636   -0.1025958
  4231 | F2C524   -867036   -0.1033587
  4232 | F2AC25   -873435   -0.1041216
  4233 | F29326   -879834   -0.1048844
  4234 | F27A28   -886232   -0.1056471
  4235 | F2612A   -892630   -0.1064098
  4236 | F2482D   -899027   -0.1071724
  4237 | F22F30   -905424   -0.1079350
  4238 | F21634   -911820   -0.1086974
  4239 | F1FD38   -918216   -0.1094599
  4240 | F1E43D   -924611   -0.1102222
  4241 | F1CB43   -931005   -0.1109844
  4242 | F1B249   -937399   -0.1117467
  4243 | F1994F   -943793   -0.1125089
  4244 | F18056   -950186   -0.1132710
  4245 | F1675E   -956578   -0.1140330
  4246 | F14E66   -962970   -0.1147950
  4247 | F1356F   -969361   -0.1155568
  4248 | F11C79   -975751   -0.1163186
  4249 | F10383   -982141   -0.1170803
  4250 | F0EA8D   -988531   -0.1178421
  4251 | F0D198   -994920   -0.1186037
  4252 | F0B8A4  -1001308   -0.1193652
  4253 | F09FB0  -1007696   -0.1201267
  4254 | F086BD  -1014083   -0.1208881
  4255 | F06DCB  -1020469   -0.1216494
  4256 | F054D9  -1026855   -0.1224107
  4257 | F03BE8  -1033240   -0.1231718
  4258 | F022F7  -1039625   -0.1239330
  4259 | F00A07  -1046009   -0.1246940
  4260 | EFF117  -1052393   -0.1254550
  4261 | EFD829  -1058775   -0.1262158
  4262 | EFBF3A  -1065158   -0.1269767
  4263 | EFA64D  -1071539   -0.1277374
  4264 | EF8D60  -1077920   -0.1284981
  4265 | EF7474  -1084300   -0.1292586
  4266 | EF5B88  -1090680   -0.1300192
  4267 | EF429D  -1097059   -0.1307796
  4268 | EF29B2  -1103438   -0.1315401
  4269 | EF10C9  -1109815   -0.1323003
  4270 | EEF7E0  -1116192   -0.1330605
  4271 | EEDEF7  -1122569   -0.1338207
  4272 | EEC60F  -1128945   -0.1345807
  4273 | EEAD28  -1135320   -0.1353407
  4274 | EE9442  -1141694   -0.1361005
  4275 | EE7B5C  -1148068   -0.1368604
  4276 | EE6277  -1154441   -0.1376201
  4277 | EE4992  -1160814   -0.1383798
  4278 | EE30AF  -1167185   -0.1391393
  4279 | EE17CC  -1173556   -0.1398988
  4280 | EDFEE9  -1179927   -0.1406583
  4281 | EDE608  -1186296   -0.1414175
  4282 | EDCD27  -1192665   -0.1421767
  4283 | EDB446  -1199034   -0.1429360
  4284 | ED9B67  -1205401   -0.1436950
  4285 | ED8288  -1211768   -0.1444540
  4286 | ED69AA  -1218134   -0.1452129
  4287 | ED50CC  -1224500   -0.1459718
  4288 | ED37F0  -1230864   -0.1467304
  4289 | ED1F14  -1237228   -0.1474891
  4290 | ED0638  -1243592   -0.1482477
  4291 | ECED5E  -1249954   -0.1490061
  4292 | ECD484  -1256316   -0.1497645
  4293 | ECBBAB  -1262677   -0.1505228
  4294 | ECA2D3  -1269037   -0.1512810
  4295 | EC89FB  -1275397   -0.1520392
  4296 | EC7124  -1281756   -0.1527972
  4297 | EC584E  -1288114   -0.1535552
  4298 | EC3F79  -1294471   -0.1543130
  4299 | EC26A5  -1300827   -0.1550707
  4300 | EC0DD1  -1307183   -0.1558284
  4301 | EBF4FE  -1313538   -0.1565859
  4302 | EBDC2C  -1319892   -0.1573434
  4303 | EBC35A  -1326246   -0.1581008
  4304 | EBAA89  -1332599   -0.1588582
  4305 | EB91BA  -1338950   -0.1596153
  4306 | EB78EA  -1345302   -0.1603725
  4307 | EB601C  -1351652   -0.1611295
  4308 | EB474F  -1358001   -0.1618863
  4309 | EB2E82  -1364350   -0.1626432
  4310 | EB15B6  -1370698   -0.1633999
  4311 | EAFCEB  -1377045   -0.1641566
  4312 | EAE421  -1383391   -0.1649131
  4313 | EACB57  -1389737   -0.1656696
  4314 | EAB28F  -1396081   -0.1664258
  4315 | EA99C7  -1402425   -0.1671821
  4316 | EA8100  -1408768   -0.1679382
  4317 | EA6839  -1415111   -0.1686944
  4318 | EA4F74  -1421452   -0.1694503
  4319 | EA36B0  -1427792   -0.1702061
  4320 | EA1DEC  -1434132   -0.1709619
  4321 | EA0529  -1440471   -0.1717175
  4322 | E9EC67  -1446809   -0.1724731
  4323 | E9D3A6  -1453146   -0.1732285
  4324 | E9BAE6  -1459482   -0.1739838
  4325 | E9A226  -1465818   -0.1747391
  4326 | E98968  -1472152   -0.1754942
  4327 | E970AA  -1478486   -0.1762493
  4328 | E957ED  -1484819   -0.1770042
  4329 | E93F31  -1491151   -0.1777591
  4330 | E92676  -1497482   -0.1785138
  4331 | E90DBC  -1503812   -0.1792684
  4332 | E8F503  -1510141   -0.1800228
  4333 | E8DC4A  -1516470   -0.1807773
  4334 | E8C393  -1522797   -0.1815315
  4335 | E8AADC  -1529124   -0.1822858
  4336 | E89226  -1535450   -0.1830399
  4337 | E87971  -1541775   -0.1837939
  4338 | E860BE  -1548098   -0.1845477
  4339 | E8480B  -1554421   -0.1853014
  4340 | E82F58  -1560744   -0.1860552
  4341 | E816A7  -1567065   -0.1868087
  4342 | E7FDF7  -1573385   -0.1875621
  4343 | E7E548  -1579704   -0.1883154
  4344 | E7CC99  -1586023   -0.1890687
  4345 | E7B3EC  -1592340   -0.1898217
  4346 | E79B3F  -1598657   -0.1905748
  4347 | E78294  -1604972   -0.1913276
  4348 | E769E9  -1611287   -0.1920804
  4349 | E7513F  -1617601   -0.1928331
  4350 | E73897  -1623913   -0.1935855
  4351 | E71FEF  -1630225   -0.1943380
  4352 | E70748  -1636536   -0.1950903
  4353 | E6EEA2  -1642846   -0.1958425
  4354 | E6D5FD  -1649155   -0.1965946
  4355 | E6BD59  -1655463   -0.1973466
  4356 | E6A4B6  -1661770   -0.1980984
  4357 | E68C14  -1668076   -0.1988502
  4358 | E67373  -1674381   -0.1996018
  4359 | E65AD3  -1680685   -0.2003533
  4360 | E64234  -1686988   -0.2011046
  4361 | E62996  -1693290   -0.2018559
  4362 | E610F9  -1699591   -0.2026070
  4363 | E5F85D  -1705891   -0.2033581
  4364 | E5DFC2  -1712190   -0.2041090
  4365 | E5C728  -1718488   -0.2048597
  4366 | E5AE8F  -1724785   -0.2056104
  4367 | E595F7  -1731081   -0.2063609
  4368 | E57D60  -1737376   -0.2071114
  4369 | E564CA  -1743670   -0.2078617
  4370 | E54C35  -1749963   -0.2086118
  4371 | E533A1  -1756255   -0.2093619
  4372 | E51B0E  -1762546   -0.2101119
  4373 | E5027D  -1768835   -0.2108616
  4374 | E4E9EC  -1775124   -0.2116113
  4375 | E4D15C  -1781412   -0.2123609
  4376 | E4B8CD  -1787699   -0.2131103
  4377 | E4A040  -1793984   -0.2138596
  4378 | E487B3  -1800269   -0.2146088
  4379 | E46F27  -1806553   -0.2153579
  4380 | E4569D  -1812835   -0.2161068
  4381 | E43E14  -1819116   -0.2168555
  4382 | E4258B  -1825397   -0.2176043
  4383 | E40D04  -1831676   -0.2183528
  4384 | E3F47E  -1837954   -0.2191012
  4385 | E3DBF9  -1844231   -0.2198495
  4386 | E3C375  -1850507   -0.2205976
  4387 | E3AAF2  -1856782   -0.2213457
  4388 | E39270  -1863056   -0.2220936
  4389 | E379EF  -1869329   -0.2228414
  4390 | E36170  -1875600   -0.2235889
  4391 | E348F1  -1881871   -0.2243365
  4392 | E33074  -1888140   -0.2250838
  4393 | E317F7  -1894409   -0.2258312
  4394 | E2FF7C  -1900676   -0.2265782
  4395 | E2E702  -1906942   -0.2273252
  4396 | E2CE89  -1913207   -0.2280720
  4397 | E2B611  -1919471   -0.2288188
  4398 | E29D9A  -1925734   -0.2295654
  4399 | E28525  -1931995   -0.2303118
  4400 | E26CB0  -1938256   -0.2310581
  4401 | E2543D  -1944515   -0.2318043
  4402 | E23BCB  -1950773   -0.2325503
  4403 | E2235A  -1957030   -0.2332962
  4404 | E20AEA  -1963286   -0.2340419
  4405 | E1F27B  -1969541   -0.2347876
  4406 | E1DA0E  -1975794   -0.2355330
  4407 | E1C1A1  -1982047   -0.2362784
  4408 | E1A936  -1988298   -0.2370236
  4409 | E190CC  -1994548   -0.2377687
  4410 | E17863  -2000797   -0.2385136
  4411 | E15FFB  -2007045   -0.2392584
  4412 | E14795  -2013291   -0.2400030
  4413 | E12F30  -2019536   -0.2407475
  4414 | E116CB  -2025781   -0.2414919
  4415 | E0FE69  -2032023   -0.2422360
  4416 | E0E607  -2038265   -0.2429801
  4417 | E0CDA6  -2044506   -0.2437241
  4418 | E0B547  -2050745   -0.2444679
  4419 | E09CE9  -2056983   -0.2452115
  4420 | E0848C  -2063220   -0.2459550
  4421 | E06C30  -2069456   -0.2466984
  4422 | E053D6  -2075690   -0.2474415
  4423 | E03B7C  -2081924   -0.2481847
  4424 | E02324  -2088156   -0.2489276
  4425 | E00ACD  -2094387   -0.2496704
  4426 | DFF278  -2100616   -0.2504129
  4427 | DFDA23  -2106845   -0.2511555
  4428 | DFC1D0  -2113072   -0.2518978
  4429 | DFA97E  -2119298   -0.2526400
  4430 | DF912E  -2125522   -0.2533820
  4431 | DF78DE  -2131746   -0.2541239
  4432 | DF6090  -2137968   -0.2548656
  4433 | DF4843  -2144189   -0.2556072
  4434 | DF2FF8  -2150408   -0.2563486
  4435 | DF17AD  -2156627   -0.2570900
  4436 | DEFF64  -2162844   -0.2578311
  4437 | DEE71C  -2169060   -0.2585721
  4438 | DECED6  -2175274   -0.2593129
  4439 | DEB691  -2181487   -0.2600535
  4440 | DE9E4D  -2187699   -0.2607940
  4441 | DE860A  -2193910   -0.2615345
  4442 | DE6DC9  -2200119   -0.2622746
  4443 | DE5588  -2206328   -0.2630148
  4444 | DE3D4A  -2212534   -0.2637546
  4445 | DE250C  -2218740   -0.2644944
  4446 | DE0CD0  -2224944   -0.2652340
  4447 | DDF495  -2231147   -0.2659734
  4448 | DDDC5B  -2237349   -0.2667128
  4449 | DDC423  -2243549   -0.2674519
  4450 | DDABEC  -2249748   -0.2681909
  4451 | DD93B7  -2255945   -0.2689296
  4452 | DD7B82  -2262142   -0.2696683
  4453 | DD634F  -2268337   -0.2704068
  4454 | DD4B1E  -2274530   -0.2711451
  4455 | DD32EE  -2280722   -0.2718832
  4456 | DD1ABF  -2286913   -0.2726213
  4457 | DD0291  -2293103   -0.2733592
  4458 | DCEA65  -2299291   -0.2740968
  4459 | DCD23A  -2305478   -0.2748344
  4460 | DCBA10  -2311664   -0.2755718
  4461 | DCA1E8  -2317848   -0.2763090
  4462 | DC89C1  -2324031   -0.2770461
  4463 | DC719C  -2330212   -0.2777829
  4464 | DC5978  -2336392   -0.2785196
  4465 | DC4155  -2342571   -0.2792562
  4466 | DC2934  -2348748   -0.2799926
  4467 | DC1114  -2354924   -0.2807288
  4468 | DBF8F5  -2361099   -0.2814649
  4469 | DBE0D8  -2367272   -0.2822008
  4470 | DBC8BC  -2373444   -0.2829366
  4471 | DBB0A2  -2379614   -0.2836721
  4472 | DB9889  -2385783   -0.2844075
  4473 | DB8071  -2391951   -0.2851428
  4474 | DB685B  -2398117   -0.2858778
  4475 | DB5046  -2404282   -0.2866127
  4476 | DB3833  -2410445   -0.2873474
  4477 | DB2021  -2416607   -0.2880820
  4478 | DB0811  -2422767   -0.2888163
  4479 | DAF002  -2428926   -0.2895505
  4480 | DAD7F4  -2435084   -0.2902846
  4481 | DABFE8  -2441240   -0.2910185
  4482 | DAA7DD  -2447395   -0.2917522
  4483 | DA8FD4  -2453548   -0.2924857
  4484 | DA77CC  -2459700   -0.2932191
  4485 | DA5FC5  -2465851   -0.2939523
  4486 | DA47C0  -2472000   -0.2946854
  4487 | DA2FBD  -2478147   -0.2954181
  4488 | DA17BB  -2484293   -0.2961508
  4489 | D9FFBA  -2490438   -0.2968833
  4490 | D9E7BB  -2496581   -0.2976156
  4491 | D9CFBD  -2502723   -0.2983478
  4492 | D9B7C1  -2508863   -0.2990798
  4493 | D99FC6  -2515002   -0.2998116
  4494 | D987CD  -2521139   -0.3005432
  4495 | D96FD5  -2527275   -0.3012747
  4496 | D957DF  -2533409   -0.3020059
  4497 | D93FEA  -2539542   -0.3027370
  4498 | D927F7  -2545673   -0.3034679
  4499 | D91005  -2551803   -0.3041986
  4500 | D8F815  -2557931   -0.3049291
  4501 | D8E026  -2564058   -0.3056595
  4502 | D8C838  -2570184   -0.3063898
  4503 | D8B04D  -2576307   -0.3071197
  4504 | D89862  -2582430   -0.3078496
  4505 | D8807A  -2588550   -0.3085792
  4506 | D86892  -2594670   -0.3093088
  4507 | D850AD  -2600787   -0.3100380
  4508 | D838C8  -2606904   -0.3107672
  4509 | D820E6  -2613018   -0.3114960
  4510 | D80905  -2619131   -0.3122247
  4511 | D7F125  -2625243   -0.3129534
  4512 | D7D947  -2631353   -0.3136817
  4513 | D7C16B  -2637461   -0.3144099
  4514 | D7A990  -2643568   -0.3151379
  4515 | D791B6  -2649674   -0.3158658
  4516 | D779DF  -2655777   -0.3165933
  4517 | D76208  -2661880   -0.3173208
  4518 | D74A34  -2667980   -0.3180480
  4519 | D73261  -2674079   -0.3187751
  4520 | D71A8F  -2680177   -0.3195020
  4521 | D702BF  -2686273   -0.3202287
  4522 | D6EAF1  -2692367   -0.3209552
  4523 | D6D324  -2698460   -0.3216815
  4524 | D6BB59  -2704551   -0.3224076
  4525 | D6A38F  -2710641   -0.3231336
  4526 | D68BC7  -2716729   -0.3238593
  4527 | D67401  -2722815   -0.3245848
  4528 | D65C3C  -2728900   -0.3253102
  4529 | D64479  -2734983   -0.3260354
  4530 | D62CB7  -2741065   -0.3267604
  4531 | D614F7  -2747145   -0.3274852
  4532 | D5FD39  -2753223   -0.3282098
  4533 | D5E57C  -2759300   -0.3289342
  4534 | D5CDC1  -2765375   -0.3296584
  4535 | D5B607  -2771449   -0.3303825
  4536 | D59E4F  -2777521   -0.3311063
  4537 | D58699  -2783591   -0.3318299
  4538 | D56EE4  -2789660   -0.3325534
  4539 | D55732  -2795726   -0.3332765
  4540 | D53F80  -2801792   -0.3339996
  4541 | D527D1  -2807855   -0.3347224
  4542 | D51022  -2813918   -0.3354452
  4543 | D4F876  -2819978   -0.3361676
  4544 | D4E0CB  -2826037   -0.3368899
  4545 | D4C922  -2832094   -0.3376119
  4546 | D4B17B  -2838149   -0.3383337
  4547 | D499D5  -2844203   -0.3390554
  4548 | D48231  -2850255   -0.3397769
  4549 | D46A8F  -2856305   -0.3404981
  4550 | D452EE  -2862354   -0.3412192
  4551 | D43B4F  -2868401   -0.3419400
  4552 | D423B2  -2874446   -0.3426607
  4553 | D40C16  -2880490   -0.3433812
  4554 | D3F47C  -2886532   -0.3441014
  4555 | D3DCE4  -2892572   -0.3448215
  4556 | D3C54E  -2898610   -0.3455412
  4557 | D3ADB9  -2904647   -0.3462609
  4558 | D39626  -2910682   -0.3469803
  4559 | D37E94  -2916716   -0.3476996
  4560 | D36705  -2922747   -0.3484186
  4561 | D34F77  -2928777   -0.3491374
  4562 | D337EA  -2934806   -0.3498561
  4563 | D32060  -2940832   -0.3505745
  4564 | D308D7  -2946857   -0.3512927
  4565 | D2F150  -2952880   -0.3520107
  4566 | D2D9CB  -2958901   -0.3527285
  4567 | D2C247  -2964921   -0.3534461
  4568 | D2AAC5  -2970939   -0.3541635
  4569 | D29345  -2976955   -0.3548807
  4570 | D27BC7  -2982969   -0.3555976
  4571 | D2644A  -2988982   -0.3563144
  4572 | D24CD0  -2994992   -0.3570309
  4573 | D23557  -3001001   -0.3577472
  4574 | D21DDF  -3007009   -0.3584634
  4575 | D2066A  -3013014   -0.3591793
  4576 | D1EEF6  -3019018   -0.3598950
  4577 | D1D784  -3025020   -0.3606105
  4578 | D1C014  -3031020   -0.3613257
  4579 | D1A8A5  -3037019   -0.3620409
  4580 | D19139  -3043015   -0.3627557
  4581 | D179CE  -3049010   -0.3634703
  4582 | D16265  -3055003   -0.3641847
  4583 | D14AFE  -3060994   -0.3648989
  4584 | D13398  -3066984   -0.3656130
  4585 | D11C35  -3072971   -0.3663267
  4586 | D104D3  -3078957   -0.3670403
  4587 | D0ED73  -3084941   -0.3677536
  4588 | D0D615  -3090923   -0.3684667
  4589 | D0BEB8  -3096904   -0.3691797
  4590 | D0A75E  -3102882   -0.3698924
  4591 | D09005  -3108859   -0.3706049
  4592 | D078AE  -3114834   -0.3713171
  4593 | D06159  -3120807   -0.3720292
  4594 | D04A06  -3126778   -0.3727410
  4595 | D032B4  -3132748   -0.3734527
  4596 | D01B65  -3138715   -0.3741640
  4597 | D00417  -3144681   -0.3748752
  4598 | CFECCB  -3150645   -0.3755862
  4599 | CFD581  -3156607   -0.3762969
  4600 | CFBE39  -3162567   -0.3770074
  4601 | CFA6F3  -3168525   -0.3777176
  4602 | CF8FAE  -3174482   -0.3784277
  4603 | CF786C  -3180436   -0.3791375
  4604 | CF612B  -3186389   -0.3798472
  4605 | CF49EC  -3192340   -0.3805566
  4606 | CF32AF  -3198289   -0.3812658
  4607 | CF1B74  -3204236   -0.3819747
  4608 | CF043B  -3210181   -0.3826834
  4609 | CEED04  -3216124   -0.3833919
  4610 | CED5CE  -3222066   -0.3841002
  4611 | CEBE9B  -3228005   -0.3848082
  4612 | CEA769  -3233943   -0.3855160
  4613 | CE903A  -3239878   -0.3862236
  4614 | CE790C  -3245812   -0.3869309
  4615 | CE61E0  -3251744   -0.3876381
  4616 | CE4AB6  -3257674   -0.3883450
  4617 | CE338E  -3263602   -0.3890517
  4618 | CE1C68  -3269528   -0.3897581
  4619 | CE0544  -3275452   -0.3904643
  4620 | CDEE21  -3281375   -0.3911704
  4621 | CDD701  -3287295   -0.3918761
  4622 | CDBFE3  -3293213   -0.3925816
  4623 | CDA8C6  -3299130   -0.3932869
  4624 | CD91AC  -3305044   -0.3939919
  4625 | CD7A93  -3310957   -0.3946968
  4626 | CD637C  -3316868   -0.3954015
  4627 | CD4C68  -3322776   -0.3961058
  4628 | CD3555  -3328683   -0.3968099
  4629 | CD1E44  -3334588   -0.3975139
  4630 | CD0735  -3340491   -0.3982176
  4631 | CCF029  -3346391   -0.3989209
  4632 | CCD91E  -3352290   -0.3996241
  4633 | CCC215  -3358187   -0.4003271
  4634 | CCAB0E  -3364082   -0.4010298
  4635 | CC9409  -3369975   -0.4017323
  4636 | CC7D06  -3375866   -0.4024346
  4637 | CC6605  -3381755   -0.4031366
  4638 | CC4F06  -3387642   -0.4038384
  4639 | CC3809  -3393527   -0.4045399
  4640 | CC210E  -3399410   -0.4052413
  4641 | CC0A15  -3405291   -0.4059423
  4642 | CBF31E  -3411170   -0.4066432
  4643 | CBDC29  -3417047   -0.4073437
  4644 | CBC536  -3422922   -0.4080441
  4645 | CBAE45  -3428795   -0.4087442
  4646 | CB9756  -3434666   -0.4094441
  4647 | CB8069  -3440535   -0.4101437
  4648 | CB697E  -3446402   -0.4108431
  4649 | CB5295  -3452267   -0.4115423
  4650 | CB3BAE  -3458130   -0.4122412
  4651 | CB24CA  -3463990   -0.4129398
  4652 | CB0DE7  -3469849   -0.4136382
  4653 | CAF706  -3475706   -0.4143364
  4654 | CAE027  -3481561   -0.4150344
  4655 | CAC94B  -3487413   -0.4157320
  4656 | CAB270  -3493264   -0.4164295
  4657 | CA9B98  -3499112   -0.4171267
  4658 | CA84C1  -3504959   -0.4178237
  4659 | CA6DED  -3510803   -0.4185203
  4660 | CA571A  -3516646   -0.4192169
  4661 | CA404A  -3522486   -0.4199131
  4662 | CA297C  -3528324   -0.4206090
  4663 | CA12B0  -3534160   -0.4213047
  4664 | C9FBE6  -3539994   -0.4220002
  4665 | C9E51E  -3545826   -0.4226954
  4666 | C9CE58  -3551656   -0.4233904
  4667 | C9B794  -3557484   -0.4240851
  4668 | C9A0D2  -3563310   -0.4247797
  4669 | C98A13  -3569133   -0.4254738
  4670 | C97355  -3574955   -0.4261678
  4671 | C95C9A  -3580774   -0.4268615
  4672 | C945E0  -3586592   -0.4275551
  4673 | C92F29  -3592407   -0.4282483
  4674 | C91874  -3598220   -0.4289412
  4675 | C901C1  -3604031   -0.4296340
  4676 | C8EB10  -3609840   -0.4303265
  4677 | C8D462  -3615646   -0.4310186
  4678 | C8BDB5  -3621451   -0.4317106
  4679 | C8A70A  -3627254   -0.4324024
  4680 | C89062  -3633054   -0.4330938
  4681 | C879BC  -3638852   -0.4337850
  4682 | C86318  -3644648   -0.4344759
  4683 | C84C76  -3650442   -0.4351666
  4684 | C835D6  -3656234   -0.4358571
  4685 | C81F39  -3662023   -0.4365472
  4686 | C8089D  -3667811   -0.4372371
  4687 | C7F204  -3673596   -0.4379268
  4688 | C7DB6D  -3679379   -0.4386162
  4689 | C7C4D8  -3685160   -0.4393053
  4690 | C7AE45  -3690939   -0.4399942
  4691 | C797B4  -3696716   -0.4406829
  4692 | C78126  -3702490   -0.4413712
  4693 | C76A9A  -3708262   -0.4420593
  4694 | C75410  -3714032   -0.4427471
  4695 | C73D88  -3719800   -0.4434347
  4696 | C72702  -3725566   -0.4441221
  4697 | C7107E  -3731330   -0.4448092
  4698 | C6F9FD  -3737091   -0.4454960
  4699 | C6E37E  -3742850   -0.4461825
  4700 | C6CD01  -3748607   -0.4468688
  4701 | C6B686  -3754362   -0.4475548
  4702 | C6A00E  -3760114   -0.4482405
  4703 | C68997  -3765865   -0.4489261
  4704 | C67323  -3771613   -0.4496113
  4705 | C65CB1  -3777359   -0.4502963
  4706 | C64642  -3783102   -0.4509809
  4707 | C62FD4  -3788844   -0.4516654
  4708 | C61969  -3794583   -0.4523495
  4709 | C60300  -3800320   -0.4530334
  4710 | C5EC99  -3806055   -0.4537171
  4711 | C5D635  -3811787   -0.4544004
  4712 | C5BFD3  -3817517   -0.4550835
  4713 | C5A973  -3823245   -0.4557663
  4714 | C59315  -3828971   -0.4564489
  4715 | C57CB9  -3834695   -0.4571313
  4716 | C56660  -3840416   -0.4578133
  4717 | C55009  -3846135   -0.4584950
  4718 | C539B4  -3851852   -0.4591765
  4719 | C52362  -3857566   -0.4598577
  4720 | C50D12  -3863278   -0.4605386
  4721 | C4F6C4  -3868988   -0.4612193
  4722 | C4E078  -3874696   -0.4618998
  4723 | C4CA2F  -3880401   -0.4625798
  4724 | C4B3E8  -3886104   -0.4632597
  4725 | C49DA3  -3891805   -0.4639393
  4726 | C48760  -3897504   -0.4646187
  4727 | C47120  -3903200   -0.4652977
  4728 | C45AE2  -3908894   -0.4659765
  4729 | C444A7  -3914585   -0.4666549
  4730 | C42E6D  -3920275   -0.4673332
  4731 | C41836  -3925962   -0.4680111
  4732 | C40202  -3931646   -0.4686887
  4733 | C3EBCF  -3937329   -0.4693662
  4734 | C3D59F  -3943009   -0.4700433
  4735 | C3BF71  -3948687   -0.4707202
  4736 | C3A946  -3954362   -0.4713967
  4737 | C3931D  -3960035   -0.4720730
  4738 | C37CF6  -3965706   -0.4727490
  4739 | C366D2  -3971374   -0.4734247
  4740 | C350B0  -3977040   -0.4741001
  4741 | C33A90  -3982704   -0.4747753
  4742 | C32472  -3988366   -0.4754503
  4743 | C30E57  -3994025   -0.4761249
  4744 | C2F83F  -3999681   -0.4767991
  4745 | C2E228  -4005336   -0.4774733
  4746 | C2CC14  -4010988   -0.4781470
  4747 | C2B603  -4016637   -0.4788204
  4748 | C29FF3  -4022285   -0.4794937
  4749 | C289E6  -4027930   -0.4801667
  4750 | C273DC  -4033572   -0.4808393
  4751 | C25DD4  -4039212   -0.4815116
  4752 | C247CE  -4044850   -0.4821837
  4753 | C231CA  -4050486   -0.4828556
  4754 | C21BC9  -4056119   -0.4835271
  4755 | C205CB  -4061749   -0.4841982
  4756 | C1EFCE  -4067378   -0.4848692
  4757 | C1D9D5  -4073003   -0.4855398
  4758 | C1C3DD  -4078627   -0.4862102
  4759 | C1ADE8  -4084248   -0.4868803
  4760 | C197F5  -4089867   -0.4875501
  4761 | C18205  -4095483   -0.4882196
  4762 | C16C17  -4101097   -0.4888889
  4763 | C1562C  -4106708   -0.4895577
  4764 | C14043  -4112317   -0.4902264
  4765 | C12A5C  -4117924   -0.4908948
  4766 | C11478  -4123528   -0.4915628
  4767 | C0FE96  -4129130   -0.4922307
  4768 | C0E8B7  -4134729   -0.4928981
  4769 | C0D2DA  -4140326   -0.4935653
  4770 | C0BCFF  -4145921   -0.4942323
  4771 | C0A727  -4151513   -0.4948989
  4772 | C09152  -4157102   -0.4955652
  4773 | C07B7F  -4162689   -0.4962312
  4774 | C065AE  -4168274   -0.4968970
  4775 | C04FE0  -4173856   -0.4975624
  4776 | C03A14  -4179436   -0.4982276
  4777 | C0244B  -4185013   -0.4988924
  4778 | C00E84  -4190588   -0.4995570
  4779 | BFF8BF  -4196161   -0.5002214
  4780 | BFE2FD  -4201731   -0.5008854
  4781 | BFCD3E  -4207298   -0.5015490
  4782 | BFB781  -4212863   -0.5022124
  4783 | BFA1C6  -4218426   -0.5028756
  4784 | BF8C0E  -4223986   -0.5035384
  4785 | BF7659  -4229543   -0.5042008
  4786 | BF60A6  -4235098   -0.5048630
  4787 | BF4AF5  -4240651   -0.5055250
  4788 | BF3547  -4246201   -0.5061866
  4789 | BF1F9C  -4251748   -0.5068479
  4790 | BF09F3  -4257293   -0.5075089
  4791 | BEF44C  -4262836   -0.5081697
  4792 | BEDEA8  -4268376   -0.5088301
  4793 | BEC906  -4273914   -0.5094903
  4794 | BEB367  -4279449   -0.5101501
  4795 | BE9DCB  -4284981   -0.5108095
  4796 | BE8831  -4290511   -0.5114688
  4797 | BE7299  -4296039   -0.5121278
  4798 | BE5D04  -4301564   -0.5127864
  4799 | BE4772  -4307086   -0.5134447
  4800 | BE31E2  -4312606   -0.5141027
  4801 | BE1C55  -4318123   -0.5147604
  4802 | BE06CA  -4323638   -0.5154178
  4803 | BDF142  -4329150   -0.5160749
  4804 | BDDBBC  -4334660   -0.5167317
  4805 | BDC639  -4340167   -0.5173882
  4806 | BDB0B8  -4345672   -0.5180445
  4807 | BD9B3A  -4351174   -0.5187004
  4808 | BD85BF  -4356673   -0.5193559
  4809 | BD7046  -4362170   -0.5200112
  4810 | BD5ACF  -4367665   -0.5206662
  4811 | BD455C  -4373156   -0.5213208
  4812 | BD2FEA  -4378646   -0.5219753
  4813 | BD1A7C  -4384132   -0.5226293
  4814 | BD0510  -4389616   -0.5232830
  4815 | BCEFA6  -4395098   -0.5239365
  4816 | BCDA3F  -4400577   -0.5245897
  4817 | BCC4DB  -4406053   -0.5252424
  4818 | BCAF79  -4411527   -0.5258950
  4819 | BC9A1A  -4416998   -0.5265472
  4820 | BC84BE  -4422466   -0.5271990
  4821 | BC6F64  -4427932   -0.5278506
  4822 | BC5A0C  -4433396   -0.5285020
  4823 | BC44B8  -4438856   -0.5291529
  4824 | BC2F66  -4444314   -0.5298035
  4825 | BC1A16  -4449770   -0.5304539
  4826 | BC04C9  -4455223   -0.5311040
  4827 | BBEF7F  -4460673   -0.5317537
  4828 | BBDA37  -4466121   -0.5324031
  4829 | BBC4F2  -4471566   -0.5330522
  4830 | BBAFB0  -4477008   -0.5337009
  4831 | BB9A70  -4482448   -0.5343494
  4832 | BB8533  -4487885   -0.5349976
  4833 | BB6FF9  -4493319   -0.5356454
  4834 | BB5AC1  -4498751   -0.5362929
  4835 | BB458C  -4504180   -0.5369401
  4836 | BB3059  -4509607   -0.5375870
  4837 | BB1B29  -4515031   -0.5382336
  4838 | BB05FC  -4520452   -0.5388799
  4839 | BAF0D2  -4525870   -0.5395257
  4840 | BADBAA  -4531286   -0.5401714
  4841 | BAC685  -4536699   -0.5408167
  4842 | BAB162  -4542110   -0.5414617
  4843 | BA9C42  -4547518   -0.5421064
  4844 | BA8725  -4552923   -0.5427507
  4845 | BA720A  -4558326   -0.5433948
  4846 | BA5CF3  -4563725   -0.5440384
  4847 | BA47DD  -4569123   -0.5446819
  4848 | BA32CB  -4574517   -0.5453249
  4849 | BA1DBB  -4579909   -0.5459677
  4850 | BA08AE  -4585298   -0.5466101
  4851 | B9F3A4  -4590684   -0.5472522
  4852 | B9DE9C  -4596068   -0.5478940
  4853 | B9C997  -4601449   -0.5485355
  4854 | B9B495  -4606827   -0.5491766
  4855 | B99F95  -4612203   -0.5498174
  4856 | B98A98  -4617576   -0.5504580
  4857 | B9759E  -4622946   -0.5510981
  4858 | B960A7  -4628313   -0.5517379
  4859 | B94BB2  -4633678   -0.5523775
  4860 | B936C0  -4639040   -0.5530167
  4861 | B921D1  -4644399   -0.5536555
  4862 | B90CE4  -4649756   -0.5542941
  4863 | B8F7FB  -4655109   -0.5549322
  4864 | B8E314  -4660460   -0.5555701
  4865 | B8CE2F  -4665809   -0.5562078
  4866 | B8B94E  -4671154   -0.5568449
  4867 | B8A46F  -4676497   -0.5574819
  4868 | B88F93  -4681837   -0.5581185
  4869 | B87ABA  -4687174   -0.5587547
  4870 | B865E3  -4692509   -0.5593907
  4871 | B8510F  -4697841   -0.5600263
  4872 | B83C3E  -4703170   -0.5606616
  4873 | B82770  -4708496   -0.5612965
  4874 | B812A5  -4713819   -0.5619310
  4875 | B7FDDC  -4719140   -0.5625653
  4876 | B7E916  -4724458   -0.5631993
  4877 | B7D453  -4729773   -0.5638329
  4878 | B7BF93  -4735085   -0.5644661
  4879 | B7AAD5  -4740395   -0.5650991
  4880 | B7961A  -4745702   -0.5657318
  4881 | B78162  -4751006   -0.5663640
  4882 | B76CAD  -4756307   -0.5669960
  4883 | B757FB  -4761605   -0.5676275
  4884 | B7434B  -4766901   -0.5682589
  4885 | B72E9E  -4772194   -0.5688899
  4886 | B719F4  -4777484   -0.5695205
  4887 | B7054D  -4782771   -0.5701507
  4888 | B6F0A9  -4788055   -0.5707806
  4889 | B6DC07  -4793337   -0.5714103
  4890 | B6C768  -4798616   -0.5720396
  4891 | B6B2CC  -4803892   -0.5726686
  4892 | B69E33  -4809165   -0.5732971
  4893 | B6899D  -4814435   -0.5739254
  4894 | B6750A  -4819702   -0.5745533
  4895 | B66079  -4824967   -0.5751809
  4896 | B64BEB  -4830229   -0.5758082
  4897 | B63760  -4835488   -0.5764351
  4898 | B622D8  -4840744   -0.5770617
  4899 | B60E53  -4845997   -0.5776879
  4900 | B5F9D1  -4851247   -0.5783137
  4901 | B5E551  -4856495   -0.5789393
  4902 | B5D0D5  -4861739   -0.5795645
  4903 | B5BC5B  -4866981   -0.5801893
  4904 | B5A7E4  -4872220   -0.5808139
  4905 | B59370  -4877456   -0.5814381
  4906 | B57EFF  -4882689   -0.5820619
  4907 | B56A90  -4887920   -0.5826855
  4908 | B55625  -4893147   -0.5833086
  4909 | B541BC  -4898372   -0.5839314
  4910 | B52D57  -4903593   -0.5845538
  4911 | B518F4  -4908812   -0.5851760
  4912 | B50494  -4914028   -0.5857978
  4913 | B4F037  -4919241   -0.5864192
  4914 | B4DBDD  -4924451   -0.5870403
  4915 | B4C786  -4929658   -0.5876610
  4916 | B4B331  -4934863   -0.5882815
  4917 | B49EE0  -4940064   -0.5889015
  4918 | B48A91  -4945263   -0.5895213
  4919 | B47646  -4950458   -0.5901406
  4920 | B461FD  -4955651   -0.5907596
  4921 | B44DB7  -4960841   -0.5913783
  4922 | B43974  -4966028   -0.5919967
  4923 | B42534  -4971212   -0.5926147
  4924 | B410F7  -4976393   -0.5932323
  4925 | B3FCBD  -4981571   -0.5938495
  4926 | B3E886  -4986746   -0.5944664
  4927 | B3D452  -4991918   -0.5950830
  4928 | B3C021  -4997087   -0.5956992
  4929 | B3ABF2  -5002254   -0.5963151
  4930 | B397C7  -5007417   -0.5969306
  4931 | B3839E  -5012578   -0.5975459
  4932 | B36F79  -5017735   -0.5981606
  4933 | B35B56  -5022890   -0.5987751
  4934 | B34737  -5028041   -0.5993892
  4935 | B3331A  -5033190   -0.6000030
  4936 | B31F00  -5038336   -0.6006165
  4937 | B30AEA  -5043478   -0.6012294
  4938 | B2F6D6  -5048618   -0.6018422
  4939 | B2E2C5  -5053755   -0.6024545
  4940 | B2CEB7  -5058889   -0.6030666
  4941 | B2BAAC  -5064020   -0.6036782
  4942 | B2A6A5  -5069147   -0.6042894
  4943 | B292A0  -5074272   -0.6049004
  4944 | B27E9E  -5079394   -0.6055110
  4945 | B26A9F  -5084513   -0.6061212
  4946 | B256A3  -5089629   -0.6067311
  4947 | B242AA  -5094742   -0.6073406
  4948 | B22EB4  -5099852   -0.6079497
  4949 | B21AC1  -5104959   -0.6085585
  4950 | B206D1  -5110063   -0.6091670
  4951 | B1F2E4  -5115164   -0.6097751
  4952 | B1DEFB  -5120261   -0.6103827
  4953 | B1CB14  -5125356   -0.6109900
  4954 | B1B730  -5130448   -0.6115971
  4955 | B1A34F  -5135537   -0.6122037
  4956 | B18F71  -5140623   -0.6128100
  4957 | B17B96  -5145706   -0.6134160
  4958 | B167BE  -5150786   -0.6140215
  4959 | B153EA  -5155862   -0.6146266
  4960 | B14018  -5160936   -0.6152315
  4961 | B12C49  -5166007   -0.6158360
  4962 | B1187E  -5171074   -0.6164401
  4963 | B104B5  -5176139   -0.6170439
  4964 | B0F0EF  -5181201   -0.6176473
  4965 | B0DD2D  -5186259   -0.6182503
  4966 | B0C96D  -5191315   -0.6188530
  4967 | B0B5B1  -5196367   -0.6194552
  4968 | B0A1F8  -5201416   -0.6200571
  4969 | B08E41  -5206463   -0.6206588
  4970 | B07A8E  -5211506   -0.6212599
  4971 | B066DE  -5216546   -0.6218607
  4972 | B05331  -5221583   -0.6224612
  4973 | B03F87  -5226617   -0.6230613
  4974 | B02BE0  -5231648   -0.6236610
  4975 | B0183C  -5236676   -0.6242604
  4976 | B0049B  -5241701   -0.6248595
  4977 | AFF0FE  -5246722   -0.6254580
  4978 | AFDD63  -5251741   -0.6260563
  4979 | AFC9CB  -5256757   -0.6266543
  4980 | AFB637  -5261769   -0.6272517
  4981 | AFA2A6  -5266778   -0.6278489
  4982 | AF8F17  -5271785   -0.6284457
  4983 | AF7B8C  -5276788   -0.6290421
  4984 | AF6804  -5281788   -0.6296382
  4985 | AF547F  -5286785   -0.6302339
  4986 | AF40FE  -5291778   -0.6308291
  4987 | AF2D7F  -5296769   -0.6314241
  4988 | AF1A03  -5301757   -0.6320187
  4989 | AF068B  -5306741   -0.6326128
  4990 | AEF315  -5311723   -0.6332067
  4991 | AEDFA3  -5316701   -0.6338001
  4992 | AECC34  -5321676   -0.6343932
  4993 | AEB8C8  -5326648   -0.6349859
  4994 | AEA55F  -5331617   -0.6355783
  4995 | AE91FA  -5336582   -0.6361701
  4996 | AE7E97  -5341545   -0.6367618
  4997 | AE6B38  -5346504   -0.6373529
  4998 | AE57DB  -5351461   -0.6379439
  4999 | AE4482  -5356414   -0.6385343
  5000 | AE312C  -5361364   -0.6391244
  5001 | AE1DD9  -5366311   -0.6397141
  5002 | AE0A8A  -5371254   -0.6403034
  5003 | ADF73D  -5376195   -0.6408924
  5004 | ADE3F4  -5381132   -0.6414809
  5005 | ADD0AE  -5386066   -0.6420691
  5006 | ADBD6B  -5390997   -0.6426569
  5007 | ADAA2B  -5395925   -0.6432444
  5008 | AD96EE  -5400850   -0.6438315
  5009 | AD83B5  -5405771   -0.6444181
  5010 | AD707E  -5410690   -0.6450045
  5011 | AD5D4B  -5415605   -0.6455904
  5012 | AD4A1B  -5420517   -0.6461760
  5013 | AD36EF  -5425425   -0.6467611
  5014 | AD23C5  -5430331   -0.6473459
  5015 | AD109F  -5435233   -0.6479303
  5016 | ACFD7C  -5440132   -0.6485143
  5017 | ACEA5C  -5445028   -0.6490979
  5018 | ACD73F  -5449921   -0.6496812
  5019 | ACC425  -5454811   -0.6502641
  5020 | ACB10F  -5459697   -0.6508466
  5021 | AC9DFC  -5464580   -0.6514287
  5022 | AC8AEC  -5469460   -0.6520104
  5023 | AC77DF  -5474337   -0.6525918
  5024 | AC64D6  -5479210   -0.6531727
  5025 | AC51CF  -5484081   -0.6537534
  5026 | AC3ECC  -5488948   -0.6543336
  5027 | AC2BCD  -5493811   -0.6549133
  5028 | AC18D0  -5498672   -0.6554928
  5029 | AC05D7  -5503529   -0.6560718
  5030 | ABF2E1  -5508383   -0.6566504
  5031 | ABDFEE  -5513234   -0.6572287
  5032 | ABCCFE  -5518082   -0.6578066
  5033 | ABBA12  -5522926   -0.6583841
  5034 | ABA729  -5527767   -0.6589612
  5035 | AB9443  -5532605   -0.6595379
  5036 | AB8160  -5537440   -0.6601143
  5037 | AB6E81  -5542271   -0.6606902
  5038 | AB5BA5  -5547099   -0.6612657
  5039 | AB48CC  -5551924   -0.6618409
  5040 | AB35F6  -5556746   -0.6624157
  5041 | AB2324  -5561564   -0.6629901
  5042 | AB1055  -5566379   -0.6635641
  5043 | AAFD89  -5571191   -0.6641377
  5044 | AAEAC1  -5575999   -0.6647109
  5045 | AAD7FC  -5580804   -0.6652837
  5046 | AAC53A  -5585606   -0.6658561
  5047 | AAB27B  -5590405   -0.6664282
  5048 | AA9FC0  -5595200   -0.6669998
  5049 | AA8D08  -5599992   -0.6675711
  5050 | AA7A53  -5604781   -0.6681420
  5051 | AA67A2  -5609566   -0.6687124
  5052 | AA54F3  -5614349   -0.6692826
  5053 | AA4249  -5619127   -0.6698521
  5054 | AA2FA1  -5623903   -0.6704215
  5055 | AA1CFD  -5628675   -0.6709903
  5056 | AA0A5C  -5633444   -0.6715589
  5057 | A9F7BE  -5638210   -0.6721270
  5058 | A9E524  -5642972   -0.6726947
  5059 | A9D28D  -5647731   -0.6732620
  5060 | A9BFF9  -5652487   -0.6738290
  5061 | A9AD69  -5657239   -0.6743954
  5062 | A99ADC  -5661988   -0.6749616
  5063 | A98852  -5666734   -0.6755273
  5064 | A975CC  -5671476   -0.6760926
  5065 | A96349  -5676215   -0.6766576
  5066 | A950C9  -5680951   -0.6772221
  5067 | A93E4D  -5685683   -0.6777862
  5068 | A92BD4  -5690412   -0.6783500
  5069 | A9195E  -5695138   -0.6789134
  5070 | A906EC  -5699860   -0.6794763
  5071 | A8F47D  -5704579   -0.6800388
  5072 | A8E212  -5709294   -0.6806009
  5073 | A8CFAA  -5714006   -0.6811626
  5074 | A8BD45  -5718715   -0.6817240
  5075 | A8AAE3  -5723421   -0.6822850
  5076 | A89885  -5728123   -0.6828455
  5077 | A8862A  -5732822   -0.6834056
  5078 | A873D3  -5737517   -0.6839653
  5079 | A8617F  -5742209   -0.6845247
  5080 | A84F2E  -5746898   -0.6850836
  5081 | A83CE1  -5751583   -0.6856421
  5082 | A82A97  -5756265   -0.6862003
  5083 | A81851  -5760943   -0.6867579
  5084 | A8060E  -5765618   -0.6873152
  5085 | A7F3CE  -5770290   -0.6878722
  5086 | A7E192  -5774958   -0.6884286
  5087 | A7CF59  -5779623   -0.6889848
  5088 | A7BD23  -5784285   -0.6895405
  5089 | A7AAF1  -5788943   -0.6900958
  5090 | A798C3  -5793597   -0.6906506
  5091 | A78697  -5798249   -0.6912051
  5092 | A7746F  -5802897   -0.6917592
  5093 | A7624B  -5807541   -0.6923128
  5094 | A7502A  -5812182   -0.6928661
  5095 | A73E0C  -5816820   -0.6934190
  5096 | A72BF2  -5821454   -0.6939714
  5097 | A719DB  -5826085   -0.6945235
  5098 | A707C8  -5830712   -0.6950750
  5099 | A6F5B8  -5835336   -0.6956263
  5100 | A6E3AC  -5839956   -0.6961770
  5101 | A6D1A3  -5844573   -0.6967274
  5102 | A6BF9D  -5849187   -0.6972774
  5103 | A6AD9B  -5853797   -0.6978270
  5104 | A69B9C  -5858404   -0.6983762
  5105 | A689A1  -5863007   -0.6989249
  5106 | A677A9  -5867607   -0.6994733
  5107 | A665B5  -5872203   -0.7000211
  5108 | A653C4  -5876796   -0.7005687
  5109 | A641D6  -5881386   -0.7011158
  5110 | A62FEC  -5885972   -0.7016625
  5111 | A61E06  -5890554   -0.7022088
  5112 | A60C23  -5895133   -0.7027546
  5113 | A5FA43  -5899709   -0.7033001
  5114 | A5E867  -5904281   -0.7038451
  5115 | A5D68E  -5908850   -0.7043898
  5116 | A5C4B9  -5913415   -0.7049340
  5117 | A5B2E7  -5917977   -0.7054778
  5118 | A5A119  -5922535   -0.7060212
  5119 | A58F4E  -5927090   -0.7065642
  5120 | A57D87  -5931641   -0.7071067
  5121 | A56BC3  -5936189   -0.7076489
  5122 | A55A03  -5940733   -0.7081906
  5123 | A54846  -5945274   -0.7087319
  5124 | A5368D  -5949811   -0.7092727
  5125 | A524D7  -5954345   -0.7098132
  5126 | A51325  -5958875   -0.7103533
  5127 | A50176  -5963402   -0.7108929
  5128 | A4EFCB  -5967925   -0.7114321
  5129 | A4DE23  -5972445   -0.7119709
  5130 | A4CC7F  -5976961   -0.7125093
  5131 | A4BADE  -5981474   -0.7130473
  5132 | A4A941  -5985983   -0.7135848
  5133 | A497A7  -5990489   -0.7141219
  5134 | A48611  -5994991   -0.7146586
  5135 | A4747E  -5999490   -0.7151949
  5136 | A462EF  -6003985   -0.7157308
  5137 | A45164  -6008476   -0.7162662
  5138 | A43FDC  -6012964   -0.7168012
  5139 | A42E57  -6017449   -0.7173358
  5140 | A41CD6  -6021930   -0.7178700
  5141 | A40B59  -6026407   -0.7184037
  5142 | A3F9DF  -6030881   -0.7189370
  5143 | A3E869  -6035351   -0.7194699
  5144 | A3D6F6  -6039818   -0.7200024
  5145 | A3C587  -6044281   -0.7205344
  5146 | A3B41B  -6048741   -0.7210661
  5147 | A3A2B3  -6053197   -0.7215973
  5148 | A3914E  -6057650   -0.7221282
  5149 | A37FED  -6062099   -0.7226585
  5150 | A36E90  -6066544   -0.7231884
  5151 | A35D36  -6070986   -0.7237179
  5152 | A34BE0  -6075424   -0.7242470
  5153 | A33A8D  -6079859   -0.7247757
  5154 | A3293E  -6084290   -0.7253039
  5155 | A317F2  -6088718   -0.7258317
  5156 | A306AB  -6093141   -0.7263590
  5157 | A2F566  -6097562   -0.7268860
  5158 | A2E425  -6101979   -0.7274126
  5159 | A2D2E8  -6106392   -0.7279387
  5160 | A2C1AF  -6110801   -0.7284642
  5161 | A2B078  -6115208   -0.7289896
  5162 | A29F46  -6119610   -0.7295144
  5163 | A28E17  -6124009   -0.7300388
  5164 | A27CEC  -6128404   -0.7305627
  5165 | A26BC4  -6132796   -0.7310863
  5166 | A25AA0  -6137184   -0.7316093
  5167 | A24980  -6141568   -0.7321320
  5168 | A23863  -6145949   -0.7326542
  5169 | A2274A  -6150326   -0.7331760
  5170 | A21635  -6154699   -0.7336973
  5171 | A20523  -6159069   -0.7342182
  5172 | A1F414  -6163436   -0.7347388
  5173 | A1E30A  -6167798   -0.7352588
  5174 | A1D203  -6172157   -0.7357785
  5175 | A1C0FF  -6176513   -0.7362977
  5176 | A1AFFF  -6180865   -0.7368165
  5177 | A19F03  -6185213   -0.7373348
  5178 | A18E0B  -6189557   -0.7378527
  5179 | A17D16  -6193898   -0.7383702
  5180 | A16C25  -6198235   -0.7388872
  5181 | A15B37  -6202569   -0.7394038
  5182 | A14A4D  -6206899   -0.7399200
  5183 | A13967  -6211225   -0.7404357
  5184 | A12884  -6215548   -0.7409511
  5185 | A117A5  -6219867   -0.7414659
  5186 | A106CA  -6224182   -0.7419803
  5187 | A0F5F2  -6228494   -0.7424943
  5188 | A0E51E  -6232802   -0.7430079
  5189 | A0D44E  -6237106   -0.7435210
  5190 | A0C381  -6241407   -0.7440337
  5191 | A0B2B8  -6245704   -0.7445459
  5192 | A0A1F3  -6249997   -0.7450577
  5193 | A09131  -6254287   -0.7455691
  5194 | A08073  -6258573   -0.7460800
  5195 | A06FB9  -6262855   -0.7465905
  5196 | A05F03  -6267133   -0.7471005
  5197 | A04E50  -6271408   -0.7476101
  5198 | A03DA1  -6275679   -0.7481192
  5199 | A02CF5  -6279947   -0.7486280
  5200 | A01C4D  -6284211   -0.7491363
  5201 | A00BA9  -6288471   -0.7496442
  5202 | 9FFB09  -6292727   -0.7501515
  5203 | 9FEA6C  -6296980   -0.7506585
  5204 | 9FD9D3  -6301229   -0.7511650
  5205 | 9FC93E  -6305474   -0.7516711
  5206 | 9FB8AC  -6309716   -0.7521768
  5207 | 9FA81E  -6313954   -0.7526820
  5208 | 9F9794  -6318188   -0.7531867
  5209 | 9F870D  -6322419   -0.7536911
  5210 | 9F768B  -6326645   -0.7541949
  5211 | 9F660C  -6330868   -0.7546983
  5212 | 9F5590  -6335088   -0.7552013
  5213 | 9F4519  -6339303   -0.7557038
  5214 | 9F34A5  -6343515   -0.7562059
  5215 | 9F2435  -6347723   -0.7567075
  5216 | 9F13C9  -6351927   -0.7572087
  5217 | 9F0360  -6356128   -0.7577095
  5218 | 9EF2FB  -6360325   -0.7582098
  5219 | 9EE29A  -6364518   -0.7587097
  5220 | 9ED23C  -6368708   -0.7592092
  5221 | 9EC1E3  -6372893   -0.7597080
  5222 | 9EB18D  -6377075   -0.7602066
  5223 | 9EA13B  -6381253   -0.7607046
  5224 | 9E90EC  -6385428   -0.7612023
  5225 | 9E80A2  -6389598   -0.7616994
  5226 | 9E705B  -6393765   -0.7621962
  5227 | 9E6018  -6397928   -0.7626925
  5228 | 9E4FD8  -6402088   -0.7631884
  5229 | 9E3F9D  -6406243   -0.7636837
  5230 | 9E2F65  -6410395   -0.7641786
  5231 | 9E1F31  -6414543   -0.7646731
  5232 | 9E0F01  -6418687   -0.7651671
  5233 | 9DFED4  -6422828   -0.7656608
  5234 | 9DEEAB  -6426965   -0.7661539
  5235 | 9DDE86  -6431098   -0.7666466
  5236 | 9DCE65  -6435227   -0.7671388
  5237 | 9DBE48  -6439352   -0.7676306
  5238 | 9DAE2E  -6443474   -0.7681220
  5239 | 9D9E18  -6447592   -0.7686129
  5240 | 9D8E06  -6451706   -0.7691033
  5241 | 9D7DF8  -6455816   -0.7695932
  5242 | 9D6DEE  -6459922   -0.7700827
  5243 | 9D5DE7  -6464025   -0.7705718
  5244 | 9D4DE4  -6468124   -0.7710605
  5245 | 9D3DE5  -6472219   -0.7715486
  5246 | 9D2DEA  -6476310   -0.7720363
  5247 | 9D1DF3  -6480397   -0.7725235
  5248 | 9D0DFF  -6484481   -0.7730104
  5249 | 9CFE0F  -6488561   -0.7734967
  5250 | 9CEE23  -6492637   -0.7739826
  5251 | 9CDE3B  -6496709   -0.7744681
  5252 | 9CCE57  -6500777   -0.7749530
  5253 | 9CBE76  -6504842   -0.7754376
  5254 | 9CAE9A  -6508902   -0.7759216
  5255 | 9C9EC1  -6512959   -0.7764052
  5256 | 9C8EEC  -6517012   -0.7768884
  5257 | 9C7F1B  -6521061   -0.7773710
  5258 | 9C6F4D  -6525107   -0.7778534
  5259 | 9C5F84  -6529148   -0.7783351
  5260 | 9C4FBE  -6533186   -0.7788165
  5261 | 9C3FFD  -6537219   -0.7792972
  5262 | 9C303F  -6541249   -0.7797776
  5263 | 9C2084  -6545276   -0.7802577
  5264 | 9C10CE  -6549298   -0.7807372
  5265 | 9C011C  -6553316   -0.7812161
  5266 | 9BF16D  -6557331   -0.7816948
  5267 | 9BE1C3  -6561341   -0.7821728
  5268 | 9BD21C  -6565348   -0.7826505
  5269 | 9BC279  -6569351   -0.7831277
  5270 | 9BB2DA  -6573350   -0.7836044
  5271 | 9BA33E  -6577346   -0.7840807
  5272 | 9B93A7  -6581337   -0.7845565
  5273 | 9B8414  -6585324   -0.7850318
  5274 | 9B7484  -6589308   -0.7855067
  5275 | 9B64F8  -6593288   -0.7859812
  5276 | 9B5570  -6597264   -0.7864552
  5277 | 9B45EC  -6601236   -0.7869287
  5278 | 9B366C  -6605204   -0.7874017
  5279 | 9B26F0  -6609168   -0.7878742
  5280 | 9B1778  -6613128   -0.7883463
  5281 | 9B0803  -6617085   -0.7888180
  5282 | 9AF893  -6621037   -0.7892891
  5283 | 9AE926  -6624986   -0.7897599
  5284 | 9AD9BD  -6628931   -0.7902302
  5285 | 9ACA58  -6632872   -0.7907000
  5286 | 9ABAF7  -6636809   -0.7911693
  5287 | 9AAB9A  -6640742   -0.7916381
  5288 | 9A9C41  -6644671   -0.7921065
  5289 | 9A8CEC  -6648596   -0.7925744
  5290 | 9A7D9B  -6652517   -0.7930418
  5291 | 9A6E4D  -6656435   -0.7935089
  5292 | 9A5F04  -6660348   -0.7939754
  5293 | 9A4FBE  -6664258   -0.7944415
  5294 | 9A407D  -6668163   -0.7949070
  5295 | 9A313F  -6672065   -0.7953721
  5296 | 9A2205  -6675963   -0.7958368
  5297 | 9A12CF  -6679857   -0.7963010
  5298 | 9A039D  -6683747   -0.7967647
  5299 | 99F46F  -6687633   -0.7972280
  5300 | 99E545  -6691515   -0.7976907
  5301 | 99D61F  -6695393   -0.7981530
  5302 | 99C6FD  -6699267   -0.7986149
  5303 | 99B7DE  -6703138   -0.7990763
  5304 | 99A8C4  -6707004   -0.7995372
  5305 | 9999AE  -6710866   -0.7999976
  5306 | 998A9B  -6714725   -0.8004576
  5307 | 997B8D  -6718579   -0.8009170
  5308 | 996C82  -6722430   -0.8013761
  5309 | 995D7C  -6726276   -0.8018346
  5310 | 994E79  -6730119   -0.8022927
  5311 | 993F7A  -6733958   -0.8027503
  5312 | 993080  -6737792   -0.8032074
  5313 | 992189  -6741623   -0.8036641
  5314 | 991296  -6745450   -0.8041203
  5315 | 9903A7  -6749273   -0.8045760
  5316 | 98F4BD  -6753091   -0.8050312
  5317 | 98E5D6  -6756906   -0.8054860
  5318 | 98D6F3  -6760717   -0.8059403
  5319 | 98C814  -6764524   -0.8063941
  5320 | 98B939  -6768327   -0.8068475
  5321 | 98AA62  -6772126   -0.8073003
  5322 | 989B8F  -6775921   -0.8077527
  5323 | 988CC0  -6779712   -0.8082047
  5324 | 987DF5  -6783499   -0.8086561
  5325 | 986F2E  -6787282   -0.8091071
  5326 | 98606B  -6791061   -0.8095576
  5327 | 9851AC  -6794836   -0.8100076
  5328 | 9842F1  -6798607   -0.8104571
  5329 | 98343A  -6802374   -0.8109062
  5330 | 982587  -6806137   -0.8113548
  5331 | 9816D8  -6809896   -0.8118029
  5332 | 98082D  -6813651   -0.8122505
  5333 | 97F986  -6817402   -0.8126976
  5334 | 97EAE3  -6821149   -0.8131443
  5335 | 97DC44  -6824892   -0.8135905
  5336 | 97CDA9  -6828631   -0.8140363
  5337 | 97BF12  -6832366   -0.8144815
  5338 | 97B07F  -6836097   -0.8149263
  5339 | 97A1F0  -6839824   -0.8153706
  5340 | 979366  -6843546   -0.8158143
  5341 | 9784DF  -6847265   -0.8162576
  5342 | 97765C  -6850980   -0.8167005
  5343 | 9767DD  -6854691   -0.8171428
  5344 | 975962  -6858398   -0.8175848
  5345 | 974AEC  -6862100   -0.8180261
  5346 | 973C79  -6865799   -0.8184670
  5347 | 972E0A  -6869494   -0.8189075
  5348 | 971FA0  -6873184   -0.8193474
  5349 | 971139  -6876871   -0.8197869
  5350 | 9702D7  -6880553   -0.8202258
  5351 | 96F478  -6884232   -0.8206644
  5352 | 96E61E  -6887906   -0.8211024
  5353 | 96D7C7  -6891577   -0.8215400
  5354 | 96C975  -6895243   -0.8219770
  5355 | 96BB27  -6898905   -0.8224136
  5356 | 96ACDD  -6902563   -0.8228496
  5357 | 969E96  -6906218   -0.8232853
  5358 | 969054  -6909868   -0.8237205
  5359 | 968216  -6913514   -0.8241551
  5360 | 9673DC  -6917156   -0.8245893
  5361 | 9665A7  -6920793   -0.8250228
  5362 | 965775  -6924427   -0.8254560
  5363 | 964947  -6928057   -0.8258888
  5364 | 963B1D  -6931683   -0.8263210
  5365 | 962CF8  -6935304   -0.8267527
  5366 | 961ED6  -6938922   -0.8271840
  5367 | 9610B9  -6942535   -0.8276147
  5368 | 9602A0  -6946144   -0.8280449
  5369 | 95F48A  -6949750   -0.8284748
  5370 | 95E679  -6953351   -0.8289040
  5371 | 95D86C  -6956948   -0.8293328
  5372 | 95CA63  -6960541   -0.8297611
  5373 | 95BC5E  -6964130   -0.8301890
  5374 | 95AE5D  -6967715   -0.8306164
  5375 | 95A061  -6971295   -0.8310431
  5376 | 959268  -6974872   -0.8314695
  5377 | 958474  -6978444   -0.8318954
  5378 | 957683  -6982013   -0.8323208
  5379 | 956897  -6985577   -0.8327457
  5380 | 955AAF  -6989137   -0.8331701
  5381 | 954CCB  -6992693   -0.8335940
  5382 | 953EEB  -6996245   -0.8340174
  5383 | 95310F  -6999793   -0.8344404
  5384 | 952337  -7003337   -0.8348628
  5385 | 951564  -7006876   -0.8352847
  5386 | 950794  -7010412   -0.8357062
  5387 | 94F9C9  -7013943   -0.8361272
  5388 | 94EC02  -7017470   -0.8365476
  5389 | 94DE3F  -7020993   -0.8369676
  5390 | 94D080  -7024512   -0.8373871
  5391 | 94C2C5  -7028027   -0.8378061
  5392 | 94B50E  -7031538   -0.8382246
  5393 | 94A75C  -7035044   -0.8386426
  5394 | 9499AD  -7038547   -0.8390602
  5395 | 948C03  -7042045   -0.8394772
  5396 | 947E5D  -7045539   -0.8398937
  5397 | 9470BB  -7049029   -0.8403097
  5398 | 94631D  -7052515   -0.8407253
  5399 | 945584  -7055996   -0.8411403
  5400 | 9447EE  -7059474   -0.8415549
  5401 | 943A5D  -7062947   -0.8419689
  5402 | 942CCF  -7066417   -0.8423826
  5403 | 941F46  -7069882   -0.8427956
  5404 | 9411C1  -7073343   -0.8432082
  5405 | 940441  -7076799   -0.8436202
  5406 | 93F6C4  -7080252   -0.8440318
  5407 | 93E94C  -7083700   -0.8444428
  5408 | 93DBD7  -7087145   -0.8448535
  5409 | 93CE67  -7090585   -0.8452636
  5410 | 93C0FB  -7094021   -0.8456732
  5411 | 93B394  -7097452   -0.8460822
  5412 | 93A630  -7100880   -0.8464909
  5413 | 9398D1  -7104303   -0.8468989
  5414 | 938B76  -7107722   -0.8473065
  5415 | 937E1F  -7111137   -0.8477136
  5416 | 9370CC  -7114548   -0.8481202
  5417 | 93637D  -7117955   -0.8485264
  5418 | 935633  -7121357   -0.8489319
  5419 | 9348EC  -7124756   -0.8493371
  5420 | 933BAA  -7128150   -0.8497417
  5421 | 932E6C  -7131540   -0.8501458
  5422 | 932133  -7134925   -0.8505493
  5423 | 9313FD  -7138307   -0.8509525
  5424 | 9306CC  -7141684   -0.8513551
  5425 | 92F99F  -7145057   -0.8517572
  5426 | 92EC76  -7148426   -0.8521588
  5427 | 92DF51  -7151791   -0.8525599
  5428 | 92D231  -7155151   -0.8529605
  5429 | 92C514  -7158508   -0.8533607
  5430 | 92B7FC  -7161860   -0.8537602
  5431 | 92AAE9  -7165207   -0.8541592
  5432 | 929DD9  -7168551   -0.8545579
  5433 | 9290CD  -7171891   -0.8549560
  5434 | 9283C6  -7175226   -0.8553536
  5435 | 9276C3  -7178557   -0.8557507
  5436 | 9269C5  -7181883   -0.8561472
  5437 | 925CCA  -7185206   -0.8565433
  5438 | 924FD4  -7188524   -0.8569388
  5439 | 9242E2  -7191838   -0.8573339
  5440 | 9235F4  -7195148   -0.8577285
  5441 | 92290A  -7198454   -0.8581226
  5442 | 921C25  -7201755   -0.8585161
  5443 | 920F44  -7205052   -0.8589091
  5444 | 920267  -7208345   -0.8593017
  5445 | 91F58E  -7211634   -0.8596938
  5446 | 91E8BA  -7214918   -0.8600852
  5447 | 91DBE9  -7218199   -0.8604764
  5448 | 91CF1E  -7221474   -0.8608668
  5449 | 91C256  -7224746   -0.8612568
  5450 | 91B592  -7228014   -0.8616464
  5451 | 91A8D3  -7231277   -0.8620354
  5452 | 919C18  -7234536   -0.8624239
  5453 | 918F62  -7237790   -0.8628118
  5454 | 9182AF  -7241041   -0.8631994
  5455 | 917601  -7244287   -0.8635863
  5456 | 916957  -7247529   -0.8639728
  5457 | 915CB2  -7250766   -0.8643587
  5458 | 915010  -7254000   -0.8647442
  5459 | 914373  -7257229   -0.8651291
  5460 | 9136DA  -7260454   -0.8655136
  5461 | 912A46  -7263674   -0.8658974
  5462 | 911DB6  -7266890   -0.8662808
  5463 | 91112A  -7270102   -0.8666637
  5464 | 9104A2  -7273310   -0.8670461
  5465 | 90F81E  -7276514   -0.8674281
  5466 | 90EB9F  -7279713   -0.8678094
  5467 | 90DF24  -7282908   -0.8681903
  5468 | 90D2AE  -7286098   -0.8685706
  5469 | 90C63B  -7289285   -0.8689505
  5470 | 90B9CD  -7292467   -0.8693298
  5471 | 90AD64  -7295644   -0.8697085
  5472 | 90A0FE  -7298818   -0.8700869
  5473 | 90949D  -7301987   -0.8704647
  5474 | 908840  -7305152   -0.8708420
  5475 | 907BE8  -7308312   -0.8712187
  5476 | 906F93  -7311469   -0.8715950
  5477 | 906343  -7314621   -0.8719708
  5478 | 9056F8  -7317768   -0.8723459
  5479 | 904AB0  -7320912   -0.8727207
  5480 | 903E6D  -7324051   -0.8730949
  5481 | 90322F  -7327185   -0.8734685
  5482 | 9025F4  -7330316   -0.8738418
  5483 | 9019BE  -7333442   -0.8742144
  5484 | 900D8C  -7336564   -0.8745866
  5485 | 90015F  -7339681   -0.8749582
  5486 | 8FF536  -7342794   -0.8753293
  5487 | 8FE911  -7345903   -0.8756999
  5488 | 8FDCF0  -7349008   -0.8760700
  5489 | 8FD0D4  -7352108   -0.8764396
  5490 | 8FC4BC  -7355204   -0.8768086
  5491 | 8FB8A9  -7358295   -0.8771771
  5492 | 8FAC99  -7361383   -0.8775452
  5493 | 8FA08F  -7364465   -0.8779126
  5494 | 8F9488  -7367544   -0.8782797
  5495 | 8F8886  -7370618   -0.8786461
  5496 | 8F7C88  -7373688   -0.8790121
  5497 | 8F708E  -7376754   -0.8793776
  5498 | 8F6499  -7379815   -0.8797425
  5499 | 8F58A8  -7382872   -0.8801069
  5500 | 8F4CBC  -7385924   -0.8804708
  5501 | 8F40D4  -7388972   -0.8808341
  5502 | 8F34F0  -7392016   -0.8811970
  5503 | 8F2910  -7395056   -0.8815594
  5504 | 8F1D35  -7398091   -0.8819212
  5505 | 8F115E  -7401122   -0.8822825
  5506 | 8F058C  -7404148   -0.8826432
  5507 | 8EF9BE  -7407170   -0.8830035
  5508 | 8EEDF4  -7410188   -0.8833632
  5509 | 8EE22F  -7413201   -0.8837224
  5510 | 8ED66E  -7416210   -0.8840811
  5511 | 8ECAB1  -7419215   -0.8844393
  5512 | 8EBEF9  -7422215   -0.8847970
  5513 | 8EB345  -7425211   -0.8851541
  5514 | 8EA795  -7428203   -0.8855108
  5515 | 8E9BEA  -7431190   -0.8858669
  5516 | 8E9043  -7434173   -0.8862225
  5517 | 8E84A1  -7437151   -0.8865775
  5518 | 8E7903  -7440125   -0.8869320
  5519 | 8E6D69  -7443095   -0.8872861
  5520 | 8E61D4  -7446060   -0.8876395
  5521 | 8E5643  -7449021   -0.8879925
  5522 | 8E4AB7  -7451977   -0.8883449
  5523 | 8E3F2E  -7454930   -0.8886969
  5524 | 8E33AB  -7457877   -0.8890482
  5525 | 8E282B  -7460821   -0.8893992
  5526 | 8E1CB0  -7463760   -0.8897495
  5527 | 8E113A  -7466694   -0.8900993
  5528 | 8E05C8  -7469624   -0.8904486
  5529 | 8DFA5A  -7472550   -0.8907974
  5530 | 8DEEF0  -7475472   -0.8911457
  5531 | 8DE38B  -7478389   -0.8914934
  5532 | 8DD82B  -7481301   -0.8918406
  5533 | 8DCCCF  -7484209   -0.8921872
  5534 | 8DC177  -7487113   -0.8925334
  5535 | 8DB623  -7490013   -0.8928791
  5536 | 8DAAD4  -7492908   -0.8932242
  5537 | 8D9F8A  -7495798   -0.8935688
  5538 | 8D9444  -7498684   -0.8939128
  5539 | 8D8902  -7501566   -0.8942564
  5540 | 8D7DC4  -7504444   -0.8945994
  5541 | 8D728C  -7507316   -0.8949418
  5542 | 8D6757  -7510185   -0.8952838
  5543 | 8D5C27  -7513049   -0.8956252
  5544 | 8D50FB  -7515909   -0.8959662
  5545 | 8D45D4  -7518764   -0.8963065
  5546 | 8D3AB1  -7521615   -0.8966464
  5547 | 8D2F93  -7524461   -0.8969857
  5548 | 8D2479  -7527303   -0.8973244
  5549 | 8D1963  -7530141   -0.8976628
  5550 | 8D0E52  -7532974   -0.8980005
  5551 | 8D0345  -7535803   -0.8983377
  5552 | 8CF83D  -7538627   -0.8986744
  5553 | 8CED39  -7541447   -0.8990105
  5554 | 8CE23A  -7544262   -0.8993461
  5555 | 8CD73F  -7547073   -0.8996812
  5556 | 8CCC48  -7549880   -0.9000158
  5557 | 8CC156  -7552682   -0.9003499
  5558 | 8CB669  -7555479   -0.9006833
  5559 | 8CAB7F  -7558273   -0.9010164
  5560 | 8CA09B  -7561061   -0.9013487
  5561 | 8C95BA  -7563846   -0.9016807
  5562 | 8C8ADF  -7566625   -0.9020120
  5563 | 8C8007  -7569401   -0.9023429
  5564 | 8C7534  -7572172   -0.9026732
  5565 | 8C6A66  -7574938   -0.9030030
  5566 | 8C5F9C  -7577700   -0.9033322
  5567 | 8C54D6  -7580458   -0.9036610
  5568 | 8C4A15  -7583211   -0.9039892
  5569 | 8C3F58  -7585960   -0.9043169
  5570 | 8C34A0  -7588704   -0.9046440
  5571 | 8C29ED  -7591443   -0.9049705
  5572 | 8C1F3D  -7594179   -0.9052967
  5573 | 8C1492  -7596910   -0.9056222
  5574 | 8C09EC  -7599636   -0.9059472
  5575 | 8BFF4A  -7602358   -0.9062717
  5576 | 8BF4AD  -7605075   -0.9065956
  5577 | 8BEA14  -7607788   -0.9069190
  5578 | 8BDF80  -7610496   -0.9072418
  5579 | 8BD4F0  -7613200   -0.9075642
  5580 | 8BCA64  -7615900   -0.9078860
  5581 | 8BBFDD  -7618595   -0.9082073
  5582 | 8BB55B  -7621285   -0.9085280
  5583 | 8BAADD  -7623971   -0.9088482
  5584 | 8BA063  -7626653   -0.9091679
  5585 | 8B95EE  -7629330   -0.9094870
  5586 | 8B8B7D  -7632003   -0.9098057
  5587 | 8B8111  -7634671   -0.9101237
  5588 | 8B76AA  -7637334   -0.9104412
  5589 | 8B6C47  -7639993   -0.9107581
  5590 | 8B61E8  -7642648   -0.9110746
  5591 | 8B578E  -7645298   -0.9113905
  5592 | 8B4D38  -7647944   -0.9117060
  5593 | 8B42E7  -7650585   -0.9120208
  5594 | 8B389B  -7653221   -0.9123350
  5595 | 8B2E53  -7655853   -0.9126488
  5596 | 8B240F  -7658481   -0.9129621
  5597 | 8B19D0  -7661104   -0.9132748
  5598 | 8B0F95  -7663723   -0.9135870
  5599 | 8B055F  -7666337   -0.9138986
  5600 | 8AFB2E  -7668946   -0.9142096
  5601 | 8AF101  -7671551   -0.9145201
  5602 | 8AE6D8  -7674152   -0.9148302
  5603 | 8ADCB4  -7676748   -0.9151397
  5604 | 8AD294  -7679340   -0.9154487
  5605 | 8AC879  -7681927   -0.9157571
  5606 | 8ABE63  -7684509   -0.9160649
  5607 | 8AB451  -7687087   -0.9163722
  5608 | 8AAA44  -7689660   -0.9166789
  5609 | 8AA03B  -7692229   -0.9169852
  5610 | 8A9636  -7694794   -0.9172909
  5611 | 8A8C36  -7697354   -0.9175961
  5612 | 8A823B  -7699909   -0.9179007
  5613 | 8A7844  -7702460   -0.9182048
  5614 | 8A6E52  -7705006   -0.9185083
  5615 | 8A6464  -7707548   -0.9188113
  5616 | 8A5A7B  -7710085   -0.9191138
  5617 | 8A5096  -7712618   -0.9194157
  5618 | 8A46B6  -7715146   -0.9197171
  5619 | 8A3CDB  -7717669   -0.9200178
  5620 | 8A3304  -7720188   -0.9203181
  5621 | 8A2931  -7722703   -0.9206179
  5622 | 8A1F63  -7725213   -0.9209172
  5623 | 8A159A  -7727718   -0.9212158
  5624 | 8A0BD5  -7730219   -0.9215139
  5625 | 8A0215  -7732715   -0.9218115
  5626 | 89F859  -7735207   -0.9221085
  5627 | 89EEA2  -7737694   -0.9224050
  5628 | 89E4EF  -7740177   -0.9227010
  5629 | 89DB41  -7742655   -0.9229964
  5630 | 89D197  -7745129   -0.9232913
  5631 | 89C7F2  -7747598   -0.9235857
  5632 | 89BE52  -7750062   -0.9238794
  5633 | 89B4B6  -7752522   -0.9241726
  5634 | 89AB1E  -7754978   -0.9244654
  5635 | 89A18C  -7757428   -0.9247575
  5636 | 8997FD  -7759875   -0.9250492
  5637 | 898E74  -7762316   -0.9253402
  5638 | 8984EF  -7764753   -0.9256307
  5639 | 897B6E  -7767186   -0.9259207
  5640 | 8971F2  -7769614   -0.9262102
  5641 | 89687B  -7772037   -0.9264990
  5642 | 895F08  -7774456   -0.9267874
  5643 | 89559A  -7776870   -0.9270751
  5644 | 894C30  -7779280   -0.9273624
  5645 | 8942CB  -7781685   -0.9276491
  5646 | 89396B  -7784085   -0.9279352
  5647 | 89300F  -7786481   -0.9282209
  5648 | 8926B7  -7788873   -0.9285060
  5649 | 891D65  -7791259   -0.9287905
  5650 | 891416  -7793642   -0.9290745
  5651 | 890ACD  -7796019   -0.9293579
  5652 | 890188  -7798392   -0.9296408
  5653 | 88F847  -7800761   -0.9299232
  5654 | 88EF0C  -7803124   -0.9302049
  5655 | 88E5D4  -7805484   -0.9304862
  5656 | 88DCA2  -7807838   -0.9307668
  5657 | 88D374  -7810188   -0.9310470
  5658 | 88CA4A  -7812534   -0.9313266
  5659 | 88C125  -7814875   -0.9316057
  5660 | 88B805  -7817211   -0.9318842
  5661 | 88AEE9  -7819543   -0.9321622
  5662 | 88A5D2  -7821870   -0.9324396
  5663 | 889CC0  -7824192   -0.9327164
  5664 | 8893B2  -7826510   -0.9329927
  5665 | 888AA9  -7828823   -0.9332684
  5666 | 8881A4  -7831132   -0.9335437
  5667 | 8878A4  -7833436   -0.9338183
  5668 | 886FA9  -7835735   -0.9340924
  5669 | 8866B2  -7838030   -0.9343660
  5670 | 885DC0  -7840320   -0.9346390
  5671 | 8854D2  -7842606   -0.9349115
  5672 | 884BE9  -7844887   -0.9351834
  5673 | 884305  -7847163   -0.9354547
  5674 | 883A25  -7849435   -0.9357256
  5675 | 88314A  -7851702   -0.9359958
  5676 | 882873  -7853965   -0.9362656
  5677 | 881FA1  -7856223   -0.9365348
  5678 | 8816D4  -7858476   -0.9368033
  5679 | 880E0B  -7860725   -0.9370714
  5680 | 880547  -7862969   -0.9373389
  5681 | 87FC88  -7865208   -0.9376059
  5682 | 87F3CD  -7867443   -0.9378723
  5683 | 87EB17  -7869673   -0.9381381
  5684 | 87E266  -7871898   -0.9384034
  5685 | 87D9B9  -7874119   -0.9386681
  5686 | 87D110  -7876336   -0.9389324
  5687 | 87C86D  -7878547   -0.9391960
  5688 | 87BFCE  -7880754   -0.9394591
  5689 | 87B733  -7882957   -0.9397217
  5690 | 87AE9E  -7885154   -0.9399836
  5691 | 87A60D  -7887347   -0.9402450
  5692 | 879D80  -7889536   -0.9405060
  5693 | 8794F8  -7891720   -0.9407663
  5694 | 878C75  -7893899   -0.9410261
  5695 | 8783F7  -7896073   -0.9412853
  5696 | 877B7D  -7898243   -0.9415439
  5697 | 877308  -7900408   -0.9418020
  5698 | 876A97  -7902569   -0.9420596
  5699 | 87622B  -7904725   -0.9423167
  5700 | 8759C4  -7906876   -0.9425731
  5701 | 875161  -7909023   -0.9428290
  5702 | 874903  -7911165   -0.9430844
  5703 | 8740AA  -7913302   -0.9433391
  5704 | 873855  -7915435   -0.9435934
  5705 | 873005  -7917563   -0.9438471
  5706 | 8727BA  -7919686   -0.9441001
  5707 | 871F73  -7921805   -0.9443527
  5708 | 871731  -7923919   -0.9446048
  5709 | 870EF4  -7926028   -0.9448562
  5710 | 8706BB  -7928133   -0.9451071
  5711 | 86FE87  -7930233   -0.9453574
  5712 | 86F658  -7932328   -0.9456072
  5713 | 86EE2D  -7934419   -0.9458565
  5714 | 86E607  -7936505   -0.9461051
  5715 | 86DDE6  -7938586   -0.9463532
  5716 | 86D5C9  -7940663   -0.9466008
  5717 | 86CDB1  -7942735   -0.9468478
  5718 | 86C59E  -7944802   -0.9470942
  5719 | 86BD8F  -7946865   -0.9473401
  5720 | 86B585  -7948923   -0.9475855
  5721 | 86AD80  -7950976   -0.9478302
  5722 | 86A57F  -7953025   -0.9480745
  5723 | 869D83  -7955069   -0.9483181
  5724 | 86958C  -7957108   -0.9485612
  5725 | 868D99  -7959143   -0.9488038
  5726 | 8685AB  -7961173   -0.9490458
  5727 | 867DC2  -7963198   -0.9492872
  5728 | 8675DD  -7965219   -0.9495281
  5729 | 866DFD  -7967235   -0.9497684
  5730 | 866622  -7969246   -0.9500082
  5731 | 865E4C  -7971252   -0.9502473
  5732 | 86567A  -7973254   -0.9504859
  5733 | 864EAD  -7975251   -0.9507240
  5734 | 8646E4  -7977244   -0.9509616
  5735 | 863F21  -7979231   -0.9511985
  5736 | 863762  -7981214   -0.9514349
  5737 | 862FA7  -7983193   -0.9516708
  5738 | 8627F2  -7985166   -0.9519060
  5739 | 862041  -7987135   -0.9521407
  5740 | 861894  -7989100   -0.9523749
  5741 | 8610ED  -7991059   -0.9526085
  5742 | 86094A  -7993014   -0.9528415
  5743 | 8601AC  -7994964   -0.9530740
  5744 | 85FA12  -7996910   -0.9533060
  5745 | 85F27E  -7998850   -0.9535372
  5746 | 85EAED  -8000787   -0.9537681
  5747 | 85E362  -8002718   -0.9539983
  5748 | 85DBDC  -8004644   -0.9542279
  5749 | 85D45A  -8006566   -0.9544570
  5750 | 85CCDC  -8008484   -0.9546857
  5751 | 85C564  -8010396   -0.9549136
  5752 | 85BDF0  -8012304   -0.9551411
  5753 | 85B681  -8014207   -0.9553679
  5754 | 85AF17  -8016105   -0.9555942
  5755 | 85A7B1  -8017999   -0.9558200
  5756 | 85A050  -8019888   -0.9560452
  5757 | 8598F4  -8021772   -0.9562697
  5758 | 85919C  -8023652   -0.9564939
  5759 | 858A4A  -8025526   -0.9567173
  5760 | 8582FC  -8027396   -0.9569402
  5761 | 857BB2  -8029262   -0.9571626
  5762 | 85746E  -8031122   -0.9573843
  5763 | 856D2E  -8032978   -0.9576056
  5764 | 8565F3  -8034829   -0.9578263
  5765 | 855EBC  -8036676   -0.9580464
  5766 | 85578B  -8038517   -0.9582659
  5767 | 85505E  -8040354   -0.9584849
  5768 | 854935  -8042187   -0.9587034
  5769 | 854212  -8044014   -0.9589212
  5770 | 853AF3  -8045837   -0.9591385
  5771 | 8533D9  -8047655   -0.9593552
  5772 | 852CC4  -8049468   -0.9595714
  5773 | 8525B3  -8051277   -0.9597870
  5774 | 851EA7  -8053081   -0.9600021
  5775 | 8517A0  -8054880   -0.9602165
  5776 | 85109E  -8056674   -0.9604304
  5777 | 8509A0  -8058464   -0.9606438
  5778 | 8502A7  -8060249   -0.9608566
  5779 | 84FBB3  -8062029   -0.9610687
  5780 | 84F4C4  -8063804   -0.9612803
  5781 | 84EDD9  -8065575   -0.9614915
  5782 | 84E6F3  -8067341   -0.9617020
  5783 | 84E012  -8069102   -0.9619119
  5784 | 84D936  -8070858   -0.9621212
  5785 | 84D25E  -8072610   -0.9623301
  5786 | 84CB8B  -8074357   -0.9625384
  5787 | 84C4BD  -8076099   -0.9627460
  5788 | 84BDF3  -8077837   -0.9629532
  5789 | 84B72F  -8079569   -0.9631597
  5790 | 84B06F  -8081297   -0.9633657
  5791 | 84A9B4  -8083020   -0.9635711
  5792 | 84A2FD  -8084739   -0.9637760
  5793 | 849C4C  -8086452   -0.9639802
  5794 | 84959F  -8088161   -0.9641839
  5795 | 848EF7  -8089865   -0.9643871
  5796 | 848853  -8091565   -0.9645897
  5797 | 8481B5  -8093259   -0.9647917
  5798 | 847B1B  -8094949   -0.9649931
  5799 | 847486  -8096634   -0.9651940
  5800 | 846DF5  -8098315   -0.9653944
  5801 | 84676A  -8099990   -0.9655941
  5802 | 8460E3  -8101661   -0.9657933
  5803 | 845A61  -8103327   -0.9659919
  5804 | 8453E4  -8104988   -0.9661899
  5805 | 844D6B  -8106645   -0.9663874
  5806 | 8446F8  -8108296   -0.9665842
  5807 | 844089  -8109943   -0.9667805
  5808 | 843A1E  -8111586   -0.9669764
  5809 | 8433B9  -8113223   -0.9671715
  5810 | 842D58  -8114856   -0.9673662
  5811 | 8426FC  -8116484   -0.9675603
  5812 | 8420A5  -8118107   -0.9677538
  5813 | 841A53  -8119725   -0.9679466
  5814 | 841406  -8121338   -0.9681389
  5815 | 840DBD  -8122947   -0.9683307
  5816 | 840779  -8124551   -0.9685220
  5817 | 84013A  -8126150   -0.9687126
  5818 | 83FAFF  -8127745   -0.9689027
  5819 | 83F4CA  -8129334   -0.9690921
  5820 | 83EE99  -8130919   -0.9692811
  5821 | 83E86D  -8132499   -0.9694694
  5822 | 83E245  -8134075   -0.9696573
  5823 | 83DC23  -8135645   -0.9698445
  5824 | 83D605  -8137211   -0.9700311
  5825 | 83CFEC  -8138772   -0.9702172
  5826 | 83C9D8  -8140328   -0.9704027
  5827 | 83C3C9  -8141879   -0.9705876
  5828 | 83BDBE  -8143426   -0.9707720
  5829 | 83B7B8  -8144968   -0.9709558
  5830 | 83B1B7  -8146505   -0.9711391
  5831 | 83ABBB  -8148037   -0.9713217
  5832 | 83A5C4  -8149564   -0.9715037
  5833 | 839FD1  -8151087   -0.9716853
  5834 | 8399E3  -8152605   -0.9718663
  5835 | 8393FA  -8154118   -0.9720466
  5836 | 838E16  -8155626   -0.9722264
  5837 | 838837  -8157129   -0.9724056
  5838 | 83825C  -8158628   -0.9725842
  5839 | 837C86  -8160122   -0.9727623
  5840 | 8376B5  -8161611   -0.9729398
  5841 | 8370E9  -8163095   -0.9731168
  5842 | 836B21  -8164575   -0.9732932
  5843 | 83655F  -8166049   -0.9734689
  5844 | 835FA1  -8167519   -0.9736441
  5845 | 8359E8  -8168984   -0.9738188
  5846 | 835434  -8170444   -0.9739928
  5847 | 834E84  -8171900   -0.9741664
  5848 | 8348DA  -8173350   -0.9743392
  5849 | 834334  -8174796   -0.9745116
  5850 | 833D93  -8176237   -0.9746834
  5851 | 8337F7  -8177673   -0.9748546
  5852 | 833260  -8179104   -0.9750252
  5853 | 832CCD  -8180531   -0.9751953
  5854 | 83273F  -8181953   -0.9753648
  5855 | 8321B6  -8183370   -0.9755337
  5856 | 831C32  -8184782   -0.9757020
  5857 | 8316B3  -8186189   -0.9758698
  5858 | 831139  -8187591   -0.9760369
  5859 | 830BC3  -8188989   -0.9762036
  5860 | 830652  -8190382   -0.9763696
  5861 | 8300E6  -8191770   -0.9765351
  5862 | 82FB7F  -8193153   -0.9766999
  5863 | 82F61C  -8194532   -0.9768643
  5864 | 82F0BF  -8195905   -0.9770280
  5865 | 82EB66  -8197274   -0.9771912
  5866 | 82E612  -8198638   -0.9773538
  5867 | 82E0C3  -8199997   -0.9775158
  5868 | 82DB79  -8201351   -0.9776772
  5869 | 82D633  -8202701   -0.9778382
  5870 | 82D0F3  -8204045   -0.9779984
  5871 | 82CBB7  -8205385   -0.9781581
  5872 | 82C680  -8206720   -0.9783173
  5873 | 82C14E  -8208050   -0.9784758
  5874 | 82BC21  -8209375   -0.9786338
  5875 | 82B6F8  -8210696   -0.9787912
  5876 | 82B1D4  -8212012   -0.9789481
  5877 | 82ACB6  -8213322   -0.9791043
  5878 | 82A79C  -8214628   -0.9792600
  5879 | 82A287  -8215929   -0.9794151
  5880 | 829D76  -8217226   -0.9795697
  5881 | 82986B  -8218517   -0.9797236
  5882 | 829364  -8219804   -0.9798770
  5883 | 828E62  -8221086   -0.9800298
  5884 | 828965  -8222363   -0.9801821
  5885 | 82846D  -8223635   -0.9803337
  5886 | 827F7A  -8224902   -0.9804847
  5887 | 827A8B  -8226165   -0.9806353
  5888 | 8275A2  -8227422   -0.9807851
  5889 | 8270BD  -8228675   -0.9809345
  5890 | 826BDD  -8229923   -0.9810833
  5891 | 826702  -8231166   -0.9812315
  5892 | 82622C  -8232404   -0.9813790
  5893 | 825D5A  -8233638   -0.9815261
  5894 | 82588E  -8234866   -0.9816725
  5895 | 8253C6  -8236090   -0.9818184
  5896 | 824F03  -8237309   -0.9819638
  5897 | 824A45  -8238523   -0.9821085
  5898 | 82458C  -8239732   -0.9822526
  5899 | 8240D7  -8240937   -0.9823962
  5900 | 823C28  -8242136   -0.9825392
  5901 | 82377D  -8243331   -0.9826816
  5902 | 8232D7  -8244521   -0.9828235
  5903 | 822E37  -8245705   -0.9829646
  5904 | 82299A  -8246886   -0.9831054
  5905 | 822503  -8248061   -0.9832455
  5906 | 822071  -8249231   -0.9833850
  5907 | 821BE3  -8250397   -0.9835240
  5908 | 82175B  -8251557   -0.9836622
  5909 | 8212D7  -8252713   -0.9838001
  5910 | 820E58  -8253864   -0.9839373
  5911 | 8209DE  -8255010   -0.9840739
  5912 | 820568  -8256152   -0.9842100
  5913 | 8200F8  -8257288   -0.9843454
  5914 | 81FC8C  -8258420   -0.9844804
  5915 | 81F826  -8259546   -0.9846146
  5916 | 81F3C4  -8260668   -0.9847484
  5917 | 81EF67  -8261785   -0.9848815
  5918 | 81EB0F  -8262897   -0.9850141
  5919 | 81E6BB  -8264005   -0.9851462
  5920 | 81E26D  -8265107   -0.9852775
  5921 | 81DE24  -8266204   -0.9854083
  5922 | 81D9DF  -8267297   -0.9855386
  5923 | 81D59F  -8268385   -0.9856683
  5924 | 81D164  -8269468   -0.9857974
  5925 | 81CD2E  -8270546   -0.9859259
  5926 | 81C8FD  -8271619   -0.9860538
  5927 | 81C4D0  -8272688   -0.9861813
  5928 | 81C0A9  -8273751   -0.9863080
  5929 | 81BC86  -8274810   -0.9864342
  5930 | 81B869  -8275863   -0.9865597
  5931 | 81B450  -8276912   -0.9866848
  5932 | 81B03C  -8277956   -0.9868093
  5933 | 81AC2D  -8278995   -0.9869331
  5934 | 81A822  -8280030   -0.9870565
  5935 | 81A41D  -8281059   -0.9871792
  5936 | 81A01C  -8282084   -0.9873013
  5937 | 819C21  -8283103   -0.9874228
  5938 | 81982A  -8284118   -0.9875438
  5939 | 819438  -8285128   -0.9876642
  5940 | 81904B  -8286133   -0.9877840
  5941 | 818C63  -8287133   -0.9879032
  5942 | 818880  -8288128   -0.9880219
  5943 | 8184A1  -8289119   -0.9881400
  5944 | 8180C8  -8290104   -0.9882574
  5945 | 817CF3  -8291085   -0.9883744
  5946 | 817923  -8292061   -0.9884907
  5947 | 817558  -8293032   -0.9886065
  5948 | 817192  -8293998   -0.9887216
  5949 | 816DD1  -8294959   -0.9888362
  5950 | 816A15  -8295915   -0.9889501
  5951 | 81665E  -8296866   -0.9890635
  5952 | 8162AB  -8297813   -0.9891764
  5953 | 815EFD  -8298755   -0.9892887
  5954 | 815B55  -8299691   -0.9894003
  5955 | 8157B1  -8300623   -0.9895114
  5956 | 815412  -8301550   -0.9896219
  5957 | 815078  -8302472   -0.9897318
  5958 | 814CE3  -8303389   -0.9898411
  5959 | 814952  -8304302   -0.9899499
  5960 | 8145C7  -8305209   -0.9900581
  5961 | 814240  -8306112   -0.9901657
  5962 | 813EBF  -8307009   -0.9902726
  5963 | 813B42  -8307902   -0.9903791
  5964 | 8137CA  -8308790   -0.9904850
  5965 | 813457  -8309673   -0.9905902
  5966 | 8130E9  -8310551   -0.9906949
  5967 | 812D80  -8311424   -0.9907990
  5968 | 812A1B  -8312293   -0.9909025
  5969 | 8126BC  -8313156   -0.9910054
  5970 | 812361  -8314015   -0.9911078
  5971 | 81200C  -8314868   -0.9912095
  5972 | 811CBB  -8315717   -0.9913107
  5973 | 81196F  -8316561   -0.9914113
  5974 | 811628  -8317400   -0.9915113
  5975 | 8112E6  -8318234   -0.9916108
  5976 | 810FA9  -8319063   -0.9917096
  5977 | 810C70  -8319888   -0.9918079
  5978 | 81093D  -8320707   -0.9919056
  5979 | 81060E  -8321522   -0.9920027
  5980 | 8102E5  -8322331   -0.9920992
  5981 | 80FFC0  -8323136   -0.9921951
  5982 | 80FCA0  -8323936   -0.9922905
  5983 | 80F985  -8324731   -0.9923853
  5984 | 80F66F  -8325521   -0.9924794
  5985 | 80F35E  -8326306   -0.9925730
  5986 | 80F052  -8327086   -0.9926660
  5987 | 80ED4B  -8327861   -0.9927584
  5988 | 80EA48  -8328632   -0.9928503
  5989 | 80E74B  -8329397   -0.9929415
  5990 | 80E452  -8330158   -0.9930322
  5991 | 80E15E  -8330914   -0.9931223
  5992 | 80DE6F  -8331665   -0.9932119
  5993 | 80DB85  -8332411   -0.9933008
  5994 | 80D8A0  -8333152   -0.9933891
  5995 | 80D5C0  -8333888   -0.9934769
  5996 | 80D2E5  -8334619   -0.9935640
  5997 | 80D00F  -8335345   -0.9936506
  5998 | 80CD3D  -8336067   -0.9937366
  5999 | 80CA71  -8336783   -0.9938220
  6000 | 80C7A9  -8337495   -0.9939069
  6001 | 80C4E6  -8338202   -0.9939911
  6002 | 80C229  -8338903   -0.9940747
  6003 | 80BF70  -8339600   -0.9941578
  6004 | 80BCBC  -8340292   -0.9942403
  6005 | 80BA0D  -8340979   -0.9943222
  6006 | 80B762  -8341662   -0.9944036
  6007 | 80B4BD  -8342339   -0.9944843
  6008 | 80B21D  -8343011   -0.9945644
  6009 | 80AF81  -8343679   -0.9946440
  6010 | 80ACEB  -8344341   -0.9947230
  6011 | 80AA59  -8344999   -0.9948014
  6012 | 80A7CC  -8345652   -0.9948792
  6013 | 80A544  -8346300   -0.9949565
  6014 | 80A2C2  -8346942   -0.9950330
  6015 | 80A044  -8347580   -0.9951091
  6016 | 809DCA  -8348214   -0.9951847
  6017 | 809B56  -8348842   -0.9952595
  6018 | 8098E7  -8349465   -0.9953338
  6019 | 80967D  -8350083   -0.9954075
  6020 | 809417  -8350697   -0.9954807
  6021 | 8091B7  -8351305   -0.9955531
  6022 | 808F5B  -8351909   -0.9956251
  6023 | 808D04  -8352508   -0.9956965
  6024 | 808AB2  -8353102   -0.9957674
  6025 | 808866  -8353690   -0.9958375
  6026 | 80861E  -8354274   -0.9959071
  6027 | 8083DB  -8354853   -0.9959761
  6028 | 80819C  -8355428   -0.9960446
  6029 | 807F63  -8355997   -0.9961125
  6030 | 807D2F  -8356561   -0.9961797
  6031 | 807B00  -8357120   -0.9962463
  6032 | 8078D5  -8357675   -0.9963125
  6033 | 8076AF  -8358225   -0.9963781
  6034 | 80748F  -8358769   -0.9964429
  6035 | 807273  -8359309   -0.9965073
  6036 | 80705C  -8359844   -0.9965711
  6037 | 806E4A  -8360374   -0.9966342
  6038 | 806C3D  -8360899   -0.9966968
  6039 | 806A35  -8361419   -0.9967588
  6040 | 806832  -8361934   -0.9968202
  6041 | 806634  -8362444   -0.9968810
  6042 | 80643B  -8362949   -0.9969412
  6043 | 806246  -8363450   -0.9970009
  6044 | 806057  -8363945   -0.9970599
  6045 | 805E6C  -8364436   -0.9971185
  6046 | 805C87  -8364921   -0.9971763
  6047 | 805AA6  -8365402   -0.9972336
  6048 | 8058CA  -8365878   -0.9972904
  6049 | 8056F3  -8366349   -0.9973465
  6050 | 805522  -8366814   -0.9974020
  6051 | 805355  -8367275   -0.9974569
  6052 | 80518C  -8367732   -0.9975114
  6053 | 804FC9  -8368183   -0.9975652
  6054 | 804E0B  -8368629   -0.9976183
  6055 | 804C52  -8369070   -0.9976709
  6056 | 804A9D  -8369507   -0.9977230
  6057 | 8048EE  -8369938   -0.9977744
  6058 | 804743  -8370365   -0.9978253
  6059 | 80459E  -8370786   -0.9978755
  6060 | 8043FD  -8371203   -0.9979252
  6061 | 804261  -8371615   -0.9979743
  6062 | 8040CA  -8372022   -0.9980228
  6063 | 803F38  -8372424   -0.9980707
  6064 | 803DAB  -8372821   -0.9981180
  6065 | 803C23  -8373213   -0.9981648
  6066 | 803AA0  -8373600   -0.9982109
  6067 | 803922  -8373982   -0.9982564
  6068 | 8037A9  -8374359   -0.9983014
  6069 | 803634  -8374732   -0.9983459
  6070 | 8034C5  -8375099   -0.9983896
  6071 | 80335A  -8375462   -0.9984329
  6072 | 8031F5  -8375819   -0.9984754
  6073 | 803094  -8376172   -0.9985175
  6074 | 802F38  -8376520   -0.9985590
  6075 | 802DE2  -8376862   -0.9985998
  6076 | 802C90  -8377200   -0.9986401
  6077 | 802B43  -8377533   -0.9986798
  6078 | 8029FB  -8377861   -0.9987189
  6079 | 8028B8  -8378184   -0.9987574
  6080 | 802779  -8378503   -0.9987954
  6081 | 802640  -8378816   -0.9988327
  6082 | 80250C  -8379124   -0.9988694
  6083 | 8023DD  -8379427   -0.9989055
  6084 | 8022B2  -8379726   -0.9989412
  6085 | 80218D  -8380019   -0.9989761
  6086 | 80206C  -8380308   -0.9990106
  6087 | 801F50  -8380592   -0.9990444
  6088 | 801E3A  -8380870   -0.9990776
  6089 | 801D28  -8381144   -0.9991102
  6090 | 801C1B  -8381413   -0.9991423
  6091 | 801B13  -8381677   -0.9991738
  6092 | 801A10  -8381936   -0.9992046
  6093 | 801912  -8382190   -0.9992349
  6094 | 801819  -8382439   -0.9992646
  6095 | 801725  -8382683   -0.9992937
  6096 | 801635  -8382923   -0.9993223
  6097 | 80154B  -8383157   -0.9993502
  6098 | 801465  -8383387   -0.9993776
  6099 | 801385  -8383611   -0.9994043
  6100 | 8012A9  -8383831   -0.9994305
  6101 | 8011D3  -8384045   -0.9994560
  6102 | 801101  -8384255   -0.9994811
  6103 | 801034  -8384460   -0.9995055
  6104 | 800F6D  -8384659   -0.9995292
  6105 | 800EAA  -8384854   -0.9995525
  6106 | 800DEC  -8385044   -0.9995751
  6107 | 800D33  -8385229   -0.9995972
  6108 | 800C7F  -8385409   -0.9996186
  6109 | 800BCF  -8385585   -0.9996396
  6110 | 800B25  -8385755   -0.9996599
  6111 | 800A80  -8385920   -0.9996796
  6112 | 8009DF  -8386081   -0.9996988
  6113 | 800944  -8386236   -0.9997172
  6114 | 8008AE  -8386386   -0.9997351
  6115 | 80081C  -8386532   -0.9997525
  6116 | 80078F  -8386673   -0.9997693
  6117 | 800708  -8386808   -0.9997854
  6118 | 800685  -8386939   -0.9998010
  6119 | 800607  -8387065   -0.9998161
  6120 | 80058E  -8387186   -0.9998305
  6121 | 80051A  -8387302   -0.9998443
  6122 | 8004AB  -8387413   -0.9998575
  6123 | 800441  -8387519   -0.9998702
  6124 | 8003DC  -8387620   -0.9998822
  6125 | 80037C  -8387716   -0.9998937
  6126 | 800320  -8387808   -0.9999046
  6127 | 8002CA  -8387894   -0.9999149
  6128 | 800279  -8387975   -0.9999245
  6129 | 80022C  -8388052   -0.9999337
  6130 | 8001E5  -8388123   -0.9999422
  6131 | 8001A2  -8388190   -0.9999502
  6132 | 800164  -8388252   -0.9999576
  6133 | 80012C  -8388308   -0.9999642
  6134 | 8000F8  -8388360   -0.9999704
  6135 | 8000C9  -8388407   -0.9999760
  6136 | 80009F  -8388449   -0.9999810
  6137 | 80007A  -8388486   -0.9999855
  6138 | 80005A  -8388518   -0.9999893
  6139 | 80003F  -8388545   -0.9999925
  6140 | 800028  -8388568   -0.9999952
  6141 | 800017  -8388585   -0.9999973
  6142 | 80000B  -8388597   -0.9999987
  6143 | 800003  -8388605   -0.9999996
  6144 | 800001  -8388607   -0.9999999
  6145 | 800003  -8388605   -0.9999996
  6146 | 80000B  -8388597   -0.9999987
  6147 | 800017  -8388585   -0.9999973
  6148 | 800028  -8388568   -0.9999952
  6149 | 80003F  -8388545   -0.9999925
  6150 | 80005A  -8388518   -0.9999893
  6151 | 80007A  -8388486   -0.9999855
  6152 | 80009F  -8388449   -0.9999810
  6153 | 8000C9  -8388407   -0.9999760
  6154 | 8000F8  -8388360   -0.9999704
  6155 | 80012C  -8388308   -0.9999642
  6156 | 800164  -8388252   -0.9999576
  6157 | 8001A2  -8388190   -0.9999502
  6158 | 8001E5  -8388123   -0.9999422
  6159 | 80022C  -8388052   -0.9999337
  6160 | 800279  -8387975   -0.9999245
  6161 | 8002CA  -8387894   -0.9999149
  6162 | 800320  -8387808   -0.9999046
  6163 | 80037C  -8387716   -0.9998937
  6164 | 8003DC  -8387620   -0.9998822
  6165 | 800441  -8387519   -0.9998702
  6166 | 8004AB  -8387413   -0.9998575
  6167 | 80051A  -8387302   -0.9998443
  6168 | 80058E  -8387186   -0.9998305
  6169 | 800607  -8387065   -0.9998161
  6170 | 800685  -8386939   -0.9998010
  6171 | 800708  -8386808   -0.9997854
  6172 | 80078F  -8386673   -0.9997693
  6173 | 80081C  -8386532   -0.9997525
  6174 | 8008AE  -8386386   -0.9997351
  6175 | 800944  -8386236   -0.9997172
  6176 | 8009DF  -8386081   -0.9996988
  6177 | 800A80  -8385920   -0.9996796
  6178 | 800B25  -8385755   -0.9996599
  6179 | 800BCF  -8385585   -0.9996396
  6180 | 800C7F  -8385409   -0.9996186
  6181 | 800D33  -8385229   -0.9995972
  6182 | 800DEC  -8385044   -0.9995751
  6183 | 800EAA  -8384854   -0.9995525
  6184 | 800F6D  -8384659   -0.9995292
  6185 | 801034  -8384460   -0.9995055
  6186 | 801101  -8384255   -0.9994811
  6187 | 8011D3  -8384045   -0.9994560
  6188 | 8012A9  -8383831   -0.9994305
  6189 | 801385  -8383611   -0.9994043
  6190 | 801465  -8383387   -0.9993776
  6191 | 80154B  -8383157   -0.9993502
  6192 | 801635  -8382923   -0.9993223
  6193 | 801725  -8382683   -0.9992937
  6194 | 801819  -8382439   -0.9992646
  6195 | 801912  -8382190   -0.9992349
  6196 | 801A10  -8381936   -0.9992046
  6197 | 801B13  -8381677   -0.9991738
  6198 | 801C1B  -8381413   -0.9991423
  6199 | 801D28  -8381144   -0.9991102
  6200 | 801E3A  -8380870   -0.9990776
  6201 | 801F50  -8380592   -0.9990444
  6202 | 80206C  -8380308   -0.9990106
  6203 | 80218D  -8380019   -0.9989761
  6204 | 8022B2  -8379726   -0.9989412
  6205 | 8023DD  -8379427   -0.9989055
  6206 | 80250C  -8379124   -0.9988694
  6207 | 802640  -8378816   -0.9988327
  6208 | 802779  -8378503   -0.9987954
  6209 | 8028B8  -8378184   -0.9987574
  6210 | 8029FB  -8377861   -0.9987189
  6211 | 802B43  -8377533   -0.9986798
  6212 | 802C90  -8377200   -0.9986401
  6213 | 802DE2  -8376862   -0.9985998
  6214 | 802F38  -8376520   -0.9985590
  6215 | 803094  -8376172   -0.9985175
  6216 | 8031F5  -8375819   -0.9984754
  6217 | 80335A  -8375462   -0.9984329
  6218 | 8034C5  -8375099   -0.9983896
  6219 | 803634  -8374732   -0.9983459
  6220 | 8037A9  -8374359   -0.9983014
  6221 | 803922  -8373982   -0.9982564
  6222 | 803AA0  -8373600   -0.9982109
  6223 | 803C23  -8373213   -0.9981648
  6224 | 803DAB  -8372821   -0.9981180
  6225 | 803F38  -8372424   -0.9980707
  6226 | 8040CA  -8372022   -0.9980228
  6227 | 804261  -8371615   -0.9979743
  6228 | 8043FD  -8371203   -0.9979252
  6229 | 80459E  -8370786   -0.9978755
  6230 | 804743  -8370365   -0.9978253
  6231 | 8048EE  -8369938   -0.9977744
  6232 | 804A9D  -8369507   -0.9977230
  6233 | 804C52  -8369070   -0.9976709
  6234 | 804E0B  -8368629   -0.9976183
  6235 | 804FC9  -8368183   -0.9975652
  6236 | 80518C  -8367732   -0.9975114
  6237 | 805355  -8367275   -0.9974569
  6238 | 805522  -8366814   -0.9974020
  6239 | 8056F3  -8366349   -0.9973465
  6240 | 8058CA  -8365878   -0.9972904
  6241 | 805AA6  -8365402   -0.9972336
  6242 | 805C87  -8364921   -0.9971763
  6243 | 805E6C  -8364436   -0.9971185
  6244 | 806057  -8363945   -0.9970599
  6245 | 806246  -8363450   -0.9970009
  6246 | 80643B  -8362949   -0.9969412
  6247 | 806634  -8362444   -0.9968810
  6248 | 806832  -8361934   -0.9968202
  6249 | 806A35  -8361419   -0.9967588
  6250 | 806C3D  -8360899   -0.9966968
  6251 | 806E4A  -8360374   -0.9966342
  6252 | 80705C  -8359844   -0.9965711
  6253 | 807273  -8359309   -0.9965073
  6254 | 80748F  -8358769   -0.9964429
  6255 | 8076AF  -8358225   -0.9963781
  6256 | 8078D5  -8357675   -0.9963125
  6257 | 807B00  -8357120   -0.9962463
  6258 | 807D2F  -8356561   -0.9961797
  6259 | 807F63  -8355997   -0.9961125
  6260 | 80819C  -8355428   -0.9960446
  6261 | 8083DB  -8354853   -0.9959761
  6262 | 80861E  -8354274   -0.9959071
  6263 | 808866  -8353690   -0.9958375
  6264 | 808AB2  -8353102   -0.9957674
  6265 | 808D04  -8352508   -0.9956965
  6266 | 808F5B  -8351909   -0.9956251
  6267 | 8091B7  -8351305   -0.9955531
  6268 | 809417  -8350697   -0.9954807
  6269 | 80967D  -8350083   -0.9954075
  6270 | 8098E7  -8349465   -0.9953338
  6271 | 809B56  -8348842   -0.9952595
  6272 | 809DCA  -8348214   -0.9951847
  6273 | 80A044  -8347580   -0.9951091
  6274 | 80A2C2  -8346942   -0.9950330
  6275 | 80A544  -8346300   -0.9949565
  6276 | 80A7CC  -8345652   -0.9948792
  6277 | 80AA59  -8344999   -0.9948014
  6278 | 80ACEB  -8344341   -0.9947230
  6279 | 80AF81  -8343679   -0.9946440
  6280 | 80B21D  -8343011   -0.9945644
  6281 | 80B4BD  -8342339   -0.9944843
  6282 | 80B762  -8341662   -0.9944036
  6283 | 80BA0D  -8340979   -0.9943222
  6284 | 80BCBC  -8340292   -0.9942403
  6285 | 80BF70  -8339600   -0.9941578
  6286 | 80C229  -8338903   -0.9940747
  6287 | 80C4E6  -8338202   -0.9939911
  6288 | 80C7A9  -8337495   -0.9939069
  6289 | 80CA71  -8336783   -0.9938220
  6290 | 80CD3D  -8336067   -0.9937366
  6291 | 80D00F  -8335345   -0.9936506
  6292 | 80D2E5  -8334619   -0.9935640
  6293 | 80D5C0  -8333888   -0.9934769
  6294 | 80D8A0  -8333152   -0.9933891
  6295 | 80DB85  -8332411   -0.9933008
  6296 | 80DE6F  -8331665   -0.9932119
  6297 | 80E15E  -8330914   -0.9931223
  6298 | 80E452  -8330158   -0.9930322
  6299 | 80E74B  -8329397   -0.9929415
  6300 | 80EA48  -8328632   -0.9928503
  6301 | 80ED4B  -8327861   -0.9927584
  6302 | 80F052  -8327086   -0.9926660
  6303 | 80F35E  -8326306   -0.9925730
  6304 | 80F66F  -8325521   -0.9924794
  6305 | 80F985  -8324731   -0.9923853
  6306 | 80FCA0  -8323936   -0.9922905
  6307 | 80FFC0  -8323136   -0.9921951
  6308 | 8102E5  -8322331   -0.9920992
  6309 | 81060E  -8321522   -0.9920027
  6310 | 81093D  -8320707   -0.9919056
  6311 | 810C70  -8319888   -0.9918079
  6312 | 810FA9  -8319063   -0.9917096
  6313 | 8112E6  -8318234   -0.9916108
  6314 | 811628  -8317400   -0.9915113
  6315 | 81196F  -8316561   -0.9914113
  6316 | 811CBB  -8315717   -0.9913107
  6317 | 81200C  -8314868   -0.9912095
  6318 | 812361  -8314015   -0.9911078
  6319 | 8126BC  -8313156   -0.9910054
  6320 | 812A1B  -8312293   -0.9909025
  6321 | 812D80  -8311424   -0.9907990
  6322 | 8130E9  -8310551   -0.9906949
  6323 | 813457  -8309673   -0.9905902
  6324 | 8137CA  -8308790   -0.9904850
  6325 | 813B42  -8307902   -0.9903791
  6326 | 813EBF  -8307009   -0.9902726
  6327 | 814240  -8306112   -0.9901657
  6328 | 8145C7  -8305209   -0.9900581
  6329 | 814952  -8304302   -0.9899499
  6330 | 814CE3  -8303389   -0.9898411
  6331 | 815078  -8302472   -0.9897318
  6332 | 815412  -8301550   -0.9896219
  6333 | 8157B1  -8300623   -0.9895114
  6334 | 815B55  -8299691   -0.9894003
  6335 | 815EFD  -8298755   -0.9892887
  6336 | 8162AB  -8297813   -0.9891764
  6337 | 81665E  -8296866   -0.9890635
  6338 | 816A15  -8295915   -0.9889501
  6339 | 816DD1  -8294959   -0.9888362
  6340 | 817192  -8293998   -0.9887216
  6341 | 817558  -8293032   -0.9886065
  6342 | 817923  -8292061   -0.9884907
  6343 | 817CF3  -8291085   -0.9883744
  6344 | 8180C8  -8290104   -0.9882574
  6345 | 8184A1  -8289119   -0.9881400
  6346 | 818880  -8288128   -0.9880219
  6347 | 818C63  -8287133   -0.9879032
  6348 | 81904B  -8286133   -0.9877840
  6349 | 819438  -8285128   -0.9876642
  6350 | 81982A  -8284118   -0.9875438
  6351 | 819C21  -8283103   -0.9874228
  6352 | 81A01C  -8282084   -0.9873013
  6353 | 81A41D  -8281059   -0.9871792
  6354 | 81A822  -8280030   -0.9870565
  6355 | 81AC2D  -8278995   -0.9869331
  6356 | 81B03C  -8277956   -0.9868093
  6357 | 81B450  -8276912   -0.9866848
  6358 | 81B869  -8275863   -0.9865597
  6359 | 81BC86  -8274810   -0.9864342
  6360 | 81C0A9  -8273751   -0.9863080
  6361 | 81C4D0  -8272688   -0.9861813
  6362 | 81C8FD  -8271619   -0.9860538
  6363 | 81CD2E  -8270546   -0.9859259
  6364 | 81D164  -8269468   -0.9857974
  6365 | 81D59F  -8268385   -0.9856683
  6366 | 81D9DF  -8267297   -0.9855386
  6367 | 81DE24  -8266204   -0.9854083
  6368 | 81E26D  -8265107   -0.9852775
  6369 | 81E6BB  -8264005   -0.9851462
  6370 | 81EB0F  -8262897   -0.9850141
  6371 | 81EF67  -8261785   -0.9848815
  6372 | 81F3C4  -8260668   -0.9847484
  6373 | 81F826  -8259546   -0.9846146
  6374 | 81FC8C  -8258420   -0.9844804
  6375 | 8200F8  -8257288   -0.9843454
  6376 | 820568  -8256152   -0.9842100
  6377 | 8209DE  -8255010   -0.9840739
  6378 | 820E58  -8253864   -0.9839373
  6379 | 8212D7  -8252713   -0.9838001
  6380 | 82175B  -8251557   -0.9836622
  6381 | 821BE3  -8250397   -0.9835240
  6382 | 822071  -8249231   -0.9833850
  6383 | 822503  -8248061   -0.9832455
  6384 | 82299A  -8246886   -0.9831054
  6385 | 822E37  -8245705   -0.9829646
  6386 | 8232D7  -8244521   -0.9828235
  6387 | 82377D  -8243331   -0.9826816
  6388 | 823C28  -8242136   -0.9825392
  6389 | 8240D7  -8240937   -0.9823962
  6390 | 82458C  -8239732   -0.9822526
  6391 | 824A45  -8238523   -0.9821085
  6392 | 824F03  -8237309   -0.9819638
  6393 | 8253C6  -8236090   -0.9818184
  6394 | 82588E  -8234866   -0.9816725
  6395 | 825D5A  -8233638   -0.9815261
  6396 | 82622C  -8232404   -0.9813790
  6397 | 826702  -8231166   -0.9812315
  6398 | 826BDD  -8229923   -0.9810833
  6399 | 8270BD  -8228675   -0.9809345
  6400 | 8275A2  -8227422   -0.9807851
  6401 | 827A8B  -8226165   -0.9806353
  6402 | 827F7A  -8224902   -0.9804847
  6403 | 82846D  -8223635   -0.9803337
  6404 | 828965  -8222363   -0.9801821
  6405 | 828E62  -8221086   -0.9800298
  6406 | 829364  -8219804   -0.9798770
  6407 | 82986B  -8218517   -0.9797236
  6408 | 829D76  -8217226   -0.9795697
  6409 | 82A287  -8215929   -0.9794151
  6410 | 82A79C  -8214628   -0.9792600
  6411 | 82ACB6  -8213322   -0.9791043
  6412 | 82B1D4  -8212012   -0.9789481
  6413 | 82B6F8  -8210696   -0.9787912
  6414 | 82BC21  -8209375   -0.9786338
  6415 | 82C14E  -8208050   -0.9784758
  6416 | 82C680  -8206720   -0.9783173
  6417 | 82CBB7  -8205385   -0.9781581
  6418 | 82D0F3  -8204045   -0.9779984
  6419 | 82D633  -8202701   -0.9778382
  6420 | 82DB79  -8201351   -0.9776772
  6421 | 82E0C3  -8199997   -0.9775158
  6422 | 82E612  -8198638   -0.9773538
  6423 | 82EB66  -8197274   -0.9771912
  6424 | 82F0BF  -8195905   -0.9770280
  6425 | 82F61C  -8194532   -0.9768643
  6426 | 82FB7F  -8193153   -0.9766999
  6427 | 8300E6  -8191770   -0.9765351
  6428 | 830652  -8190382   -0.9763696
  6429 | 830BC3  -8188989   -0.9762036
  6430 | 831139  -8187591   -0.9760369
  6431 | 8316B3  -8186189   -0.9758698
  6432 | 831C32  -8184782   -0.9757020
  6433 | 8321B6  -8183370   -0.9755337
  6434 | 83273F  -8181953   -0.9753648
  6435 | 832CCD  -8180531   -0.9751953
  6436 | 833260  -8179104   -0.9750252
  6437 | 8337F7  -8177673   -0.9748546
  6438 | 833D93  -8176237   -0.9746834
  6439 | 834334  -8174796   -0.9745116
  6440 | 8348DA  -8173350   -0.9743392
  6441 | 834E84  -8171900   -0.9741664
  6442 | 835434  -8170444   -0.9739928
  6443 | 8359E8  -8168984   -0.9738188
  6444 | 835FA1  -8167519   -0.9736441
  6445 | 83655F  -8166049   -0.9734689
  6446 | 836B21  -8164575   -0.9732932
  6447 | 8370E9  -8163095   -0.9731168
  6448 | 8376B5  -8161611   -0.9729398
  6449 | 837C86  -8160122   -0.9727623
  6450 | 83825C  -8158628   -0.9725842
  6451 | 838837  -8157129   -0.9724056
  6452 | 838E16  -8155626   -0.9722264
  6453 | 8393FA  -8154118   -0.9720466
  6454 | 8399E3  -8152605   -0.9718663
  6455 | 839FD1  -8151087   -0.9716853
  6456 | 83A5C4  -8149564   -0.9715037
  6457 | 83ABBB  -8148037   -0.9713217
  6458 | 83B1B7  -8146505   -0.9711391
  6459 | 83B7B8  -8144968   -0.9709558
  6460 | 83BDBE  -8143426   -0.9707720
  6461 | 83C3C9  -8141879   -0.9705876
  6462 | 83C9D8  -8140328   -0.9704027
  6463 | 83CFEC  -8138772   -0.9702172
  6464 | 83D605  -8137211   -0.9700311
  6465 | 83DC23  -8135645   -0.9698445
  6466 | 83E245  -8134075   -0.9696573
  6467 | 83E86D  -8132499   -0.9694694
  6468 | 83EE99  -8130919   -0.9692811
  6469 | 83F4CA  -8129334   -0.9690921
  6470 | 83FAFF  -8127745   -0.9689027
  6471 | 84013A  -8126150   -0.9687126
  6472 | 840779  -8124551   -0.9685220
  6473 | 840DBD  -8122947   -0.9683307
  6474 | 841406  -8121338   -0.9681389
  6475 | 841A53  -8119725   -0.9679466
  6476 | 8420A5  -8118107   -0.9677538
  6477 | 8426FC  -8116484   -0.9675603
  6478 | 842D58  -8114856   -0.9673662
  6479 | 8433B9  -8113223   -0.9671715
  6480 | 843A1E  -8111586   -0.9669764
  6481 | 844089  -8109943   -0.9667805
  6482 | 8446F8  -8108296   -0.9665842
  6483 | 844D6B  -8106645   -0.9663874
  6484 | 8453E4  -8104988   -0.9661899
  6485 | 845A61  -8103327   -0.9659919
  6486 | 8460E3  -8101661   -0.9657933
  6487 | 84676A  -8099990   -0.9655941
  6488 | 846DF5  -8098315   -0.9653944
  6489 | 847486  -8096634   -0.9651940
  6490 | 847B1B  -8094949   -0.9649931
  6491 | 8481B5  -8093259   -0.9647917
  6492 | 848853  -8091565   -0.9645897
  6493 | 848EF7  -8089865   -0.9643871
  6494 | 84959F  -8088161   -0.9641839
  6495 | 849C4C  -8086452   -0.9639802
  6496 | 84A2FD  -8084739   -0.9637760
  6497 | 84A9B4  -8083020   -0.9635711
  6498 | 84B06F  -8081297   -0.9633657
  6499 | 84B72F  -8079569   -0.9631597
  6500 | 84BDF3  -8077837   -0.9629532
  6501 | 84C4BD  -8076099   -0.9627460
  6502 | 84CB8B  -8074357   -0.9625384
  6503 | 84D25E  -8072610   -0.9623301
  6504 | 84D936  -8070858   -0.9621212
  6505 | 84E012  -8069102   -0.9619119
  6506 | 84E6F3  -8067341   -0.9617020
  6507 | 84EDD9  -8065575   -0.9614915
  6508 | 84F4C4  -8063804   -0.9612803
  6509 | 84FBB3  -8062029   -0.9610687
  6510 | 8502A7  -8060249   -0.9608566
  6511 | 8509A0  -8058464   -0.9606438
  6512 | 85109E  -8056674   -0.9604304
  6513 | 8517A0  -8054880   -0.9602165
  6514 | 851EA7  -8053081   -0.9600021
  6515 | 8525B3  -8051277   -0.9597870
  6516 | 852CC4  -8049468   -0.9595714
  6517 | 8533D9  -8047655   -0.9593552
  6518 | 853AF3  -8045837   -0.9591385
  6519 | 854212  -8044014   -0.9589212
  6520 | 854935  -8042187   -0.9587034
  6521 | 85505E  -8040354   -0.9584849
  6522 | 85578B  -8038517   -0.9582659
  6523 | 855EBC  -8036676   -0.9580464
  6524 | 8565F3  -8034829   -0.9578263
  6525 | 856D2E  -8032978   -0.9576056
  6526 | 85746E  -8031122   -0.9573843
  6527 | 857BB2  -8029262   -0.9571626
  6528 | 8582FC  -8027396   -0.9569402
  6529 | 858A4A  -8025526   -0.9567173
  6530 | 85919C  -8023652   -0.9564939
  6531 | 8598F4  -8021772   -0.9562697
  6532 | 85A050  -8019888   -0.9560452
  6533 | 85A7B1  -8017999   -0.9558200
  6534 | 85AF17  -8016105   -0.9555942
  6535 | 85B681  -8014207   -0.9553679
  6536 | 85BDF0  -8012304   -0.9551411
  6537 | 85C564  -8010396   -0.9549136
  6538 | 85CCDC  -8008484   -0.9546857
  6539 | 85D45A  -8006566   -0.9544570
  6540 | 85DBDC  -8004644   -0.9542279
  6541 | 85E362  -8002718   -0.9539983
  6542 | 85EAED  -8000787   -0.9537681
  6543 | 85F27E  -7998850   -0.9535372
  6544 | 85FA12  -7996910   -0.9533060
  6545 | 8601AC  -7994964   -0.9530740
  6546 | 86094A  -7993014   -0.9528415
  6547 | 8610ED  -7991059   -0.9526085
  6548 | 861894  -7989100   -0.9523749
  6549 | 862041  -7987135   -0.9521407
  6550 | 8627F2  -7985166   -0.9519060
  6551 | 862FA7  -7983193   -0.9516708
  6552 | 863762  -7981214   -0.9514349
  6553 | 863F21  -7979231   -0.9511985
  6554 | 8646E4  -7977244   -0.9509616
  6555 | 864EAD  -7975251   -0.9507240
  6556 | 86567A  -7973254   -0.9504859
  6557 | 865E4C  -7971252   -0.9502473
  6558 | 866622  -7969246   -0.9500082
  6559 | 866DFD  -7967235   -0.9497684
  6560 | 8675DD  -7965219   -0.9495281
  6561 | 867DC2  -7963198   -0.9492872
  6562 | 8685AB  -7961173   -0.9490458
  6563 | 868D99  -7959143   -0.9488038
  6564 | 86958C  -7957108   -0.9485612
  6565 | 869D83  -7955069   -0.9483181
  6566 | 86A57F  -7953025   -0.9480745
  6567 | 86AD80  -7950976   -0.9478302
  6568 | 86B585  -7948923   -0.9475855
  6569 | 86BD8F  -7946865   -0.9473401
  6570 | 86C59E  -7944802   -0.9470942
  6571 | 86CDB1  -7942735   -0.9468478
  6572 | 86D5C9  -7940663   -0.9466008
  6573 | 86DDE6  -7938586   -0.9463532
  6574 | 86E607  -7936505   -0.9461051
  6575 | 86EE2D  -7934419   -0.9458565
  6576 | 86F658  -7932328   -0.9456072
  6577 | 86FE87  -7930233   -0.9453574
  6578 | 8706BB  -7928133   -0.9451071
  6579 | 870EF4  -7926028   -0.9448562
  6580 | 871731  -7923919   -0.9446048
  6581 | 871F73  -7921805   -0.9443527
  6582 | 8727BA  -7919686   -0.9441001
  6583 | 873005  -7917563   -0.9438471
  6584 | 873855  -7915435   -0.9435934
  6585 | 8740AA  -7913302   -0.9433391
  6586 | 874903  -7911165   -0.9430844
  6587 | 875161  -7909023   -0.9428290
  6588 | 8759C4  -7906876   -0.9425731
  6589 | 87622B  -7904725   -0.9423167
  6590 | 876A97  -7902569   -0.9420596
  6591 | 877308  -7900408   -0.9418020
  6592 | 877B7D  -7898243   -0.9415439
  6593 | 8783F7  -7896073   -0.9412853
  6594 | 878C75  -7893899   -0.9410261
  6595 | 8794F8  -7891720   -0.9407663
  6596 | 879D80  -7889536   -0.9405060
  6597 | 87A60D  -7887347   -0.9402450
  6598 | 87AE9E  -7885154   -0.9399836
  6599 | 87B733  -7882957   -0.9397217
  6600 | 87BFCE  -7880754   -0.9394591
  6601 | 87C86D  -7878547   -0.9391960
  6602 | 87D110  -7876336   -0.9389324
  6603 | 87D9B9  -7874119   -0.9386681
  6604 | 87E266  -7871898   -0.9384034
  6605 | 87EB17  -7869673   -0.9381381
  6606 | 87F3CD  -7867443   -0.9378723
  6607 | 87FC88  -7865208   -0.9376059
  6608 | 880547  -7862969   -0.9373389
  6609 | 880E0B  -7860725   -0.9370714
  6610 | 8816D4  -7858476   -0.9368033
  6611 | 881FA1  -7856223   -0.9365348
  6612 | 882873  -7853965   -0.9362656
  6613 | 88314A  -7851702   -0.9359958
  6614 | 883A25  -7849435   -0.9357256
  6615 | 884305  -7847163   -0.9354547
  6616 | 884BE9  -7844887   -0.9351834
  6617 | 8854D2  -7842606   -0.9349115
  6618 | 885DC0  -7840320   -0.9346390
  6619 | 8866B2  -7838030   -0.9343660
  6620 | 886FA9  -7835735   -0.9340924
  6621 | 8878A4  -7833436   -0.9338183
  6622 | 8881A4  -7831132   -0.9335437
  6623 | 888AA9  -7828823   -0.9332684
  6624 | 8893B2  -7826510   -0.9329927
  6625 | 889CC0  -7824192   -0.9327164
  6626 | 88A5D2  -7821870   -0.9324396
  6627 | 88AEE9  -7819543   -0.9321622
  6628 | 88B805  -7817211   -0.9318842
  6629 | 88C125  -7814875   -0.9316057
  6630 | 88CA4A  -7812534   -0.9313266
  6631 | 88D374  -7810188   -0.9310470
  6632 | 88DCA2  -7807838   -0.9307668
  6633 | 88E5D4  -7805484   -0.9304862
  6634 | 88EF0C  -7803124   -0.9302049
  6635 | 88F847  -7800761   -0.9299232
  6636 | 890188  -7798392   -0.9296408
  6637 | 890ACD  -7796019   -0.9293579
  6638 | 891416  -7793642   -0.9290745
  6639 | 891D65  -7791259   -0.9287905
  6640 | 8926B7  -7788873   -0.9285060
  6641 | 89300F  -7786481   -0.9282209
  6642 | 89396B  -7784085   -0.9279352
  6643 | 8942CB  -7781685   -0.9276491
  6644 | 894C30  -7779280   -0.9273624
  6645 | 89559A  -7776870   -0.9270751
  6646 | 895F08  -7774456   -0.9267874
  6647 | 89687B  -7772037   -0.9264990
  6648 | 8971F2  -7769614   -0.9262102
  6649 | 897B6E  -7767186   -0.9259207
  6650 | 8984EF  -7764753   -0.9256307
  6651 | 898E74  -7762316   -0.9253402
  6652 | 8997FD  -7759875   -0.9250492
  6653 | 89A18C  -7757428   -0.9247575
  6654 | 89AB1E  -7754978   -0.9244654
  6655 | 89B4B6  -7752522   -0.9241726
  6656 | 89BE52  -7750062   -0.9238794
  6657 | 89C7F2  -7747598   -0.9235857
  6658 | 89D197  -7745129   -0.9232913
  6659 | 89DB41  -7742655   -0.9229964
  6660 | 89E4EF  -7740177   -0.9227010
  6661 | 89EEA2  -7737694   -0.9224050
  6662 | 89F859  -7735207   -0.9221085
  6663 | 8A0215  -7732715   -0.9218115
  6664 | 8A0BD5  -7730219   -0.9215139
  6665 | 8A159A  -7727718   -0.9212158
  6666 | 8A1F63  -7725213   -0.9209172
  6667 | 8A2931  -7722703   -0.9206179
  6668 | 8A3304  -7720188   -0.9203181
  6669 | 8A3CDB  -7717669   -0.9200178
  6670 | 8A46B6  -7715146   -0.9197171
  6671 | 8A5096  -7712618   -0.9194157
  6672 | 8A5A7B  -7710085   -0.9191138
  6673 | 8A6464  -7707548   -0.9188113
  6674 | 8A6E52  -7705006   -0.9185083
  6675 | 8A7844  -7702460   -0.9182048
  6676 | 8A823B  -7699909   -0.9179007
  6677 | 8A8C36  -7697354   -0.9175961
  6678 | 8A9636  -7694794   -0.9172909
  6679 | 8AA03B  -7692229   -0.9169852
  6680 | 8AAA44  -7689660   -0.9166789
  6681 | 8AB451  -7687087   -0.9163722
  6682 | 8ABE63  -7684509   -0.9160649
  6683 | 8AC879  -7681927   -0.9157571
  6684 | 8AD294  -7679340   -0.9154487
  6685 | 8ADCB4  -7676748   -0.9151397
  6686 | 8AE6D8  -7674152   -0.9148302
  6687 | 8AF101  -7671551   -0.9145201
  6688 | 8AFB2E  -7668946   -0.9142096
  6689 | 8B055F  -7666337   -0.9138986
  6690 | 8B0F95  -7663723   -0.9135870
  6691 | 8B19D0  -7661104   -0.9132748
  6692 | 8B240F  -7658481   -0.9129621
  6693 | 8B2E53  -7655853   -0.9126488
  6694 | 8B389B  -7653221   -0.9123350
  6695 | 8B42E7  -7650585   -0.9120208
  6696 | 8B4D38  -7647944   -0.9117060
  6697 | 8B578E  -7645298   -0.9113905
  6698 | 8B61E8  -7642648   -0.9110746
  6699 | 8B6C47  -7639993   -0.9107581
  6700 | 8B76AA  -7637334   -0.9104412
  6701 | 8B8111  -7634671   -0.9101237
  6702 | 8B8B7D  -7632003   -0.9098057
  6703 | 8B95EE  -7629330   -0.9094870
  6704 | 8BA063  -7626653   -0.9091679
  6705 | 8BAADD  -7623971   -0.9088482
  6706 | 8BB55B  -7621285   -0.9085280
  6707 | 8BBFDD  -7618595   -0.9082073
  6708 | 8BCA64  -7615900   -0.9078860
  6709 | 8BD4F0  -7613200   -0.9075642
  6710 | 8BDF80  -7610496   -0.9072418
  6711 | 8BEA14  -7607788   -0.9069190
  6712 | 8BF4AD  -7605075   -0.9065956
  6713 | 8BFF4A  -7602358   -0.9062717
  6714 | 8C09EC  -7599636   -0.9059472
  6715 | 8C1492  -7596910   -0.9056222
  6716 | 8C1F3D  -7594179   -0.9052967
  6717 | 8C29ED  -7591443   -0.9049705
  6718 | 8C34A0  -7588704   -0.9046440
  6719 | 8C3F58  -7585960   -0.9043169
  6720 | 8C4A15  -7583211   -0.9039892
  6721 | 8C54D6  -7580458   -0.9036610
  6722 | 8C5F9C  -7577700   -0.9033322
  6723 | 8C6A66  -7574938   -0.9030030
  6724 | 8C7534  -7572172   -0.9026732
  6725 | 8C8007  -7569401   -0.9023429
  6726 | 8C8ADF  -7566625   -0.9020120
  6727 | 8C95BA  -7563846   -0.9016807
  6728 | 8CA09B  -7561061   -0.9013487
  6729 | 8CAB7F  -7558273   -0.9010164
  6730 | 8CB669  -7555479   -0.9006833
  6731 | 8CC156  -7552682   -0.9003499
  6732 | 8CCC48  -7549880   -0.9000158
  6733 | 8CD73F  -7547073   -0.8996812
  6734 | 8CE23A  -7544262   -0.8993461
  6735 | 8CED39  -7541447   -0.8990105
  6736 | 8CF83D  -7538627   -0.8986744
  6737 | 8D0345  -7535803   -0.8983377
  6738 | 8D0E52  -7532974   -0.8980005
  6739 | 8D1963  -7530141   -0.8976628
  6740 | 8D2479  -7527303   -0.8973244
  6741 | 8D2F93  -7524461   -0.8969857
  6742 | 8D3AB1  -7521615   -0.8966464
  6743 | 8D45D4  -7518764   -0.8963065
  6744 | 8D50FB  -7515909   -0.8959662
  6745 | 8D5C27  -7513049   -0.8956252
  6746 | 8D6757  -7510185   -0.8952838
  6747 | 8D728C  -7507316   -0.8949418
  6748 | 8D7DC4  -7504444   -0.8945994
  6749 | 8D8902  -7501566   -0.8942564
  6750 | 8D9444  -7498684   -0.8939128
  6751 | 8D9F8A  -7495798   -0.8935688
  6752 | 8DAAD4  -7492908   -0.8932242
  6753 | 8DB623  -7490013   -0.8928791
  6754 | 8DC177  -7487113   -0.8925334
  6755 | 8DCCCF  -7484209   -0.8921872
  6756 | 8DD82B  -7481301   -0.8918406
  6757 | 8DE38B  -7478389   -0.8914934
  6758 | 8DEEF0  -7475472   -0.8911457
  6759 | 8DFA5A  -7472550   -0.8907974
  6760 | 8E05C8  -7469624   -0.8904486
  6761 | 8E113A  -7466694   -0.8900993
  6762 | 8E1CB0  -7463760   -0.8897495
  6763 | 8E282B  -7460821   -0.8893992
  6764 | 8E33AB  -7457877   -0.8890482
  6765 | 8E3F2E  -7454930   -0.8886969
  6766 | 8E4AB7  -7451977   -0.8883449
  6767 | 8E5643  -7449021   -0.8879925
  6768 | 8E61D4  -7446060   -0.8876395
  6769 | 8E6D69  -7443095   -0.8872861
  6770 | 8E7903  -7440125   -0.8869320
  6771 | 8E84A1  -7437151   -0.8865775
  6772 | 8E9043  -7434173   -0.8862225
  6773 | 8E9BEA  -7431190   -0.8858669
  6774 | 8EA795  -7428203   -0.8855108
  6775 | 8EB345  -7425211   -0.8851541
  6776 | 8EBEF9  -7422215   -0.8847970
  6777 | 8ECAB1  -7419215   -0.8844393
  6778 | 8ED66E  -7416210   -0.8840811
  6779 | 8EE22F  -7413201   -0.8837224
  6780 | 8EEDF4  -7410188   -0.8833632
  6781 | 8EF9BE  -7407170   -0.8830035
  6782 | 8F058C  -7404148   -0.8826432
  6783 | 8F115E  -7401122   -0.8822825
  6784 | 8F1D35  -7398091   -0.8819212
  6785 | 8F2910  -7395056   -0.8815594
  6786 | 8F34F0  -7392016   -0.8811970
  6787 | 8F40D4  -7388972   -0.8808341
  6788 | 8F4CBC  -7385924   -0.8804708
  6789 | 8F58A8  -7382872   -0.8801069
  6790 | 8F6499  -7379815   -0.8797425
  6791 | 8F708E  -7376754   -0.8793776
  6792 | 8F7C88  -7373688   -0.8790121
  6793 | 8F8886  -7370618   -0.8786461
  6794 | 8F9488  -7367544   -0.8782797
  6795 | 8FA08F  -7364465   -0.8779126
  6796 | 8FAC99  -7361383   -0.8775452
  6797 | 8FB8A9  -7358295   -0.8771771
  6798 | 8FC4BC  -7355204   -0.8768086
  6799 | 8FD0D4  -7352108   -0.8764396
  6800 | 8FDCF0  -7349008   -0.8760700
  6801 | 8FE911  -7345903   -0.8756999
  6802 | 8FF536  -7342794   -0.8753293
  6803 | 90015F  -7339681   -0.8749582
  6804 | 900D8C  -7336564   -0.8745866
  6805 | 9019BE  -7333442   -0.8742144
  6806 | 9025F4  -7330316   -0.8738418
  6807 | 90322F  -7327185   -0.8734685
  6808 | 903E6D  -7324051   -0.8730949
  6809 | 904AB0  -7320912   -0.8727207
  6810 | 9056F8  -7317768   -0.8723459
  6811 | 906343  -7314621   -0.8719708
  6812 | 906F93  -7311469   -0.8715950
  6813 | 907BE8  -7308312   -0.8712187
  6814 | 908840  -7305152   -0.8708420
  6815 | 90949D  -7301987   -0.8704647
  6816 | 90A0FE  -7298818   -0.8700869
  6817 | 90AD64  -7295644   -0.8697085
  6818 | 90B9CD  -7292467   -0.8693298
  6819 | 90C63B  -7289285   -0.8689505
  6820 | 90D2AE  -7286098   -0.8685706
  6821 | 90DF24  -7282908   -0.8681903
  6822 | 90EB9F  -7279713   -0.8678094
  6823 | 90F81E  -7276514   -0.8674281
  6824 | 9104A2  -7273310   -0.8670461
  6825 | 91112A  -7270102   -0.8666637
  6826 | 911DB6  -7266890   -0.8662808
  6827 | 912A46  -7263674   -0.8658974
  6828 | 9136DA  -7260454   -0.8655136
  6829 | 914373  -7257229   -0.8651291
  6830 | 915010  -7254000   -0.8647442
  6831 | 915CB2  -7250766   -0.8643587
  6832 | 916957  -7247529   -0.8639728
  6833 | 917601  -7244287   -0.8635863
  6834 | 9182AF  -7241041   -0.8631994
  6835 | 918F62  -7237790   -0.8628118
  6836 | 919C18  -7234536   -0.8624239
  6837 | 91A8D3  -7231277   -0.8620354
  6838 | 91B592  -7228014   -0.8616464
  6839 | 91C256  -7224746   -0.8612568
  6840 | 91CF1E  -7221474   -0.8608668
  6841 | 91DBE9  -7218199   -0.8604764
  6842 | 91E8BA  -7214918   -0.8600852
  6843 | 91F58E  -7211634   -0.8596938
  6844 | 920267  -7208345   -0.8593017
  6845 | 920F44  -7205052   -0.8589091
  6846 | 921C25  -7201755   -0.8585161
  6847 | 92290A  -7198454   -0.8581226
  6848 | 9235F4  -7195148   -0.8577285
  6849 | 9242E2  -7191838   -0.8573339
  6850 | 924FD4  -7188524   -0.8569388
  6851 | 925CCA  -7185206   -0.8565433
  6852 | 9269C5  -7181883   -0.8561472
  6853 | 9276C3  -7178557   -0.8557507
  6854 | 9283C6  -7175226   -0.8553536
  6855 | 9290CD  -7171891   -0.8549560
  6856 | 929DD9  -7168551   -0.8545579
  6857 | 92AAE9  -7165207   -0.8541592
  6858 | 92B7FC  -7161860   -0.8537602
  6859 | 92C514  -7158508   -0.8533607
  6860 | 92D231  -7155151   -0.8529605
  6861 | 92DF51  -7151791   -0.8525599
  6862 | 92EC76  -7148426   -0.8521588
  6863 | 92F99F  -7145057   -0.8517572
  6864 | 9306CC  -7141684   -0.8513551
  6865 | 9313FD  -7138307   -0.8509525
  6866 | 932133  -7134925   -0.8505493
  6867 | 932E6C  -7131540   -0.8501458
  6868 | 933BAA  -7128150   -0.8497417
  6869 | 9348EC  -7124756   -0.8493371
  6870 | 935633  -7121357   -0.8489319
  6871 | 93637D  -7117955   -0.8485264
  6872 | 9370CC  -7114548   -0.8481202
  6873 | 937E1F  -7111137   -0.8477136
  6874 | 938B76  -7107722   -0.8473065
  6875 | 9398D1  -7104303   -0.8468989
  6876 | 93A630  -7100880   -0.8464909
  6877 | 93B394  -7097452   -0.8460822
  6878 | 93C0FB  -7094021   -0.8456732
  6879 | 93CE67  -7090585   -0.8452636
  6880 | 93DBD7  -7087145   -0.8448535
  6881 | 93E94C  -7083700   -0.8444428
  6882 | 93F6C4  -7080252   -0.8440318
  6883 | 940441  -7076799   -0.8436202
  6884 | 9411C1  -7073343   -0.8432082
  6885 | 941F46  -7069882   -0.8427956
  6886 | 942CCF  -7066417   -0.8423826
  6887 | 943A5D  -7062947   -0.8419689
  6888 | 9447EE  -7059474   -0.8415549
  6889 | 945584  -7055996   -0.8411403
  6890 | 94631D  -7052515   -0.8407253
  6891 | 9470BB  -7049029   -0.8403097
  6892 | 947E5D  -7045539   -0.8398937
  6893 | 948C03  -7042045   -0.8394772
  6894 | 9499AD  -7038547   -0.8390602
  6895 | 94A75C  -7035044   -0.8386426
  6896 | 94B50E  -7031538   -0.8382246
  6897 | 94C2C5  -7028027   -0.8378061
  6898 | 94D080  -7024512   -0.8373871
  6899 | 94DE3F  -7020993   -0.8369676
  6900 | 94EC02  -7017470   -0.8365476
  6901 | 94F9C9  -7013943   -0.8361272
  6902 | 950794  -7010412   -0.8357062
  6903 | 951564  -7006876   -0.8352847
  6904 | 952337  -7003337   -0.8348628
  6905 | 95310F  -6999793   -0.8344404
  6906 | 953EEB  -6996245   -0.8340174
  6907 | 954CCB  -6992693   -0.8335940
  6908 | 955AAF  -6989137   -0.8331701
  6909 | 956897  -6985577   -0.8327457
  6910 | 957683  -6982013   -0.8323208
  6911 | 958474  -6978444   -0.8318954
  6912 | 959268  -6974872   -0.8314695
  6913 | 95A061  -6971295   -0.8310431
  6914 | 95AE5D  -6967715   -0.8306164
  6915 | 95BC5E  -6964130   -0.8301890
  6916 | 95CA63  -6960541   -0.8297611
  6917 | 95D86C  -6956948   -0.8293328
  6918 | 95E679  -6953351   -0.8289040
  6919 | 95F48A  -6949750   -0.8284748
  6920 | 9602A0  -6946144   -0.8280449
  6921 | 9610B9  -6942535   -0.8276147
  6922 | 961ED6  -6938922   -0.8271840
  6923 | 962CF8  -6935304   -0.8267527
  6924 | 963B1D  -6931683   -0.8263210
  6925 | 964947  -6928057   -0.8258888
  6926 | 965775  -6924427   -0.8254560
  6927 | 9665A7  -6920793   -0.8250228
  6928 | 9673DC  -6917156   -0.8245893
  6929 | 968216  -6913514   -0.8241551
  6930 | 969054  -6909868   -0.8237205
  6931 | 969E96  -6906218   -0.8232853
  6932 | 96ACDD  -6902563   -0.8228496
  6933 | 96BB27  -6898905   -0.8224136
  6934 | 96C975  -6895243   -0.8219770
  6935 | 96D7C7  -6891577   -0.8215400
  6936 | 96E61E  -6887906   -0.8211024
  6937 | 96F478  -6884232   -0.8206644
  6938 | 9702D7  -6880553   -0.8202258
  6939 | 971139  -6876871   -0.8197869
  6940 | 971FA0  -6873184   -0.8193474
  6941 | 972E0A  -6869494   -0.8189075
  6942 | 973C79  -6865799   -0.8184670
  6943 | 974AEC  -6862100   -0.8180261
  6944 | 975962  -6858398   -0.8175848
  6945 | 9767DD  -6854691   -0.8171428
  6946 | 97765C  -6850980   -0.8167005
  6947 | 9784DF  -6847265   -0.8162576
  6948 | 979366  -6843546   -0.8158143
  6949 | 97A1F0  -6839824   -0.8153706
  6950 | 97B07F  -6836097   -0.8149263
  6951 | 97BF12  -6832366   -0.8144815
  6952 | 97CDA9  -6828631   -0.8140363
  6953 | 97DC44  -6824892   -0.8135905
  6954 | 97EAE3  -6821149   -0.8131443
  6955 | 97F986  -6817402   -0.8126976
  6956 | 98082D  -6813651   -0.8122505
  6957 | 9816D8  -6809896   -0.8118029
  6958 | 982587  -6806137   -0.8113548
  6959 | 98343A  -6802374   -0.8109062
  6960 | 9842F1  -6798607   -0.8104571
  6961 | 9851AC  -6794836   -0.8100076
  6962 | 98606B  -6791061   -0.8095576
  6963 | 986F2E  -6787282   -0.8091071
  6964 | 987DF5  -6783499   -0.8086561
  6965 | 988CC0  -6779712   -0.8082047
  6966 | 989B8F  -6775921   -0.8077527
  6967 | 98AA62  -6772126   -0.8073003
  6968 | 98B939  -6768327   -0.8068475
  6969 | 98C814  -6764524   -0.8063941
  6970 | 98D6F3  -6760717   -0.8059403
  6971 | 98E5D6  -6756906   -0.8054860
  6972 | 98F4BD  -6753091   -0.8050312
  6973 | 9903A7  -6749273   -0.8045760
  6974 | 991296  -6745450   -0.8041203
  6975 | 992189  -6741623   -0.8036641
  6976 | 993080  -6737792   -0.8032074
  6977 | 993F7A  -6733958   -0.8027503
  6978 | 994E79  -6730119   -0.8022927
  6979 | 995D7C  -6726276   -0.8018346
  6980 | 996C82  -6722430   -0.8013761
  6981 | 997B8D  -6718579   -0.8009170
  6982 | 998A9B  -6714725   -0.8004576
  6983 | 9999AE  -6710866   -0.7999976
  6984 | 99A8C4  -6707004   -0.7995372
  6985 | 99B7DE  -6703138   -0.7990763
  6986 | 99C6FD  -6699267   -0.7986149
  6987 | 99D61F  -6695393   -0.7981530
  6988 | 99E545  -6691515   -0.7976907
  6989 | 99F46F  -6687633   -0.7972280
  6990 | 9A039D  -6683747   -0.7967647
  6991 | 9A12CF  -6679857   -0.7963010
  6992 | 9A2205  -6675963   -0.7958368
  6993 | 9A313F  -6672065   -0.7953721
  6994 | 9A407D  -6668163   -0.7949070
  6995 | 9A4FBE  -6664258   -0.7944415
  6996 | 9A5F04  -6660348   -0.7939754
  6997 | 9A6E4D  -6656435   -0.7935089
  6998 | 9A7D9B  -6652517   -0.7930418
  6999 | 9A8CEC  -6648596   -0.7925744
  7000 | 9A9C41  -6644671   -0.7921065
  7001 | 9AAB9A  -6640742   -0.7916381
  7002 | 9ABAF7  -6636809   -0.7911693
  7003 | 9ACA58  -6632872   -0.7907000
  7004 | 9AD9BD  -6628931   -0.7902302
  7005 | 9AE926  -6624986   -0.7897599
  7006 | 9AF893  -6621037   -0.7892891
  7007 | 9B0803  -6617085   -0.7888180
  7008 | 9B1778  -6613128   -0.7883463
  7009 | 9B26F0  -6609168   -0.7878742
  7010 | 9B366C  -6605204   -0.7874017
  7011 | 9B45EC  -6601236   -0.7869287
  7012 | 9B5570  -6597264   -0.7864552
  7013 | 9B64F8  -6593288   -0.7859812
  7014 | 9B7484  -6589308   -0.7855067
  7015 | 9B8414  -6585324   -0.7850318
  7016 | 9B93A7  -6581337   -0.7845565
  7017 | 9BA33E  -6577346   -0.7840807
  7018 | 9BB2DA  -6573350   -0.7836044
  7019 | 9BC279  -6569351   -0.7831277
  7020 | 9BD21C  -6565348   -0.7826505
  7021 | 9BE1C3  -6561341   -0.7821728
  7022 | 9BF16D  -6557331   -0.7816948
  7023 | 9C011C  -6553316   -0.7812161
  7024 | 9C10CE  -6549298   -0.7807372
  7025 | 9C2084  -6545276   -0.7802577
  7026 | 9C303F  -6541249   -0.7797776
  7027 | 9C3FFD  -6537219   -0.7792972
  7028 | 9C4FBE  -6533186   -0.7788165
  7029 | 9C5F84  -6529148   -0.7783351
  7030 | 9C6F4D  -6525107   -0.7778534
  7031 | 9C7F1B  -6521061   -0.7773710
  7032 | 9C8EEC  -6517012   -0.7768884
  7033 | 9C9EC1  -6512959   -0.7764052
  7034 | 9CAE9A  -6508902   -0.7759216
  7035 | 9CBE76  -6504842   -0.7754376
  7036 | 9CCE57  -6500777   -0.7749530
  7037 | 9CDE3B  -6496709   -0.7744681
  7038 | 9CEE23  -6492637   -0.7739826
  7039 | 9CFE0F  -6488561   -0.7734967
  7040 | 9D0DFF  -6484481   -0.7730104
  7041 | 9D1DF3  -6480397   -0.7725235
  7042 | 9D2DEA  -6476310   -0.7720363
  7043 | 9D3DE5  -6472219   -0.7715486
  7044 | 9D4DE4  -6468124   -0.7710605
  7045 | 9D5DE7  -6464025   -0.7705718
  7046 | 9D6DEE  -6459922   -0.7700827
  7047 | 9D7DF8  -6455816   -0.7695932
  7048 | 9D8E06  -6451706   -0.7691033
  7049 | 9D9E18  -6447592   -0.7686129
  7050 | 9DAE2E  -6443474   -0.7681220
  7051 | 9DBE48  -6439352   -0.7676306
  7052 | 9DCE65  -6435227   -0.7671388
  7053 | 9DDE86  -6431098   -0.7666466
  7054 | 9DEEAB  -6426965   -0.7661539
  7055 | 9DFED4  -6422828   -0.7656608
  7056 | 9E0F01  -6418687   -0.7651671
  7057 | 9E1F31  -6414543   -0.7646731
  7058 | 9E2F65  -6410395   -0.7641786
  7059 | 9E3F9D  -6406243   -0.7636837
  7060 | 9E4FD8  -6402088   -0.7631884
  7061 | 9E6018  -6397928   -0.7626925
  7062 | 9E705B  -6393765   -0.7621962
  7063 | 9E80A2  -6389598   -0.7616994
  7064 | 9E90EC  -6385428   -0.7612023
  7065 | 9EA13B  -6381253   -0.7607046
  7066 | 9EB18D  -6377075   -0.7602066
  7067 | 9EC1E3  -6372893   -0.7597080
  7068 | 9ED23C  -6368708   -0.7592092
  7069 | 9EE29A  -6364518   -0.7587097
  7070 | 9EF2FB  -6360325   -0.7582098
  7071 | 9F0360  -6356128   -0.7577095
  7072 | 9F13C9  -6351927   -0.7572087
  7073 | 9F2435  -6347723   -0.7567075
  7074 | 9F34A5  -6343515   -0.7562059
  7075 | 9F4519  -6339303   -0.7557038
  7076 | 9F5590  -6335088   -0.7552013
  7077 | 9F660C  -6330868   -0.7546983
  7078 | 9F768B  -6326645   -0.7541949
  7079 | 9F870D  -6322419   -0.7536911
  7080 | 9F9794  -6318188   -0.7531867
  7081 | 9FA81E  -6313954   -0.7526820
  7082 | 9FB8AC  -6309716   -0.7521768
  7083 | 9FC93E  -6305474   -0.7516711
  7084 | 9FD9D3  -6301229   -0.7511650
  7085 | 9FEA6C  -6296980   -0.7506585
  7086 | 9FFB09  -6292727   -0.7501515
  7087 | A00BA9  -6288471   -0.7496442
  7088 | A01C4D  -6284211   -0.7491363
  7089 | A02CF5  -6279947   -0.7486280
  7090 | A03DA1  -6275679   -0.7481192
  7091 | A04E50  -6271408   -0.7476101
  7092 | A05F03  -6267133   -0.7471005
  7093 | A06FB9  -6262855   -0.7465905
  7094 | A08073  -6258573   -0.7460800
  7095 | A09131  -6254287   -0.7455691
  7096 | A0A1F3  -6249997   -0.7450577
  7097 | A0B2B8  -6245704   -0.7445459
  7098 | A0C381  -6241407   -0.7440337
  7099 | A0D44E  -6237106   -0.7435210
  7100 | A0E51E  -6232802   -0.7430079
  7101 | A0F5F2  -6228494   -0.7424943
  7102 | A106CA  -6224182   -0.7419803
  7103 | A117A5  -6219867   -0.7414659
  7104 | A12884  -6215548   -0.7409511
  7105 | A13967  -6211225   -0.7404357
  7106 | A14A4D  -6206899   -0.7399200
  7107 | A15B37  -6202569   -0.7394038
  7108 | A16C25  -6198235   -0.7388872
  7109 | A17D16  -6193898   -0.7383702
  7110 | A18E0B  -6189557   -0.7378527
  7111 | A19F03  -6185213   -0.7373348
  7112 | A1AFFF  -6180865   -0.7368165
  7113 | A1C0FF  -6176513   -0.7362977
  7114 | A1D203  -6172157   -0.7357785
  7115 | A1E30A  -6167798   -0.7352588
  7116 | A1F414  -6163436   -0.7347388
  7117 | A20523  -6159069   -0.7342182
  7118 | A21635  -6154699   -0.7336973
  7119 | A2274A  -6150326   -0.7331760
  7120 | A23863  -6145949   -0.7326542
  7121 | A24980  -6141568   -0.7321320
  7122 | A25AA0  -6137184   -0.7316093
  7123 | A26BC4  -6132796   -0.7310863
  7124 | A27CEC  -6128404   -0.7305627
  7125 | A28E17  -6124009   -0.7300388
  7126 | A29F46  -6119610   -0.7295144
  7127 | A2B078  -6115208   -0.7289896
  7128 | A2C1AF  -6110801   -0.7284642
  7129 | A2D2E8  -6106392   -0.7279387
  7130 | A2E425  -6101979   -0.7274126
  7131 | A2F566  -6097562   -0.7268860
  7132 | A306AB  -6093141   -0.7263590
  7133 | A317F2  -6088718   -0.7258317
  7134 | A3293E  -6084290   -0.7253039
  7135 | A33A8D  -6079859   -0.7247757
  7136 | A34BE0  -6075424   -0.7242470
  7137 | A35D36  -6070986   -0.7237179
  7138 | A36E90  -6066544   -0.7231884
  7139 | A37FED  -6062099   -0.7226585
  7140 | A3914E  -6057650   -0.7221282
  7141 | A3A2B3  -6053197   -0.7215973
  7142 | A3B41B  -6048741   -0.7210661
  7143 | A3C587  -6044281   -0.7205344
  7144 | A3D6F6  -6039818   -0.7200024
  7145 | A3E869  -6035351   -0.7194699
  7146 | A3F9DF  -6030881   -0.7189370
  7147 | A40B59  -6026407   -0.7184037
  7148 | A41CD6  -6021930   -0.7178700
  7149 | A42E57  -6017449   -0.7173358
  7150 | A43FDC  -6012964   -0.7168012
  7151 | A45164  -6008476   -0.7162662
  7152 | A462EF  -6003985   -0.7157308
  7153 | A4747E  -5999490   -0.7151949
  7154 | A48611  -5994991   -0.7146586
  7155 | A497A7  -5990489   -0.7141219
  7156 | A4A941  -5985983   -0.7135848
  7157 | A4BADE  -5981474   -0.7130473
  7158 | A4CC7F  -5976961   -0.7125093
  7159 | A4DE23  -5972445   -0.7119709
  7160 | A4EFCB  -5967925   -0.7114321
  7161 | A50176  -5963402   -0.7108929
  7162 | A51325  -5958875   -0.7103533
  7163 | A524D7  -5954345   -0.7098132
  7164 | A5368D  -5949811   -0.7092727
  7165 | A54846  -5945274   -0.7087319
  7166 | A55A03  -5940733   -0.7081906
  7167 | A56BC3  -5936189   -0.7076489
  7168 | A57D87  -5931641   -0.7071067
  7169 | A58F4E  -5927090   -0.7065642
  7170 | A5A119  -5922535   -0.7060212
  7171 | A5B2E7  -5917977   -0.7054778
  7172 | A5C4B9  -5913415   -0.7049340
  7173 | A5D68E  -5908850   -0.7043898
  7174 | A5E867  -5904281   -0.7038451
  7175 | A5FA43  -5899709   -0.7033001
  7176 | A60C23  -5895133   -0.7027546
  7177 | A61E06  -5890554   -0.7022088
  7178 | A62FEC  -5885972   -0.7016625
  7179 | A641D6  -5881386   -0.7011158
  7180 | A653C4  -5876796   -0.7005687
  7181 | A665B5  -5872203   -0.7000211
  7182 | A677A9  -5867607   -0.6994733
  7183 | A689A1  -5863007   -0.6989249
  7184 | A69B9C  -5858404   -0.6983762
  7185 | A6AD9B  -5853797   -0.6978270
  7186 | A6BF9D  -5849187   -0.6972774
  7187 | A6D1A3  -5844573   -0.6967274
  7188 | A6E3AC  -5839956   -0.6961770
  7189 | A6F5B8  -5835336   -0.6956263
  7190 | A707C8  -5830712   -0.6950750
  7191 | A719DB  -5826085   -0.6945235
  7192 | A72BF2  -5821454   -0.6939714
  7193 | A73E0C  -5816820   -0.6934190
  7194 | A7502A  -5812182   -0.6928661
  7195 | A7624B  -5807541   -0.6923128
  7196 | A7746F  -5802897   -0.6917592
  7197 | A78697  -5798249   -0.6912051
  7198 | A798C3  -5793597   -0.6906506
  7199 | A7AAF1  -5788943   -0.6900958
  7200 | A7BD23  -5784285   -0.6895405
  7201 | A7CF59  -5779623   -0.6889848
  7202 | A7E192  -5774958   -0.6884286
  7203 | A7F3CE  -5770290   -0.6878722
  7204 | A8060E  -5765618   -0.6873152
  7205 | A81851  -5760943   -0.6867579
  7206 | A82A97  -5756265   -0.6862003
  7207 | A83CE1  -5751583   -0.6856421
  7208 | A84F2E  -5746898   -0.6850836
  7209 | A8617F  -5742209   -0.6845247
  7210 | A873D3  -5737517   -0.6839653
  7211 | A8862A  -5732822   -0.6834056
  7212 | A89885  -5728123   -0.6828455
  7213 | A8AAE3  -5723421   -0.6822850
  7214 | A8BD45  -5718715   -0.6817240
  7215 | A8CFAA  -5714006   -0.6811626
  7216 | A8E212  -5709294   -0.6806009
  7217 | A8F47D  -5704579   -0.6800388
  7218 | A906EC  -5699860   -0.6794763
  7219 | A9195E  -5695138   -0.6789134
  7220 | A92BD4  -5690412   -0.6783500
  7221 | A93E4D  -5685683   -0.6777862
  7222 | A950C9  -5680951   -0.6772221
  7223 | A96349  -5676215   -0.6766576
  7224 | A975CC  -5671476   -0.6760926
  7225 | A98852  -5666734   -0.6755273
  7226 | A99ADC  -5661988   -0.6749616
  7227 | A9AD69  -5657239   -0.6743954
  7228 | A9BFF9  -5652487   -0.6738290
  7229 | A9D28D  -5647731   -0.6732620
  7230 | A9E524  -5642972   -0.6726947
  7231 | A9F7BE  -5638210   -0.6721270
  7232 | AA0A5C  -5633444   -0.6715589
  7233 | AA1CFD  -5628675   -0.6709903
  7234 | AA2FA1  -5623903   -0.6704215
  7235 | AA4249  -5619127   -0.6698521
  7236 | AA54F3  -5614349   -0.6692826
  7237 | AA67A2  -5609566   -0.6687124
  7238 | AA7A53  -5604781   -0.6681420
  7239 | AA8D08  -5599992   -0.6675711
  7240 | AA9FC0  -5595200   -0.6669998
  7241 | AAB27B  -5590405   -0.6664282
  7242 | AAC53A  -5585606   -0.6658561
  7243 | AAD7FC  -5580804   -0.6652837
  7244 | AAEAC1  -5575999   -0.6647109
  7245 | AAFD89  -5571191   -0.6641377
  7246 | AB1055  -5566379   -0.6635641
  7247 | AB2324  -5561564   -0.6629901
  7248 | AB35F6  -5556746   -0.6624157
  7249 | AB48CC  -5551924   -0.6618409
  7250 | AB5BA5  -5547099   -0.6612657
  7251 | AB6E81  -5542271   -0.6606902
  7252 | AB8160  -5537440   -0.6601143
  7253 | AB9443  -5532605   -0.6595379
  7254 | ABA729  -5527767   -0.6589612
  7255 | ABBA12  -5522926   -0.6583841
  7256 | ABCCFE  -5518082   -0.6578066
  7257 | ABDFEE  -5513234   -0.6572287
  7258 | ABF2E1  -5508383   -0.6566504
  7259 | AC05D7  -5503529   -0.6560718
  7260 | AC18D0  -5498672   -0.6554928
  7261 | AC2BCD  -5493811   -0.6549133
  7262 | AC3ECC  -5488948   -0.6543336
  7263 | AC51CF  -5484081   -0.6537534
  7264 | AC64D6  -5479210   -0.6531727
  7265 | AC77DF  -5474337   -0.6525918
  7266 | AC8AEC  -5469460   -0.6520104
  7267 | AC9DFC  -5464580   -0.6514287
  7268 | ACB10F  -5459697   -0.6508466
  7269 | ACC425  -5454811   -0.6502641
  7270 | ACD73F  -5449921   -0.6496812
  7271 | ACEA5C  -5445028   -0.6490979
  7272 | ACFD7C  -5440132   -0.6485143
  7273 | AD109F  -5435233   -0.6479303
  7274 | AD23C5  -5430331   -0.6473459
  7275 | AD36EF  -5425425   -0.6467611
  7276 | AD4A1B  -5420517   -0.6461760
  7277 | AD5D4B  -5415605   -0.6455904
  7278 | AD707E  -5410690   -0.6450045
  7279 | AD83B5  -5405771   -0.6444181
  7280 | AD96EE  -5400850   -0.6438315
  7281 | ADAA2B  -5395925   -0.6432444
  7282 | ADBD6B  -5390997   -0.6426569
  7283 | ADD0AE  -5386066   -0.6420691
  7284 | ADE3F4  -5381132   -0.6414809
  7285 | ADF73D  -5376195   -0.6408924
  7286 | AE0A8A  -5371254   -0.6403034
  7287 | AE1DD9  -5366311   -0.6397141
  7288 | AE312C  -5361364   -0.6391244
  7289 | AE4482  -5356414   -0.6385343
  7290 | AE57DB  -5351461   -0.6379439
  7291 | AE6B38  -5346504   -0.6373529
  7292 | AE7E97  -5341545   -0.6367618
  7293 | AE91FA  -5336582   -0.6361701
  7294 | AEA55F  -5331617   -0.6355783
  7295 | AEB8C8  -5326648   -0.6349859
  7296 | AECC34  -5321676   -0.6343932
  7297 | AEDFA3  -5316701   -0.6338001
  7298 | AEF315  -5311723   -0.6332067
  7299 | AF068B  -5306741   -0.6326128
  7300 | AF1A03  -5301757   -0.6320187
  7301 | AF2D7F  -5296769   -0.6314241
  7302 | AF40FE  -5291778   -0.6308291
  7303 | AF547F  -5286785   -0.6302339
  7304 | AF6804  -5281788   -0.6296382
  7305 | AF7B8C  -5276788   -0.6290421
  7306 | AF8F17  -5271785   -0.6284457
  7307 | AFA2A6  -5266778   -0.6278489
  7308 | AFB637  -5261769   -0.6272517
  7309 | AFC9CB  -5256757   -0.6266543
  7310 | AFDD63  -5251741   -0.6260563
  7311 | AFF0FE  -5246722   -0.6254580
  7312 | B0049B  -5241701   -0.6248595
  7313 | B0183C  -5236676   -0.6242604
  7314 | B02BE0  -5231648   -0.6236610
  7315 | B03F87  -5226617   -0.6230613
  7316 | B05331  -5221583   -0.6224612
  7317 | B066DE  -5216546   -0.6218607
  7318 | B07A8E  -5211506   -0.6212599
  7319 | B08E41  -5206463   -0.6206588
  7320 | B0A1F8  -5201416   -0.6200571
  7321 | B0B5B1  -5196367   -0.6194552
  7322 | B0C96D  -5191315   -0.6188530
  7323 | B0DD2D  -5186259   -0.6182503
  7324 | B0F0EF  -5181201   -0.6176473
  7325 | B104B5  -5176139   -0.6170439
  7326 | B1187E  -5171074   -0.6164401
  7327 | B12C49  -5166007   -0.6158360
  7328 | B14018  -5160936   -0.6152315
  7329 | B153EA  -5155862   -0.6146266
  7330 | B167BE  -5150786   -0.6140215
  7331 | B17B96  -5145706   -0.6134160
  7332 | B18F71  -5140623   -0.6128100
  7333 | B1A34F  -5135537   -0.6122037
  7334 | B1B730  -5130448   -0.6115971
  7335 | B1CB14  -5125356   -0.6109900
  7336 | B1DEFB  -5120261   -0.6103827
  7337 | B1F2E4  -5115164   -0.6097751
  7338 | B206D1  -5110063   -0.6091670
  7339 | B21AC1  -5104959   -0.6085585
  7340 | B22EB4  -5099852   -0.6079497
  7341 | B242AA  -5094742   -0.6073406
  7342 | B256A3  -5089629   -0.6067311
  7343 | B26A9F  -5084513   -0.6061212
  7344 | B27E9E  -5079394   -0.6055110
  7345 | B292A0  -5074272   -0.6049004
  7346 | B2A6A5  -5069147   -0.6042894
  7347 | B2BAAC  -5064020   -0.6036782
  7348 | B2CEB7  -5058889   -0.6030666
  7349 | B2E2C5  -5053755   -0.6024545
  7350 | B2F6D6  -5048618   -0.6018422
  7351 | B30AEA  -5043478   -0.6012294
  7352 | B31F00  -5038336   -0.6006165
  7353 | B3331A  -5033190   -0.6000030
  7354 | B34737  -5028041   -0.5993892
  7355 | B35B56  -5022890   -0.5987751
  7356 | B36F79  -5017735   -0.5981606
  7357 | B3839E  -5012578   -0.5975459
  7358 | B397C7  -5007417   -0.5969306
  7359 | B3ABF2  -5002254   -0.5963151
  7360 | B3C021  -4997087   -0.5956992
  7361 | B3D452  -4991918   -0.5950830
  7362 | B3E886  -4986746   -0.5944664
  7363 | B3FCBD  -4981571   -0.5938495
  7364 | B410F7  -4976393   -0.5932323
  7365 | B42534  -4971212   -0.5926147
  7366 | B43974  -4966028   -0.5919967
  7367 | B44DB7  -4960841   -0.5913783
  7368 | B461FD  -4955651   -0.5907596
  7369 | B47646  -4950458   -0.5901406
  7370 | B48A91  -4945263   -0.5895213
  7371 | B49EE0  -4940064   -0.5889015
  7372 | B4B331  -4934863   -0.5882815
  7373 | B4C786  -4929658   -0.5876610
  7374 | B4DBDD  -4924451   -0.5870403
  7375 | B4F037  -4919241   -0.5864192
  7376 | B50494  -4914028   -0.5857978
  7377 | B518F4  -4908812   -0.5851760
  7378 | B52D57  -4903593   -0.5845538
  7379 | B541BC  -4898372   -0.5839314
  7380 | B55625  -4893147   -0.5833086
  7381 | B56A90  -4887920   -0.5826855
  7382 | B57EFF  -4882689   -0.5820619
  7383 | B59370  -4877456   -0.5814381
  7384 | B5A7E4  -4872220   -0.5808139
  7385 | B5BC5B  -4866981   -0.5801893
  7386 | B5D0D5  -4861739   -0.5795645
  7387 | B5E551  -4856495   -0.5789393
  7388 | B5F9D1  -4851247   -0.5783137
  7389 | B60E53  -4845997   -0.5776879
  7390 | B622D8  -4840744   -0.5770617
  7391 | B63760  -4835488   -0.5764351
  7392 | B64BEB  -4830229   -0.5758082
  7393 | B66079  -4824967   -0.5751809
  7394 | B6750A  -4819702   -0.5745533
  7395 | B6899D  -4814435   -0.5739254
  7396 | B69E33  -4809165   -0.5732971
  7397 | B6B2CC  -4803892   -0.5726686
  7398 | B6C768  -4798616   -0.5720396
  7399 | B6DC07  -4793337   -0.5714103
  7400 | B6F0A9  -4788055   -0.5707806
  7401 | B7054D  -4782771   -0.5701507
  7402 | B719F4  -4777484   -0.5695205
  7403 | B72E9E  -4772194   -0.5688899
  7404 | B7434B  -4766901   -0.5682589
  7405 | B757FB  -4761605   -0.5676275
  7406 | B76CAD  -4756307   -0.5669960
  7407 | B78162  -4751006   -0.5663640
  7408 | B7961A  -4745702   -0.5657318
  7409 | B7AAD5  -4740395   -0.5650991
  7410 | B7BF93  -4735085   -0.5644661
  7411 | B7D453  -4729773   -0.5638329
  7412 | B7E916  -4724458   -0.5631993
  7413 | B7FDDC  -4719140   -0.5625653
  7414 | B812A5  -4713819   -0.5619310
  7415 | B82770  -4708496   -0.5612965
  7416 | B83C3E  -4703170   -0.5606616
  7417 | B8510F  -4697841   -0.5600263
  7418 | B865E3  -4692509   -0.5593907
  7419 | B87ABA  -4687174   -0.5587547
  7420 | B88F93  -4681837   -0.5581185
  7421 | B8A46F  -4676497   -0.5574819
  7422 | B8B94E  -4671154   -0.5568449
  7423 | B8CE2F  -4665809   -0.5562078
  7424 | B8E314  -4660460   -0.5555701
  7425 | B8F7FB  -4655109   -0.5549322
  7426 | B90CE4  -4649756   -0.5542941
  7427 | B921D1  -4644399   -0.5536555
  7428 | B936C0  -4639040   -0.5530167
  7429 | B94BB2  -4633678   -0.5523775
  7430 | B960A7  -4628313   -0.5517379
  7431 | B9759E  -4622946   -0.5510981
  7432 | B98A98  -4617576   -0.5504580
  7433 | B99F95  -4612203   -0.5498174
  7434 | B9B495  -4606827   -0.5491766
  7435 | B9C997  -4601449   -0.5485355
  7436 | B9DE9C  -4596068   -0.5478940
  7437 | B9F3A4  -4590684   -0.5472522
  7438 | BA08AE  -4585298   -0.5466101
  7439 | BA1DBB  -4579909   -0.5459677
  7440 | BA32CB  -4574517   -0.5453249
  7441 | BA47DD  -4569123   -0.5446819
  7442 | BA5CF3  -4563725   -0.5440384
  7443 | BA720A  -4558326   -0.5433948
  7444 | BA8725  -4552923   -0.5427507
  7445 | BA9C42  -4547518   -0.5421064
  7446 | BAB162  -4542110   -0.5414617
  7447 | BAC685  -4536699   -0.5408167
  7448 | BADBAA  -4531286   -0.5401714
  7449 | BAF0D2  -4525870   -0.5395257
  7450 | BB05FC  -4520452   -0.5388799
  7451 | BB1B29  -4515031   -0.5382336
  7452 | BB3059  -4509607   -0.5375870
  7453 | BB458C  -4504180   -0.5369401
  7454 | BB5AC1  -4498751   -0.5362929
  7455 | BB6FF9  -4493319   -0.5356454
  7456 | BB8533  -4487885   -0.5349976
  7457 | BB9A70  -4482448   -0.5343494
  7458 | BBAFB0  -4477008   -0.5337009
  7459 | BBC4F2  -4471566   -0.5330522
  7460 | BBDA37  -4466121   -0.5324031
  7461 | BBEF7F  -4460673   -0.5317537
  7462 | BC04C9  -4455223   -0.5311040
  7463 | BC1A16  -4449770   -0.5304539
  7464 | BC2F66  -4444314   -0.5298035
  7465 | BC44B8  -4438856   -0.5291529
  7466 | BC5A0C  -4433396   -0.5285020
  7467 | BC6F64  -4427932   -0.5278506
  7468 | BC84BE  -4422466   -0.5271990
  7469 | BC9A1A  -4416998   -0.5265472
  7470 | BCAF79  -4411527   -0.5258950
  7471 | BCC4DB  -4406053   -0.5252424
  7472 | BCDA3F  -4400577   -0.5245897
  7473 | BCEFA6  -4395098   -0.5239365
  7474 | BD0510  -4389616   -0.5232830
  7475 | BD1A7C  -4384132   -0.5226293
  7476 | BD2FEA  -4378646   -0.5219753
  7477 | BD455C  -4373156   -0.5213208
  7478 | BD5ACF  -4367665   -0.5206662
  7479 | BD7046  -4362170   -0.5200112
  7480 | BD85BF  -4356673   -0.5193559
  7481 | BD9B3A  -4351174   -0.5187004
  7482 | BDB0B8  -4345672   -0.5180445
  7483 | BDC639  -4340167   -0.5173882
  7484 | BDDBBC  -4334660   -0.5167317
  7485 | BDF142  -4329150   -0.5160749
  7486 | BE06CA  -4323638   -0.5154178
  7487 | BE1C55  -4318123   -0.5147604
  7488 | BE31E2  -4312606   -0.5141027
  7489 | BE4772  -4307086   -0.5134447
  7490 | BE5D04  -4301564   -0.5127864
  7491 | BE7299  -4296039   -0.5121278
  7492 | BE8831  -4290511   -0.5114688
  7493 | BE9DCB  -4284981   -0.5108095
  7494 | BEB367  -4279449   -0.5101501
  7495 | BEC906  -4273914   -0.5094903
  7496 | BEDEA8  -4268376   -0.5088301
  7497 | BEF44C  -4262836   -0.5081697
  7498 | BF09F3  -4257293   -0.5075089
  7499 | BF1F9C  -4251748   -0.5068479
  7500 | BF3547  -4246201   -0.5061866
  7501 | BF4AF5  -4240651   -0.5055250
  7502 | BF60A6  -4235098   -0.5048630
  7503 | BF7659  -4229543   -0.5042008
  7504 | BF8C0E  -4223986   -0.5035384
  7505 | BFA1C6  -4218426   -0.5028756
  7506 | BFB781  -4212863   -0.5022124
  7507 | BFCD3E  -4207298   -0.5015490
  7508 | BFE2FD  -4201731   -0.5008854
  7509 | BFF8BF  -4196161   -0.5002214
  7510 | C00E84  -4190588   -0.4995570
  7511 | C0244B  -4185013   -0.4988924
  7512 | C03A14  -4179436   -0.4982276
  7513 | C04FE0  -4173856   -0.4975624
  7514 | C065AE  -4168274   -0.4968970
  7515 | C07B7F  -4162689   -0.4962312
  7516 | C09152  -4157102   -0.4955652
  7517 | C0A727  -4151513   -0.4948989
  7518 | C0BCFF  -4145921   -0.4942323
  7519 | C0D2DA  -4140326   -0.4935653
  7520 | C0E8B7  -4134729   -0.4928981
  7521 | C0FE96  -4129130   -0.4922307
  7522 | C11478  -4123528   -0.4915628
  7523 | C12A5C  -4117924   -0.4908948
  7524 | C14043  -4112317   -0.4902264
  7525 | C1562C  -4106708   -0.4895577
  7526 | C16C17  -4101097   -0.4888889
  7527 | C18205  -4095483   -0.4882196
  7528 | C197F5  -4089867   -0.4875501
  7529 | C1ADE8  -4084248   -0.4868803
  7530 | C1C3DD  -4078627   -0.4862102
  7531 | C1D9D5  -4073003   -0.4855398
  7532 | C1EFCE  -4067378   -0.4848692
  7533 | C205CB  -4061749   -0.4841982
  7534 | C21BC9  -4056119   -0.4835271
  7535 | C231CA  -4050486   -0.4828556
  7536 | C247CE  -4044850   -0.4821837
  7537 | C25DD4  -4039212   -0.4815116
  7538 | C273DC  -4033572   -0.4808393
  7539 | C289E6  -4027930   -0.4801667
  7540 | C29FF3  -4022285   -0.4794937
  7541 | C2B603  -4016637   -0.4788204
  7542 | C2CC14  -4010988   -0.4781470
  7543 | C2E228  -4005336   -0.4774733
  7544 | C2F83F  -3999681   -0.4767991
  7545 | C30E57  -3994025   -0.4761249
  7546 | C32472  -3988366   -0.4754503
  7547 | C33A90  -3982704   -0.4747753
  7548 | C350B0  -3977040   -0.4741001
  7549 | C366D2  -3971374   -0.4734247
  7550 | C37CF6  -3965706   -0.4727490
  7551 | C3931D  -3960035   -0.4720730
  7552 | C3A946  -3954362   -0.4713967
  7553 | C3BF71  -3948687   -0.4707202
  7554 | C3D59F  -3943009   -0.4700433
  7555 | C3EBCF  -3937329   -0.4693662
  7556 | C40202  -3931646   -0.4686887
  7557 | C41836  -3925962   -0.4680111
  7558 | C42E6D  -3920275   -0.4673332
  7559 | C444A7  -3914585   -0.4666549
  7560 | C45AE2  -3908894   -0.4659765
  7561 | C47120  -3903200   -0.4652977
  7562 | C48760  -3897504   -0.4646187
  7563 | C49DA3  -3891805   -0.4639393
  7564 | C4B3E8  -3886104   -0.4632597
  7565 | C4CA2F  -3880401   -0.4625798
  7566 | C4E078  -3874696   -0.4618998
  7567 | C4F6C4  -3868988   -0.4612193
  7568 | C50D12  -3863278   -0.4605386
  7569 | C52362  -3857566   -0.4598577
  7570 | C539B4  -3851852   -0.4591765
  7571 | C55009  -3846135   -0.4584950
  7572 | C56660  -3840416   -0.4578133
  7573 | C57CB9  -3834695   -0.4571313
  7574 | C59315  -3828971   -0.4564489
  7575 | C5A973  -3823245   -0.4557663
  7576 | C5BFD3  -3817517   -0.4550835
  7577 | C5D635  -3811787   -0.4544004
  7578 | C5EC99  -3806055   -0.4537171
  7579 | C60300  -3800320   -0.4530334
  7580 | C61969  -3794583   -0.4523495
  7581 | C62FD4  -3788844   -0.4516654
  7582 | C64642  -3783102   -0.4509809
  7583 | C65CB1  -3777359   -0.4502963
  7584 | C67323  -3771613   -0.4496113
  7585 | C68997  -3765865   -0.4489261
  7586 | C6A00E  -3760114   -0.4482405
  7587 | C6B686  -3754362   -0.4475548
  7588 | C6CD01  -3748607   -0.4468688
  7589 | C6E37E  -3742850   -0.4461825
  7590 | C6F9FD  -3737091   -0.4454960
  7591 | C7107E  -3731330   -0.4448092
  7592 | C72702  -3725566   -0.4441221
  7593 | C73D88  -3719800   -0.4434347
  7594 | C75410  -3714032   -0.4427471
  7595 | C76A9A  -3708262   -0.4420593
  7596 | C78126  -3702490   -0.4413712
  7597 | C797B4  -3696716   -0.4406829
  7598 | C7AE45  -3690939   -0.4399942
  7599 | C7C4D8  -3685160   -0.4393053
  7600 | C7DB6D  -3679379   -0.4386162
  7601 | C7F204  -3673596   -0.4379268
  7602 | C8089D  -3667811   -0.4372371
  7603 | C81F39  -3662023   -0.4365472
  7604 | C835D6  -3656234   -0.4358571
  7605 | C84C76  -3650442   -0.4351666
  7606 | C86318  -3644648   -0.4344759
  7607 | C879BC  -3638852   -0.4337850
  7608 | C89062  -3633054   -0.4330938
  7609 | C8A70A  -3627254   -0.4324024
  7610 | C8BDB5  -3621451   -0.4317106
  7611 | C8D462  -3615646   -0.4310186
  7612 | C8EB10  -3609840   -0.4303265
  7613 | C901C1  -3604031   -0.4296340
  7614 | C91874  -3598220   -0.4289412
  7615 | C92F29  -3592407   -0.4282483
  7616 | C945E0  -3586592   -0.4275551
  7617 | C95C9A  -3580774   -0.4268615
  7618 | C97355  -3574955   -0.4261678
  7619 | C98A13  -3569133   -0.4254738
  7620 | C9A0D2  -3563310   -0.4247797
  7621 | C9B794  -3557484   -0.4240851
  7622 | C9CE58  -3551656   -0.4233904
  7623 | C9E51E  -3545826   -0.4226954
  7624 | C9FBE6  -3539994   -0.4220002
  7625 | CA12B0  -3534160   -0.4213047
  7626 | CA297C  -3528324   -0.4206090
  7627 | CA404A  -3522486   -0.4199131
  7628 | CA571A  -3516646   -0.4192169
  7629 | CA6DED  -3510803   -0.4185203
  7630 | CA84C1  -3504959   -0.4178237
  7631 | CA9B98  -3499112   -0.4171267
  7632 | CAB270  -3493264   -0.4164295
  7633 | CAC94B  -3487413   -0.4157320
  7634 | CAE027  -3481561   -0.4150344
  7635 | CAF706  -3475706   -0.4143364
  7636 | CB0DE7  -3469849   -0.4136382
  7637 | CB24CA  -3463990   -0.4129398
  7638 | CB3BAE  -3458130   -0.4122412
  7639 | CB5295  -3452267   -0.4115423
  7640 | CB697E  -3446402   -0.4108431
  7641 | CB8069  -3440535   -0.4101437
  7642 | CB9756  -3434666   -0.4094441
  7643 | CBAE45  -3428795   -0.4087442
  7644 | CBC536  -3422922   -0.4080441
  7645 | CBDC29  -3417047   -0.4073437
  7646 | CBF31E  -3411170   -0.4066432
  7647 | CC0A15  -3405291   -0.4059423
  7648 | CC210E  -3399410   -0.4052413
  7649 | CC3809  -3393527   -0.4045399
  7650 | CC4F06  -3387642   -0.4038384
  7651 | CC6605  -3381755   -0.4031366
  7652 | CC7D06  -3375866   -0.4024346
  7653 | CC9409  -3369975   -0.4017323
  7654 | CCAB0E  -3364082   -0.4010298
  7655 | CCC215  -3358187   -0.4003271
  7656 | CCD91E  -3352290   -0.3996241
  7657 | CCF029  -3346391   -0.3989209
  7658 | CD0735  -3340491   -0.3982176
  7659 | CD1E44  -3334588   -0.3975139
  7660 | CD3555  -3328683   -0.3968099
  7661 | CD4C68  -3322776   -0.3961058
  7662 | CD637C  -3316868   -0.3954015
  7663 | CD7A93  -3310957   -0.3946968
  7664 | CD91AC  -3305044   -0.3939919
  7665 | CDA8C6  -3299130   -0.3932869
  7666 | CDBFE3  -3293213   -0.3925816
  7667 | CDD701  -3287295   -0.3918761
  7668 | CDEE21  -3281375   -0.3911704
  7669 | CE0544  -3275452   -0.3904643
  7670 | CE1C68  -3269528   -0.3897581
  7671 | CE338E  -3263602   -0.3890517
  7672 | CE4AB6  -3257674   -0.3883450
  7673 | CE61E0  -3251744   -0.3876381
  7674 | CE790C  -3245812   -0.3869309
  7675 | CE903A  -3239878   -0.3862236
  7676 | CEA769  -3233943   -0.3855160
  7677 | CEBE9B  -3228005   -0.3848082
  7678 | CED5CE  -3222066   -0.3841002
  7679 | CEED04  -3216124   -0.3833919
  7680 | CF043B  -3210181   -0.3826834
  7681 | CF1B74  -3204236   -0.3819747
  7682 | CF32AF  -3198289   -0.3812658
  7683 | CF49EC  -3192340   -0.3805566
  7684 | CF612B  -3186389   -0.3798472
  7685 | CF786C  -3180436   -0.3791375
  7686 | CF8FAE  -3174482   -0.3784277
  7687 | CFA6F3  -3168525   -0.3777176
  7688 | CFBE39  -3162567   -0.3770074
  7689 | CFD581  -3156607   -0.3762969
  7690 | CFECCB  -3150645   -0.3755862
  7691 | D00417  -3144681   -0.3748752
  7692 | D01B65  -3138715   -0.3741640
  7693 | D032B4  -3132748   -0.3734527
  7694 | D04A06  -3126778   -0.3727410
  7695 | D06159  -3120807   -0.3720292
  7696 | D078AE  -3114834   -0.3713171
  7697 | D09005  -3108859   -0.3706049
  7698 | D0A75E  -3102882   -0.3698924
  7699 | D0BEB8  -3096904   -0.3691797
  7700 | D0D615  -3090923   -0.3684667
  7701 | D0ED73  -3084941   -0.3677536
  7702 | D104D3  -3078957   -0.3670403
  7703 | D11C35  -3072971   -0.3663267
  7704 | D13398  -3066984   -0.3656130
  7705 | D14AFE  -3060994   -0.3648989
  7706 | D16265  -3055003   -0.3641847
  7707 | D179CE  -3049010   -0.3634703
  7708 | D19139  -3043015   -0.3627557
  7709 | D1A8A5  -3037019   -0.3620409
  7710 | D1C014  -3031020   -0.3613257
  7711 | D1D784  -3025020   -0.3606105
  7712 | D1EEF6  -3019018   -0.3598950
  7713 | D2066A  -3013014   -0.3591793
  7714 | D21DDF  -3007009   -0.3584634
  7715 | D23557  -3001001   -0.3577472
  7716 | D24CD0  -2994992   -0.3570309
  7717 | D2644A  -2988982   -0.3563144
  7718 | D27BC7  -2982969   -0.3555976
  7719 | D29345  -2976955   -0.3548807
  7720 | D2AAC5  -2970939   -0.3541635
  7721 | D2C247  -2964921   -0.3534461
  7722 | D2D9CB  -2958901   -0.3527285
  7723 | D2F150  -2952880   -0.3520107
  7724 | D308D7  -2946857   -0.3512927
  7725 | D32060  -2940832   -0.3505745
  7726 | D337EA  -2934806   -0.3498561
  7727 | D34F77  -2928777   -0.3491374
  7728 | D36705  -2922747   -0.3484186
  7729 | D37E94  -2916716   -0.3476996
  7730 | D39626  -2910682   -0.3469803
  7731 | D3ADB9  -2904647   -0.3462609
  7732 | D3C54E  -2898610   -0.3455412
  7733 | D3DCE4  -2892572   -0.3448215
  7734 | D3F47C  -2886532   -0.3441014
  7735 | D40C16  -2880490   -0.3433812
  7736 | D423B2  -2874446   -0.3426607
  7737 | D43B4F  -2868401   -0.3419400
  7738 | D452EE  -2862354   -0.3412192
  7739 | D46A8F  -2856305   -0.3404981
  7740 | D48231  -2850255   -0.3397769
  7741 | D499D5  -2844203   -0.3390554
  7742 | D4B17B  -2838149   -0.3383337
  7743 | D4C922  -2832094   -0.3376119
  7744 | D4E0CB  -2826037   -0.3368899
  7745 | D4F876  -2819978   -0.3361676
  7746 | D51022  -2813918   -0.3354452
  7747 | D527D1  -2807855   -0.3347224
  7748 | D53F80  -2801792   -0.3339996
  7749 | D55732  -2795726   -0.3332765
  7750 | D56EE4  -2789660   -0.3325534
  7751 | D58699  -2783591   -0.3318299
  7752 | D59E4F  -2777521   -0.3311063
  7753 | D5B607  -2771449   -0.3303825
  7754 | D5CDC1  -2765375   -0.3296584
  7755 | D5E57C  -2759300   -0.3289342
  7756 | D5FD39  -2753223   -0.3282098
  7757 | D614F7  -2747145   -0.3274852
  7758 | D62CB7  -2741065   -0.3267604
  7759 | D64479  -2734983   -0.3260354
  7760 | D65C3C  -2728900   -0.3253102
  7761 | D67401  -2722815   -0.3245848
  7762 | D68BC7  -2716729   -0.3238593
  7763 | D6A38F  -2710641   -0.3231336
  7764 | D6BB59  -2704551   -0.3224076
  7765 | D6D324  -2698460   -0.3216815
  7766 | D6EAF1  -2692367   -0.3209552
  7767 | D702BF  -2686273   -0.3202287
  7768 | D71A8F  -2680177   -0.3195020
  7769 | D73261  -2674079   -0.3187751
  7770 | D74A34  -2667980   -0.3180480
  7771 | D76208  -2661880   -0.3173208
  7772 | D779DF  -2655777   -0.3165933
  7773 | D791B6  -2649674   -0.3158658
  7774 | D7A990  -2643568   -0.3151379
  7775 | D7C16B  -2637461   -0.3144099
  7776 | D7D947  -2631353   -0.3136817
  7777 | D7F125  -2625243   -0.3129534
  7778 | D80905  -2619131   -0.3122247
  7779 | D820E6  -2613018   -0.3114960
  7780 | D838C8  -2606904   -0.3107672
  7781 | D850AD  -2600787   -0.3100380
  7782 | D86892  -2594670   -0.3093088
  7783 | D8807A  -2588550   -0.3085792
  7784 | D89862  -2582430   -0.3078496
  7785 | D8B04D  -2576307   -0.3071197
  7786 | D8C838  -2570184   -0.3063898
  7787 | D8E026  -2564058   -0.3056595
  7788 | D8F815  -2557931   -0.3049291
  7789 | D91005  -2551803   -0.3041986
  7790 | D927F7  -2545673   -0.3034679
  7791 | D93FEA  -2539542   -0.3027370
  7792 | D957DF  -2533409   -0.3020059
  7793 | D96FD5  -2527275   -0.3012747
  7794 | D987CD  -2521139   -0.3005432
  7795 | D99FC6  -2515002   -0.2998116
  7796 | D9B7C1  -2508863   -0.2990798
  7797 | D9CFBD  -2502723   -0.2983478
  7798 | D9E7BB  -2496581   -0.2976156
  7799 | D9FFBA  -2490438   -0.2968833
  7800 | DA17BB  -2484293   -0.2961508
  7801 | DA2FBD  -2478147   -0.2954181
  7802 | DA47C0  -2472000   -0.2946854
  7803 | DA5FC5  -2465851   -0.2939523
  7804 | DA77CC  -2459700   -0.2932191
  7805 | DA8FD4  -2453548   -0.2924857
  7806 | DAA7DD  -2447395   -0.2917522
  7807 | DABFE8  -2441240   -0.2910185
  7808 | DAD7F4  -2435084   -0.2902846
  7809 | DAF002  -2428926   -0.2895505
  7810 | DB0811  -2422767   -0.2888163
  7811 | DB2021  -2416607   -0.2880820
  7812 | DB3833  -2410445   -0.2873474
  7813 | DB5046  -2404282   -0.2866127
  7814 | DB685B  -2398117   -0.2858778
  7815 | DB8071  -2391951   -0.2851428
  7816 | DB9889  -2385783   -0.2844075
  7817 | DBB0A2  -2379614   -0.2836721
  7818 | DBC8BC  -2373444   -0.2829366
  7819 | DBE0D8  -2367272   -0.2822008
  7820 | DBF8F5  -2361099   -0.2814649
  7821 | DC1114  -2354924   -0.2807288
  7822 | DC2934  -2348748   -0.2799926
  7823 | DC4155  -2342571   -0.2792562
  7824 | DC5978  -2336392   -0.2785196
  7825 | DC719C  -2330212   -0.2777829
  7826 | DC89C1  -2324031   -0.2770461
  7827 | DCA1E8  -2317848   -0.2763090
  7828 | DCBA10  -2311664   -0.2755718
  7829 | DCD23A  -2305478   -0.2748344
  7830 | DCEA65  -2299291   -0.2740968
  7831 | DD0291  -2293103   -0.2733592
  7832 | DD1ABF  -2286913   -0.2726213
  7833 | DD32EE  -2280722   -0.2718832
  7834 | DD4B1E  -2274530   -0.2711451
  7835 | DD634F  -2268337   -0.2704068
  7836 | DD7B82  -2262142   -0.2696683
  7837 | DD93B7  -2255945   -0.2689296
  7838 | DDABEC  -2249748   -0.2681909
  7839 | DDC423  -2243549   -0.2674519
  7840 | DDDC5B  -2237349   -0.2667128
  7841 | DDF495  -2231147   -0.2659734
  7842 | DE0CD0  -2224944   -0.2652340
  7843 | DE250C  -2218740   -0.2644944
  7844 | DE3D4A  -2212534   -0.2637546
  7845 | DE5588  -2206328   -0.2630148
  7846 | DE6DC9  -2200119   -0.2622746
  7847 | DE860A  -2193910   -0.2615345
  7848 | DE9E4D  -2187699   -0.2607940
  7849 | DEB691  -2181487   -0.2600535
  7850 | DECED6  -2175274   -0.2593129
  7851 | DEE71C  -2169060   -0.2585721
  7852 | DEFF64  -2162844   -0.2578311
  7853 | DF17AD  -2156627   -0.2570900
  7854 | DF2FF8  -2150408   -0.2563486
  7855 | DF4843  -2144189   -0.2556072
  7856 | DF6090  -2137968   -0.2548656
  7857 | DF78DE  -2131746   -0.2541239
  7858 | DF912E  -2125522   -0.2533820
  7859 | DFA97E  -2119298   -0.2526400
  7860 | DFC1D0  -2113072   -0.2518978
  7861 | DFDA23  -2106845   -0.2511555
  7862 | DFF278  -2100616   -0.2504129
  7863 | E00ACD  -2094387   -0.2496704
  7864 | E02324  -2088156   -0.2489276
  7865 | E03B7C  -2081924   -0.2481847
  7866 | E053D6  -2075690   -0.2474415
  7867 | E06C30  -2069456   -0.2466984
  7868 | E0848C  -2063220   -0.2459550
  7869 | E09CE9  -2056983   -0.2452115
  7870 | E0B547  -2050745   -0.2444679
  7871 | E0CDA6  -2044506   -0.2437241
  7872 | E0E607  -2038265   -0.2429801
  7873 | E0FE69  -2032023   -0.2422360
  7874 | E116CB  -2025781   -0.2414919
  7875 | E12F30  -2019536   -0.2407475
  7876 | E14795  -2013291   -0.2400030
  7877 | E15FFB  -2007045   -0.2392584
  7878 | E17863  -2000797   -0.2385136
  7879 | E190CC  -1994548   -0.2377687
  7880 | E1A936  -1988298   -0.2370236
  7881 | E1C1A1  -1982047   -0.2362784
  7882 | E1DA0E  -1975794   -0.2355330
  7883 | E1F27B  -1969541   -0.2347876
  7884 | E20AEA  -1963286   -0.2340419
  7885 | E2235A  -1957030   -0.2332962
  7886 | E23BCB  -1950773   -0.2325503
  7887 | E2543D  -1944515   -0.2318043
  7888 | E26CB0  -1938256   -0.2310581
  7889 | E28525  -1931995   -0.2303118
  7890 | E29D9A  -1925734   -0.2295654
  7891 | E2B611  -1919471   -0.2288188
  7892 | E2CE89  -1913207   -0.2280720
  7893 | E2E702  -1906942   -0.2273252
  7894 | E2FF7C  -1900676   -0.2265782
  7895 | E317F7  -1894409   -0.2258312
  7896 | E33074  -1888140   -0.2250838
  7897 | E348F1  -1881871   -0.2243365
  7898 | E36170  -1875600   -0.2235889
  7899 | E379EF  -1869329   -0.2228414
  7900 | E39270  -1863056   -0.2220936
  7901 | E3AAF2  -1856782   -0.2213457
  7902 | E3C375  -1850507   -0.2205976
  7903 | E3DBF9  -1844231   -0.2198495
  7904 | E3F47E  -1837954   -0.2191012
  7905 | E40D04  -1831676   -0.2183528
  7906 | E4258B  -1825397   -0.2176043
  7907 | E43E14  -1819116   -0.2168555
  7908 | E4569D  -1812835   -0.2161068
  7909 | E46F27  -1806553   -0.2153579
  7910 | E487B3  -1800269   -0.2146088
  7911 | E4A040  -1793984   -0.2138596
  7912 | E4B8CD  -1787699   -0.2131103
  7913 | E4D15C  -1781412   -0.2123609
  7914 | E4E9EC  -1775124   -0.2116113
  7915 | E5027D  -1768835   -0.2108616
  7916 | E51B0E  -1762546   -0.2101119
  7917 | E533A1  -1756255   -0.2093619
  7918 | E54C35  -1749963   -0.2086118
  7919 | E564CA  -1743670   -0.2078617
  7920 | E57D60  -1737376   -0.2071114
  7921 | E595F7  -1731081   -0.2063609
  7922 | E5AE8F  -1724785   -0.2056104
  7923 | E5C728  -1718488   -0.2048597
  7924 | E5DFC2  -1712190   -0.2041090
  7925 | E5F85D  -1705891   -0.2033581
  7926 | E610F9  -1699591   -0.2026070
  7927 | E62996  -1693290   -0.2018559
  7928 | E64234  -1686988   -0.2011046
  7929 | E65AD3  -1680685   -0.2003533
  7930 | E67373  -1674381   -0.1996018
  7931 | E68C14  -1668076   -0.1988502
  7932 | E6A4B6  -1661770   -0.1980984
  7933 | E6BD59  -1655463   -0.1973466
  7934 | E6D5FD  -1649155   -0.1965946
  7935 | E6EEA2  -1642846   -0.1958425
  7936 | E70748  -1636536   -0.1950903
  7937 | E71FEF  -1630225   -0.1943380
  7938 | E73897  -1623913   -0.1935855
  7939 | E7513F  -1617601   -0.1928331
  7940 | E769E9  -1611287   -0.1920804
  7941 | E78294  -1604972   -0.1913276
  7942 | E79B3F  -1598657   -0.1905748
  7943 | E7B3EC  -1592340   -0.1898217
  7944 | E7CC99  -1586023   -0.1890687
  7945 | E7E548  -1579704   -0.1883154
  7946 | E7FDF7  -1573385   -0.1875621
  7947 | E816A7  -1567065   -0.1868087
  7948 | E82F58  -1560744   -0.1860552
  7949 | E8480B  -1554421   -0.1853014
  7950 | E860BE  -1548098   -0.1845477
  7951 | E87971  -1541775   -0.1837939
  7952 | E89226  -1535450   -0.1830399
  7953 | E8AADC  -1529124   -0.1822858
  7954 | E8C393  -1522797   -0.1815315
  7955 | E8DC4A  -1516470   -0.1807773
  7956 | E8F503  -1510141   -0.1800228
  7957 | E90DBC  -1503812   -0.1792684
  7958 | E92676  -1497482   -0.1785138
  7959 | E93F31  -1491151   -0.1777591
  7960 | E957ED  -1484819   -0.1770042
  7961 | E970AA  -1478486   -0.1762493
  7962 | E98968  -1472152   -0.1754942
  7963 | E9A226  -1465818   -0.1747391
  7964 | E9BAE6  -1459482   -0.1739838
  7965 | E9D3A6  -1453146   -0.1732285
  7966 | E9EC67  -1446809   -0.1724731
  7967 | EA0529  -1440471   -0.1717175
  7968 | EA1DEC  -1434132   -0.1709619
  7969 | EA36B0  -1427792   -0.1702061
  7970 | EA4F74  -1421452   -0.1694503
  7971 | EA6839  -1415111   -0.1686944
  7972 | EA8100  -1408768   -0.1679382
  7973 | EA99C7  -1402425   -0.1671821
  7974 | EAB28F  -1396081   -0.1664258
  7975 | EACB57  -1389737   -0.1656696
  7976 | EAE421  -1383391   -0.1649131
  7977 | EAFCEB  -1377045   -0.1641566
  7978 | EB15B6  -1370698   -0.1633999
  7979 | EB2E82  -1364350   -0.1626432
  7980 | EB474F  -1358001   -0.1618863
  7981 | EB601C  -1351652   -0.1611295
  7982 | EB78EA  -1345302   -0.1603725
  7983 | EB91BA  -1338950   -0.1596153
  7984 | EBAA89  -1332599   -0.1588582
  7985 | EBC35A  -1326246   -0.1581008
  7986 | EBDC2C  -1319892   -0.1573434
  7987 | EBF4FE  -1313538   -0.1565859
  7988 | EC0DD1  -1307183   -0.1558284
  7989 | EC26A5  -1300827   -0.1550707
  7990 | EC3F79  -1294471   -0.1543130
  7991 | EC584E  -1288114   -0.1535552
  7992 | EC7124  -1281756   -0.1527972
  7993 | EC89FB  -1275397   -0.1520392
  7994 | ECA2D3  -1269037   -0.1512810
  7995 | ECBBAB  -1262677   -0.1505228
  7996 | ECD484  -1256316   -0.1497645
  7997 | ECED5E  -1249954   -0.1490061
  7998 | ED0638  -1243592   -0.1482477
  7999 | ED1F14  -1237228   -0.1474891
  8000 | ED37F0  -1230864   -0.1467304
  8001 | ED50CC  -1224500   -0.1459718
  8002 | ED69AA  -1218134   -0.1452129
  8003 | ED8288  -1211768   -0.1444540
  8004 | ED9B67  -1205401   -0.1436950
  8005 | EDB446  -1199034   -0.1429360
  8006 | EDCD27  -1192665   -0.1421767
  8007 | EDE608  -1186296   -0.1414175
  8008 | EDFEE9  -1179927   -0.1406583
  8009 | EE17CC  -1173556   -0.1398988
  8010 | EE30AF  -1167185   -0.1391393
  8011 | EE4992  -1160814   -0.1383798
  8012 | EE6277  -1154441   -0.1376201
  8013 | EE7B5C  -1148068   -0.1368604
  8014 | EE9442  -1141694   -0.1361005
  8015 | EEAD28  -1135320   -0.1353407
  8016 | EEC60F  -1128945   -0.1345807
  8017 | EEDEF7  -1122569   -0.1338207
  8018 | EEF7E0  -1116192   -0.1330605
  8019 | EF10C9  -1109815   -0.1323003
  8020 | EF29B2  -1103438   -0.1315401
  8021 | EF429D  -1097059   -0.1307796
  8022 | EF5B88  -1090680   -0.1300192
  8023 | EF7474  -1084300   -0.1292586
  8024 | EF8D60  -1077920   -0.1284981
  8025 | EFA64D  -1071539   -0.1277374
  8026 | EFBF3A  -1065158   -0.1269767
  8027 | EFD829  -1058775   -0.1262158
  8028 | EFF117  -1052393   -0.1254550
  8029 | F00A07  -1046009   -0.1246940
  8030 | F022F7  -1039625   -0.1239330
  8031 | F03BE8  -1033240   -0.1231718
  8032 | F054D9  -1026855   -0.1224107
  8033 | F06DCB  -1020469   -0.1216494
  8034 | F086BD  -1014083   -0.1208881
  8035 | F09FB0  -1007696   -0.1201267
  8036 | F0B8A4  -1001308   -0.1193652
  8037 | F0D198   -994920   -0.1186037
  8038 | F0EA8D   -988531   -0.1178421
  8039 | F10383   -982141   -0.1170803
  8040 | F11C79   -975751   -0.1163186
  8041 | F1356F   -969361   -0.1155568
  8042 | F14E66   -962970   -0.1147950
  8043 | F1675E   -956578   -0.1140330
  8044 | F18056   -950186   -0.1132710
  8045 | F1994F   -943793   -0.1125089
  8046 | F1B249   -937399   -0.1117467
  8047 | F1CB43   -931005   -0.1109844
  8048 | F1E43D   -924611   -0.1102222
  8049 | F1FD38   -918216   -0.1094599
  8050 | F21634   -911820   -0.1086974
  8051 | F22F30   -905424   -0.1079350
  8052 | F2482D   -899027   -0.1071724
  8053 | F2612A   -892630   -0.1064098
  8054 | F27A28   -886232   -0.1056471
  8055 | F29326   -879834   -0.1048844
  8056 | F2AC25   -873435   -0.1041216
  8057 | F2C524   -867036   -0.1033587
  8058 | F2DE24   -860636   -0.1025958
  8059 | F2F724   -854236   -0.1018329
  8060 | F31025   -847835   -0.1010698
  8061 | F32926   -841434   -0.1003067
  8062 | F34228   -835032   -0.0995436
  8063 | F35B2A   -828630   -0.0987804
  8064 | F3742D   -822227   -0.0980171
  8065 | F38D30   -815824   -0.0972538
  8066 | F3A634   -809420   -0.0964904
  8067 | F3BF38   -803016   -0.0957270
  8068 | F3D83D   -796611   -0.0949634
  8069 | F3F142   -790206   -0.0941999
  8070 | F40A47   -783801   -0.0934364
  8071 | F4234D   -777395   -0.0926727
  8072 | F43C54   -770988   -0.0919089
  8073 | F4555B   -764581   -0.0911452
  8074 | F46E62   -758174   -0.0903814
  8075 | F4876A   -751766   -0.0896175
  8076 | F4A072   -745358   -0.0888536
  8077 | F4B97B   -738949   -0.0880896
  8078 | F4D284   -732540   -0.0873256
  8079 | F4EB8E   -726130   -0.0865614
  8080 | F50498   -719720   -0.0857973
  8081 | F51DA3   -713309   -0.0850331
  8082 | F536AD   -706899   -0.0842689
  8083 | F54FB9   -700487   -0.0835046
  8084 | F568C4   -694076   -0.0827403
  8085 | F581D1   -687663   -0.0819758
  8086 | F59ADD   -681251   -0.0812114
  8087 | F5B3EA   -674838   -0.0804470
  8088 | F5CCF7   -668425   -0.0796825
  8089 | F5E605   -662011   -0.0789179
  8090 | F5FF13   -655597   -0.0781533
  8091 | F61822   -649182   -0.0773885
  8092 | F63131   -642767   -0.0766238
  8093 | F64A40   -636352   -0.0758591
  8094 | F6634F   -629937   -0.0750943
  8095 | F67C5F   -623521   -0.0743295
  8096 | F69570   -617104   -0.0735645
  8097 | F6AE81   -610687   -0.0727996
  8098 | F6C792   -604270   -0.0720346
  8099 | F6E0A3   -597853   -0.0712696
  8100 | F6F9B5   -591435   -0.0705045
  8101 | F712C7   -585017   -0.0697395
  8102 | F72BD9   -578599   -0.0689744
  8103 | F744EC   -572180   -0.0682092
  8104 | F75DFF   -565761   -0.0674440
  8105 | F77713   -559341   -0.0666786
  8106 | F79027   -552921   -0.0659133
  8107 | F7A93B   -546501   -0.0651480
  8108 | F7C24F   -540081   -0.0643827
  8109 | F7DB64   -533660   -0.0636172
  8110 | F7F479   -527239   -0.0628518
  8111 | F80D8F   -520817   -0.0620862
  8112 | F826A4   -514396   -0.0613208
  8113 | F83FBA   -507974   -0.0605552
  8114 | F858D1   -501551   -0.0597895
  8115 | F871E7   -495129   -0.0590240
  8116 | F88AFE   -488706   -0.0582583
  8117 | F8A416   -482282   -0.0574925
  8118 | F8BD2D   -475859   -0.0567268
  8119 | F8D645   -469435   -0.0559610
  8120 | F8EF5D   -463011   -0.0551952
  8121 | F90875   -456587   -0.0544294
  8122 | F9218E   -450162   -0.0536635
  8123 | F93AA7   -443737   -0.0528976
  8124 | F953C0   -437312   -0.0521317
  8125 | F96CD9   -430887   -0.0513657
  8126 | F985F3   -424461   -0.0505997
  8127 | F99F0C   -418036   -0.0498338
  8128 | F9B827   -411609   -0.0490676
  8129 | F9D141   -405183   -0.0483016
  8130 | F9EA5C   -398756   -0.0475354
  8131 | FA0376   -392330   -0.0467694
  8132 | FA1C91   -385903   -0.0460032
  8133 | FA35AD   -379475   -0.0452369
  8134 | FA4EC8   -373048   -0.0444708
  8135 | FA67E4   -366620   -0.0437045
  8136 | FA8100   -360192   -0.0429382
  8137 | FA9A1C   -353764   -0.0421720
  8138 | FAB338   -347336   -0.0414057
  8139 | FACC55   -340907   -0.0406393
  8140 | FAE572   -334478   -0.0398729
  8141 | FAFE8F   -328049   -0.0391065
  8142 | FB17AC   -321620   -0.0383401
  8143 | FB30C9   -315191   -0.0375737
  8144 | FB49E7   -308761   -0.0368072
  8145 | FB6304   -302332   -0.0360408
  8146 | FB7C22   -295902   -0.0352743
  8147 | FB9540   -289472   -0.0345078
  8148 | FBAE5F   -283041   -0.0337411
  8149 | FBC77D   -276611   -0.0329746
  8150 | FBE09C   -270180   -0.0322080
  8151 | FBF9BA   -263750   -0.0314415
  8152 | FC12D9   -257319   -0.0306748
  8153 | FC2BF8   -250888   -0.0299082
  8154 | FC4517   -244457   -0.0291415
  8155 | FC5E37   -238025   -0.0283748
  8156 | FC7756   -231594   -0.0276082
  8157 | FC9076   -225162   -0.0268414
  8158 | FCA995   -218731   -0.0260748
  8159 | FCC2B5   -212299   -0.0253080
  8160 | FCDBD5   -205867   -0.0245413
  8161 | FCF4F5   -199435   -0.0237745
  8162 | FD0E16   -193002   -0.0230076
  8163 | FD2736   -186570   -0.0222409
  8164 | FD4056   -180138   -0.0214741
  8165 | FD5977   -173705   -0.0207072
  8166 | FD7298   -167272   -0.0199404
  8167 | FD8BB8   -160840   -0.0191736
  8168 | FDA4D9   -154407   -0.0184067
  8169 | FDBDFA   -147974   -0.0176399
  8170 | FDD71B   -141541   -0.0168730
  8171 | FDF03C   -135108   -0.0161061
  8172 | FE095D   -128675   -0.0153393
  8173 | FE227F   -122241   -0.0145723
  8174 | FE3BA0   -115808   -0.0138054
  8175 | FE54C1   -109375   -0.0130385
  8176 | FE6DE3   -102941   -0.0122715
  8177 | FE8704    -96508   -0.0115047
  8178 | FEA026    -90074   -0.0107377
  8179 | FEB948    -83640   -0.0099707
  8180 | FED269    -77207   -0.0092038
  8181 | FEEB8B    -70773   -0.0084368
  8182 | FF04AD    -64339   -0.0076698
  8183 | FF1DCF    -57905   -0.0069028
  8184 | FF36F0    -51472   -0.0061359
  8185 | FF5012    -45038   -0.0053689
  8186 | FF6934    -38604   -0.0046020
  8187 | FF8256    -32170   -0.0038350
  8188 | FF9B78    -25736   -0.0030680
  8189 | FFB49A    -19302   -0.0023010
  8190 | FFCDBC    -12868   -0.0015340
  8191 | FFE6DE     -6434   -0.0007670
