path_in_original	status	content_lives_at	reason
!hi agents always give me TAR archive for download all files with one button.txt	duplicate of	!HI AGENTS DONT COMPILE  AND DONT COPY BIG FILE TO WORKSPACE - 128.0 MB  for all files 10 000-file limit. no permission for delete.txt	дедуп по sha256
04_tables/P_1001d1_VO6_dispatch_table.bin	duplicate of	12_mining_archive/all_tables_v4/P_1001D1_VO6_dispatch_table.bin	дедуп по sha256
04_tables/P_1007f1_VO6_table2.bin	duplicate of	12_mining_archive/all_tables_v4/P_1007F1_VO6_table2.bin	дедуп по sha256
04_tables/P_123ef5_FXREV_decay_table.bin	duplicate of	04_tables/P_11b451_DPRO_wavetable_main.bin	дедуп по sha256
04_tables/P_133191_FXREV_damp_table.bin	duplicate of	04_tables/P_11b451_DPRO_wavetable_main.bin	дедуп по sha256
04_tables/P_133191_FXREV_damp_table.bin	duplicate of	04_tables/P_123ef5_FXREV_decay_table.bin	дедуп по sha256
04_tables/P_140000_SID_wavetable_0.bin	duplicate of	04_tables/X_140000_pitch_wavetable_2048.bin	дедуп по sha256
04_tables/P_140800_SID_wavetable_1.bin	duplicate of	04_tables/P_11b451_DPRO_wavetable_main.bin	дедуп по sha256
04_tables/P_140800_SID_wavetable_1.bin	duplicate of	12_mining_archive/iteracy5/SID_wavetable_area_140800_factory.bin	дедуп по sha256
04_tables/P_141900_PHASER_stage0_table.bin	duplicate of	04_tables/P_141900_PHASER_stage0_table.bin	дедуп по sha256
04_tables/P_141980_PHASER_stage1_table.bin	duplicate of	04_tables/P_141980_PHASER_stage1_table.bin	дедуп по sha256
04_tables/P_141a00_PHASER_stage2_table.bin	duplicate of	04_tables/P_141a00_PHASER_stage2_table.bin	дедуп по sha256
04_tables/P_141b18_PHASER_stage3_table.bin	duplicate of	12_mining_archive/filter_phaser_pack/01_filter/tables/P_141B18_env_shape_tbl_F.bin	дедуп по sha256
04_tables/P_143546_PHASER_cntr_table.bin	duplicate of	12_mining_archive/filter_phaser_pack/01_filter/tables/P_143546_kernel_tbl_143546.bin	дедуп по sha256
04_tables/P_1435c6_SID_helper_table.bin	duplicate of	04_tables/P_1435c6_SID_helper_table.bin	дедуп по sha256
04_tables/P_143d06_SID_filter_table.bin	duplicate of	04_tables/P_143d06_SID_filter_table.bin	дедуп по sha256
04_tables/P_1444c6_FXDYN_attack_table.bin	duplicate of	04_tables/P_1444c6_FXDYN_attack_table.bin	дедуп по sha256
04_tables/P_1446c6_FXDYN_release_table.bin	duplicate of	04_tables/P_1446c6_FXDYN_release_table.bin	дедуп по sha256
04_tables/P_144ac7_LP_filter_coeffs.bin	duplicate of	04_tables/P_144ac7_LP_filter_coeffs.bin	дедуп по sha256
04_tables/P_144ac7_LP_filter_coeffs_FROM_DSP.bin	duplicate of	04_tables/P_144ac7_LP_filter_coeffs.bin	дедуп по sha256
04_tables/P_144c49_m32_helper_table.bin	duplicate of	04_tables/P_144c49_m32_helper_table.bin	дедуп по sha256
04_tables/P_145c48_m33_helper_table.bin	duplicate of	04_tables/P_145c48_m33_helper_table.bin	дедуп по sha256
04_tables/X_0002c0_audio_buffer_bases.bin	duplicate of	04_tables/X_0002c0_audio_buffer_bases.bin	дедуп по sha256
04_tables/X_000394_pitch_table_1.bin	duplicate of	04_tables/X_000394_pitch_table_1.bin	дедуп по sha256
04_tables/X_0003f4_pitch_table_2.bin	duplicate of	04_tables/X_0003f4_pitch_table_2.bin	дедуп по sha256
04_tables/X_14A000_sine_table_8K.bin	duplicate of	12_mining_archive/filter_phaser_pack/22_phaser_lfo/tables_14A000_14A800/X_14A000_sine8k_full.bin	дедуп по sha256
04_tables/X_14A800_width_table_chorus_B.bin	duplicate of	12_mining_archive/filter_phaser_pack/22_phaser_lfo/tables_14A000_14A800/X_14A800_cos8k_full.bin	дедуп по sha256
04_tables/Y_000132_sine_table_FM.bin	duplicate of	04_tables/Y_000132_sine_table_FM.bin	дедуп по sha256
04_tables/Y_000334_LFO_wave_triangle.bin	duplicate of	04_tables/Y_000334_LFO_wave_triangle.bin	дедуп по sha256
04_tables/Y_141A00_LFO_mult_table.bin	duplicate of	04_tables/P_141a00_PHASER_stage2_table.bin	дедуп по sha256
04_tables/Y_1449c6_kernel_curve_table_QUADRATIC.bin	duplicate of	04_tables/Y_1449c6_kernel_curve_table__2.bin	дедуп по sha256
04_tables/lowpassTable.bin	duplicate of	04_tables/P_144ac7_LP_filter_coeffs.bin	дедуп по sha256
07_scripts/DSP56300 disassemblerStandalone/reference/chorus_info.txt	duplicate of	06_docs/chorus info.txt	дедуп по sha256
07_scripts/DSP56300 disassemblerStandalone/reference/chorus_region.bin	duplicate of	02_memory_images/chorus_region.bin	дедуп по sha256
07_scripts/DSP56300 disassemblerStandalone/reference/dispatch_dsp1_dispatch.txt	duplicate of	03_listings/dispatch/dsp1_dispatch.txt	дедуп по sha256
07_scripts/DSP56300 disassemblerStandalone/reference/dispatch_dsp1_kernel_P0000-0B4D.txt	duplicate of	03_listings/dispatch/dsp1_kernel_P0000-0B4D.txt	дедуп по sha256
07_scripts/DSP56300 disassemblerStandalone/reference/dispatch_dsp1_machine_code.txt	duplicate of	03_listings/dispatch/dsp1_machine_code.txt	дедуп по sha256
07_scripts/DSP56300 disassemblerStandalone/reference/dispatch_dsp1_machines_fx.txt	duplicate of	03_listings/dispatch/dsp1_machines_fx.txt	дедуп по sha256
07_scripts/DSP56300 disassemblerStandalone/reference/machines_page_A_chorus_full.txt	duplicate of	07_scripts/DSP56300 disassemblerStandalone/reference/dispatch_chorus_disasm.txt	дедуп по sha256
07_scripts/DSP56300 disassemblerStandalone/reference/machines_page_A_fm_dyn_full.txt	duplicate of	07_scripts/DSP56300 disassemblerStandalone/reference/dispatch_chorus_disasm.txt	дедуп по sha256
07_scripts/DSP56300 disassemblerStandalone/reference/machines_page_A_fm_par_full.txt	duplicate of	07_scripts/DSP56300 disassemblerStandalone/reference/dispatch_chorus_disasm.txt	дедуп по sha256
07_scripts/DSP56300 disassemblerStandalone/reference/machines_page_A_fm_stat_full.txt	duplicate of	07_scripts/DSP56300 disassemblerStandalone/reference/dispatch_chorus_disasm.txt	дедуп по sha256
07_scripts/DSP56300 disassemblerStandalone/reference/voice_state_offsets.txt	duplicate of	06_docs/voice_state_offsets.txt	дедуп по sha256
09_not_sorted/missing_data/mmnova_firmware_mining_v6/01_sections/section_0_MAIN_OS.bin	duplicate of	05_descriptors/coldfire_main.bin	доказанный дубль (mmnova_firmware_mining_v6)
09_not_sorted/missing_data/mmnova_firmware_mining_v6/01_sections/section_1_DSP1_stream.bin	duplicate of	12_mining_archive/iteracy4/blk1_full.bin	доказанный дубль (mmnova_firmware_mining_v6)
09_not_sorted/missing_data/mmnova_firmware_mining_v6/01_sections/section_2_DSP2_stream.bin	duplicate of	12_mining_archive/iteracy4/blk2_full.bin	доказанный дубль (mmnova_firmware_mining_v6)
09_not_sorted/missing_data/mmnova_firmware_mining_v6/01_sections/section_3_DSP_common_stream.bin	duplicate of	12_mining_archive/iteracy4/blk3_full.bin	доказанный дубль (mmnova_firmware_mining_v6)
09_not_sorted/missing_data/mmnova_firmware_mining_v6/01_sections/section_4_factory_data.bin	duplicate of	12_mining_archive/iteracy4/blk4_full.bin	доказанный дубль (mmnova_firmware_mining_v6)
09_not_sorted/missing_data/mmnova_firmware_mining_v6/02_hi08_records/common_stream_records.txt	duplicate of	12_mining_archive/v7/02_hi08_records/common_stream_records.txt	доказанный дубль (mmnova_firmware_mining_v6)
09_not_sorted/missing_data/mmnova_firmware_mining_v6/02_hi08_records/dsp1_stream_records.txt	duplicate of	12_mining_archive/v7/02_hi08_records/dsp1_stream_records.txt	доказанный дубль (mmnova_firmware_mining_v6)
09_not_sorted/missing_data/mmnova_firmware_mining_v6/02_hi08_records/dsp2_stream_records.txt	duplicate of	12_mining_archive/v7/02_hi08_records/dsp2_stream_records.txt	доказанный дубль (mmnova_firmware_mining_v6)
09_not_sorted/missing_data/mmnova_firmware_mining_v6/03_dsp_images_from_firmware/dsp1_pmem_from_firmware.bin	duplicate of	02_memory_images/dsp1_pmem.bin	доказанный дубль (mmnova_firmware_mining_v6)
09_not_sorted/missing_data/mmnova_firmware_mining_v6/03_dsp_images_from_firmware/dsp1_xmem_from_firmware.bin	duplicate of	02_memory_images/dsp1_xmem.bin	доказанный дубль (mmnova_firmware_mining_v6)
09_not_sorted/missing_data/mmnova_firmware_mining_v6/03_dsp_images_from_firmware/dsp1_ymem_from_firmware.bin	duplicate of	02_memory_images/dsp1_ymem.bin	доказанный дубль (mmnova_firmware_mining_v6)
09_not_sorted/missing_data/mmnova_firmware_mining_v6/03_dsp_images_from_firmware/dsp2_pmem_from_firmware.bin	duplicate of	02_memory_images/dsp2_pmem.bin	доказанный дубль (mmnova_firmware_mining_v6)
09_not_sorted/missing_data/mmnova_firmware_mining_v6/03_dsp_images_from_firmware/dsp2_xmem_from_firmware.bin	duplicate of	02_memory_images/dsp2_xmem.bin	доказанный дубль (mmnova_firmware_mining_v6)
09_not_sorted/missing_data/mmnova_firmware_mining_v6/03_dsp_images_from_firmware/dsp2_ymem_from_firmware.bin	duplicate of	02_memory_images/dsp2_ymem.bin	доказанный дубль (mmnova_firmware_mining_v6)
09_not_sorted/missing_data/mmnova_firmware_mining_v6/03_dsp_images_from_firmware/p_bank_map.txt	duplicate of	12_mining_archive/v7/03_dsp_images_from_firmware/p_bank_map.txt	доказанный дубль (mmnova_firmware_mining_v6)
09_not_sorted/missing_data/mmnova_firmware_mining_v6/03_dsp_images_from_firmware/verification.txt	duplicate of	12_mining_archive/v7/03_dsp_images_from_firmware/verification.txt	доказанный дубль (mmnova_firmware_mining_v6)
09_not_sorted/missing_data/mmnova_firmware_mining_v6/04_factory_data/factory_index.json	duplicate of	12_mining_archive/v7/04_factory_data/factory_index.json	доказанный дубль (mmnova_firmware_mining_v6)
09_not_sorted/missing_data/mmnova_firmware_mining_v6/04_factory_data/names_index.txt	duplicate of	12_mining_archive/v7/04_factory_data/names_index.txt	доказанный дубль (mmnova_firmware_mining_v6)
09_not_sorted/missing_data/mmnova_firmware_mining_v6/04_factory_data/slots/kit_001_E_FUTURE.bin	duplicate of	12_mining_archive/v7/04_factory_data/slots/kit_001_E_FUTURE.bin	доказанный дубль (mmnova_firmware_mining_v6)
09_not_sorted/missing_data/mmnova_firmware_mining_v6/04_factory_data/slots/kit_001_THE_FUTURE.bin	duplicate of	12_mining_archive/v7/04_factory_data/slots/kit_001_E_FUTURE.bin	доказанный дубль (mmnova_firmware_mining_v6)
09_not_sorted/missing_data/mmnova_firmware_mining_v6/04_factory_data/slots/kit_066_AVE_KIT.bin	duplicate of	12_mining_archive/v7/04_factory_data/slots/kit_066_AVE_KIT.bin	доказанный дубль (mmnova_firmware_mining_v6)
09_not_sorted/missing_data/mmnova_firmware_mining_v6/04_factory_data/slots/kit_067_EEJAZZ.bin	duplicate of	12_mining_archive/v7/04_factory_data/slots/kit_067_EEJAZZ.bin	доказанный дубль (mmnova_firmware_mining_v6)
09_not_sorted/missing_data/mmnova_firmware_mining_v6/04_factory_data/slots/kit_067_FREEJAZZ.bin	duplicate of	12_mining_archive/v7/04_factory_data/slots/kit_067_EEJAZZ.bin	доказанный дубль (mmnova_firmware_mining_v6)
09_not_sorted/missing_data/mmnova_firmware_mining_v6/04_factory_data/slots/kit_068__KIT.bin	duplicate of	12_mining_archive/v7/04_factory_data/slots/kit_068__KIT.bin	доказанный дубль (mmnova_firmware_mining_v6)
09_not_sorted/missing_data/mmnova_firmware_mining_v6/04_factory_data/slots/kit_069_D_KIT.bin	duplicate of	12_mining_archive/v7/04_factory_data/slots/kit_069_D_KIT.bin	доказанный дубль (mmnova_firmware_mining_v6)
09_not_sorted/missing_data/mmnova_firmware_mining_v6/04_factory_data/slots/kit_070_D_KIT.bin	duplicate of	12_mining_archive/v7/04_factory_data/slots/kit_069_D_KIT.bin	доказанный дубль (mmnova_firmware_mining_v6)
09_not_sorted/missing_data/mmnova_firmware_mining_v6/04_factory_data/slots/kit_071_D_KIT.bin	duplicate of	12_mining_archive/v7/04_factory_data/slots/kit_069_D_KIT.bin	доказанный дубль (mmnova_firmware_mining_v6)
09_not_sorted/missing_data/mmnova_firmware_mining_v6/04_factory_data/slots/kit_072_ALPHA.bin	duplicate of	12_mining_archive/v7/04_factory_data/slots/kit_072_ALPHA.bin	доказанный дубль (mmnova_firmware_mining_v6)
09_not_sorted/missing_data/mmnova_firmware_mining_v6/04_factory_data/slots/kit_072_DJALPHA.bin	duplicate of	12_mining_archive/v7/04_factory_data/slots/kit_072_ALPHA.bin	доказанный дубль (mmnova_firmware_mining_v6)
09_not_sorted/missing_data/mmnova_firmware_mining_v6/04_factory_data/slots/kit_073_AD01.bin	duplicate of	12_mining_archive/v7/04_factory_data/slots/kit_073_AD01.bin	доказанный дубль (mmnova_firmware_mining_v6)
09_not_sorted/missing_data/mmnova_firmware_mining_v6/04_factory_data/slots/kit_074_RETRIG.bin	duplicate of	12_mining_archive/v7/04_factory_data/slots/kit_074_RETRIG.bin	доказанный дубль (mmnova_firmware_mining_v6)
09_not_sorted/missing_data/mmnova_firmware_mining_v6/04_factory_data/slots/kit_074_TRIG.bin	duplicate of	12_mining_archive/v7/04_factory_data/slots/kit_074_RETRIG.bin	доказанный дубль (mmnova_firmware_mining_v6)
09_not_sorted/missing_data/mmnova_firmware_mining_v6/04_factory_data/slots/kit_075_TRUMMASKIN.bin	duplicate of	12_mining_archive/v7/04_factory_data/slots/kit_075_TRUMMASKIN.bin	доказанный дубль (mmnova_firmware_mining_v6)
09_not_sorted/missing_data/mmnova_firmware_mining_v6/04_factory_data/slots/kit_075_UMMASKIN.bin	duplicate of	12_mining_archive/v7/04_factory_data/slots/kit_075_TRUMMASKIN.bin	доказанный дубль (mmnova_firmware_mining_v6)
09_not_sorted/missing_data/mmnova_firmware_mining_v6/04_factory_data/slots/kit_076_EEJAZZ.bin	duplicate of	12_mining_archive/v7/04_factory_data/slots/kit_067_EEJAZZ.bin	доказанный дубль (mmnova_firmware_mining_v6)
09_not_sorted/missing_data/mmnova_firmware_mining_v6/04_factory_data/slots/kit_076_FREEJAZZ.bin	duplicate of	12_mining_archive/v7/04_factory_data/slots/kit_067_EEJAZZ.bin	доказанный дубль (mmnova_firmware_mining_v6)
09_not_sorted/missing_data/mmnova_firmware_mining_v6/04_factory_data/slots/kit_077_SAW_SIX.bin	duplicate of	12_mining_archive/v7/04_factory_data/slots/kit_077_SAW_SIX.bin	доказанный дубль (mmnova_firmware_mining_v6)
09_not_sorted/missing_data/mmnova_firmware_mining_v6/04_factory_data/slots/kit_077_W_SIX.bin	duplicate of	12_mining_archive/v7/04_factory_data/slots/kit_077_SAW_SIX.bin	доказанный дубль (mmnova_firmware_mining_v6)
09_not_sorted/missing_data/mmnova_firmware_mining_v6/04_factory_data/slots/kit_078_COMPUTING.bin	duplicate of	12_mining_archive/v7/04_factory_data/slots/kit_078_COMPUTING.bin	доказанный дубль (mmnova_firmware_mining_v6)
09_not_sorted/missing_data/mmnova_firmware_mining_v6/04_factory_data/slots/kit_078_MPUTING.bin	duplicate of	12_mining_archive/v7/04_factory_data/slots/kit_078_COMPUTING.bin	доказанный дубль (mmnova_firmware_mining_v6)
09_not_sorted/missing_data/mmnova_firmware_mining_v6/04_factory_data/slots/kit_079_DIGITAL.bin	duplicate of	12_mining_archive/v7/04_factory_data/slots/kit_079_DIGITAL.bin	доказанный дубль (mmnova_firmware_mining_v6)
09_not_sorted/missing_data/mmnova_firmware_mining_v6/04_factory_data/slots/kit_079_GITAL.bin	duplicate of	12_mining_archive/v7/04_factory_data/slots/kit_079_DIGITAL.bin	доказанный дубль (mmnova_firmware_mining_v6)
09_not_sorted/missing_data/mmnova_firmware_mining_v6/04_factory_data/slots/kit_080_RINGENT.bin	duplicate of	12_mining_archive/v7/04_factory_data/slots/kit_080_RINGENT.bin	доказанный дубль (mmnova_firmware_mining_v6)
09_not_sorted/missing_data/mmnova_firmware_mining_v6/04_factory_data/slots/kit_080_STRINGENT.bin	duplicate of	12_mining_archive/v7/04_factory_data/slots/kit_080_RINGENT.bin	доказанный дубль (mmnova_firmware_mining_v6)
09_not_sorted/missing_data/mmnova_firmware_mining_v6/04_factory_data/slots/kit_081_EORY.bin	duplicate of	12_mining_archive/v7/04_factory_data/slots/kit_081_EORY.bin	доказанный дубль (mmnova_firmware_mining_v6)
09_not_sorted/missing_data/mmnova_firmware_mining_v6/04_factory_data/slots/kit_081_THEORY.bin	duplicate of	12_mining_archive/v7/04_factory_data/slots/kit_081_EORY.bin	доказанный дубль (mmnova_firmware_mining_v6)
09_not_sorted/missing_data/mmnova_firmware_mining_v6/04_factory_data/slots/kit_082_HORNYACID.bin	duplicate of	12_mining_archive/v7/04_factory_data/slots/kit_082_HORNYACID.bin	доказанный дубль (mmnova_firmware_mining_v6)
09_not_sorted/missing_data/mmnova_firmware_mining_v6/04_factory_data/slots/kit_082_RNYACID.bin	duplicate of	12_mining_archive/v7/04_factory_data/slots/kit_082_HORNYACID.bin	доказанный дубль (mmnova_firmware_mining_v6)
09_not_sorted/missing_data/mmnova_firmware_mining_v6/04_factory_data/slots/kit_083_EQUENCIA.bin	duplicate of	12_mining_archive/v7/04_factory_data/slots/kit_083_EQUENCIA.bin	доказанный дубль (mmnova_firmware_mining_v6)
09_not_sorted/missing_data/mmnova_firmware_mining_v6/04_factory_data/slots/kit_083_FREQUENCIA.bin	duplicate of	12_mining_archive/v7/04_factory_data/slots/kit_083_EQUENCIA.bin	доказанный дубль (mmnova_firmware_mining_v6)
09_not_sorted/missing_data/mmnova_firmware_mining_v6/04_factory_data/slots/kit_084_EPPAH.bin	duplicate of	12_mining_archive/v7/04_factory_data/slots/kit_084_EPPAH.bin	доказанный дубль (mmnova_firmware_mining_v6)
09_not_sorted/missing_data/mmnova_firmware_mining_v6/04_factory_data/slots/kit_084_STEPPAH.bin	duplicate of	12_mining_archive/v7/04_factory_data/slots/kit_084_EPPAH.bin	доказанный дубль (mmnova_firmware_mining_v6)
09_not_sorted/missing_data/mmnova_firmware_mining_v6/04_factory_data/slots/kit_085_ETHNICITY.bin	duplicate of	12_mining_archive/v7/04_factory_data/slots/kit_085_ETHNICITY.bin	доказанный дубль (mmnova_firmware_mining_v6)
09_not_sorted/missing_data/mmnova_firmware_mining_v6/04_factory_data/slots/kit_085_HNICITY.bin	duplicate of	12_mining_archive/v7/04_factory_data/slots/kit_085_ETHNICITY.bin	доказанный дубль (mmnova_firmware_mining_v6)
09_not_sorted/missing_data/mmnova_firmware_mining_v6/04_factory_data/slots/kit_086_BROKEN.bin	duplicate of	12_mining_archive/v7/04_factory_data/slots/kit_086_BROKEN.bin	доказанный дубль (mmnova_firmware_mining_v6)
09_not_sorted/missing_data/mmnova_firmware_mining_v6/04_factory_data/slots/kit_086_OKEN.bin	duplicate of	12_mining_archive/v7/04_factory_data/slots/kit_086_BROKEN.bin	доказанный дубль (mmnova_firmware_mining_v6)
09_not_sorted/missing_data/mmnova_firmware_mining_v6/04_factory_data/slots/kit_087_FUNKPATROL.bin	duplicate of	12_mining_archive/v7/04_factory_data/slots/kit_087_FUNKPATROL.bin	доказанный дубль (mmnova_firmware_mining_v6)
09_not_sorted/missing_data/mmnova_firmware_mining_v6/04_factory_data/slots/kit_087_NKPATROL.bin	duplicate of	12_mining_archive/v7/04_factory_data/slots/kit_087_FUNKPATROL.bin	доказанный дубль (mmnova_firmware_mining_v6)
09_not_sorted/missing_data/mmnova_firmware_mining_v6/04_factory_data/slots/kit_088_MISTIQUE.bin	duplicate of	12_mining_archive/v7/04_factory_data/slots/kit_088_MISTIQUE.bin	доказанный дубль (mmnova_firmware_mining_v6)
09_not_sorted/missing_data/mmnova_firmware_mining_v6/04_factory_data/slots/kit_088_STIQUE.bin	duplicate of	12_mining_archive/v7/04_factory_data/slots/kit_088_MISTIQUE.bin	доказанный дубль (mmnova_firmware_mining_v6)
09_not_sorted/missing_data/mmnova_firmware_mining_v6/04_factory_data/slots/kit_089_DIOWAVES.bin	duplicate of	12_mining_archive/v7/04_factory_data/slots/kit_089_DIOWAVES.bin	доказанный дубль (mmnova_firmware_mining_v6)
09_not_sorted/missing_data/mmnova_firmware_mining_v6/04_factory_data/slots/kit_089_RADIOWAVES.bin	duplicate of	12_mining_archive/v7/04_factory_data/slots/kit_089_DIOWAVES.bin	доказанный дубль (mmnova_firmware_mining_v6)
09_not_sorted/missing_data/mmnova_firmware_mining_v6/04_factory_data/slots/kit_090_LTI_SAW.bin	duplicate of	12_mining_archive/v7/04_factory_data/slots/kit_090_LTI_SAW.bin	доказанный дубль (mmnova_firmware_mining_v6)
09_not_sorted/missing_data/mmnova_firmware_mining_v6/04_factory_data/slots/kit_090_MULTI_SAW.bin	duplicate of	12_mining_archive/v7/04_factory_data/slots/kit_090_LTI_SAW.bin	доказанный дубль (mmnova_firmware_mining_v6)
09_not_sorted/missing_data/mmnova_firmware_mining_v6/04_factory_data/slots/kit_091_LTI_PULS.bin	duplicate of	12_mining_archive/v7/04_factory_data/slots/kit_091_LTI_PULS.bin	доказанный дубль (mmnova_firmware_mining_v6)
09_not_sorted/missing_data/mmnova_firmware_mining_v6/04_factory_data/slots/kit_091_MULTI_PULS.bin	duplicate of	12_mining_archive/v7/04_factory_data/slots/kit_091_LTI_PULS.bin	доказанный дубль (mmnova_firmware_mining_v6)
09_not_sorted/missing_data/mmnova_firmware_mining_v6/04_factory_data/slots/kit_092_LTI_ENS.bin	duplicate of	12_mining_archive/v7/04_factory_data/slots/kit_092_LTI_ENS.bin	доказанный дубль (mmnova_firmware_mining_v6)
09_not_sorted/missing_data/mmnova_firmware_mining_v6/04_factory_data/slots/kit_092_MULTI_ENS.bin	duplicate of	12_mining_archive/v7/04_factory_data/slots/kit_092_LTI_ENS.bin	доказанный дубль (mmnova_firmware_mining_v6)
09_not_sorted/missing_data/mmnova_firmware_mining_v6/04_factory_data/slots/kit_093_LTI_SID.bin	duplicate of	12_mining_archive/v7/04_factory_data/slots/kit_093_LTI_SID.bin	доказанный дубль (mmnova_firmware_mining_v6)
09_not_sorted/missing_data/mmnova_firmware_mining_v6/04_factory_data/slots/kit_093_MULTI_SID.bin	duplicate of	12_mining_archive/v7/04_factory_data/slots/kit_093_LTI_SID.bin	доказанный дубль (mmnova_firmware_mining_v6)
09_not_sorted/missing_data/mmnova_firmware_mining_v6/04_factory_data/slots/kit_094_LTI_DPRO.bin	duplicate of	12_mining_archive/v7/04_factory_data/slots/kit_094_LTI_DPRO.bin	доказанный дубль (mmnova_firmware_mining_v6)
09_not_sorted/missing_data/mmnova_firmware_mining_v6/04_factory_data/slots/kit_094_MULTI_DPRO.bin	duplicate of	12_mining_archive/v7/04_factory_data/slots/kit_094_LTI_DPRO.bin	доказанный дубль (mmnova_firmware_mining_v6)
09_not_sorted/missing_data/mmnova_firmware_mining_v6/04_factory_data/slots/kit_095_LTI_FM_1.bin	duplicate of	12_mining_archive/v7/04_factory_data/slots/kit_095_LTI_FM_1.bin	доказанный дубль (mmnova_firmware_mining_v6)
09_not_sorted/missing_data/mmnova_firmware_mining_v6/04_factory_data/slots/kit_095_MULTI_FM_1.bin	duplicate of	12_mining_archive/v7/04_factory_data/slots/kit_095_LTI_FM_1.bin	доказанный дубль (mmnova_firmware_mining_v6)
09_not_sorted/missing_data/mmnova_firmware_mining_v6/04_factory_data/slots/kit_096_LTI_FM_2.bin	duplicate of	12_mining_archive/v7/04_factory_data/slots/kit_096_LTI_FM_2.bin	доказанный дубль (mmnova_firmware_mining_v6)
09_not_sorted/missing_data/mmnova_firmware_mining_v6/04_factory_data/slots/kit_096_MULTI_FM_2.bin	duplicate of	12_mining_archive/v7/04_factory_data/slots/kit_096_LTI_FM_2.bin	доказанный дубль (mmnova_firmware_mining_v6)
09_not_sorted/missing_data/mmnova_firmware_mining_v6/04_factory_data/slots/kit_097_LTI_FM_3.bin	duplicate of	12_mining_archive/v7/04_factory_data/slots/kit_097_LTI_FM_3.bin	доказанный дубль (mmnova_firmware_mining_v6)
09_not_sorted/missing_data/mmnova_firmware_mining_v6/04_factory_data/slots/kit_097_MULTI_FM_3.bin	duplicate of	12_mining_archive/v7/04_factory_data/slots/kit_097_LTI_FM_3.bin	доказанный дубль (mmnova_firmware_mining_v6)
09_not_sorted/missing_data/mmnova_firmware_mining_v6/04_factory_data/slots/kit_098_LTI_FAT.bin	duplicate of	12_mining_archive/v7/04_factory_data/slots/kit_098_LTI_FAT.bin	доказанный дубль (mmnova_firmware_mining_v6)
09_not_sorted/missing_data/mmnova_firmware_mining_v6/04_factory_data/slots/kit_098_MULTI_FAT.bin	duplicate of	12_mining_archive/v7/04_factory_data/slots/kit_098_LTI_FAT.bin	доказанный дубль (mmnova_firmware_mining_v6)
09_not_sorted/missing_data/mmnova_firmware_mining_v6/04_factory_data/slots/kit_099_LTI_SPLT.bin	duplicate of	12_mining_archive/v7/04_factory_data/slots/kit_099_LTI_SPLT.bin	доказанный дубль (mmnova_firmware_mining_v6)
09_not_sorted/missing_data/mmnova_firmware_mining_v6/04_factory_data/slots/kit_099_MULTI_SPLT.bin	duplicate of	12_mining_archive/v7/04_factory_data/slots/kit_099_LTI_SPLT.bin	доказанный дубль (mmnova_firmware_mining_v6)
09_not_sorted/missing_data/mmnova_firmware_mining_v6/04_factory_data/slots/kit_100_LTI_SIX4.bin	duplicate of	12_mining_archive/v7/04_factory_data/slots/kit_100_LTI_SIX4.bin	доказанный дубль (mmnova_firmware_mining_v6)
09_not_sorted/missing_data/mmnova_firmware_mining_v6/04_factory_data/slots/kit_100_MULTI_SIX4.bin	duplicate of	12_mining_archive/v7/04_factory_data/slots/kit_100_LTI_SIX4.bin	доказанный дубль (mmnova_firmware_mining_v6)
09_not_sorted/missing_data/mmnova_firmware_mining_v6/04_factory_data/slots/kit_101_LTI_BBOX.bin	duplicate of	12_mining_archive/v7/04_factory_data/slots/kit_101_LTI_BBOX.bin	доказанный дубль (mmnova_firmware_mining_v6)
09_not_sorted/missing_data/mmnova_firmware_mining_v6/04_factory_data/slots/kit_101_MULTI_BBOX.bin	duplicate of	12_mining_archive/v7/04_factory_data/slots/kit_101_LTI_BBOX.bin	доказанный дубль (mmnova_firmware_mining_v6)
09_not_sorted/missing_data/mmnova_firmware_mining_v6/04_factory_data/slots/kit_102__AB.bin	duplicate of	12_mining_archive/v7/04_factory_data/slots/kit_102__AB.bin	доказанный дубль (mmnova_firmware_mining_v6)
09_not_sorted/missing_data/mmnova_firmware_mining_v6/04_factory_data/slots/kit_103__AB_FX.bin	duplicate of	12_mining_archive/v7/04_factory_data/slots/kit_103__AB_FX.bin	доказанный дубль (mmnova_firmware_mining_v6)
09_not_sorted/missing_data/mmnova_firmware_mining_v6/04_factory_data/slots/kit_104__AB_EFX1.bin	duplicate of	12_mining_archive/v7/04_factory_data/slots/kit_104__AB_EFX1.bin	доказанный дубль (mmnova_firmware_mining_v6)
09_not_sorted/missing_data/mmnova_firmware_mining_v6/04_factory_data/slots/kit_105__AB_EFX2.bin	duplicate of	12_mining_archive/v7/04_factory_data/slots/kit_105__AB_EFX2.bin	доказанный дубль (mmnova_firmware_mining_v6)
09_not_sorted/missing_data/mmnova_firmware_mining_v6/04_factory_data/slots/kit_116_E_FUTURE.bin	duplicate of	12_mining_archive/v7/04_factory_data/slots/kit_001_E_FUTURE.bin	доказанный дубль (mmnova_firmware_mining_v6)
09_not_sorted/missing_data/mmnova_firmware_mining_v6/04_factory_data/slots/kit_117_PERWAVE.bin	duplicate of	12_mining_archive/v7/04_factory_data/slots/kit_117_PERWAVE.bin	доказанный дубль (mmnova_firmware_mining_v6)
09_not_sorted/missing_data/mmnova_firmware_mining_v6/04_factory_data/slots/kit_118_D6581.bin	duplicate of	12_mining_archive/v7/04_factory_data/slots/kit_118_D6581.bin	доказанный дубль (mmnova_firmware_mining_v6)
09_not_sorted/missing_data/mmnova_firmware_mining_v6/04_factory_data/slots/kit_119_GIPRO.bin	duplicate of	12_mining_archive/v7/04_factory_data/slots/kit_119_GIPRO.bin	доказанный дубль (mmnova_firmware_mining_v6)
09_not_sorted/missing_data/mmnova_firmware_mining_v6/04_factory_data/slots/kit_122_LSE.bin	duplicate of	12_mining_archive/v7/04_factory_data/slots/kit_122_LSE.bin	доказанный дубль (mmnova_firmware_mining_v6)
09_not_sorted/missing_data/mmnova_firmware_mining_v6/04_factory_data/slots/kit_123_ENSEMBLE.bin	duplicate of	12_mining_archive/v7/04_factory_data/slots/kit_123_ENSEMBLE.bin	доказанный дубль (mmnova_firmware_mining_v6)
09_not_sorted/missing_data/mmnova_firmware_mining_v6/04_factory_data/slots/kit_123_SEMBLE.bin	duplicate of	12_mining_archive/v7/04_factory_data/slots/kit_123_ENSEMBLE.bin	доказанный дубль (mmnova_firmware_mining_v6)
09_not_sorted/missing_data/mmnova_firmware_mining_v6/04_factory_data/slots/kit_124_D_NO2.bin	duplicate of	12_mining_archive/v7/04_factory_data/slots/kit_124_D_NO2.bin	доказанный дубль (mmnova_firmware_mining_v6)
09_not_sorted/missing_data/mmnova_firmware_mining_v6/04_factory_data/slots/kit_125_VE_NO1.bin	duplicate of	12_mining_archive/v7/04_factory_data/slots/kit_125_VE_NO1.bin	доказанный дубль (mmnova_firmware_mining_v6)
09_not_sorted/missing_data/mmnova_firmware_mining_v6/04_factory_data/slots/kit_126_VE_NO2.bin	duplicate of	12_mining_archive/v7/04_factory_data/slots/kit_126_VE_NO2.bin	доказанный дубль (mmnova_firmware_mining_v6)
09_not_sorted/missing_data/mmnova_firmware_mining_v6/04_factory_data/slots/kit_127_TATIC.bin	duplicate of	12_mining_archive/v7/04_factory_data/slots/kit_127_TATIC.bin	доказанный дубль (mmnova_firmware_mining_v6)
09_not_sorted/missing_data/mmnova_firmware_mining_v6/04_factory_data/slots/kit_128_ARALLEL.bin	duplicate of	12_mining_archive/v7/04_factory_data/slots/kit_128_ARALLEL.bin	доказанный дубль (mmnova_firmware_mining_v6)
09_not_sorted/missing_data/mmnova_firmware_mining_v6/04_factory_data/slots/kit_129_RB_NO1.bin	duplicate of	12_mining_archive/v7/04_factory_data/slots/kit_129_RB_NO1.bin	доказанный дубль (mmnova_firmware_mining_v6)
09_not_sorted/missing_data/mmnova_firmware_mining_v6/04_factory_data/slots/pattern_000_SUPERWAVES.bin	duplicate of	12_mining_archive/v7/04_factory_data/slots/pattern_000_SUPERWAVES.bin	доказанный дубль (mmnova_firmware_mining_v6)
09_not_sorted/missing_data/mmnova_firmware_mining_v6/04_factory_data/slots/pattern_002_SUPERWAVES.bin	duplicate of	12_mining_archive/v7/04_factory_data/slots/pattern_000_SUPERWAVES.bin	доказанный дубль (mmnova_firmware_mining_v6)
09_not_sorted/missing_data/mmnova_firmware_mining_v6/04_factory_data/slots/pattern_003_MACHINE.bin	duplicate of	12_mining_archive/v7/04_factory_data/slots/pattern_003_MACHINE.bin	доказанный дубль (mmnova_firmware_mining_v6)
09_not_sorted/missing_data/mmnova_firmware_mining_v6/04_factory_data/slots/pattern_004_PULSES.bin	duplicate of	12_mining_archive/v7/04_factory_data/slots/pattern_004_PULSES.bin	доказанный дубль (mmnova_firmware_mining_v6)
09_not_sorted/missing_data/mmnova_firmware_mining_v6/04_factory_data/slots/pattern_005_IGOTGAME.bin	duplicate of	12_mining_archive/v7/04_factory_data/slots/pattern_005_IGOTGAME.bin	доказанный дубль (mmnova_firmware_mining_v6)
09_not_sorted/missing_data/mmnova_firmware_mining_v6/04_factory_data/slots/pattern_006_SIXSIDS.bin	duplicate of	12_mining_archive/v7/04_factory_data/slots/pattern_006_SIXSIDS.bin	доказанный дубль (mmnova_firmware_mining_v6)
09_not_sorted/missing_data/mmnova_firmware_mining_v6/04_factory_data/slots/pattern_007_WAVEMIX.bin	duplicate of	12_mining_archive/v7/04_factory_data/slots/pattern_007_WAVEMIX.bin	доказанный дубль (mmnova_firmware_mining_v6)
09_not_sorted/missing_data/mmnova_firmware_mining_v6/04_factory_data/slots/pattern_008_TRENCHED.bin	duplicate of	12_mining_archive/v7/04_factory_data/slots/pattern_008_TRENCHED.bin	доказанный дубль (mmnova_firmware_mining_v6)
09_not_sorted/missing_data/mmnova_firmware_mining_v6/04_factory_data/slots/pattern_009_KYSS_FM.bin	duplicate of	12_mining_archive/v7/04_factory_data/slots/pattern_009_KYSS_FM.bin	доказанный дубль (mmnova_firmware_mining_v6)
09_not_sorted/missing_data/mmnova_firmware_mining_v6/04_factory_data/slots/pattern_010_SEEDS.bin	duplicate of	12_mining_archive/v7/04_factory_data/slots/pattern_010_SEEDS.bin	доказанный дубль (mmnova_firmware_mining_v6)
09_not_sorted/missing_data/mmnova_firmware_mining_v6/04_factory_data/slots/pattern_011_SECRETS.bin	duplicate of	12_mining_archive/v7/04_factory_data/slots/pattern_011_SECRETS.bin	доказанный дубль (mmnova_firmware_mining_v6)
09_not_sorted/missing_data/mmnova_firmware_mining_v6/04_factory_data/slots/pattern_012_GLORIOUS.bin	duplicate of	12_mining_archive/v7/04_factory_data/slots/pattern_012_GLORIOUS.bin	доказанный дубль (mmnova_firmware_mining_v6)
09_not_sorted/missing_data/mmnova_firmware_mining_v6/04_factory_data/slots/pattern_013_THEEPRO.bin	duplicate of	12_mining_archive/v7/04_factory_data/slots/pattern_013_THEEPRO.bin	доказанный дубль (mmnova_firmware_mining_v6)
09_not_sorted/missing_data/mmnova_firmware_mining_v6/04_factory_data/slots/pattern_014_VOICE_OF_M.bin	duplicate of	12_mining_archive/v7/04_factory_data/slots/pattern_014_VOICE_OF_M.bin	доказанный дубль (mmnova_firmware_mining_v6)
09_not_sorted/missing_data/mmnova_firmware_mining_v6/04_factory_data/slots/pattern_015_ENSEMBLE.bin	duplicate of	12_mining_archive/v7/04_factory_data/slots/pattern_015_ENSEMBLE.bin	доказанный дубль (mmnova_firmware_mining_v6)
09_not_sorted/missing_data/mmnova_firmware_mining_v6/04_factory_data/slots/pattern_016_FM_HEAVEN.bin	duplicate of	12_mining_archive/v7/04_factory_data/slots/pattern_016_FM_HEAVEN.bin	доказанный дубль (mmnova_firmware_mining_v6)
09_not_sorted/missing_data/mmnova_firmware_mining_v6/04_factory_data/slots/pattern_017_DR_NOE.bin	duplicate of	12_mining_archive/v7/04_factory_data/slots/pattern_017_DR_NOE.bin	доказанный дубль (mmnova_firmware_mining_v6)
09_not_sorted/missing_data/mmnova_firmware_mining_v6/04_factory_data/slots/pattern_018_ELAKT.bin	duplicate of	12_mining_archive/v7/04_factory_data/slots/pattern_018_ELAKT.bin	доказанный дубль (mmnova_firmware_mining_v6)
09_not_sorted/missing_data/mmnova_firmware_mining_v6/04_factory_data/slots/pattern_019_SPEIS.bin	duplicate of	12_mining_archive/v7/04_factory_data/slots/pattern_019_SPEIS.bin	доказанный дубль (mmnova_firmware_mining_v6)
09_not_sorted/missing_data/mmnova_firmware_mining_v6/04_factory_data/slots/pattern_020_SETUPS.bin	duplicate of	12_mining_archive/v7/04_factory_data/slots/pattern_020_SETUPS.bin	доказанный дубль (mmnova_firmware_mining_v6)
09_not_sorted/missing_data/mmnova_firmware_mining_v6/04_factory_data/slots/pattern_021_MONOHOP.bin	duplicate of	12_mining_archive/v7/04_factory_data/slots/pattern_021_MONOHOP.bin	доказанный дубль (mmnova_firmware_mining_v6)
09_not_sorted/missing_data/mmnova_firmware_mining_v6/04_factory_data/slots/pattern_022_REPLEX.bin	duplicate of	12_mining_archive/v7/04_factory_data/slots/pattern_022_REPLEX.bin	доказанный дубль (mmnova_firmware_mining_v6)
09_not_sorted/missing_data/mmnova_firmware_mining_v6/04_factory_data/slots/pattern_023_AUTORAP.bin	duplicate of	12_mining_archive/v7/04_factory_data/slots/pattern_023_AUTORAP.bin	доказанный дубль (mmnova_firmware_mining_v6)
09_not_sorted/missing_data/mmnova_firmware_mining_v6/04_factory_data/slots/pattern_025_NOOGIE.bin	duplicate of	12_mining_archive/v7/04_factory_data/slots/pattern_025_NOOGIE.bin	доказанный дубль (mmnova_firmware_mining_v6)
09_not_sorted/missing_data/mmnova_firmware_mining_v6/04_factory_data/slots/pattern_026_LEGACY.bin	duplicate of	12_mining_archive/v7/04_factory_data/slots/pattern_026_LEGACY.bin	доказанный дубль (mmnova_firmware_mining_v6)
09_not_sorted/missing_data/mmnova_firmware_mining_v6/04_factory_data/slots/pattern_027_ARPEG.bin	duplicate of	12_mining_archive/v7/04_factory_data/slots/pattern_027_ARPEG.bin	доказанный дубль (mmnova_firmware_mining_v6)
09_not_sorted/missing_data/mmnova_firmware_mining_v6/04_factory_data/slots/pattern_028_DJALPHA.bin	duplicate of	12_mining_archive/v7/04_factory_data/slots/pattern_028_DJALPHA.bin	доказанный дубль (mmnova_firmware_mining_v6)
09_not_sorted/missing_data/mmnova_firmware_mining_v6/04_factory_data/slots/pattern_029_OTHERWORLD.bin	duplicate of	12_mining_archive/v7/04_factory_data/slots/pattern_029_OTHERWORLD.bin	доказанный дубль (mmnova_firmware_mining_v6)
09_not_sorted/missing_data/mmnova_firmware_mining_v6/04_factory_data/slots/pattern_030_FACTORY.bin	duplicate of	12_mining_archive/v7/04_factory_data/slots/pattern_030_FACTORY.bin	доказанный дубль (mmnova_firmware_mining_v6)
09_not_sorted/missing_data/mmnova_firmware_mining_v6/04_factory_data/slots/pattern_031_MUSICBOX.bin	duplicate of	12_mining_archive/v7/04_factory_data/slots/pattern_031_MUSICBOX.bin	доказанный дубль (mmnova_firmware_mining_v6)
09_not_sorted/missing_data/mmnova_firmware_mining_v6/04_factory_data/slots/pattern_032_TALKSTOYOU.bin	duplicate of	12_mining_archive/v7/04_factory_data/slots/pattern_032_TALKSTOYOU.bin	доказанный дубль (mmnova_firmware_mining_v6)
09_not_sorted/missing_data/mmnova_firmware_mining_v6/04_factory_data/slots/pattern_033_FM_BRIDE.bin	duplicate of	12_mining_archive/v7/04_factory_data/slots/pattern_033_FM_BRIDE.bin	доказанный дубль (mmnova_firmware_mining_v6)
09_not_sorted/missing_data/mmnova_firmware_mining_v6/04_factory_data/slots/pattern_034_RETRIG.bin	duplicate of	12_mining_archive/v7/04_factory_data/slots/pattern_034_RETRIG.bin	доказанный дубль (mmnova_firmware_mining_v6)
09_not_sorted/missing_data/mmnova_firmware_mining_v6/04_factory_data/slots/pattern_035_TRUMMASKIN.bin	duplicate of	12_mining_archive/v7/04_factory_data/slots/pattern_035_TRUMMASKIN.bin	доказанный дубль (mmnova_firmware_mining_v6)
09_not_sorted/missing_data/mmnova_firmware_mining_v6/04_factory_data/slots/pattern_036_FREEJAZZ.bin	duplicate of	12_mining_archive/v7/04_factory_data/slots/pattern_036_FREEJAZZ.bin	доказанный дубль (mmnova_firmware_mining_v6)
09_not_sorted/missing_data/mmnova_firmware_mining_v6/04_factory_data/slots/pattern_037_SAW_SIX.bin	duplicate of	12_mining_archive/v7/04_factory_data/slots/pattern_037_SAW_SIX.bin	доказанный дубль (mmnova_firmware_mining_v6)
09_not_sorted/missing_data/mmnova_firmware_mining_v6/04_factory_data/slots/pattern_038_COMPUTING.bin	duplicate of	12_mining_archive/v7/04_factory_data/slots/pattern_038_COMPUTING.bin	доказанный дубль (mmnova_firmware_mining_v6)
09_not_sorted/missing_data/mmnova_firmware_mining_v6/04_factory_data/slots/pattern_039_DIGITAL.bin	duplicate of	12_mining_archive/v7/04_factory_data/slots/pattern_039_DIGITAL.bin	доказанный дубль (mmnova_firmware_mining_v6)
09_not_sorted/missing_data/mmnova_firmware_mining_v6/04_factory_data/slots/pattern_040_STRINGENT.bin	duplicate of	12_mining_archive/v7/04_factory_data/slots/pattern_040_STRINGENT.bin	доказанный дубль (mmnova_firmware_mining_v6)
09_not_sorted/missing_data/mmnova_firmware_mining_v6/04_factory_data/slots/pattern_041_THEORY.bin	duplicate of	12_mining_archive/v7/04_factory_data/slots/pattern_041_THEORY.bin	доказанный дубль (mmnova_firmware_mining_v6)
09_not_sorted/missing_data/mmnova_firmware_mining_v6/04_factory_data/slots/pattern_042_HORNYACID.bin	duplicate of	12_mining_archive/v7/04_factory_data/slots/pattern_042_HORNYACID.bin	доказанный дубль (mmnova_firmware_mining_v6)
09_not_sorted/missing_data/mmnova_firmware_mining_v6/04_factory_data/slots/pattern_043_FREQUENCIA.bin	duplicate of	12_mining_archive/v7/04_factory_data/slots/pattern_043_FREQUENCIA.bin	доказанный дубль (mmnova_firmware_mining_v6)
09_not_sorted/missing_data/mmnova_firmware_mining_v6/04_factory_data/slots/pattern_044_STEPPAH.bin	duplicate of	12_mining_archive/v7/04_factory_data/slots/pattern_044_STEPPAH.bin	доказанный дубль (mmnova_firmware_mining_v6)
09_not_sorted/missing_data/mmnova_firmware_mining_v6/04_factory_data/slots/pattern_045_ETHNICITY.bin	duplicate of	12_mining_archive/v7/04_factory_data/slots/pattern_045_ETHNICITY.bin	доказанный дубль (mmnova_firmware_mining_v6)
09_not_sorted/missing_data/mmnova_firmware_mining_v6/04_factory_data/slots/pattern_046_BROKEN.bin	duplicate of	12_mining_archive/v7/04_factory_data/slots/pattern_046_BROKEN.bin	доказанный дубль (mmnova_firmware_mining_v6)
09_not_sorted/missing_data/mmnova_firmware_mining_v6/04_factory_data/slots/pattern_047_FUNKPATROL.bin	duplicate of	12_mining_archive/v7/04_factory_data/slots/pattern_047_FUNKPATROL.bin	доказанный дубль (mmnova_firmware_mining_v6)
09_not_sorted/missing_data/mmnova_firmware_mining_v6/04_factory_data/slots/pattern_048_MISTIQUE.bin	duplicate of	12_mining_archive/v7/04_factory_data/slots/pattern_048_MISTIQUE.bin	доказанный дубль (mmnova_firmware_mining_v6)
09_not_sorted/missing_data/mmnova_firmware_mining_v6/04_factory_data/slots/pattern_049_RADIOWAVES.bin	duplicate of	12_mining_archive/v7/04_factory_data/slots/pattern_049_RADIOWAVES.bin	доказанный дубль (mmnova_firmware_mining_v6)
09_not_sorted/missing_data/mmnova_firmware_mining_v6/04_factory_data/slots/pattern_050_MULTI_SAW.bin	duplicate of	12_mining_archive/v7/04_factory_data/slots/pattern_050_MULTI_SAW.bin	доказанный дубль (mmnova_firmware_mining_v6)
09_not_sorted/missing_data/mmnova_firmware_mining_v6/04_factory_data/slots/pattern_051_MULTI_PULS.bin	duplicate of	12_mining_archive/v7/04_factory_data/slots/pattern_051_MULTI_PULS.bin	доказанный дубль (mmnova_firmware_mining_v6)
09_not_sorted/missing_data/mmnova_firmware_mining_v6/04_factory_data/slots/pattern_052_MULTI_ENS.bin	duplicate of	12_mining_archive/v7/04_factory_data/slots/pattern_052_MULTI_ENS.bin	доказанный дубль (mmnova_firmware_mining_v6)
09_not_sorted/missing_data/mmnova_firmware_mining_v6/04_factory_data/slots/pattern_053_MULTI_SID.bin	duplicate of	12_mining_archive/v7/04_factory_data/slots/pattern_053_MULTI_SID.bin	доказанный дубль (mmnova_firmware_mining_v6)
09_not_sorted/missing_data/mmnova_firmware_mining_v6/04_factory_data/slots/pattern_054_MULTI_DPRO.bin	duplicate of	12_mining_archive/v7/04_factory_data/slots/pattern_054_MULTI_DPRO.bin	доказанный дубль (mmnova_firmware_mining_v6)
09_not_sorted/missing_data/mmnova_firmware_mining_v6/04_factory_data/slots/pattern_055_MULTI_FM_1.bin	duplicate of	12_mining_archive/v7/04_factory_data/slots/pattern_055_MULTI_FM_1.bin	доказанный дубль (mmnova_firmware_mining_v6)
09_not_sorted/missing_data/mmnova_firmware_mining_v6/04_factory_data/slots/pattern_056_MULTI_FM_2.bin	duplicate of	12_mining_archive/v7/04_factory_data/slots/pattern_056_MULTI_FM_2.bin	доказанный дубль (mmnova_firmware_mining_v6)
09_not_sorted/missing_data/mmnova_firmware_mining_v6/04_factory_data/slots/pattern_057_MULTI_FM_3.bin	duplicate of	12_mining_archive/v7/04_factory_data/slots/pattern_057_MULTI_FM_3.bin	доказанный дубль (mmnova_firmware_mining_v6)
09_not_sorted/missing_data/mmnova_firmware_mining_v6/04_factory_data/slots/pattern_058_MULTI_FAT.bin	duplicate of	12_mining_archive/v7/04_factory_data/slots/pattern_058_MULTI_FAT.bin	доказанный дубль (mmnova_firmware_mining_v6)
09_not_sorted/missing_data/mmnova_firmware_mining_v6/04_factory_data/slots/pattern_059_MULTI_SPLT.bin	duplicate of	12_mining_archive/v7/04_factory_data/slots/pattern_059_MULTI_SPLT.bin	доказанный дубль (mmnova_firmware_mining_v6)
09_not_sorted/missing_data/mmnova_firmware_mining_v6/04_factory_data/slots/pattern_060_MULTI_SIX4.bin	duplicate of	12_mining_archive/v7/04_factory_data/slots/pattern_060_MULTI_SIX4.bin	доказанный дубль (mmnova_firmware_mining_v6)
09_not_sorted/missing_data/mmnova_firmware_mining_v6/04_factory_data/slots/pattern_061_MULTI_BBOX.bin	duplicate of	12_mining_archive/v7/04_factory_data/slots/pattern_061_MULTI_BBOX.bin	доказанный дубль (mmnova_firmware_mining_v6)
09_not_sorted/missing_data/mmnova_firmware_mining_v6/04_factory_data/slots/pattern_062_MULTI_WAVE.bin	duplicate of	12_mining_archive/v7/04_factory_data/slots/pattern_062_MULTI_WAVE.bin	доказанный дубль (mmnova_firmware_mining_v6)
09_not_sorted/missing_data/mmnova_firmware_mining_v6/04_factory_data/slots/pattern_063_MULTI_SAWS.bin	duplicate of	12_mining_archive/v7/04_factory_data/slots/pattern_063_MULTI_SAWS.bin	доказанный дубль (mmnova_firmware_mining_v6)
09_not_sorted/missing_data/mmnova_firmware_mining_v6/04_factory_data/slots/pattern_064_MULTI_EFEM.bin	duplicate of	12_mining_archive/v7/04_factory_data/slots/pattern_064_MULTI_EFEM.bin	доказанный дубль (mmnova_firmware_mining_v6)
09_not_sorted/missing_data/mmnova_firmware_mining_v6/04_factory_data/slots/pattern_065_MULTI_MONO.bin	duplicate of	12_mining_archive/v7/04_factory_data/slots/pattern_065_MULTI_MONO.bin	доказанный дубль (mmnova_firmware_mining_v6)
09_not_sorted/missing_data/mmnova_firmware_mining_v6/04_factory_data/songs/song_00_MM_DEMO.bin	duplicate of	12_mining_archive/v7/04_factory_data/songs/song_00_MM_DEMO.bin	доказанный дубль (mmnova_firmware_mining_v6)
09_not_sorted/missing_data/mmnova_firmware_mining_v6/04_factory_data/songs/song_01_MM_DEMO.bin	duplicate of	12_mining_archive/v7/04_factory_data/songs/song_01_MM_DEMO.bin	доказанный дубль (mmnova_firmware_mining_v6)
09_not_sorted/missing_data/mmnova_firmware_mining_v6/04_factory_data/songs/song_02_MONTORI.bin	duplicate of	12_mining_archive/v7/04_factory_data/songs/song_02_MONTORI.bin	доказанный дубль (mmnova_firmware_mining_v6)
09_not_sorted/missing_data/mmnova_firmware_mining_v6/04_factory_data/songs/song_03_BLOCKSLUT.bin	duplicate of	12_mining_archive/v7/04_factory_data/songs/song_03_BLOCKSLUT.bin	доказанный дубль (mmnova_firmware_mining_v6)
09_not_sorted/missing_data/mmnova_firmware_mining_v6/04_factory_data/songs/song_04_ASSSLUT.bin	duplicate of	12_mining_archive/v7/04_factory_data/songs/song_04_ASSSLUT.bin	доказанный дубль (mmnova_firmware_mining_v6)
09_not_sorted/missing_data/mmnova_firmware_mining_v6/04_factory_data/songs/song_05_ELCRO.bin	duplicate of	12_mining_archive/v7/04_factory_data/songs/song_05_ELCRO.bin	доказанный дубль (mmnova_firmware_mining_v6)
09_not_sorted/missing_data/mmnova_firmware_mining_v6/04_factory_data/songs/song_06_ASSTASS.bin	duplicate of	12_mining_archive/v7/04_factory_data/songs/song_06_ASSTASS.bin	доказанный дубль (mmnova_firmware_mining_v6)
09_not_sorted/missing_data/mmnova_firmware_mining_v6/04_factory_data/songs/song_07_ATERWALKR.bin	duplicate of	12_mining_archive/v7/04_factory_data/songs/song_07_ATERWALKR.bin	доказанный дубль (mmnova_firmware_mining_v6)
09_not_sorted/missing_data/mmnova_firmware_mining_v6/04_factory_data/songs/song_08_OOGIE.bin	duplicate of	12_mining_archive/v7/04_factory_data/songs/song_08_OOGIE.bin	доказанный дубль (mmnova_firmware_mining_v6)
09_not_sorted/missing_data/mmnova_firmware_mining_v6/04_factory_data/songs/song_09_EEWAVES.bin	duplicate of	12_mining_archive/v7/04_factory_data/songs/song_09_EEWAVES.bin	доказанный дубль (mmnova_firmware_mining_v6)
09_not_sorted/missing_data/mmnova_firmware_mining_v6/04_factory_data/songs/song_10_WARM.bin	duplicate of	12_mining_archive/v7/04_factory_data/songs/song_10_WARM.bin	доказанный дубль (mmnova_firmware_mining_v6)
09_not_sorted/missing_data/mmnova_firmware_mining_v6/04_factory_data/songs/song_11_UBSONIC.bin	duplicate of	12_mining_archive/v7/04_factory_data/songs/song_11_UBSONIC.bin	доказанный дубль (mmnova_firmware_mining_v6)
09_not_sorted/missing_data/mmnova_firmware_mining_v6/04_factory_data/songs/song_12_ELCIUS.bin	duplicate of	12_mining_archive/v7/04_factory_data/songs/song_12_ELCIUS.bin	доказанный дубль (mmnova_firmware_mining_v6)
09_not_sorted/missing_data/mmnova_firmware_mining_v6/04_factory_data/songs/song_13_OKEPEEK.bin	duplicate of	12_mining_archive/v7/04_factory_data/songs/song_13_OKEPEEK.bin	доказанный дубль (mmnova_firmware_mining_v6)
09_not_sorted/missing_data/mmnova_firmware_mining_v6/04_factory_data/zone_map.json	duplicate of	12_mining_archive/v7/04_factory_data/zone_map.json	доказанный дубль (mmnova_firmware_mining_v6)
09_not_sorted/missing_data/mmnova_firmware_mining_v6/05_main_os/first_1024_bytes_dump.txt	duplicate of	12_mining_archive/v7/05_main_os/first_1024_bytes_dump.txt	доказанный дубль (mmnova_firmware_mining_v6)
09_not_sorted/missing_data/mmnova_firmware_mining_v6/05_main_os/mainos_summary.json	duplicate of	12_mining_archive/v7/05_main_os/mainos_summary.json	доказанный дубль (mmnova_firmware_mining_v6)
09_not_sorted/missing_data/mmnova_firmware_mining_v6/05_main_os/strings.txt	duplicate of	12_mining_archive/v7/05_main_os/strings.txt	доказанный дубль (mmnova_firmware_mining_v6)
09_not_sorted/missing_data/mmnova_firmware_mining_v6/05_main_os/strings_os_uppercase.txt	duplicate of	12_mining_archive/v7/05_main_os/strings_os_uppercase.txt	доказанный дубль (mmnova_firmware_mining_v6)
09_not_sorted/missing_data/mmnova_firmware_mining_v6/06_reports/firmware_info.json	duplicate of	12_mining_archive/v7/06_reports/firmware_info.json	доказанный дубль (mmnova_firmware_mining_v6)
09_not_sorted/missing_data/mmnova_firmware_mining_v6/06_reports/sections_checksums.txt	duplicate of	12_mining_archive/v7/06_reports/sections_checksums.txt	доказанный дубль (mmnova_firmware_mining_v6)
09_not_sorted/missing_data/mmnova_firmware_mining_v6/MANIFEST.json	duplicate of	12_mining_archive/v7/MANIFEST.json	доказанный дубль (mmnova_firmware_mining_v6)
09_not_sorted/missing_data/mmnova_firmware_mining_v6/README.md	duplicate of	12_mining_archive/v7/README.md	доказанный дубль (mmnova_firmware_mining_v6)
09_not_sorted/missing_data/recovered/P_1001d1_VO6_dispatch_table.bin	duplicate of	12_mining_archive/all_tables_v4/P_1001D1_VO6_dispatch_table.bin	доказанный дубль (recovered)
09_not_sorted/missing_data/recovered/P_1007f1_VO6_table2.bin	duplicate of	12_mining_archive/all_tables_v4/P_1007F1_VO6_table2.bin	доказанный дубль (recovered)
09_not_sorted/missing_data/recovered/P_101a7b_SWAVE_wavetable_main.bin	duplicate of	04_tables/P_101a7b_SWAVE_wavetable_main__2.bin	доказанный дубль (recovered)
09_not_sorted/missing_data/recovered/P_101afb_SWAVE_PCH2_table.bin	duplicate of	04_tables/P_101afb_SWAVE_PCH2_table__2.bin	доказанный дубль (recovered)
09_not_sorted/missing_data/recovered/P_101b7b_SWAVE_PCH3_table.bin	duplicate of	04_tables/P_101b7b_SWAVE_PCH3_table__2.bin	доказанный дубль (recovered)
09_not_sorted/missing_data/recovered/P_101bfb_SWAVE_PCH4_table.bin	duplicate of	04_tables/P_101bfb_SWAVE_PCH4_table__2.bin	доказанный дубль (recovered)
09_not_sorted/missing_data/recovered/P_101cfb_SWAVE_PCH5_table.bin	duplicate of	04_tables/P_101cfb_SWAVE_PCH5_table__2.bin	доказанный дубль (recovered)
09_not_sorted/missing_data/recovered/P_101d7b_DPRO_wavetable_ref.bin	duplicate of	04_tables/P_101d7b_DPRO_wavetable_ref__2.bin	доказанный дубль (recovered)
09_not_sorted/missing_data/recovered/P_10750c_DPRO_BBOX_table1.bin	duplicate of	04_tables/P_10750c_DPRO_BBOX_table1__2.bin	доказанный дубль (recovered)
09_not_sorted/missing_data/recovered/P_10b1bc_DPRO_BBOX_table2.bin	duplicate of	04_tables/P_10b1bc_DPRO_BBOX_table2__2.bin	доказанный дубль (recovered)
09_not_sorted/missing_data/recovered/P_10b5c7_GND_NOIS_table.bin	duplicate of	04_tables/P_10b5c7_GND_NOIS_table__2.bin	доказанный дубль (recovered)
09_not_sorted/missing_data/recovered/P_10f7a1_DPRO_BBOX_table3.bin	duplicate of	04_tables/P_10f7a1_DPRO_BBOX_table3__2.bin	доказанный дубль (recovered)
09_not_sorted/missing_data/recovered/P_11320f_DPRO_BBOX_table4.bin	duplicate of	04_tables/P_11320f_DPRO_BBOX_table4__2.bin	доказанный дубль (recovered)
09_not_sorted/missing_data/recovered/P_140000_SID_wavetable_0.bin	duplicate of	04_tables/X_140000_pitch_wavetable_2048.bin	доказанный дубль (recovered)
09_not_sorted/missing_data/recovered/P_141900_PHASER_stage0_table.bin	duplicate of	04_tables/P_141900_PHASER_stage0_table.bin	доказанный дубль (recovered)
09_not_sorted/missing_data/recovered/P_141980_PHASER_stage1_table.bin	duplicate of	04_tables/P_141980_PHASER_stage1_table.bin	доказанный дубль (recovered)
09_not_sorted/missing_data/recovered/P_141a00_PHASER_stage2_table.bin	duplicate of	04_tables/P_141a00_PHASER_stage2_table.bin	доказанный дубль (recovered)
09_not_sorted/missing_data/recovered/P_141b18_PHASER_stage3_table.bin	duplicate of	12_mining_archive/filter_phaser_pack/01_filter/tables/P_141B18_env_shape_tbl_F.bin	доказанный дубль (recovered)
09_not_sorted/missing_data/recovered/P_142f06_PHASER_helper_table.bin	duplicate of	04_tables/P_142f06_PHASER_helper_table__2.bin	доказанный дубль (recovered)
09_not_sorted/missing_data/recovered/P_143546_PHASER_cntr_table.bin	duplicate of	12_mining_archive/filter_phaser_pack/01_filter/tables/P_143546_kernel_tbl_143546.bin	доказанный дубль (recovered)
09_not_sorted/missing_data/recovered/P_1435c6_SID_helper_table.bin	duplicate of	04_tables/P_1435c6_SID_helper_table.bin	доказанный дубль (recovered)
09_not_sorted/missing_data/recovered/P_143d06_SID_filter_table.bin	duplicate of	04_tables/P_143d06_SID_filter_table.bin	доказанный дубль (recovered)
09_not_sorted/missing_data/recovered/P_1444c6_FXDYN_attack_table.bin	duplicate of	04_tables/P_1444c6_FXDYN_attack_table.bin	доказанный дубль (recovered)
09_not_sorted/missing_data/recovered/P_1446c6_FXDYN_release_table.bin	duplicate of	04_tables/P_1446c6_FXDYN_release_table.bin	доказанный дубль (recovered)
09_not_sorted/missing_data/recovered/P_144746_FXDYN_rms_table.bin	duplicate of	04_tables/P_144746_FXDYN_rms_table__2.bin	доказанный дубль (recovered)
09_not_sorted/missing_data/recovered/P_144ac7_LP_filter_coeffs.bin	duplicate of	04_tables/P_144ac7_LP_filter_coeffs.bin	доказанный дубль (recovered)
09_not_sorted/missing_data/recovered/P_144c49_m32_helper_table.bin	duplicate of	04_tables/P_144c49_m32_helper_table.bin	доказанный дубль (recovered)
09_not_sorted/missing_data/recovered/P_145c48_m33_helper_table.bin	duplicate of	04_tables/P_145c48_m33_helper_table.bin	доказанный дубль (recovered)
09_not_sorted/missing_data/recovered/X_0002c0_audio_buffer_bases.bin	duplicate of	04_tables/X_0002c0_audio_buffer_bases.bin	доказанный дубль (recovered)
09_not_sorted/missing_data/recovered/X_000394_pitch_table_1.bin	duplicate of	04_tables/X_000394_pitch_table_1.bin	доказанный дубль (recovered)
09_not_sorted/missing_data/recovered/X_0003f4_pitch_table_2.bin	duplicate of	04_tables/X_0003f4_pitch_table_2.bin	доказанный дубль (recovered)
09_not_sorted/missing_data/recovered/X_140000_pitch_wavetable_2048.bin	duplicate of	04_tables/X_140000_pitch_wavetable_2048__2.bin	доказанный дубль (recovered)
09_not_sorted/missing_data/recovered/X_14A000_sine_table_8K.bin	duplicate of	12_mining_archive/filter_phaser_pack/22_phaser_lfo/tables_14A000_14A800/X_14A000_sine8k_full.bin	доказанный дубль (recovered)
09_not_sorted/missing_data/recovered/X_14A800_width_table_chorus_B.bin	duplicate of	12_mining_archive/filter_phaser_pack/22_phaser_lfo/tables_14A000_14A800/X_14A800_cos8k_full.bin	доказанный дубль (recovered)
09_not_sorted/missing_data/recovered/Y_000132_sine_table_FM.bin	duplicate of	04_tables/Y_000132_sine_table_FM.bin	доказанный дубль (recovered)
09_not_sorted/missing_data/recovered/Y_000334_LFO_wave_triangle.bin	duplicate of	04_tables/Y_000334_LFO_wave_triangle.bin	доказанный дубль (recovered)
09_not_sorted/missing_data/runtime/X_143f95_div_table.bin	duplicate of	04_tables/X_143f95_div_table__2.bin	доказанный дубль (runtime)
09_not_sorted/missing_data/runtime/X_144446_div_table2.bin	duplicate of	04_tables/X_144446_div_table2__2.bin	доказанный дубль (runtime)
09_not_sorted/missing_data/runtime/Y_141800_LFO_speed_table.bin	duplicate of	04_tables/Y_141800_LFO_speed_table__2.bin	доказанный дубль (runtime)
09_not_sorted/missing_data/runtime/Y_141A00_LFO_mult_table.bin	duplicate of	04_tables/Y_141A00_LFO_mult_table.bin	доказанный дубль (runtime)
09_not_sorted/missing_data/runtime/Y_1449c6_kernel_curve_table.bin	duplicate of	04_tables/Y_1449c6_kernel_curve_table__2.bin	доказанный дубль (runtime)
09_not_sorted/missing_data/runtime/_bin_hi08_records.json	duplicate of	04_tables/_bin_hi08_records.json	доказанный дубль (runtime)
09_not_sorted/missing_data/runtime/_coldfire_imm_refs.json	duplicate of	04_tables/_coldfire_imm_refs.json	доказанный дубль (runtime)
09_not_sorted/missing_data/runtime/_coldfire_init_analysis.json	duplicate of	04_tables/_coldfire_init_analysis.json	доказанный дубль (runtime)
09_not_sorted/missing_data/runtime/_coldfire_signature_search.json	duplicate of	04_tables/_coldfire_signature_search.json	доказанный дубль (runtime)
09_not_sorted/missing_data/zero_in_image/P_11b451_DPRO_wavetable_main.bin	duplicate of	04_tables/P_11b451_DPRO_wavetable_main__2.bin	доказанный дубль (zero_in_image)
09_not_sorted/missing_data/zero_in_image/P_123ef5_FXREV_decay_table.bin	duplicate of	04_tables/P_123ef5_FXREV_decay_table.bin	доказанный дубль (zero_in_image)
09_not_sorted/missing_data/zero_in_image/P_133191_FXREV_damp_table.bin	duplicate of	04_tables/P_123ef5_FXREV_decay_table.bin	доказанный дубль (zero_in_image)
09_not_sorted/missing_data/zero_in_image/P_140800_SID_wavetable_1.bin	duplicate of	12_mining_archive/iteracy5/SID_wavetable_area_140800_factory.bin	доказанный дубль (zero_in_image)
10_juce_import_ready/01_CORE_VERIFIED/data/kernel/amp_decay_table.bin	duplicate of	12_mining_archive/filter_phaser_pack/01_filter/tables/P_141880_env_shape_tbl_B.bin	дедуп по sha256
10_juce_import_ready/01_CORE_VERIFIED/data/kernel/amp_lfo_rate_table.bin	duplicate of	04_tables/Y_141800_LFO_speed_table.bin	дедуп по sha256
10_juce_import_ready/01_CORE_VERIFIED/data/kernel/filt_cutoff_table.bin	duplicate of	12_mining_archive/filter_phaser_pack/01_filter/tables/P_143546_kernel_tbl_143546.bin	дедуп по sha256
10_juce_import_ready/01_CORE_VERIFIED/data/kernel/filt_cutoff_table2.bin	duplicate of	04_tables/P_1435c6_SID_helper_table.bin	дедуп по sha256
10_juce_import_ready/01_CORE_VERIFIED/data/kernel/fm_ratio_table.bin	duplicate of	12_mining_archive/filter_phaser_pack/01_filter/tables/P_141A80_powers_of_2.bin	дедуп по sha256
10_juce_import_ready/01_CORE_VERIFIED/data/kernel/kernel_curve.bin	duplicate of	04_tables/Y_1449c6_kernel_curve_table.bin	дедуп по sha256
10_juce_import_ready/01_CORE_VERIFIED/data/kernel/lfo_cycle_table.bin	duplicate of	04_tables/P_141a00_PHASER_stage2_table.bin	дедуп по sha256
10_juce_import_ready/01_CORE_VERIFIED/data/pitch_wavetable_2048.bin	duplicate of	04_tables/X_140000_pitch_wavetable_2048.bin	дедуп по sha256
10_juce_import_ready/01_CORE_VERIFIED/dsp/machines/ChorusCore.cpp	duplicate of	08_cpp_reference/chorus_plugin/ChorusCore.cpp	дедуп по sha256
10_juce_import_ready/01_CORE_VERIFIED/dsp/machines/ChorusCore.h	duplicate of	08_cpp_reference/chorus_plugin/ChorusCore.h	дедуп по sha256
10_juce_import_ready/01_CORE_VERIFIED/dsp/machines/ChorusTables.h	duplicate of	08_cpp_reference/chorus_plugin/ChorusTables.h	дедуп по sha256
10_juce_import_ready/clean_proof_audit/MNM_FILTER_PRACTICAL/data/kDivP143F95.bin	duplicate of	04_tables/X_143f95_div_table.bin	дедуп по sha256
10_juce_import_ready/clean_proof_audit/MNM_FILTER_PRACTICAL/data/kDivP144446.bin	duplicate of	04_tables/X_144446_div_table2.bin	дедуп по sha256
10_juce_import_ready/clean_proof_audit/MNM_FILTER_PRACTICAL/data/kFilterDecayP141880.bin	duplicate of	12_mining_archive/filter_phaser_pack/01_filter/tables/P_141880_env_shape_tbl_B.bin	дедуп по sha256
10_juce_import_ready/clean_proof_audit/MNM_FILTER_PRACTICAL/data/kFilterRateP141800.bin	duplicate of	04_tables/Y_141800_LFO_speed_table.bin	дедуп по sha256
10_juce_import_ready/clean_proof_audit/MNM_FILTER_PRACTICAL/data/kLfoMultP141A00.bin	duplicate of	04_tables/P_141a00_PHASER_stage2_table.bin	дедуп по sha256
10_juce_import_ready/clean_proof_audit/MNM_FILTER_PRACTICAL/data/kQTableP141A98.bin	duplicate of	10_juce_import_ready/01_CORE_VERIFIED/data/kernel/filter_coeff_a.bin	дедуп по sha256
10_juce_import_ready/clean_proof_audit/MNM_FILTER_PRACTICAL/data/kQTableP142158.bin	duplicate of	10_juce_import_ready/01_CORE_VERIFIED/data/kernel/filter_coeff_b.bin	дедуп по sha256
10_juce_import_ready/clean_proof_audit/MNM_FILTER_PRACTICAL/data/kQTableP142F06.bin	duplicate of	10_juce_import_ready/01_CORE_VERIFIED/data/kernel/filter_coeff_c.bin	дедуп по sha256
10_juce_import_ready/clean_proof_audit/data/bbox_drum_bank.bin	duplicate of	10_juce_import_ready/01_CORE_VERIFIED/data/bbox_drum_bank.bin	дедуп по sha256
10_juce_import_ready/clean_proof_audit/data/kernel/amp_decay_table.bin	duplicate of	12_mining_archive/filter_phaser_pack/01_filter/tables/P_141880_env_shape_tbl_B.bin	дедуп по sha256
10_juce_import_ready/clean_proof_audit/data/kernel/amp_decay_table.txt	duplicate of	10_juce_import_ready/01_CORE_VERIFIED/data/kernel/amp_decay_table.txt	дедуп по sha256
10_juce_import_ready/clean_proof_audit/data/kernel/amp_lfo_rate_table.bin	duplicate of	04_tables/Y_141800_LFO_speed_table.bin	дедуп по sha256
10_juce_import_ready/clean_proof_audit/data/kernel/amp_lfo_rate_table.txt	duplicate of	10_juce_import_ready/01_CORE_VERIFIED/data/kernel/amp_lfo_rate_table.txt	дедуп по sha256
10_juce_import_ready/clean_proof_audit/data/kernel/drive_curve.bin	duplicate of	10_juce_import_ready/01_CORE_VERIFIED/data/kernel/drive_curve.bin	дедуп по sha256
10_juce_import_ready/clean_proof_audit/data/kernel/drive_curve.txt	duplicate of	10_juce_import_ready/01_CORE_VERIFIED/data/kernel/drive_curve.txt	дедуп по sha256
10_juce_import_ready/clean_proof_audit/data/kernel/filt_cutoff_table.bin	duplicate of	12_mining_archive/filter_phaser_pack/01_filter/tables/P_143546_kernel_tbl_143546.bin	дедуп по sha256
10_juce_import_ready/clean_proof_audit/data/kernel/filt_cutoff_table.txt	duplicate of	10_juce_import_ready/01_CORE_VERIFIED/data/kernel/filt_cutoff_table.txt	дедуп по sha256
10_juce_import_ready/clean_proof_audit/data/kernel/filt_cutoff_table2.bin	duplicate of	04_tables/P_1435c6_SID_helper_table.bin	дедуп по sha256
10_juce_import_ready/clean_proof_audit/data/kernel/filt_cutoff_table2.txt	duplicate of	10_juce_import_ready/01_CORE_VERIFIED/data/kernel/filt_cutoff_table2.txt	дедуп по sha256
10_juce_import_ready/clean_proof_audit/data/kernel/filter_coeff_a.bin	duplicate of	10_juce_import_ready/01_CORE_VERIFIED/data/kernel/filter_coeff_a.bin	дедуп по sha256
10_juce_import_ready/clean_proof_audit/data/kernel/filter_coeff_a.txt	duplicate of	10_juce_import_ready/01_CORE_VERIFIED/data/kernel/filter_coeff_a.txt	дедуп по sha256
10_juce_import_ready/clean_proof_audit/data/kernel/filter_coeff_b.bin	duplicate of	10_juce_import_ready/01_CORE_VERIFIED/data/kernel/filter_coeff_b.bin	дедуп по sha256
10_juce_import_ready/clean_proof_audit/data/kernel/filter_coeff_b.txt	duplicate of	10_juce_import_ready/01_CORE_VERIFIED/data/kernel/filter_coeff_b.txt	дедуп по sha256
10_juce_import_ready/clean_proof_audit/data/kernel/filter_coeff_c.bin	duplicate of	10_juce_import_ready/01_CORE_VERIFIED/data/kernel/filter_coeff_c.bin	дедуп по sha256
10_juce_import_ready/clean_proof_audit/data/kernel/filter_coeff_c.txt	duplicate of	10_juce_import_ready/01_CORE_VERIFIED/data/kernel/filter_coeff_c.txt	дедуп по sha256
10_juce_import_ready/clean_proof_audit/data/kernel/fm_ratio_table.bin	duplicate of	12_mining_archive/filter_phaser_pack/01_filter/tables/P_141A80_powers_of_2.bin	дедуп по sha256
10_juce_import_ready/clean_proof_audit/data/kernel/fm_ratio_table.txt	duplicate of	10_juce_import_ready/01_CORE_VERIFIED/data/kernel/fm_ratio_table.txt	дедуп по sha256
10_juce_import_ready/clean_proof_audit/data/kernel/kernel_curve.bin	duplicate of	04_tables/Y_1449c6_kernel_curve_table.bin	дедуп по sha256
10_juce_import_ready/clean_proof_audit/data/kernel/kernel_curve.txt	duplicate of	10_juce_import_ready/01_CORE_VERIFIED/data/kernel/kernel_curve.txt	дедуп по sha256
10_juce_import_ready/clean_proof_audit/data/kernel/lfo_cycle_table.bin	duplicate of	04_tables/P_141a00_PHASER_stage2_table.bin	дедуп по sha256
10_juce_import_ready/clean_proof_audit/data/kernel/lfo_cycle_table.txt	duplicate of	10_juce_import_ready/01_CORE_VERIFIED/data/kernel/lfo_cycle_table.txt	дедуп по sha256
10_juce_import_ready/clean_proof_audit/data/pitch_wavetable_2048.bin	duplicate of	04_tables/X_140000_pitch_wavetable_2048.bin	дедуп по sha256
11_juce_probable/mmnova_honest_fav/PORT_PLAN.md	duplicate of	11_juce_probable/02_PROBABLE/4-mmnova-honest-fav/PORT_PLAN.md	дедуп по sha256
11_juce_probable/mmnova_honest_fav/README_ЧЕСТНО.md	duplicate of	11_juce_probable/02_PROBABLE/4-mmnova-honest-fav/README_ЧЕСТНО.md	дедуп по sha256
11_juce_probable/mmnova_honest_fav/Source/mmnova/MnMChorus.h	duplicate of	11_juce_probable/02_PROBABLE/4-mmnova-honest-fav/Source/mmnova/MnMChorus.h	дедуп по sha256
11_juce_probable/mmnova_honest_fav/Source/mmnova/MnMFixed.h	duplicate of	11_juce_probable/02_PROBABLE/4-mmnova-honest-fav/Source/mmnova/MnMFixed.h	дедуп по sha256
11_juce_probable/mmnova_honest_fav/Source/mmnova/MnMGndSin.h	duplicate of	11_juce_probable/02_PROBABLE/4-mmnova-honest-fav/Source/mmnova/MnMGndSin.h	дедуп по sha256
11_juce_probable/mmnova_honest_fav/Source/mmnova/MnMTablesA.h	duplicate of	11_juce_probable/02_PROBABLE/4-mmnova-honest-fav/Source/mmnova/MnMTablesA.h	дедуп по sha256
11_juce_probable/mmnova_honest_fav/tools/mmnova_slice.py	duplicate of	11_juce_probable/02_PROBABLE/4-mmnova-honest-fav/tools/mmnova_slice.py	дедуп по sha256
12_mining_archive/all_tables_v4/P_104633_marker_104633.bin	duplicate of	12_mining_archive/all_tables_v4/P_104210_marker_104210.bin	дедуп по sha256
12_mining_archive/all_tables_v4/P_10598A_marker_10598a.bin	duplicate of	12_mining_archive/all_tables_v4/P_104210_marker_104210.bin	дедуп по sha256
12_mining_archive/all_tables_v4/P_10694B_marker_10694b.bin	duplicate of	12_mining_archive/all_tables_v4/P_104210_marker_104210.bin	дедуп по sha256
12_mining_archive/all_tables_v4/P_10750B_marker_10750b.bin	duplicate of	12_mining_archive/all_tables_v4/P_104210_marker_104210.bin	дедуп по sha256
12_mining_archive/all_tables_v4/P_107D0C_marker_107d0c.bin	duplicate of	12_mining_archive/all_tables_v4/P_104210_marker_104210.bin	дедуп по sha256
12_mining_archive/all_tables_v4/P_10810D_marker_10810d.bin	duplicate of	12_mining_archive/all_tables_v4/P_104210_marker_104210.bin	дедуп по sha256
12_mining_archive/all_tables_v4/P_1086A8_marker_1086a8.bin	duplicate of	12_mining_archive/all_tables_v4/P_104210_marker_104210.bin	дедуп по sha256
12_mining_archive/all_tables_v4/P_108AA9_marker_108aa9.bin	duplicate of	12_mining_archive/all_tables_v4/P_104210_marker_104210.bin	дедуп по sha256
12_mining_archive/all_tables_v4/P_109E32_marker_109e32.bin	duplicate of	12_mining_archive/all_tables_v4/P_104210_marker_104210.bin	дедуп по sha256
12_mining_archive/all_tables_v4/P_10B1BB_marker_10b1bb.bin	duplicate of	12_mining_archive/all_tables_v4/P_104210_marker_104210.bin	дедуп по sha256
12_mining_archive/all_tables_v4/P_10D1AA_marker_10d1aa.bin	duplicate of	12_mining_archive/all_tables_v4/P_104210_marker_104210.bin	дедуп по sha256
12_mining_archive/all_tables_v4/P_10D7EA_marker_10d7ea.bin	duplicate of	12_mining_archive/all_tables_v4/P_104210_marker_104210.bin	дедуп по sha256
12_mining_archive/all_tables_v4/P_10DFEC_marker_10dfec.bin	duplicate of	12_mining_archive/all_tables_v4/P_104210_marker_104210.bin	дедуп по sha256
12_mining_archive/all_tables_v4/P_10EF9F_marker_10ef9f.bin	duplicate of	12_mining_archive/all_tables_v4/P_104210_marker_104210.bin	дедуп по sha256
12_mining_archive/all_tables_v4/P_10F7A0_marker_10f7a0.bin	duplicate of	12_mining_archive/all_tables_v4/P_104210_marker_104210.bin	дедуп по sha256
12_mining_archive/all_tables_v4/P_110F12_marker_110f12.bin	duplicate of	12_mining_archive/all_tables_v4/P_104210_marker_104210.bin	дедуп по sha256
12_mining_archive/all_tables_v4/P_1112EE_marker_1112ee.bin	duplicate of	12_mining_archive/all_tables_v4/P_104210_marker_104210.bin	дедуп по sha256
12_mining_archive/all_tables_v4/P_1115B9_marker_1115b9.bin	duplicate of	12_mining_archive/all_tables_v4/P_104210_marker_104210.bin	дедуп по sha256
12_mining_archive/all_tables_v4/P_111CBA_marker_111cba.bin	duplicate of	12_mining_archive/all_tables_v4/P_104210_marker_104210.bin	дедуп по sha256
12_mining_archive/all_tables_v4/P_112441_marker_112441.bin	duplicate of	12_mining_archive/all_tables_v4/P_104210_marker_104210.bin	дедуп по sha256
12_mining_archive/all_tables_v4/P_112C43_marker_112c43.bin	duplicate of	12_mining_archive/all_tables_v4/P_104210_marker_104210.bin	дедуп по sha256
12_mining_archive/all_tables_v4/P_11320E_marker_11320e.bin	duplicate of	12_mining_archive/all_tables_v4/P_104210_marker_104210.bin	дедуп по sha256
12_mining_archive/all_tables_v4/P_1134C3_marker_1134c3.bin	duplicate of	12_mining_archive/all_tables_v4/P_104210_marker_104210.bin	дедуп по sha256
12_mining_archive/all_tables_v4/P_140000_pitch_wavetable_2048.bin	duplicate of	04_tables/X_140000_pitch_wavetable_2048.bin	дедуп по sha256
12_mining_archive/all_tables_v4/P_141880_FM_DYN_wavetable.bin	duplicate of	12_mining_archive/filter_phaser_pack/01_filter/tables/P_141880_env_shape_tbl_B.bin	дедуп по sha256
12_mining_archive/all_tables_v4/P_141900_PHASER_stage0.bin	duplicate of	04_tables/P_141900_PHASER_stage0_table.bin	дедуп по sha256
12_mining_archive/all_tables_v4/P_141980_PHASER_stage1.bin	duplicate of	04_tables/P_141980_PHASER_stage1_table.bin	дедуп по sha256
12_mining_archive/all_tables_v4/P_144AC7_LP_filter_coeffs.bin	duplicate of	04_tables/P_144ac7_LP_filter_coeffs.bin	дедуп по sha256
12_mining_archive/all_tables_v4/P_14562C_unknown_14562c_384.bin	duplicate of	12_mining_archive/iteracy5/FXREV_DEC_table.bin	дедуп по sha256
12_mining_archive/all_tables_v4/P_1457B2_unknown_1457b2_384.bin	duplicate of	12_mining_archive/iteracy5/FXREV_DAMP_table.bin	дедуп по sha256
12_mining_archive/all_tables_v4/X_143F95_div_table_1.bin	duplicate of	04_tables/X_143f95_div_table.bin	дедуп по sha256
12_mining_archive/all_tables_v4/X_144446_div_table_2.bin	duplicate of	04_tables/X_144446_div_table2.bin	дедуп по sha256
12_mining_archive/all_tables_v4/Y_141800_LFO_speed_table.bin	duplicate of	04_tables/Y_141800_LFO_speed_table.bin	дедуп по sha256
12_mining_archive/all_tables_v4/Y_141A00_LFO_mult_table.bin	duplicate of	04_tables/P_141a00_PHASER_stage2_table.bin	дедуп по sha256
12_mining_archive/all_tables_v4/Y_141A80_LFO_extra_24words.bin	duplicate of	12_mining_archive/filter_phaser_pack/01_filter/tables/P_141A80_powers_of_2.bin	дедуп по sha256
12_mining_archive/filter_phaser_pack/01_filter/tables/P_141800_env_shape_tbl_A.bin	duplicate of	04_tables/Y_141800_LFO_speed_table.bin	дедуп по sha256
12_mining_archive/filter_phaser_pack/01_filter/tables/P_141900_env_shape_tbl_C.bin	duplicate of	04_tables/P_141900_PHASER_stage0_table.bin	дедуп по sha256
12_mining_archive/filter_phaser_pack/01_filter/tables/P_141980_env_shape_tbl_D.bin	duplicate of	04_tables/P_141980_PHASER_stage1_table.bin	дедуп по sha256
12_mining_archive/filter_phaser_pack/01_filter/tables/P_141A00_env_shape_tbl_E.bin	duplicate of	04_tables/P_141a00_PHASER_stage2_table.bin	дедуп по sha256
12_mining_archive/filter_phaser_pack/01_filter/tables/P_144446_filter_div_table_2.bin	duplicate of	04_tables/X_144446_div_table2.bin	дедуп по sha256
12_mining_archive/filter_phaser_pack/01_filter/tables/P_1444C6_filter_width_tbl_1.bin	duplicate of	04_tables/P_1444c6_FXDYN_attack_table.bin	дедуп по sha256
12_mining_archive/filter_phaser_pack/01_filter/tables/P_144AC7_lp_filter_coeffs.bin	duplicate of	04_tables/P_144ac7_LP_filter_coeffs.bin	дедуп по sha256
12_mining_archive/filter_phaser_pack/19_m13_reverb/exp26_m13_reverb.py	duplicate of	12_mining_archive/filter_phaser_pack/05_emulator/exp26_m13_reverb.py	дедуп по sha256
12_mining_archive/filter_phaser_pack/21_echo_kernel_routing/table_140000_mantissa.bin	duplicate of	04_tables/X_140000_pitch_wavetable_2048.bin	дедуп по sha256
12_mining_archive/filter_phaser_pack/cpp_reference/PhaserFX.h	duplicate of	08_cpp_reference/juce_fx_pack/PhaserFX.h	дедуп по sha256
12_mining_archive/filter_phaser_pack/cpp_reference/monomachine_filter.hpp	duplicate of	08_cpp_reference/old_dsp_models/monomachine_filter.hpp	дедуп по sha256
12_mining_archive/filter_phaser_pack/tables/P_141800_LFO_speed_table.bin	duplicate of	04_tables/Y_141800_LFO_speed_table.bin	дедуп по sha256
12_mining_archive/filter_phaser_pack/tables/P_141900_PHASER_stage0_table.bin	duplicate of	04_tables/P_141900_PHASER_stage0_table.bin	дедуп по sha256
12_mining_archive/filter_phaser_pack/tables/P_141980_PHASER_stage1_table.bin	duplicate of	04_tables/P_141980_PHASER_stage1_table.bin	дедуп по sha256
12_mining_archive/filter_phaser_pack/tables/P_141a00_LFO_mult_table.bin	duplicate of	04_tables/P_141a00_PHASER_stage2_table.bin	дедуп по sha256
12_mining_archive/filter_phaser_pack/tables/P_141a00_PHASER_stage2_table.bin	duplicate of	04_tables/P_141a00_PHASER_stage2_table.bin	дедуп по sha256
12_mining_archive/filter_phaser_pack/tables/P_141b18_PHASER_stage3_table.bin	duplicate of	04_tables/P_141b18_PHASER_stage3_table.bin	дедуп по sha256
12_mining_archive/filter_phaser_pack/tables/P_142f06_PHASER_helper_table.bin	duplicate of	04_tables/P_142f06_PHASER_helper_table.bin	дедуп по sha256
12_mining_archive/filter_phaser_pack/tables/P_143546_PHASER_cntr_table.bin	duplicate of	04_tables/P_143546_PHASER_cntr_table.bin	дедуп по sha256
12_mining_archive/filter_phaser_pack/tables/P_143f95_cutoff_divisor_table.bin	duplicate of	04_tables/X_143f95_div_table.bin	дедуп по sha256
12_mining_archive/filter_phaser_pack/tables/P_144446_Q_resonance_table1.bin	duplicate of	04_tables/X_144446_div_table2.bin	дедуп по sha256
12_mining_archive/filter_phaser_pack/tables/P_1444c6_Q_resonance_table2.bin	duplicate of	04_tables/P_1444c6_FXDYN_attack_table.bin	дедуп по sha256
12_mining_archive/filter_phaser_pack/tables/P_144546_Q_resonance_table3_NEW.bin	duplicate of	12_mining_archive/filter_phaser_pack/01_filter/tables/P_144546_filter_width_tbl_2.bin	дедуп по sha256
12_mining_archive/filter_phaser_pack/tables/P_1446c6_FXDYN_release_OR_Q_table4.bin	duplicate of	04_tables/P_1446c6_FXDYN_release_table.bin	дедуп по sha256
12_mining_archive/filter_phaser_pack/tables/P_144746_FXDYN_rms_table.bin	duplicate of	04_tables/P_144746_FXDYN_rms_table.bin	дедуп по sha256
12_mining_archive/filter_phaser_pack/tables/P_144ac7_LP_filter_coeffs_main.bin	duplicate of	04_tables/P_144ac7_LP_filter_coeffs.bin	дедуп по sha256
12_mining_archive/hi08_extracted/P_140000_pitch_wavetable_2048_FROM_PMEM.bin	duplicate of	04_tables/X_140000_pitch_wavetable_2048.bin	дедуп по sha256
12_mining_archive/hi08_extracted/P_140800_SID_wavetable_0_1_full_FROM_PMEM.bin	duplicate of	12_mining_archive/all_tables_v4/P_140800_SID_wavetable_0_1_full.bin	дедуп по sha256
12_mining_archive/hi08_extracted/P_140800_SID_wavetable_1_FROM_HI08.bin	duplicate of	12_mining_archive/iteracy5/SID_wavetable_area_140800_factory.bin	дедуп по sha256
12_mining_archive/hi08_extracted/P_141800_LFO_speed_table_FROM_PMEM.bin	duplicate of	04_tables/Y_141800_LFO_speed_table.bin	дедуп по sha256
12_mining_archive/hi08_extracted/P_141880_FM_DYN_wavetable_FROM_PMEM.bin	duplicate of	12_mining_archive/filter_phaser_pack/01_filter/tables/P_141880_env_shape_tbl_B.bin	дедуп по sha256
12_mining_archive/hi08_extracted/P_141900_PHASER_stage0_FROM_PMEM.bin	duplicate of	04_tables/P_141900_PHASER_stage0_table.bin	дедуп по sha256
12_mining_archive/hi08_extracted/P_141980_PHASER_stage1_FROM_PMEM.bin	duplicate of	04_tables/P_141980_PHASER_stage1_table.bin	дедуп по sha256
12_mining_archive/hi08_extracted/P_141A00_LFO_mult_table_FROM_PMEM.bin	duplicate of	04_tables/P_141a00_PHASER_stage2_table.bin	дедуп по sha256
12_mining_archive/hi08_extracted/P_141A80_unknown_141a80_FROM_PMEM.bin	duplicate of	12_mining_archive/filter_phaser_pack/01_filter/tables/P_141A80_powers_of_2.bin	дедуп по sha256
12_mining_archive/hi08_extracted/P_141A98_big_block_141a98_11822_FROM_PMEM.bin	duplicate of	12_mining_archive/all_tables_v4/P_141A98_big_block_141a98.bin	дедуп по sha256
12_mining_archive/hi08_extracted/P_1448C6_unknown_1448c6_FROM_PMEM.bin	duplicate of	12_mining_archive/all_tables_v4/Y_1448C6_unknown_1448c6_256words.bin	дедуп по sha256
12_mining_archive/hi08_extracted/P_1449C6_kernel_curve_table_FROM_PMEM.bin	duplicate of	12_mining_archive/all_tables_v4/Y_1449C6_kernel_curve_table.bin	дедуп по sha256
12_mining_archive/hi08_extracted/P_144A46_unknown_144a46_FROM_PMEM.bin	duplicate of	12_mining_archive/all_tables_v4/Y_144A46_unknown_144a46_129words.bin	дедуп по sha256
12_mining_archive/hi08_extracted/P_144AC7_LP_filter_coeffs_FROM_PMEM.bin	duplicate of	04_tables/P_144ac7_LP_filter_coeffs.bin	дедуп по sha256
12_mining_archive/hi08_extracted/X_140000_pitch_wavetable_2048_FROM_PMEM.bin	duplicate of	04_tables/X_140000_pitch_wavetable_2048.bin	дедуп по sha256
12_mining_archive/hi08_extracted/X_143F95_div_table_1_FROM_PMEM.bin	duplicate of	04_tables/X_143f95_div_table.bin	дедуп по sha256
12_mining_archive/hi08_extracted/X_144446_div_table_2_FROM_PMEM.bin	duplicate of	04_tables/X_144446_div_table2.bin	дедуп по sha256
12_mining_archive/hi08_extracted/Y_141800_LFO_speed_table_FROM_PMEM.bin	duplicate of	04_tables/Y_141800_LFO_speed_table.bin	дедуп по sha256
12_mining_archive/hi08_extracted/Y_141A00_LFO_mult_table_FROM_PMEM.bin	duplicate of	04_tables/P_141a00_PHASER_stage2_table.bin	дедуп по sha256
12_mining_archive/hi08_extracted/Y_141A80_LFO_extra_24words_FROM_PMEM.bin	duplicate of	12_mining_archive/filter_phaser_pack/01_filter/tables/P_141A80_powers_of_2.bin	дедуп по sha256
12_mining_archive/hi08_extracted/Y_1448C6_unknown_1448c6_256words_FROM_PMEM.bin	duplicate of	12_mining_archive/all_tables_v4/Y_1448C6_unknown_1448c6_256words.bin	дедуп по sha256
12_mining_archive/hi08_extracted/Y_1449C6_kernel_curve_table_FROM_PMEM.bin	duplicate of	12_mining_archive/all_tables_v4/Y_1449C6_kernel_curve_table.bin	дедуп по sha256
12_mining_archive/hi08_extracted/Y_144A46_unknown_144a46_129words_FROM_PMEM.bin	duplicate of	12_mining_archive/all_tables_v4/Y_144A46_unknown_144a46_129words.bin	дедуп по sha256
12_mining_archive/hi08_extracted/sec1_decompressed.bin	duplicate of	12_mining_archive/iteracy4/blk1_full.bin	дедуп по sha256
12_mining_archive/hi08_extracted/sec2_decompressed.bin	duplicate of	12_mining_archive/iteracy4/blk2_full.bin	дедуп по sha256
12_mining_archive/hi08_extracted/sec3_decompressed.bin	duplicate of	12_mining_archive/iteracy4/blk3_full.bin	дедуп по sha256
12_mining_archive/iteracy4/X_14A000_sine_table_8K_math.bin	duplicate of	12_mining_archive/filter_phaser_pack/22_phaser_lfo/tables_14A000_14A800/X_14A000_sine8k_full.bin	дедуп по sha256
12_mining_archive/iteracy4/X_14A800_width_table_chorus_B_math.bin	duplicate of	12_mining_archive/filter_phaser_pack/22_phaser_lfo/tables_14A000_14A800/X_14A800_cos8k_full.bin	дедуп по sha256
12_mining_archive/iteracy4/blk0_full.bin	duplicate of	05_descriptors/coldfire_main.bin	дедуп по sha256
12_mining_archive/iteracy5/blk4_factory_patterns.bin	duplicate of	12_mining_archive/iteracy4/blk4_full.bin	дедуп по sha256
12_mining_archive/v7/01_sections/section_0_MAIN_OS.bin	duplicate of	05_descriptors/coldfire_main.bin	дедуп по sha256
12_mining_archive/v7/01_sections/section_1_DSP1_stream.bin	duplicate of	12_mining_archive/iteracy4/blk1_full.bin	дедуп по sha256
12_mining_archive/v7/01_sections/section_2_DSP2_stream.bin	duplicate of	12_mining_archive/iteracy4/blk2_full.bin	дедуп по sha256
12_mining_archive/v7/01_sections/section_3_DSP_common_stream.bin	duplicate of	12_mining_archive/iteracy4/blk3_full.bin	дедуп по sha256
12_mining_archive/v7/01_sections/section_4_factory_data.bin	duplicate of	12_mining_archive/iteracy4/blk4_full.bin	дедуп по sha256
12_mining_archive/v7/03_dsp_images_from_firmware/dsp1_pmem_from_firmware.bin	duplicate of	02_memory_images/dsp1_pmem.bin	дедуп по sha256
12_mining_archive/v7/03_dsp_images_from_firmware/dsp1_xmem_from_firmware.bin	duplicate of	02_memory_images/dsp1_xmem.bin	дедуп по sha256
12_mining_archive/v7/03_dsp_images_from_firmware/dsp1_ymem_from_firmware.bin	duplicate of	02_memory_images/dsp1_ymem.bin	дедуп по sha256
12_mining_archive/v7/03_dsp_images_from_firmware/dsp2_pmem_from_firmware.bin	duplicate of	02_memory_images/dsp2_pmem.bin	дедуп по sha256
12_mining_archive/v7/03_dsp_images_from_firmware/dsp2_xmem_from_firmware.bin	duplicate of	02_memory_images/dsp2_xmem.bin	дедуп по sha256
12_mining_archive/v7/03_dsp_images_from_firmware/dsp2_ymem_from_firmware.bin	duplicate of	02_memory_images/dsp2_ymem.bin	дедуп по sha256
12_mining_archive/v7/04_factory_data/slots/kit_001_THE_FUTURE.bin	duplicate of	12_mining_archive/v7/04_factory_data/slots/kit_001_E_FUTURE.bin	дедуп по sha256
12_mining_archive/v7/04_factory_data/slots/kit_067_FREEJAZZ.bin	duplicate of	12_mining_archive/v7/04_factory_data/slots/kit_067_EEJAZZ.bin	дедуп по sha256
12_mining_archive/v7/04_factory_data/slots/kit_070_D_KIT.bin	duplicate of	12_mining_archive/v7/04_factory_data/slots/kit_069_D_KIT.bin	дедуп по sha256
12_mining_archive/v7/04_factory_data/slots/kit_071_D_KIT.bin	duplicate of	12_mining_archive/v7/04_factory_data/slots/kit_069_D_KIT.bin	дедуп по sha256
12_mining_archive/v7/04_factory_data/slots/kit_072_DJALPHA.bin	duplicate of	12_mining_archive/v7/04_factory_data/slots/kit_072_ALPHA.bin	дедуп по sha256
12_mining_archive/v7/04_factory_data/slots/kit_074_TRIG.bin	duplicate of	12_mining_archive/v7/04_factory_data/slots/kit_074_RETRIG.bin	дедуп по sha256
12_mining_archive/v7/04_factory_data/slots/kit_075_UMMASKIN.bin	duplicate of	12_mining_archive/v7/04_factory_data/slots/kit_075_TRUMMASKIN.bin	дедуп по sha256
12_mining_archive/v7/04_factory_data/slots/kit_076_EEJAZZ.bin	duplicate of	12_mining_archive/v7/04_factory_data/slots/kit_067_EEJAZZ.bin	дедуп по sha256
12_mining_archive/v7/04_factory_data/slots/kit_076_FREEJAZZ.bin	duplicate of	12_mining_archive/v7/04_factory_data/slots/kit_067_EEJAZZ.bin	дедуп по sha256
12_mining_archive/v7/04_factory_data/slots/kit_077_W_SIX.bin	duplicate of	12_mining_archive/v7/04_factory_data/slots/kit_077_SAW_SIX.bin	дедуп по sha256
12_mining_archive/v7/04_factory_data/slots/kit_078_MPUTING.bin	duplicate of	12_mining_archive/v7/04_factory_data/slots/kit_078_COMPUTING.bin	дедуп по sha256
12_mining_archive/v7/04_factory_data/slots/kit_079_GITAL.bin	duplicate of	12_mining_archive/v7/04_factory_data/slots/kit_079_DIGITAL.bin	дедуп по sha256
12_mining_archive/v7/04_factory_data/slots/kit_080_STRINGENT.bin	duplicate of	12_mining_archive/v7/04_factory_data/slots/kit_080_RINGENT.bin	дедуп по sha256
12_mining_archive/v7/04_factory_data/slots/kit_081_THEORY.bin	duplicate of	12_mining_archive/v7/04_factory_data/slots/kit_081_EORY.bin	дедуп по sha256
12_mining_archive/v7/04_factory_data/slots/kit_082_RNYACID.bin	duplicate of	12_mining_archive/v7/04_factory_data/slots/kit_082_HORNYACID.bin	дедуп по sha256
12_mining_archive/v7/04_factory_data/slots/kit_083_FREQUENCIA.bin	duplicate of	12_mining_archive/v7/04_factory_data/slots/kit_083_EQUENCIA.bin	дедуп по sha256
12_mining_archive/v7/04_factory_data/slots/kit_084_STEPPAH.bin	duplicate of	12_mining_archive/v7/04_factory_data/slots/kit_084_EPPAH.bin	дедуп по sha256
12_mining_archive/v7/04_factory_data/slots/kit_085_HNICITY.bin	duplicate of	12_mining_archive/v7/04_factory_data/slots/kit_085_ETHNICITY.bin	дедуп по sha256
12_mining_archive/v7/04_factory_data/slots/kit_086_OKEN.bin	duplicate of	12_mining_archive/v7/04_factory_data/slots/kit_086_BROKEN.bin	дедуп по sha256
12_mining_archive/v7/04_factory_data/slots/kit_087_NKPATROL.bin	duplicate of	12_mining_archive/v7/04_factory_data/slots/kit_087_FUNKPATROL.bin	дедуп по sha256
12_mining_archive/v7/04_factory_data/slots/kit_088_STIQUE.bin	duplicate of	12_mining_archive/v7/04_factory_data/slots/kit_088_MISTIQUE.bin	дедуп по sha256
12_mining_archive/v7/04_factory_data/slots/kit_089_RADIOWAVES.bin	duplicate of	12_mining_archive/v7/04_factory_data/slots/kit_089_DIOWAVES.bin	дедуп по sha256
12_mining_archive/v7/04_factory_data/slots/kit_090_MULTI_SAW.bin	duplicate of	12_mining_archive/v7/04_factory_data/slots/kit_090_LTI_SAW.bin	дедуп по sha256
12_mining_archive/v7/04_factory_data/slots/kit_091_MULTI_PULS.bin	duplicate of	12_mining_archive/v7/04_factory_data/slots/kit_091_LTI_PULS.bin	дедуп по sha256
12_mining_archive/v7/04_factory_data/slots/kit_092_MULTI_ENS.bin	duplicate of	12_mining_archive/v7/04_factory_data/slots/kit_092_LTI_ENS.bin	дедуп по sha256
12_mining_archive/v7/04_factory_data/slots/kit_093_MULTI_SID.bin	duplicate of	12_mining_archive/v7/04_factory_data/slots/kit_093_LTI_SID.bin	дедуп по sha256
12_mining_archive/v7/04_factory_data/slots/kit_094_MULTI_DPRO.bin	duplicate of	12_mining_archive/v7/04_factory_data/slots/kit_094_LTI_DPRO.bin	дедуп по sha256
12_mining_archive/v7/04_factory_data/slots/kit_095_MULTI_FM_1.bin	duplicate of	12_mining_archive/v7/04_factory_data/slots/kit_095_LTI_FM_1.bin	дедуп по sha256
12_mining_archive/v7/04_factory_data/slots/kit_096_MULTI_FM_2.bin	duplicate of	12_mining_archive/v7/04_factory_data/slots/kit_096_LTI_FM_2.bin	дедуп по sha256
12_mining_archive/v7/04_factory_data/slots/kit_097_MULTI_FM_3.bin	duplicate of	12_mining_archive/v7/04_factory_data/slots/kit_097_LTI_FM_3.bin	дедуп по sha256
12_mining_archive/v7/04_factory_data/slots/kit_098_MULTI_FAT.bin	duplicate of	12_mining_archive/v7/04_factory_data/slots/kit_098_LTI_FAT.bin	дедуп по sha256
12_mining_archive/v7/04_factory_data/slots/kit_099_MULTI_SPLT.bin	duplicate of	12_mining_archive/v7/04_factory_data/slots/kit_099_LTI_SPLT.bin	дедуп по sha256
12_mining_archive/v7/04_factory_data/slots/kit_100_MULTI_SIX4.bin	duplicate of	12_mining_archive/v7/04_factory_data/slots/kit_100_LTI_SIX4.bin	дедуп по sha256
12_mining_archive/v7/04_factory_data/slots/kit_101_MULTI_BBOX.bin	duplicate of	12_mining_archive/v7/04_factory_data/slots/kit_101_LTI_BBOX.bin	дедуп по sha256
12_mining_archive/v7/04_factory_data/slots/kit_116_E_FUTURE.bin	duplicate of	12_mining_archive/v7/04_factory_data/slots/kit_001_E_FUTURE.bin	дедуп по sha256
12_mining_archive/v7/04_factory_data/slots/kit_123_SEMBLE.bin	duplicate of	12_mining_archive/v7/04_factory_data/slots/kit_123_ENSEMBLE.bin	дедуп по sha256
12_mining_archive/v7/04_factory_data/slots/pattern_002_SUPERWAVES.bin	duplicate of	12_mining_archive/v7/04_factory_data/slots/pattern_000_SUPERWAVES.bin	дедуп по sha256
12_mining_archive/v9/03_decoded/empty_template.bin	duplicate of	12_mining_archive/v8/03_decoded/empty_template.bin	дедуп по sha256
12_mining_archive/v9/03_decoded/patterns_decoded.json	duplicate of	12_mining_archive/v8/03_decoded/patterns_decoded.json	дедуп по sha256
12_mining_archive/zero_in_image_recovered/P_140800_SID_wavetable_1_PARTIAL_FROM_PMEM.bin	duplicate of	12_mining_archive/all_tables_v4/P_140800_SID_wavetable_0_1_full.bin	дедуп по sha256
12_mining_archive/zero_in_image_recovered/X_14A000_sine_table_8K_MATH.bin	duplicate of	12_mining_archive/filter_phaser_pack/22_phaser_lfo/tables_14A000_14A800/X_14A000_sine8k_full.bin	дедуп по sha256
12_mining_archive/zero_in_image_recovered/X_14A800_width_table_chorus_B_MATH.bin	duplicate of	12_mining_archive/filter_phaser_pack/22_phaser_lfo/tables_14A000_14A800/X_14A800_cos8k_full.bin	дедуп по sha256
13_quarantine/juce_old_tries/1 try/CMakeLists.mmnova.txt	duplicate of	13_quarantine/juce_superseded/1-try/CMakeLists.mmnova.txt	дедуп по sha256
13_quarantine/juce_old_tries/1 try/README_PORT.md	duplicate of	13_quarantine/juce_superseded/1-try/README_PORT.md	дедуп по sha256
13_quarantine/juce_old_tries/1 try/Source/mmnova/MnMDescriptors.cpp	duplicate of	13_quarantine/juce_superseded/1-try/Source/mmnova/MnMDescriptors.cpp	дедуп по sha256
13_quarantine/juce_old_tries/1 try/Source/mmnova/MnMDescriptors.h	duplicate of	13_quarantine/juce_superseded/1-try/Source/mmnova/MnMDescriptors.h	дедуп по sha256
13_quarantine/juce_old_tries/1 try/Source/mmnova/MnMEngine.cpp	duplicate of	13_quarantine/juce_superseded/1-try/Source/mmnova/MnMEngine.cpp	дедуп по sha256
13_quarantine/juce_old_tries/1 try/Source/mmnova/MnMEngine.h	duplicate of	13_quarantine/juce_superseded/1-try/Source/mmnova/MnMEngine.h	дедуп по sha256
13_quarantine/juce_old_tries/1 try/Source/mmnova/MnMFixed.h	duplicate of	13_quarantine/juce_superseded/1-try/Source/mmnova/MnMFixed.h	дедуп по sha256
13_quarantine/juce_old_tries/1 try/Source/mmnova/MnMMachine.h	duplicate of	13_quarantine/juce_superseded/1-try/Source/mmnova/MnMMachine.h	дедуп по sha256
13_quarantine/juce_old_tries/1 try/Source/mmnova/MnMMachineFactory.h	duplicate of	13_quarantine/juce_superseded/1-try/Source/mmnova/MnMMachineFactory.h	дедуп по sha256
13_quarantine/juce_old_tries/1 try/Source/mmnova/MnMTables.cpp	duplicate of	13_quarantine/juce_superseded/1-try/Source/mmnova/MnMTables.cpp	дедуп по sha256
13_quarantine/juce_old_tries/1 try/Source/mmnova/MnMTables.h	duplicate of	13_quarantine/juce_superseded/1-try/Source/mmnova/MnMTables.h	дедуп по sha256
13_quarantine/juce_old_tries/1 try/Source/mmnova/MnMVoice.cpp	duplicate of	13_quarantine/juce_superseded/1-try/Source/mmnova/MnMVoice.cpp	дедуп по sha256
13_quarantine/juce_old_tries/1 try/Source/mmnova/MnMVoice.h	duplicate of	13_quarantine/juce_superseded/1-try/Source/mmnova/MnMVoice.h	дедуп по sha256
13_quarantine/juce_old_tries/1 try/Source/mmnova/machines/MnMDpro.h	duplicate of	13_quarantine/juce_superseded/1-try/Source/mmnova/machines/MnMDpro.h	дедуп по sha256
13_quarantine/juce_old_tries/1 try/Source/mmnova/machines/MnMFm.h	duplicate of	13_quarantine/juce_superseded/1-try/Source/mmnova/machines/MnMFm.h	дедуп по sha256
13_quarantine/juce_old_tries/1 try/Source/mmnova/machines/MnMFxChorus.h	duplicate of	13_quarantine/juce_superseded/1-try/Source/mmnova/machines/MnMFxChorus.h	дедуп по sha256
13_quarantine/juce_old_tries/1 try/Source/mmnova/machines/MnMFxMisc.h	duplicate of	13_quarantine/juce_superseded/1-try/Source/mmnova/machines/MnMFxMisc.h	дедуп по sha256
13_quarantine/juce_old_tries/1 try/Source/mmnova/machines/MnMGnd.h	duplicate of	13_quarantine/juce_superseded/1-try/Source/mmnova/machines/MnMGnd.h	дедуп по sha256
13_quarantine/juce_old_tries/1 try/Source/mmnova/machines/MnMOsc.h	duplicate of	13_quarantine/juce_superseded/1-try/Source/mmnova/machines/MnMOsc.h	дедуп по sha256
13_quarantine/juce_old_tries/1 try/Source/mmnova/machines/MnMSid.h	duplicate of	13_quarantine/juce_superseded/1-try/Source/mmnova/machines/MnMSid.h	дедуп по sha256
13_quarantine/juce_old_tries/1 try/Source/mmnova/machines/MnMSwave.h	duplicate of	13_quarantine/juce_superseded/1-try/Source/mmnova/machines/MnMSwave.h	дедуп по sha256
13_quarantine/juce_old_tries/1 try/Source/mmnova/machines/MnMVo6.h	duplicate of	13_quarantine/juce_superseded/1-try/Source/mmnova/machines/MnMVo6.h	дедуп по sha256
13_quarantine/juce_old_tries/1 try/Source/mmnova/mmnova.cpp	duplicate of	13_quarantine/juce_superseded/1-try/Source/mmnova/mmnova.cpp	дедуп по sha256
13_quarantine/juce_old_tries/1 try/examples/PluginProcessor_snippet.cpp	duplicate of	13_quarantine/juce_superseded/1-try/examples/PluginProcessor_snippet.cpp	дедуп по sha256
13_quarantine/juce_old_tries/1 try/tools/extract_tables_fixed.py	duplicate of	13_quarantine/juce_superseded/1-try/tools/extract_tables_fixed.py	дедуп по sha256
13_quarantine/juce_old_tries/1 try/tools/verify_chorus_region.py	duplicate of	13_quarantine/juce_superseded/1-try/tools/verify_chorus_region.py	дедуп по sha256
13_quarantine/juce_old_tries/2 try filter dist env nice build with preview site есть из чего выбрать тип если не найти ориг/ASM_Patches/01_extract_tables_sram_alias_fix.py	duplicate of	13_quarantine/juce_superseded/2-try/ASM_Patches/01_extract_tables_sram_alias_fix.py	дедуп по sha256
13_quarantine/juce_old_tries/2 try filter dist env nice build with preview site есть из чего выбрать тип если не найти ориг/ASM_Patches/03_filter_dist_env_exact_listing.asm	duplicate of	13_quarantine/juce_superseded/2-try/ASM_Patches/03_filter_dist_env_exact_listing.asm	дедуп по sha256
13_quarantine/juce_old_tries/2 try filter dist env nice build with preview site есть из чего выбрать тип если не найти ориг/README_1.6.0_INTEGRATION_RU.md	duplicate of	13_quarantine/juce_superseded/2-try/README_1.6.0_INTEGRATION_RU.md	дедуп по sha256
13_quarantine/juce_old_tries/2 try filter dist env nice build with preview site есть из чего выбрать тип если не найти ориг/Source/DSP/Core/Dsp56300Core.h	duplicate of	13_quarantine/juce_superseded/2-try/Source/DSP/Core/Dsp56300Core.h	дедуп по sha256
13_quarantine/juce_old_tries/2 try filter dist env nice build with preview site есть из чего выбрать тип если не найти ориг/Source/DSP/Core/MmNovaTables_Fixed.h	duplicate of	13_quarantine/juce_superseded/2-try/Source/DSP/Core/MmNovaTables_Fixed.h	дедуп по sha256
13_quarantine/juce_old_tries/2 try filter dist env nice build with preview site есть из чего выбрать тип если не найти ориг/Source/DSP/FX/FXChorusBlock.h	duplicate of	13_quarantine/juce_superseded/2-try/Source/DSP/FX/FXChorusBlock.h	дедуп по sha256
13_quarantine/juce_old_tries/2 try filter dist env nice build with preview site есть из чего выбрать тип если не найти ориг/Source/DSP/Kernel/AmpEnvelopeBlock.h	duplicate of	13_quarantine/juce_superseded/2-try/Source/DSP/Kernel/AmpEnvelopeBlock.h	дедуп по sha256
13_quarantine/juce_old_tries/2 try filter dist env nice build with preview site есть из чего выбрать тип если не найти ориг/Source/DSP/Kernel/DistortionSaturationBlock.h	duplicate of	13_quarantine/juce_superseded/2-try/Source/DSP/Kernel/DistortionSaturationBlock.h	дедуп по sha256
13_quarantine/juce_old_tries/2 try filter dist env nice build with preview site есть из чего выбрать тип если не найти ориг/Source/DSP/Kernel/KernelVoiceChainBlock.h	duplicate of	13_quarantine/juce_superseded/2-try/Source/DSP/Kernel/KernelVoiceChainBlock.h	дедуп по sha256
13_quarantine/juce_old_tries/2 try filter dist env nice build with preview site есть из чего выбрать тип если не найти ориг/Source/DSP/Kernel/MultiModeFilterBlock.h	duplicate of	13_quarantine/juce_superseded/2-try/Source/DSP/Kernel/MultiModeFilterBlock.h	дедуп по sha256
13_quarantine/juce_old_tries/2 try filter dist env nice build with preview site есть из чего выбрать тип если не найти ориг/Source/DSP/Machines/DproBboxBlock.h	duplicate of	13_quarantine/juce_superseded/2-try/Source/DSP/Machines/DproBboxBlock.h	дедуп по sha256
13_quarantine/juce_old_tries/2 try filter dist env nice build with preview site есть из чего выбрать тип если не найти ориг/Source/DSP/Machines/FMPlusBlocks.h	duplicate of	13_quarantine/juce_superseded/2-try/Source/DSP/Machines/FMPlusBlocks.h	дедуп по sha256
13_quarantine/juce_old_tries/2 try filter dist env nice build with preview site есть из чего выбрать тип если не найти ориг/Source/DSP/Machines/GndAndSidBlocks.h	duplicate of	13_quarantine/juce_superseded/2-try/Source/DSP/Machines/GndAndSidBlocks.h	дедуп по sha256
13_quarantine/juce_old_tries/2 try filter dist env nice build with preview site есть из чего выбрать тип если не найти ориг/Source/DSP/Machines/SwaveBlocks.h	duplicate of	13_quarantine/juce_superseded/2-try/Source/DSP/Machines/SwaveBlocks.h	дедуп по sha256
13_quarantine/juce_old_tries/2 try filter dist env nice build with preview site есть из чего выбрать тип если не найти ориг/index.html	duplicate of	11_juce_probable/05_LAB_PAGES/try2-preview.html	дедуп по sha256
13_quarantine/juce_old_tries/3 mnmdsp_reference more version/README_RU.md	duplicate of	13_quarantine/juce_superseded/3-mnmdsp_reference-more-version/README_RU.md	дедуп по sha256
13_quarantine/juce_old_tries/3 mnmdsp_reference more version/data/bbox_drum_bank.bin	duplicate of	10_juce_import_ready/01_CORE_VERIFIED/data/bbox_drum_bank.bin	дедуп по sha256
13_quarantine/juce_old_tries/3 mnmdsp_reference more version/data/bbox_models_fragment.h	duplicate of	13_quarantine/juce_superseded/3-mnmdsp_reference-more-version/data/bbox_models_fragment.h	дедуп по sha256
13_quarantine/juce_old_tries/3 mnmdsp_reference more version/data/bbox_wav/model_00.wav	duplicate of	13_quarantine/juce_superseded/3-mnmdsp_reference-more-version/data/bbox_wav/model_00.wav	дедуп по sha256
13_quarantine/juce_old_tries/3 mnmdsp_reference more version/data/bbox_wav/model_01.wav	duplicate of	13_quarantine/juce_superseded/3-mnmdsp_reference-more-version/data/bbox_wav/model_01.wav	дедуп по sha256
13_quarantine/juce_old_tries/3 mnmdsp_reference more version/data/bbox_wav/model_02.wav	duplicate of	13_quarantine/juce_superseded/3-mnmdsp_reference-more-version/data/bbox_wav/model_02.wav	дедуп по sha256
13_quarantine/juce_old_tries/3 mnmdsp_reference more version/data/bbox_wav/model_03.wav	duplicate of	13_quarantine/juce_superseded/3-mnmdsp_reference-more-version/data/bbox_wav/model_03.wav	дедуп по sha256
13_quarantine/juce_old_tries/3 mnmdsp_reference more version/data/bbox_wav/model_04.wav	duplicate of	13_quarantine/juce_superseded/3-mnmdsp_reference-more-version/data/bbox_wav/model_04.wav	дедуп по sha256
13_quarantine/juce_old_tries/3 mnmdsp_reference more version/data/bbox_wav/model_05.wav	duplicate of	13_quarantine/juce_superseded/3-mnmdsp_reference-more-version/data/bbox_wav/model_05.wav	дедуп по sha256
13_quarantine/juce_old_tries/3 mnmdsp_reference more version/data/bbox_wav/model_06.wav	duplicate of	13_quarantine/juce_superseded/3-mnmdsp_reference-more-version/data/bbox_wav/model_06.wav	дедуп по sha256
13_quarantine/juce_old_tries/3 mnmdsp_reference more version/data/bbox_wav/model_07.wav	duplicate of	13_quarantine/juce_superseded/3-mnmdsp_reference-more-version/data/bbox_wav/model_07.wav	дедуп по sha256
13_quarantine/juce_old_tries/3 mnmdsp_reference more version/data/bbox_wav/model_08.wav	duplicate of	13_quarantine/juce_superseded/3-mnmdsp_reference-more-version/data/bbox_wav/model_08.wav	дедуп по sha256
13_quarantine/juce_old_tries/3 mnmdsp_reference more version/data/bbox_wav/model_09.wav	duplicate of	13_quarantine/juce_superseded/3-mnmdsp_reference-more-version/data/bbox_wav/model_09.wav	дедуп по sha256
13_quarantine/juce_old_tries/3 mnmdsp_reference more version/data/bbox_wav/model_10.wav	duplicate of	13_quarantine/juce_superseded/3-mnmdsp_reference-more-version/data/bbox_wav/model_10.wav	дедуп по sha256
13_quarantine/juce_old_tries/3 mnmdsp_reference more version/data/bbox_wav/model_11.wav	duplicate of	13_quarantine/juce_superseded/3-mnmdsp_reference-more-version/data/bbox_wav/model_11.wav	дедуп по sha256
13_quarantine/juce_old_tries/3 mnmdsp_reference more version/data/pitch_wavetable_2048.bin	duplicate of	04_tables/X_140000_pitch_wavetable_2048.bin	дедуп по sha256
13_quarantine/juce_old_tries/3 mnmdsp_reference more version/docs/BBOX_RU.md	duplicate of	10_juce_import_ready/01_CORE_VERIFIED/docs/BBOX_RU.md	дедуп по sha256
13_quarantine/juce_old_tries/3 mnmdsp_reference more version/docs/ROUTING_RU.md	duplicate of	10_juce_import_ready/01_CORE_VERIFIED/docs/ROUTING_RU.md	дедуп по sha256
13_quarantine/juce_old_tries/3 mnmdsp_reference more version/dsp/MnmFixed.h	duplicate of	13_quarantine/juce_superseded/3-mnmdsp_reference-more-version/dsp/MnmFixed.h	дедуп по sha256
13_quarantine/juce_old_tries/3 mnmdsp_reference more version/dsp/MnmParams.h	duplicate of	10_juce_import_ready/01_CORE_VERIFIED/dsp/MnmParams.h	дедуп по sha256
13_quarantine/juce_old_tries/3 mnmdsp_reference more version/dsp/MnmRouting.h	duplicate of	10_juce_import_ready/01_CORE_VERIFIED/dsp/MnmRouting.h	дедуп по sha256
13_quarantine/juce_old_tries/3 mnmdsp_reference more version/dsp/machines/ChorusCore.cpp	duplicate of	08_cpp_reference/chorus_plugin/ChorusCore.cpp	дедуп по sha256
13_quarantine/juce_old_tries/3 mnmdsp_reference more version/dsp/machines/ChorusCore.h	duplicate of	08_cpp_reference/chorus_plugin/ChorusCore.h	дедуп по sha256
13_quarantine/juce_old_tries/3 mnmdsp_reference more version/dsp/machines/ChorusTables.h	duplicate of	08_cpp_reference/chorus_plugin/ChorusTables.h	дедуп по sha256
13_quarantine/juce_old_tries/3 mnmdsp_reference more version/dsp/machines/MnmBBox.h	duplicate of	10_juce_import_ready/01_CORE_VERIFIED/dsp/machines/MnmBBox.h	дедуп по sha256
13_quarantine/juce_old_tries/5 mnm-dist-filter/FILTER_DIST_FACTS.md	duplicate of	13_quarantine/juce_superseded/5-mnm-dist-filter/FILTER_DIST_FACTS.md	дедуп по sha256
13_quarantine/juce_old_tries/5 mnm-dist-filter/NEXT_STEPS.txt	duplicate of	13_quarantine/juce_superseded/5-mnm-dist-filter/NEXT_STEPS.txt	дедуп по sha256
13_quarantine/juce_old_tries/5 mnm-dist-filter/Source/mmnova/MnMAmpDist.h	duplicate of	13_quarantine/juce_superseded/5-mnm-dist-filter/Source/mmnova/MnMAmpDist.h	дедуп по sha256
13_quarantine/juce_old_tries/5 mnm-dist-filter/Source/mmnova/MnMFilter24.h	duplicate of	13_quarantine/juce_superseded/5-mnm-dist-filter/Source/mmnova/MnMFilter24.h	дедуп по sha256
13_quarantine/juce_old_tries/5 mnm-dist-filter/Source/mmnova/MnMFixed.h	duplicate of	13_quarantine/juce_superseded/5-mnm-dist-filter/Source/mmnova/MnMFixed.h	дедуп по sha256
13_quarantine/juce_old_tries/5 mnm-dist-filter/index.html	duplicate of	13_quarantine/juce_superseded/5-mnm-dist-filter/index.html	дедуп по sha256
13_quarantine/juce_old_tries/MNM_FILTER_TRUTHFUL/data/filt_cutoff_P143546_1700.bin	duplicate of	10_juce_import_ready/clean_proof_audit/MNM_FILTER_PRACTICAL/data/kCutoffP143546.bin	дедуп по sha256
13_quarantine/juce_old_tries/MNM_FILTER_TRUTHFUL/data/filt_cutoff_P1435C6_1600.bin	duplicate of	10_juce_import_ready/clean_proof_audit/MNM_FILTER_PRACTICAL/data/kCutoffP1435C6.bin	дедуп по sha256
13_quarantine/juce_old_tries/gpt 6 astra cheker na oriig.html	duplicate of	11_juce_probable/05_LAB_PAGES/gpt-reference-lab.html	дедуп по sha256
13_quarantine/juce_old_tries/mmnova-filter-official fav from manual и косвенно все вырисовывает его/MnMFilter24_Official.h	duplicate of	13_quarantine/juce_superseded/mmnova-filter-official-from-manual/MnMFilter24_Official.h	дедуп по sha256
13_quarantine/juce_old_tries/mmnova-filter-official fav from manual и косвенно все вырисовывает его/index.html	duplicate of	13_quarantine/juce_superseded/mmnova-filter-official-from-manual/index.html	дедуп по sha256
13_quarantine/juce_old_tries/mnm-filter-q/FILTER_Q_FINDINGS.md	duplicate of	11_juce_probable/02_PROBABLE/mnm-filter-q/FILTER_Q_FINDINGS.md	дедуп по sha256
13_quarantine/juce_old_tries/mnm-filter-q/PLAN_MEASURE.md	duplicate of	11_juce_probable/02_PROBABLE/mnm-filter-q/PLAN_MEASURE.md	дедуп по sha256
13_quarantine/juce_old_tries/mnm-filter-q/Source/mmnova/MnMFilter24.h	duplicate of	11_juce_probable/02_PROBABLE/mnm-filter-q/Source/mmnova/MnMFilter24.h	дедуп по sha256
13_quarantine/juce_old_tries/mnm-filter-q/Source/mmnova/MnMFilterMod.h	duplicate of	11_juce_probable/02_PROBABLE/mnm-filter-q/Source/mmnova/MnMFilterMod.h	дедуп по sha256
13_quarantine/juce_old_tries/mnm-filter-q/Source/mmnova/MnMFixed.h	duplicate of	11_juce_probable/02_PROBABLE/mnm-filter-q/Source/mmnova/MnMFixed.h	дедуп по sha256
13_quarantine/juce_old_tries/mnm-filter-q/Source/mmnova/MnMVoicePage.h	duplicate of	11_juce_probable/02_PROBABLE/mnm-filter-q/Source/mmnova/MnMVoicePage.h	дедуп по sha256
13_quarantine/juce_old_tries/mnm-filter-q/Source/mmnova/index.html	duplicate of	11_juce_probable/05_LAB_PAGES/filter-q-internal.html	дедуп по sha256
13_quarantine/juce_old_tries/mnm-filter-q/VOICE_PAGE_MAP.md	duplicate of	11_juce_probable/02_PROBABLE/mnm-filter-q/VOICE_PAGE_MAP.md	дедуп по sha256
13_quarantine/juce_old_tries/mnm-filter-q/index (2).html	duplicate of	11_juce_probable/05_LAB_PAGES/filter-q-2.html	дедуп по sha256
13_quarantine/juce_old_tries/mnm-filter-q/index.html	duplicate of	11_juce_probable/05_LAB_PAGES/filter-q.html	дедуп по sha256
13_quarantine/juce_old_tries/mnm-routing-100/README_ROUTING_100_VERIFIED.md	duplicate of	11_juce_probable/02_PROBABLE/mnm-routing-100/README_ROUTING_100_VERIFIED.md	дедуп по sha256
13_quarantine/juce_old_tries/mnm-routing-100/Source/mmnova/MnMVoiceChain_Canonical.h	duplicate of	11_juce_probable/02_PROBABLE/mnm-routing-100/Source/mmnova/MnMVoiceChain_Canonical.h	дедуп по sha256
13_quarantine/juce_old_tries/mnm-routing-verified/index.html	duplicate of	11_juce_probable/05_LAB_PAGES/routing-verified.html	дедуп по sha256
13_quarantine/juce_old_tries/mnm_filter_full_dump_try_fav/LICENSE	duplicate of	11_juce_probable/mnm_filter_full_dump_2deep/LICENSE	дедуп по sha256
13_quarantine/juce_old_tries/mnm_filter_full_dump_try_fav/demo/demo.cpp	duplicate of	11_juce_probable/mnm_filter_full_dump_2deep/demo/demo.cpp	дедуп по sha256
13_quarantine/juce_old_tries/mnmdsp_reference filter from emulation/data/bbox_drum_bank.bin	duplicate of	10_juce_import_ready/01_CORE_VERIFIED/data/bbox_drum_bank.bin	дедуп по sha256
13_quarantine/juce_old_tries/mnmdsp_reference filter from emulation/data/bbox_models_fragment.h	duplicate of	13_quarantine/juce_superseded/3-mnmdsp_reference-more-version/data/bbox_models_fragment.h	дедуп по sha256
13_quarantine/juce_old_tries/mnmdsp_reference filter from emulation/data/bbox_wav/model_00.wav	duplicate of	13_quarantine/juce_superseded/3-mnmdsp_reference-more-version/data/bbox_wav/model_00.wav	дедуп по sha256
13_quarantine/juce_old_tries/mnmdsp_reference filter from emulation/data/bbox_wav/model_01.wav	duplicate of	13_quarantine/juce_superseded/3-mnmdsp_reference-more-version/data/bbox_wav/model_01.wav	дедуп по sha256
13_quarantine/juce_old_tries/mnmdsp_reference filter from emulation/data/bbox_wav/model_02.wav	duplicate of	13_quarantine/juce_superseded/3-mnmdsp_reference-more-version/data/bbox_wav/model_02.wav	дедуп по sha256
13_quarantine/juce_old_tries/mnmdsp_reference filter from emulation/data/bbox_wav/model_03.wav	duplicate of	13_quarantine/juce_superseded/3-mnmdsp_reference-more-version/data/bbox_wav/model_03.wav	дедуп по sha256
13_quarantine/juce_old_tries/mnmdsp_reference filter from emulation/data/bbox_wav/model_04.wav	duplicate of	13_quarantine/juce_superseded/3-mnmdsp_reference-more-version/data/bbox_wav/model_04.wav	дедуп по sha256
13_quarantine/juce_old_tries/mnmdsp_reference filter from emulation/data/bbox_wav/model_05.wav	duplicate of	13_quarantine/juce_superseded/3-mnmdsp_reference-more-version/data/bbox_wav/model_05.wav	дедуп по sha256
13_quarantine/juce_old_tries/mnmdsp_reference filter from emulation/data/bbox_wav/model_06.wav	duplicate of	13_quarantine/juce_superseded/3-mnmdsp_reference-more-version/data/bbox_wav/model_06.wav	дедуп по sha256
13_quarantine/juce_old_tries/mnmdsp_reference filter from emulation/data/bbox_wav/model_07.wav	duplicate of	13_quarantine/juce_superseded/3-mnmdsp_reference-more-version/data/bbox_wav/model_07.wav	дедуп по sha256
13_quarantine/juce_old_tries/mnmdsp_reference filter from emulation/data/bbox_wav/model_08.wav	duplicate of	13_quarantine/juce_superseded/3-mnmdsp_reference-more-version/data/bbox_wav/model_08.wav	дедуп по sha256
13_quarantine/juce_old_tries/mnmdsp_reference filter from emulation/data/bbox_wav/model_09.wav	duplicate of	13_quarantine/juce_superseded/3-mnmdsp_reference-more-version/data/bbox_wav/model_09.wav	дедуп по sha256
13_quarantine/juce_old_tries/mnmdsp_reference filter from emulation/data/bbox_wav/model_10.wav	duplicate of	13_quarantine/juce_superseded/3-mnmdsp_reference-more-version/data/bbox_wav/model_10.wav	дедуп по sha256
13_quarantine/juce_old_tries/mnmdsp_reference filter from emulation/data/bbox_wav/model_11.wav	duplicate of	13_quarantine/juce_superseded/3-mnmdsp_reference-more-version/data/bbox_wav/model_11.wav	дедуп по sha256
13_quarantine/juce_old_tries/mnmdsp_reference filter from emulation/data/kernel/amp_decay_table.bin	duplicate of	12_mining_archive/filter_phaser_pack/01_filter/tables/P_141880_env_shape_tbl_B.bin	дедуп по sha256
13_quarantine/juce_old_tries/mnmdsp_reference filter from emulation/data/kernel/amp_decay_table.txt	duplicate of	10_juce_import_ready/01_CORE_VERIFIED/data/kernel/amp_decay_table.txt	дедуп по sha256
13_quarantine/juce_old_tries/mnmdsp_reference filter from emulation/data/kernel/amp_lfo_rate_table.bin	duplicate of	04_tables/Y_141800_LFO_speed_table.bin	дедуп по sha256
13_quarantine/juce_old_tries/mnmdsp_reference filter from emulation/data/kernel/amp_lfo_rate_table.txt	duplicate of	10_juce_import_ready/01_CORE_VERIFIED/data/kernel/amp_lfo_rate_table.txt	дедуп по sha256
13_quarantine/juce_old_tries/mnmdsp_reference filter from emulation/data/kernel/drive_curve.bin	duplicate of	10_juce_import_ready/01_CORE_VERIFIED/data/kernel/drive_curve.bin	дедуп по sha256
13_quarantine/juce_old_tries/mnmdsp_reference filter from emulation/data/kernel/drive_curve.txt	duplicate of	10_juce_import_ready/01_CORE_VERIFIED/data/kernel/drive_curve.txt	дедуп по sha256
13_quarantine/juce_old_tries/mnmdsp_reference filter from emulation/data/kernel/filt_cutoff_table.bin	duplicate of	12_mining_archive/filter_phaser_pack/01_filter/tables/P_143546_kernel_tbl_143546.bin	дедуп по sha256
13_quarantine/juce_old_tries/mnmdsp_reference filter from emulation/data/kernel/filt_cutoff_table.txt	duplicate of	10_juce_import_ready/01_CORE_VERIFIED/data/kernel/filt_cutoff_table.txt	дедуп по sha256
13_quarantine/juce_old_tries/mnmdsp_reference filter from emulation/data/kernel/filt_cutoff_table2.bin	duplicate of	04_tables/P_1435c6_SID_helper_table.bin	дедуп по sha256
13_quarantine/juce_old_tries/mnmdsp_reference filter from emulation/data/kernel/filt_cutoff_table2.txt	duplicate of	10_juce_import_ready/01_CORE_VERIFIED/data/kernel/filt_cutoff_table2.txt	дедуп по sha256
13_quarantine/juce_old_tries/mnmdsp_reference filter from emulation/data/kernel/filter_coeff_a.bin	duplicate of	10_juce_import_ready/01_CORE_VERIFIED/data/kernel/filter_coeff_a.bin	дедуп по sha256
13_quarantine/juce_old_tries/mnmdsp_reference filter from emulation/data/kernel/filter_coeff_a.txt	duplicate of	10_juce_import_ready/01_CORE_VERIFIED/data/kernel/filter_coeff_a.txt	дедуп по sha256
13_quarantine/juce_old_tries/mnmdsp_reference filter from emulation/data/kernel/filter_coeff_b.bin	duplicate of	10_juce_import_ready/01_CORE_VERIFIED/data/kernel/filter_coeff_b.bin	дедуп по sha256
13_quarantine/juce_old_tries/mnmdsp_reference filter from emulation/data/kernel/filter_coeff_b.txt	duplicate of	10_juce_import_ready/01_CORE_VERIFIED/data/kernel/filter_coeff_b.txt	дедуп по sha256
13_quarantine/juce_old_tries/mnmdsp_reference filter from emulation/data/kernel/filter_coeff_c.bin	duplicate of	10_juce_import_ready/01_CORE_VERIFIED/data/kernel/filter_coeff_c.bin	дедуп по sha256
13_quarantine/juce_old_tries/mnmdsp_reference filter from emulation/data/kernel/filter_coeff_c.txt	duplicate of	10_juce_import_ready/01_CORE_VERIFIED/data/kernel/filter_coeff_c.txt	дедуп по sha256
13_quarantine/juce_old_tries/mnmdsp_reference filter from emulation/data/kernel/fm_ratio_table.bin	duplicate of	12_mining_archive/filter_phaser_pack/01_filter/tables/P_141A80_powers_of_2.bin	дедуп по sha256
13_quarantine/juce_old_tries/mnmdsp_reference filter from emulation/data/kernel/fm_ratio_table.txt	duplicate of	10_juce_import_ready/01_CORE_VERIFIED/data/kernel/fm_ratio_table.txt	дедуп по sha256
13_quarantine/juce_old_tries/mnmdsp_reference filter from emulation/data/kernel/kernel_curve.bin	duplicate of	04_tables/Y_1449c6_kernel_curve_table.bin	дедуп по sha256
13_quarantine/juce_old_tries/mnmdsp_reference filter from emulation/data/kernel/kernel_curve.txt	duplicate of	10_juce_import_ready/01_CORE_VERIFIED/data/kernel/kernel_curve.txt	дедуп по sha256
13_quarantine/juce_old_tries/mnmdsp_reference filter from emulation/data/kernel/lfo_cycle_table.bin	duplicate of	04_tables/P_141a00_PHASER_stage2_table.bin	дедуп по sha256
13_quarantine/juce_old_tries/mnmdsp_reference filter from emulation/data/kernel/lfo_cycle_table.txt	duplicate of	10_juce_import_ready/01_CORE_VERIFIED/data/kernel/lfo_cycle_table.txt	дедуп по sha256
13_quarantine/juce_old_tries/mnmdsp_reference filter from emulation/data/pitch_wavetable_2048.bin	duplicate of	04_tables/X_140000_pitch_wavetable_2048.bin	дедуп по sha256
13_quarantine/juce_old_tries/mnmdsp_reference filter from emulation/docs/BBOX_RU.md	duplicate of	10_juce_import_ready/01_CORE_VERIFIED/docs/BBOX_RU.md	дедуп по sha256
13_quarantine/juce_old_tries/mnmdsp_reference filter from emulation/docs/KERNEL_CHAIN_RU.md	duplicate of	10_juce_import_ready/01_CORE_VERIFIED/docs/KERNEL_CHAIN_RU.md	дедуп по sha256
13_quarantine/juce_old_tries/mnmdsp_reference filter from emulation/docs/ROUTING_RU.md	duplicate of	10_juce_import_ready/01_CORE_VERIFIED/docs/ROUTING_RU.md	дедуп по sha256
13_quarantine/juce_old_tries/mnmdsp_reference filter from emulation/dsp/MnmFixed.h	duplicate of	13_quarantine/juce_superseded/3-mnmdsp_reference-more-version/dsp/MnmFixed.h	дедуп по sha256
13_quarantine/juce_old_tries/mnmdsp_reference filter from emulation/dsp/MnmParams.h	duplicate of	10_juce_import_ready/01_CORE_VERIFIED/dsp/MnmParams.h	дедуп по sha256
13_quarantine/juce_old_tries/mnmdsp_reference filter from emulation/dsp/MnmRouting.h	duplicate of	10_juce_import_ready/01_CORE_VERIFIED/dsp/MnmRouting.h	дедуп по sha256
13_quarantine/juce_old_tries/mnmdsp_reference filter from emulation/dsp/machines/ChorusCore.cpp	duplicate of	08_cpp_reference/chorus_plugin/ChorusCore.cpp	дедуп по sha256
13_quarantine/juce_old_tries/mnmdsp_reference filter from emulation/dsp/machines/ChorusCore.h	duplicate of	08_cpp_reference/chorus_plugin/ChorusCore.h	дедуп по sha256
13_quarantine/juce_old_tries/mnmdsp_reference filter from emulation/dsp/machines/ChorusTables.h	duplicate of	08_cpp_reference/chorus_plugin/ChorusTables.h	дедуп по sha256
13_quarantine/juce_old_tries/mnmdsp_reference filter from emulation/dsp/machines/MnmBBox.h	duplicate of	10_juce_import_ready/01_CORE_VERIFIED/dsp/machines/MnmBBox.h	дедуп по sha256
13_quarantine/juce_old_tries/mnmdsp_reference filter from emulation/rig/EMULATOR_PATCHES.md	duplicate of	10_juce_import_ready/01_CORE_VERIFIED/rig/EMULATOR_PATCHES.md	дедуп по sha256
13_quarantine/juce_old_tries/mnmdsp_reference filter from emulation/rig/build.sh	duplicate of	10_juce_import_ready/01_CORE_VERIFIED/rig/build.sh	дедуп по sha256
13_quarantine/juce_old_tries/mnmdsp_reference filter from emulation/rig/cutoff_table_1700.h	duplicate of	10_juce_import_ready/01_CORE_VERIFIED/rig/cutoff_table_1700.h	дедуп по sha256
13_quarantine/juce_old_tries/mnmdsp_reference filter from emulation/rig/rig.cpp	duplicate of	10_juce_import_ready/01_CORE_VERIFIED/rig/rig.cpp	дедуп по sha256
13_quarantine/juce_old_tries/mnmdsp_reference filter from emulation/rig/stub_jit.cpp	duplicate of	10_juce_import_ready/01_CORE_VERIFIED/rig/stub_jit.cpp	дедуп по sha256
13_quarantine/juce_old_tries/mnmdsp_reference filter from emulation/rig/t2.cpp	duplicate of	10_juce_import_ready/01_CORE_VERIFIED/rig/t2.cpp	дедуп по sha256
13_quarantine/juce_old_tries/mnmdsp_reference filter from emulation/rig/test_blocks.cpp	duplicate of	10_juce_import_ready/01_CORE_VERIFIED/rig/test_blocks.cpp	дедуп по sha256
13_quarantine/juce_old_tries/как достать q фильтра.txt	duplicate of	11_juce_probable/02_PROBABLE/как достать q фильтра.txt	дедуп по sha256
13_quarantine/juce_superseded/2-try/index.html	duplicate of	11_juce_probable/05_LAB_PAGES/try2-preview.html	дедуп по sha256
13_quarantine/juce_superseded/3-mnmdsp_reference-more-version/data/bbox_drum_bank.bin	duplicate of	10_juce_import_ready/01_CORE_VERIFIED/data/bbox_drum_bank.bin	дедуп по sha256
13_quarantine/juce_superseded/3-mnmdsp_reference-more-version/data/pitch_wavetable_2048.bin	duplicate of	04_tables/X_140000_pitch_wavetable_2048.bin	дедуп по sha256
13_quarantine/juce_superseded/3-mnmdsp_reference-more-version/docs/BBOX_RU.md	duplicate of	10_juce_import_ready/01_CORE_VERIFIED/docs/BBOX_RU.md	дедуп по sha256
13_quarantine/juce_superseded/3-mnmdsp_reference-more-version/docs/ROUTING_RU.md	duplicate of	10_juce_import_ready/01_CORE_VERIFIED/docs/ROUTING_RU.md	дедуп по sha256
13_quarantine/juce_superseded/3-mnmdsp_reference-more-version/dsp/MnmParams.h	duplicate of	10_juce_import_ready/01_CORE_VERIFIED/dsp/MnmParams.h	дедуп по sha256
13_quarantine/juce_superseded/3-mnmdsp_reference-more-version/dsp/MnmRouting.h	duplicate of	10_juce_import_ready/01_CORE_VERIFIED/dsp/MnmRouting.h	дедуп по sha256
13_quarantine/juce_superseded/3-mnmdsp_reference-more-version/dsp/machines/ChorusCore.cpp	duplicate of	08_cpp_reference/chorus_plugin/ChorusCore.cpp	дедуп по sha256
13_quarantine/juce_superseded/3-mnmdsp_reference-more-version/dsp/machines/ChorusCore.h	duplicate of	08_cpp_reference/chorus_plugin/ChorusCore.h	дедуп по sha256
13_quarantine/juce_superseded/3-mnmdsp_reference-more-version/dsp/machines/ChorusTables.h	duplicate of	08_cpp_reference/chorus_plugin/ChorusTables.h	дедуп по sha256
13_quarantine/juce_superseded/3-mnmdsp_reference-more-version/dsp/machines/MnmBBox.h	duplicate of	10_juce_import_ready/01_CORE_VERIFIED/dsp/machines/MnmBBox.h	дедуп по sha256
zzz JUCE dont look this if u want original reference/MNM_JUCE_SORTED ORIGINAL DIST FROM MNM/04_QUARANTINE/bbox_wav_FAKE/model_00.wav	dropped fake	13_quarantine (документировано)	04_QUARANTINE bbox_wav фейк
zzz JUCE dont look this if u want original reference/MNM_JUCE_SORTED ORIGINAL DIST FROM MNM/04_QUARANTINE/bbox_wav_FAKE/model_01.wav	dropped fake	13_quarantine (документировано)	04_QUARANTINE bbox_wav фейк
zzz JUCE dont look this if u want original reference/MNM_JUCE_SORTED ORIGINAL DIST FROM MNM/04_QUARANTINE/bbox_wav_FAKE/model_02.wav	dropped fake	13_quarantine (документировано)	04_QUARANTINE bbox_wav фейк
zzz JUCE dont look this if u want original reference/MNM_JUCE_SORTED ORIGINAL DIST FROM MNM/04_QUARANTINE/bbox_wav_FAKE/model_03.wav	dropped fake	13_quarantine (документировано)	04_QUARANTINE bbox_wav фейк
zzz JUCE dont look this if u want original reference/MNM_JUCE_SORTED ORIGINAL DIST FROM MNM/04_QUARANTINE/bbox_wav_FAKE/model_04.wav	dropped fake	13_quarantine (документировано)	04_QUARANTINE bbox_wav фейк
zzz JUCE dont look this if u want original reference/MNM_JUCE_SORTED ORIGINAL DIST FROM MNM/04_QUARANTINE/bbox_wav_FAKE/model_05.wav	dropped fake	13_quarantine (документировано)	04_QUARANTINE bbox_wav фейк
zzz JUCE dont look this if u want original reference/MNM_JUCE_SORTED ORIGINAL DIST FROM MNM/04_QUARANTINE/bbox_wav_FAKE/model_06.wav	dropped fake	13_quarantine (документировано)	04_QUARANTINE bbox_wav фейк
zzz JUCE dont look this if u want original reference/MNM_JUCE_SORTED ORIGINAL DIST FROM MNM/04_QUARANTINE/bbox_wav_FAKE/model_07.wav	dropped fake	13_quarantine (документировано)	04_QUARANTINE bbox_wav фейк
zzz JUCE dont look this if u want original reference/MNM_JUCE_SORTED ORIGINAL DIST FROM MNM/04_QUARANTINE/bbox_wav_FAKE/model_08.wav	dropped fake	13_quarantine (документировано)	04_QUARANTINE bbox_wav фейк
zzz JUCE dont look this if u want original reference/MNM_JUCE_SORTED ORIGINAL DIST FROM MNM/04_QUARANTINE/bbox_wav_FAKE/model_09.wav	dropped fake	13_quarantine (документировано)	04_QUARANTINE bbox_wav фейк
zzz JUCE dont look this if u want original reference/MNM_JUCE_SORTED ORIGINAL DIST FROM MNM/04_QUARANTINE/bbox_wav_FAKE/model_10.wav	dropped fake	13_quarantine (документировано)	04_QUARANTINE bbox_wav фейк
zzz JUCE dont look this if u want original reference/MNM_JUCE_SORTED ORIGINAL DIST FROM MNM/04_QUARANTINE/bbox_wav_FAKE/model_11.wav	dropped fake	13_quarantine (документировано)	04_QUARANTINE bbox_wav фейк
zzz JUCE dont look this if u want original reference/MNM_JUCE_SORTED ORIGINAL DIST FROM MNM/04_QUARANTINE/bbox_wav_FAKE_duplicate/model_00.wav	dropped fake	13_quarantine (документировано)	04_QUARANTINE bbox_wav фейк
zzz JUCE dont look this if u want original reference/MNM_JUCE_SORTED ORIGINAL DIST FROM MNM/04_QUARANTINE/bbox_wav_FAKE_duplicate/model_01.wav	dropped fake	13_quarantine (документировано)	04_QUARANTINE bbox_wav фейк
zzz JUCE dont look this if u want original reference/MNM_JUCE_SORTED ORIGINAL DIST FROM MNM/04_QUARANTINE/bbox_wav_FAKE_duplicate/model_02.wav	dropped fake	13_quarantine (документировано)	04_QUARANTINE bbox_wav фейк
zzz JUCE dont look this if u want original reference/MNM_JUCE_SORTED ORIGINAL DIST FROM MNM/04_QUARANTINE/bbox_wav_FAKE_duplicate/model_03.wav	dropped fake	13_quarantine (документировано)	04_QUARANTINE bbox_wav фейк
zzz JUCE dont look this if u want original reference/MNM_JUCE_SORTED ORIGINAL DIST FROM MNM/04_QUARANTINE/bbox_wav_FAKE_duplicate/model_04.wav	dropped fake	13_quarantine (документировано)	04_QUARANTINE bbox_wav фейк
zzz JUCE dont look this if u want original reference/MNM_JUCE_SORTED ORIGINAL DIST FROM MNM/04_QUARANTINE/bbox_wav_FAKE_duplicate/model_05.wav	dropped fake	13_quarantine (документировано)	04_QUARANTINE bbox_wav фейк
zzz JUCE dont look this if u want original reference/MNM_JUCE_SORTED ORIGINAL DIST FROM MNM/04_QUARANTINE/bbox_wav_FAKE_duplicate/model_06.wav	dropped fake	13_quarantine (документировано)	04_QUARANTINE bbox_wav фейк
zzz JUCE dont look this if u want original reference/MNM_JUCE_SORTED ORIGINAL DIST FROM MNM/04_QUARANTINE/bbox_wav_FAKE_duplicate/model_07.wav	dropped fake	13_quarantine (документировано)	04_QUARANTINE bbox_wav фейк
zzz JUCE dont look this if u want original reference/MNM_JUCE_SORTED ORIGINAL DIST FROM MNM/04_QUARANTINE/bbox_wav_FAKE_duplicate/model_08.wav	dropped fake	13_quarantine (документировано)	04_QUARANTINE bbox_wav фейк
zzz JUCE dont look this if u want original reference/MNM_JUCE_SORTED ORIGINAL DIST FROM MNM/04_QUARANTINE/bbox_wav_FAKE_duplicate/model_09.wav	dropped fake	13_quarantine (документировано)	04_QUARANTINE bbox_wav фейк
zzz JUCE dont look this if u want original reference/MNM_JUCE_SORTED ORIGINAL DIST FROM MNM/04_QUARANTINE/bbox_wav_FAKE_duplicate/model_10.wav	dropped fake	13_quarantine (документировано)	04_QUARANTINE bbox_wav фейк
zzz JUCE dont look this if u want original reference/MNM_JUCE_SORTED ORIGINAL DIST FROM MNM/04_QUARANTINE/bbox_wav_FAKE_duplicate/model_11.wav	dropped fake	13_quarantine (документировано)	04_QUARANTINE bbox_wav фейк
